Count;InterProID;pubmeds;Name;ShortDescription
26;IPR036390;"doi:10.1016/j.cell.2021.04.011
imex:IM-12079
imex:IM-21659
imex:IM-24272
imex:IM-28767
imex:IM-29278
imex:IM-29994
pubmed:19615732
pubmed:26496610
pubmed:27705803
pubmed:33961781
pubmed:35140242
pubmed:37228199";Winged helix DNA-binding domain superfamily;"<p>Winged helix DNA-binding proteins share a related winged helix-turn-helix DNA-binding motif, where the ""wings"", or loops, are small β-sheets. The winged helix motif consists of two wings (W1, W2), three α-helices (H1, H2, H3) and three β-sheets (S1, S2, S3) arranged in the order H1-S1-H2-H3-S2-W1-S3-W2 [[cite:PUB00013195]]. The DNA-recognition helix makes sequence-specific DNA contacts with the major groove of DNA, while the wings make different DNA contacts, often with the minor groove or the backbone of DNA. Several winged-helix proteins display an exposed patch of hydrophobic residues thought to mediate protein-protein interactions.</p>"
24;IPR036388;"doi:10.1016/j.cell.2021.04.011
imex:IM-12079
imex:IM-21659
imex:IM-24272
imex:IM-28767
imex:IM-29278
pubmed:19615732
pubmed:26496610
pubmed:27705803
pubmed:33961781
pubmed:35140242";Winged helix-like DNA-binding domain superfamily;"<p>Winged helix DNA-binding proteins share a related winged helix-turn-helix DNA-binding motif, where the ""wings"", or loops, are small β-sheets. The winged helix motif consists of two wings (W1, W2), three α-helices (H1, H2, H3) and three β-sheets (S1, S2, S3) arranged in the order H1-S1-H2-H3-S2-W1-S3-W2 [[cite:PUB00013195]]. The DNA-recognition helix makes sequence-specific DNA contacts with the major groove of DNA, while the wings make different DNA contacts, often with the minor groove or the backbone of DNA. Several winged-helix proteins display an exposed patch of hydrophobic residues thought to mediate protein-protein interactions.</p>

<p>Many different proteins with diverse biological functions contain a winged helix DNA-binding domain, including transcriptional repressors such as biotin repressor, LexA repressor and the arginine repressor [[cite:PUB00004803]]; transcription factors such as the hepatocyte nuclear factor-3 proteins involved in cell differentiation, heat-shock transcription factor, and the general transcription factors TFIIE and TFIIF [[cite:PUB00013196], [cite:PUB00013197]]; helicases such as RuvB that promotes branch migration at the Holliday junction, and CDC6 in the pre-replication complex [[cite:PUB00013198], [cite:PUB00013199]]; endonucleases such as FokI and TnsA [[cite:PUB00007438]]; histones; and Mu transposase, where the flexible wing of the enhancer-binding domain is essential for efficient transposition [[cite:PUB00013200]].</p>"
18;IPR027417;"doi:10.1016/j.cell.2021.04.011
imex:IM-21659
imex:IM-24272
imex:IM-26684
imex:IM-29278
imex:IM-29994
pubmed:26496610
pubmed:27705803
pubmed:31046837
pubmed:33961781
pubmed:37228199";P-loop containing nucleoside triphosphate hydrolase;"<p>The P-loop NTPase fold is the most prevalent domain of the several distinct nucleotide-binding protein folds.</p>

<p>The most common reaction catalysed by enzymes of the P-loop NTPase fold is the hydrolysis of the beta-gamma phosphate bond of a bound nucleoside triphosphate (NTP). The energy from NTP hydrolysis is typically utilised to induce conformational changes in other molecules, which constitutes the basis of the biological functions of most P-loop NTPases. P-loop NTPases show substantial substrate preference for either ATP or GTP [[cite:PUB00064266]].</p>"
16;IPR017441;"doi:10.1016/j.cell.2021.04.011
doi:10.1016/j.cell.2022.04.014
imex:IM-22822
imex:IM-24272
imex:IM-26684
imex:IM-29278
imex:IM-29493
pubmed:25260751
pubmed:26496610
pubmed:31046837
pubmed:33961781
pubmed:35512704";Protein kinase, ATP binding site;"<p>Eukaryotic protein kinases [[cite:PUB00015293], [cite:PUB00001530], [cite:PUB00003568], [cite:PUB00003569], [cite:PUB00005115]] are enzymes that belong to a very extensive family of proteins which share a conserved catalytic core common with both serine/threonine and tyrosine protein kinases. There are a number of conserved regions in the catalytic domain of protein kinases.</p>
<p>This entry represents a conserved site, which is located in the N-terminal extremity of the catalytic domain, where there is a glycine-rich stretch of residues in the vicinity of a lysine residue. It is this lysine residue that has been shown to be involved in ATP binding.</p>; <p>Protein phosphorylation, which plays a key role in most cellular activities, is a reversible process mediated by protein kinases and phosphoprotein phosphatases. Protein kinases catalyse the transfer of the gamma phosphate from nucleotide triphosphates (often ATP) to one or more amino acid residues in a protein substrate side chain, resulting in a conformational change affecting protein function. Phosphoprotein phosphatases catalyse the reverse process. 
Protein kinases fall into three broad classes, characterised with respect to substrate specificity [[cite:PUB00005115]]:</p>

<ul>
<li>Serine/threonine-protein kinases</li>
<li>Tyrosine-protein kinases</li>
<li>Dual specificity protein kinases (e.g. MEK -phosphorylates both Thr and Tyr on target proteins)</li>
</ul>

<p>Protein kinase function is evolutionarily conserved from Escherichia coli to human [[cite:PUB00020114]]. Protein kinases play a role in a multitude of cellular processes, including division, proliferation, apoptosis, and differentiation [[cite:PUB00015362]]. Phosphorylation usually results in a functional change of the target protein by changing enzyme activity, cellular location, or association with other proteins. The catalytic subunits of protein kinases are highly conserved, and several structures have been solved [[cite:PUB00034898]], leading to large screens to develop kinase-specific inhibitors for the treatments of a number of diseases [[cite:PUB00034899]].</p>"
16;IPR011009;"doi:10.1016/j.cell.2021.04.011
doi:10.1016/j.cell.2022.04.014
imex:IM-22822
imex:IM-24272
imex:IM-26684
imex:IM-29278
imex:IM-29493
pubmed:25260751
pubmed:26496610
pubmed:31046837
pubmed:33961781
pubmed:35512704";Protein kinase-like domain superfamily;"<p>This entry represents the protein kinase domain superfamily containing the catalytic function of protein kinases. This domain is found in serine/threonine-protein kinases, tyrosine-protein kinases and dual-specificity protein kinases. Protein kinases ([interpro:IPR000719]) modify other proteins by chemically adding phosphate groups to them. This process is fundamental to most signalling and regulatory processes in the eukaryotic cell [[cite:PUB00014025]].</p>; <p>Eukaryotic protein kinases [[cite:PUB00003569], [cite:PUB00005115], [cite:PUB00015293], [cite:PUB00001530], [cite:PUB00003568]] are enzymes that belong to a very extensive family of proteins which share a conserved catalytic core common with both serine/threonine and tyrosine protein kinases. There are a number of conserved regions in the catalytic domain of protein kinases. In the N-terminal extremity of the catalytic domain there is a glycine-rich stretch of residues in the vicinity of a lysine residue, which has been shown to be involved in ATP binding. In the central part of the catalytic domain there is a conserved aspartic acid residue which is important for the catalytic activity of the enzyme [[cite:PUB00005145]].</p>; <p>Protein phosphorylation, which plays a key role in most cellular activities, is a reversible process mediated by protein kinases and phosphoprotein phosphatases. Protein kinases catalyse the transfer of the gamma phosphate from nucleotide triphosphates (often ATP) to one or more amino acid residues in a protein substrate side chain, resulting in a conformational change affecting protein function. Phosphoprotein phosphatases catalyse the reverse process. 
Protein kinases fall into three broad classes, characterised with respect to substrate specificity [[cite:PUB00005115]]:</p>

<ul>
<li>Serine/threonine-protein kinases</li>
<li>Tyrosine-protein kinases</li>
<li>Dual specificity protein kinases (e.g. MEK -phosphorylates both Thr and Tyr on target proteins)</li>
</ul>

<p>Protein kinase function is evolutionarily conserved from Escherichia coli to human [[cite:PUB00020114]]. Protein kinases play a role in a multitude of cellular processes, including division, proliferation, apoptosis, and differentiation [[cite:PUB00015362]]. Phosphorylation usually results in a functional change of the target protein by changing enzyme activity, cellular location, or association with other proteins. The catalytic subunits of protein kinases are highly conserved, and several structures have been solved [[cite:PUB00034898]], leading to large screens to develop kinase-specific inhibitors for the treatments of a number of diseases [[cite:PUB00034899]].</p>"
16;IPR000719;"doi:10.1016/j.cell.2021.04.011
doi:10.1016/j.cell.2022.04.014
imex:IM-22822
imex:IM-24272
imex:IM-26684
imex:IM-29278
imex:IM-29493
pubmed:25260751
pubmed:26496610
pubmed:31046837
pubmed:33961781
pubmed:35512704";Protein kinase domain;"<p>This entry represents the protein kinase domain containing the catalytic function of protein kinases [[cite:PUB00003569]]. This domain is found in serine/threonine-protein kinases, tyrosine-protein kinases and dual specificity protein kinases.</p>; <p>Eukaryotic protein kinases [[cite:PUB00003569], [cite:PUB00005115], [cite:PUB00015293], [cite:PUB00001530], [cite:PUB00003568]] are enzymes that belong to a very extensive family of proteins which share a conserved catalytic core common with both serine/threonine and tyrosine protein kinases. There are a number of conserved regions in the catalytic domain of protein kinases. In the N-terminal extremity of the catalytic domain there is a glycine-rich stretch of residues in the vicinity of a lysine residue, which has been shown to be involved in ATP binding. In the central part of the catalytic domain there is a conserved aspartic acid residue which is important for the catalytic activity of the enzyme [[cite:PUB00005145]].</p>; <p>Protein phosphorylation, which plays a key role in most cellular activities, is a reversible process mediated by protein kinases and phosphoprotein phosphatases. Protein kinases catalyse the transfer of the gamma phosphate from nucleotide triphosphates (often ATP) to one or more amino acid residues in a protein substrate side chain, resulting in a conformational change affecting protein function. Phosphoprotein phosphatases catalyse the reverse process. 
Protein kinases fall into three broad classes, characterised with respect to substrate specificity [[cite:PUB00005115]]:</p>

<ul>
<li>Serine/threonine-protein kinases</li>
<li>Tyrosine-protein kinases</li>
<li>Dual specificity protein kinases (e.g. MEK -phosphorylates both Thr and Tyr on target proteins)</li>
</ul>

<p>Protein kinase function is evolutionarily conserved from Escherichia coli to human [[cite:PUB00020114]]. Protein kinases play a role in a multitude of cellular processes, including division, proliferation, apoptosis, and differentiation [[cite:PUB00015362]]. Phosphorylation usually results in a functional change of the target protein by changing enzyme activity, cellular location, or association with other proteins. The catalytic subunits of protein kinases are highly conserved, and several structures have been solved [[cite:PUB00034898]], leading to large screens to develop kinase-specific inhibitors for the treatments of a number of diseases [[cite:PUB00034899]].</p>"
16;IPR009057;"doi:10.1016/j.cell.2021.04.011
imex:IM-12079
imex:IM-21659
imex:IM-24272
imex:IM-24279
imex:IM-28767
imex:IM-29278
pubmed:19615732
pubmed:26028330
pubmed:26496610
pubmed:27705803
pubmed:33961781
pubmed:35140242";Homeodomain-like superfamily;"<p>Homeodomain (HD)-containing proteins are transcription factors that share a related DNA binding domain [[cite:PUB00013192]]. HD was first identified in a number of Drosophila homeotic and segmentation proteins, but is now known to be well conserved in organisms from all domains in life. The domain binds DNA through a helix-turn-helix (HTH) structure. The HTH motif is characterised by two α-helices, which make intimate contacts with the DNA and are joined by a short turn. The second helix binds to DNA via a number of hydrogen bonds and hydrophobic interactions, which occur between specific side chains and the exposed bases and thymine methyl groups within the major groove of the DNA. The first helix helps to stabilise the structure. Many proteins contain homeodomains, including Drosophila Engrailed, yeast mating type proteins, hepatocyte nuclear factor 1a and HOX proteins.</p>

<p>The homeodomain motif is very similar in sequence and structure to domains in a wide range of DNA-binding proteins, including recombinases, Myb proteins, GARP response regulators, human telomeric proteins (hTRF1), paired domain proteins (PAX), yeast RAP1, centromere-binding proteins CENP-B and ABP-1, transcriptional regulators (TyrR), AraC-type transcriptional activators, and tetracycline repressor-like proteins (TetR, QacR, YcdC) [[cite:PUB00013193], [cite:PUB00013194], [cite:PUB00003347]].</p>"
14;IPR008271;"doi:10.1016/j.cell.2021.04.011
doi:10.1016/j.cell.2022.04.014
imex:IM-22822
imex:IM-24272
imex:IM-26684
imex:IM-29278
imex:IM-29493
pubmed:25260751
pubmed:26496610
pubmed:31046837
pubmed:33961781
pubmed:35512704";Serine/threonine-protein kinase, active site;"<p>Eukaryotic protein kinases [[cite:PUB00001530], [cite:PUB00003568], [cite:PUB00003569], [cite:PUB00005115]] are enzymes that belong to a very extensive family of proteins which share a conserved catalytic core common with both serine/threonine and tyrosine protein kinases. There are a number of conserved regions in the catalytic domain of protein kinases. In the N-terminal extremity of the catalytic domain there is a glycine-rich stretch of residues in the vicinity of a lysine residue, which has been shown to be involved in ATP binding. In the central part of the catalytic domain there is a conserved aspartic acid residue, which is important for the catalytic activity of the enzyme [[cite:PUB00005145]].</p>

<p>This entry represents a conserved region that surrounds the active site aspartate residue and it is more specific for serine/threonine protein kinases. It also matches several dual-specificity protein kinases and members of WEE kinase family that are bona fide tyrosine protein kinases.</p>; <p>Protein phosphorylation, which plays a key role in most cellular activities, is a reversible process mediated by protein kinases and phosphoprotein phosphatases. Protein kinases catalyse the transfer of the gamma phosphate from nucleotide triphosphates (often ATP) to one or more amino acid residues in a protein substrate side chain, resulting in a conformational change affecting protein function. Phosphoprotein phosphatases catalyse the reverse process. 
Protein kinases fall into three broad classes, characterised with respect to substrate specificity [[cite:PUB00005115]]:</p>

<ul>
<li>Serine/threonine-protein kinases</li>
<li>Tyrosine-protein kinases</li>
<li>Dual specificity protein kinases (e.g. MEK -phosphorylates both Thr and Tyr on target proteins)</li>
</ul>

<p>Protein kinase function is evolutionarily conserved from Escherichia coli to human [[cite:PUB00020114]]. Protein kinases play a role in a multitude of cellular processes, including division, proliferation, apoptosis, and differentiation [[cite:PUB00015362]]. Phosphorylation usually results in a functional change of the target protein by changing enzyme activity, cellular location, or association with other proteins. The catalytic subunits of protein kinases are highly conserved, and several structures have been solved [[cite:PUB00034898]], leading to large screens to develop kinase-specific inhibitors for the treatments of a number of diseases [[cite:PUB00034899]].</p>"
12;IPR011990;"doi:10.1016/j.cell.2021.04.011
imex:IM-12079
imex:IM-21659
imex:IM-29278
imex:IM-29994
pubmed:19615732
pubmed:27705803
pubmed:33961781
pubmed:37228199";Tetratricopeptide-like helical domain superfamily;"<p>This superfamily represents a domain with a multi-helical fold comprised of two curved layers of α-helices arranged in a regular right-handed superhelix, where the repeats that make up this structure are arranged about a common axis [[cite:PUB00015442]]. These superhelical structures present an extensive solvent-accessible surface that is well suited to binding large substrates such as proteins and nucleic acids. The TPR is likely to be an ancient repeat, since it is found in eukaryotes, bacteria and archaea, whereas the PPR repeat is found predominantly in higher plants. The superhelix formed from these repeats can bind ligands at a number of different regions and has the ability to acquire multiple functional roles [[cite:PUB00015443]].</p>; <p>The tetratricopeptide repeat region (TPR) is a structural motif present in a wide range of proteins [[cite:PUB00005443], [cite:PUB00001313], [cite:PUB00005695]]. It mediates protein-protein interactions and the assembly of multiprotein complexes [[cite:PUB00014195]]. The TPR motif consists of 3-16 tandem repeats of 34 amino acid residues, although individual TPR motifs can be dispersed in the protein sequence. Sequence alignment of the TPR domains reveals a consensus sequence defined by a pattern of small and large amino acids. TPR motifs have been identified in various different organisms, ranging from bacteria to humans. Proteins containing TPRs are involved in a variety of biological processes, such as cell cycle regulation, transcriptional control, mitochondrial and peroxisomal protein transport, neurogenesis and protein folding.</p>

<p>The X-ray structure of a domain containing three TPRs from protein phosphatase 5 revealed that TPR adopts a helix-turn-helix arrangement, with adjacent TPR motifs packing in a parallel fashion, resulting in a spiral of repeating anti-parallel α-helices [[cite:PUB00014195]]. The two helices are denoted helix A and helix B. The packing angle between helix A and helix B is ~24 degrees within a single TPR and generates a right-handed superhelical shape. Helix A interacts with helix B and with helix A' of the next TPR. Two protein surfaces are generated: the inner concave surface is contributed to mainly by residues on helices A, and the other surface presents residues from both helices A and B.</p>"
12;IPR011989;"imex:IM-12079
imex:IM-21659
imex:IM-22822
imex:IM-24272
imex:IM-26684
pubmed:19615732
pubmed:25260751
pubmed:26496610
pubmed:27705803
pubmed:31046837";Armadillo-like helical;<p>This superfamily represents a domain consisting of a multi-helical fold comprising two curved layers of α-helices arranged in a regular right-handed superhelix, where the repeats that make up this structure are arranged about a common axis [[cite:PUB00015442]]. These superhelical structures present an extensive solvent-accessible surface that is well suited to binding large substrates such as proteins and nucleic acids. This topology has been found with a number of repeats and domains, including the armadillo repeat (found in beta-catenins and importins), the HEAT repeat (found in protein phosphatase 2a and initiation factor eIF4G), the PHAT domain (found in Smaug RNA-binding protein), the leucine-rich repeat variant, the Pumilo repeat, and in the H regulatory subunit of V-type ATPases. The sequence similarity among these different repeats or domains is low, however they exhibit considerable structural similarity. Furthermore, the number of repeats present in the superhelical structure can vary between orthologues, indicating that rapid loss/gain of repeats has occurred frequently in evolution. A common phylogenetic origin has been proposed for the armadillo and HEAT repeats [[cite:PUB00015443]].</p>
12;IPR016024;"imex:IM-12079
imex:IM-21659
imex:IM-22822
imex:IM-24272
imex:IM-26684
pubmed:19615732
pubmed:25260751
pubmed:26496610
pubmed:27705803
pubmed:31046837";Armadillo-type fold;"<p>This entry represents a structural domain with an armadillo (ARM)-like fold, consisting of a multi-helical fold comprised of two curved layers of α-helices arranged in a regular right-handed superhelix, where the repeats that make up this structure are arranged about a common axis [[cite:PUB00015442]]. These superhelical structures present an extensive solvent-accessible surface that is well suited to binding large substrates such as proteins and nucleic acids.</p>

<p>The sequence similarity among these different repeats or domains is low, however they exhibit considerable structural similarity. Furthermore, the number of repeats present in the superhelical structure can vary between orthologues, indicating that rapid loss/gain of repeats has occurred frequently in evolution. A common phylogenetic origin has been proposed for the armadillo and HEAT repeats [[cite:PUB00015443]].</p>"
12;IPR046328;"imex:IM-28767
pubmed:35140242";ETS family;"<p>This entry represents ETS family of transcription factors, including ETS translocation variant 1-5 (ETV1-5) and related proteins from animals. Most members of this protein family contain an ETS (erythroblast transformation specific) domain and belong to the winged helix DNA-binding domain superfamily.</p>

<p>ETV1-5 are overexpressed in multiple cancers [[cite:PUB00099487], [cite:PUB00099491], [cite:PUB00099488]]. ETV1 is critical for fast conduction physiology in the heart [[cite:PUB00099489]]. ETV3 is a transcriptional repressor that contribute to growth arrest during terminal macrophage differentiation by repressing target genes involved in Ras-dependent proliferation [[cite:PUB00077194]]. ETV4 is a transcriptional activator that may play a role in keratinocyte differentiation [[cite:PUB00099490], [cite:PUB00099486]].</p>"
12;IPR000418;"imex:IM-28767
pubmed:35140242";Ets domain;"<p>Transcription factors are protein molecules that bind to specific DNA sequences in the genome, resulting in the induction or inhibition of gene transcription [[cite:PUB00001899]]. The ets oncogene is such a factor, possessing a region of 85-90 amino acids known as the ETS (erythroblast transformation specific) domain [[cite:PUB00001899], [cite:PUB00001895], [cite:PUB00014976]]. This domain is rich in positively-charged and aromatic residues, and binds to purine-rich segments of DNA. The ETS domain has been identified in other transcription factors such as PU.1, human erg, human elf-1, human elk-1, GA binding protein, and a number of others [[cite:PUB00001899], [cite:PUB00001895], [cite:PUB00001436]]. It is generally localized at the C terminus of the protein, with the exception of ELF-1, ELK-1, ELK-3, ELK-4 and ERF where it is found at the N terminus.</p>

<p>NMR-analysis of the structure of the Ets domains revealed that it contains three α-helices (1-3) and four-stranded β-sheets (1-4) arranged in the order α1-β1-β2-α2-α3-β3-β4 forming a winged helix-turn-helix (wHTH) topology [[cite:PUB00010609]]. The third α-helix is responsive to contact to the major groove of the DNA. Different members of the Ets family proteins display distinct DNA binding specificities. The Ets domains and the flanking amino acid sequences of the proteins influence the binding affinity, and the alteration of a single amino acid in the Ets domain can change its DNA binding specificities.</p>"
10;IPR001356;"imex:IM-24272
imex:IM-28767
pubmed:26496610
pubmed:35140242";Homeodomain;<p>This entry represents the homeodomain (HD), a protein domain of approximately 60 residues that usually binds DNA. It is encoded by the homeobox sequence [[cite:PUB00126359], [cite:PUB00075496], [cite:PUB00153777]], which was first identified in a number of Drosophila homeotic and segmentation proteins, but is now known to be well-conserved in many other animals, including vertebrates [[cite:PUB00000591], [cite:PUB00005390]], as well as plants [[cite:PUB00153787]], fungi [[cite:PUB00071003]] and some species of lower eukaryotes. Many members of this group are transcriptional regulators, some of which operate differential genetic programs along the anterior-posterior axis of animal bodies [[cite:PUB00010002]]. This domain folds into a globular structure with three α-helices connected by two short loops that harbour a hydrophobic core. The second and third form a helix-turn-helix (HTH) motif, which make intimate contacts with the DNA: while the first helix of this motif helps to stabilise the structure, the second helix binds to DNA via a number of hydrogen bonds and hydrophobic interactions, which occur between specific side chains and the exposed bases and thymine methyl groups within the major groove of the DNA. One particularity of the HTH motif in some of these proteins arises from the stereo-chemical requirement for glycine in the turn which is needed to avoid steric interference of the β-carbon with the main chain: for cro and repressor proteins the glycine appears to be mandatory, while for many of the homeotic and other DNA-binding proteins the requirement is relaxed.</p>
10;IPR050221;"imex:IM-21659
imex:IM-29994
pubmed:27705803
pubmed:37228199";26S Proteasome Regulatory ATPase;<p>This family of proteins is involved in the ATP-dependent degradation of ubiquitinated proteins. Members function as regulatory subunits within the 26S proteasome complex, which plays a crucial role in maintaining cellular protein homeostasis. They participate in unfolding ubiquitinated target proteins that are then translocated into a proteolytic chamber for degradation into peptides. This process is essential for the removal of misfolded or damaged proteins and for regulating the levels of proteins involved in various cellular processes, including cell cycle progression, apoptosis, and DNA damage repair. Some family members are also implicated in the recognition, binding, and translocation of substrate proteins into the archaeal 20S proteasome core particle, essential for proteolytic gate opening.</p>
10;IPR003959;"imex:IM-21659
imex:IM-29994
pubmed:27705803
pubmed:37228199";ATPase, AAA-type, core;"<p>AAA ATPases (ATPases Associated with diverse cellular Activities) form a large protein family and play a number of roles in the cell including cell-cycle regulation, protein proteolysis and disaggregation, organelle biogenesis and intracellular transport. Some of them function as molecular chaperones, subunits of proteolytic complexes or independent proteases (FtsH, Lon). They also act as DNA helicases and transcription factors [[cite:PUB00043605]].</p>

<p>AAA ATPases belong to the AAA+ superfamily of ringshaped P-loop NTPases, which act via the energy-dependent unfolding of macromolecules [[cite:PUB00014779], [cite:PUB00043606]]. There are six major clades of AAA domains (proteasome subunits, metalloproteases, domains D1 and D2 of ATPases with two AAA domains, the MSP1/katanin/spastin group and BCS1 and it homologues), as well as a number of deeply branching minor clades [[cite:PUB00014779]].</p>

<p>They assemble into oligomeric assemblies (often hexamers) that form a ring-shaped structure with a central pore. These proteins produce a molecular motor that couples ATP binding and hydrolysis to changes in conformational states that act upon a target substrate, either translocating or remodelling it [[cite:PUB00033933]].</p>


<p>They are found in all living organisms and share the common feature of the presence of a highly conserved AAA domain called the AAA module. This domain is responsible for ATP binding and hydrolysis. It contains 200-250 residues, among them there are two classical motifs, Walker A (GX4GKT) and Walker B (HyDE) [[cite:PUB00043605]].</p>; <p>The functional variety seen between AAA ATPases is in part due to their extensive number of accessory domains and factors, and to their variable organisation within oligomeric assemblies, in addition to changes in key functional residues within the ATPase domain itself.</p>"
10;IPR012340;"imex:IM-21659
imex:IM-29994
pubmed:27705803
pubmed:37228199";Nucleic acid-binding, OB-fold;"<p>A five-stranded β-barrel was first noted as a common structure among four proteins binding single-stranded nucleic acids (staphylococcal nuclease and aspartyl-tRNA synthetase) or oligosaccharides (B subunits of enterotoxin and verotoxin-1), and has been termed the oligonucleotide/oligosaccharide binding motif, or OB fold, a five-stranded β-sheet coiled to form a closed β-barrel capped by an α helix located between the third and fourth strands [[cite:PUB00016307]]. Two ribosomal proteins, S17 and S1, are members of this class and have different variations of the OB fold theme. Comparisons with other OB fold nucleic acid binding proteins suggest somewhat different mechanisms of nucleic acid recognition in each case [[cite:PUB00011768]].</p>

<p>There are many nucleic acid-binding proteins that contain domains with this OB-fold structure, including:</p>

<ul><li>Large ribosomal subunit protein uL2</li>
  <li>Small ribosomal subunit protein uS12</li>
  <li>DNA ligase</li>
  <li>Polyribonucleotide nucleotidyltransferase</li>
  <li>Phage ssDNA-binding proteins (gp32, gp2.5, gpV)</li>
  <li>Holliday junction branch migration complex subunit RuvA</li>
  <li>Elongation factor P</li></ul>"
10;IPR041569;"imex:IM-21659
imex:IM-29994
pubmed:27705803
pubmed:37228199";AAA ATPase, AAA+ lid domain;<p>This entry represents the α-helical AAA+ lid domain that is found to the C terminus of AAA domains.</p>
10;IPR003960;"imex:IM-21659
imex:IM-29994
pubmed:27705803
pubmed:37228199";ATPase, AAA-type, conserved site;"<p>The functional variety seen between AAA ATPases is in part due to their extensive number of accessory domains and factors, and to their variable organisation within oligomeric assemblies, in addition to changes in key functional residues within the ATPase domain itself.</p>
<p>This entry covers a highly conserved region in the central part of the ATPase domain that is distinct from motifs A and B.</p>; <p>AAA ATPases (ATPases Associated with diverse cellular Activities) form a large protein family and play a number of roles in the cell including cell-cycle regulation, protein proteolysis and disaggregation, organelle biogenesis and intracellular transport. Some of them function as molecular chaperones, subunits of proteolytic complexes or independent proteases (FtsH, Lon). They also act as DNA helicases and transcription factors [[cite:PUB00043605]].</p>

<p>AAA ATPases belong to the AAA+ superfamily of ringshaped P-loop NTPases, which act via the energy-dependent unfolding of macromolecules [[cite:PUB00014779], [cite:PUB00043606]]. There are six major clades of AAA domains (proteasome subunits, metalloproteases, domains D1 and D2 of ATPases with two AAA domains, the MSP1/katanin/spastin group and BCS1 and it homologues), as well as a number of deeply branching minor clades [[cite:PUB00014779]].</p>

<p>They assemble into oligomeric assemblies (often hexamers) that form a ring-shaped structure with a central pore. These proteins produce a molecular motor that couples ATP binding and hydrolysis to changes in conformational states that act upon a target substrate, either translocating or remodelling it [[cite:PUB00033933]].</p>


<p>They are found in all living organisms and share the common feature of the presence of a highly conserved AAA domain called the AAA module. This domain is responsible for ATP binding and hydrolysis. It contains 200-250 residues, among them there are two classical motifs, Walker A (GX4GKT) and Walker B (HyDE) [[cite:PUB00043605]].</p>"
10;IPR003593;"imex:IM-21659
imex:IM-29994
pubmed:27705803
pubmed:37228199";AAA+ ATPase domain;"<p>This entry represents the AAA+ ATPase domain found in a range of proteins, including Holliday junction ATP-dependent DNA helicase RuvB from Mycobacterium sp, ATP synthases, and related ATP-dependent proteins.</p>; <p>The proteins in this superfamily are characterised by the structural conservation of a central ATPase domain of about 250 amino acids called the AAA  module. Typically, the AAA  domain can be divided into two structural subdomains, an N-terminal P-loop NTPase α-β-α subdomain that is connected to a smaller C-terminal all-α subdomain. The α-β-α subdomain adopts a Rossman fold and contains several motifs involved in ATP binding and hydrolysis, including classical motifs Walker A and Walker B [[cite:PUB00057226], [cite:PUB00057227]]. The all-α subdomain [[cite:PUB00005841]], is much less conserved across AAA  proteins.</p>; <p>The AAA+ superfamily of ATPases is found in all kingdoms of living organisms where they participate in diverse cellular processes including membrane fusion, proteolysis and DNA replication. Although the terms AAA+ and AAA are often used loosely and interchangeably, the classical AAA family members are distinguished by their possession of the SRH region in the AAA module. Many AAA+ proteins are involved in similar processes to those of AAA proteins (facilitation of protein folding and unfolding, assembly or disassembly of proteins complexes, protein transport and degradation), but others function in replication, recombination, repair and transcription. For a review see [[cite:PUB00057226]].</p>"
10;IPR008984;"doi:10.1016/j.cell.2021.04.011
doi:10.1016/j.cell.2022.04.014
imex:IM-12079
imex:IM-21659
imex:IM-24272
imex:IM-29278
imex:IM-29493
imex:IM-30059
pubmed:19615732
pubmed:26496610
pubmed:27705803
pubmed:33961781
pubmed:35512704
pubmed:39251607";SMAD/FHA domain superfamily;"<p>FHA and SMAD (MH2) domains share a common structure consisting of a sandwich of eleven β-strands in two sheets with Greek key topology. Forkhead-associated (FHA) domains were originally identified as a sequence profile of about 75 amino acids, whereas the full-length domain is closer to about 150 amino acids. FHA domains are found in transcription factors, kinesin motors, and in a variety of other signalling molecules in organisms ranging from eubacteria to humans. FHA domains are protein-protein interaction domains that are specific for phosphoproteins. FHA-containing proteins function in maintaining cell-cycle checkpoints, DNA repair and transcriptional regulation. FHA domain proteins include the Chk2/Rad53/Cds1 family of proteins that contain one or more FHA domains, as well as a Ser/Thr kinase domain [[cite:PUB00010677], [cite:PUB00010678], [cite:PUB00010679]].</p>

<p>SMAD (Mothers against decapentaplegic (MAD) homologue) domain proteins are found in a range of species from nematodes to humans. These highly conserved proteins contain an N-terminal MH1 domain that contacts DNA, and is separated by a short linker region from the C-terminal MH2 domain, the later showing a striking similarity to FHA domains. SMAD proteins mediate signalling by the TGF-beta/activin/BMP-2/4 cytokines from receptor Ser/Thr protein kinases at the cell surface to the nucleus. SMAD proteins fall into three functional classes: the receptor-regulated SMADs (R-SMADs), including SMAD1, -2, -3, -5, and -8, each of which is involved in a ligand-specific signalling pathway [[cite:PUB00010680]]; the comediator SMADs (co-SMADs), including SMAD4, which interact with R-SMADs to participate in signalling [[cite:PUB00010681]]; and the inhibitory SMADs (I-SMADs), including SMAD6 and -7, which block the activation of R-SMADs and Co-SMADs, thereby negatively regulating signalling pathways [[cite:PUB00010682]].</p>

<p>Domains with this fold are also found as the transactivation domain of interferon regulatory factor 3 (IRF3), which has a weak homology to SMAD domains [[cite:PUB00030421]], and the N-terminal domain of EssC protein in Staphylococcus aureus.</p>"
8;IPR000717;"imex:IM-21659
imex:IM-29994
pubmed:27705803
pubmed:37228199";Proteasome component (PCI) domain;"<p>The PCI (for Proteasome, COP9, Initiation factor 3) domain (sometimes also referred to as the PINT domain, for Proteasome subunits, Int-6, Nip-1, and Trip-15) is present in six different subunits of 26 proteasome lid, COP9 signalosome (CSN) and eukaryotic translation initiation factor-3 (eIF3) complexes, as well as in subunits of certain other multiprotein complexes. The PCI domain mediates and stabilizes protein-protein interactions within the complexes. The role of the PCI domains is most likely that of a scaffold for the other complex subunits and other binding partners. The PCI domain could play a role as a universal binding domain supporting intra-complex interactions as well as recruitments of additional ligands [[cite:PUB00005480], [cite:PUB00005051], [cite:PUB00088687], [cite:PUB00077378], [cite:PUB00030855], [cite:PUB00051002]].</p>

<p>PCI is an ~190-amino acid domain, not well conserved in its primary sequence, usually located near the C terminus of the protein. It does not contain any invariant residues or any conserved pattern of charged residues that would suggest a catalytic activity. The PCI domain is comprised of two subdomains that are intimately connected, an N-terminal helical bundle (HB) subdomain and a C-terminal globular winged helix (WH) subdomain. The C- terminal half of the PCI domain is much better conserved than the N-terminal half [[cite:PUB00077378], [cite:PUB00030855], [cite:PUB00051002]].</p>"
8;IPR032501;"imex:IM-21659
imex:IM-29994
pubmed:27705803
pubmed:37228199";Proteasomal ATPase, second OB domain;<p>This is the interdomain (ID) or second oligonucleotide binding (OB) domain of proteasomal ATPase [[cite:PUB00076399], [cite:PUB00055264]].</p>
6;IPR029071;"doi:10.1016/j.cell.2022.04.014
imex:IM-24272
imex:IM-29493
imex:IM-29553
pubmed:26496610
pubmed:35512704
pubmed:36581701";Ubiquitin-like domain superfamily;<p>Ubiquitin (Ub) and Ub-like proteins are typified by a β-grasp fold. Ub-like proteins (Ubl) such as Nedd8 [[cite:PUB00069793]] and SUMO [[cite:PUB00053766]] are also covalently linked to target polypeptides, just as Ub itself. This fold is also found in Ub-related domains, such as the UBX domain [[cite:PUB00018088]] and Ras-binding domain (RBD) [[cite:PUB00018368]].</p>
6;IPR015915;"doi:10.1016/j.cell.2021.04.011
imex:IM-11719
imex:IM-12079
imex:IM-21659
imex:IM-24272
imex:IM-29278
pubmed:19615732
pubmed:20360068
pubmed:26496610
pubmed:27705803
pubmed:33961781";Kelch-type beta-propeller;"<p>This entry represents the 6-bladed Kelch β-propeller, which consists of six 4-stranded β-sheet motifs (or six Kelch repeats).</p>; <p>Kelch is a 50-residue motif, named after the Drosophila mutant in which it was first identified [[cite:PUB00000885]]. This sequence motif represents one β-sheet blade, and several of these repeats can associate to form a β-propeller. For instance, the motif appears 6 times in Drosophila egg-chamber regulatory protein (also known as ring canal kelch protein), creating a 6-bladed β-propeller. The motif is also found in mouse protein MIPP [[cite:PUB00000885]] and in a number of poxviruses. In addition, kelch repeats have been recognised in alpha-and beta-scruin [[cite:PUB00003094], [cite:PUB00003079]], and in galactose oxidase from the fungus Dactylium dendroides [[cite:PUB00003318], [cite:PUB00004093]]. The structure of galactose oxidase reveals that the repeated sequence corresponds to a 4-stranded antiparallel β-sheet motif that forms the repeat unit in a super-barrel structural fold [[cite:PUB00003324]].</p>

<p>The known functions of kelch-containing proteins are diverse: scruin is an actin cross-linking protein; galactose oxidase catalyses the oxidation of the hydroxyl group at the C6 position in D-galactose; and kelch may have a cytoskeletal function, as it is localised to the actin-rich ring canals that connect the 15 nurse cells to the developing oocyte in Drosophila [[cite:PUB00003094]]. Nevertheless, based on the location of the kelch pattern in the catalytic unit in galactose oxidase, functionally important residues have been predicted in glyoxal oxidase [[cite:PUB00003318]].</p>"
6;IPR003961;"doi:10.1016/j.cell.2021.04.011
imex:IM-11719
imex:IM-12079
imex:IM-21659
imex:IM-24272
imex:IM-29278
pubmed:19615732
pubmed:20360068
pubmed:26496610
pubmed:27705803
pubmed:33961781";Fibronectin type III;"<p>Fibronectin is a dimeric glycoprotein composed of disulfide-linked subunits
with a molecular weight of 220-250kDa each. It is involved in cell adhesion,
cell morphology, thrombosis, cell migration, and embryonic differentiation. Fibronectin is a modular protein composed of homologous repeats of three
prototypical types of domains known as types I, II, and III [[cite:PUB00072954]].</p>

<p>Fibronectin type-III (FN3) repeats are both the largest and the most common of the fibronectin subdomains. Domains homologous to FN3 repeats have been found
in various animal protein families including other extracellular-matrix
molecules, cell-surface receptors, enzymes, and muscle proteins [[cite:PUB00018327]]. Structures of individual FN3 domains have revealed a conserved β-sandwich fold with one β-sheet containing four strands and the other sheet containing three strands (see for example [pdbe:1TEN]) [[cite:PUB00018328]]. This fold is topologically very similar to that of Ig-like domains, with a notable difference being the lack of a conserved disulfide bond in FN3 domains. Distinctive hydrophobic core packing and the lack of detectable
sequence homology between immunoglobulin and FN3 domains suggest, however,
that these domains are not evolutionarily related [[cite:PUB00018328]].</p>

<p>FN3 exhibits functional as well as structural modularity. Sites of interaction with other molecules have been mapped to short stretch of amino acids such as the Arg-Gly-Asp (RGD) sequence found in various FN3 domains. The RGD sequences is involved in interactions with integrin. Small peptides containing the RGD sequence can modulate a variety of cell adhesion invents associated with thrombosis, inflammation, and tumour metastasis. These properties have led to the investigation of RGD peptides and RGD peptide analogues as potential therapeutic agents [[cite:PUB00018329]].</p>"
6;IPR043536;"doi:10.1016/j.cell.2021.04.011
imex:IM-11719
imex:IM-12079
imex:IM-21659
imex:IM-24272
imex:IM-29278
pubmed:19615732
pubmed:20360068
pubmed:26496610
pubmed:27705803
pubmed:33961781";Host cell factor;"<p>Host cell factor 1 (HCF1) and Host cell factor 2 (HCF2) contain an N-terminal kelch domain [interpro:IPR059124] and a C-terminal FnIII domain [interpro:IPR003961]. However, HCF2 is smaller than HCF-1, lacking the complete central region including the HCF1 specific repeats and as a result is not subject to proteolytic processing [[cite:PUB00094183]]. dHCF from Drosophila is involved in both activation and repression of transcription during fly development [[cite:PUB00088156]]. Host cell factor homologue hcf-1 from C. elegans controls the cell cycle through mitotic histone phosphorylation modulation and negatively regulates responses to environmental stresses [[cite:PUB00100195]].</p>; <p>HCF1 is associated with the activation and repression of gene expression. It is brought to specific promoters by association with DNA-sequence-specific transcription factors such as Sp1, GABP, YY1, Ronin/THAP11, and E2F1 and E2F4 [[cite:PUB00088156]]. HCFC1 recruits and is a part of several different complexes, including the SET1 histone methyltransferase complex (transcription activation), the SIN3 histone deacetylase complex (transcription repression) [[cite:PUB00033478]], the THAP1/THAP3-HCFC1-OGT complex (required for the regulation of the transcriptional activity of RRM1) [[cite:PUB00060556]], and the NSL complex (acetylation of nucleosomal histone H4) [[cite:PUB00060167]].</p>

<p>HCF2 is involved in activation of differentiation and morphogenesis gene expression programs, and in parallel in inhibition of cellular growth and metabolism [[cite:PUB00094184]].</p>"
6;IPR036116;"doi:10.1016/j.cell.2021.04.011
imex:IM-11719
imex:IM-12079
imex:IM-21659
imex:IM-24272
imex:IM-29278
pubmed:19615732
pubmed:20360068
pubmed:26496610
pubmed:27705803
pubmed:33961781";Fibronectin type III superfamily;"<p>Fibronectin is a dimeric glycoprotein composed of disulfide-linked subunits
with a molecular weight of 220-250kDa each. It is involved in cell adhesion,
cell morphology, thrombosis, cell migration, and embryonic differentiation. Fibronectin is a modular protein composed of homologous repeats of three
prototypical types of domains known as types I, II, and III [[cite:PUB00072954]].</p>

<p>Fibronectin type-III (FN3) repeats are both the largest and the most common of the fibronectin subdomains. Domains homologous to FN3 repeats have been found
in various animal protein families including other extracellular-matrix
molecules, cell-surface receptors, enzymes, and muscle proteins [[cite:PUB00018327]]. Structures of individual FN3 domains have revealed a conserved β-sandwich fold with one β-sheet containing four strands and the other sheet containing three strands (see for example [pdbe:1TEN]) [[cite:PUB00018328]]. This fold is topologically very similar to that of Ig-like domains, with a notable difference being the lack of a conserved disulfide bond in FN3 domains. Distinctive hydrophobic core packing and the lack of detectable
sequence homology between immunoglobulin and FN3 domains suggest, however,
that these domains are not evolutionarily related [[cite:PUB00018328]].</p>

<p>FN3 exhibits functional as well as structural modularity. Sites of interaction with other molecules have been mapped to short stretch of amino acids such as the Arg-Gly-Asp (RGD) sequence found in various FN3 domains. The RGD sequences is involved in interactions with integrin. Small peptides containing the RGD sequence can modulate a variety of cell adhesion invents associated with thrombosis, inflammation, and tumour metastasis. These properties have led to the investigation of RGD peptides and RGD peptide analogues as potential therapeutic agents [[cite:PUB00018329]].</p>"
6;IPR059124;"doi:10.1016/j.cell.2021.04.011
imex:IM-11719
imex:IM-12079
imex:IM-21659
imex:IM-24272
imex:IM-29278
pubmed:19615732
pubmed:20360068
pubmed:26496610
pubmed:27705803
pubmed:33961781";Host cell factor, Kelch-repeats domain;"<p>This entry represents the Kelch-repeats domain of HCF proteins.</p>; <p>Host cell factor 1 (HCF1) and Host cell factor 2 (HCF2) contain an N-terminal kelch domain [interpro:IPR059124] and a C-terminal FnIII domain [interpro:IPR003961]. However, HCF2 is smaller than HCF-1, lacking the complete central region including the HCF1 specific repeats and as a result is not subject to proteolytic processing [[cite:PUB00094183]]. dHCF from Drosophila is involved in both activation and repression of transcription during fly development [[cite:PUB00088156]]. Host cell factor homologue hcf-1 from C. elegans controls the cell cycle through mitotic histone phosphorylation modulation and negatively regulates responses to environmental stresses [[cite:PUB00100195]].</p>; <p>HCF1 is associated with the activation and repression of gene expression. It is brought to specific promoters by association with DNA-sequence-specific transcription factors such as Sp1, GABP, YY1, Ronin/THAP11, and E2F1 and E2F4 [[cite:PUB00088156]]. HCFC1 recruits and is a part of several different complexes, including the SET1 histone methyltransferase complex (transcription activation), the SIN3 histone deacetylase complex (transcription repression) [[cite:PUB00033478]], the THAP1/THAP3-HCFC1-OGT complex (required for the regulation of the transcriptional activity of RRM1) [[cite:PUB00060556]], and the NSL complex (acetylation of nucleosomal histone H4) [[cite:PUB00060167]].</p>

<p>HCF2 is involved in activation of differentiation and morphogenesis gene expression programs, and in parallel in inhibition of cellular growth and metabolism [[cite:PUB00094184]].</p>"
6;IPR013783;"doi:10.1016/j.cell.2021.04.011
imex:IM-11719
imex:IM-12079
imex:IM-21659
imex:IM-24272
imex:IM-29278
pubmed:19615732
pubmed:20360068
pubmed:26496610
pubmed:27705803
pubmed:33961781";Immunoglobulin-like fold;"<p>This superfamily represents domains with an immunoglobulin-like (Ig-like) fold, which consists of a β-sandwich of seven or more strands in two sheets with a Greek-key topology. Ig-like domains are one of the most common protein modules found in animals, occurring in a variety of different proteins. These domains are often involved in interactions, commonly with other Ig-like domains via their β-sheets [[cite:PUB00003330], [cite:PUB00018310], [cite:PUB00015110], [cite:PUB00027656]].  Domains within this fold-family share the same structure, but can diverge with respect to their sequence. Based on sequence, Ig-like domains can be classified as V-set domains (antibody variable domain-like), C1-set domains (antibody constant domain-like), C2-set domains, and I-set domains (antibody intermediate domain-like). Proteins can contain more than one of these types of Ig-like domains. For example, in the human T-cell receptor antigen CD2, domain 1 (D1) is a V-set domain, while domain 2 (D2) is a C2-set domain, both domains having the same Ig-like fold [[cite:PUB00027700]].</p>
<p>Domains with an Ig-like fold can be found in many, diverse proteins in addition to immunoglobulin molecules. For example, Ig-like domains occur in several different types of receptors (such as various T-cell antigen receptors), several cell adhesion molecules, MHC class I and II antigens, as well as the hemolymph protein hemolin, and the muscle proteins titin, telokin and twitchin.</p>"
6;IPR034085;"imex:IM-12079
imex:IM-24272
pubmed:19615732
pubmed:26496610";TOG domain;"<p>XMAP215/Dis1 proteins, such as Alp14 and XMAP215, increase microtubules dynamic polymerization rates by recruiting soluble alpha/beta-tubulin via their conserved TOG domains to polymerizing microtubule plus ends [[cite:PUB00082579], [cite:PUB00082580]]. A TOG domain contains HEAT repeats.</p>; <p>This entry represents a structural domain with an armadillo (ARM)-like fold, consisting of a multi-helical fold comprised of two curved layers of α- helices arranged in a regular right-handed superhelix, where the repeats that make up this structure are arranged about a common axis [[cite:PUB00015442]]. These superhelical structures present an extensive solvent-accessible surface that is well suited to binding large substrates such as proteins and nucleic acids. Domains and repeats with an ARM-like fold have been found in a number of proteins, including:</p>

<ul><li>ARM repeat domain, found in beta-catenins, importins, karyopherin and exportins.</li>
<li>HEAT repeat domain, found in protein phosphatase 2a and initiation factor eIF4G.</li>
<li>PHAT domain, found in the RNA-binding protein Smaug.</li>
<li>Leucine-rich repeat variant, which contain an FeS cluster.</li>
<li>Pumilio repeat domain, found in Pumilio protein.</li>
<li>Regulatory subunit H of V-type ATPases.</li>
<li>PBS lyase HEAT-like repeat.</li>
<li>Mo25 protein.</li>
<li>MIF4G domain-like, found in eukaryotic initiation factor eIF4G, translation initiation factor eIF-2b epsilon and nuclear cap-binding protein CBP80.</li>
<li>The N-terminal domain of eukaryotic translation initiation factor 3 subunit 12.</li>
<li>The C-terminal domain of leukotriene A4 hydrolase.</li>
<li>The helical domain of phosphoinositide 3-kinase.</li>
<li>The N-terminal fragment of adaptin alpha-C and beta subunits.</li>
<li>The proximal leg segment and the linker domain of the clathrin heavy chain.</li></ul>

<p>The sequence similarity among these different repeats or domains is low, however they exhibit considerable structural similarity. Furthermore, the number of repeats present in the superhelical structure can vary between orthologues, indicating that rapid loss/gain of repeats has occurred frequently in evolution. A common phylogenetic origin has been proposed for the armadillo and HEAT repeats [[cite:PUB00015443]].</p>"
6;IPR019734;"doi:10.1016/j.cell.2021.04.011
imex:IM-12079
imex:IM-21659
imex:IM-29278
pubmed:19615732
pubmed:27705803
pubmed:33961781";Tetratricopeptide repeat;"<p>The tetratricopeptide repeat region (TPR) is a structural motif present in a wide range of proteins [[cite:PUB00005443], [cite:PUB00001313], [cite:PUB00005695]]. It mediates protein-protein interactions and the assembly of multiprotein complexes [[cite:PUB00014195]]. The TPR motif consists of 3-16 tandem repeats of 34 amino acid residues, although individual TPR motifs can be dispersed in the protein sequence. Sequence alignment of the TPR domains reveals a consensus sequence defined by a pattern of small and large amino acids. TPR motifs have been identified in various different organisms, ranging from bacteria to humans. Proteins containing TPRs are involved in a variety of biological processes, such as cell cycle regulation, transcriptional control, mitochondrial and peroxisomal protein transport, neurogenesis and protein folding.</p>

<p>The X-ray structure of a domain containing three TPRs from protein phosphatase 5 revealed that TPR adopts a helix-turn-helix arrangement, with adjacent TPR motifs packing in a parallel fashion, resulting in a spiral of repeating anti-parallel α-helices [[cite:PUB00014195]]. The two helices are denoted helix A and helix B. The packing angle between helix A and helix B is ~24 degrees within a single TPR and generates a right-handed superhelical shape. Helix A interacts with helix B and with helix A' of the next TPR. Two protein surfaces are generated: the inner concave surface is contributed to mainly by residues on helices A, and the other surface presents residues from both helices A and B.</p>"
6;IPR013083;"doi:10.15252/msb.20156660
imex:IM-22822
imex:IM-24272
imex:IM-25015
pubmed:25260751
pubmed:26496610
pubmed:27107012";Zinc finger, RING/FYVE/PHD-type;"<p>This superfamily represents RING-, PHD-, and FYVE-type zinc finger domains, which share a common dimetal (zinc)-bound α/β structural fold, as well as the non-zinc-containing U-box domain, which is similar to the RING zinc finger only lacking the metal ion-binding residues (U-box associated with multi-ubiquitination).</p>; <p>Zinc finger (Znf) domains are relatively small protein motifs which contain multiple finger-like protrusions that make tandem contacts with their target molecule. Some of these domains bind zinc, but many do not; instead, they bind other metals, such as iron, or no metal at all. For example, some family members form salt bridges to stabilise the finger-like folds. They were first identified as a DNA-binding motif in transcription factor TFIIIA from Xenopus laevis (African clawed frog); however, they are now recognised to bind DNA, RNA, protein and/or lipid substrates [[cite:PUB00035807], [cite:PUB00035805], [cite:PUB00035806], [cite:PUB00035804], [cite:PUB00014077]]. Their binding properties depend on the amino acid sequence of the finger domains and of the linker between fingers, as well as on the higher-order structures and the number of fingers. Znf domains are often found in clusters, where fingers can have different binding specificities. There are many superfamilies of Znf motifs, varying in both sequence and structure. They display considerable versatility in binding modes, even between members of the same class (e.g., some bind DNA, others protein), suggesting that Znf motifs are stable scaffolds that have evolved specialised functions. For example, Znf-containing proteins function in gene transcription, translation, mRNA trafficking, cytoskeleton organisation, epithelial development, cell adhesion, protein folding, chromatin remodelling and zinc sensing, to name but a few [[cite:PUB00035812]]. Zinc-binding motifs are stable structures, and they rarely undergo conformational changes upon binding their target.</p>"
6;IPR001841;"doi:10.15252/msb.20156660
imex:IM-22822
imex:IM-24272
imex:IM-25015
pubmed:25260751
pubmed:26496610
pubmed:27107012";Zinc finger, RING-type;"<p>This entry represents RING-type zinc finger domains. The RING-finger is a specialised type of Zn-finger of 40 to 60 residues that binds two atoms of zinc, and is probably involved in mediating protein-protein interactions [[cite:PUB00005712], [cite:PUB00001094], [cite:PUB00006216]]. There are two different variants, the C3HC4-type and a C3H2C3-type, which are clearly related despite the different cysteine/histidine pattern. The latter type is sometimes referred to as 'RING-H2 finger'. The RING domain is a protein interaction domain that has been implicated in a range of diverse biological processes. E3 ubiquitin-protein ligase, in Homo sapiens [swissprot:Q06587], activity is intrinsic to the RING domain of c-Cbl and is likely to be a general function of this domain. E3 ubiquitin-protein ligases determine the substrate specificity for ubiquitylation and have been classified into HECT and RING-finger families. Various RING fingers also exhibit binding to E2 ubiquitin-conjugating enzymes (Ubc's) [[cite:PUB00006474], [cite:PUB00006565], [cite:PUB00006516]].</p>

<p>Several 3D-structures for RING-fingers are known [[cite:PUB00001094], [cite:PUB00006216]]. The 3D structure of the zinc ligation system is unique to the RING domain and is referred to as the 'cross-brace' motif. The spacing of the cysteines in such a domain is C-x(2)-C-x(9 to 39)-C-x(1 to 3)-H-x(2 to 3)-C-x(2)-C-x(4 to 48)-C-x(2)-C. Metal ligand pairs one and three co-ordinate to bind one zinc ion, whilst pairs two and four bind the second.</p>

<p>Note that in the older literature, some RING-fingers are denoted as LIM-domains. The LIM-domain Zn-finger is a fundamentally different family, albeit with similar Cys-spacing (see [interpro:IPR001781]).</p>; <p>Zinc finger (Znf) domains are relatively small protein motifs which contain multiple finger-like protrusions that make tandem contacts with their target molecule. Some of these domains bind zinc, but many do not; instead, they bind other metals, such as iron, or no metal at all. For example, some family members form salt bridges to stabilise the finger-like folds. They were first identified as a DNA-binding motif in transcription factor TFIIIA from Xenopus laevis (African clawed frog); however, they are now recognised to bind DNA, RNA, protein and/or lipid substrates [[cite:PUB00035807], [cite:PUB00035805], [cite:PUB00035806], [cite:PUB00035804], [cite:PUB00014077]]. Their binding properties depend on the amino acid sequence of the finger domains and of the linker between fingers, as well as on the higher-order structures and the number of fingers. Znf domains are often found in clusters, where fingers can have different binding specificities. There are many superfamilies of Znf motifs, varying in both sequence and structure. They display considerable versatility in binding modes, even between members of the same class (e.g., some bind DNA, others protein), suggesting that Znf motifs are stable scaffolds that have evolved specialised functions. For example, Znf-containing proteins function in gene transcription, translation, mRNA trafficking, cytoskeleton organisation, epithelial development, cell adhesion, protein folding, chromatin remodelling and zinc sensing, to name but a few [[cite:PUB00035812]]. Zinc-binding motifs are stable structures, and they rarely undergo conformational changes upon binding their target.</p>"
6;IPR036770;"doi:10.1016/j.cell.2021.04.011
imex:IM-12079
imex:IM-26684
imex:IM-29278
pubmed:19615732
pubmed:31046837
pubmed:33961781";Ankyrin repeat-containing domain superfamily;<p>This entry represents the ankyrin repeat-containing domain. These domains contain multiple repeats of a β(2)-α(2) motif. The ankyrin repeat is one of the most common protein-protein interaction motifs in nature. Ankyrin repeats are tandemly repeated modules of about 33 amino acids. They occur in a large number of functionally diverse proteins mainly from eukaryotes. The few known examples from prokaryotes and viruses may be the result of horizontal gene transfers [[cite:PUB00006219]]. The repeat has been found in proteins of diverse function such as transcriptional initiators, cell-cycle regulators, cytoskeletal, ion transporters and signal transducers. The ankyrin fold appears to be defined by its structure rather than its function since there is no specific sequence or structure which is universally recognised by it.</p>
6;IPR013087;"imex:IM-28767
pubmed:35140242";Zinc finger C2H2-type;"<p>This entry represents the classical C2H2 zinc finger domain.</p>; <p>C2H2-type (classical) zinc fingers (Znf) were the first class to be characterised. They contain a short β-hairpin and an α-helix (β/β/α structure), where a single zinc atom is held in place by Cys(2)His(2) (C2H2) residues in a tetrahedral array. C2H2 Znf's can be divided into three groups based on the number and pattern of fingers: triple-C2H2 (binds single ligand), multiple-adjacent-C2H2 (binds multiple ligands), and separated paired-C2H2 [[cite:PUB00035808]]. C2H2 Znf's are the most common DNA-binding motifs found in eukaryotic transcription factors, and have also been identified in prokaryotes [[cite:PUB00035809]].  Transcription factors usually contain several Znf's (each with a conserved β/β/α structure) capable of making multiple contacts along the DNA, where the C2H2 Znf motifs recognise DNA sequences by binding to the major groove of DNA via a short α-helix in the Znf, the Znf spanning 3-4 bases of the DNA [[cite:PUB00035811]]. C2H2 zinc fingers can also bind to RNA and protein targets [[cite:PUB00043274]].</p>; <p>Zinc finger (Znf) domains are relatively small protein motifs which contain multiple finger-like protrusions that make tandem contacts with their target molecule. Some of these domains bind zinc, but many do not; instead, they bind other metals, such as iron, or no metal at all. For example, some family members form salt bridges to stabilise the finger-like folds. They were first identified as a DNA-binding motif in transcription factor TFIIIA from Xenopus laevis (African clawed frog); however, they are now recognised to bind DNA, RNA, protein and/or lipid substrates [[cite:PUB00035807], [cite:PUB00035805], [cite:PUB00035806], [cite:PUB00035804], [cite:PUB00014077]]. Their binding properties depend on the amino acid sequence of the finger domains and of the linker between fingers, as well as on the higher-order structures and the number of fingers. Znf domains are often found in clusters, where fingers can have different binding specificities. There are many superfamilies of Znf motifs, varying in both sequence and structure. They display considerable versatility in binding modes, even between members of the same class (e.g., some bind DNA, others protein), suggesting that Znf motifs are stable scaffolds that have evolved specialised functions. For example, Znf-containing proteins function in gene transcription, translation, mRNA trafficking, cytoskeleton organisation, epithelial development, cell adhesion, protein folding, chromatin remodelling and zinc sensing, to name but a few [[cite:PUB00035812]]. Zinc-binding motifs are stable structures, and they rarely undergo conformational changes upon binding their target.</p>"
6;IPR036236;"imex:IM-28767
pubmed:35140242";Zinc finger C2H2 superfamily;"<p>C2H2-type (classical) zinc fingers (Znf) were the first class to be characterised. They contain a short β-hairpin and an α-helix (β/β/α structure), where a single zinc atom is held in place by Cys(2)His(2) (C2H2) residues in a tetrahedral array. C2H2 Znf's can be divided into three groups based on the number and pattern of fingers: triple-C2H2 (binds single ligand), multiple-adjacent-C2H2 (binds multiple ligands), and separated paired-C2H2 [[cite:PUB00035808]]. C2H2 Znf's are the most common DNA-binding motifs found in eukaryotic transcription factors, and have also been identified in prokaryotes [[cite:PUB00035809]].  Transcription factors usually contain several Znf's (each with a conserved β/β/α structure) capable of making multiple contacts along the DNA, where the C2H2 Znf motifs recognise DNA sequences by binding to the major groove of DNA via a short α-helix in the Znf, the Znf spanning 3-4 bases of the DNA [[cite:PUB00035811]]. C2H2 zinc fingers can also bind to RNA and protein targets [[cite:PUB00043274]].</p>; <p>Zinc finger (Znf) domains are relatively small protein motifs which contain multiple finger-like protrusions that make tandem contacts with their target molecule. Some of these domains bind zinc, but many do not; instead, they bind other metals, such as iron, or no metal at all. For example, some family members form salt bridges to stabilise the finger-like folds. They were first identified as a DNA-binding motif in transcription factor TFIIIA from Xenopus laevis (African clawed frog); however, they are now recognised to bind DNA, RNA, protein and/or lipid substrates [[cite:PUB00035807], [cite:PUB00035805], [cite:PUB00035806], [cite:PUB00035804], [cite:PUB00014077]]. Their binding properties depend on the amino acid sequence of the finger domains and of the linker between fingers, as well as on the higher-order structures and the number of fingers. Znf domains are often found in clusters, where fingers can have different binding specificities. There are many superfamilies of Znf motifs, varying in both sequence and structure. They display considerable versatility in binding modes, even between members of the same class (e.g., some bind DNA, others protein), suggesting that Znf motifs are stable scaffolds that have evolved specialised functions. For example, Znf-containing proteins function in gene transcription, translation, mRNA trafficking, cytoskeleton organisation, epithelial development, cell adhesion, protein folding, chromatin remodelling and zinc sensing, to name but a few [[cite:PUB00035812]]. Zinc-binding motifs are stable structures, and they rarely undergo conformational changes upon binding their target.</p>"
6;IPR046347;"imex:IM-30532
pubmed:38884001";Basic-leucine zipper domain superfamily;"<p>The basic-leucine zipper (bZIP) domain transcription factors [[cite:PUB00004967]] of eukaryotic are proteins that contain a basic region mediating sequence-specific DNA-binding followed by a leucine zipper region required for dimerisation.</p>

<p>Several structure of bZIP have been solved. The basic region and the leucine zipper form a contiguous α-helix where the four hydrophobic residues of the leucine zipper are oriented on one side. This conformation allows dimerisation in parallel and it bends the helices so that the newly functional dimer forms a flexible fork where the basic domains, at the N-terminal open end, can then interact with DNA. The two leucine zipper are therefore oriented perpendicular to the DNA [[cite:PUB00017872]].</p>"
6;IPR004827;"imex:IM-30532
pubmed:38884001";Basic-leucine zipper domain;"<p>The basic-leucine zipper (bZIP) domain transcription factors [[cite:PUB00004967]] of eukaryotic are proteins that contain a basic region mediating sequence-specific DNA-binding followed by a leucine zipper region required for dimerisation.</p>

<p>Several structure of bZIP have been solved. The basic region and the leucine zipper form a contiguous α-helix where the four hydrophobic residues of the leucine zipper are oriented on one side. This conformation allows dimerisation in parallel and it bends the helices so that the newly functional dimer forms a flexible fork where the basic domains, at the N-terminal open end, can then interact with DNA. The two leucine zipper are therefore oriented perpendicular to the DNA [[cite:PUB00017872]].</p>"
6;IPR017970;"imex:IM-28767
pubmed:35140242";Homeobox, conserved site;"<p>This entry represents a conserved site found in the homeodomain (HD), a protein domain of approximately 60 residues that usually binds DNA. It is encoded by the homeobox sequence [[cite:PUB00126359], [cite:PUB00075496], [cite:PUB00153777]], which was first identified in a number of Drosophila homeotic and segmentation proteins, but is now known to be well-conserved in many other animals, including vertebrates [[cite:PUB00000591], [cite:PUB00005390]]. Members of this group are transcriptional regulators that operate differential genetic programs along the anterior-posterior axis of animal bodies [[cite:PUB00010002]]. The domain binds DNA through a helix-turn-helix (HTH) structure. The HTH motif is characterised by two α-helices, which make intimate contacts with the DNA and are joined by a short turn. The second helix binds to DNA via a number of hydrogen bonds and hydrophobic interactions, which occur between specific side chains and the exposed bases and thymine methyl groups within the major groove of the DNA. The first helix helps to stabilise the structure.</p>

<p>The motif is very similar in sequence and structure in a wide range of DNA-binding proteins (e.g., cro and repressor proteins, homeotic proteins, etc.). One of the principal differences between HTH motifs in these different proteins arises from the stereo-chemical requirement for glycine in the turn which is needed to avoid steric interference of the β-carbon with the main chain: for cro and repressor proteins the glycine appears to be mandatory, while for many of the homeotic and other DNA-binding proteins the requirement is relaxed.</p>"
6;IPR022084;"imex:IM-28767
pubmed:35140242";Transcription factor Elf, N-terminal;"<p>Elf (E74-like-factor) is a subfamily of the ETS transcription factor family [[cite:PUB00057218]]. Elf-1 is an immune cell specific transcription factor. It is found in T cells, B cells, megakaryocytes,and mast cells and is involved in the control of transcription for various immune proteins [[cite:PUB00057214]]. Included in the Elf subfamily are also Elf-2 (NERF) [[cite:PUB00057216]] and Elf4 (MEF) [[cite:PUB00057217]].</p>

<p>This entry represents a domain found in the N terminus of Elf transcription factors. It is approximately 110 amino acids in length and is found in association with [pfam:PF00178]. It contains a conserved PAVIVE sequence motif.</p>"
6;IPR016197;"doi:10.15252/msb.20156660
imex:IM-12079
imex:IM-25015
pubmed:19615732
pubmed:27107012";Chromo-like domain superfamily;"<p>This entry represents a chromo (CHRromatin Organization MOdifier) structural domain, which consists of an SH3-like β-barrel capped by a C-terminal helix. Chromo domains are conserved modules of around 60 amino acids that are implicated in the recognition of lysine-methylated histone tails and nucleic acids. Chromo domains were originally identified in Drosophila modifiers of variegation, proteins that alter the structure of chromatin to the condensed morphology of heterochromatin. Domains with a chromo domain structural fold include:</p>

<ul>
<li>Chromo domain, which lacks the first strand of the SH3-like β-barrel.</li>
<li>Shadow chromo domain, in which the first strand of the SH3-like β-barrel is altered by insertions.</li>
<li>Chromo barrel domain, which is a typical SH3-like β-barrel fold (similar sequence motif to the canonical chromo domain).</li>
<li>Histone-like DNA-binding proteins from Archaea [[cite:PUB00023596]].</li>
</ul>

<p>Chromo domains can be found in various nuclear proteins, including heterochromatin protein 1 (HP1) (N-terminal chromo domain and C-terminal chromo shadow domain), where the chromo domain recognises histone tails with specifically methylated lysines [[cite:PUB00026774]]; polycomb protein Pc, which is essential for maintaining the silencing state of homeotic genes during development (chromo domain important for chromatin targeting) [[cite:PUB00029833]]; histone methyltransferase clr4, which regulates silencing and switching at the mating-type loci and to affect chromatin structure at centromeres [[cite:PUB00028545]]; and the ATP-dependent helicase CHD1, which regulates ATP-dependent nucleosome assembly and mobilisation through conserved double chromo domains and a SWI2/SNF2 helicase/ATPase domain [[cite:PUB00039496]].</p>

<p>Chromo barrel domains are found in various histone acetyltransferases, such as MYST1 from Mus musculus (Mouse) and MOF from Drosophila melanogaster (Fruit fly) [[cite:PUB00039764]]. This domain can also be found in the human mortality factor 4-like protein, MRG15.</p>"
6;IPR023779;"doi:10.15252/msb.20156660
imex:IM-12079
imex:IM-25015
pubmed:19615732
pubmed:27107012";Chromo domain, conserved site;"<p>The CHROMO (CHRromatin Organization MOdifier) domain [[cite:PUB00005519], [cite:PUB00004399], [cite:PUB00004460], [cite:PUB00004461]] is a conserved region of around 60 amino acids, originally identified in Drosophila modifiers of variegation. These are proteins that alter the structure of chromatin to the condensed morphology of heterochromatin, a cytologically visible condition where gene expression is repressed. In one of these proteins, Polycomb, the chromo domain has been shown to be important for chromatin targeting.</p>

<p>Proteins that contain a chromo domain appear to fall into 3 classes. The first class includes proteins having an N-terminal chromo domain followed by a region termed the chromo shadow domain, with weak but significant sequence similarity to the N-terminal chromo domain [[cite:PUB00004460]], eg. Drosophila and human heterochromatin protein Su(var)205 (HP1). The second class includes proteins with a single chromo domain, eg. Drosophila protein Polycomb (Pc); mammalian modifier 3; human Mi-2 autoantigen and several yeast and Caenorhabditis elegans hypothetical proteins. In the third class paired tandem chromo domains are found, eg. in mammalian DNA-binding/helicase proteins CHD-1 to CHD-4 and yeast protein CHD1.</p>

<p>Functional dissections of chromo domain proteins suggests a mechanistic role for chromo domains in targeting chromo domain proteins to specific regions of the nucleus. The mechanism of targeting may involve protein-protein and/or protein/nucleic acid interactions. Hence, several line of evidence show that the HP1 chromo domain is a methyl-specific histone binding module, whereas the chromo domain of two protein components of the drosophila dosage compensation complex, MSL3 and MOF, contain chromo domains that bind to RNA in vitro [[cite:PUB00017969]].</p>

<p>The high resolution structures of HP1-family protein chromo and chromo shadow domain reveal a conserved chromo domain fold motif consisting of three β-strands packed against an α-helix. The chromo domain fold belongs to the OB (oligonucleotide/oligosaccharide binding)-fold class found in a variety of prokaryotic and eukaryotic nucleic acid binding protein [[cite:PUB00017969]].</p>; <p>This entry represents a conserved site in the chromo domain.</p>"
6;IPR000953;"doi:10.15252/msb.20156660
imex:IM-12079
imex:IM-25015
pubmed:19615732
pubmed:27107012";Chromo/chromo shadow domain;"<p>The CHROMO (CHRromatin Organization MOdifier) domain [[cite:PUB00005519], [cite:PUB00004399], [cite:PUB00004460], [cite:PUB00004461]] is a conserved region of around 60 amino acids, originally identified in Drosophila modifiers of variegation. These are proteins that alter the structure of chromatin to the condensed morphology of heterochromatin, a cytologically visible condition where gene expression is repressed. In one of these proteins, Polycomb, the chromo domain has been shown to be important for chromatin targeting.</p>

<p>Proteins that contain a chromo domain appear to fall into 3 classes. The first class includes proteins having an N-terminal chromo domain followed by a region termed the chromo shadow domain, with weak but significant sequence similarity to the N-terminal chromo domain [[cite:PUB00004460]], eg. Drosophila and human heterochromatin protein Su(var)205 (HP1). The second class includes proteins with a single chromo domain, eg. Drosophila protein Polycomb (Pc); mammalian modifier 3; human Mi-2 autoantigen and several yeast and Caenorhabditis elegans hypothetical proteins. In the third class paired tandem chromo domains are found, eg. in mammalian DNA-binding/helicase proteins CHD-1 to CHD-4 and yeast protein CHD1.</p>

<p>Functional dissections of chromo domain proteins suggests a mechanistic role for chromo domains in targeting chromo domain proteins to specific regions of the nucleus. The mechanism of targeting may involve protein-protein and/or protein/nucleic acid interactions. Hence, several line of evidence show that the HP1 chromo domain is a methyl-specific histone binding module, whereas the chromo domain of two protein components of the drosophila dosage compensation complex, MSL3 and MOF, contain chromo domains that bind to RNA in vitro [[cite:PUB00017969]].</p>

<p>The high resolution structures of HP1-family protein chromo and chromo shadow domain reveal a conserved chromo domain fold motif consisting of three β-strands packed against an α-helix. The chromo domain fold belongs to the OB (oligonucleotide/oligosaccharide binding)-fold class found in a variety of prokaryotic and eukaryotic nucleic acid binding protein [[cite:PUB00017969]].</p>"
6;IPR017984;"doi:10.15252/msb.20156660
imex:IM-12079
imex:IM-25015
pubmed:19615732
pubmed:27107012";Chromo domain subgroup;"<p>The CHROMO (CHRromatin Organization MOdifier) domain [[cite:PUB00005519], [cite:PUB00004399], [cite:PUB00004460], [cite:PUB00004461]] is a conserved region of around 60 amino acids, originally identified in Drosophila modifiers of variegation.
These are proteins that alter the structure of chromatin to the condensed morphology of heterochromatin, a cytologically visible condition where gene expression is repressed. In one of these proteins, Polycomb,  the chromo domain has been shown to be important for chromatin targeting. Proteins that contain a chromo domain appear to fall into 3 classes. The first class includes proteins having an N-terminal chromo domain followed by a region termed the chromo shadow domain [[cite:PUB00004460]], eg. Drosophila and human heterochromatin protein Su(var)205 (HP1). The second class includes proteins with a single chromo domain, eg. Drosophila protein Polycomb (Pc); mammalian modifier 3; human Mi-2 autoantigen and and several yeast and Caenorhabditis elegans hypothetical proteins. In the third class paired tandem chromo domains are found, eg. in mammalian DNA-binding/helicase proteins CHD-1 to CHD-4 and yeast protein CHD1.</p>

<p>This entry represents a subgroup of the Chromo domain</p>"
6;IPR051219;"doi:10.15252/msb.20156660
imex:IM-12079
imex:IM-25015
pubmed:19615732
pubmed:27107012";Heterochromatin-associated chromo domain-containing protein;<p>This family of proteins is involved in the formation and maintenance of heterochromatin, a tightly packed form of DNA associated with gene repression. Members of this family recognise and bind to specific methylated lysine residues on histone H3 tails, particularly 'Lys-9', which is a hallmark of heterochromatin [[cite:PUB00088108], [cite:PUB00155079]]. Through this interaction, they contribute to the epigenetic repression of gene expression. Some proteins within this family are also implicated in the assembly of the kinetochore [[cite:PUB00145416]], a structure essential for chromosome segregation during cell division, and in the recruitment of other proteins to sites of DNA damage. Additionally, certain family members play roles in RNA interference pathways [[cite:PUB00045061]], piRNA-mediated transposon repression in the case of rhino [[cite:PUB00155080], [cite:PUB00155081]], and the regulation of gene expression during development and the immune response [[cite:PUB00155082]].</p>
6;IPR008251;"doi:10.15252/msb.20156660
imex:IM-12079
imex:IM-25015
pubmed:19615732
pubmed:27107012";Chromo shadow domain;<p>Chromo shadow domain is distantly related to chromo domain. It is always found in association with a chromo domain.</p>
6;IPR023780;"doi:10.15252/msb.20156660
imex:IM-12079
imex:IM-25015
pubmed:19615732
pubmed:27107012";Chromo domain;"<p>The CHROMO (CHRromatin Organization MOdifier) domain [[cite:PUB00005519], [cite:PUB00004399], [cite:PUB00004460], [cite:PUB00004461]] is a conserved region of around 60 amino acids, originally identified in Drosophila modifiers of variegation. These are proteins that alter the structure of chromatin to the condensed morphology of heterochromatin, a cytologically visible condition where gene expression is repressed. In one of these proteins, Polycomb, the chromo domain has been shown to be important for chromatin targeting.</p>

<p>Proteins that contain a chromo domain appear to fall into 3 classes. The first class includes proteins having an N-terminal chromo domain followed by a region termed the chromo shadow domain, with weak but significant sequence similarity to the N-terminal chromo domain [[cite:PUB00004460]], eg. Drosophila and human heterochromatin protein Su(var)205 (HP1). The second class includes proteins with a single chromo domain, eg. Drosophila protein Polycomb (Pc); mammalian modifier 3; human Mi-2 autoantigen and several yeast and Caenorhabditis elegans hypothetical proteins. In the third class paired tandem chromo domains are found, eg. in mammalian DNA-binding/helicase proteins CHD-1 to CHD-4 and yeast protein CHD1.</p>

<p>Functional dissections of chromo domain proteins suggests a mechanistic role for chromo domains in targeting chromo domain proteins to specific regions of the nucleus. The mechanism of targeting may involve protein-protein and/or protein/nucleic acid interactions. Hence, several line of evidence show that the HP1 chromo domain is a methyl-specific histone binding module, whereas the chromo domain of two protein components of the drosophila dosage compensation complex, MSL3 and MOF, contain chromo domains that bind to RNA in vitro [[cite:PUB00017969]].</p>

<p>The high resolution structures of HP1-family protein chromo and chromo shadow domain reveal a conserved chromo domain fold motif consisting of three β-strands packed against an α-helix. The chromo domain fold belongs to the OB (oligonucleotide/oligosaccharide binding)-fold class found in a variety of prokaryotic and eukaryotic nucleic acid binding protein [[cite:PUB00017969]].</p>"
6;IPR016135;"doi:10.1016/j.cell.2021.04.011
imex:IM-12079
imex:IM-21659
imex:IM-22822
imex:IM-29278
pubmed:19615732
pubmed:25260751
pubmed:27705803
pubmed:33961781";Ubiquitin-conjugating enzyme/RWD-like;"<p>This superfamily represents a structural domain with an α-β(4)-α(3) core fold. Domains of this structure are found in:</p>

<ul>
<li>Ubiquitin conjugating enzyme E2, as well as related proteins such as ubiquitin carrier protein 4 and ubiquitin-protein ligase W [[cite:PUB00026321]].</li>
<li>The UEV domain in tumour susceptibility gene 101 [[cite:PUB00040485]] and vacuolar protein sorting-associated protein [[cite:PUB00031958]].</li>
<li>RWD domain, found in RING finger and WD repeat-containing proteins, such as EIF-2 kinase 4 (GCN2-like protein) [[cite:PUB00020283]].</li>
<li>UFC1-like domain found in Ufm1-conjugating enzyme 1 [[cite:PUB00042603]].</li>
</ul>"
6;IPR000608;"doi:10.1016/j.cell.2021.04.011
imex:IM-12079
imex:IM-21659
imex:IM-22822
imex:IM-29278
pubmed:19615732
pubmed:25260751
pubmed:27705803
pubmed:33961781";Ubiquitin-conjugating (UBC), catalytic core domain;"<p>This entry represents the catalytic core domain of E2 ubiquitin-conjugating enzymes and similar sequences mainly found in eukaryotes. It is an α/β domain.</p>; <p>Ubiquitin-conjugating enzymes (UBC or E2 enzymes) ([ec:2.3.2.23]) [[cite:PUB00005354], [cite:PUB00000623], [cite:PUB00005373]]
catalyse the covalent attachment of ubiquitin to target proteins. Ubiquitinylation is an ATP-dependent process that involves the action of at least three enzymes: a ubiquitin-activating enzyme (E1, [interpro:IPR000011]), a ubiquitin-conjugating enzyme (E2), and a ubiquitin ligase (E3, [interpro:IPR000569], [interpro:IPR003613]), which work sequentially in a cascade [[cite:PUB00015620]]. The E1 enzyme mediates an ATP-dependent transfer of a thioester-linked ubiquitin molecule to a cysteine residue on the E2 enzyme. The E2 enzyme then either transfers the ubiquitin moiety directly to a substrate, or to an E3 ligase, which can also ubiquitinylate a substrate.</p>

<p>There are several different E2 enzymes (over 30 in humans), which are broadly grouped into four classes, all of which have a core catalytic domain (containing the active site cysteine), and some of which have short N- and C-terminal amino acid extensions: class I enzymes consist of just the catalytic core domain (UBC), class II possess a UBC and a C-terminal extension, class III possess a UBC and an N-terminal extension, and class IV possess a  UBC and both N- and C-terminal extensions. These extensions appear to be important for some subfamily function, including E2 localisation and protein-protein interactions [[cite:PUB00015626]]. In addition, there are proteins with an E2-like fold that are devoid of catalytic activity (such as protein crossbronx from flies), but which appear to assist in poly-ubiquitin chain formation.</p>"
6;IPR000253;"doi:10.1016/j.cell.2021.04.011
imex:IM-12079
imex:IM-21659
imex:IM-24272
imex:IM-29278
imex:IM-30059
pubmed:19615732
pubmed:26496610
pubmed:27705803
pubmed:33961781
pubmed:39251607";Forkhead-associated (FHA) domain;"<p>The forkhead-associated (FHA) domain [[cite:PUB00005445]] is a phosphopeptide recognition domain found in many regulatory proteins. It displays specificity for phosphothreonine-containing epitopes but will also recognise phosphotyrosine with relatively high affinity. It spans approximately 80-100 amino acid residues folded into an 11-stranded β-sandwich, which sometimes contain small helical insertions between the loops connecting the strands [[cite:PUB00007074]].</p>

<p>To date, genes encoding FHA-containing proteins have been identified in eubacterial and eukaryotic but not archaeal genomes. The domain is present in a diverse range of proteins, such as kinases, phosphatases, kinesins, transcription factors, RNA-binding proteins and metabolic enzymes which partake in many different cellular processes - DNA repair, signal transduction, vesicular transport and protein degradation are just a few examples.</p>"
6;IPR015943;"doi:10.1016/j.cell.2022.04.014
imex:IM-12079
imex:IM-26684
imex:IM-29493
pubmed:19615732
pubmed:31046837
pubmed:35512704";WD40/YVTN repeat-like-containing domain superfamily;<p>This superfamily represents a WD40/YVTN repeat-like domain. Both the WD40 and the YVTN repeated motifs consist of about 40 residues, and although they consist of distinct sequences, they do share a similar structure. Structurally, both the WD40 and the YVTN repeated motifs form seven-bladed propellers (although some members can contain eight blades), which consist of seven 4-stranded β-sheets.</p>
6;IPR036322;"doi:10.1016/j.cell.2022.04.014
imex:IM-12079
imex:IM-26684
imex:IM-29493
pubmed:19615732
pubmed:31046837
pubmed:35512704";WD40-repeat-containing domain superfamily;"<p>This entry identifies a domain superfamily containing adjacent WD repeats. These WD repeats are located on β-sheets (blades) that fold into a higher order  structure called β-propeller.</p>; <p>WD-40 repeats (also known as WD or β-transducin repeats) are short ~40 amino acid motifs, often terminating in a Trp-Asp (W-D) dipeptide. WD40 repeats usually assume a 7-8 bladed β-propeller fold, but proteins have been found with 4 to 16 repeated units, which also form a circularised β-propeller structure. WD-repeat proteins are a large family found in all eukaryotes and are implicated in a variety of functions ranging from signal transduction and transcription regulation to cell cycle control and apoptosis. Repeated WD40 motifs act as a site for protein-protein or protein-DNA  interaction, and proteins containing WD40 repeats are known to serve as platforms for the assembly of protein complexes or mediators of transient interplay among other proteins [[cite:PUB00094364]]. The specificity of the proteins is determined by the sequences outside the repeats themselves. Examples of such complexes are G proteins (beta subunit is a β-propeller), TAFII transcription factor, and E3 ubiquitin ligase [[cite:PUB00015237], [cite:PUB00005491]]. In Arabidopsis spp., several WD40-containing proteins act as key regulators of plant-specific developmental events.</p>"
6;IPR007759;"doi:10.1016/j.cell.2021.04.011
imex:IM-11719
imex:IM-12079
imex:IM-17716
imex:IM-21659
imex:IM-24272
imex:IM-29278
pubmed:19615732
pubmed:20360068
pubmed:22897849
pubmed:26496610
pubmed:27705803
pubmed:33961781";ASXL, HARE-HTH domain;"<p>This domain, known as the HARE-HTH domain, adopts the winged helix-turn-helix fold and is predicted to bind DNA. It can be found at the N terminus of the ASXL protein. It can also be found in several other eukaryotic chromatin proteins (such as HB1 in plants), diverse restriction endonucleases and DNA glycosylases, the RNA polymerase delta subunit of Gram-positive bacteria and certain bacterial proteins that combine features of the RNA polymerase alpha-subunit and sigma factors [[cite:PUB00067481]]. The genetic interaction of the HARE-HTH containing ASXL with the methyl cytosine hydroxylating Tet2 protein is suggestive of a role for the domain in discriminating sequences with DNA modifications such as hmC [[cite:PUB00010212]]. Bacterial versions include fusions to diverse restriction endonucleases, and a DNA glycosylase where it may play a similar role in detecting modified DNA. Certain bacterial version of the HARE-HTH domain show fusions to the helix-hairpin-helix domain of the RNA polymerase alpha subunit and the HTH domains found in regions 3 and 4 of the sigma factors [[cite:PUB00010212]]. These versions are predicted to function as a novel inhibitor of the binding of RNA polymerase to transcription start sites, similar to the Bacillus delta protein [[cite:PUB00010213], [cite:PUB00067481]].</p>

<p>This domain consists of four α-helices (helices I-II-III-IV) and an antiparallel β-sheet composed of three short β-strands at the top of a ""twisted tripod"" formed by helices II, III, and IV [[cite:PUB00097400]].</p>; <p>The Asx-like (Asxl) proteins includes Asxl1-3. They are putative Polycomb group (PcG) proteins, which act by forming multiprotein complexes that are required to maintain the transcriptionally repressive state of homeotic genes throughout development. Asxl1 is involved in transcriptional regulation mediated by ligand-bound retinoic acid receptors (RARs) and peroxisome proliferator-activated receptor gamma (PPARG) [[cite:PUB00066749]].</p>; <p>The delta protein is a dispensable subunit of Bacillus subtilis RNA polymerase (RNAP) that has major effects on the biochemical properties of the purified enzyme. In the presence of delta, RNAP displays an increased specificity of transcription, a decreased affinity for nucleic acids, and an increased efficiency of RNA synthesis because of enhanced recycling [[cite:PUB00010212]]. The delta protein, contains two distinct regions, an N-terminal domain and a glutamate and aspartate residue-rich C-terminal region [[cite:PUB00010213]]. It participates in both the initiation and recycling phases of transcription.</p>"
6;IPR044867;"doi:10.1016/j.cell.2021.04.011
imex:IM-11719
imex:IM-12079
imex:IM-17716
imex:IM-21659
imex:IM-24272
imex:IM-29278
pubmed:19615732
pubmed:20360068
pubmed:22897849
pubmed:26496610
pubmed:27705803
pubmed:33961781";DEUBAD domain;"<p>Protein ubiquitination is a fundamental mechanism that affects nearly all aspects of cellular life. Deubiquitinating enzymes (DUBs) play important roles in ubiquitin (Ub) signalling by Ub cleavage from adducts. The Ub C-terminal hydrolase (UCH) family of deubiquitinases (DUBs) contains four members including UCH37 (also called ubiquitin carboxy-terminal hydrolase isozyme L5, UCHL-5) and BAP1 which share high similarity in the catalytic domain (UCH) and the C-terminal region, termed the UCH37-like domain (ULD) which is responsible for binding interaction partners and is also involved in the regulation of DUB activity. ULD from BAP1 and UCH-L5 binds the DEUBiquitinase ADaptor (DEUBAD) domain present in their interacting partners, e.g., ASXL1 for BAP1, and RPN13 (ADRM1) and INO80G (NFRKB) for UCH-L5 [[cite:PUB00097550], [cite:PUB00097549], [cite:PUB00097546], [cite:PUB00097547], [cite:PUB00097548]].</p>

<p>This entry represents the DEUBAD domain which consists of eight α-helices that form a helical bundle surrounding a compact hydrophobic core [[cite:PUB00054318]]. It has a modular architecture with the core formed by helices 1-4, primarily responsible for binding to ULD, and accessory elements that lead to full activation, or inhibition, of the UCH activity [[cite:PUB00097552], [cite:PUB00097551]].</p>"
6;IPR024811;"doi:10.1016/j.cell.2021.04.011
imex:IM-11719
imex:IM-12079
imex:IM-17716
imex:IM-21659
imex:IM-24272
imex:IM-29278
pubmed:19615732
pubmed:20360068
pubmed:22897849
pubmed:26496610
pubmed:27705803
pubmed:33961781";Polycomb protein ASX/ASX-like;<p>Polycomb group proteins are transcriptional repressors that control processes ranging from the maintenance of cell fate decisions and stem cell pluripotency in animals to the control of flowering time in plants. Additional sex combs (Asx) is a member of the polycomb group which is required for maintenance of stable repression of homeotic genes during Drosophila development [[cite:PUB00056611], [cite:PUB00056612]].</p>
6;IPR026905;"doi:10.1016/j.cell.2021.04.011
imex:IM-11719
imex:IM-12079
imex:IM-17716
imex:IM-21659
imex:IM-24272
imex:IM-29278
pubmed:19615732
pubmed:20360068
pubmed:22897849
pubmed:26496610
pubmed:27705803
pubmed:33961781";Protein ASX-like, PHD domain;<p>This entry represetnts the PHD domain, a DNA-binding domain, on the additional sex combs (ASX) and additional sex combs-like (AsxL) proteins [[cite:PUB00061997]]. The Asx protein acts as an enhancer of trithorax and polycomb in displaying bidirectional homoeotic phenotypes in Drosophila, suggesting that it is required for maintenance of both activation and silencing of Hox genes. Asx is required for normal adult haematopoiesis and its function depends on its cellular context [[cite:PUB00061996]].</p>
6;IPR028020;"doi:10.1016/j.cell.2021.04.011
imex:IM-11719
imex:IM-12079
imex:IM-17716
imex:IM-21659
imex:IM-24272
imex:IM-29278
pubmed:19615732
pubmed:20360068
pubmed:22897849
pubmed:26496610
pubmed:27705803
pubmed:33961781";ASX, DEUBAD domain;<p>This entry represents the DEUBiquitinase ADaptor (DEUBAD) domain from Asx and homologues, which contain a characteristic LXXLL motif [[cite:PUB00061995], [cite:PUB00061996]], detected in diverse transcription factors, coactivators and co-repressors and is implicated in mediating interactions between them [[cite:PUB00067480]]. This domain interacts with the UCH37-like domain (ULD) from Calypso and BAP1 deubiquitinases (DUBs), an interaction that is required for DUB activity activation [[cite:PUB00067481], [cite:PUB00097546], [cite:PUB00097547], [cite:PUB00097551]].</p>
4;IPR037518;"imex:IM-21659
imex:IM-29994
pubmed:27705803
pubmed:37228199";MPN domain;"<p>The MPN (Mpr1, Pad1 N-terminal) domain (also known as the Mov34, JAB, PAD-1, or JAMM (JAB1/MPN/Mov34 metalloenzyme) domain) is a widespread 120 amino acid protein module found in archaea, bacteria and eukaryotes. In eukaryotes the MPN domain is found in subunits of several multiprotein complexes, including the proteasome, whereas in eubacteria and archaea, the MPN domain is usually found in single domain proteins [[cite:PUB00087094], [cite:PUB00029448], [cite:PUB00037483], [cite:PUB00044473], [cite:PUB00087095], [cite:PUB00087096], [cite:PUB00087097]].</p>

<p>Within the MPN domain super-family, two main subclasses have been characterised: the MPN+ and MPN- domain-containing proteins. MPN+ domain-containing proteins are classified as metalloenzymes responsible for isopeptidase activity. These proteins contain a conserved glutamate (E) and a JAMM (Jab1/MPN/Mov34 metalloenzyme) motif, typically consisting of a canonical sequence (H-x-H-x[[cite:PUB00087097]]-S-x[[cite:PUB00029448]]-D) and coordinating a zinc ion. The E and JAMM motifs specify a catalytic centre essential for selective hydrolysis of linkages, contained between ubiquitin/ubiquitin-like proteins and target proteins or between ubiquitin monomers within a polymeric chain. MPN- domains are recognisable by the absence of essential Zn(2+)-coordinating residues that are required for catalytic function. In protein complexes, an MPN+ domain can associate with MPN- domains for purposes that are not well understood [[cite:PUB00087094], [cite:PUB00037483], [cite:PUB00087096], [cite:PUB00087097]].</p>

<p>The MPN domain is composed of a five-stranded mixed β-sheet with strand order 21345 sandwiched between two α-helices. There is a second, smaller three-stranded parallel β-sheet formed by residues at the N and C termini and in the loop between the first two strands of the main sheet. MPN domains often form part of larger proteins. The N and C termini of the structure are close in space, allowing it to be easily inserted into a multidomain protein. The histidine and aspartate residues of the JAMM motif coordinate a zinc ion [[cite:PUB00029448], [cite:PUB00037483], [cite:PUB00087097]].</p>

<p>Some proteins known to contain an MPN domain are listed below:</p>

<ul><li>Eukaryotic COP9 signalosome complex subunit 5 (CSN5).</li>
<li>Eukaryotic COP9 signalosome complex subunit 6 (CSN6).</li>
<li>Eukaryotic 26S proteasome regulatory subunit RPN11.</li>
<li>Eukaryotic 26S proteasome non-ATPase subunit 7 (PSMD7), also known as Mov34.</li>
<li>Eukaryotic AMSH (associated molecule with the SH3 domain of STAM) proteins, zinc metalloproteases that specifically cleave ubiquitin chains.</li>
<li>Eukaryotic pre-mRNA-splicing factor 8 (PRP8), a component of the U5 small nuclear RNA-protein (snRNP) complex.</li>
<li>Eukaryotic translation initiation factor 3 (eIF3) subunits f and h (also known as subunits p47 and p40, respectively).</li>
<li>Animal BRCC36 family proteins, Lys-63-specific deubiquitinases.</li>
<li>Animal BRCA1-A complex subunit Abraxas.</li>
<li>Animal BRISC complex subunit Abro1.</li>
<li>Bacterial UPF0758 protein.</li>
<li>Bacteriophage lambda tail assembly protein 'K' (vtak).</li></ul>"
4;IPR000555;"imex:IM-21659
imex:IM-29994
pubmed:27705803
pubmed:37228199";JAB1/MPN/MOV34 metalloenzyme domain;"<p>This domain is known as the MPN domain [[cite:PUB00005480]], PAD-1-like domain [[cite:PUB00019876]], JABP1 domain [[cite:PUB00057398]] or JAMM domain [[cite:PUB00057434]]. Proteins with this domain include proteasome regulatory subunits, eukaryotic initiation factor 3 (eIF3) subunits and regulators of transcription factors. They are metalloenzymes that function as the ubiquitin isopeptidase/deubiquitinase in the ubiquitin-based signalling and protein turnover pathways in eukaryotes [[cite:PUB00057434]]. Versions of the domain in prokaryotic cognates of the ubiquitin-modification pathway are predicted to have a similar role [[cite:PUB00034476]].</p>

<p>The archaeal (H. volcanii) JAMM domain containing protein, HvJAMM1, cleaves ubiquitin-like small archaeal modifier proteins (SAMP1/2) from protein conjugates [[cite:PUB00069770]]. The bacterial JAMM domain containing protein QbsD from Pseudomonas fluorescens cleaves the C-terminal amino acid residues of the sulfur carrier protein QbsE prior to the formation of the carboxy-terminal thiocarboxylate [[cite:PUB00069779]].</p>"
4;IPR003903;"imex:IM-21433
imex:IM-21659
pubmed:23706739
pubmed:27705803";Ubiquitin interacting motif;<p>The Ubiquitin Interacting Motif (UIM), or 'LALAL-motif', is a stretch of about 20 amino acid residues, which was first described in the 26S proteasome subunit PSD4/RPN-10 that is known to recognise ubiquitin [[cite:PUB00007601], [cite:PUB00018255]]. In addition, the UIM is found, often in tandem or triplet arrays, in a variety of proteins either involved in ubiquitination and ubiquitin metabolism, or known to interact with ubiquitin-like modifiers. Among the UIM proteins are two different subgroups of the UBP (ubiquitin carboxy-terminal hydrolase) family of deubiquitinating enzymes, one F-box protein, one family of HECT-containing ubiquitin-ligases (E3s) from plants, and several proteins containing ubiquitin-associated UBA and/or UBX domains [[cite:PUB00018086]]. In most of these proteins, the UIM occurs in multiple copies and in association with other domains such as UBA ([interpro:IPR015940]), UBX ([interpro:IPR001012]), ENTH, EH ([interpro:IPR000261]), VHS ([interpro:IPR002014]), SH3 ([interpro:IPR001452]), HECT ([interpro:IPR000569]), VWFA ([interpro:IPR002035]), EF-hand calcium-binding, WD-40 ([interpro:IPR001680]), F-box ([interpro:IPR001810]), LIM ([interpro:IPR001781]), protein kinase ([interpro:IPR000719]), ankyrin ([interpro:IPR002110]), PX ([interpro:IPR001683]), phosphatidylinositol 3- and 4-kinase ([interpro:IPR000403]), C2 ([interpro:IPR000008]), OTU ([interpro:IPR003323]), dnaJ ([interpro:IPR001623]), RING-finger ([interpro:IPR001841]) or FYVE-finger ([interpro:IPR017455]). UIMs have been shown to bind ubiquitin and to serve as a specific targeting signal important for monoubiquitination. Thus, UIMs may have several functions in ubiquitin metabolism each of which may require different numbers of UIMs [[cite:PUB00018256], [cite:PUB00018257], [cite:PUB00044081]].</p>
4;IPR049590;"imex:IM-21433
imex:IM-21659
pubmed:23706739
pubmed:27705803";PSMD4, RAZUL domain;"<p>This entry represents the C-terminal Rpn10 AZUL-binding domain (RAZUL) of PSMD4, which is responsible for binding the AZUL domain of E6AP/UBE3A. AZUL stands for amino-terminal zinc-binding domain of ubiquitin E3a ligase.</p>

<p>PSMD4 is also called 26S proteasome regulatory subunit RPN10, 26S proteasome regulatory subunit S5A, antisecretory factor 1, AF, ASF, or multiubiquitin chain-binding protein (MCB1). It acts as a ubiquitin receptor subunit through ubiquitin-interacting motifs and selects ubiquitin-conjugates for destruction. It displays a preferred selectivity for longer polyubiquitin chains. PSMD4 is a component of the 26S proteasome, a multiprotein complex involved in the ATP-dependent degradation of ubiquitinated proteins. The proteasome participates in numerous cellular processes, including cell cycle progression, apoptosis, or DNA damage repair [[cite:PUB00062757], [cite:PUB00052676], [cite:PUB00110070], [cite:PUB00085267], [cite:PUB00147865]].</p>"
4;IPR002035;"imex:IM-21433
imex:IM-21659
pubmed:23706739
pubmed:27705803";von Willebrand factor, type A;"<p>The von Willebrand factor is a large multimeric glycoprotein found in blood plasma. Mutant forms are involved in the aetiology of bleeding disorders 
[[cite:PUB00001522]]. In von Willebrand factor, the type A domain (vWF) is the prototype for a protein superfamily. The vWF domain is found in various plasma proteins: complement factors B, C2, CR3 and CR4; the integrins (I-domains); collagen types VI, VII, XII and XIV; and other extracellular proteins [[cite:PUB00003554], [cite:PUB00003322], [cite:PUB00001619]]. Although the majority of VWA-containing proteins are extracellular, the most ancient ones present in all eukaryotes are all intracellular proteins involved in functions such as transcription, DNA repair, ribosomal and membrane transport and the proteasome. A common feature appears to be involvement in multiprotein complexes. Proteins that incorporate vWF domains participate in numerous biological events (e.g. cell adhesion, migration, homing, pattern formation, and signal transduction), involving interaction with a large array of ligands [[cite:PUB00003554]]. A number of human diseases arise from mutations in VWA domains.</p>"
4;IPR027040;"imex:IM-21433
imex:IM-21659
pubmed:23706739
pubmed:27705803";26S proteasome non-ATPase regulatory subunit 4;"<p>The 26S proteasome is composed of a core protease, known as the 20S proteasome, capped at one or both ends by the 19S regulatory complex (RC). The RC is composed of at least 18 different subunits in two subcomplexes, the base and the lid, which form the portions proximal and distal to the 20S proteolytic core, respectively [[cite:PUB00062757]].</p>

<p>This family consists of the RC subunit S5A or non-ATPase regulatory subunit 4 (PSMD4, also known as Rpn10). Rpn10 binds and presumably selects ubiquitin-conjugates for destruction [[cite:PUB00062754], [cite:PUB00062756]].</p>"
4;IPR036465;"imex:IM-21433
imex:IM-21659
pubmed:23706739
pubmed:27705803";von Willebrand factor A-like domain superfamily;"<p>The von Willebrand factor is a large multimeric glycoprotein found in blood plasma. Mutant forms are involved in the aetiology of bleeding disorders 
[[cite:PUB00001522]]. In von Willebrand factor, the type A domain (vWF) is the prototype for a protein superfamily. The vWF domain is found in various plasma proteins: complement factors B, C2, CR3 and CR4; the integrins (I-domains); collagen types VI, VII, XII and XIV; and other extracellular proteins [[cite:PUB00003554], [cite:PUB00003322], [cite:PUB00001619]]. Although the majority of VWA-containing proteins are extracellular, the most ancient ones present in all eukaryotes are all intracellular proteins involved in functions such as transcription, DNA repair, ribosomal and membrane transport and the proteasome. A common feature appears to be involvement in multiprotein complexes. Proteins that incorporate vWF domains participate in numerous biological events (e.g. cell adhesion, migration, homing, pattern formation, and signal transduction), involving interaction with a large array of ligands [[cite:PUB00003554]]. A number of human diseases arise from mutations in VWA domains.</p>"
4;IPR000357;"imex:IM-12079
imex:IM-24272
pubmed:19615732
pubmed:26496610";HEAT repeat;"<p>The HEAT repeat is a tandemly repeated, 37-47 amino acid long module occurring in a number of cytoplasmic proteins, including the four name-giving proteins huntingtin, elongation factor 3 (EF3), the 65 kDa alpha regulatory subunit of protein phosphatase 2A (PP2A) and the yeast PI3-kinase TOR1 [[cite:PUB00006179]]. Arrays of HEAT repeats consists of 3 to 36 units forming a rod-like helical structure and appear to function as protein-protein interaction surfaces. It has been noted that many HEAT repeat-containing proteins are involved in intracellular transport processes.</p>

<p>In the crystal structure of PP2A PR65/A [[cite:PUB00006180]], the HEAT repeats consist of pairs of antiparallel α-helices [[cite:PUB00006179]].</p>"
4;IPR057672;"imex:IM-12079
pubmed:19615732";IPO4/5-like, TPR repeats domain;<p>This region of tetratricopeptide (TPR)-like repeats is found towards the N-terminal end of human Importin-4/5 (IPO4/5) and similar eukaryotic proteins. IPO4 serves as receptor for nuclear localisation signals in cargo substrates [[cite:PUB00160731], [cite:PUB00160732]].</p>
4;IPR040122;"imex:IM-12079
pubmed:19615732";Importin beta family;"<p>This family consists of the karyopherins importin-beta and transportin. Importin subunit beta-1 forms a complex with an importin alpha subunit. The importin complex is required for nuclear protein import. Importins bind to NLSs in their protein cargos to transport them through the nuclear pore into the nucleus [[cite:PUB00076355]].</p>

<p>Transportin-1 and -2 also function in nuclear import [[cite:PUB00090549]]. Transportin-1 was first identified as the import factor for the heterogeneous ribonucleoprotein A1 (hnRNP A1) [[cite:PUB00090550]].</p>

<p>The subfamily of proteins known as RanBP6 (Ran-binding protein 6) are part of this family [[cite:PUB00152822]].</p>"
4;IPR001494;"imex:IM-12079
pubmed:19615732";Importin-beta, N-terminal domain;"<p>This entry represents the N-terminal domain of importin-beta (also known as karyopherins-beta) that is important for the binding of the Ran GTPase protein [[cite:PUB00018160]].</p>; <p>Members of the importin-beta (karyopherin-beta) family can bind and transport cargo by themselves, or can form heterodimers with importin-alpha. As part of a heterodimer, importin-beta mediates interactions with the pore complex, while importin-alpha acts as an adaptor protein to bind the nuclear localisation signal (NLS) on the cargo through the classical NLS import of proteins. Importin-beta is a helicoidal molecule constructed from 19 HEAT repeats. Many nuclear pore proteins contain FG sequence repeats that can bind to HEAT repeats within importins [[cite:PUB00009772], [cite:PUB00034678]], which is important for importin-beta mediated transport.</p>
<p>Ran GTPase helps to control the unidirectional transfer of cargo. The cytoplasm contains primarily RanGDP and the nucleus RanGTP through the actions of RanGAP and RanGEF, respectively. In the nucleus, RanGTP binds to importin-beta within the importin/cargo complex, causing a conformational change in importin-beta that releases it from importin-alpha-bound cargo. As a result, the N-terminal auto-inhibitory region on importin-alpha is free to loop back and bind to the major NLS-binding site, causing the cargo to be released [[cite:PUB00034676]]. There are additional release factors as well.</p>"
4;IPR058584;"imex:IM-12079
pubmed:19615732";Importin subunit beta-1/Transportin-1-like, TPR repeats;<p>This is a region of tetratricopeptide (TPR)-like repeats found in human Importin subunit beta-1 (IMB1).Transportin-1 (TNPO1) and similar eukaryotic proteins. IMB1 functions in nuclear protein import, either in association with an adapter protein, or by acting as autonomous nuclear transport receptor. Acting autonomously, serves itself as NLS receptor [[cite:PUB00161607], [cite:PUB00161608], [cite:PUB00161609], [cite:PUB00071404], [cite:PUB00161610]]. TNPO1 functions in nuclear protein import as nuclear transport receptor. It serves as receptor for nuclear localisation signals (NLS) in cargo substrates [[cite:PUB00143621]].</p>
4;IPR011333;"doi:10.1016/j.cell.2022.04.014
imex:IM-24272
imex:IM-29493
pubmed:26496610
pubmed:35512704";SKP1/BTB/POZ domain superfamily;"<p>The BTB (for BR-C, ttk and bab) [[cite:PUB00004829]] or POZ (for Pox virus and Zinc finger) [[cite:PUB00001918], [cite:PUB00035688]] domain is a versatile protein-protein interaction motif involved in many cellular functions, including transcriptional regulation, cytoskeleton dynamics, ion channel assembly and gating, and targeting proteins for ubiquitination [[cite:PUB00033636]]. The BTB domain can occur alongside other domains: BTB-zinc finger (BTB-ZF), BTB-BACK-Kelch (BBK), voltage-gated potassium channel T1 (T1-Kv) [[cite:PUB00035689]], MATH-BTB, BTB-NPH3 and BTB-BACK-PHR (BBP). Other proteins, such as Skp1 and ElonginC, consist almost exclusively of the core BTB fold. In all of these protein families, the BTB core fold is structurally conserved, consisting of a 2-layer α/β topology where a cluster of α-helices is flanked by short β-sheets [[cite:PUB00004917]]. POZ domains from several zinc finger proteins have been shown to mediate transcriptional repression and to interact with components of histone deacetylase co-repressor complexes including N-CoR and SMRT [[cite:PUB00000971], [cite:PUB00004499], [cite:PUB00003026]]. The POZ or BTB domain is also known as BR-C/Ttk or ZiN.</p>

<p>This entry includes the BTB/POZ domain, as well as  Skp1 N-terminal region which has an α/β structure similar to that of the BTB/POZ domain fold [[cite:PUB00035689], [cite:PUB00010628]].</p>"
4;IPR000210;"doi:10.1016/j.cell.2022.04.014
imex:IM-24272
imex:IM-29493
pubmed:26496610
pubmed:35512704";BTB/POZ domain;"<p>The BTB domain (Broad-Complex, Tramtrack and Bric a brac) is also known as the POZ domain (POxvirus and Zinc finger). It is a homodimerisation domain occurring at the N terminus of proteins containing multiple copies of either zinc fingers of the C2H2 type or Kelch repeats [[cite:PUB00004829], [cite:PUB00001918]]. Many BTB proteins are transcriptional regulators that are thought to act through the control of chromatin structure.</p>

<p>The structure of the BTB domain of the promyelocytic leukaemia zinc finger (PLZF) protein has been determined by X-ray crystallography and reveals a tightly intertwined dimer with an extensive hydrophobic interface [[cite:PUB00004917]]. A surface-exposed groove lined with conserved amino acids is formed at the dimer interface, suggesting a peptide-binding site.</p>"
4;IPR017907;"doi:10.15252/msb.20156660
imex:IM-24272
imex:IM-25015
pubmed:26496610
pubmed:27107012";Zinc finger, RING-type, conserved site;"<p>A number of eukaryotic and viral proteins contain a conserved cysteine-rich domain of 40 to 60 residues (called C3HC4 zinc-finger or 'RING' finger) [[cite:PUB00001094]] that binds two atoms of zinc. There are two different variants, the C3HC4-type and the C3H2C3-type, which is clearly related despite the different cysteine/histidine pattern. The latter type is sometimes referred to as ""RING-H2 finger"". The 3D structure [[cite:PUB00017951]] of the zinc ligation system is referred to as the ""cross-brace"" motif. This atypical conformation is also shared by the FYVE (see [prositedoc:PDOC50178]) and PHD (see [prositedoc:PDOC50016]) domains. Many proteins containing a RING finger play a key role in the ubiquitination pathway. The ubiquitination pathway generally involves three types of enzyme, know as E1, E2 and E3. E1 and E2 are ubiquitin conjugating enzymes. E1 acts first and passes ubiquitin to E2. E3 are ubiquitin protein ligases, responsible for substrate recognition. It has been shown [[cite:PUB00017952], [cite:PUB00017953]] that several RING fingers act as E3 enzymes in the ubiquitination process.</p>; <p>Zinc finger (Znf) domains are relatively small protein motifs which contain multiple finger-like protrusions that make tandem contacts with their target molecule. Some of these domains bind zinc, but many do not; instead, they bind other metals, such as iron, or no metal at all. For example, some family members form salt bridges to stabilise the finger-like folds. They were first identified as a DNA-binding motif in transcription factor TFIIIA from Xenopus laevis (African clawed frog); however, they are now recognised to bind DNA, RNA, protein and/or lipid substrates [[cite:PUB00035807], [cite:PUB00035805], [cite:PUB00035806], [cite:PUB00035804], [cite:PUB00014077]]. Their binding properties depend on the amino acid sequence of the finger domains and of the linker between fingers, as well as on the higher-order structures and the number of fingers. Znf domains are often found in clusters, where fingers can have different binding specificities. There are many superfamilies of Znf motifs, varying in both sequence and structure. They display considerable versatility in binding modes, even between members of the same class (e.g., some bind DNA, others protein), suggesting that Znf motifs are stable scaffolds that have evolved specialised functions. For example, Znf-containing proteins function in gene transcription, translation, mRNA trafficking, cytoskeleton organisation, epithelial development, cell adhesion, protein folding, chromatin remodelling and zinc sensing, to name but a few [[cite:PUB00035812]]. Zinc-binding motifs are stable structures, and they rarely undergo conformational changes upon binding their target.</p>"
4;IPR036612;"doi:10.1016/j.cell.2021.04.011
imex:IM-12079
imex:IM-29278
pubmed:19615732
pubmed:33961781";K Homology domain, type 1 superfamily;"<p>The K homology (KH) domain was first identified in the human heterogeneous nuclear ribonucleoprotein (hnRNP) K. It is a domain of around 70 amino acids that is present in a wide variety of quite diverse nucleic acid-binding proteins [[cite:PUB00005188]]. It has been shown to bind RNA [[cite:PUB00005961], [cite:PUB00005962]]. Like many other RNA-binding motifs, KH motifs are found in one or multiple copies (14 copies in chicken vigilin) and, at least for hnRNP K (three copies) and FMR-1 (two copies), each motif is necessary for<i>in vitro</i>RNA binding activity, suggesting that they may function cooperatively or, in the case of single KH motif proteins (for example, Mer1p), independently [[cite:PUB00005188]].</p>

<p>According to structural [[cite:PUB00005961], [cite:PUB00005962], [cite:PUB00007305]] analysis the KH domain can be separated in two groups. The first group or type-1 contain a β-α-α-β-β-α structure, whereas in the type-2 the two last β-sheet are located in the N-terminal part of the domain (α-β-β-α-α-β). Sequence similarity between these two folds are limited to a short region (VIGXXGXXI) in the RNA binding motif. This motif is located between helices 1 and 2 in type-1 and between helices 2 and 3 in type-2. Proteins known to contain a type-1 KH domain include bacterial polyribonucleotide nucleotidyltransferase ([ec:2.7.7.8]); vertebrate Fragile X messenger ribonucleoprotein 1 (FMR1); eukaryotic heterogeneous nuclear ribonucleoprotein K (hnRNP K), one of at least 20 major proteins that are part of hnRNP particles in mammalian cells; mammalian poly(rC) binding proteins; Artemia salina glycine-rich protein GRP33; yeast PAB1-binding protein 2 (PBP2); vertebrate vigilin; and human high-density lipoprotein binding protein (HDL-binding protein).</p>"
4;IPR004087;"doi:10.1016/j.cell.2021.04.011
imex:IM-12079
imex:IM-29278
pubmed:19615732
pubmed:33961781";K Homology domain;"<p>The K homology (KH) domain was first identified in the human heterogeneous nuclear ribonucleoprotein  (hnRNP) K.  An evolutionarily conserved sequence of around 70 amino acids, the KH domain is present in a wide variety of nucleic acid-binding proteins. The KH domain binds RNA, and can function in RNA recognition [[cite:PUB00035579]]. It is found in multiple copies in several proteins, where they can function cooperatively or independently.  For example, in the AU-rich element RNA-binding protein KSRP, which has 4 KH domains, KH domains 3 and 4 behave as independent binding modules to interact with different regions of the AU-rich RNA targets [[cite:PUB00035579]]. The solution structure of the first KH domain of FMR1 [[cite:PUB00005961]] and of the C-terminal KH domain of hnRNP K [[cite:PUB00005962]] determined by nuclear magnetic resonance
(NMR) revealed a β-α-α-β-β-α structure. Proteins containing KH domains include:</p>

<ul>
<li>Bacterial and organelle PNPases [[cite:PUB00035580]].</li>
<li>Archaeal and eukaryotic exosome subunits [[cite:PUB00035581]].</li>
<li>Eukaryotic and prokaryotic small ribosomal subunit proteins uS3 [[cite:PUB00035582]].</li>
<li>Vertebrate Fragile X messenger ribonucleoprotein 1 (FMR1) [[cite:PUB00035583]].</li>
<li>Vigilin, which has 14 KH domains [[cite:PUB00035584]].</li>
<li>AU-rich element RNA-binding protein KSRP.</li>
<li>hnRNP K, which contains 3 KH domains.</li>
<li>Human onconeural ventral antigen-1 (NOVA-1) [[cite:PUB00021445]].</li>
</ul>

<p>According to structural analyses [[cite:PUB00005961], [cite:PUB00005962], [cite:PUB00007305]], the KH domain can be separated in two groups - type 1 and type 2.</p>"
4;IPR002110;"doi:10.1016/j.cell.2021.04.011
imex:IM-12079
imex:IM-29278
pubmed:19615732
pubmed:33961781";Ankyrin repeat;"<p>The ankyrin repeat is one of the most common protein-protein interaction motifs in nature. Ankyrin repeats are tandemly repeated modules of about 33 amino acids. They occur in a large number of functionally diverse proteins mainly from eukaryotes. The few known examples from prokaryotes and viruses may be the result of horizontal gene transfers. The repeat has been found in proteins of diverse function such as transcriptional initiators, cell-cycle regulators [[cite:PUB00094371]], cytoskeletal, ion transporters and signal transducers [[cite:PUB00094372], [cite:PUB00006219]]. The ankyrin fold appears to be defined by its structure rather than its function since there is no specific sequence or structure which is universally recognised by it.</p>

<p>The conserved fold of the ankyrin repeat unit is known from several crystal and solution structures [[cite:PUB00006220], [cite:PUB00006221], [cite:PUB00006222], [cite:PUB00006223]]. Each repeat folds into a helix-loop-helix structure with a β-hairpin/loop region projecting out from the helices at a 90<sup>o</sup>angle. The repeats stack together to form an L-shaped structure [[cite:PUB00006220], [cite:PUB00009776]].</p>"
4;IPR004088;"doi:10.1016/j.cell.2021.04.011
imex:IM-12079
imex:IM-29278
pubmed:19615732
pubmed:33961781";K Homology domain, type 1;"<p>The K homology (KH) domain was first identified in the human heterogeneous nuclear ribonucleoprotein (hnRNP) K. It is a domain of around 70 amino acids that is present in a wide variety of quite diverse nucleic acid-binding proteins [[cite:PUB00005188]]. It has been shown to bind RNA [[cite:PUB00005961], [cite:PUB00005962]]. Like many other RNA-binding motifs, KH motifs are found in one or multiple copies (14 copies in chicken vigilin) and, at least for hnRNP K (three copies) and FMR-1 (two copies), each motif is necessary for<i>in vitro</i>RNA binding activity, suggesting that they may function cooperatively or, in the case of single KH motif proteins (for example, Mer1p), independently [[cite:PUB00005188]].</p>

<p>According to structural [[cite:PUB00005961], [cite:PUB00005962], [cite:PUB00007305]] analysis the KH domain can be separated in two groups. The first group or type-1 contain a β-α-α-β-β-α structure, whereas in the type-2 the two last β-sheet are located in the N-terminal part of the domain (α-β-β-α-α-β). Sequence similarity between these two folds are limited to a short region (VIGXXGXXI) in the RNA binding motif. This motif is located between helices 1 and 2 in type-1 and between helices 2 and 3 in type-2. Proteins known to contain a type-1 KH domain include bacterial polyribonucleotide nucleotidyltransferase ([ec:2.7.7.8]); vertebrate Fragile X messenger ribonucleoprotein 1 (FMR1); eukaryotic heterogeneous nuclear ribonucleoprotein K (hnRNP K), one of at least 20 major proteins that are part of hnRNP particles in mammalian cells; mammalian poly(rC) binding proteins; Artemia salina glycine-rich protein GRP33; yeast PAB1-binding protein 2 (PBP2); vertebrate vigilin; and human high-density lipoprotein binding protein (HDL-binding protein).</p>"
4;IPR051631;"doi:10.1016/j.cell.2021.04.011
imex:IM-12079
imex:IM-29278
pubmed:19615732
pubmed:33961781";Ankyrin repeat and KH/SAM domain-containing protein;<p>This family of proteins includes members that are involved in various cellular processes such as receptor tyrosine kinase signaling, cell cycle and DNA regulation, innate immune defense against viruses and bacteria, and vascular and renal function maintenance. Some proteins in this family act as scaffolding proteins, potentially influencing the phenotype of leukemia cells and regulating apoptosis. The ankyrin repeats within these proteins are crucial for binding to specific partners, indicating a role in protein-protein interactions. The presence of SAM domains suggests additional interaction capabilities, which may be important for cellular signaling pathways.</p>
4;IPR001245;"doi:10.1016/j.cell.2022.04.014
imex:IM-29493
pubmed:35512704";Serine-threonine/tyrosine-protein kinase, catalytic domain;"<p>This entry represents the catalytic domain found in a number of serine/threonine- and tyrosine-protein kinases. It does not include catalytic domain of dual specificity kinases.</p>; <p>Protein phosphorylation, which plays a key role in most cellular activities, is a reversible process mediated by protein kinases and phosphoprotein phosphatases. Protein kinases catalyse the transfer of the gamma phosphate from nucleotide triphosphates (often ATP) to one or more amino acid residues in a protein substrate side chain, resulting in a conformational change affecting protein function. Phosphoprotein phosphatases catalyse the reverse process. 
Protein kinases fall into three broad classes, characterised with respect to substrate specificity [[cite:PUB00005115]]:</p>

<ul>
<li>Serine/threonine-protein kinases</li>
<li>Tyrosine-protein kinases</li>
<li>Dual specificity protein kinases (e.g. MEK -phosphorylates both Thr and Tyr on target proteins)</li>
</ul>

<p>Protein kinase function is evolutionarily conserved from Escherichia coli to human [[cite:PUB00020114]]. Protein kinases play a role in a multitude of cellular processes, including division, proliferation, apoptosis, and differentiation [[cite:PUB00015362]]. Phosphorylation usually results in a functional change of the target protein by changing enzyme activity, cellular location, or association with other proteins. The catalytic subunits of protein kinases are highly conserved, and several structures have been solved [[cite:PUB00034898]], leading to large screens to develop kinase-specific inhibitors for the treatments of a number of diseases [[cite:PUB00034899]].</p>"
4;IPR036638;"imex:IM-28767
pubmed:35140242";Helix-loop-helix DNA-binding domain superfamily;"<p>This domain is found in a number of eukaryotic proteins, which probably are sequence specific DNA-binding proteins that act as transcription factors, share a conserved domain of 40 to 50 amino acid residues. It has been proposed [[cite:PUB00000825]] that this domain is formed of two amphipathic helices joined by a variable length linker region that could form a loop. This 'helix-loop-helix' (HLH) domain mediates protein dimerisation and has been found in the proteins listed below [[cite:PUB00001514]]. Most of these proteins have an extra basic region of about 15 amino acid residues that is adjacent to the HLH domain and specifically binds to DNA. They are referred as basic helix-loop-helix proteins (bHLH), and are classified in two groups: class A (ubiquitous) and class B (tissue-specific). Members of the bHLH family bind variations on the core sequence 'CANNTG', also referred to as
the E-box motif. The homo- or heterodimerisation mediated by the HLH domain is independent of, but necessary for DNA binding, as two basic regions are required for DNA binding activity. The HLH proteins lacking the basic domain (Emc, Id) function as negative regulators, since they form heterodimers, but fail to bind DNA. The hairy-related proteins (hairy, E(spl), deadpan) also repress transcription although they can bind DNA. The proteins of this subfamily act together with co-repressor proteins, like groucho, through their -terminal motif WRPW.</p>"
4;IPR011598;"imex:IM-28767
pubmed:35140242";Myc-type, basic helix-loop-helix (bHLH) domain;"<p>This domain is found in a number of eukaryotic proteins, which probably are sequence specific DNA-binding proteins that act as transcription factors, share a conserved domain of 40 to 50 amino acid residues. It has been proposed [[cite:PUB00000825]] that this domain is formed of two amphipathic helices joined by a variable length linker region that could form a loop. This 'helix-loop-helix' (HLH) domain mediates protein dimerisation and has been found in the proteins listed below [[cite:PUB00001514]]. Most of these proteins have an extra basic region of about 15 amino acid residues that is adjacent to the HLH domain and specifically binds to DNA. They are referred as basic helix-loop-helix proteins (bHLH), and are classified in two groups: class A (ubiquitous) and class B (tissue-specific). Members of the bHLH family bind variations on the core sequence 'CANNTG', also referred to as
the E-box motif. The homo- or heterodimerisation mediated by the HLH domain is independent of, but necessary for DNA binding, as two basic regions are required for DNA binding activity. The HLH proteins lacking the basic domain (Emc, Id) function as negative regulators, since they form heterodimers, but fail to bind DNA. The hairy-related proteins (hairy, E(spl), deadpan) also repress transcription although they can bind DNA. The proteins of this subfamily act together with co-repressor proteins, like groucho, through their -terminal motif WRPW.</p>; <p>Proteins containing a HLH domain include:
<ul>
<li>The myc family of cellular oncogenes [[cite:PUB00000846]], which is currently known to contain four members: c-myc, N-myc, L-myc, and B-myc. The myc genes are thought to play a role in cellular differentiation and proliferation.</li>
<li>Proteins involved in myogenesis (the induction of muscle cells). In mammals MyoD1 (Myf-3), myogenin (Myf-4), Myf-5, and Myf-6 (Mrf4 or herculin), in birds CMD1 (QMF-1), in Xenopus MyoD and MF25, in Caenorhabditis elegans CeMyoD, and in Drosophila nautilus (nau).</li>
<li>Vertebrate proteins that bind specific DNA sequences ('E boxes') in various immunoglobulin chains enhancers: E2A or ITF-1 (E12/pan-2 and E47/pan-1), ITF-2 (tcf4), TFE3, and TFEB.</li>
<li>Vertebrate neurogenic differentiation factor 1 that acts as differentiation factor during neurogenesis.</li>
<li>Vertebrate MAX protein, a transcription regulator that forms a sequence- specific DNA-binding protein complex with myc or mad.</li>
<li>Vertebrate Max Interacting Protein 1 (MXI1 protein) which acts as a transcriptional repressor and may antagonize myc transcriptional activity by competing for max.</li>
<li>Proteins of the bHLH/PAS superfamily which are transcriptional activators. In mammals, AH receptor nuclear translocator (ARNT), single-minded homologues (SIM1 and SIM2), hypoxia-inducible factor 1 alpha (HIF1A), AH receptor (AHR), neuronal pas domain proteins (NPAS1 and NPAS2), endothelial pas domain protein 1 (EPAS1), mouse ARNT2, and human BMAL1. In Drosophila, single-minded (SIM), AH receptor nuclear translocator (ARNT), trachealess protein (TRH), and similar protein (SIMA).</li>
<li>Mammalian transcription factors HES, which repress transcription by acting on two types of DNA sequences, the E box and the N box.</li>
<li>Mammalian MAD protein (max dimerizer) which acts as transcriptional repressor and may antagonize myc transcriptional activity by competing for max.</li>
<li>Mammalian Upstream Stimulatory Factor 1 and 2 (USF1 and USF2), which bind to a symmetrical DNA sequence that is found in a variety of viral and cellular promoters.</li>
<li>Human lyl-1 protein; which is involved, by chromosomal translocation, in T- cell leukemia.</li>
<li>Human transcription factor AP-4.</li>
<li>Mouse helix-loop-helix proteins MATH-1 and MATH-2 which activate E box- dependent transcription in collaboration with E47.</li>
<li>Mammalian stem cell protein (SCL) (also known as tal1), a protein which may play an important role in hemopoietic differentiation. SCL is involved, by chromosomal translocation, in stem-cell leukemia.</li>
<li>Mammalian proteins Id1 to Id4 [[cite:PUB00004457]]. Id (inhibitor of DNA binding) proteins lack a basic DNA-binding domain but are able to form heterodimers with other HLH proteins, thereby inhibiting binding to DNA.</li>
<li>Drosophila extra-macrochaetae (emc) protein, which participates in sensory organ patterning by antagonizing the neurogenic activity of the achaete- scute complex. Emc is the homologue of mammalian Id proteins.</li>
<li>Human Sterol Regulatory Element Binding Protein 1 (SREBP-1), a transcriptional activator that binds to the sterol regulatory element 1 (SRE-1) found in the flanking region of the LDLR gene and in other genes.</li>
<li>Drosophila achaete-scute (AS-C) complex proteins T3 (l'sc), T4 (scute), T5 (achaete) and T8 (asense). The AS-C proteins are involved in the determination of the neuronal precursors in the peripheral nervous system and the central nervous system.</li>
<li>Mammalian homologues of achaete-scute proteins, the MASH-1 and MASH-2 proteins.</li>
<li>Drosophila atonal protein (ato) which is involved in neurogenesis.</li>
</ul>"
4;IPR000504;"imex:IM-30059
pubmed:39251607";RNA recognition motif domain;"<p>Many eukaryotic proteins containing one or more copies of a putative RNA-binding domain of about 90 amino acids are known to bind single-stranded RNAs [[cite:PUB00005341], [cite:PUB00034493], [cite:PUB00034494]]. The largest group of single strand RNA-binding proteins is the eukaryotic RNA recognition motif (RRM) family that contains an eight amino acid RNP-1 consensus sequence [[cite:PUB00001891], [cite:PUB00034495]]. RRM proteins have a variety of RNA binding preferences and functions, and include heterogeneous nuclear ribonucleoproteins (hnRNPs), proteins implicated in regulation of alternative splicing (SR, U2AF, Sxl), protein components of small nuclear ribonucleoproteins (U1 and U2 snRNPs), and proteins that regulate RNA stability and translation (PABP, La, Hu) [[cite:PUB00034493], [cite:PUB00034494], [cite:PUB00034495]]. The RRM in heterodimeric splicing factor U2 snRNP auxiliary factor (U2AF) appears to have two RRM-like domains with specialised features for protein recognition [[cite:PUB00016352]]. The motif also appears in a few single stranded DNA binding proteins.</p>

<p>The typical RRM consists of four anti-parallel β-strands and two α-helices arranged in a β-α-β-β-α-β fold with side chains that stack with RNA bases. Specificity of RNA binding is determined by multiple contacts with surrounding amino acids. A third helix is present during RNA binding in some cases [[cite:PUB00004440]]. The RRM is reviewed in a number of publications [[cite:PUB00034496], [cite:PUB00034497], [cite:PUB00034498]].</p>

<p>This entry also includes some bacterial putative RNA-binding proteins.</p>"
4;IPR035979;"imex:IM-30059
pubmed:39251607";RNA-binding domain superfamily;"<p>Many eukaryotic proteins containing one or more copies of a putative RNA-binding domain of about 90 amino acids are known to bind single-stranded RNAs [[cite:PUB00005341], [cite:PUB00034493], [cite:PUB00034494]]. The largest group of single strand RNA-binding proteins is the eukaryotic RNA recognition motif (RRM) family that contains an eight amino acid RNP-1 consensus sequence [[cite:PUB00001891], [cite:PUB00034495]]. RRM proteins have a variety of RNA binding preferences and functions, and include heterogeneous nuclear ribonucleoproteins (hnRNPs), proteins implicated in regulation of alternative splicing (SR, U2AF, Sxl), protein components of small nuclear ribonucleoproteins (U1 and U2 snRNPs), and proteins that regulate RNA stability and translation (PABP, La, Hu) [[cite:PUB00034493], [cite:PUB00034494], [cite:PUB00034495]]. The RRM in heterodimeric splicing factor U2 snRNP auxiliary factor (U2AF) appears to have two RRM-like domains with specialised features for protein recognition [[cite:PUB00016352]]. The motif also appears in a few single stranded DNA binding proteins.</p>

<p>The typical RRM consists of four anti-parallel β-strands and two α-helices arranged in a β-α-β-β-α-β fold with side chains that stack with RNA bases. Specificity of RNA binding is determined by multiple contacts with surrounding amino acids. A third helix is present during RNA binding in some cases [[cite:PUB00004440]]. The RRM is reviewed in a number of publications [[cite:PUB00034496], [cite:PUB00034497], [cite:PUB00034498]].</p>

<p>This entry also includes some bacterial putative RNA-binding proteins.</p>"
4;IPR012677;"imex:IM-30059
pubmed:39251607";Nucleotide-binding alpha-beta plait domain superfamily;"<p>This superfamily represents nucleotide-binding domains with an α-β plait structure, which consists of either a ferredoxin-like (β-α-β)2 fold, such as that found in RNA-binding domains of various ribonucleoproteins or in viral DNA-binding domains [[cite:PUB00016352], [cite:PUB00007413]]; or a β-(α)-β-α-β(2) fold, such as that found in the ribosomal protein L23 [[cite:PUB00016354]].</p>"
4;IPR001005;"imex:IM-24279
imex:IM-28767
pubmed:26028330
pubmed:35140242";SANT/Myb domain;"<p>The myb/SANT domains can be classified into three groups: the myb-type HTH domain, which binds DNA, the SANT domain, which is a protein-protein interaction module, and the myb-like domain that can be involved in either of these functions. This entry represents a myb-like domain.</p>; <p>The retroviral oncogene v-myb, and its cellular counterpart c-myb, encode nuclear DNA-binding proteins. In myb, one of the most conserved regions consisting of three tandem repeats has been shown to be involved in DNA-binding [[cite:PUB00001152]].</p>

<p>The SANT domain is present in nuclear receptor co-repressors and in the subunits of many chromatin-remodelling complexes [[cite:PUB00005459]]. It has a strong structural similarity to the DNA-binding domain of Myb-related proteins [[cite:PUB00029414]]. Both consist of tandem repeats of three α-helices that are arranged in a helix-turn-helix motif, each α-helix containing a bulky aromatic residue. Despite the overall similarity there are differences that indicate that the SANT domain is functionally divergent from the canonical Myb DNA-binding domain [[cite:PUB00043689]].</p>"
4;IPR003102;"imex:IM-30532
pubmed:38884001";Cyclic AMP-responsive element-binding protein 1-like, pKID;"<p>This entry represents the phosphorylated kinase-inducible domain (pKID) of human Cyclic AMP-responsive element-binding protein 1 (CREB) and similar animal proteins.</p>; <p>The nuclear factor CREB activates transcription of target genes in part through direct interactions with the KIX domain of the coactivator CREB binding protein (CBP, [interpro:IPR003101]) in a phosphorylation-dependent manner. CBP and Histone acetyltransferase p300 (P300) bind to the pKID of CREB [[cite:PUB00006396]]. Additionally, binding of this domain to the complex formed by the transcription factor mixed-lineage leukemia (MLL, also known as Histone-lysine N-methyltransferase 2A) and KIX has been associated with repacking of the allosteric network in the hydrophobic core of this protein [[cite:PUB00103955]].</p>"
4;IPR001630;"imex:IM-30532
pubmed:38884001";cAMP response element binding (CREB) protein;"<p>Transcription initiation is dictated by the presence and activity of specific nuclear factors that bind to DNA regulatory sequences and interact with the transcriptional machinery. The functions of some of these factors can be altered by phosphorylation, which affects both DNA binding and transcriptional activation [[cite:PUB00000850]]. Phosphorylation is effected by specific protein kinases that have been activated by the stimulus of signal transduction pathways, resulting in the regulation of gene transcription by modulating the phosphorylation sites of transcription factors.</p>
<p>Cyclic AMP (cAMP) regulates the expression of many genes via a conserved gene promoter element CRE (cAMP response element) [[cite:PUB00003661]], which has the sequence 5'-TGACGTCA-3' [[cite:PUB00004041]]. The cAMP response element binding protein (CREB) is a nuclear factor that is regulated by protein kinase A phosphorylation. Transcription is stimulated on binding to the CRE of a phosphorylated CREB dimer, which is held together by leucine zippers. Dimerisation and transcriptional efficacy have been found to be stimulated by phosphorylation at several distinct sites, and it has thus been suggested [[cite:PUB00003661]] that CREB may be regulated by multiple kinases. Sequence analysis of the gene has revealed a cluster of protein kinase A, protein kinase C, and casein kinase II consensus recognition sites near the N terminus of the protein sequence, and the proximity of these sites to one another indicates the possibility of interaction in a positive or negative fashion to regulate CREB bioactivity.</p>
<p>The 'leucine zipper' is a structure that is believed to mediate the function of several eukaryotic gene regulatory proteins. The zipper consists of a periodic repetition of leucine residues at every seventh position, and regions containing them appear to span 8 turns of α-helix. The leucine side chains that extend from one helix interact with those from a similar helix, hence facilitating dimerisation in the form of a coiled-coil. Leucine zippers are present in many gene regulatory proteins, including the CREB proteins, Jun/AP1 transcription factors, fos oncogene and fos-related proteins, C-myc, L-myc and N-myc oncogenes, and so on.</p>"
4;IPR000679;"imex:IM-24279
imex:IM-28767
pubmed:26028330
pubmed:35140242";Zinc finger, GATA-type;"<p>This entry represents GATA-type zinc fingers (Znf). A number of transcription factors (including erythroid-specific transcription factor and nitrogen regulatory proteins), specifically bind the DNA sequence (A/T)GATA(A/G) [[cite:PUB00001896]] in the regulatory regions of genes. They are consequently termed GATA-binding transcription factors. The interactions occur via highly-conserved Znf domains in which the zinc ion is coordinated by four cysteine residues [[cite:PUB00000834], [cite:PUB00005167]]. NMR studies have shown the core of the Znf to comprise two irregular anti-parallel β-sheets and an α-helix, followed by a long loop to the C-terminal end of the finger. The N-terminal part, which includes the helix, is similar in structure, but not sequence, to the N-terminal zinc module of the glucocorticoid receptor DNA-binding domain. The helix and the loop connecting the two β-sheets interact with the major groove of the DNA, while the C-terminal tail wraps around into the minor groove. It is this tail that is the essential determinant of specific binding. Interactions between the Znf and DNA are mainly hydrophobic, explaining the preponderance of thymines in the binding site; a large number of interactions with the phosphate backbone have also been observed [[cite:PUB00005167]]. Two GATA zinc fingers are found in the GATA transcription factors. However there are several proteins which only contains a single copy of the domain.</p>"
4;IPR013088;"imex:IM-28767
pubmed:35140242";Zinc finger, NHR/GATA-type;"<p>This entry represents a zinc finger motif found in nuclear hormone receptors and in erythroid transcription factor GATA-1. Nuclear hormone receptors usually have two copies of this motif, while GATA-1 has one copy. The zinc fingers in nuclear receptors are generally regarded as DNA-binding domains [[cite:PUB00021440]], while those in GATA-1 have been implicated in protein-recognition (of FOG proteins) [[cite:PUB00021697], [cite:PUB00032561]].</p>; <p>Zinc finger (Znf) domains are relatively small protein motifs which contain multiple finger-like protrusions that make tandem contacts with their target molecule. Some of these domains bind zinc, but many do not; instead, they bind other metals, such as iron, or no metal at all. For example, some family members form salt bridges to stabilise the finger-like folds. They were first identified as a DNA-binding motif in transcription factor TFIIIA from Xenopus laevis (African clawed frog); however, they are now recognised to bind DNA, RNA, protein and/or lipid substrates [[cite:PUB00035807], [cite:PUB00035805], [cite:PUB00035806], [cite:PUB00035804], [cite:PUB00014077]]. Their binding properties depend on the amino acid sequence of the finger domains and of the linker between fingers, as well as on the higher-order structures and the number of fingers. Znf domains are often found in clusters, where fingers can have different binding specificities. There are many superfamilies of Znf motifs, varying in both sequence and structure. They display considerable versatility in binding modes, even between members of the same class (e.g., some bind DNA, others protein), suggesting that Znf motifs are stable scaffolds that have evolved specialised functions. For example, Znf-containing proteins function in gene transcription, translation, mRNA trafficking, cytoskeleton organisation, epithelial development, cell adhesion, protein folding, chromatin remodelling and zinc sensing, to name but a few [[cite:PUB00035812]]. Zinc-binding motifs are stable structures, and they rarely undergo conformational changes upon binding their target.</p>"
4;IPR020479;"imex:IM-28767
pubmed:35140242";Homeodomain, metazoa;<p>This entry represents the homeodomain (HD), a protein domain of approximately 60 residues that usually binds DNA. It is encoded by the homeobox sequence [[cite:PUB00126359], [cite:PUB00153777]], which was first identified in a number of Drosophila homeotic and segmentation proteins, but is now known to be well-conserved in many other animals, including vertebrates [[cite:PUB00000591], [cite:PUB00005390]]. Proteins containing HDs are likely to play an important role in development - most are known to be sequence-specific DNA-binding transcription factors. This domain folds into a globular structure with three α-helices connected by two short loops that harbour a hydrophobic core. The second and third form a helix-turn-helix (HTH) motif, which make intimate contacts with the DNA: while the first helix of this motif helps to stabilise the structure, the second helix binds to DNA via a number of hydrogen bonds and hydrophobic interactions, which occur between specific side chains and the exposed bases and thymine methyl groups within the major groove of the DNA [[cite:PUB00126359],  [cite:PUB00153777]]. One particularity of the HTH motif in some of these proteins arises from the stereo-chemical requirement for glycine in the turn (position 9 of the motif), which is needed to avoid steric interference of the β-carbon with the main chain: for cro and repressor proteins the glycine appears to be mandatory, while for many of the homeotic and other DNA-binding proteins the requirement is relaxed.</p>
4;IPR001766;"doi:10.1016/j.cell.2021.04.011
imex:IM-12079
imex:IM-21659
imex:IM-24272
imex:IM-29278
pubmed:19615732
pubmed:26496610
pubmed:27705803
pubmed:33961781";Fork head domain;"<p>The fork head domain is a conserved DNA-binding domain (also known as a ""winged helix"") of about 100 amino-acid residues.</p>

<p>Drosophila melanogaster fork head protein is a transcription factor that promotes terminal rather than segmental development, contains neither homeodomains nor zinc-fingers characteristic of other transcription factors [[cite:PUB00000827]]. Instead, it contains a distinct type of DNA-binding region, containing around 100 amino acids, which has since been identified in a number of transcription factors (including D. melanogaster FD1-5, mammalian HNF-3, human HTLF, Saccharomyces cerevisiae HCM1, etc.). This is referred to as the fork head domain but is also known as a 'winged helix' [[cite:PUB00000827], [cite:PUB00004151], [cite:PUB00004800]].</p>

<p>The fork head domain binds B-DNA as a monomer [[cite:PUB00004151]], but shows no similarity to previously identified DNA-binding motifs. Although the domain is found in several different transcription factors, a common function is their involvement in early developmental decisions of cell fates during embryogenesis [[cite:PUB00004800]].</p>"
4;IPR018122;"doi:10.1016/j.cell.2021.04.011
imex:IM-12079
imex:IM-21659
imex:IM-24272
imex:IM-29278
pubmed:19615732
pubmed:26496610
pubmed:27705803
pubmed:33961781";Fork head domain conserved site1;<p>The fork head domain is a conserved domain of about 100 amino-acid residues found in some eukaryotic transcription factors. It is involved in DNA-binding [[cite:PUB00004151]]. This entry represents a conserved site found in the N-terminal section of the fork head domain.</p>
4;IPR030456;"doi:10.1016/j.cell.2021.04.011
imex:IM-12079
imex:IM-21659
imex:IM-24272
imex:IM-29278
pubmed:19615732
pubmed:26496610
pubmed:27705803
pubmed:33961781";Fork head domain conserved site 2;<p>The fork head domain is a conserved domain of about 100 amino-acid residues found in some eukaryotic transcription factors. It is involved in DNA-binding [[cite:PUB00004151]]. This entry represents a conserved heptapeptide located in the central section of the domain.</p>
4;IPR036860;"doi:10.1016/j.cell.2022.04.014
doi:10.15252/msb.20156660
imex:IM-25015
imex:IM-29493
pubmed:27107012
pubmed:35512704";SH2 domain superfamily;"<p>The Src homology 2 (SH2) domain is a protein domain of about 100 amino-acid residues first identified as a conserved sequence region between the oncoproteins Src and Fps [[cite:PUB00003647]]. Similar sequences were later found in many other intracellular signal-transducing proteins [[cite:PUB00001638]]. SH2 domains function as regulatory modules of intracellular signalling cascades by interacting with high affinity to phosphotyrosine-containing target peptides in a sequence-specific, SH2 domains recognise between 3-6 residues C-terminal to the phosphorylated tyrosine in a fashion that differs from one SH2 domain to another, and strictly phosphorylation-dependent manner [[cite:PUB00003096], [cite:PUB00001025], [cite:PUB00005506], [cite:PUB00004203]]. They are found in a wide variety of protein contexts e.g., in association with catalytic domains of phospholipase Cy (PLCy) and the non-receptor protein tyrosine kinases; within structural proteins such as fodrin and tensin; and in a group of small adaptor molecules, i.e Crk and Nck. The domains are frequently found as repeats in a single protein sequence and will then often bind both mono- and di-phosphorylated substrates.</p>

<p>The structure of the SH2 domain belongs to the α+β class, its overall shape forming a compact flattened hemisphere. The core structural elements comprise a central hydrophobic anti-parallel β-sheet, flanked by 2 short α-helices. The loop between strands 2 and 3 provides many of the binding interactions with the phosphate group of its phosphopeptide ligand, and is hence designated the phosphate binding loop, the phosphorylated ligand binds perpendicular to the β-sheet and typically interacts with the phosphate binding loop and a hydrophobic binding pocket that interacts with a pY+3 side chain. The N- and C-termini of the domain are close together in space and on the opposite face from the phosphopeptide binding surface and it has been speculated that this has facilitated their integration into surface-exposed regions of host proteins [[cite:PUB00007102]].</p>"
4;IPR003619;"doi:10.1016/j.cell.2022.04.014
imex:IM-28767
imex:IM-29493
pubmed:35140242
pubmed:35512704";MAD homology 1, Dwarfin-type;"<p>Mammalian dwarfins are phosphorylated in response to transforming growth factor beta and are implicated in control of cell growth [[cite:PUB00004902]]. The dwarfin family also includes the Drosophila protein MAD that is required for the function of decapentaplegic (DPP) and may play a role in DPP signalling. Drosophila Mad binds to DNA and directly mediates activation of vestigial by Dpp [[cite:PUB00004255]]. This domain is also found in nuclear factor I (NF-I) or CCAAT box-binding transcription factor (CTF).</p>

<p>This entry represents the MH1 (MAD homology 1) domain is found at the amino terminus of MAD related proteins such as Smads. This domain is separated from the MH2 domain by a non-conserved linker region. The crystal structure of the MH1 domain shows that a highly conserved 11 residue β hairpin is used to bind the DNA consensus sequence GNCN in the major groove, shown to be vital for the transcriptional activation of target genes. Not all examples of MH1 can bind to DNA however. Smad2 cannot bind DNA and has a large insertion within the hairpin that presumably abolishes DNA binding. A basic helix (H2) in MH1 with the nuclear localisation signal KKLKK has been shown to be essential for Smad3 nuclear import. Smads also use the MH1 domain to interact with transcription factors such as Jun, TFE3, Sp1, and Runx [[cite:PUB00019858], [cite:PUB00004255], [cite:PUB00004902]].</p>"
4;IPR013543;"doi:10.1016/j.cell.2021.04.011
imex:IM-29278
pubmed:33961781";Calcium/calmodulin-dependent protein kinase II, association-domain;"<p>Protein phosphorylation, which plays a key role in most cellular activities, is a reversible process mediated by protein kinases and phosphoprotein phosphatases. Protein kinases catalyse the transfer of the gamma phosphate from nucleotide triphosphates (often ATP) to one or more amino acid residues in a protein substrate side chain, resulting in a conformational change affecting protein function. Phosphoprotein phosphatases catalyse the reverse process. 
Protein kinases fall into three broad classes, characterised with respect to substrate specificity [[cite:PUB00005115]]:</p>

<ul>
<li>Serine/threonine-protein kinases</li>
<li>Tyrosine-protein kinases</li>
<li>Dual specificity protein kinases (e.g. MEK -phosphorylates both Thr and Tyr on target proteins)</li>
</ul>

<p>Protein kinase function is evolutionarily conserved from Escherichia coli to human [[cite:PUB00020114]]. Protein kinases play a role in a multitude of cellular processes, including division, proliferation, apoptosis, and differentiation [[cite:PUB00015362]]. Phosphorylation usually results in a functional change of the target protein by changing enzyme activity, cellular location, or association with other proteins. The catalytic subunits of protein kinases are highly conserved, and several structures have been solved [[cite:PUB00034898]], leading to large screens to develop kinase-specific inhibitors for the treatments of a number of diseases [[cite:PUB00034899]].</p>; <p>This domain is found at the C terminus of the Calcium/calmodulin dependent protein kinases II (CaMKII). These proteins also have a Ser/Thr protein kinase domain ([interpro:IPR000719]) at their N terminus [[cite:PUB00020889]]. The function of the CaMKII association domain is the assembly of the single proteins into large (8 to 14 subunits) multimers [[cite:PUB00020846]] and is a prominent kinase in the central nervous system that may function in long-term potentiation and neurotransmitter release.</p>"
4;IPR032710;"doi:10.1016/j.cell.2021.04.011
imex:IM-29278
pubmed:33961781";NTF2-like domain superfamily;"<p>This superfamily represents a domain covering the whole length of the nuclear transport factor 2 (NTF2). It has a β-α(2)-β insertion after the main helix. NTF2 protein is a nuclear envelope protein facilitating protein transport into the nucleus [[cite:PUB00076766]].</p>

<p>Besides NTF2, proteins containing this domain include:</p>

<ul><li>UPF0225 protein YchJ</li>
  <li>3-phenylpropionate/cinnamic acid dioxygenase subunit beta</li>
  <li>Large ribosomal subunit protein mL45</li>
  <li>NTF1</li>
  <li>Type IV secretion system protein virB8</li>
  <li>Other related proteins</li></ul>"
4;IPR019775;"doi:10.1016/j.cell.2022.04.014
imex:IM-12079
imex:IM-29493
pubmed:19615732
pubmed:35512704";WD40 repeat, conserved site;"<p>This entry represents a conserved site found in the WD40 repeat.</p>; <p>WD-40 repeats (also known as WD or β-transducin repeats) are short ~40 amino acid motifs, often terminating in a Trp-Asp (W-D) dipeptide. WD40 repeats usually assume a 7-8 bladed β-propeller fold, but proteins have been found with 4 to 16 repeated units, which also form a circularised β-propeller structure. WD-repeat proteins are a large family found in all eukaryotes and are implicated in a variety of functions ranging from signal transduction and transcription regulation to cell cycle control and apoptosis. Repeated WD40 motifs act as a site for protein-protein or protein-DNA  interaction, and proteins containing WD40 repeats are known to serve as platforms for the assembly of protein complexes or mediators of transient interplay among other proteins [[cite:PUB00094364]]. The specificity of the proteins is determined by the sequences outside the repeats themselves. Examples of such complexes are G proteins (beta subunit is a β-propeller), TAFII transcription factor, and E3 ubiquitin ligase [[cite:PUB00015237], [cite:PUB00005491]]. In Arabidopsis spp., several WD40-containing proteins act as key regulators of plant-specific developmental events.</p>"
4;IPR020472;"doi:10.1016/j.cell.2022.04.014
imex:IM-12079
imex:IM-29493
pubmed:19615732
pubmed:35512704";PAC1/LIS1-like, WD-40 repeat;"<p>This entry represents the WD-40 repeats in PAC1/LIS1 receptors, a class B G-protein-coupled receptor (GPCR) and similar GPCR related proteins. This entry also includes small ribosomal subunit proteins RACK1 and other scaffolding proteins such as CIAO1 and MDV1.</p>; <p>WD-40 repeats (also known as WD or β-transducin repeats) are short ~40 amino acid motifs, often terminating in a Trp-Asp (W-D) dipeptide. WD40 repeats usually assume a 7-8 bladed β-propeller fold, but proteins have been found with 4 to 16 repeated units, which also form a circularised β-propeller structure. WD-repeat proteins are a large family found in all eukaryotes and are implicated in a variety of functions ranging from signal transduction and transcription regulation to cell cycle control and apoptosis. Repeated WD40 motifs act as a site for protein-protein or protein-DNA  interaction, and proteins containing WD40 repeats are known to serve as platforms for the assembly of protein complexes or mediators of transient interplay among other proteins [[cite:PUB00094364]]. The specificity of the proteins is determined by the sequences outside the repeats themselves. Examples of such complexes are G proteins (beta subunit is a β-propeller), TAFII transcription factor, and E3 ubiquitin ligase [[cite:PUB00015237], [cite:PUB00005491]]. In Arabidopsis spp., several WD40-containing proteins act as key regulators of plant-specific developmental events.</p>"
4;IPR001680;"doi:10.1016/j.cell.2022.04.014
imex:IM-12079
imex:IM-29493
pubmed:19615732
pubmed:35512704";WD40 repeat;<p>WD-40 repeats (also known as WD or β-transducin repeats) are short ~40 amino acid motifs, often terminating in a Trp-Asp (W-D) dipeptide. WD40 repeats usually assume a 7-8 bladed β-propeller fold, but proteins have been found with 4 to 16 repeated units, which also form a circularised β-propeller structure. WD-repeat proteins are a large family found in all eukaryotes and are implicated in a variety of functions ranging from signal transduction and transcription regulation to cell cycle control and apoptosis. Repeated WD40 motifs act as a site for protein-protein or protein-DNA  interaction, and proteins containing WD40 repeats are known to serve as platforms for the assembly of protein complexes or mediators of transient interplay among other proteins [[cite:PUB00094364]]. The specificity of the proteins is determined by the sequences outside the repeats themselves. Examples of such complexes are G proteins (beta subunit is a β-propeller), TAFII transcription factor, and E3 ubiquitin ligase [[cite:PUB00015237], [cite:PUB00005491]]. In Arabidopsis spp., several WD40-containing proteins act as key regulators of plant-specific developmental events.</p>
4;IPR021133;"imex:IM-12079
imex:IM-24272
pubmed:19615732
pubmed:26496610";HEAT, type 2;"<p>The HEAT repeat is a tandemly repeated, 37-47 amino acid long module occurring in a number of cytoplasmic proteins, including the four name-giving proteins huntingtin, elongation factor 3 (EF3), the 65 kDa alpha regulatory subunit of protein phosphatase 2A (PP2A) and the yeast PI3-kinase TOR1 [[cite:PUB00006179]]. Arrays of HEAT repeats consists of 3 to 36 units forming a rod-like helical structure and appear to function as protein-protein interaction surfaces. It has been noted that many HEAT repeat-containing proteins are involved in intracellular transport processes.</p>

<p>In the crystal structure of PP2A PR65/A [[cite:PUB00006180]], the HEAT repeats consist of pairs of antiparallel α-helices [[cite:PUB00006179]].</p>"
4;IPR016177;"doi:10.1016/j.cell.2021.04.011
imex:IM-21659
imex:IM-29278
pubmed:27705803
pubmed:33961781";DNA-binding domain superfamily;"<p>This superfamily represents a DNA-binding domain with a 2-layer β(3)-α fold that is found in several DNA-binding proteins, including:</p>

<ul>
<li>DNA-binding domain of tn916 integrase [[cite:PUB00007416]].</li>
<li>N-terminal DNA-binding domain of lambda integrase [[cite:PUB00038703]].</li>
<li>GCC-box DNA-binding domains of certain transcription factors [[cite:PUB00018484]].</li>
<li>Methyl-CpG DNA-binding domain found in Methyl-CpG-binding protein 2 (MECP2) [[cite:PUB00030284]] and methylation-dependent transcriptional repressor MBD1/PCM1 [[cite:PUB00015392]].</li>
</ul>"
4;IPR001739;"doi:10.1016/j.cell.2021.04.011
imex:IM-21659
imex:IM-29278
pubmed:27705803
pubmed:33961781";Methyl-CpG DNA binding;"<p>This entry represents the MBD domain. The MBD folds into an α/β-sandwich structure comprising a layer of twisted β-sheet, backed by another layer formed by the α1 helix and a hairpin loop at the C-terminal. These layers are amphipathic, with the α1 helix and the β-sheet lying parallel and the hydrophobic faces tightly packed against each other. The β-sheet is composed of two long inner strands (β2 and β3) sandwiched by two shorter outer strands (β1 and β4) [[cite:PUB00015392]].</p>; <p>Methylation at CpG dinucleotide, the most common DNA modification in eukaryotes, has been correlated with gene silencing associated with various phenomena such as genomic imprinting, transposon and chromosome X inactivation, differentiation, and cancer. Effects of DNA methylation are mediated through proteins which bind to symmetrically methylated CpGs. Such proteins contain a specific domain of ~70 residues, the methyl-CpG-binding domain (MBD), which is linked to additional domains associated with chromatin, such as the bromodomain, the AT hook motif, the SET domain, or the PHD finger. MBD-containing proteins appear to act as structural proteins, which recruit a variety of histone deacetylase (HDAC) complexes and chromatin remodelling factors, leading to chromatin compaction and, consequently, to transcriptional repression. The MBD of MeCP2, MBD1, MBD2, MBD4 and BAZ2 mediates binding to DNA, in case of MeCP2, MBD1 and MBD2 preferentially to methylated CpG. In case of human MBD3 and SETDB1 the MBD has been shown to mediate protein-protein interactions [[cite:PUB00015393], [cite:PUB00015391]].</p>"
2;IPR050242;"imex:IM-29994
pubmed:37228199";JAMM/MPN+ metalloenzymes, peptidase M67A;<p>The peptidase M67A family, also known as the JAMM/MPN+ metalloenzymes, encompasses proteins with diverse functions related to ubiquitin signaling and protein homeostasis. Members of this family are involved in the cleavage of 'Lys-63'-linked polyubiquitin chains, regulating processes such as DNA damage response, cell cycle progression, and immune signaling. They are components of various multiprotein complexes, including the BRCA1-A complex, which targets DNA damage sites, and the BRISC complex, which is essential for mitotic spindle assembly. The family also includes subunits of the COP9 signalosome, which regulates ubiquitin conjugation pathways, and the 26S proteasome, which degrades ubiquitinated proteins. Additionally, they play roles in translation initiation as part of the eIF-3 complex, targeting specific mRNAs for protein synthesis. This family is characterized by the presence of a JAMM motif, which is crucial for their protease activity, and some members also contain SANT and SWIRM domains for DNA binding and chromatin association.</p>
2;IPR056263;"imex:IM-29994
pubmed:37228199";26S proteasome regulatory subunit RPN11, C-terminal domain;<p>This entry represents the C-terminal helical domain of Ubiquitin carboxyl-terminal hydrolase RPN11 from Saccharomyces cerevisiae, its animal homologue 26S proteasome non-ATPase regulatory subunit 14 (also named RPN11) and similar eukaryotic 26S proteosomal subunits. This region is involved in forming a helical bundle with other RPN subunits to help with assembly of the proteosome lid [[cite:PUB00091262], [cite:PUB00091263], [cite:PUB00091255], [cite:PUB00152659]].</p>
2;IPR016563;"imex:IM-29553
pubmed:36581701";Nuclear protein localization protein 4;<p>Npl4 forms the Cdc48-Ufd1-Npl4 complex, which is a segregase complex that is involved in several ubiquitin-related processes. By coupling the ubiquitin-binding properties of Ufd1-Npl4 with the ATPase activity of Cdc48 (p97 in mammals), Cdc48-Ufd1-Npl4 is believed to aid in the extraction of ubiquitylated proteins from higher order complexes [[cite:PUB00077106]]. It also plays a role in the regulated destruction of resident ER membrane proteins [[cite:PUB00077110]].</p>
2;IPR007717;"imex:IM-29553
pubmed:36581701";Nuclear pore localisation protein NPL4, C-terminal;<p>The HRD4 gene is identical to NPL4, a gene previously implicated in nuclear transport. Using a diverse set of substrates and direct ubiquitination assays, analysis revealed that HRD4/NPL4 is required for a poorly characterised step in ER-associated degradation following ubiquitination of target proteins but preceding their recognition by the 26S proteasome [[cite:PUB00010193]]. Npl4p physically associates with Cdc48p via Ufd1p to form a Cdc48p-Ufd1p-Npl4p complex. The Cdc48-Ufd1-Npl4 complex functions in the recognition of several polyubiquitin-tagged proteins and facilitates their presentation to the 26S proteasome for processive degradation or even more specific processing [[cite:PUB00019939]].</p>
2;IPR023210;"imex:IM-29553
pubmed:36581701";NADP-dependent oxidoreductase domain;"<p>The aldo-keto reductase family includes a number of related monomeric NADPH-dependent oxidoreductases, such as aldehyde reductase, aldose reductase, prostaglandin F synthase, xylose reductase, rho crystallin, and many others [[cite:PUB00002548]]. All possess a similar structure, with a β-α-β fold characteristic of nucleotide binding proteins [[cite:PUB00002605]]. The fold comprises a parallel β8/α8 barrel, which contains a novel NADP-binding motif. The binding site is located in a large, deep, elliptical pocket in the C-terminal end of the β-sheet, the substrate being bound in an extended conformation. The hydrophobic nature of the pocket favours aromatic and apolar substrates over highly polar ones [[cite:PUB00005156]].</p>

<p>Binding of the NADPH coenzyme causes a massive conformational change, reorienting a loop, effectively locking the coenzyme in place. This binding is more similar to FAD- than to NAD(P)-binding oxidoreductases [[cite:PUB00002751]].</p>

<p>Some proteins of this entry contain a K+ ion channel beta chain regulatory domain; these are reported to have oxidoreductase activity [[cite:PUB00015049]].</p>

<p>This entry represents the NADP-dependent oxidoreductase domain found in these proteins.</p>"
2;IPR044498;"imex:IM-29553
pubmed:36581701";Aldo-keto reductase family 4C;"<p>This entry represents aldo-keto reductase family 4C (AKR4C). This is a group of plant aldo-keto reductases, including AKRC8/9/AKR4C10/AKR4C11 from Arabidopsis thaliana [[cite:PUB00053020]] and aldose reductase from Hordeum vulgare (Barley) [[cite:PUB00047086]]. Plant aldo-keto reductases of the AKR4C subfamily play key roles during stress and are attractive targets for developing stress-tolerant crops [[cite:PUB00047086]].</p>; <p>In general, the aldo-keto reductase (AKR) protein superfamily members reduce carbonyl substrates such as: sugar aldehydes, keto-steroids, keto-prostaglandins, retinals, quinones, and lipid peroxidation by-products [[cite:PUB00002548], [cite:PUB00096110]]. However, there are some exceptions, such as the reduction of steroid double bonds catalysed by AKR1D enzymes (5beta-reductases); and the oxidation of proximate carcinogen trans-dihydrodiol polycyclic aromatic hydrocarbons; while the beta-subunits of potassium gated ion channels (AKR6 family) control Kv channel opening [[cite:PUB00096110]].</p>

<p>Structurally, they contain an (α/β)8-barrel motif, display large loops at the back of the barrel which govern substrate specificity, and have a conserved cofactor binding domain. The binding site is located in a large, deep, elliptical pocket in the C-terminal end of the β-sheet, the substrate being bound in an extended conformation. The hydrophobic nature of the pocket favours aromatic and apolar substrates over highly polar ones [[cite:PUB00005156]]. They catalyse an ordered bi bi kinetic mechanism in which NAD(P)H cofactor binds first and leaves last [[cite:PUB00096110]]. Binding of the NADPH coenzyme causes a massive conformational change, reorienting a loop, effectively locking the coenzyme in place. This binding is more similar to FAD- than to NAD(P)-binding oxidoreductases [[cite:PUB00002751]].</p>"
2;IPR018170;"imex:IM-29553
pubmed:36581701";Aldo/keto reductase, conserved site;"<p>This entry represents three conserved sites found in members of the aldo/keto reductase family. The third site, located in the C-terminal, is centered on a lysine residue whose chemical modification, in aldose and aldehyde reductases, affect the catalytic efficiency.</p>; <p>The aldo-keto reductase family includes a number of related monomeric NADPH-dependent oxidoreductases, such as aldehyde reductase, aldose reductase, prostaglandin F synthase, xylose reductase, rho crystallin, and many others [[cite:PUB00002548]]. All possess a similar structure, with a β-α-β fold characteristic of nucleotide binding proteins [[cite:PUB00002605]]. The fold comprises a parallel β8/α8 barrel, which contains a novel NADP-binding motif. The binding site is located in a large, deep, elliptical pocket in the C-terminal end of the β sheet, the substrate being bound in an extended conformation. The hydrophobic nature of the pocket favours aromatic and apolar substrates over highly polar ones [[cite:PUB00005156]].</p>

<p>Binding of the NADPH coenzyme causes a massive conformational change, reorienting a loop, effectively locking the coenzyme in place. This binding is more similar to FAD- than to NAD(P)-binding oxidoreductases [[cite:PUB00002751]].</p>

<p>Some proteins of this entry contain a K+ ion channel beta chain regulatory domain; these are reported to have oxidoreductase activity [[cite:PUB00015049]].</p>"
2;IPR020471;"imex:IM-29553
pubmed:36581701";Aldo-keto reductase;"<p>In general, the aldo-keto reductase (AKR) protein superfamily members reduce carbonyl substrates such as: sugar aldehydes, keto-steroids, keto-prostaglandins, retinals, quinones, and lipid peroxidation by-products [[cite:PUB00002548], [cite:PUB00096110]]. However, there are some exceptions, such as the reduction of steroid double bonds catalysed by AKR1D enzymes (5beta-reductases); and the oxidation of proximate carcinogen trans-dihydrodiol polycyclic aromatic hydrocarbons; while the beta-subunits of potassium gated ion channels (AKR6 family) control Kv channel opening [[cite:PUB00096110]].</p>

<p>Structurally, they contain an (α/β)8-barrel motif, display large loops at the back of the barrel which govern substrate specificity, and have a conserved cofactor binding domain. The binding site is located in a large, deep, elliptical pocket in the C-terminal end of the β-sheet, the substrate being bound in an extended conformation. The hydrophobic nature of the pocket favours aromatic and apolar substrates over highly polar ones [[cite:PUB00005156]]. They catalyse an ordered bi bi kinetic mechanism in which NAD(P)H cofactor binds first and leaves last [[cite:PUB00096110]]. Binding of the NADPH coenzyme causes a massive conformational change, reorienting a loop, effectively locking the coenzyme in place. This binding is more similar to FAD- than to NAD(P)-binding oxidoreductases [[cite:PUB00002751]].</p>"
2;IPR036812;"imex:IM-29553
pubmed:36581701";NAD(P)-dependent oxidoreductase domain superfamily;"<p>The aldo-keto reductase family includes a number of related monomeric NADPH-dependent oxidoreductases, such as aldehyde reductase, aldose reductase, prostaglandin F synthase, xylose reductase, rho crystallin, and many others [[cite:PUB00002548]]. All possess a similar structure, with a β-α-β fold characteristic of nucleotide binding proteins [[cite:PUB00002605]]. The fold comprises a parallel β8/α8 barrel, which contains a novel NADP-binding motif. The binding site is located in a large, deep, elliptical pocket in the C-terminal end of the β-sheet, the substrate being bound in an extended conformation. The hydrophobic nature of the pocket favours aromatic and apolar substrates over highly polar ones [[cite:PUB00005156]].</p>

<p>Binding of the NADPH coenzyme causes a massive conformational change, reorienting a loop, effectively locking the coenzyme in place. This binding is more similar to FAD- than to NAD(P)-binding oxidoreductases [[cite:PUB00002751]].</p>

<p>Some proteins of this entry contain a K+ ion channel beta chain regulatory domain; these are reported to have oxidoreductase activity [[cite:PUB00015049]].</p>"
2;Zea mays;"IPR001912
IPR002942
IPR005710
IPR018079
IPR022801
IPR036986";;
2;IPR040780;"imex:IM-21659
pubmed:27705803";6S proteasome subunit Rpn6, C-terminal helix domain;<p>This is the C-terminal helix domain found in Rpn6, a component of the 26S proteasome. The C-terminal helices are essential for lid assembly [[cite:PUB00091262], [cite:PUB00091263]].</p>
2;IPR050871;"imex:IM-21659
pubmed:27705803";26S Proteasome and COP9 Signalosome Components;<p>This family of proteins includes components of the 26S proteasome and the COP9 signalosome. Members involved in the 26S proteasome play a role in the ATP-dependent degradation of ubiquitinated proteins, maintaining protein homeostasis by removing misfolded or damaged proteins and those no longer needed, thus participating in cell cycle progression, apoptosis, and DNA damage repair. They are essential for proteasome assembly and are linked to increased proteasome activity in embryonic stem cells. Other family members are part of the COP9 signalosome complex, which regulates the ubiquitin conjugation pathway by deneddylation of cullin subunits of E3 ligase complexes, altering their activity. This process is involved in various cellular and developmental processes, including photomorphogenesis, neuronal differentiation, and circadian rhythm regulation.</p>
2;IPR040773;"imex:IM-21659
pubmed:27705803";26S proteasome regulatory subunit Rpn6, N-terminal;<p>This is the N-terminal domain found in Rpn6 proteins (26S proteasome regulatory subunit). The 26S proteasome holocomplex consists of a 28-subunit barrel-shaped core particle (CP) in the centre capped at the top and bottom by 19-subunit regulatory particles (RPs). The CP forms the catalytic chamber and the RP is formed from two subcomplexes known as the lid and the base [[cite:PUB00091255]]. The lid comprises nine Rpn subunits in yeast (Rpn3/5/6/7/8/9/11/12/15) and the base comprises three Rpn subunits (Rpn1/2/13) and six ATPases (Rpt1-6) [[cite:PUB00091256]]. Phosphorylation of Rpn6 enhances proteasome ATPase activity and promotes the formation of doubly capped (30S) proteasome, hence accelerating the degradation of short-lived proteins [[cite:PUB00091257]].</p>
2;IPR040928;"imex:IM-12079
pubmed:19615732";Importin repeat;<p>The importin subunit beta-3 has a superhelical structure composed of tandem repeats structurally similar to HEAT repeats [[cite:PUB00067274]]. This entry includes a single repeat unit and includes sequences not captured by [InterPro:IPR041653].</p>
2;IPR041653;"imex:IM-12079
pubmed:19615732";Importin repeat 4;<p>The importin subunit beta-3 has a superhelical structure composed of tandem repeats structurally similar to HEAT repeats [[cite:PUB00067274]]. This entry includes a single repeat unit.</p>
2;IPR041389;"imex:IM-12079
pubmed:19615732";Importin repeat 6;<p>The importin subunit beta-3 has a superhelical structure composed of tandem repeats structurally similar to HEAT repeats [[cite:PUB00067274]]. This entry represents two consecutive repeat units.</p>
2;IPR019467;"imex:IM-12079
pubmed:19615732";Histone acetyl transferase HAT1 N-terminal;<p>This entry represents the N-terminal half of the structure of histone acetyl transferase HAT1. It is often found in association with the C-terminal part of [interpro:IPR000182]. It seems to be motifs C and D of the structure. Histone acetyltransferases (HATs) catalyse the transfer of an acetyl group from acetyl-CoA to the lysine E-amino groups on the N-terminal tails of histones. HATs are involved in transcription since histones tend to be hyper-acetylated in actively transcribed regions of chromatin, whereas in transcriptionally silent regions histones are hypo-acetylated [[cite:PUB00005463]].</p>
2;IPR048776;"imex:IM-12079
pubmed:19615732";Histone acetyltransferase type B catalytic subunit, C-terminal;"<p>This entry represernts the C-terminal domain of human HAT1 and similar proteins from animals. This domain is highly variable and not required for HAT activity [[cite:PUB00097474]]. It consists of a bundle of helices and a short β-strand.</p>; <p>Histone acetyltransferase type B catalytic subunit (HAT1) is the catalytic subunit of the histone acetylase B (HAT-B) complex (composed on HAT1 and HAT2 at least) [[cite:PUB00152027], [cite:PUB00152028], [cite:PUB00006420], [cite:PUB00097474]]. It is involved in different biological processes including cell progression, glucose metabolism, histone production or DNA damage repair. HAT1 acetylates histone H4 at Lys-5 and Lys-12, and to a lesser extend, Lys-5 in histone H2A [[cite:PUB00006420], [cite:PUB00097474]].</p>"
2;IPR017380;"imex:IM-12079
pubmed:19615732";Histone acetyltransferase type B, catalytic subunit;"<p>This entry represents the catalytic subunit of histone acetyltransferase type B ([ec:2.3.1.48]) (also known as HAT1), which is the catalytic component of the histone acetylase B (HAT-B) complex [[cite:PUB00044716], [cite:PUB00044717], [cite:PUB00044718]]. The HAT-B complex is composed of at least HAT1 and HAT2. In the cytoplasm, this complex binds to the histone H4 tail. In the nucleus, the HAT-B complex has an additional component, the histone H3/H4 chaperone HIF1.</p>
<p>This enzyme acetylates soluble but not nucleosomal H4 at Lys-12, which is required for telomeric silencing. HAT1 has intrinsic substrate specificity that modifies lysine in recognition sequence GXGKXG. It is involved in DNA double-strand break repair [[cite:PUB00063095]].</p>"
2;IPR037113;"imex:IM-12079
pubmed:19615732";Histone acetyl transferase 1, N-terminal domain superfamily;<p>This entry represents the N-terminal domain superfamily of the structure of histone acetyl transferase HAT1. It is often found in association with the C-terminal part of [interpro:IPR000182]. It seems to be motifs C and D of the structure. Histone acetyltransferases (HATs) catalyse the transfer of an acetyl group from acetyl-CoA to the lysine E-amino groups on the N-terminal tails of histones. HATs are involved in transcription since histones tend to be hyper-acetylated in actively transcribed regions of chromatin, whereas in transcriptionally silent regions histones are hypo-acetylated [[cite:PUB00005463]].</p>
2;IPR013523;"imex:IM-12079
pubmed:19615732";Histone acetyltransferase HAT1, C-terminal;"<p>Histone acetylation is carried out by a class of enzymes known as histone acetyltransferases (HATs), which catalyse the transfer of an acetyl group from acetyl-CoA to the lysine<i>E</i>-amino groups on the N-terminal tails of histones [[cite:PUB00011790], [cite:PUB00097474]]. Early indication that HATs were involved in transcription came from the observation that in actively transcribed regions of chromatin, histones tend to be hyperacetylated, whereas in transcriptionally silent regions histones are hypoacetylated. The histone acetyltransferases are divided into five families. These include the Gcn5-related acetyltransferases (GNATs); the MYST (for `MOZ, Ybf2/Sas3, Sas2 and Tip60)-related HATs; p300/CBP HATs; the general transcription factor HATs, which include the TFIID subunit TAF250; and the nuclear hormone-related HATs SRC1 and ACTR (SRC3). The GCN5-related N-acetyltransferase superfamily includes such enzymes as the histone acetyltransferases GCN5 and Hat1, the elongator complex subunit Elp3, the mediator-complex subunit Nut1, and Hpa2 [[cite:PUB00005463]].</p>

<p>Many GNATs share several functional domains, including an N-terminal region of variable length, an acetyltransferase domain that encompasses the conserved sequence motifs described above, a region that interacts with the coactivator Ada2, and a C-terminal bromodomain that is believed to interact with acetyl-lysine residues. Members of the GNAT family are important for the regulation of cell growth and development. In mice, knockouts of Gcn5L are embryonic lethal. Yeast Gcn5 is needed for normal progression through the G2-M boundary and mitotic gene expression. The importance of GNATs is probably related to their role in transcription and DNA repair.</p>

<p>The yeast GCN5 (yGCN5) transcriptional coactivator functions as a histone acetyltransferase (HAT) to promote transcriptional activation. The crystal structure of the yeast histone acetyltransferase Hat1-acetyl coenzyme A (AcCoA) shows that Hat1 has an elongated, curved structure, and the AcCoA molecule is bound in a cleft on the concave surface of the protein, marking the active site of the enzyme. A channel of variable width and depth that runs across the protein is probably the binding site for the histone substrate [[cite:PUB00006420]]. The central protein core associated with AcCoA binding that appears to be structurally conserved among a superfamily of N-acetyltransferases, including yeast histone acetyltransferase 1 and Serratia marcescens aminoglycoside 3-N-acetyltransferase [[cite:PUB00006453]].</p>

<p>This entry represents the C-terminal region of histone acetyltransferase type B ([ec:2.3.1.48]) (also known as HAT1) from fungi and metazoa, which is required for telomeric silencing and has intrinsic substrate specificity that modifies lysine in recognition sequence GXGKXG. It is also involved in DNA double-strand break repair. The structure from human HAT1 revealed that this domain consists of a bundle of helices with one short β-strand [[cite:PUB00097474]].</p>"
2;IPR016181;"imex:IM-12079
pubmed:19615732";Acyl-CoA N-acyltransferase;"<p>This entry represents a structural domain found in several acyl-CoA acyltransferase enzymes. This domain has a 3-layer α/β/α structure that contains mixed β-sheets, and can be found in the following proteins:</p>

<ul>
<li>N-acetyl transferase (NAT) family members, including aminoglycoside N-acetyltransferases [[cite:PUB00027579]], the histone acetyltransferase domain of P300/CBP associating factor PCAF [[cite:PUB00023984]], the catalytic domain of GCN5 histone acetyltransferase [[cite:PUB00006453]], and diamine acetyltransferase 1 [[cite:PUB00039506]].</li>
<li>Autoinducer synthetases, such as protein LasI [[cite:PUB00030742]] and acyl-homoserinelactone synthase EsaI [[cite:PUB00026875]].</li>
<li>Leucyl/phenylalanyl-tRNA-protein transferase (LFTR), a close relative of the non-ribosomal peptidyltransferases; there is a deletion of the N-terminal half of the N-terminal NAT-like domain after the domain duplication/swapping events [[cite:PUB00040115]].</li>
<li>Ornithine decarboxylase antizyme, which may have evolved a different function for this domain, although the putative active site maps to the same location in the common fold.</li>
<li>Arginine N-succinyltransferase, alpha chain, AstA, which contains an extra C-terminal domain that is similar to the double-psi β-barrel fold domain (missing one strand and untangled ψ-loops).</li>
</ul>

<p>Several proteins carry a duplication of this domain, which consists of two NAT-like domains swapped with the C-terminal strands, including:</p>

<ul>
<li>N-myristoyl transferase (NMT) [[cite:PUB00026039]].</li>
<li>FemXAB non ribosomal peptidyl transferases, including methicillin-resistance protein FemA (transfer glycyl residue from tRNA-Gly) [[cite:PUB00014008]] and peptidyl transferase FemX [[cite:PUB00029031]].</li>
<li>Hypothetical protein cg14615-pa from Drosophila melanogaster (Fruit fly).</li>
</ul>"
2;IPR029489;"doi:10.1016/j.cell.2021.04.011
imex:IM-12079
imex:IM-21659
imex:IM-29278
pubmed:19615732
pubmed:27705803
pubmed:33961781";O-GlcNAc transferase, C-terminal;<p>This entry represents the C-terminal domain of the O-linked beta-N-acetylglucosamine transferase (OGT, also known as UDP-N-acetylglucosamine--peptide N-acetylglucosaminyltransferase), which catalyses the transfer of a single GlcNAc to the Ser or Thr of nucleocytoplasmic proteins [[cite:PUB00070116]]. OGTs have two known domains: the N-terminal tetratricopeptide repeat domain and the C-terminal glycosyltransferase domain [[cite:PUB00049883]]. Deletions of the C-terminal domain result in a complete loss of the enzyme activity [[cite:PUB00070118]].</p>
2;IPR037919;"doi:10.1016/j.cell.2021.04.011
imex:IM-12079
imex:IM-21659
imex:IM-29278
pubmed:19615732
pubmed:27705803
pubmed:33961781";UDP-N-acetylglucosamine--peptide N-acetylglucosaminyltransferase 110kDa subunit;"<p>The UDP-N-acetylglucosamine--peptide N-acetylglucosaminyltransferase (OGT; [ec:2.4.1.255]) is a heterotrimer of one 78kDa subunit and two 110kDa subunits.  OGT catalyzes the transfer of a single N-acetylglucosamine from UDP-GlcNAc to a serine or threonine residue in a protein.  Substrate proteins include histone H2B, AKT1, EZH2, PFKL, KMT2E/MLL5, MAPT/TAU and HCFC1.  The consequences of this form of glycosylation are diverse, including insulin resistance in muscle and adipocyte cells (brought about by inhibiting the 'Thr-308' phosphorylation of AKT1) [[cite:PUB00087866]]; regulation of glycolysis by inhibiting PFKL activity [[cite:PUB00087867]]; in the cell cycle O-glycosylation stabilizes ARNTL/BMAL1 and CLOCK, preventing their ubiquitination and subsequent degradation [[cite:PUB00087868]]; glycosylation of HCFC1 and interaction with TET proteins promotes binding of the SET1/COMPASS methyltransferase SETD1A to chromatin [[cite:PUB00087869]]; and H2B GlcNAcylation is a histone modification that facilitates H2BK120 monoubiquitination [[cite:PUB00087870]].  It is a component of several complexes, including MLL5-L, NSL [[cite:PUB00060167]] and THAP1/THAP3-HCFC1-OGT [[cite:PUB00060556]].</p>

<p>This entry represents the 110kDa subunit which has thirteen tetratricopeptide (TPR) repeats that are required for substrate binding and oligomerization [[cite:PUB00038020]].</p>; <p>The NSL complex is involved in acetylation of nucleosomal histone H4 on several lysine residues and therefore may be involved in the regulation of transcription.  The complex is composed of at least MOF/KAT8, KANSL1, KANSL2, KANSL3, MCRS1, PHF20, OGT1/OGT, WDR5 and HCFC1 [[cite:PUB00060167]].</p>"
2;IPR000222;"imex:IM-12079
pubmed:19615732";PPM-type phosphatase, divalent cation binding;"<p>Protein phosphatases remove phosphate groups from various proteins that are the key components of a number of signalling pathways in eukaryotes and prokaryotes. Protein phosphatases that dephosphorylate Ser and Thr residues are classified into the phosphoprotein (PPP) and the protein phosphatase Mg(2+)- or Mn(2+)-dependent (PPM) families. The core structure of PPMs is the 300-residue PPM-type phosphatase domain that catalyzes the dephosphorylation of phosphoserine- and phosphothreonine-containing protein. The PPM-type phosphatase domain is found as a module in diverse structural contexts and is modulated by targeting and regulatory subunits [[cite:PUB00001297], [cite:PUB00074808], [cite:PUB00056982], [cite:PUB00074809]].</p>

<p>The PP2C-type phosphatase domain consists of 10 segments of β-strands and 5 segments of α-helix and comprises a pair of detached subdomains. The first is a small β-sandwich with strand β1 packed against strands β2 and β3; the second is a larger β-sandwich in which a four-stranded β-sheet packs against a three-stranded β-sheet with flanking α-helices [[cite:PUB00001297], [cite:PUB00056982]].</p>

<p>This entry represents a conserved aspartate residue involved in divalent cation binding [[cite:PUB00001297]].</p>"
2;IPR015655;"imex:IM-12079
pubmed:19615732";Protein phosphatase 2C;"<p>Protein phosphatase 2C (PP2C) is one of the four major classes of mammalian serine/threonine specific protein phosphatases ([ec:3.1.3.16]). PP2C [[cite:PUB00001629]] is a monomeric enzyme of about 42kDa, that shows broad substrate specificity and is dependent on divalent cations (mainly manganese and magnesium) for its activity. The exact physiological role is still unclear. Three isozymes are currently known in mammals: PP2C-alpha, -beta and -gamma. In yeast, there are at least four PP2C homologues: phosphatase PTC1 
[[cite:PUB00003690]] that have weak tyrosine phosphatase activity in addition to its activity on serines, phosphatases PTC2 and PTC3, and hypothetical protein YBR125c. Isozymes of PP2C are also known from Arabidopsis thaliana (Mouse-ear cress) (ABI1, PPH1), 
Caenorhabditis elegans (FEM-2, F42G9.1, T23F11.1), Leishmania chagasi and 
Paramecium tetraurelia. In A. thaliana, the kinase associated protein phosphatase (KAPP) 
[[cite:PUB00005194]] is an enzyme that dephosphorylates the Ser/Thr receptor-like kinase RLK5 and contains a C-terminal PP2C domain. This family also includes a broad spectrum phosphatase PP1M [[cite:PUB00155070]] and Fem-2 which dephosphorylates auto-phosphorylated Ca2+/calmodulin-dependent protein kinase unc-43/CAMKII [[cite:PUB00155069]].</p>

<p>PP2C does not seem to be evolutionary related to the main family of serine/ threonine phosphatases: PP1, PP2A and PP2B. However, it is significantly similar to the catalytic subunit of pyruvate dehydrogenase phosphatase 
([ec:3.1.3.43]) (PDPC) [[cite:PUB00000387]], which catalyses dephosphorylation and concomitant reactivation of the alpha subunit of the E1 component of the pyruvate dehydrogenase complex. PDPC is a mitochondrial enzyme and, like PP2C, is magnesium-dependent.</p>"
2;IPR036457;"imex:IM-12079
pubmed:19615732";PPM-type phosphatase-like domain superfamily;"<p>Protein phosphatases remove phosphate groups from various proteins that are the key components of a number of signalling pathways in eukaryotes and prokaryotes. Protein phosphatases that dephosphorylate Ser and Thr residues are classified into the phosphoprotein (PPP) and the protein phosphatase Mg2- or Mn2-dependent (PPM) families. The core structure of PPMs is the 300-residue PPM-type phosphatase domain that catalyses the dephosphorylation of phosphoserine- and phosphothreonine-containing protein. The PPM-type phosphatase domain is found as a module in diverse structural contexts and is modulated by targeting and regulatory subunits [[cite:PUB00001297], [cite:PUB00074808], [cite:PUB00056982], [cite:PUB00074809]].</p>

<p>Some proteins known to contain a PPM-type phosphatase domain are listed below:</p>

<ul>
<li>Bacillus subtilis stage II sporulation protein E (SpoIIE), controls the sporulation by dephosphorylating an anti-transcription factor SpoIIAA, reversing the actions of the SpoIIAB protein kinase in a process that is governed by the ADP/ATP ratio [levdikov].</li>
<li>Mycobacterium tuberculosis PP2C-family Ser/Thr phosphatase (PstP).</li>
<li>Eucaryotic PP2C, a negative regulator of protein kinase cascades that are activated as a result of stress.</li>
<li>Yeast adenylyl cyclase, plays essential roles in regulation of cellular metabolism by catalysing the synthesis of a second messenger, cAMP [[cite:PUB00101158]].</li>
<li>Mammalian mitochondrial pyruvate dehydrogenase phosphatase 1 (PDP1).</li>
<li>Plant kinase-associated protein phosphatase (KAPP), regulates receptor-like kinase (RLK) signalling pathways.</li>
<li>Plant absissic acid-insenstive 1 and 2 (ABI1 and ABI2), play a key absissic acid (ABA) signal transduction.</li></ul>

<p>The PP2C-type phosphatase domain consists of 10 segments of β-strands and 5 segments of α-helix and comprises a pair of detached subdomains. The first is a small β-sandwich with strand β1 packed against strands β2 and β3; the second is a larger β-sandwich in which a four-stranded β-sheet packs against a three-stranded β-sheet with flanking α-helices [[cite:PUB00001297], [cite:PUB00056982]].</p>"
2;IPR001932;"imex:IM-12079
pubmed:19615732";PPM-type phosphatase-like domain;"<p>Protein phosphatases remove phosphate groups from various proteins that are the key components of a number of signalling pathways in eukaryotes and prokaryotes. Protein phosphatases that dephosphorylate Ser and Thr residues are classified into the phosphoprotein (PPP) and the protein phosphatase Mg2- or Mn2-dependent (PPM) families. The core structure of PPMs is the 300-residue PPM-type phosphatase domain that catalyses the dephosphorylation of phosphoserine- and phosphothreonine-containing protein. The PPM-type phosphatase domain is found as a module in diverse structural contexts and is modulated by targeting and regulatory subunits [[cite:PUB00001297], [cite:PUB00074808], [cite:PUB00056982], [cite:PUB00074809]].</p>

<p>Some proteins known to contain a PPM-type phosphatase domain are listed below:</p>

<ul>
<li>Bacillus subtilis stage II sporulation protein E (SpoIIE), controls the sporulation by dephosphorylating an anti-transcription factor SpoIIAA, reversing the actions of the SpoIIAB protein kinase in a process that is governed by the ADP/ATP ratio [levdikov].</li>
<li>Mycobacterium tuberculosis PP2C-family Ser/Thr phosphatase (PstP).</li>
<li>Eucaryotic PP2C, a negative regulator of protein kinase cascades that are activated as a result of stress.</li>
<li>Yeast adenylyl cyclase, plays essential roles in regulation of cellular metabolism by catalysing the synthesis of a second messenger, cAMP [[cite:PUB00101158]].</li>
<li>Mammalian mitochondrial pyruvate dehydrogenase phosphatase 1 (PDP1).</li>
<li>Plant kinase-associated protein phosphatase (KAPP), regulates receptor-like kinase (RLK) signalling pathways.</li>
<li>Plant absissic acid-insenstive 1 and 2 (ABI1 and ABI2), play a key absissic acid (ABA) signal transduction.</li></ul>

<p>The PP2C-type phosphatase domain consists of 10 segments of β-strands and 5 segments of α-helix and comprises a pair of detached subdomains. The first is a small β-sandwich with strand β1 packed against strands β2 and β3; the second is a larger β-sandwich in which a four-stranded β-sheet packs against a three-stranded β-sheet with flanking α-helices [[cite:PUB00001297], [cite:PUB00056982]].</p>"
2;IPR057985;"imex:IM-21659
pubmed:27705803";26S proteasome non-ATPase regulatory subunit 3, N-terminal TPR repeats;"<p>This region of tetratricopeptide (TPR)-like repeats is found at the N-terminal of human 26S proteasome non-ATPase regulatory subunit 3 (PSMD3) and similar eukaryotic sequences. PSMD3 is a component of the 26S proteasome, a multiprotein complex involved in the ATP-dependent degradation of ubiquitinated proteins [[cite:PUB00147862]].</p>; <p>Intracellular proteins, including short-lived proteins such as cyclin, Mos, Myc, p53, NF-kappaB, and IkappaB, are degraded by the ubiquitin-proteasome system. The 26S proteasome is a self-compartmentalising protease responsible for the regulated degradation of intracellular proteins in eukaryotes [[cite:PUB00016866], [cite:PUB00034667]]. This giant intracellular protease is formed by several subunits arranged into two 19S polar caps, where protein recognition and ATP-dependent unfolding occur, flanking a 20S central barrel-shaped structure with an inner proteolytic chamber. This overall structure is highly conserved among eukaryotes and is essential for cell viability. Proteins targeted to the 26S proteasome are conjugated with a polyubiquitin chain by an enzymatic cascade before delivery to the 26S proteasome for degradation into oligopeptides.</p>

<p>The 26S proteasome can be divided into two subcomplexes: the 19S regulatory particle (RP) and the 20S core particle (CP) [[cite:PUB00086026]]. The 19S component is divided into a ""base"" subunit containing six ATPases (Rpt proteins) and two non-ATPases (Rpn1, Rpn2), and a ""lid"" subunit composed of eight stoichiometric proteins (Rpn3, Rpn5, Rpn6, Rpn7, Rpn8, Rpn9, Rpn11, Rpn12) [[cite:PUB00034668]]. Additional non-essential and species specific proteins may also be present. The 19S unit performs several essential functions including binding the specific protein substrates, unfolding them, cleaving the attached ubiquitin chains, opening the 20S subunit, and driving the unfolded polypeptide into the proteolytic chamber for degradation. The 26s proteasome and 19S regulator are of medical interest due to their involvement in burn rehabilitation [[cite:PUB00043308]].</p>"
2;IPR013586;"imex:IM-21659
pubmed:27705803";26S proteasome non-ATPase regulatory subunit 3, C-terminal;"<p>This eukaryotic domain is found at the C-terminal of 26S proteasome regulatory subunits including the non-ATPase regulatory subunit 3 (PSMD3), which is essential for proteasomal function [[cite:PUB00020915]]. It occurs together with the PCI/PINT domain ([interpro:IPR000717]).</p>; <p>Intracellular proteins, including short-lived proteins such as cyclin, Mos, Myc, p53, NF-kappaB, and IkappaB, are degraded by the ubiquitin-proteasome system. The 26S proteasome is a self-compartmentalising protease responsible for the regulated degradation of intracellular proteins in eukaryotes [[cite:PUB00016866], [cite:PUB00034667]]. This giant intracellular protease is formed by several subunits arranged into two 19S polar caps, where protein recognition and ATP-dependent unfolding occur, flanking a 20S central barrel-shaped structure with an inner proteolytic chamber. This overall structure is highly conserved among eukaryotes and is essential for cell viability. Proteins targeted to the 26S proteasome are conjugated with a polyubiquitin chain by an enzymatic cascade before delivery to the 26S proteasome for degradation into oligopeptides.</p>

<p>The 26S proteasome can be divided into two subcomplexes: the 19S regulatory particle (RP) and the 20S core particle (CP) [[cite:PUB00086026]]. The 19S component is divided into a ""base"" subunit containing six ATPases (Rpt proteins) and two non-ATPases (Rpn1, Rpn2), and a ""lid"" subunit composed of eight stoichiometric proteins (Rpn3, Rpn5, Rpn6, Rpn7, Rpn8, Rpn9, Rpn11, Rpn12) [[cite:PUB00034668]]. Additional non-essential and species specific proteins may also be present. The 19S unit performs several essential functions including binding the specific protein substrates, unfolding them, cleaving the attached ubiquitin chains, opening the 20S subunit, and driving the unfolded polypeptide into the proteolytic chamber for degradation. The 26s proteasome and 19S regulator are of medical interest due to their involvement in burn rehabilitation [[cite:PUB00043308]].</p>"
2;IPR050756;"imex:IM-21659
pubmed:27705803";COP9 signalosome complex subunit 3;<p>The COP9 signalosome complex subunit 3 (CSN3) family is involved in various cellular and developmental processes. Members of the CSN3 family are essential components of the COP9 signalosome (CSN) complex, which regulates the ubiquitin (Ubl) conjugation pathway. The CSN complex mediates the deneddylation of cullin subunits in SCF-type E3 ligase complexes, modulating their Ubl ligase activity. This action is crucial for maintaining protein homeostasis by controlling the degradation of proteins. The CSN3 family also plays a role in the phosphorylation of key proteins such as p53/TP53 and c-jun/JUN, potentially through association with kinases like CK2 and PKD. This phosphorylation can promote or protect against protein degradation. Additionally, the CSN3 family is implicated in various processes including photomorphogenesis, circadian clock regulation, embryogenesis, oogenesis, and responses to auxin and jasmonate in plants.</p>
2;IPR034089;"doi:10.1016/j.cell.2022.04.014
imex:IM-29493
pubmed:35512704";SPOP, C-terminal BACK domain;"<p>This entry represents the C-terminal BACK (BTB and C-terminal Kelch) domain of speckle-type POZ protein (SPOP, also known as HIB homologue 1 or Roadkill homologue 1). This domain contains a pair of α-helices which seem to be conserved among Cul3 adaptors [[cite:PUB00054700]].</p>

<p>SPOP is an adaptor protein that forms a complex with Cul3, cullin-RING-based BCR (BTB-CUL3-RBX1) E3 ubiquitin-protein ligase complex, and is involved in ubiquitination of BMI1, H2AFY, and the death-associated protein 6 (DAXX) [[cite:PUB00082641]]. The C-terminal BACK domain of SPOP, may be involved in oligomer formation and in recruiting Cul3 (together with the adjacent BTB domain), whereas the N-terminal MATH domain recruits substrates [[cite:PUB00054700], [cite:PUB00082642]].</p>"
2;IPR056423;"doi:10.1016/j.cell.2022.04.014
imex:IM-29493
pubmed:35512704";BPM/SPOP, BACK domain;"<p>This entry represent the BACK domain present in BPM proteins from plants, SPOP from animals and related sequences.</p>

<p>BPM proteins are part of the Cullin E3 ubiquitin ligase complexes playing a role as substrate-specific adaptors of CUL3-based E3 ligases in the ubiquitin-proteasome pathway [[cite:PUB00097704], [cite:PUB00155510]]. They bind at least three families of transcription factors: ERF/AP2 class I, homeobox-leucine zipper and R2R3 MYB, playing an important role in plant flowering, seed development and abiotic stress response [[cite:PUB00097704]]. SPOP, also known as HIB homologue 1 or Roadkill homologue 1 in humans, is an adaptor protein that forms a complex with Cul3, cullin-RING-based BCR (BTB-CUL3-RBX1) E3 ubiquitin-protein ligase complex, and is involved in ubiquitination of BMI1, H2AFY, and the death-associated protein 6 (DAXX) [[cite:PUB00054700], [cite:PUB00082641], [cite:PUB00082642]]. This domain is involved in dimerisation together with the BTB domain ([interpro:IPR000210]), resulting in linear higher-order oligomers [[cite:PUB00155511]].</p>"
2;IPR002083;"doi:10.1016/j.cell.2022.04.014
imex:IM-29493
pubmed:35512704";MATH/TRAF domain;"<p>Although apparently functionally unrelated, intracellular TRAFs and extracellular meprins share a conserved region of about 180 residues, the meprin and TRAF homology (MATH) domain [[cite:PUB00011812]]. Meprins are mammalian tissue-specific metalloendopeptidases of the astacin family implicated in developmental, normal and pathological processes by hydrolysing a variety of proteins. Various growth factors, cytokines, and extracellular matrix proteins are substrates for meprins. They are composed of five structural domains: an N-terminal endopeptidase domain, a MAM domain (see [prositedoc:PDOC00604]), a MATH domain, an EGF-like domain (see [prositedoc:PDOC00021]) and a C-terminal transmembrane region. Meprin A and B form membrane bound homotetramer whereas homooligomers of meprin A are secreted. A proteolitic site adjacent to the MATH domain, only present in meprin A, allows the release of the protein from the membrane [[cite:PUB00011813]].</p>

<p>TRAF proteins were first isolated by their ability to interact with TNF receptors [[cite:PUB00011814]]. They promote cell survival by the activation of downstream protein kinases and, finally, transcription factors of the NF-kB and AP-1 family. The TRAF proteins are composed of 3 structural domains: a RING finger (see [prositedoc:PDOC00449]) in the N-terminal part of the protein, one to seven TRAF zinc fingers (see [prositedoc:PDOC50145]) in the middle and the MATH domain in the C-terminal part [[cite:PUB00011812]]. The MATH domain is necessary and sufficient for self-association and receptor interaction. From the structural analysis two consensus sequence recognised by the TRAF domain have been defined: a major one, [PSAT]x[QE]E and a minor one, PxQxxD [[cite:PUB00011815]].</p>

<p>The structure of the TRAF2 protein reveals a trimeric self-association of the MATH domain [[cite:PUB00011816]]. The domain forms a new, light-stranded antiparallel β-sandwich structure. A coiled-coil region adjacent to the MATH domain is also important for the trimerisation. The oligomerisation is essential for establishing appropriate connections to form signalling complexes with TNF receptor-1. The ligand binding surface of TRAF proteins is located in β-strands 6 and 7 [[cite:PUB00011815]].</p>"
2;IPR008974;"doi:10.1016/j.cell.2022.04.014
imex:IM-29493
pubmed:35512704";TRAF-like;"<p>The tumour necrosis factor receptor (TNFR) associated factors (TRAFs) act as signal transducers for both TNFRs and interleukin-1/Toll-like receptors.  TRAFs function in immunity, embryonic development, stress response and bone metabolism through their induction of cell proliferation, differentiation, and apoptosis [[cite:PUB00011818]].  TRAFs are characterised by two domains: an N-terminal domain containing RING and zinc finger motifs that is essential for the activation of downstream effectors, and a C-terminal TRAF domain that is essential for self-association and receptor interaction [[cite:PUB00011815]].  The TRAF-domain like fold is a β-sandwich consisting of 8 strands in 2 β-sheets and has a circularly permuted greek-key immunoglobulin-fold topology that contains an extra strand.</p>

<p>The substrate-binding domain (SBD) of the SIAH (seven in absentia homologue) family of proteins is structurally highly similar to the TRAF domain.  The SIAH SBD interacts with a number of proteins, and is involved in TNF-alpha-mediated NFkappaB activation [[cite:PUB00011819]].</p>"
2;IPR018957;"imex:IM-24272
pubmed:26496610";Zinc finger, C3HC4 RING-type;"<p>The C3HC4 type zinc-finger (RING finger) is a cysteine-rich domain of 40 to 60 residues that coordinates two zinc ions, and has the consensus sequence: C-X2-C-X(9-39)-C-X(1-3)-H-X(2-3)-C-X2-C-X(4-48)-C-X2-C where X is any amino acid [[cite:PUB00001094]]. Many proteins containing a RING finger play a key role in the ubiquitination pathway [[cite:PUB00017952]].</p>; <p>Zinc finger (Znf) domains are relatively small protein motifs which contain multiple finger-like protrusions that make tandem contacts with their target molecule. Some of these domains bind zinc, but many do not; instead, they bind other metals, such as iron, or no metal at all. For example, some family members form salt bridges to stabilise the finger-like folds. They were first identified as a DNA-binding motif in transcription factor TFIIIA from Xenopus laevis (African clawed frog); however, they are now recognised to bind DNA, RNA, protein and/or lipid substrates [[cite:PUB00035807], [cite:PUB00035805], [cite:PUB00035806], [cite:PUB00035804], [cite:PUB00014077]]. Their binding properties depend on the amino acid sequence of the finger domains and of the linker between fingers, as well as on the higher-order structures and the number of fingers. Znf domains are often found in clusters, where fingers can have different binding specificities. There are many superfamilies of Znf motifs, varying in both sequence and structure. They display considerable versatility in binding modes, even between members of the same class (e.g., some bind DNA, others protein), suggesting that Znf motifs are stable scaffolds that have evolved specialised functions. For example, Znf-containing proteins function in gene transcription, translation, mRNA trafficking, cytoskeleton organisation, epithelial development, cell adhesion, protein folding, chromatin remodelling and zinc sensing, to name but a few [[cite:PUB00035812]]. Zinc-binding motifs are stable structures, and they rarely undergo conformational changes upon binding their target.</p>"
2;IPR058643;"imex:IM-24272
pubmed:26496610";BRE1-like, coiled-coil containing domain;"<p>This domain is found in the human paralogues E3 ubiquitin-protein ligase BRE1A and BRE1B, and related proteins from animals and fungi. The domain represented by this entry is predicted with high probability to contain at least two coiled-coil regions.</p>; <p>BRE1A (known as RNF20) and BRE1B (known as RNF40) form a heterodimeric E3 ubiquitin ligase complex essential for monoubiquitinating histone H2B at lysine 120, a key epigenetic mark influencing transcription, DNA repair, and chromatin remodelling [[cite:PUB00135675], [cite:PUB00033272], [cite:PUB00135665], [cite:PUB00135666], [cite:PUB00161150], [cite:PUB00135664]]</p>"
2;IPR058642;"imex:IM-24272
pubmed:26496610";BRE1A/B-like domain;"<p>This domain is found in human E3 ubiquitin-protein ligase BRE1A/B and similar animal proteins. This domain shows an α-helical configuration.</p>; <p>BRE1A (known as RNF20) and BRE1B (known as RNF40) form a heterodimeric E3 ubiquitin ligase complex essential for monoubiquitinating histone H2B at lysine 120, a key epigenetic mark influencing transcription, DNA repair, and chromatin remodelling [[cite:PUB00135675], [cite:PUB00033272], [cite:PUB00135665], [cite:PUB00135666], [cite:PUB00161150], [cite:PUB00135664]]</p>"
2;IPR013956;"imex:IM-24272
pubmed:26496610";E3 ubiquitin ligase Bre1;"<p>Bre1 is an E3 ubiquitin ligase that mediates monoubiquitination of histone H2B to form H2BK123ub1 in association with the E2 enzyme Rad6/Ubc2 [[cite:PUB00087168]].</p>

<p>This entry also includes Bre1 homologues from fission yeasts, Brl1 and Brl2. They are  E3 ubiquitin-protein ligase components of the multisubunit protein complex (termed HULC) which mediates monoubiquitination of histone H2B to form H2BK123ub1 [[cite:PUB00087169]].</p>"
2;IPR047375;"imex:IM-12079
pubmed:19615732";Ankyrin repeat domain-containing protein 17, type I K homology domain;"<p>This entry represents the type I K homology (KH) RNA-binding domain found at the C-terminal of ANKRD17 and similar proteins from animals. They contain ankyrin repeats at the N-terminal.</p>

<p>ANKRD17, also called ankyrin repeat protein 17, or gene trap ankyrin repeat protein (GTAR), or serologically defined breast cancer antigen NY-BR-16, is a ubiquitously expressed ankyrin factor essential for the vascular integrity during embryogenesis. It may be directly involved in the DNA replication process and play pivotal roles in cell cycle and DNA regulation [[cite:PUB00102762], [cite:PUB00102773], [cite:PUB00102767], [cite:PUB00102766]]. It is also involved in innate immune defence against bacteria and viruses [[cite:PUB00102774]].</p>"
2;IPR010304;"imex:IM-30059
pubmed:39251607";Survival motor neuron, Tudor domain;<p>This entry represents the Tudor domain of eukaryotic survival motor neuron (SMN) and survival of motor neuron-related-splicing factor 30 (SPF30) proteins. The Survival of Motor Neurons (SMN) protein, the product of the spinal muscular atrophy-determining gene, is part of a large macromolecular complex (SMN complex) that functions in the assembly of spliceosomal small nuclear ribonucleoproteins (snRNPs). The SMN complex functions as a specificity factor essential for the efficient assembly of Sm proteins on U snRNAs and likely protects cells from illicit, and potentially deleterious, non-specific binding of Sm proteins to RNAs [[cite:PUB00072203], [cite:PUB00057060]]. SMN has three highly conserved domains: a short N-terminal segment responsible for binding with high affinity to Gemin2 (a protein involved in snRNP assembly), therefore, called Gemin2-binding domain (G2-BD), a central Tudor domain and a C-terminal YG-box domain. This domain covers the Tudor domain of SMN and SPF30, in which an aromatic cage mediates symmetric dimethylarginine modifications recognition by electrostatic stabilization through cation-pi interactions in a number of proteins involved in RNA processing [[cite:PUB00057060], [cite:PUB00099986], [cite:PUB00061133]].</p>
2;IPR002999;"imex:IM-30059
pubmed:39251607";Tudor domain;"<p>The drosophila Tudor protein, the founder of the Tudor domain family, is encoded by a 'posterior group' gene, which when mutated disrupt normal abdominal segmentation and pole cell formation. Another drosophila gene, homeless, is required for RNA localization during oogenesis. The tudor protein contains multiple repeats of a domain which is also found in homeless [[cite:PUB00005476], [cite:PUB00096390]].</p>

<p>The tudor domain is found in many proteins that colocalise with ribonucleoprotein or single-strand DNA-associated complexes in the nucleus, in the mitochondrial membrane, or at kinetochores. At first it was not clear if the domain binds directly to RNA and ssDNA, or controls interactions with the nucleoprotein complexes but it is now known that this domain recognises and binds to methyl-arginine-lysine residues, playing important roles in diverse epigenetics, gene expression and the regulation of various small RNAs [[cite:PUB00096390], [cite:PUB00092087], [cite:PUB00092085]]. The tudor-containing protein homeless, also contains a zinc finger typical of RNA-binding proteins [[cite:PUB00005476]].</p>

<p>This domain has been implicated in protein-protein interactions in which methylated protein substrates bind to these domains. One example is the Tudor domain of Survival of Motor Neuron (SMN), linked to spinal muscular atrophy, which binds to symmetrically dimethylated arginines of arginine-glycine (RG) rich sequences found in the C-terminal tails of Sm proteins. The resolution of the solution structure of the Tudor domain of human SMN revealed that the Tudor domain forms a strongly bent antiparallel β-sheet with five strands forming a barrel-like fold. The structure exhibits a conserved negatively charged surface that interacts with the C-terminal Arg and Gly-rich tails of the spliceosomal Sm D1 and D3 proteins [[cite:PUB00018244], [cite:PUB00096389]].</p>"
2;IPR017337;"imex:IM-30059
pubmed:39251607";Zinc finger Ran-binding domain-containing protein 2;<p>ZRANB2 is a splice factor required for alternative splicing of TRA2B/SFRS10 transcripts. It may interfere with constitutive 5'-splice site selection [[cite:PUB00098086]].</p>
2;IPR001876;"imex:IM-30059
pubmed:39251607";Zinc finger, RanBP2-type;"<p>This entry represents the zinc finger domain found in RanBP2 proteins. Ran is an evolutionary conserved member of the Ras superfamily that regulates all receptor-mediated transport between the nucleus and the cytoplasm. Ran binding protein 2 (RanBP2) from human ([swissprot:P49792]), is a 358 kDa nucleoporin located on the cytoplasmic side of the nuclear pore complex which plays a role in nuclear protein import [[cite:PUB00007086]]. RanBP2 contains multiple zinc fingers that mediate binding to RanGDP [[cite:PUB00006217]].</p>; <p>Zinc finger (Znf) domains are relatively small protein motifs which contain multiple finger-like protrusions that make tandem contacts with their target molecule. Some of these domains bind zinc, but many do not; instead, they bind other metals, such as iron, or no metal at all. For example, some family members form salt bridges to stabilise the finger-like folds. They were first identified as a DNA-binding motif in transcription factor TFIIIA from Xenopus laevis (African clawed frog); however, they are now recognised to bind DNA, RNA, protein and/or lipid substrates [[cite:PUB00035807], [cite:PUB00035805], [cite:PUB00035806], [cite:PUB00035804], [cite:PUB00014077]]. Their binding properties depend on the amino acid sequence of the finger domains and of the linker between fingers, as well as on the higher-order structures and the number of fingers. Znf domains are often found in clusters, where fingers can have different binding specificities. There are many superfamilies of Znf motifs, varying in both sequence and structure. They display considerable versatility in binding modes, even between members of the same class (e.g., some bind DNA, others protein), suggesting that Znf motifs are stable scaffolds that have evolved specialised functions. For example, Znf-containing proteins function in gene transcription, translation, mRNA trafficking, cytoskeleton organisation, epithelial development, cell adhesion, protein folding, chromatin remodelling and zinc sensing, to name but a few [[cite:PUB00035812]]. Zinc-binding motifs are stable structures, and they rarely undergo conformational changes upon binding their target.</p>"
2;IPR036443;"imex:IM-30059
pubmed:39251607";Zinc finger, RanBP2-type superfamily;"<p>Zinc finger (Znf) domains are relatively small protein motifs which contain multiple finger-like protrusions that make tandem contacts with their target molecule. Some of these domains bind zinc, but many do not; instead, they bind other metals, such as iron, or no metal at all. For example, some family members form salt bridges to stabilise the finger-like folds. They were first identified as a DNA-binding motif in transcription factor TFIIIA from Xenopus laevis (African clawed frog); however, they are now recognised to bind DNA, RNA, protein and/or lipid substrates [[cite:PUB00035807], [cite:PUB00035805], [cite:PUB00035806], [cite:PUB00035804], [cite:PUB00014077]]. Their binding properties depend on the amino acid sequence of the finger domains and of the linker between fingers, as well as on the higher-order structures and the number of fingers. Znf domains are often found in clusters, where fingers can have different binding specificities. There are many superfamilies of Znf motifs, varying in both sequence and structure. They display considerable versatility in binding modes, even between members of the same class (e.g., some bind DNA, others protein), suggesting that Znf motifs are stable scaffolds that have evolved specialised functions. For example, Znf-containing proteins function in gene transcription, translation, mRNA trafficking, cytoskeleton organisation, epithelial development, cell adhesion, protein folding, chromatin remodelling and zinc sensing, to name but a few [[cite:PUB00035812]]. Zinc-binding motifs are stable structures, and they rarely undergo conformational changes upon binding their target.</p>; <p>This entry represents the zinc finger domain superfamily found in RanBP2 proteins. Ran is an evolutionary conserved member of the Ras superfamily that regulates all receptor-mediated transport between the nucleus and the cytoplasm. Ran binding protein 2 (RanBP2) is a 358kDa nucleoporin located on the cytoplasmic side of the nuclear pore complex which plays a role in nuclear protein import [[cite:PUB00007086]]. RanBP2 contains multiple zinc fingers which mediate binding to RanGDP [[cite:PUB00006217]].</p>"
2;IPR000494;"doi:10.1016/j.cell.2022.04.014
imex:IM-29493
pubmed:35512704";Receptor L-domain;"<p>The structure for the first three domains of the extracellular portion of IGF-1R (type-1 insulin-like growth-factor receptor) has been solved and consists of two L-domains and a cysteine rich region (L1-Cys-rich-L2). The L-domains each consist of a single-stranded right-handed β-helix. The Cys-rich region is composed of eight disulphide-bonded modules, seven of which form a rod-shaped domain with modules associated in an unusual manner. The three domains surround a central space of sufficient size to accommodate a ligand molecule [[cite:PUB00004283]].</p>

<p>This entry represents the L-domain. This domain can also be found in insulin receptor(IR) and epidermal growth-factor receptor (EGFR) family members, and in yeast cell surface GPI proteins PST1 and ECM33 [[cite:PUB00072883]].</p>"
2;IPR006212;"doi:10.1016/j.cell.2022.04.014
imex:IM-29493
pubmed:35512704";Furin-like repeat;<p>The furin-like cysteine rich region has been found in a variety of proteins from eukaryotes that are involved in the mechanism of signal transduction by receptor tyrosine kinases, which involves receptor aggregation [[cite:PUB00006268], [cite:PUB00093566], [cite:PUB00095139]]. This entry includes Epidermal growth factor receptor, Receptor tyrosine-protein kinase erbB-2 and related proteins.</p>
2;IPR032778;"doi:10.1016/j.cell.2022.04.014
imex:IM-29493
pubmed:35512704";Growth factor receptor domain 4;<p>This is the fourth extracellular domain of receptor tyrosine protein kinases. Interaction between this domain and the furin-like domain ([interpro:IPR006211]) regulates the binding of ligands to the receptor L domains ([interpro:IPR000494]) [[cite:PUB00011765]].</p>
2;IPR050122;"doi:10.1016/j.cell.2022.04.014
imex:IM-29493
pubmed:35512704";Receptor Tyrosine Kinase;<p>The receptor tyrosine kinase family plays a crucial role in various cellular processes, including cell proliferation, differentiation, migration, and apoptosis. They act as cell-surface receptors for various ligands, such as fibroblast growth factors, insulin, and other growth factors, triggering intracellular signaling cascades that regulate embryonic development, the immune response, and the nervous system. Mutations or aberrant activation can lead to diseases like cancer. They are involved in angiogenesis, skeletal development, and maintaining vascular stability.</p>
2;IPR009030;"doi:10.1016/j.cell.2022.04.014
imex:IM-29493
pubmed:35512704";Growth factor receptor cysteine-rich domain superfamily;"<p>This entry represents a growth factor receptor domain superfamily, which is a cysteine-rich region that is found in a variety of eukaryotic proteins that are involved in the mechanism of signal transduction by receptor tyrosine kinases. Proteins containing the growth factor receptor domain include the insulin-like growth factor-binding proteins (IGFBP) [[cite:PUB00011763]], the type-1 insulin-like growth factor receptor (IGF-1R) [[cite:PUB00004283]], and members of the epidermal growth factor (EGF) receptor family [[cite:PUB00076912]], such as the receptor protein-tyrosine kinase Erbb-3 (ErbB3) [[cite:PUB00011765]].  The general structure of the growth factor receptor domain is a disulphide-bound fold containing a β-hairpin with two adjacent disulphides.</p>

<p>IGFBPs control the distribution, function and activity of insulin-like growth factors (IGFs), IGF-I and IGF-II, which are key regulators of cell proliferation, differentiation and transformation. All IGFBPs share a common domain organisation, where the highest conservation is found in the N-terminal Cys-rich IGF-binding domain. The N-terminal domain contains 10-12 conserved cysteine residues.</p>

<p>IGF-1R is a member of the tyrosine-kinase receptor superfamily that is involved in both normal growth and development and malignant transformation. The Cys-rich domain is flanked by two L-domains, and together they contribute to hormone binding and ligand specificity, even though they do not bind the ligand directly. The Cys-rich region is composed of eight disulphide-bonded modules, seven of which form a rod-shaped domain.</p>"
2;IPR006211;"doi:10.1016/j.cell.2022.04.014
imex:IM-29493
pubmed:35512704";Furin-like cysteine-rich domain;<p>The furin-like cysteine rich region has been found in a variety of proteins from eukaryotes that are involved in the mechanism of signal transduction by receptor tyrosine kinases, which involves receptor aggregation [[cite:PUB00006268], [cite:PUB00093566], [cite:PUB00095139]]. This entry includes Epidermal growth factor receptor, Receptor tyrosine-protein kinase erbB-2 and related proteins.</p>
2;IPR008266;"doi:10.1016/j.cell.2022.04.014
imex:IM-29493
pubmed:35512704";Tyrosine-protein kinase, active site;"<p>This entry represents the tyrosine protein kinase active site. It also matches a number of proteins belonging to the atypical serine/threonine protein kinase BUD32 family, which lack the conventional structural elements necessary for the substrate recognition and also lack the lysine residue that in all other serine/threonine kinases participates in the catalytic event.</p>; <p>Tyrosine-protein kinases can transfer a phosphate group from ATP to a tyrosine residue in a protein. These enzymes can be divided into two main groups [[cite:PUB00020114]]:</p>

<ul>
<li>Receptor tyrosine kinases (RTK), which are transmembrane proteins involved in signal transduction; they play key roles in growth, differentiation, metabolism, adhesion, motility, death and oncogenesis [[cite:PUB00052410]]. RTKs are composed of 3 domains: an extracellular domain (binds ligand), a transmembrane (TM) domain, and an intracellular catalytic domain (phosphorylates substrate). The TM domain plays an important role in the dimerisation process necessary for signal transduction [[cite:PUB00052411]].</li>
<li>Cytoplasmic/non-receptor tyrosine kinases, which act as regulatory proteins, playing key roles in cell differentiation, motility, proliferation, and survival. For example, the Src-family of protein-tyrosine kinases [[cite:PUB00052412]].</li>
</ul>; <p>Protein phosphorylation, which plays a key role in most cellular activities, is a reversible process mediated by protein kinases and phosphoprotein phosphatases. Protein kinases catalyse the transfer of the gamma phosphate from nucleotide triphosphates (often ATP) to one or more amino acid residues in a protein substrate side chain, resulting in a conformational change affecting protein function. Phosphoprotein phosphatases catalyse the reverse process. 
Protein kinases fall into three broad classes, characterised with respect to substrate specificity [[cite:PUB00005115]]:</p>

<ul>
<li>Serine/threonine-protein kinases</li>
<li>Tyrosine-protein kinases</li>
<li>Dual specificity protein kinases (e.g. MEK -phosphorylates both Thr and Tyr on target proteins)</li>
</ul>

<p>Protein kinase function is evolutionarily conserved from Escherichia coli to human [[cite:PUB00020114]]. Protein kinases play a role in a multitude of cellular processes, including division, proliferation, apoptosis, and differentiation [[cite:PUB00015362]]. Phosphorylation usually results in a functional change of the target protein by changing enzyme activity, cellular location, or association with other proteins. The catalytic subunits of protein kinases are highly conserved, and several structures have been solved [[cite:PUB00034898]], leading to large screens to develop kinase-specific inhibitors for the treatments of a number of diseases [[cite:PUB00034899]].</p>"
2;IPR020635;"doi:10.1016/j.cell.2022.04.014
imex:IM-29493
pubmed:35512704";Tyrosine-protein kinase, catalytic domain;"<p>Protein phosphorylation, which plays a key role in most cellular activities, is a reversible process mediated by protein kinases and phosphoprotein phosphatases. Protein kinases catalyse the transfer of the gamma phosphate from nucleotide triphosphates (often ATP) to one or more amino acid residues in a protein substrate side chain, resulting in a conformational change affecting protein function. Phosphoprotein phosphatases catalyse the reverse process. 
Protein kinases fall into three broad classes, characterised with respect to substrate specificity [[cite:PUB00005115]]:</p>

<ul>
<li>Serine/threonine-protein kinases</li>
<li>Tyrosine-protein kinases</li>
<li>Dual specificity protein kinases (e.g. MEK -phosphorylates both Thr and Tyr on target proteins)</li>
</ul>

<p>Protein kinase function is evolutionarily conserved from Escherichia coli to human [[cite:PUB00020114]]. Protein kinases play a role in a multitude of cellular processes, including division, proliferation, apoptosis, and differentiation [[cite:PUB00015362]]. Phosphorylation usually results in a functional change of the target protein by changing enzyme activity, cellular location, or association with other proteins. The catalytic subunits of protein kinases are highly conserved, and several structures have been solved [[cite:PUB00034898]], leading to large screens to develop kinase-specific inhibitors for the treatments of a number of diseases [[cite:PUB00034899]].</p>; <p>Tyrosine-protein kinases can transfer a phosphate group from ATP to a tyrosine residue in a protein. These enzymes can be divided into two main groups [[cite:PUB00020114]]:</p>

<ul>
<li>Receptor tyrosine kinases (RTK), which are transmembrane proteins involved in signal transduction; they play key roles in growth, differentiation, metabolism, adhesion, motility, death and oncogenesis [[cite:PUB00052410]]. RTKs are composed of 3 domains: an extracellular domain (binds ligand), a transmembrane (TM) domain, and an intracellular catalytic domain (phosphorylates substrate). The TM domain plays an important role in the dimerisation process necessary for signal transduction [[cite:PUB00052411]].</li>
<li>Cytoplasmic/non-receptor tyrosine kinases, which act as regulatory proteins, playing key roles in cell differentiation, motility, proliferation, and survival. For example, the Src-family of protein-tyrosine kinases [[cite:PUB00052412]].</li>
</ul>"
2;IPR036941;"doi:10.1016/j.cell.2022.04.014
imex:IM-29493
pubmed:35512704";Receptor L-domain superfamily;"<p>The structure for the first three domains of the extracellular portion of IGF-1R (type-1 insulin-like growth-factor receptor) has been solved and consists of two L-domains and a cysteine rich region (L1-Cys-rich-L2). The L-domains each consist of a single-stranded right-handed β-helix. The Cys-rich region is composed of eight disulphide-bonded modules, seven of which form a rod-shaped domain with modules associated in an unusual manner. The three domains surround a central space of sufficient size to accommodate a ligand molecule [[cite:PUB00004283]].</p>

<p>This entry represents the L-domain superfamily. This domain can also be found in insulin receptor(IR) and epidermal growth-factor receptor (EGFR) family members, and in yeast cell surface GPI protein ECM33 [[cite:PUB00072883]].</p>"
2;IPR049328;"doi:10.1016/j.cell.2022.04.014
imex:IM-29493
pubmed:35512704";Epidermal growth factor receptor-like, transmembrane-juxtamembrane segment;"<p>Epidermal growth factor receptor (ErbB) family is a class of receptor tyrosine kinases (RTKs) that have a pivotal role in the processes of cell growth, proliferation, and differentiation [[cite:PUB00048113], [cite:PUB00129312], [cite:PUB00066074], [cite:PUB00066039], [cite:PUB00152687]]. They exist on the cell surface as dimers in both active and inactive states, which switch between them through conformational changes upon ligand binding. They suffer a strong lateral dimerization that leads to proper assembly of their extracellular ligand-binding, single-span transmembrane, and cytoplasmic kinase domains which is key for ErbB activation. The transmembrane (TM) and juxtamembrane region of these receptors are essential for dimerization and activation  [[cite:PUB00048113], [cite:PUB00129312], [cite:PUB00066074], [cite:PUB00066039], [cite:PUB00152687]].</p>

<p>This entry represents the TM and juxtamembrane segment of EGFR, ErbB2 and ErbB4 and similar sequences.</p>"
2;IPR016245;"doi:10.1016/j.cell.2022.04.014
imex:IM-29493
pubmed:35512704";Tyrosine protein kinase, EGF/ERB/XmrK receptor;"<p>Protein phosphorylation, which plays a key role in most cellular activities, is a reversible process mediated by protein kinases and phosphoprotein phosphatases. Protein kinases catalyse the transfer of the gamma phosphate from nucleotide triphosphates (often ATP) to one or more amino acid residues in a protein substrate side chain, resulting in a conformational change affecting protein function. Phosphoprotein phosphatases catalyse the reverse process. 
Protein kinases fall into three broad classes, characterised with respect to substrate specificity [[cite:PUB00005115]]:</p>

<ul>
<li>Serine/threonine-protein kinases</li>
<li>Tyrosine-protein kinases</li>
<li>Dual specificity protein kinases (e.g. MEK -phosphorylates both Thr and Tyr on target proteins)</li>
</ul>

<p>Protein kinase function is evolutionarily conserved from Escherichia coli to human [[cite:PUB00020114]]. Protein kinases play a role in a multitude of cellular processes, including division, proliferation, apoptosis, and differentiation [[cite:PUB00015362]]. Phosphorylation usually results in a functional change of the target protein by changing enzyme activity, cellular location, or association with other proteins. The catalytic subunits of protein kinases are highly conserved, and several structures have been solved [[cite:PUB00034898]], leading to large screens to develop kinase-specific inhibitors for the treatments of a number of diseases [[cite:PUB00034899]].</p>; <p>Tyrosine-protein kinases can transfer a phosphate group from ATP to a tyrosine residue in a protein. These enzymes can be divided into two main groups [[cite:PUB00020114]]:</p>

<ul>
<li>Receptor tyrosine kinases (RTK), which are transmembrane proteins involved in signal transduction; they play key roles in growth, differentiation, metabolism, adhesion, motility, death and oncogenesis [[cite:PUB00052410]]. RTKs are composed of 3 domains: an extracellular domain (binds ligand), a transmembrane (TM) domain, and an intracellular catalytic domain (phosphorylates substrate). The TM domain plays an important role in the dimerisation process necessary for signal transduction [[cite:PUB00052411]].</li>
<li>Cytoplasmic/non-receptor tyrosine kinases, which act as regulatory proteins, playing key roles in cell differentiation, motility, proliferation, and survival. For example, the Src-family of protein-tyrosine kinases [[cite:PUB00052412]].</li>
</ul>; <p>This group represents a group of known and predicted receptor-type tyrosine-protein kinases, including the EGF and ERB receptors, and the melanoma-inducing oncogene product XmrK.</p>"
2;IPR050433;"imex:IM-28767
pubmed:35140242";Myc family transcription factors;<p>The Myc family of transcription factors plays a crucial role in cellular growth, proliferation, and apoptosis. Members of the Myc family bind DNA both non-specifically and specifically, recognizing the core sequence 5'-CAC[GA]TG-3'. They are involved in activating the transcription of growth-related genes and have roles in various cellular processes, including angiogenesis, stem cell self-renewal, and somatic reprogramming. Some family members, such as N-myc, are implicated in the positive regulation of transcription in neuroblastoma cells, while others like S-myc have apoptosis-inducing activity. The 9aaTAD motif, a common transactivation domain, is present in many Myc proteins, contributing to their function as transcription factors. Additionally, Myc proteins are involved in the regulation of alternative splicing of certain genes, influencing cellular metabolism and differentiation.</p>
2;IPR003327;"imex:IM-28767
pubmed:35140242";Leucine zipper, Myc;<p>This family consists of the leucine zipper dimerisation domain found in both cellular c-Myc proto-oncogenes and viral v-Myc oncogenes. Dimerisation via the leucine zipper motif with other basic helix-loop-helix-leucine zipper (b/HLH/lz) proteins is required for efficient DNA binding [[cite:PUB00008107]]. The Myc-Max dimer is a transactivating complex activating expression of growth related genes promoting cell proliferation. The dimerisation is facilitated via interdigitating leucine residues every 7th position of the α helix. Like charge repulsion of adjacent residues in this region preturbs the formation of homodimers with heterodimers being promoted by opposing charge attractions. It has been demonstrated that in transgenic mice the balance between oncogene-induced proliferation and apoptosis in a given tissue can be a critical determinant in the initiation and maintenance of the tumor [[cite:PUB00008108]].</p>
2;IPR012682;"imex:IM-28767
pubmed:35140242";Transcription regulator Myc, N-terminal;<p>The class III basic helix-turn-helix (bHLH) transcription factors have proliferative and apoptotic roles and are characterised by the presence of a leucine zipper adjacent to the bHLH domain. The myc oncogene gene was first discovered in small-cell lung cancer cell lines where it is found to be deregulated [[cite:PUB00003650]]. Although the biochemical function of the gene product is unknown, as a nuclear protein with a short half-life it may play a direct or indirect role in controlling gene expression [[cite:PUB00005562]]. Myc forms a heterodimer with Max, and this complex regulates cell growth through direct activation of genes involved in cell replication [[cite:PUB00005465]]. <p>This entry represents the N-terminal domain found adjacent to the basic helix-loop-helix (bHLH) region ([interpro:IPR011598]).</p>
2;IPR002418;"imex:IM-28767
pubmed:35140242";Transcription regulator Myc;"<p>The class III basic helix-turn-helix (bHLH) transcription factors have proliferative and apoptotic roles and are characterised by the presence of a leucine zipper adjacent to the bHLH domain. The myc oncogene was first discovered in small-cell lung cancer cell lines where it is found to be deregulated [[cite:PUB00003650]]. The Myc protein contains an N-terminal transcriptional regulatory domain followed by a nuclear localization signal and a C-terminal basic DNA binding domain tethered to a helix-loop-helix-leucine zipper (HLH-Zip) dimerization motif. Myc forms a heterodimer with Max, and this complex regulates cell growth through direct activation of genes involved in cell replication [[cite:PUB00005562], [cite:PUB00005465], [cite:PUB00096614]].</p>

<p>The `leucine zipper' is a structure that is believed to mediate the function of several eukaryotic gene regulatory proteins. The zipper consists of a periodic repetition of leucine residues at every seventh position, and regions containing them appear to span eight turns of α-helix. The leucine side chains that extend from one helix interact with those from a similar helix, hence facilitating dimerisation in the form of a coiled-coil. Leucine zippers are present in many gene regulatory proteins, including the CREB proteins, Jun/AP1 transcription factors, fos oncogene and fos-related proteins, C-myc, L-myc and N-myc oncogenes, and so on.</p>"
2;IPR017347;"imex:IM-30059
pubmed:39251607";Heterogeneous nuclear ribonucleoprotein C;"<p>This entry represents heterogeneous nuclear ribonucleoproteins C and C-like. 
The physiologically active form of human heterogeneous nuclear ribonucleoprotein C (hnRNPC) is a tetramer of isoforms hnRNPC1 and C2. It binds pre-mRNA and nucleates the assembly of 40S hnRNP particles. Single hnRNPC tetramers bind 230-240 nucleotides. It may play a role in the early steps of spliceosome assembly and pre-mRNA splicing. It interacts with poly-U tracts in the 3'-UTR or 5'-UTR of mRNA and modulates the stability and the level of translation of bound mRNA molecules [[cite:PUB00072919], [cite:PUB00072920], [cite:PUB00072921], [cite:PUB00072922]].</p>

<p>Among the hnRNP C-like proteins is Raly, a protein described in mouse and humans [[cite:PUB00073767]].</p>"
2;IPR051186;"imex:IM-30059
pubmed:39251607";RRM HNRPC family, RALY subfamily;<p>The RRM HNRPC family, RALY subfamily, comprises RNA-binding proteins involved in various aspects of RNA metabolism. Members of this family bind to pre-mRNA and are implicated in the assembly of hnRNP particles, playing a role in mRNA stability, translation, and splicing. They interact with poly-U tracts in mRNA UTRs and respond to m6A modifications, which can influence mRNA splicing. Some family members are involved in transcriptional regulation of cholesterol biosynthesis by binding non-coding RNAs like LeXis. Others may contribute to nucleosome assembly and maintenance of mRNA levels. The family is characterized by the RNA recognition motif (RRM) and is associated with heterogeneous nuclear ribonucleoproteins (hnRNPs), which are key components in the post-transcriptional regulation of gene expression.</p>
2;IPR050560;"imex:IM-28767
pubmed:35140242";Transcription factors Myb-like;<p>The Myb family of transcription factors is characterised by their ability to bind specific DNA sequences and regulate gene expression across a variety of biological processes. Members of the Myb family are involved in the control of cell proliferation, differentiation, and development in both plants and animals [[cite:PUB00067963], [cite:PUB00155104], [cite:PUB00155101], [cite:PUB00108845]]. In plants, they play crucial roles in secondary cell wall biosynthesis, cell cycle regulation, auxin response, abiotic stress response, and reproductive development [[cite:PUB00108845], [cite:PUB00155103], [cite:PUB00155102]]. In animals, they are key regulators of hematopoietic progenitor cell proliferation and differentiation, male meiosis, and germline integrity [[cite:PUB00067963], [cite:PUB00155104], [cite:PUB00155101], [cite:PUB00135282]]. Some members act as transcriptional activators, while others function as repressors. The family is also implicated in the regulation of metabolic pathways and response to environmental stimuli.</p>
2;IPR012642;"imex:IM-28767
pubmed:35140242";Transcription regulator Wos2-domain;<p>Proteins containing the Wos2 domain are involved in the regulation of the cell cycle [[cite:PUB00016394]] and are Myb-related transcriptional activators.</p>
2;IPR017930;"imex:IM-28767
pubmed:35140242";Myb domain;"<p>The myb-type HTH domain is a DNA-binding, helix-turn-helix (HTH) domain of approximately 55 amino acids, typically occurring in a tandem repeat in eukaryotic transcription factors. The domain is named after the retroviral oncogene v-myb, and its cellular counterpart c-myb, which encode nuclear DNA-binding proteins that specifically recognise the sequence YAAC(G/T)G [[cite:PUB00004032], [cite:PUB00001154]]. Myb proteins contain three tandem repeats of 51 to 53 amino acids, termed R1, R2 and R3. This repeat region is involved in DNA-binding and R2 and R3 bind directly to the DNA major groove. The major part of the first repeat is missing in retroviral v-Myb sequences and in plant myb-related (R2R3) proteins [[cite:PUB00043781]]. A single myb-type HTH DNA-binding domain occurs in TRF1 and TRF2.</p>

<p>The 3D-structure of the myb-type HTH domain forms three α-helices [[cite:PUB00025569]]. The second and third helices connected via a turn comprise the helix-turn-helix motif. Helix 3 is termed the recognition helix as it binds the DNA major groove, like in other HTHs.</p>"
2;IPR015395;"imex:IM-28767
pubmed:35140242";C-myb, C-terminal;<p>This entry represents the C-terminal domain of the proto-oncogene c-myb and the viral transforming protein myb. Truncation of the domain results in 'activation' of c-myb and subsequent tumourigenesis [[cite:PUB00035370]].</p>
2;IPR005946;"doi:10.1016/j.cell.2021.04.011
imex:IM-29278
pubmed:33961781";Ribose-phosphate pyrophosphokinase;<p>Ribose-phosphate diphosphokinase, also known as ribose-phosphate pyrophosphokinase (RPPK), or phosphoribosyldiphosphate synthetase ([ec:2.7.6.1]),  catalyses the transfer of an intact diphosphate (PP) group from ATP to ribose-5-phosphate (R-5-P), which results in the formation of AMP and 5-phospho-D-ribosyl--1-diphosphate (PRPP).</p>
2;IPR029057;"doi:10.1016/j.cell.2021.04.011
imex:IM-29278
pubmed:33961781";Phosphoribosyltransferase-like;<p>This superfamily represents a phosphoribosyltransferase-like domain. Proteins containing this domain include phosphoribosyltransferases (PRTases) [[cite:PUB00037289]], phosphoribosylpyrophosphate synthetase-like proteins [[cite:PUB00024226]] and some uncharacterised proteins.</p>
2;IPR037515;"doi:10.1016/j.cell.2021.04.011
imex:IM-29278
pubmed:33961781";Ribose-phosphate pyrophosphokinase, bacterial-type;"<p>This family consists of bacterial and some eukaryotic enzymes. The crystal structure of the PRPP synthetase from Bacillus subtilis has been determined; the functional form of the enzyme is an hexamer [[cite:PUB00024226]].</p>; <p>Ribose-phosphate diphosphokinase, also known as ribose-phosphate pyrophosphokinase (RPPK), or phosphoribosyldiphosphate synthetase ([ec:2.7.6.1]),  catalyses the transfer of an intact diphosphate (PP) group from ATP to ribose-5-phosphate (R-5-P), which results in the formation of AMP and 5-phospho-D-ribosyl--1-diphosphate (PRPP).</p>"
2;IPR000842;"doi:10.1016/j.cell.2021.04.011
imex:IM-29278
pubmed:33961781";Phosphoribosyl pyrophosphate synthetase, conserved site;<p>Phosphoribosyl pyrophosphate synthetase ([ec:2.7.6.1]) (PRib-PP synthetase) catalyses the formation of PRib-PP from ATP and ribose 5-phosphate. PRib-PP is then used in various biosynthetic pathways, for example in the formation of purines, pyrimidines, histidine and tryptophan. PRib-PP synthetase requires inorganic phosphate and magnesium ions for its stability and activity. In mammals, three isozymes of PRib-PP synthetase are found, while in yeast there are at least four isozymes. A very conserved region containing two conserved aspartic acid residues as well as a histidine has been suggested to be involved in binding divalent cations [[cite:PUB00002493]]. These residues are all potential ligands for a cation such as magnesium.</p>
2;IPR029099;"doi:10.1016/j.cell.2021.04.011
imex:IM-29278
pubmed:33961781";Ribose-phosphate pyrophosphokinase, N-terminal domain;<p>This domain is found in N-terminal of ribose-phosphate pyrophosphokinase, frequently  N-terminal to  [interpro:IPR000836].</p>
2;IPR000836;"doi:10.1016/j.cell.2021.04.011
imex:IM-29278
pubmed:33961781";Phosphoribosyltransferase domain;<p>This entry refers to the phosphoribosyl transferase (PRT) type I domain. PRTases catalyze the displacement of the alpha-1'-pyrophosphate of 5-phosphoribosyl-alpha1-pyrpphosphate (PRPP) by a nitrogen-containing nucleophile. The reaction products are an alpha-1 substituted ribose-5'-phosphate and a free pyrophosphate (PP).  PRPP, an activated form of ribose-5-phosphate, is a key metabolite connecting nucleotide synthesis and salvage pathways. The type I PRTases are identified by a conserved PRPP binding motif which features two adjacent acidic residues surrounded by one or more hydrophobic residue. This domain is found in a range of diverse phosphoribosyl transferase enzymes and regulatory proteins of the nucleotide synthesis and salvage pathways, including adenine phosphoribosyltransferase [ec:2.4.2.7], hypoxanthine-guanine-xanthine phosphoribosyltransferase, hypoxanthine phosphoribosyltransferase [ec:2.4.2.8], ribose-phosphate pyrophosphokinase [ec:2.7.6.1], amidophosphoribosyltransferase [ec:2.4.2.14], orotate phosphoribosyltransferase [ec:2.4.2.10], uracil phosphoribosyltransferase [ec:2.4.2.9], and xanthine-guanine phosphoribosyltransferase [ec:2.4.2.22]. In Arabidopsis, at the very N terminus of this domain is the P-Loop NTPase domain [[cite:PUB00060940], [cite:PUB00028083], [cite:PUB00080233], [cite:PUB00038074], [cite:PUB00046981], [cite:PUB00080234], [cite:PUB00080235], [cite:PUB00060925], [cite:PUB00080236], [cite:PUB00080237], [cite:PUB00080238], [cite:PUB00080239], [cite:PUB00080240]].</p>
2;IPR003118;"imex:IM-28767
pubmed:35140242";Pointed domain;<p>The highly conserved PNT (or Pointed) domain is found within a subset of the Ets transcription factors, including mammalian Ets-1, Ets-2, Erg, Fli-1, GABPalpha, and Tel, as well as Drosophila Pnt-P2 and Yan. The PNT domain is structurally related to the larger group of SAM domains through a common tertiary arrangement of four α-helices. A role in protein-protein association has been established for the PNT domain [[cite:PUB00052613], [cite:PUB00031232]].</p>
2;IPR016311;"imex:IM-28767
pubmed:35140242";Transforming protein C-ets;<p>C-ets transcription factors are highly conserved members of the ets gene family, with amino acid similarity to the v-ets oncogene of the avian leukemia virus, E26 [[cite:PUB00063661]]. They bind to unique DNA sequences, either alone or by association with other proteins [[cite:PUB00063664]].</p>
2;IPR013761;"imex:IM-28767
pubmed:35140242";Sterile alpha motif/pointed domain superfamily;"<p>Sterile alpha motif (SAM) domains are known to be involved in diverse protein-protein interactions, associating with both SAM-containing and non-SAM-containing proteins pathway [[cite:PUB00014041]]. SAM domains exhibit a conserved structure, consisting of a 4-5-helical bundle of two orthogonally packed α-hairpins. However, SAM domains display a diversity of function, being involved in interactions with proteins, DNA and RNA [[cite:PUB00014042]]. The name 'sterile alpha motif' arose from its presence in proteins that are essential for yeast sexual differentiation. The SAM domain has had various names, including SPM, PTN (pointed), SEP (yeast sterility, Ets-related, PcG proteins), NCR (N-terminal conserved region) and HLH (helix-loop-helix) domains, all of which are related and can be classified as SAM domains.</p>

<p>SAM domains occur in eukaryotic and in some bacterial proteins. Structures have been determined for several proteins that contain SAM domains, including the Ets-1 transcription factor, which plays a role in the development and invasion of tumour cells by regulating the expression of matrix-degrading proteases [[cite:PUB00014043]]; Etv6 transcription factor, gene rearrangements of which have been demonstrated in several malignancies [[cite:PUB00014044]]; EphA4 receptor tyrosine kinase, which is believed to be important for the correct localisation of a motoneuron pool to a specific position in the spinal cord [[cite:PUB00014045]]; EphB2 receptor, which is involved in spine morphogenesis via intersectin, Cdc42 and N-Wasp [[cite:PUB00014046]]; p73, a p53 homologue involved in neuronal development [[cite:PUB00014047]]; and polyhomeotic, which is a member of the Polycomb group of genes (Pc-G) required for the maintenance of the spatial expression pattern of homeotic genes [[cite:PUB00014048]].</p>"
2;IPR041886;"imex:IM-28767
pubmed:35140242";Protein C-ets-1, pointed domain;<p>This entry represents the SAM pointed domain of protein C-ets-1 (also known as ETS-1), which is an ETS transcriptional activator. The SAM pointed domain is a protein-protein interaction domain. The ETS-1 activator is regulated by phosphorylation. It contains a docking site for the ERK2 MAP (Mitogen Activated Protein) kinase, while the ERK2 phosphorylation site is located in the N-terminal disordered region upstream of the SAM Pointed domain. Mutations of the kinase docking site residues inhibit phosphorylation [[cite:PUB00092038], [cite:PUB00023696]]. ETS-1 activators play a role in a number of different physiological processes, and they are expressed during embryonic development, including blood vessel formation, hematopoietic, lymphoid, neuronal and osteogenic differentiation [[cite:PUB00092040]]. The Ets-1 gene is a proto-oncogene involved in progression of different tumors (including breast cancer, meningioma, and prostate cancer). ETS-1 is a potential molecular target for selective cancer therapy [[cite:PUB00092039]].</p>
2;IPR045688;"imex:IM-28767
pubmed:35140242";Ets1, N-terminal flanking region of Ets domain;"<p>Ets1 is a member of the Ets family of transcription factors in which the DNA-binding activity is in an autoinhibited state. The autoinhibition of Ets1 is mediated by structural coupling of the regions flanking the Ets domain. The inhibitory regions are folded as helices HI1 and HI2 N-terminal to the ETS domain and as H4 C-terminal to the ETS domain, which are packed together to form an inhibitory module [[cite:PUB00058375]].</p>

<p>This domain represents the N-terminal flanking region of Ets domain which contains the residues forming HI1 and HI2 helices and additional residues (244-301) N-terminal to HI1. HI1 and HI2 exert the autoinhibitory function by directing the inhibitory residues N-terminal to HI1 to mask the Ets domain DNA-binding surface. These residues are flexible and function by masking the DNA-binding surface of the Ets domain. Phosphorylation of serine residues present in this region enhances autoinhibition dramatically. These inhibitory sequences are required for cooperative DNA binding [[cite:PUB00058375]]. Members of this entry are found among chordates.</p>"
2;IPR051681;"doi:10.1016/j.cell.2022.04.014
imex:IM-29493
pubmed:35512704";Serine/Threonine Kinases and Pseudokinases;<p>This family of proteins includes both active serine/threonine kinases and pseudokinases. The active kinases are involved in various cellular processes such as signal transduction pathways, stress responses, and regulation of gene expression. They may function in defense mechanisms, potassium homeostasis, and viral egress. The pseudokinases, despite lacking catalytic activity, play crucial roles in programmed cell death processes like necroptosis. They are activated by phosphorylation and binding to specific inositol phosphates, leading to cellular events such as membrane localization and plasma membrane damage. Some family members are also involved in the regulation of nuclear envelope integrity in response to viral infection.</p>
2;IPR046349;"doi:10.1016/j.cell.2022.04.014
imex:IM-29493
pubmed:35512704";C1-like domain superfamily;<p>This superfamily includes variations of the protein kinase C1 domain that is characterised by a rich cysteine and histidine content. The C1 domain is the N-terminal region of conservation found in protein kinase C domains. This domain is involved in binding many ligands, which include diacylglycerol, phorbol esters and zinc [[cite:PUB00001427]]. This superfamily also includes the C-terminal domain of General transcription factor IIH subunit 2 whose structure revealed homology with the regulatory domain of protein kinase C  [[cite:PUB00016526]].</p>
2;IPR020454;"doi:10.1016/j.cell.2022.04.014
imex:IM-29493
pubmed:35512704";Diacylglycerol/phorbol-ester binding;"<p>This entry represents the N-terminal region of PKC, known as C1. It has been shown to bind PE and DAG in a phospholipid and zinc-dependent fashion [[cite:PUB00004685]]. The C1 region contains one or two copies (depending on the isozyme of PKC) of a cysteine-rich domain, which is about 50 amino-acid residues long, and which is essential for DAG/PE-binding. The DAG/PE-binding domain binds two zinc ions; the ligands of these metal ions are probably the six cysteines and two histidines that are conserved in this domain.</p>"
2;IPR003116;"doi:10.1016/j.cell.2022.04.014
imex:IM-29493
pubmed:35512704";Raf-like Ras-binding;"<p>Ras and heterotrimeric G proteins' alpha subunits are signal-transducing GTPases that cycle between inactive GDP-bound and active GTP-bound forms. The activities of these GTPases are regulated in part by GTPase-activating protein (GAPs) that stimulate hydrolysis of GTP, and guanine nucleotide exchange factors (GEFs) that stimulate GDP release. Ras and G alpha GTPases are prolific signalling molecules interacting with a spectrum of effector molecules and acting through more than one signalling pathway. The Ras-binding domain (RBD) is an independent domain of about 75 residues, which is sufficient for GTP-dependent binding of Ras and other G alpha GTPases. The RBD domain can be present singly or in tandem and it can be found associated with many other domains, such as PDZ, RGS, PID, PH, C1, DH, or protein kinase [[cite:PUB00011828]].</p>

<p>Structurally, the RBD domain of Raf-1 consists of a five-stranded mixed beta- sheet with an interrupted α-helix and two additional small α-helices. The structure of the RBD domain belongs to the ubiquitin α/β roll superfold and is similar to that of the RA domain despite the lack of significant sequence identity. The major interaction between Ras and Raf-1 RBD domain occurs between two antiparallel β-strands: β2 of Ras and β2 of RBD [[cite:PUB00018368]].</p>

<p>This entry represents the entire RBD domain.</p>"
2;IPR002219;"doi:10.1016/j.cell.2022.04.014
imex:IM-29493
pubmed:35512704";Protein kinase C-like, phorbol ester/diacylglycerol-binding domain;"<p>This entry represents the N-terminal region of PKC, known as C1. It has been shown to bind PE and DAG in a phospholipid and zinc-dependent fashion [[cite:PUB00004685]]. The C1 region contains one or two copies (depending on the isozyme of PKC) of a cysteine-rich domain, which is about 50 amino-acid residues long, and which is essential for DAG/PE-binding. The DAG/PE-binding domain binds two zinc ions; the ligands of these metal ions are probably the six cysteines and two histidines that are conserved in this domain.</p>; <p>Protein kinase C (PKC) is a family of serine/threonine protein kinases found in eukaryotic organisms, including humans, animals, and fungi. These enzymes play crucial roles in various signal transduction cascades, regulating cellular processes such as gene expression, protein secretion, cell proliferation, and inflammatory responses [[cite:PUB00160329]]. PKCs are activated by second messengers, primarily diacylglycerol (DAG) [[cite:PUB00001427]]. The PKC family comprises multiple isozymes, categorised into three subfamilies: conventional, novel, and atypical, based on their second messenger requirements [[cite:PUB00119042]]. Structurally, PKCs consist of a regulatory domain and a catalytic domain connected by a hinge region [[cite:PUB00160328]]. The regulatory domain typically contains C1 [interpro:IPR002219] and C2 domain, which are responsible for DAG and calcium binding. The catalytic domain [interpro:IPR000719], highly conserved among PKC isozymes, contains the ATP- and substrate-binding sites.</p>"
2;IPR022032;"imex:IM-28767
pubmed:35140242";Myogenic determination factor 5;<p>This domain is found in eukaryotes, is approximately 70 amino acids in length, and contains a conserved CSD sequence motif. It is found in association with [pfam:PF00010], [pfam:PF01586]. This domain is found in Myogenic factor 5 (Myf5) and Myoblast determination protein 1 (MyoD1). Myf5 is responsible for directing cells to the skeletal myocyte lineage during development [[cite:PUB00075517]]. Myf5 is likely to act in a similar way to the other MRF4 proteins such as MyoD which perform the same function [[cite:PUB00075518]].</p>
2;IPR002546;"imex:IM-28767
pubmed:35140242";Myogenic muscle-specific protein, N-terminal;"<p>Members of the bHLH family of transcription factors share homology within a basic domain and an adjacent helix-loop-helix motif. Myogenic factor MyoD belongs to the bHLH family [[cite:PUB00004903]].</p>

<p>This domain can be found at the N terminus of MyoD, which is muscle specific protein that control muscle development. This domain includes the predicted N-terminal transcription activation domain and part of the basic domain [[cite:PUB00003705], [cite:PUB00075517]].</p>"
2;IPR039704;"imex:IM-28767
pubmed:35140242";Myogenic factor;<p>Myogenic factors are involved in muscle differentiation, inducing fibroblasts to differentiate into myoblasts.  Myogenic factor 5 (Myf5) is responsible for directing cells to the skeletal myocyte lineage during development [[cite:PUB00075517]]. Myf5 and Myod (myoblast determination protein 1) are predominantly expressed in proliferating myoblasts while Myf4 and Myf6 are involved in differentiation of myotubes [[cite:PUB00090005]].  Myogenin (MYOG) is a transcriptional activator that promotes transcription of muscle-specific target genes and plays a role in muscle differentiation, cell cycle exit and muscle atrophy [[cite:PUB00090006], [cite:PUB00075518]].</p>
2;IPR018965;"imex:IM-22822
pubmed:25260751";Ubiquitin-activating enzyme E1, C-terminal;<p>This domain is found at the C terminus of Ubiquitin-activating enzyme E1 proteins. It binds to E2 enzymes [[cite:PUB00075384]].</p>
2;IPR000011;"imex:IM-22822
pubmed:25260751";Ubiquitin/SUMO-activating enzyme E1-like;"<p>This entry includes Ubiquitin-activating enzyme E1 (Uba1), SUMO-activating enzyme subunit 1 (Sae1) and similar proteins from eukaryotes.</p>; <p>Sae1 is an heterodimer that acts as an E1 ligase for SUMO1, SUMO2, SUMO3, and probably SUMO4 and mediates ATP-dependent activation of SUMO proteins [[cite:PUB00058677], [cite:PUB00038452], [cite:PUB00063223]].</p>; <p>The post-translational attachment of ubiquitin ([interpro:IPR000626]) to proteins (ubiquitinylation) alters the function, location or trafficking of a protein, or targets it to the 26S proteasome for degradation [[cite:PUB00015621], [cite:PUB00015619], [cite:PUB00015625]]. Ubiquitinylation is an ATP-dependent process that involves the action of at least three enzymes: a ubiquitin-activating enzyme (E1), a ubiquitin-conjugating enzyme (E2, [interpro:IPR000608]), and a ubiquitin ligase (E3, [interpro:IPR000569], [interpro:IPR003613]), which work sequentially in a cascade [[cite:PUB00015620]]. The E1 enzyme is responsible for activating ubiquitin, the first step in ubiquitinylation. The E1 enzyme hydrolyses ATP and adenylates the C-terminal glycine residue of ubiquitin, and then links this residue to the active site cysteine of E1, yielding a ubiquitin-thioester and free AMP. To be fully active, E1 must non-covalently bind to and adenylate a second ubiquitin molecule. The E1 enzyme can then transfer the thioester-linked ubiquitin molecule to a cysteine residue on the ubiquitin-conjugating enzyme, E2, in an ATP-dependent reaction.</p>"
2;IPR032418;"imex:IM-22822
pubmed:25260751";Ubiquitin-activating enzyme E1, FCCH domain;<p>This domain is found in the ubiquitin-activating E1 (Ub-E1) family enzymes. It is one of the catalytic cysteine half-domains of Ub-E1. The catalytic cysteine half-domains contain the E1 active site cysteine, and are known as FCCH and SCCH, for 'first' and 'second' catalytic cysteine half-domain, respectively [[cite:PUB00075384], [cite:PUB00097412]].</p>
2;IPR042063;"imex:IM-22822
pubmed:25260751";Ubiquitin-activating enzyme E1, SCCH domain;"<p>The E1 enzyme that catalyses carboxy-terminal Ub adenylation, thioester bond formation to a catalytic cysteine in the E1 Cys domain, together with thioester transfer to a catalytic cysteine in E2 conjugating enzymes are responsible for the Ubiquitin (Ub) conjugation initiation [[cite:PUB00092430]]. There are several homologues of this enzyme with one of them being ThiF [[cite:PUB00092429]].</p>

<p>The catalytic cysteine domain contains the E1 active site cysteine, and is divided in two half-domains, FCCH and SCCH, for 'first' and 'second' catalytic cysteine half-domain, respectively. This superfamily represents the domain 5 found in Ub-activating enzyme E1, the SCCH in which resides the catalytic cysteine [[cite:PUB00097412]]. This domain has an α-helical structure and likely to exist in equilibrium of open (adenylation active) and closed (thioester bond formation active) conformations. SCCH, FCCH (the first catalytic cysteine half-domain) and UFD (ubiquitin fold domain) are connected to the  AAD (active adenylation domain) through flexible loops that allow the conformational changes and rotations of these domains essential for catalysis of Ub activation and transfer of activated UB from E1 to E2 [[cite:PUB00097412]].</p>"
2;IPR019572;"imex:IM-22822
pubmed:25260751";Ubiquitin-activating enzyme, SCCH domain;"<p>Ubiquitin-activating enzyme (E1 enzyme) activates ubiquitin by first adenylating with ATP its C-terminal glycine residue and thereafter linking this residue to the side chain of a cysteine residue in E1, yielding an ubiquitin-E1 thiolester and free AMP. Later the ubiquitin moiety is transferred to a cysteine residue on one of the many forms of ubiquitin-conjugating enzymes (E2) [[cite:PUB00044523]]. This domain carries the last of five conserved cysteines that is part of the active site of the enzyme, responsible for ubiquitin thiolester complex formation, the active site being represented by the sequence motif PICTLKNFP [[cite:PUB00044524]]. Not all proteins in this entry contain a functional active site.</p>; <p>The catalytic cysteine domain contains the E1 active site cysteine, and is divided in two half-domains, FCCH and SCCH, for 'first' and 'second' catalytic cysteine half-domain, respectively. This domain represents the domain 5 found in Ub-activating enzyme E1, the SCCH in which resides the catalytic cysteine [[cite:PUB00097412]]. This domain has an α-helical structure and likely to exist in equilibrium of open (adenylation active) and closed (thioester bond formation active) conformations. SCCH, FCCH (the first catalytic cysteine half-domain) and UFD (ubiquitin fold domain) are connected to the  AAD (active adenylation domain) through flexible loops that allow the conformational changes and rotations of these domains essential for catalysis of Ub activation and transfer of activated UB from E1 to E2 [[cite:PUB00097412]].</p>"
2;IPR000594;"imex:IM-22822
pubmed:25260751";THIF-type NAD/FAD binding fold;"<p>This domain is a NAD/FAD-binding fold found in ubiquitin activating E1 family and members of the bacterial ThiF/MoeB/HesA family. It is repeated in Ubiquitin-activating enzyme E1 [[cite:PUB00011756], [cite:PUB00038452], [cite:PUB00075384]].</p>; <p>ThiF/MoeB/HesA are involved in molybdopterin and thiamine biosynthesis. The common reaction mechanism catalysed by MoeB and ThiF, like other E1 enzymes, begins with a nucleophilic attack of the C-terminal carboxylate of MoaD and ThiS, respectively, on the alpha-phosphate of an ATP molecule bound at the active site of the activating enzymes, leading to the formation of a high-energy acyladenylate intermediate and subsequently to the formation of a thiocarboxylate at the C termini of MoaD and ThiS. MoeB, as the MPT synthase (MoaE/MoaD complex) sulfurase, is involved in the biosynthesis of the molybdenum cofactor, a derivative of the tricyclic pterin, molybdopterin (MPT) [[cite:PUB00011756]]. ThiF catalyses the adenylation of ThiS, as part of the biosynthesis pathway of thiamin pyrophosphate (vitamin B1) [[cite:PUB00099202]].</p>; <p>The post-translational attachment of ubiquitin ([interpro:IPR000626]) to proteins (ubiquitinylation) alters the function, location or trafficking of a protein, or targets it to the 26S proteasome for degradation [[cite:PUB00015621], [cite:PUB00015619], [cite:PUB00015625]]. Ubiquitinylation is an ATP-dependent process that involves the action of at least three enzymes: a ubiquitin-activating enzyme (E1), a ubiquitin-conjugating enzyme (E2, [interpro:IPR000608]), and a ubiquitin ligase (E3, [interpro:IPR000569], [interpro:IPR003613]), which work sequentially in a cascade [[cite:PUB00015620]]. The E1 enzyme is responsible for activating ubiquitin, the first step in ubiquitinylation. The E1 enzyme hydrolyses ATP and adenylates the C-terminal glycine residue of ubiquitin, and then links this residue to the active site cysteine of E1, yielding a ubiquitin-thioester and free AMP. To be fully active, E1 must non-covalently bind to and adenylate a second ubiquitin molecule. The E1 enzyme can then transfer the thioester-linked ubiquitin molecule to a cysteine residue on the ubiquitin-conjugating enzyme, E2, in an ATP-dependent reaction.</p>"
2;IPR042302;"imex:IM-22822
pubmed:25260751";Ubiquitin-activating enzyme E1, FCCH domain superfamily;"<p>This domain is found in the ubiquitin-activating E1 (Ub-E1) family enzymes. It is one of the catalytic cysteine half-domains of Ub-E1. The catalytic cysteine half-domains contain the E1 active site cysteine, and are known as FCCH and SCCH, for 'first' and 'second' catalytic cysteine half-domain, respectively [[cite:PUB00075384], [cite:PUB00097412]].</p>; <p>Structurally, the FCCH domain is composed of 7 anti-parallel β sheets and 2 α helices.</p>"
2;IPR042449;"imex:IM-22822
pubmed:25260751";Ubiquitin-activating enzyme E1, inactive adenylation domain, subdomain 1;"<p>The post-translational attachment of ubiquitin ([interpro:IPR000626]) to proteins (ubiquitinylation) alters the function, location or trafficking of a protein, or targets it to the 26S proteasome for degradation [[cite:PUB00015621], [cite:PUB00015619], [cite:PUB00015625]]. Ubiquitinylation is an ATP-dependent process that involves the action of at least three enzymes: a ubiquitin-activating enzyme (E1), a ubiquitin-conjugating enzyme (E2, [interpro:IPR000608]), and a ubiquitin ligase (E3, [interpro:IPR000569], [interpro:IPR003613]), which work sequentially in a cascade [[cite:PUB00015620]]. The E1 enzyme is responsible for activating ubiquitin, the first step in ubiquitinylation. The E1 enzyme hydrolyses ATP and adenylates the C-terminal glycine residue of ubiquitin, and then links this residue to the active site cysteine of E1, yielding a ubiquitin-thioester and free AMP. To be fully active, E1 must non-covalently bind to and adenylate a second ubiquitin molecule. The E1 enzyme can then transfer the thioester-linked ubiquitin molecule to a cysteine residue on the ubiquitin-conjugating enzyme, E2, in an ATP-dependent reaction.</p>; <p>The Ubiquitin-activating enzyme E1 (Ub-E1) consists of four building blocks: First, the adenylation domains composed of two MoeB/ThiF-homology motifs (IAD and AAD, for ""inactive"" and ""active"" adenylation domain, respectively), AAD binds ATP and Ub; second, the catalytic cysteine half-domains, which contain the E1 active site cysteine (FCCH and SCCH, for ""first"" and ""second"" catalytic cysteine half-domain, respectively) inserted into each of the adenylation domains; third, a four-helix bundle that represents a second insertion in the IAD and immediately follows the FCCH; and fourth, the C-terminal ubiquitin-fold domain (UFD), which recruits specific E2 [[cite:PUB00075384]].</p>; <p>The adenylation domain, which is composed of two MoeB/ThiF-homology motifs (hereafter, IAD and AAD, for 'inactive' and 'active' adenylation domain, respectively), the latter of which binds ATP and Ub [[cite:PUB00092430]].</p>"
2;IPR018075;"imex:IM-22822
pubmed:25260751";Ubiquitin-activating enzyme E1;<p>The post-translational attachment of ubiquitin ([interpro:IPR000626]) to proteins (ubiquitinylation) alters the function, location or trafficking of a protein, or targets it to the 26S proteasome for degradation [[cite:PUB00015621], [cite:PUB00015619], [cite:PUB00015625]]. Ubiquitinylation is an ATP-dependent process that involves the action of at least three enzymes: a ubiquitin-activating enzyme (E1), a ubiquitin-conjugating enzyme (E2, [interpro:IPR000608]), and a ubiquitin ligase (E3, [interpro:IPR000569], [interpro:IPR003613]), which work sequentially in a cascade [[cite:PUB00015620]]. The E1 enzyme is responsible for activating ubiquitin, the first step in ubiquitinylation. The E1 enzyme hydrolyses ATP and adenylates the C-terminal glycine residue of ubiquitin, and then links this residue to the active site cysteine of E1, yielding a ubiquitin-thioester and free AMP. To be fully active, E1 must non-covalently bind to and adenylate a second ubiquitin molecule. The E1 enzyme can then transfer the thioester-linked ubiquitin molecule to a cysteine residue on the ubiquitin-conjugating enzyme, E2, in an ATP-dependent reaction.</p>
2;IPR038252;"imex:IM-22822
pubmed:25260751";Ubiquitin-activating enzyme E1, C-terminal domain superfamily;<p>This domain is found at the C terminus of Ubiquitin-activating enzyme E1 proteins. It binds to E2 enzymes [[cite:PUB00075384]].</p>
2;IPR018074;"imex:IM-22822
pubmed:25260751";Ubiquitin-activating enzyme E1, conserved site;"<p>Ubiquitin-activating enzyme (E1 enzyme) [[cite:PUB00000623], [cite:PUB00005373]] activates ubiquitin by first adenylating with ATP its C-terminal glycine residue and thereafter linking this residue to the side chain of a cysteine residue in E1, yielding an ubiquitin-E1 thiolester and free AMP. Later the ubiquitin moiety is transferred to a cysteine residue on one of the many forms of ubiquitin- conjugating enzymes (E2).</p>

<p>E1 is a large monomeric protein of about 110 to 115 Kd (about 1000 residues). In yeast there are two forms (UBA1 and UBA2) [[cite:PUB00002915]], while in plants and mammals multiple forms exist including a form which is Y-linked in mouse and some other mammals and which may be involved in spermatogenesis.</p>

<p>It has been shown that the last of the five cysteines that are conserved in the sequence of E1 from various species is the one that binds ubiquitin [[cite:PUB00002725]]. This entry represents a conserved region containing the second of the five conserved cysteines.</p>"
2;IPR033127;"imex:IM-22822
pubmed:25260751";Ubiquitin-activating enzyme E1, Cys active site;"<p>Ubiquitin-activating enzyme (E1 enzyme) [[cite:PUB00000623], [cite:PUB00005373]] activates ubiquitin by first adenylating with ATP its C-terminal glycine residue and thereafter linking this residue to the side chain of a cysteine residue in E1, yielding an ubiquitin-E1 thiolester and free AMP. Later the ubiquitin moiety is transferred to a cysteine residue on one of the many forms of ubiquitin- conjugating enzymes (E2).</p>

<p>E1 is a large monomeric protein of about 110 to 115 Kd (about 1000 residues). In yeast there are two forms (UBA1 and UBA2) [[cite:PUB00002915]], while in plants and mammals multiple forms exist including a form which is Y-linked in mouse and some other mammals and which may be involved in spermatogenesis.</p>

<p>It has been shown that the last of the five cysteines that are conserved in the sequence of E1 from various species is the one that binds ubiquitin [[cite:PUB00002725]]. This entry represents a conserved region containing the active site cysteine.</p>"
2;IPR032420;"imex:IM-22822
pubmed:25260751";Ubiquitin-activating enzyme E1, four-helix bundle;<p>This domain is found in the ubiquitin-activating E1 family enzymes and is C-terminal to the FCCH domain [[cite:PUB00075384]].</p>
2;IPR045886;"imex:IM-22822
pubmed:25260751";ThiF/MoeB/HesA family;"<p>This is a family of E1-like enzymes that contain the NAD/FAD-binding fold [[cite:PUB00079807]]. Proteins in this entry include ThiF/MoeB/HesA from bacteria and E1-like enzymes from eukaryotes.</p>; <p>ThiF/MoeB/HesA are involved in molybdopterin and thiamine biosynthesis. The common reaction mechanism catalysed by MoeB and ThiF, like other E1 enzymes, begins with a nucleophilic attack of the C-terminal carboxylate of MoaD and ThiS, respectively, on the alpha-phosphate of an ATP molecule bound at the active site of the activating enzymes, leading to the formation of a high-energy acyladenylate intermediate and subsequently to the formation of a thiocarboxylate at the C termini of MoaD and ThiS. MoeB, as the MPT synthase (MoaE/MoaD complex) sulfurase, is involved in the biosynthesis of the molybdenum cofactor, a derivative of the tricyclic pterin, molybdopterin (MPT) [[cite:PUB00011756]]. ThiF catalyses the adenylation of ThiS, as part of the biosynthesis pathway of thiamin pyrophosphate (vitamin B1) [[cite:PUB00099202]].</p>"
2;IPR035985;"imex:IM-22822
pubmed:25260751";Ubiquitin-activating enzyme-like;"<p>This entry describes the ubiquitin-activating enzymes E1, ubiquitin-like modifier-activating enzymes, and related enzymes. It also includes adenylyltransferase and sulfurtransferase from the MOCS3 (humans) and UBA4 (yeast) complexes, which are enzymes involved in ubiquitin-like pathways. These enzymes play critical roles in activating ubiquitin-like proteins (UBLs) such as Urm1 [[cite:PUB00160412], [cite:PUB00160411]].</p>; <p>The post-translational attachment of ubiquitin ([interpro:IPR000626]) to proteins (ubiquitinylation) alters the function, location or trafficking of a protein, or targets it to the 26S proteasome for degradation [[cite:PUB00015621], [cite:PUB00015619], [cite:PUB00015625]]. Ubiquitinylation is an ATP-dependent process that involves the action of at least three enzymes: a ubiquitin-activating enzyme (E1), a ubiquitin-conjugating enzyme (E2, [interpro:IPR000608]), and a ubiquitin ligase (E3, [interpro:IPR000569], [interpro:IPR003613]), which work sequentially in a cascade [[cite:PUB00015620]]. The E1 enzyme is responsible for activating ubiquitin, the first step in ubiquitinylation. The E1 enzyme hydrolyses ATP and adenylates the C-terminal glycine residue of ubiquitin, and then links this residue to the active site cysteine of E1, yielding a ubiquitin-thioester and free AMP. To be fully active, E1 must non-covalently bind to and adenylate a second ubiquitin molecule. The E1 enzyme can then transfer the thioester-linked ubiquitin molecule to a cysteine residue on the ubiquitin-conjugating enzyme, E2, in an ATP-dependent reaction.</p>"
2;IPR016374;"imex:IM-28767
pubmed:35140242";Transcription factor, GATA-2/3;<p>GATA transcription factors mediate processes of development, differentiation, and gene expression in multiple tissues and cell types. Vertebrate GATA factors have two highly conserved zinc finger motifs and recognise a six-nucleotide motif T/AGATAG/A in target genes. They are separated into two subfamilies: 1) GATA1, GATA2, and GATA3 and 2) GATA4, GATA5, and GATA6. Members of the GATA1/2/3 subfamily are expressed in developing blood cells, where they regulate differentiation-specific gene expression in hematopoiesis [[cite:PUB00070368]]. This entry represents the GATA2 and GATA3.</p>
2;IPR039355;"imex:IM-28767
pubmed:35140242";Transcription factor GATA;"<p>This entry represents proteins with GATA-type zinc fingers (Znf). A number of transcription factors (including erythroid-specific transcription factor and nitrogen regulatory proteins) specifically bind the DNA sequence (A/T)GATA(A/G) [[cite:PUB00001896]] in the regulatory regions of genes. They are consequently termed GATA-binding transcription factors. The interactions occur via highly-conserved Znf domains in which the zinc ion is coordinated by four cysteine residues [[cite:PUB00000834], [cite:PUB00005167]]. NMR studies have shown the core of the Znf to comprise two irregular anti-parallel β-sheets and an α-helix, followed by a long loop to the C-terminal end of the finger. The N-terminal part, which includes the helix, is similar in structure, but not sequence, to the N-terminal zinc module of the glucocorticoid receptor DNA-binding domain. The helix and the loop connecting the two β-sheets interact with the major groove of the DNA, while the C-terminal tail wraps around into the minor groove. It is this tail that is the essential determinant of specific binding. Interactions between the Znf and DNA are mainly hydrophobic, explaining the preponderance of thymines in the binding site; a large number of interactions with the phosphate backbone have also been observed [[cite:PUB00005167]]. Two GATA zinc fingers are found in the GATA transcription factors. However there are several proteins which only contains a single copy of the domain.</p>

<p>The GATA-type transcription factors SreA and Sre1 from fungi regulate iron- acquisition genes [[cite:PUB00089630], [cite:PUB00089631]].</p>"
2;IPR017114;"imex:IM-28767
pubmed:35140242";C2H2-type Zinc finger protein, YY1-like;"<p>This entry represents a group of C2H2-type Zinc finger proteins, including a transcription factor yin and yang 1 (YY1). YY1 has been shown to regulate cell proliferation and differentiation, and its deficiency in mice results in peri-implantation lethality during embryonic development. It has also been linked to cancers [[cite:PUB00086392]].</p>

<p>Proteins in this entry also include YY2. It may antagonize YY1 and function in development and differentiation [[cite:PUB00086393]].</p>"
2;IPR043182;"imex:IM-28767
pubmed:35140242";Paired DNA-binding site;"<p>The paired domain is a ~126 amino acid DNA-binding domain, which is found in eukaryotic transcription regulatory proteins involved in embryogenesis. The domain was originally described as the 'paired box' in the Drosophila protein paired (prd) [[cite:PUB00000810], [cite:PUB00001887]]. The paired DNA-binding domain is generally located in the N-terminal part. An octapeptide [[cite:PUB00017868]] and/or a homeodomain can occur C-terminal to the paired DNA-binding domain, as well as a Pro-Ser-Thr-rich C-terminal. Paired DNA-binding domain proteins can function as transcription repressors or activators. The paired DNA-binding domain contains three subdomains, which show functional differences in DNA-binding.</p>

<p>The crystal structures of prd and Pax proteins show that the DNA-bound paired domain is bipartite, consisting of an N-terminal subdomain (PAI or NTD) and a C-terminal subdomain (RED or CTD), connected by a linker. PAI and RED each form a three-helical fold, with the most C-terminal helices
comprising a helix-turn-helix (HTH) motif that binds the DNA major groove. In addition, the PAI subdomain encompasses an N-terminal β-turn and
β-hairpin, also named 'wing', participating in DNA-binding. The linker can bind into the DNA minor groove. Different Pax proteins and their alternatively spliced isoforms use different (sub)domains for DNA-binding to mediate the specificity of sequence recognition [[cite:PUB00017869], [cite:PUB00017870]].</p>

<p>This entry represents the conserved region that spans the DNA-binding HTH located in the N-terminal subdomain.</p>"
2;IPR043565;"imex:IM-28767
pubmed:35140242";PAX family;<p>PAX family members are transcription factors characterised by a ~128-amino-acid DNA-binding paired domain that makes sequence specific contacts with DNA [[cite:PUB00078138]]. In mammals, there are nine Pax proteins (PAX1-9). They regulate the morphogenesis of a wide range of organs and are key factors for the development of mammalian sensory organs such as the eye (Pax6, Pax2), nose (Pax6) and ears (Pax2, Pax8) [[cite:PUB00078140], [cite:PUB00078141]].</p>
2;IPR001523;"imex:IM-28767
pubmed:35140242";Paired domain;"<p>The paired domain is an approximately 126 amino acid DNA-binding domain, which is found in eukaryotic transcription regulatory proteins involved in embryogenesis. The domain was originally described as the 'paired box' in the Drosophila protein paired (prd) [[cite:PUB00000810], [cite:PUB00001887]]. The paired domain is generally located in the N-terminal part. An octapeptide [[cite:PUB00017868]] and/or a homeodomain can occur C-terminal to the paired domain, as well as a Pro-Ser-Thr-rich C terminus.</p>

<p>Paired domain proteins can function as transcription repressors or activators. The paired domain contains three subdomains, which show functional differences in DNA-binding. The crystal structures of prd and Pax proteins show that the DNA-bound paired domain is bipartite, consisting of an N-terminal subdomain (PAI or NTD) and a C-terminal subdomain (RED or CTD), connected by a linker. PAI and RED each form a three-helical fold, with the most C-terminal helices comprising a helix-turn-helix (HTH) motif that binds the DNA major groove. In addition, the PAI subdomain encompasses an N-terminal β-turn and
β-hairpin, also named 'wing', participating in DNA-binding. The linker can
bind into the DNA minor groove. Different Pax proteins and their alternatively
spliced isoforms use different (sub)domains for DNA-binding to mediate the
specificity of sequence recognition [[cite:PUB00017869], [cite:PUB00017870]].</p>; <p>Some proteins known to contain a paired domain:</p>

<ul><li>Drosophila paired (prd), a segmentation pair-rule class protein.</li>

<li>Drosophila gooseberry proximal (gsb-p) and gooseberry distal (gsb-d), segmentation polarity class proteins.</li>

<li>Drosophila Pox-meso and Pox-neuro proteins.</li></ul>

<p>The Pax proteins:</p>

<ul><li>Mammalian protein Pax1, which may play a role in the formation of segmented structures in the embryo. In mouse, mutations in Pax1 produce the undulated phenotype, characterised by vertebral malformations along the entire rostro-caudal axis.</li>

<li>Mammalian protein Pax2, a probable transcription factor that may have a role in kidney cell differentiation.</li>

<li>Mammalian protein Pax3. Pax3 is expressed during early neurogenesis. In humans, defects in Pax3 are the cause of Waardenburg's syndrome (WS), an autosomal dominant combination of deafness and pigmentary disturbance.</li>

<li>Mammalian protein Pax4 pays an important role in the differentiation and development of pancreatic islet beta cells. It binds to a common element in the glucagon, insulin and somatostatin promoters. In humans, it has been related to the rare, familial, clinically and genetically heterogeneous form of diabetes MODY (maturity-onset diabetes of the young).</li>

<li>Mammalian protein Pax5, also known as B-cell specific transcription factor (BSAP). Pax5 is involved in the regulation of the CD19 gene. It plays an important role in B-cell differentiation as well as neural development and spermatogenesis.</li>

<li>Mammalian protein Pax6 (oculorhombin). Pax6 is a transcription factor with important functions in eye and nasal development. In Man, defects in Pax6 are the cause of aniridia type II (AN2), an autosomal dominant disorder characterised by complete or partial absence of the iris.</li>

<li>Mammalian protein Pax7 is involved in the regulation of muscle stem cells proliferation, playing a role in myogenesis and muscle regeneration.</li>

<li>Mammalian protein Pax8, required in thyroid development.</li>

<li>Mammalian protein Pax9, required for normal development of thymus, parathyroid glands, ultimobranchial bodies, teeth, skeletal elements of skull and larynx as well as distal limbs. In man, defects in Pax9 cause oligodontia.</li>

<li>Zebrafish protein Paired box protein Pax-2a, involved in the development of the midbrain/hindbrain boundary organizer and specification of neuronal cell fates.</li>

<li>Xenopus laevis protein Paired box protein Pax-3-A, which promotes both hatching gland and neural crest cell fates, two of the cell populations that arise from the neural plate border.</li>

</ul>"
2;IPR042247;"imex:IM-28767
pubmed:35140242";T-cell leukemia homeobox protein 1/2/3;<p>This entry represents a group of homeobox proteins, including Tlx1/2/3. They are transcription factors that belong to the to the Hox11 family. In general, they bind to the DNA sequence 5'-CGGTAATTGG-3' [[cite:PUB00092824]]. Tlx1 and Tlx3 are required for fate determination of glutamatergic and GABAergic neurons in the dorsal spinal cord [[cite:PUB00092822], [cite:PUB00092823]]. Tlx1, also known as Hox11, is required to maintain normal Wt1 mRNA levels in the developing spleen in mice [[cite:PUB00092821]]. Tlx2, also known as Ncx/Hox11L.1, is required for the adequate development of enteric neurons in mice [[cite:PUB00092820]].</p>
2;IPR034676;"doi:10.1016/j.cell.2022.04.014
imex:IM-29493
pubmed:35512704";Protein kinase B alpha, catalytic domain;<p>Protein kinase B alpha (PKB-alpha), also known as AKT1, is one of three closely related serine/threonine-protein kinases: AKT1/alpha, AKT2/beta and AKT3/gamma. PKBs contain an N-terminal pleckstrin homology (PH) domain and a C-terminal catalytic domain [[cite:PUB00084138]]. PKB-alpha is predominantly expressed in endothelial cells. It is critical for the regulation of angiogenesis and the maintenance of vascular integrity [[cite:PUB00084140]]. It also plays a role in adipocyte differentiation [[cite:PUB00084154]]. Mice deficient in PKB-alpha exhibit perinatal morbidity, growth retardation, reduction in body weight accompanied by reduced sizes of multiple organs, and enhanced apoptosis in some cell types. PKB-alpha activity has been reported to be frequently elevated in breast and prostate cancers [[cite:PUB00084151], [cite:PUB00084153]]. In some cancer cells, PKB-alpha may act as a suppressor of metastasis [[cite:PUB00084142]].</p>
2;IPR017892;"doi:10.1016/j.cell.2022.04.014
imex:IM-29493
pubmed:35512704";Protein kinase, C-terminal;"<p>This domain is found in a large variety of protein kinases with different functions and dependencies. Protein kinase C, for example, is a calcium-activated, phospholipid-dependent serine- and threonine-specific enzyme. It is activated by diacylglycerol which, in turn, phosphorylates a range of cellular proteins. This domain is most often found associated with [interpro:IPR000719].</p>; <p>Protein phosphorylation, which plays a key role in most cellular activities, is a reversible process mediated by protein kinases and phosphoprotein phosphatases. Protein kinases catalyse the transfer of the gamma phosphate from nucleotide triphosphates (often ATP) to one or more amino acid residues in a protein substrate side chain, resulting in a conformational change affecting protein function. Phosphoprotein phosphatases catalyse the reverse process. 
Protein kinases fall into three broad classes, characterised with respect to substrate specificity [[cite:PUB00005115]]:</p>

<ul>
<li>Serine/threonine-protein kinases</li>
<li>Tyrosine-protein kinases</li>
<li>Dual specificity protein kinases (e.g. MEK -phosphorylates both Thr and Tyr on target proteins)</li>
</ul>

<p>Protein kinase function is evolutionarily conserved from Escherichia coli to human [[cite:PUB00020114]]. Protein kinases play a role in a multitude of cellular processes, including division, proliferation, apoptosis, and differentiation [[cite:PUB00015362]]. Phosphorylation usually results in a functional change of the target protein by changing enzyme activity, cellular location, or association with other proteins. The catalytic subunits of protein kinases are highly conserved, and several structures have been solved [[cite:PUB00034898]], leading to large screens to develop kinase-specific inhibitors for the treatments of a number of diseases [[cite:PUB00034899]].</p>"
2;IPR011993;"doi:10.1016/j.cell.2022.04.014
imex:IM-29493
pubmed:35512704";PH-like domain superfamily;"<p>This superfamily represents the PH domain and structurally related domains.</p>

<p>Pleckstrin homology (PH) domains are small modular domains that occur in a large variety of signalling proteins, where they serve as simple targeting domains that bind lipids [[cite:PUB00014130], [cite:PUB00014131], [cite:PUB00057291]].</p>

<p>PH domains have a partly opened β-barrel topology that is capped by an α-helix. The structure of PH domains is similar to the phosphotyrosine-binding domain (PTB) found in IRS-1 (insulin receptor substrate 1) [[cite:PUB00000936]], Shc adaptor and Numb [[cite:PUB00018031]]; to the Ran-binding domain, found in Nup nuclear pore complex and Ranbp1 [[cite:PUB00006171]]; to the Enabled/VASP homology domain 1 (EVH1 domain), found in Enabled, VASP (vasodilator-stimulated phosphoprotein), Homer and WASP actin regulatory protein [[cite:PUB00018222]]; and to the third domain of FERM, found in moesin, radixin, ezrin, merlin and talin [[cite:PUB00029080]].</p>"
2;IPR001849;"doi:10.1016/j.cell.2022.04.014
imex:IM-29493
pubmed:35512704";Pleckstrin homology domain;"<p>Pleckstrin homology (PH) domains are small modular domains that occur in a large variety of proteins and they have diverse functions, but in general are involved in targeting proteins to the appropriate cellular location or in the interaction with a binding partner, enabling them to interact with other components of signal transduction pathways. They share little sequence conservation, but all have a common fold, which is electrostatically polarised. The domains can bind phosphatidylinositol within biological membranes and proteins such as the beta/gamma subunits of heterotrimeric G proteins [[cite:PUB00057292]] and protein kinase C [[cite:PUB00057293]]. PH domains are distinguished from other PIP-binding domains by their specific high-affinity binding to phosphoinositide phosphates (PIPs) with two vicinal phosphate groups: PtdIns(3,4)P2, PtdIns(4,5)P2 or PtdIns(3,4,5)P3 which results in targeting some PH domain proteins to the plasma membrane. A few display strong specificity in lipid binding. Any specificity is usually determined by loop regions or insertions in the N-terminal of the domain, which are not conserved across all PH domains [[cite:PUB00014130], [cite:PUB00080401], [cite:PUB00080402]].</p>

<p>PH domains have been found to possess inserted domains (such as in PLC gamma, syntrophins) and to be inserted within other domains. Mutations in Brutons tyrosine kinase (Btk) within its PH domain cause X-linked agammaglobulinaemia (XLA) in patients. Point mutations cluster into the positively charged end of the molecule around the predicted binding site for phosphatidylinositol lipids.</p>

<p>The 3D structure of several PH domains has been determined [[cite:PUB00003918]]. All known cases have a common structure consisting of two perpendicular anti-parallel β-sheets, followed by a C-terminal amphipathic helix. The loops connecting the β-strands differ greatly in length, making the PH domain relatively difficult to detect. There are no totally invariant residues within the PH domain.</p>

<p>Proteins reported to contain one more PH domains belong to the following families:</p>

<ul>
<li>Pleckstrin, the protein where this domain was first detected, is the major substrate of protein kinase C in platelets. Pleckstrin is one of the rare proteins to contains two PH domains.</li>
<li>Ser/Thr protein kinases such as the Akt/Rac family, the beta-adrenergic receptor kinases, the mu isoform of PKC and the trypanosomal NrkA family.</li>
<li>Tyrosine protein kinases belonging to the Btk/Itk/Tec subfamily.</li>
<li>Insulin Receptor Substrate 1 (IRS-1).</li>
<li>Regulators of small G-proteins like guanine nucleotide releasing factor GNRP (Ras-GRF) (which contains 2 PH domains), guanine nucleotide exchange proteins like vav, dbl, SoS and Saccharomyces cerevisiae CDC24, GTPase activating proteins like rasGAP and BEM2/IPL2, and the human break point cluster protein bcr.</li>
<li>Cytoskeletal proteins such as dynamin (see [interpro:IPR001401]), Caenorhabditis elegans kinesin-like protein unc-104 (see [interpro:IPR001752]), spectrin beta-chain, syntrophin (2 PH domains) and S. cerevisiae nuclear migration protein NUM1.</li>
<li>Mammalian phosphatidylinositol-specific phospholipase C (PI-PLC) (see [interpro:IPR000909]) isoforms gamma and delta. Isoform gamma contains two PH domains, the second one is split into two parts separated by about 400 residues.</li>
<li>Oxysterol binding proteins OSBP, S. cerevisiae OSH1 and YHR073w.</li>
<li>Mouse protein citron, a putative rho/rac effector that binds to the GTP-bound forms of rho and rac.</li>
<li>Several S. cerevisiae proteins involved in cell cycle regulation and bud formation like BEM2, BEM3, BUD4 and the BEM1-binding proteins BOI2 (BEB1) and BOI1 (BOB1).</li>
<li>C. elegans protein MIG-10.</li>
<li>C. elegans hypothetical proteins C04D8.1, K06H7.4 and ZK632.12.</li>
<li>S. cerevisiae hypothetical proteins YBR129c and YHR155w.</li>
</ul>"
2;IPR039026;"doi:10.1016/j.cell.2022.04.014
imex:IM-29493
pubmed:35512704";Protein Kinase B, pleckstrin homology domain;"<p>PKB (also called Akt) is a phosphatidylinositol 3'-kinase (PI3K)-dependent Ser/Thr kinase which alters the activity of the targeted protein [[cite:PUB00088766]].  Among its many roles, Akt appears to be common to signaling pathways that mediate the metabolic effects of insulin in several physiologically important target tissues[[cite:PUB00088764]]. Human Akt has three isoforms derived for distinct genes: Akt1/PKBalpha, Akt2/PKBbeta, and Akt3/PKBgamma. All Akts have an N-terminal PH domain with an activating Thr phosphorylation site, a kinase domain, and a short C-terminal regulatory tail with an activating Ser phosphorylation site [[cite:PUB00088765]]. The PH domain recruits Akt to the plasma membrane by binding to phosphoinositides (PtdIns-3,4-P2) and is required for activation. The phosphorylation of Akt at its Thr and Ser phosphorylation sites leads to increased Akt activity toward forkhead transcription factors, the mammalian target of rapamycin (mTOR), and the Bcl-xL/Bcl-2-associated death promoter (BAD), all of which possess a consensus motif R-X-R-XX-ST-B (X = amino acid, B = bulky hydrophobic residue) for Akt phosphorylation [[cite:PUB00088768], [cite:PUB00084124]].</p>


<p>PH domains have diverse functions, but in general are involved in targeting proteins to the appropriate cellular location or in the interaction with a binding partner. They share little sequence conservation, but all have a common fold, which is electrostatically polarized [[cite:PUB00080401]].</p>"
2;IPR000961;"doi:10.1016/j.cell.2022.04.014
imex:IM-29493
pubmed:35512704";AGC-kinase, C-terminal;"<p>The AGC (cAMP-dependent, cGMP-dependent and protein kinase C) protein kinase family embraces a collection of protein kinases that display a high degree of sequence similarity within their respective kinase domains. AGC kinase proteins are characterised by three conserved phosphorylation sites that critically regulate their function. The first one is located in an activation loop in the centre of the kinase domain. The two other phosphorylation sites are located outside the kinase domain in a conserved region on its C-terminal side, the AGC-kinase C-terminal domain. These sites serves as phosphorylation-regulated switches to control both intra- and inter-molecular interactions. Without these priming phosphorylations, the kinases are catalytically inactive [[cite:PUB00043770], [cite:PUB00043771], [cite:PUB00043772]].</p>

<p>Several structures of the AGC-kinase C-terminal domain have been solved. The first phosphorylation site is located in a turn motif, the second one at the end of the domain in an hydrophobic pocket. In PKB the phosphorylated hydrophobic motif engages a hydrophobic groove within the N-lobe of the kinase domain which orders α helices close to the active site [[cite:PUB00022308]].</p>; <p>Protein phosphorylation, which plays a key role in most cellular activities, is a reversible process mediated by protein kinases and phosphoprotein phosphatases. Protein kinases catalyse the transfer of the gamma phosphate from nucleotide triphosphates (often ATP) to one or more amino acid residues in a protein substrate side chain, resulting in a conformational change affecting protein function. Phosphoprotein phosphatases catalyse the reverse process. 
Protein kinases fall into three broad classes, characterised with respect to substrate specificity [[cite:PUB00005115]]:</p>

<ul>
<li>Serine/threonine-protein kinases</li>
<li>Tyrosine-protein kinases</li>
<li>Dual specificity protein kinases (e.g. MEK -phosphorylates both Thr and Tyr on target proteins)</li>
</ul>

<p>Protein kinase function is evolutionarily conserved from Escherichia coli to human [[cite:PUB00020114]]. Protein kinases play a role in a multitude of cellular processes, including division, proliferation, apoptosis, and differentiation [[cite:PUB00015362]]. Phosphorylation usually results in a functional change of the target protein by changing enzyme activity, cellular location, or association with other proteins. The catalytic subunits of protein kinases are highly conserved, and several structures have been solved [[cite:PUB00034898]], leading to large screens to develop kinase-specific inhibitors for the treatments of a number of diseases [[cite:PUB00034899]].</p>"
2;IPR027397;"imex:IM-30239
pubmed:39232006";Catenin binding domain superfamily;"<p>This superfamily represents the catenin binding domain. Proteins containing this domain include cadherins, desmocollins, desmoglein and transcription factor 7-like proteins [[cite:PUB00020853], [cite:PUB00011781], [cite:PUB00025936], [cite:PUB00064970]].</p>
<p>Cadherins and catenins play important roles in the adherents junctions in animal cells. The cadherin-catenin complex is responsible for coupling Ca(2+)-dependent intercellular junctions with actin dynamics and signalling pathways. Desmosomal cadherins are TM protein components of desmosomes (for review, see [[cite:PUB00013742], [cite:PUB00013934], [cite:PUB00013935]]), whose extracellular cadherin repeats are responsible for adhesion and whose intracellular regions interact with intermediate filaments via desmosomal plaque proteins plakoglobin, plakobilin and desmoplakin. They are believed to play a wider role in regulation of epithelial differentiation [[cite:PUB00013934]]. Two sub-families of desmosomal cadherin have been identified, desmocollin (DSC) and desmoglein (DSG).</p>"
2;IPR039808;"imex:IM-30239
pubmed:39232006";Cadherin;"<p>Cadherins are a group of transmembrane proteins that serve as the major adhesion molecules located within adherens junctions. They can regulate cell-cell adhesion through their extracellular domain and their cytosolic domains connect to the actin cytoskeleton by binding to catenins [[cite:PUB00071518]]. These proteins preferentially interact with themselves in a homophilic manner in connecting cells; thus acting as both receptor and ligand. They may play an important role in the sorting of different cell types during morphogenesis, histogenesis and regeneration. They may also be involved in the regulation of tight and gap junctions, and in the control of intercellular spacing. Cadherins are evolutionary related to the desmogleins which are component of intercellular desmosome junctions involved in the interaction of plaque proteins.</p>

<p>Structurally, cadherins comprise a number of domains: classically, these include a signal sequence; a propeptide of around 130 residues; a single transmembrane domain and five tandemly repeated extracellular cadherin domains, 4 of which are cadherin repeats, and the fifth contains 4 conserved cysteines and a C-terminal cytoplasmic domain [[cite:PUB00007174]]. However, proteins are designated as members of the broadly defined cadherin family if they have one or more cadherin repeats. A cadherin repeat is an independently folding sequence of approximately 110 amino acids that contains motifs with the conserved sequences DRE, DXNDNAPXF, and DXD. Crystal structures have revealed that multiple cadherin domains form Ca2+-dependent rod-like structures with a conserved Ca2+-binding pocket at the domain-domain interface. Cadherins depend on calcium for their function: calcium ions bind to specific residues in each cadherin repeat to ensure its proper folding, to confer rigidity upon the extracellular domain and is essential for cadherin adhesive function and for protection against protease digestion.</p>"
2;IPR002126;"imex:IM-30239
pubmed:39232006";Cadherin-like;"<p>This entry represents the extracellular repeated domains found in cadherins and related proteins.</p>; <p>Cadherins are a group of transmembrane proteins that serve as the major adhesion molecules located within adherens junctions. They can regulate cell-cell adhesion through their extracellular domain and their cytosolic domains connect to the actin cytoskeleton by binding to catenins [[cite:PUB00071518]]. These proteins preferentially interact with themselves in a homophilic manner in connecting cells; thus acting as both receptor and ligand. They may play an important role in the sorting of different cell types during morphogenesis, histogenesis and regeneration. They may also be involved in the regulation of tight and gap junctions, and in the control of intercellular spacing. Cadherins are evolutionary related to the desmogleins which are component of intercellular desmosome junctions involved in the interaction of plaque proteins.</p>

<p>Structurally, cadherins comprise a number of domains: classically, these include a signal sequence; a propeptide of around 130 residues; a single transmembrane domain and five tandemly repeated extracellular cadherin domains, 4 of which are cadherin repeats, and the fifth contains 4 conserved cysteines and a C-terminal cytoplasmic domain [[cite:PUB00007174]]. However, proteins are designated as members of the broadly defined cadherin family if they have one or more cadherin repeats. A cadherin repeat is an independently folding sequence of approximately 110 amino acids that contains motifs with the conserved sequences DRE, DXNDNAPXF, and DXD. Crystal structures have revealed that multiple cadherin domains form Ca2+-dependent rod-like structures with a conserved Ca2+-binding pocket at the domain-domain interface. Cadherins depend on calcium for their function: calcium ions bind to specific residues in each cadherin repeat to ensure its proper folding, to confer rigidity upon the extracellular domain and is essential for cadherin adhesive function and for protection against protease digestion.</p>"
2;IPR020894;"imex:IM-30239
pubmed:39232006";Cadherin conserved site;"<p>Cadherins are a group of transmembrane proteins that serve as the major adhesion molecules located within adherens junctions. They can regulate cell-cell adhesion through their extracellular domain and their cytosolic domains connect to the actin cytoskeleton by binding to catenins [[cite:PUB00071518]]. These proteins preferentially interact with themselves in a homophilic manner in connecting cells; thus acting as both receptor and ligand. They may play an important role in the sorting of different cell types during morphogenesis, histogenesis and regeneration. They may also be involved in the regulation of tight and gap junctions, and in the control of intercellular spacing. Cadherins are evolutionary related to the desmogleins which are component of intercellular desmosome junctions involved in the interaction of plaque proteins.</p>

<p>Structurally, cadherins comprise a number of domains: classically, these include a signal sequence; a propeptide of around 130 residues; a single transmembrane domain and five tandemly repeated extracellular cadherin domains, 4 of which are cadherin repeats, and the fifth contains 4 conserved cysteines and a C-terminal cytoplasmic domain [[cite:PUB00007174]]. However, proteins are designated as members of the broadly defined cadherin family if they have one or more cadherin repeats. A cadherin repeat is an independently folding sequence of approximately 110 amino acids that contains motifs with the conserved sequences DRE, DXNDNAPXF, and DXD. Crystal structures have revealed that multiple cadherin domains form Ca2+-dependent rod-like structures with a conserved Ca2+-binding pocket at the domain-domain interface. Cadherins depend on calcium for their function: calcium ions bind to specific residues in each cadherin repeat to ensure its proper folding, to confer rigidity upon the extracellular domain and is essential for cadherin adhesive function and for protection against protease digestion.</p>"
2;IPR000233;"imex:IM-30239
pubmed:39232006";Cadherin, Y-type LIR-motif;<p>Cadherins (CADHs) are transmembrane glycoproteins vital in calcium-dependent cell-cell adhesion during tissue differentiation [[cite:PUB00007071]]. CADHs also have a crucial role in epithelial-to-mesenchymal transition (EMT), involved in migration properties of tumour cells. CADH6 is an EMT marker in thyroid cancer that interacts with the ATG8 family members GABARAP, BNIP3 and BNIP3L restraining autophagy through LIR (LC3 Interacting Regions, also known as ATG8-interacting motifs, AIMs) domains, a common feature among many cadherin family members [[cite:PUB00096942], [cite:PUB00096943]].  LIRs are short-linear motifs (SLiMs) of autophagy receptors and adaptor proteins that facilitates the selective recruitment of autophagy substrates to the autophagosome. They are characterised by degenerated sequences with a four-residue core central sequence involved in ATG8-binding, with the W/Y/FxxL/I/V pattern. Based on the aromatic amino acid in position 1 they can be classified into W-type, Y-type and F-type [[cite:PUB00096943]]. This entry includes three conserved LIR motifs of CADHs, which two are Y-type (YDxL/I) and one F-type (FKKL), while a fourth LIR (YGGV) is only present in CADH6 members [[cite:PUB00096942]].</p>
2;IPR015919;"imex:IM-30239
pubmed:39232006";Cadherin-like superfamily;"<p>This entry represents domains with an immunoglobulin-like β-sandwich fold, consisting of 7 strands in two sheets with a Greek key topology.  Such domains are found in cadherin, as well as at the N-terminal of dystroglycan. Dystroglycan is a cell surface receptor consisting of two subunits: alpha-dystroglycan, extracellular and highly glycosylated, and beta-dystroglycan, spanning the cell membrane. It is a pivotal member of the dystrophin-glycoprotein complex and is involved in a wide variety of important cellular processes such as the stabilisation of the muscle fibre sarcolemma or the clustering of acetylcholine receptors [[cite:PUB00009704], [cite:PUB00031647], [cite:PUB00036004]].</p>

<p>Cadherins are a family of adhesion molecules that mediate Ca2+-dependent cell-cell adhesion in all solid tissues of the organism which modulate a wide variety of processes including cell polarisation and migration [[cite:PUB00000071], [cite:PUB00014193]]. Cadherin-mediated cell-cell junctions are formed as a result of interaction between extracellular domains of identical cadherins, which are located on the membranes of the neighbouring cells. The stability of these adhesive junctions is ensured by binding of the intracellular cadherin domain with the actin cytoskeleton. There are a number of different isoforms distributed in a tissue-specific manner in a wide variety of organisms. Cells containing different cadherins tend to segregate in vitro, while those that contain the same cadherins tend to preferentially aggregate together. This observation is linked to the finding that cadherin expression causes morphological changes involving the positional segregation of cells into layers, suggesting they may play an important role in the sorting of different cell types during morphogenesis, histogenesis and regeneration. They may also be involved in the regulation of tight and gap junctions, and in the control of intercellular spacing. Cadherins are evolutionary related to the desmogleins which are component of intercellular desmosome junctions involved in the interaction of plaque proteins.</p>
<p>Structurally, cadherins comprise a number of domains: classically, these include a signal sequence; a propeptide of around 130 residues; a single transmembrane domain and five tandemly repeated extracellular cadherin domains, 4 of which are cadherin repeats, and the fifth contains 4 conserved cysteines and a N-terminal cytoplasmic domain [[cite:PUB00007174]]. However, proteins are designated as members of the broadly defined cadherin family if they have one or more cadherin repeats. A cadherin repeat is an independently folding sequence of approximately 110 amino acids that contains motifs with the conserved sequences DRE, DXNDNAPXF, and DXD. Crystal structures have revealed that multiple cadherin domains form Ca2+-dependent rod-like structures with a conserved Ca2+-binding pocket at the domain-domain interface. Cadherins depend on calcium for their function: calcium ions bind to specific residues in each cadherin repeat to ensure its proper folding, to confer rigidity upon the extracellular domain and is essential for cadherin adhesive function and for protection against protease digestion.</p>"
2;IPR044869;"imex:IM-28767
pubmed:35140242";HNF-1, POU-specific (POUs) atypical domain;"<p>This entry represents the atypical POU-specific domain found in hepatocyte nuclear factor (HNF)-1alpha and HNF-1beta.</p>; <p>The POU (pronounced 'pow') domain [1 to 7] is a highly charged 155-162-amino acid region of sequence similarity which has been identified in the three mammalian transcription factors Pit-1, Oct-1, and Oct-2 and in the product of the nematode gene unc-86. The POU domain is a bipartite DNA binding protein module that binds selectively to the DNA octamer motif ATGCAAAT and a subset of derivatives. It consists of two subdomains, a C-terminal homeodomain (POUh) and an N-terminal 75- to 82-residue POU-specific (POUs) region separated by a short non-conserved linker. The POU-specific region or 'box' can be subdivided further into two highly conserved regions, A and B, separated by a less highly conserved segment. The POUs domain is always found in association with a POUh domain, and both are required for high affinity and sequence-specific DNA binding. The POUs domain consists of four α helices packed to enclose an extensive hydrophobic core. The POUs domain contains an unusual HTH structure, which differs from the canonical HTH motif in the length of the first α helix and the turn. The region of hypervariability located between subdomains A and B lies within the sequence corresponding to the C-terminal end of helix 2 and the linker between helices 2 and 3. In the model of the POUs-DNA complex, the C terminus of helix 2 and the turn of the HTH motif project away from the DNA such that sequence variability in this region can be accommodated without adversely affecting DNA binding [[cite:PUB00000889]].</p>; <p>HNF1alpha (MODY3 gene product, the most commonly mutated MODY protein) and HNF1beta (hepatocyte nuclear factor 1beta; also known as vHNF1 or TCF2) (MODY5 gene product) are atypical members of the POU transcription factors. Their atypical POUs domains have at least one additional α-helix at the N terminus, and the second helix and adjacent loop of their POUh domains are much longer, creating a more extensive interface between the POUs and POUh domains. This extended interface fixes the relative orientations of the two domains and provides rigidity for DNA recognition as opposed to the flexibility seen in another POU transcription factor, Pit-1 [[cite:PUB00047582], [cite:PUB00014020]].</p>"
2;IPR023219;"imex:IM-28767
pubmed:35140242";Hepatocyte nuclear factor 1, N-terminal domain superfamily;<p>The N-terminal dimerisation domain of the transcriptional activator hepatocyte nuclear factor 1 is essential for DNA binding and association of the transcriptional coactivator, DCoH (dimerization cofactor of HNF-1). This domain forms a unique four-helical bundle which is largely conserved when dimerisation occurs [[cite:PUB00014014]].</p>
2;IPR006899;"imex:IM-28767
pubmed:35140242";Hepatocyte nuclear factor 1, N-terminal;<p>This domain consists of the N terminus of homeobox-containing transcription factor HNF-1. This region contains a dimerisation sequence [[cite:PUB00008647]] and an acidic region that may be involved in transcription activation. Mutations and the common Ala/Val 98 polymorphism in HNF-1 cause the type 3 form of maturity-onset diabetes of the young (MODY3) [[cite:PUB00008646]].</p>
2;IPR010982;"imex:IM-28767
pubmed:35140242";Lambda repressor-like, DNA-binding domain superfamily;"<p>Bacteriophage lambda C1 repressor controls the expression of viral genes as part of the lysogeny/lytic growth switch. C1 is essential for maintaining lysogeny, where the phage replicates non-disruptively along with the host. If the host cell is threatened, then lytic growth is induced. The Lambda C1 repressor consists of two domains connected by a linker: an N-terminal DNA-binding domain that also mediates interactions with RNA polymerase and a C-terminal dimerisation domain [[cite:PUB00014015]]. The DNA-binding domain consists of four helices in a closed folded leaf motif. Several different phage repressors from different helix-turn-helix families contain DNA-binding domains that adopt a similar topology. These include the Lambda Cro repressor, bacteriophage 434 C1 and Cro repressors, P22 C2 repressor, and bacteriophage Mu Ner protein.</p>

<p>The DNA-binding domain of Bacillus subtilis spore inhibition repressor SinR is identical to that of phage repressors [[cite:PUB00014013]]. SinR represses sporulation, which only occurs in response to adverse conditions. This provides a possible evolutionary link between the two adaptive responses of bacterial sporulation and prophage induction.</p>

<p>Other DNA-binding domains also display similar structural folds to that of Lambda C1. These include bacterial regulators such as the purine repressor (PurR), the lactose repressor (LacR) and the fructose repressor (FruR), each of which has an N-terminal DNA-binding domain that exhibits a fold similar to that of lambda C1, except that they lack the first helix [[cite:PUB00014016], [cite:PUB00014017], [cite:PUB00014018]]. POU-specific domains found in transcription factors such as Oct-1, Pit-1 and hepatocyte nuclear factor 1a (LFB1/HNF1) display four-helical fold DNA-binding domains similar to that of Lambda C1 [[cite:PUB00014019], [cite:PUB00007265], [cite:PUB00014020]]. The N-terminal domain of cyanase has an α-helix bundle motif similar to lambda C1, but it probably does not bind DNA. Cyanase is an enzyme found in bacteria and plants that catalyses the reaction of cyanate with bicarbonate to produce ammonia and carbon dioxide in response to extracellular cyanate [[cite:PUB00008198]].</p>"
2;IPR039066;"imex:IM-28767
pubmed:35140242";Hepatocyte nuclear factor 1;<p>Hepatocyte nuclear factor 1-alpha (HNF1A, TCF1) and hepatocyte nuclear factor 1-beta (HNF1B, TCF2) are homeodomain-containing transcription factors expressed in the pancreas, liver, kidney, and intestine, where they direct tissue-specific gene regulation [[cite:PUB00088858], [cite:PUB00088859]]. They play an essential role in the development and differentiation of pancreatic precursor cells [[cite:PUB00088848], [cite:PUB00088853]]. Mutations in HNF1beta and HNF1alpha cause autosomal dominant diabetes maturity-onset diabetes of the young (MODY), which is a monogenic form of non-insulin-dependent type 2 diabetes. Mutations in HNF1A are responsible for type 3 MODY (MODY3) [[cite:PUB00088849]], whereas the HNF1B gene is linked to a rare case of type 5 MODY (MODY5) [[cite:PUB00088850]].</p>
2;IPR006897;"imex:IM-28767
pubmed:35140242";Hepatocyte nuclear factor 1, beta isoform, C-terminal;<p>This domain consists of a region found within the alpha isoform and at the C terminus of the beta isoform of the homeobox-containing transcription factor of HNF-1. Different isoforms of HNF-1 are generated by the differential use of polyadenylation sites and by alternative splicing. The C-terminal region of HNF-1 is responsible for the activation of transcription [[cite:PUB00008645]]. Mutations and polymorphisms in HNF-1 cause the type 3 form of maturity-onset diabetes of the young (MODY3) [[cite:PUB00008646]].</p>
2;IPR044866;"imex:IM-28767
pubmed:35140242";HNF-1, dimerization domain;<p>The homeodomain proteins hepatocyte nuclear factor (HNF)-1alpha and HNF-1beta comprise a functionally important family in which dimerization is essential for DNA binding. HNF-1alpha and HNF-1beta regulate tissue-specific genes in liver, kidney, intestine, and pancreas. These proteins form homo- and heterodimers through an autonomously folded domain encompassing the 32 N-terminal amino acids (HNF-p1). The dimerization domain also binds the transcriptional coactivator DCoH, which stimulates HNF-1alpha activity [[cite:PUB00097545], [cite:PUB00024816], [cite:PUB00014014], [cite:PUB00026327], [cite:PUB00047559]]. The HNF-p1 dimer folds into an X-type, antiparallel, four-helix bundle (4HB). Each monomer consists of two helices: a longer N-terminal helix and a shorter C-terminal helix, connected by a tight turn unrelated to classical β- or γ-turn families. The dimer contains a rigid element, the N-terminal anti-parallel mini-zipper comprising α-helices 1 and 1', and a plastic element, the C-terminal coiled-coil comprising α-helices 2 and 2' [[cite:PUB00024816], [cite:PUB00014014], [cite:PUB00026327], [cite:PUB00047559]].</p>
2;IPR048723;"imex:IM-21659
pubmed:27705803";26S proteasome regulatory subunit 7-like, OB domain;"<p>This entry represents the OB domain from the human 26S proteasome regulatory subunit 7 (PRS7, also known as PSMC2, Rpt1 or MSS1) and similar eukaryotic sequences. This domain mediates interactions with USP14 or Ubp6 [[cite:PUB00110070], [cite:PUB00110068]].</p>; <p>The human 26S proteasome consists of a 20S core particle and two 19S regulatory particles. PRS7, a component of the 19S proteasome cap, is one of six ATPases of the regulatory particle that form a heterohexameric ring [[cite:PUB00091263], [cite:PUB00110070], [cite:PUB00152021], [cite:PUB00110068], [cite:PUB00151985]].</p>"
2;IPR001628;"imex:IM-28767
pubmed:35140242";Zinc finger, nuclear hormone receptor-type;"<p>This entry represents the two C4-type zinc finger modules involved in DNA-binding.</p>; <p>Steroid or nuclear hormone receptors constitute an important superfamily of transcription regulators that are involved in widely diverse physiological functions, including control of embryonic development, cell differentiation and homeostasis. The receptors function as dimeric molecules in nuclei to regulate the transcription of target genes in a ligand-responsive manner. Nuclear hormone receptors consist of a highly conserved DNA-binding domain that recognises specific sequences, connected via a linker region to a C-terminal ligand-binding domain ([interpro:IPR000536]). In addition, certain nuclear hormone receptors have an N-terminal modulatory domain ([interpro:IPR001292]). The DNA-binding domain can elicit either an activating or repressing effect by binding to specific regions of the DNA known as hormone-response elements [[cite:PUB00016723], [cite:PUB00016724]]. These response elements position the receptors, and the complexes recruited by them, close to the genes of which transcription is affected. The DNA-binding domains of nuclear receptors consist of two zinc-nucleated modules and a C-terminal extension, where residues in the first zinc module determine the specificity of the DNA recognition and residues in the second zinc module are involved in dimerisation. The DNA-binding domain is furthermore involved in several other functions including nuclear localisation, and interaction with transcription factors and co-activators [[cite:PUB00016724]].</p>; <p>Zinc finger (Znf) domains are relatively small protein motifs which contain multiple finger-like protrusions that make tandem contacts with their target molecule. Some of these domains bind zinc, but many do not; instead, they bind other metals, such as iron, or no metal at all. For example, some family members form salt bridges to stabilise the finger-like folds. They were first identified as a DNA-binding motif in transcription factor TFIIIA from Xenopus laevis (African clawed frog); however, they are now recognised to bind DNA, RNA, protein and/or lipid substrates [[cite:PUB00035807], [cite:PUB00035805], [cite:PUB00035806], [cite:PUB00035804], [cite:PUB00014077]]. Their binding properties depend on the amino acid sequence of the finger domains and of the linker between fingers, as well as on the higher-order structures and the number of fingers. Znf domains are often found in clusters, where fingers can have different binding specificities. There are many superfamilies of Znf motifs, varying in both sequence and structure. They display considerable versatility in binding modes, even between members of the same class (e.g., some bind DNA, others protein), suggesting that Znf motifs are stable scaffolds that have evolved specialised functions. For example, Znf-containing proteins function in gene transcription, translation, mRNA trafficking, cytoskeleton organisation, epithelial development, cell adhesion, protein folding, chromatin remodelling and zinc sensing, to name but a few [[cite:PUB00035812]]. Zinc-binding motifs are stable structures, and they rarely undergo conformational changes upon binding their target.</p>"
2;IPR050274;"imex:IM-28767
pubmed:35140242";Nuclear hormone receptor family NR2 subfamily;<p>The nuclear hormone receptor family NR2 subfamily consists of transcription factors that play diverse roles in regulating gene expression in various biological processes, including development, metabolism, and immune response. Members of this family are characterized by their ability to bind DNA as monomers or heterodimers to hormone response elements (HREs) and modulate transcription in response to ligands such as retinoic acid. They are involved in critical functions such as retinal development, circadian rhythm maintenance, lipid metabolism, and embryogenesis. Some act as orphan receptors with no known ligands, while others are activated by retinoids. They can function as repressors or activators of transcription, influencing pathways like spermatogenesis, stem cell proliferation, and photoreceptor cell development. The family includes receptors that are essential for vision, regulators of hormonal responses, and mediators of developmental processes in both vertebrates and invertebrates.</p>
2;IPR035500;"imex:IM-28767
pubmed:35140242";Nuclear hormone receptor-like domain superfamily;"<p>Steroid or nuclear hormone receptors constitute an important superfamily of transcription regulators that are involved in widely diverse physiological functions, including control of embryonic development, cell differentiation and homeostasis. The receptors function as dimeric molecules in nuclei to regulate the transcription of target genes in a ligand-responsive manner. Nuclear hormone receptors consist of a highly conserved DNA-binding domain that recognises specific sequences ([interpro:IPR001628]), connected via a linker region to a C-terminal ligand-binding domain. In addition, certain nuclear hormone receptors have an N-terminal modulatory domain ([interpro:IPR046944]). The ligand-binding domain acts in response to ligand binding, which caused a conformational change in the receptor to induce a response, thereby acting as a molecular switch to turn on transcriptional activity [[cite:PUB00016720]]. For example, after binding of the glucocorticoid receptor to the corticosteroid ligand, the receptor is induced to perform functions ranging from nuclear translocation, oligomerization, cofactor/kinase/transcription factor association, and DNA binding [[cite:PUB00016721]]. The ligand-binding domain is a flexible unit, where the binding of a ligand stabilises its conformation, which in turn favours coactivator binding to modify receptor activity [[cite:PUB00016722]]; the coactivator can bind to the activator function 2 (AF2) site at the C-terminal end of the ligand-binding domain [[cite:PUB00016725]]. The binding of different ligands can alter the conformation of the ligand-binding domain, which ultimately affects the DNA-binding specificity of the DNA-binding domain. In the absence of ligand, steroid hormone receptors are thought to be weakly associated with nuclear components.</p>

<p>This entry represents the all helical domain involved in ligand-binding.</p>"
2;IPR000536;"imex:IM-28767
pubmed:35140242";Nuclear hormone receptor, ligand-binding domain;"<p>Nuclear receptors (NRs), such as the receptors for steroids and thyroid hormones, retinoids and vitamin D3, are one of the most abundant classes of transcriptional regulators in animals (metazoans). They regulate diverse functions, such as homeostasis, reproduction, development and metabolism. The most prominent feature differentiating them from other transcription factors is their capacity to bind small hydrophobic molecules specifically. These ligands constitute regulatory signals, which modify the NR transcriptional activity through conformational changes. Prototypical NRs share a common structural organisation with a variable N-terminal domain that contains a constitutively active activation function (AF)-1, a conserved DNA- binding domain (DBD) consisting of two zinc fingers, a linker region, and a C-terminal ligand-binding domain (LBD), also called HOLI domain [[cite:PUB00088675], [cite:PUB00088676], [cite:PUB00088677]].</p>

<p>The NR LBD plays a crucial role in ligand-mediated NR activity. In addition to its role is ligand recognition, the LBD also contains
a ligand-dependent AF-2. Conformational changes in AF-2 induced by various ligands can modulate interactions with conserved motifs of coregulatory
proteins. Specifically, the binding of ligands to the LBD determines the recruiting of transcriptional coregulators which triggers induction or repression of target genes. The coregulators include coactivators like the p160 factors also referred to as the steroid receptor coactivators (SRC) family, and corepressors such as SMART (silencing mediator for retinoid and thyroid hormone receptors) and N-CoR (nuclear corepressor) [[cite:PUB00088678], [cite:PUB00088679], [cite:PUB00088680], [cite:PUB00088681]].</p>

<p>The overall structure of NR LBD is composed of about 11-13 α-helices that are arranged into a three-layer antiparallel α-helical sandwich with the three long helices (helices 3, 7, and 10) forming the two outer layers. The middle layer of helices (helices 4, 5, 8 and 9) is present only in the top half of the domain but is missing from the bottom half, thereby creating a cavity, so called ligand-binding pocket, for ligand binding in most receptors. The bound ligands stabilize the NR conformation through direct contacts with multiple structural elements including helices H3, H5, H6, H7, H10, and the loop proceeding the AF-2 helix. The C-terminal activation region also forms an α-helix (AF-2), which can adopt multiple conformation
depending on the nature of the bound ligand. Helices 3,4 and 12 enclose a shallow hydrophobic groove which is the site for coregulator binding. Despite the conserved fold of NR LBDs, the ligand-binding pocket is the least conserved region among different NR LBDs [[cite:PUB00088679], [cite:PUB00088680], [cite:PUB00088681]].</p>"
2;IPR049635;"imex:IM-28767
pubmed:35140242";Hepatocyte nuclear factor 4, ligand-binding domain;"<p>This entry represents the LBD domain, which is also responsible for recruiting co-activator proteins [[cite:PUB00022115], [cite:PUB00121019], [cite:PUB00121020]].</p>; <p>HNF4 is a member of the nuclear receptor superfamily and plays a key role in establishing and maintenance of hepatocyte differentiation in the liver. It is a transcriptional regulator that controls the expression of hepatic genes during the transition of endodermal cells to hepatic progenitor cells, facilitating the recruitment of RNA pol II to the promoters of target genes [[cite:PUB00153063]]. Additionally, it plays an essential role  in circadian rhythm maintenance and period regulation in the liver and colon cells [[cite:PUB00095374]]. It is also expressed in gut, kidney, and pancreatic beta cells. HNF4 was originally classified as an orphan receptor, but later it is found that HNF4 binds with very high affinity to a variety of fatty acids. However, unlike other nuclear receptors, the ligands do not act as a molecular switch for HNF4. They seem to constantly bind to the receptor, which is constitutively active as a transcription activator. Like other members of the nuclear receptor (NR) superfamily of ligand-activated transcription factors, HNF4 has a central well conserved DNA binding domain (DBD), a variable N-terminal domain, a flexible hinge and a C-terminal ligand binding domain (LBD) [[cite:PUB00022115], [cite:PUB00121019], [cite:PUB00121020]].</p>"
2;IPR049636;"imex:IM-28767
pubmed:35140242";Hepatocyte nuclear factor 4-like, DNA-binding domain;"<p>This entry represents the DNA-binding domain of HNF4 and its homologues. More than 280 nuclear receptors are found in C. elegans, most of which are originated from an explosive burst of duplications of HNF4 [[cite:PUB00121021], [cite:PUB00121022], [cite:PUB00121023], [cite:PUB00092048], [cite:PUB00102054], [cite:PUB00092725], [cite:PUB00092726]].</p>; <p>HNF4 is a member of the nuclear receptor superfamily and plays a key role in establishing and maintenance of hepatocyte differentiation in the liver. It is a transcriptional regulator that controls the expression of hepatic genes during the transition of endodermal cells to hepatic progenitor cells, facilitating the recruitment of RNA pol II to the promoters of target genes [[cite:PUB00153063]]. Additionally, it plays an essential role  in circadian rhythm maintenance and period regulation in the liver and colon cells [[cite:PUB00095374]]. It is also expressed in gut, kidney, and pancreatic beta cells. HNF4 was originally classified as an orphan receptor, but later it is found that HNF4 binds with very high affinity to a variety of fatty acids. However, unlike other nuclear receptors, the ligands do not act as a molecular switch for HNF4. They seem to constantly bind to the receptor, which is constitutively active as a transcription activator. Like other members of the nuclear receptor (NR) superfamily of ligand-activated transcription factors, HNF4 has a central well conserved DNA binding domain (DBD), a variable N-terminal domain, a flexible hinge and a C-terminal ligand binding domain (LBD) [[cite:PUB00022115], [cite:PUB00121019], [cite:PUB00121020]].</p>"
2;IPR001723;"imex:IM-28767
pubmed:35140242";Nuclear hormone receptor;"<p>Steroid or nuclear hormone receptors (NRs) constitute an important superfamily of transcription regulators that are involved in widely diverse physiological functions, including control of embryonic development, cell differentiation and homeostasis. Members of the superfamily include the steroid hormone receptors and receptors for thyroid hormone, retinoids, 1,25-dihydroxy-vitamin D3 and a variety of other ligands [[cite:PUB00015853]]. The proteins function as dimeric molecules in nuclei to regulate the transcription of target genes in a ligand-responsive manner [[cite:PUB00004464], [cite:PUB00006168]]. In addition to C-terminal ligand-binding domains, these nuclear receptors contain a highly-conserved, N-terminal zinc-finger that mediates specific binding to target DNA sequences, termed ligand-responsive elements. In the absence of ligand, steroid hormone receptors are thought to be weakly associated with nuclear components; hormone binding greatly increases receptor affinity.</p>

<p>NRs are extremely important in medical research, a large number of them being implicated in diseases such as cancer, diabetes, hormone resistance syndromes, etc. While several NRs act as ligand-inducible transcription factors, many do not yet have a defined ligand and are accordingly termed 'orphan' receptors. During the last decade, more than 300 NRs have been described, many of which are orphans, which cannot easily be named due to current nomenclature confusions in the literature. However, a new system has recently been introduced in an attempt to rationalise the increasingly complex set of names used to describe superfamily members.</p>"
2;IPR033464;"imex:IM-21659
pubmed:27705803";CSN8/PSMD8/EIF3K;<p>This domain is conserved from fungi, plants to humans. It is a signature protein motif found in components of CSN (COP9 signalosome) where it functions as a structural scaffold for subunit-subunit interactions within the complex and is a key regulator of photomorphogenic development [[cite:PUB00044425]]. It is found in Eukaryotic translation initiation factor 3 subunit K, a component of the eukaryotic translation initiation factor 3 (eIF-3) complex required for the initiation of protein synthesis [[cite:PUB00056124]]. It is also found in 26S proteasome non-ATPase regulatory subunit 8 (PSMD8), a regulatory subunit of the 26S proteasome [[cite:PUB00034669]].</p>
2;IPR006746;"imex:IM-21659
pubmed:27705803";26S proteasome non-ATPase regulatory subunit Rpn12;"<p>Intracellular proteins, including short-lived proteins such as cyclin, Mos, Myc, p53, NF-kappaB, and IkappaB, are degraded by the ubiquitin-proteasome system. The 26S proteasome is a self-compartmentalising protease responsible for the regulated degradation of intracellular proteins in eukaryotes [[cite:PUB00016866], [cite:PUB00034667]]. This giant intracellular protease is formed by several subunits arranged into two 19S polar caps, where protein recognition and ATP-dependent unfolding occur, flanking a 20S central barrel-shaped structure with an inner proteolytic chamber. This overall structure is highly conserved among eukaryotes and is essential for cell viability. Proteins targeted to the 26S proteasome are conjugated with a polyubiquitin chain by an enzymatic cascade before delivery to the 26S proteasome for degradation into oligopeptides.</p>

<p>The 26S proteasome can be divided into two subcomplexes: the 19S regulatory particle (RP) and the 20S core particle (CP) [[cite:PUB00086026]]. The 19S component is divided into a ""base"" subunit containing six ATPases (Rpt proteins) and two non-ATPases (Rpn1, Rpn2), and a ""lid"" subunit composed of eight stoichiometric proteins (Rpn3, Rpn5, Rpn6, Rpn7, Rpn8, Rpn9, Rpn11, Rpn12) [[cite:PUB00034668]]. Additional non-essential and species specific proteins may also be present. The 19S unit performs several essential functions including binding the specific protein substrates, unfolding them, cleaving the attached ubiquitin chains, opening the 20S subunit, and driving the unfolded polypeptide into the proteolytic chamber for degradation. The 26s proteasome and 19S regulator are of medical interest due to their involvement in burn rehabilitation [[cite:PUB00043308]].</p>; <p>This entry represents Rpn12 (also often annotated as 26S proteasome non-ATPase regulatory subunit 8). This protein has been shown to be important for the transition from metaphase to anaphase and the activation of Cdc28p kinase in yeast [[cite:PUB00020294], [cite:PUB00034669]].</p>"
2;IPR050235;"imex:IM-24272
pubmed:26496610";Casein kinase 1/Serine/threonine-protein kinase-like;<p>The Casein Kinase 1 (CK1) family is a group of serine/threonine-protein kinases that share a preference for acidic proteins such as caseins as substrates. Members of this family are involved in a wide range of cellular processes, including Wnt signaling, circadian rhythms, DNA repair, cell cycle regulation, and vesicular trafficking. They are known to phosphorylate a large number of proteins, influencing various signaling pathways and cellular functions. Some isoforms play key roles in the regulation of the circadian clock by determining the period length through phosphorylation of PER1 and PER2, controlling their nuclear transport and degradation. Others are involved in ciliogenesis, spermatogenesis, and responses to DNA damage. The family also includes pseudokinases that participate in viral DNA replication repression and regulation of host defense mechanisms.</p>
2;IPR016468;"imex:IM-30532
pubmed:38884001";CCAAT/enhancer-binding protein, chordates;"<p>This group represents a CCAAT/enhancer-binding protein.CCAAT/enhancer-binding proteins (C/EBPs) are basic region leucine zipper (bZIP) transcription factors. They regulate cell differentiation, growth, survival, and inflammation [[cite:PUB00029248]]. They function in a variety of tissues. The prototypic C/EBP is a modular protein, consisting of an activation domain, a dimerization bZIP region, and a DNA-binding domain. All family members share the highly conserved dimerization domain, required for DNA binding, by which they form homo- and heterodimers with other family members. The least conserved parts of C/EBPs are the activation domains which vary from strong activators to dominant negative repressors [[cite:PUB00044093]].</p>

<p>C/EBPs have been found to promote the terminal differentiation of adipocytes. During the normal course of adipogenesis, C/EBP expression is restricted to a terminal phase when growth is paused and specialised cell phenotypes emerge. Since C/EBP is expressed in a variety of tissues, it may have a fundamental role in regulating the balance between cell growth and differentiation in higher animals [[cite:PUB00044094]].</p>"
2;IPR031106;"imex:IM-30532
pubmed:38884001";CCAAT/enhancer-binding protein C/EBP;"<p>This entry includes a group of basic-leucine zipper domain containing proteins, including CCAAT/enhancer-binding protein (C/EBP) from animals and BZIP23 (AT2G16770, [swissprot:Q8GTS2]) and BZIP19 (At4g35040, [swissprot:Q8VY76]) from Arabidopsis. They are zipper transcription factors that bind to sequence-specific DNA.</p>

<p>Drosophila C/EBP may be required for the expression of gene products mediating border cell migration [[cite:PUB00074650]]. Arabidopsis BZIP19 and BZIP23 regulate the adaptation to zinc deficiency [[cite:PUB00074649]].</p>

<p>Mammalian C/EBP consists of CEBPalpha/beta/delta/epsilon/gamma. C/EBP-alpha coordinates proliferation arrest and the differentiation of myeloid progenitors, adipocytes, hepatocytes, keratinocytes, and cells of the lung and placenta [[cite:PUB00074651]].  C/EBP-beta is important in the differentiation and maturation of adipocytes and is increased during ER stress and proinflammatory conditions [[cite:PUB00074652]].</p>"
2;IPR008855;"imex:IM-21659
pubmed:27705803";Translocon-associated;<p>This family consists of several eukaryotic translocon-associated protein, delta subunit precursors (TRAP-delta or SSR-delta). The exact function of this protein is unknown [[cite:PUB00011638]].</p>
2;IPR024969;"imex:IM-21659
pubmed:27705803";EIF3F/CSN6-like, C-terminal;<p>This domain is found at the C terminus of many regulatory proteins, including the eukaryotic initiation factor 3 subunit F (eIF3f) and COP9 signalosome complex subunit 6. The eIF3f C-terminal domain is critical for proper eIF3f activity in skeletal muscle through its interaction with mTOR (also known as FRAP, RAFT1 or RAPT) [[cite:PUB00057277], [cite:PUB00057278]].</p>
2;IPR033858;"imex:IM-21659
pubmed:27705803";26S Proteasome non-ATPase regulatory subunit 7/8;"<p>This entry includes lid subunits of the 26 S proteasome regulatory particles, Rpn7 (PSMD7; proteasome 26S non-ATPase subunit 7; p44), and Rpn8 (PSMD8; proteasome 26S non-ATPase subunit 8; p40; Mov34). Rpn7 is known to be critical for the integrity of the 26 S proteasome complex by establishing a correct lid structure [[cite:PUB00045323]]. It is necessary for the incorporation/anchoring of Rpn3 and Rpn12 to the lid and essential for viability and normal mitosis. Rpn7 and Rpn8 are ATP-independent components of the 19S regulator subunit, and contain the MPN structural motif on its N-terminal region. However, while they show a typical MPN metalloprotease fold and are members of peptidase family M67, they lack the canonical JAMM motif, and therefore do not show catalytic isopeptidase activity [[cite:PUB00043222]]. Rpn7 is considered a non-peptidase homologue (MEROPS identifier M67.973).  It is suggested that Rpn7 function is primarily structural [[cite:PUB00045068], [cite:PUB00081447]].</p>"
2;IPR015576;"imex:IM-24272
pubmed:26496610";Spermine synthase, animal;<p>The polyamines putrescine, spermidine and spermine represent a group of naturally occurring compounds exerting a bewildering number of biological effects. Their biosynthesis is accomplished by a concerted action of four different enzymes: ornithine decarboxylase, adenosylmethionine decarboxylase, spermidine synthase and spermine synthase. The development and introduction of specific inhibitors to the biosynthetic enzymes of the polyamines have revealed that an undisturbed synthesis of the polyamines is a prerequisite for animal cell proliferation to occur [[cite:PUB00034968]].</p>
2;IPR035246;"imex:IM-24272
pubmed:26496610";Spermidine synthase, tetramerisation domain;<p>This entry represents the N-terminal tetramerization domain of spermidine synthase [[cite:PUB00015422]]. Spermidine synthase is involved in the first step of the spermidine biosynthesis subpathway that synthesizes spermidine from putrescine.</p>
2;IPR029063;"imex:IM-24272
pubmed:26496610";S-adenosyl-L-methionine-dependent methyltransferase superfamily;"<p>This entry represents  S-adenosyl-L-methionine-dependent methyltransferases (SAM MTase). Methyltransferases transfer a methyl group from a donor to an acceptor. SAM-binding methyltransferases utilise the ubiquitous methyl donor SAM as a cofactor to methylate proteins, small molecules, lipids, and nucleic acids. All SAM MTases contain a structurally conserved SAM-binding domain consisting of a central seven-stranded β-sheet that is flanked by three α-helices per side of the sheet [[cite:PUB00045026]].</p>

<p>A review published in 2003 [[cite:PUB00054125]] divides all methyltransferases into 5 classes based on the structure of their catalytic domain (fold):</p>

<ul>
<li>class I: Rossmann-like α/β</li>
<li>class II: TIM β/α-barrel α/β</li>
<li>class III: tetrapyrrole methylase α/β</li>
<li>class IV: SPOUT α/β</li>
<li>class V: SET domain all β</li></ul>

<p>Another paper [[cite:PUB00057958]] based on a study of the Saccharomyces cerevisiae methyltransferome argues for four more folds:</p>

<ul>
<li>class VI: transmembrane all-α</li>
<li>class VII: DNA/RNA-binding 3-helical bundle all-α</li>
<li>class VIII: SSo0622-like α+β</li>
<li>class IX: thymidylate synthetase α+β</li></ul>

<p>The vast majority of methyltransferases belong to the Rossmann-like fold (Class I) which consists in a seven-stranded β-sheet adjoined by α-helices. The β-sheet contains a central topological switch-point resulting in a deep cleft in which SAM binds. Class I methyltransferases display two conserved positions, the first one is a GxGxG motif (or at least a GxG motif) at the end of the first β-strand which is characteristic of a nucleotide-binding site and is hence used to bind the adenosyl part of SAM, the second conserved position is an acidic residue at the end of the second β-strand that forms one hydrogen bond to each hydroxyl of the SAM ribose part. The core of these enzymes is composed by about 150 amino acids that show very strong spatial conservation [[cite:PUB00054125]].</p>"
2;IPR037163;"imex:IM-24272
pubmed:26496610";Spermidine synthase, tetramerisation domain superfamily;<p>This entry represents the N-terminal tetramerization domain superfamily of spermidine synthase [[cite:PUB00015422]]. Spermidine synthase is involved in the first step of the spermidine biosynthesis subpathway that synthesizes spermidine from putrescine.</p>
2;IPR030373;"imex:IM-24272
pubmed:26496610";Polyamine biosynthesis domain, conserved site;"<p>The nearly ubiquitous polyamines (putrescine, spermidine and spermine) are polycationic mediators of cell proliferation and differentiation whose functions likely provide both stability and neutralisation for nucleic acids. The following polyamine biosynthetic enzymes are evolutionary related and contain a polyamine biosynthesis (PABS) domain [[cite:PUB00004525]]:</p>

<ul>
<li>Spermidine synthase ([ec:2.5.1.16]) (putrescine aminopropyltransferase). It catalyses the last step in the biosynthesis of spermidine from arginine and methionine; the conversion of putrescine to spermidine using decarboxylated S-adenosylmethionine as the cofactor.</li>
<li>Spermine synthase ([ec:2.5.1.22]) (spermidine aminopropyltransferase). It converts spermidine into spermine using decarboxylated S-adenosylmethionine as the cofactor.</li>
<li>Putrescine N-methyltransferase ([ec:2.1.1.53]). It catalyses a step in the biosynthesis of nicotine in plants; the methylation of putrescine to N-methylputrescine using S-adenosylmethionine as the cofactor.</li>
</ul>

<p>This conserved site consists of a glycine-rich conserved region in the PABS domain.</p>"
2;IPR040900;"imex:IM-24272
pubmed:26496610";Spermine synthase, N-terminal;<p>This is the N-terminal domain found in human spermine synthase. The N-terminal domain, which forms the major part of the dimerization interface, shows a considerable structural similarity to the AdoMetDC-like fold (S-adenosylmethionine decarboxylase, the enzyme that forms the aminopropyl donor substrate). Deletion of the N-terminal domain led to a complete loss of spermine synthase activity, suggesting that dimerization may be required for activity. The N-terminal domain (amino acids 1-117) includes seven β-strands and two α-helices [[cite:PUB00050909]].</p>
2;IPR030374;"imex:IM-24272
pubmed:26496610";Polyamine biosynthesis domain;"<p>The nearly ubiquitous polyamines (putrescine, spermidine and spermine) are polycationic mediators of cell proliferation and differentiation whose functions likely provide both stability and neutralisation for nucleic acids. The following polyamine biosynthetic enzymes are evolutionary related and contain a polyamine biosynthesis (PABS) domain [[cite:PUB00004525]]:</p>

<ul>
<li>Spermidine synthase ([ec:2.5.1.16]) (putrescine aminopropyltransferase). It catalyses the last step in the biosynthesis of spermidine from arginine and methionine; the conversion of putrescine to spermidine using decarboxylated S-adenosylmethionine as the cofactor.</li>
<li>Spermine synthase ([ec:2.5.1.22]) (spermidine aminopropyltransferase). It converts spermidine into spermine using decarboxylated S-adenosylmethionine as the cofactor.</li>
<li>Putrescine N-methyltransferase ([ec:2.1.1.53]). It catalyses a step in the biosynthesis of nicotine in plants; the methylation of putrescine to N-methylputrescine using S-adenosylmethionine as the cofactor.</li>
</ul>

<p>The PABS domain consists of two subdomains: an N-terminal subdomain composed of six β-strands, and a Rossmann-like C-terminal subdomain. The larger C-terminal catalytic core subdomain consists of a seven-stranded β-sheet flanked by nine α-helices. This subdomain resembles a topology observed in a number of nucleotide and dinucleotide-binding enzymes, and in S-adenosyl-L-methionine (AdoMet)-dependent methyltransferases (MTases) [[cite:PUB00015422]].</p>

<p>This entry represents the PABS domain that includes the two subdomains.</p>"
2;5-trisphosphate 3-phosphatase and dual-specificity protein phosphatase PTEN;Homo sapiens;;
2;IPR023313;"imex:IM-22822
pubmed:25260751";Ubiquitin-conjugating enzyme, active site;<p>Ubiquitin-conjugating enzymes ([ec:2.3.2.23], UBC or E2 enzymes) catalyse the covalent attachment of ubiquitin to target proteins. Ubiquitin is conjugated to the target protein through the coordinated action of three enzyme activities designated E1, E2, and E3. The E1 or ubiquitin-activating enzyme forms, in an ATP-dependent manner, a thioester linkage between its active site cysteine and the carboxy terminus of ubiquitin. The activated ubiquitin moiety is then transferred from E1 to the active site cysteine in E2 through a trans-thiol esterification reaction. The UBC enzyme later ligates ubiquitin directly to substrate proteins with or without the assistance of 'N-end' recognizing proteins (E3) [[cite:PUB00005354], [cite:PUB00000623], [cite:PUB00005373]]. In most species there are many forms of UBC (at least 9 in yeast) which are implicated in diverse cellular functions.</p>
2;IPR003186;"doi:10.1016/j.cell.2021.04.011
imex:IM-12079
imex:IM-29278
pubmed:19615732
pubmed:33961781";Proteasome activator PA28, C-terminal domain;"<p>The specificity of the 20S proteasome, which degrades many intracellular proteins, is regulated by protein complexes that bind to one or both ends of the cylindrical proteasome structure. Proteasome activator 28 (PA28), also known as 11S regulator or REG, is one of these complexes. PA28 binds to the 20S proteasome and stimulates peptidase activity in and ATP-independent manner.</p>

<p>This entry represents the C-terminal domain found in the proteasome activator 28 subunits.</p>"
2;IPR036996;"doi:10.1016/j.cell.2021.04.011
imex:IM-12079
imex:IM-29278
pubmed:19615732
pubmed:33961781";Proteasome activator PA28, N-terminal domain superfamily;"<p>The specificity of the 20S proteasome, which degrades many intracellular proteins, is regulated by protein complexes that bind to one or both ends of the cylindrical proteasome structure. Proteasome activator 28 (PA28), also known as 11S regulator or REG, is one of these complexes. PA28 binds to the 20S proteasome and stimulates peptidase activity in and ATP-independent manner.</p>

<p>Three PA28 subunits that have been identified, PA28alpha (also known as proteasome activator complex subunit 1), PA28beta (also known as proteasome activator complex subunit 2) and PA28gamma (also known as proteasome activator complex subunit 3 or the Ki antigen), which share extensive sequence similarity, apart from a highly variable internal segment [[cite:PUB00013234]]. PA28alpha and PA28beta form a ring shaped hexameric structure of alternating alpha and beta subunits. The catalytic properties of PA28alpha and PA28beta-activated proteosome are similar [[cite:PUB00033208], [cite:PUB00033209]].</p>

<p>This entry represents a single-α helix N-terminal domain superfamily found in the proteasome activator 28 subunits.</p>"
2;IPR036252;"doi:10.1016/j.cell.2021.04.011
imex:IM-12079
imex:IM-29278
pubmed:19615732
pubmed:33961781";Proteasome activator superfamily;<p>The 20S proteasome is a multicatalytic complex that is responsible for the non-lysosomal degradation of intracellular proteins.  The proteasome is composed of a catalytic core that is regulated by protein complexes, which bind to the ends of the cylindrical core structure.  One of these regulatory complexes is the PA28 activator complex (also known as the 11S regulator, or REG), a ring-shaped hexameric structure that enhances the peptidase activity of the core enzyme.  Three REG subunits have been isolated, REGalpha, REGbeta and REGgamma.  REGalpha and REGbeta preferentially form a heteromeric complex with alternating alpha and beta subunits.  The structure of the human REGalpha subunit reveals a heptameric barrel-shaped assembly containing a central channel [[cite:PUB00013234]].  The binding of REG is thought to create a pore through with substrates and products can pass.</p>
2;IPR009077;"doi:10.1016/j.cell.2021.04.011
imex:IM-12079
imex:IM-29278
pubmed:19615732
pubmed:33961781";Proteasome activator PA28;<p>The 20S proteasome is a multicatalytic complex that is responsible for the non-lysosomal degradation of intracellular proteins.  The proteasome is composed of a catalytic core that is regulated by protein complexes, which bind to the ends of the cylindrical core structure.  One of these regulatory complexes is the PA28 activator complex (also known as the 11S regulator, or REG), a ring-shaped hexameric structure that enhances the peptidase activity of the core enzyme.  Three REG subunits have been isolated, REGalpha, REGbeta and REGgamma.  REGalpha and REGbeta preferentially form a heteromeric complex with alternating alpha and beta subunits.  The structure of the human REGalpha subunit reveals a heptameric barrel-shaped assembly containing a central channel [[cite:PUB00013234]].  The binding of REG is thought to create a pore through with substrates and products can pass.</p>
2;IPR036997;"doi:10.1016/j.cell.2021.04.011
imex:IM-12079
imex:IM-29278
pubmed:19615732
pubmed:33961781";Proteasome activator PA28, C-terminal domain superfamily;"<p>The specificity of the 20S proteasome, which degrades many intracellular proteins, is regulated by protein complexes that bind to one or both ends of the cylindrical proteasome structure. Proteasome activator 28 (PA28), also known as 11S regulator or REG, is one of these complexes. PA28 binds to the 20S proteasome and stimulates peptidase activity in and ATP-independent manner.</p>

<p>Three PA28 subunits that have been identified, PA28alpha, PA28beta and PA28gamma (also known as the Ki antigen), which share extensive sequence similarity, apart from a highly variable internal segment [[cite:PUB00013234]]. PA28alpha and PA28beta form a ring shaped hexameric structure of alternating alpha and beta subunits. The catalytic properties of PA28alpha and PA28beta-activated proteosome are similar [[cite:PUB00033208], [cite:PUB00033209]].</p>

<p>This entry represents the C-terminal domain superfamily found in the proteasome activator 28 subunits.</p>"
2;IPR003185;"doi:10.1016/j.cell.2021.04.011
imex:IM-12079
imex:IM-29278
pubmed:19615732
pubmed:33961781";Proteasome activator PA28, N-terminal domain;"<p>The specificity of the 20S proteasome, which degrades many intracellular proteins, is regulated by protein complexes that bind to one or both ends of the cylindrical proteasome structure. Proteasome activator 28 (PA28), also known as 11S regulator or REG, is one of these complexes. PA28 binds to the 20S proteasome and stimulates peptidase activity in and ATP-independent manner.</p>

<p>Three PA28 subunits that have been identified, PA28alpha, PA28beta and PA28gamma (also known as the Ki antigen), which share extensive sequence similarity, apart from a highly variable internal segment [[cite:PUB00013234]]. PA28alpha and PA28beta form a ring shaped hexameric structure of alternating alpha and beta subunits. The catalytic properties of PA28alpha and PA28beta-activated proteosome are similar [[cite:PUB00033208], [cite:PUB00033209]].</p>

<p>This entry represents a single α-helix N-terminal domain found in the proteasome activator 28 subunits.</p>"
2;IPR009053;"imex:IM-24272
pubmed:26496610";Prefoldin;"<p>The Prefoldin/GimC family of proteins are found in eukaryotes and archaea [[cite:PUB00015158]]. Prefoldin is part of a molecular chaperone system that promotes the correct folding of nascent polypeptide chains. Prefoldin/GimC interacts with the nascent chain to stabilise it prior to its folding within the central cavity of a chaperonin. Prefoldin/GimC is a hexamer consisting of two types of subunits, alpha and beta. Archaeal prefoldin contains one type of alpha and one type of beta subunit [[cite:PUB00013306]], while eukaryotic prefoldin/GimC contains two different but related alpha subunits and four related beta subunits [[cite:PUB00013187]].</p>
<p>The unconventional prefoldin RPB5 interactor-like protein from Drosophila (also known as URI) is a serine/threonine phosphatase inhibitor and required for germ line cell viability and differentiation.  It binds to protein phosphatase 1 alpha subunits with higher affinity than the beta subunits [[cite:PUB00080715]].</p>"
2;IPR004127;"imex:IM-24272
pubmed:26496610";Prefoldin alpha-like;"<p>This entry represents prefoldin subunit alpha-like proteins. Prefoldin (PFD) is a chaperone that interacts exclusively with type II chaperonins, hetero-oligomers lacking an obligate co-chaperonin that are found only in eukaryotes (chaperonin-containing T-complex polypeptide-1 (CCT)) and archaea. Eukaryotic PFD is a multi-subunit complex containing six polypeptides in the molecular mass range of 14-23kDa. In archaea, on the other hand, PFD is composed of two types of subunits, two alpha and four beta. The six subunits associate to form two back-to-back up-and-down eight-stranded barrels, from which hang six coiled coils. Each subunit contributes one (beta subunits) or two (alpha subunits) β hairpin turns to the barrels. The coiled coils are formed by the N and C termini of an individual subunit. Overall, this unique arrangement resembles a jellyfish. The eukaryotic PFD hexamer is composed of six different subunits; however, these can be grouped into two alpha-like (PFD3 and -5) and four beta-like (PFD1, -2, -4, and -6) subunits based on amino acid sequence similarity with their archaeal counterparts. Eukaryotic PFD has a six-legged structure similar to that seen in the archaeal homologue [[cite:PUB00013306], [cite:PUB00013187]]. This family contains the archaeal alpha subunit, eukaryotic prefoldin subunits 3 and 5 and the UXT (ubiquitously expressed transcript) family.</p>

<p>Eukaryotic PFD has been shown to bind both actin and tubulin co-translationally. The chaperone then delivers the target protein to CCT, interacting with the chaperonin through the tips of the coiled coils. No authentic target proteins of any archaeal PFD have been identified, to date.</p>"
2;IPR016655;"imex:IM-24272
pubmed:26496610";Prefoldin subunit 3;<p>Prefoldin subunit 3 (PFD3, also known as VBP-1) is part of the heteromeric co-chaperone complex, which delivers unfolded proteins to cytosolic chaperonin and acts as a cofactor. PFD3 binds specifically to cytosolic chaperonin (c-CPN) and transfers target proteins to it. It binds to nascent polypeptide chain and promotes folding [[cite:PUB00008051]]. In fruit flies PFD3 (also known as mgr) interacts with von Hippel Lindau protein (Vhl) and betaTub56D/tubulin beta-1 chain. It is required for tubulin stability and spindle and centrosome formation in cooperation with Vhl [[cite:PUB00071716]].</p>
2;IPR047394;"doi:10.1016/j.cell.2021.04.011
imex:IM-12079
imex:IM-21659
imex:IM-24272
imex:IM-29278
pubmed:19615732
pubmed:26496610
pubmed:27705803
pubmed:33961781";Forkhead box protein K1, forkhead domain;"<p>This entry represents the forkhead (FH) domain of human FOXK1 and similar sequences predominantly found in vertebrates. The FH domain is a winged helix DNA-binding domain.</p>; <p>Forkhead box protein K1 (FOXK1) is a transcriptional regulator involved in different processes such as glucose metabolism, aerobic glycolysis, muscle cell differentiation and autophagy [[cite:PUB00102920]]. It recognizes the core sequence 5'-(A/C)AA(C/T)A-3' that can both act as a transcription activator or repressor, depending on the context [[cite:PUB00102920], [cite:PUB00103474], [cite:PUB00102894]]. It acts as a transcriptional regulator that binds to the upstream enhancer region (CCAC box) of myoglobin genes and thus regulates the myogenic progenitor cell population [[cite:PUB00103476], [cite:PUB00103475]]. It positively regulates Wnt/beta-catenin signalling by translocating dishevelled (DVL) proteins into the nucleus [[cite:PUB00102901]]. It also reduces virus replication, probably by binding the interferon stimulated response element (ISRE) to promote antiviral gene expression [[cite:PUB00102899]]. In addition, FOXK1 plays important roles in multiple human cancers [[cite:PUB00102896], [cite:PUB00102893], [cite:PUB00102904], [cite:PUB00102903], [cite:PUB00102900], [cite:PUB00102898], [cite:PUB00102892], [cite:PUB00102897]].</p>"
2;IPR015633;"imex:IM-28767
pubmed:35140242";E2F Family;"<p>The E2F family of transcription factors plays a crucial role in the control of cell cycle [[cite:PUB00096666], [cite:PUB00096667]] and action of tumour suppressor proteins. This family consists of eight members and is divided into activators (E2F1-3) and repressors (E2F4-8) depending on cellular context, target gene and cofactors [[cite:PUB00096666]]. The E2F proteins contain several evolutionarily conserved domains found in most members of the family. These domains include a DNA-binding domain, a dimerisation domain which determines interaction with the differentiation regulated transcription factor proteins (DP), a transactivation domain enriched in acidic amino acids, and a tumour suppressor protein association domain which is embedded within the transactivation domain [[cite:PUB00008097]]. Classical E2Fs (E2F1-6) contain one DNA-binding domain which form heterodimers with DP proteins; atypical family members, E2F7 and E2F8, possess two DNA-binding domains, form homodimers or heterodimers, thus regulating transcription in a DP-independent manner [[cite:PUB00096666]].</p>"
2;IPR032198;"imex:IM-28767
pubmed:35140242";E2F transcription factor, CC-MB domain;<p>This is the coiled coil (CC) - marked box (MB) domain of E2F transcription factors. This domain forms a heterodimer with the corresponding domain of the DP transcription factor, the heterodimer binds the C terminus of retinoblastoma protein [[cite:PUB00035382]].</p>
2;IPR003316;"imex:IM-28767
pubmed:35140242";E2F/DP family, winged-helix DNA-binding domain;<p>This entry represents the DNA-binding domain of the E2F and DP proteins, which have a fold related to the winged-helix DNA-binding motif [[cite:PUB00019485]]. The mammalian transcription factor E2F plays an important role in regulating the expression of genes that are required for passage through the cell cycle. Multiple E2F family members have been identified that bind to DNA as heterodimers, interacting with proteins known as DP - the dimerisation partners [[cite:PUB00008097]].</p>
2;IPR037241;"imex:IM-28767
pubmed:35140242";E2F-DP heterodimerization region;<p>The E2F transcription factors associated with the corresponding domain of the DP transcription factor forming an heterodimer fold with the N-terminal long helices of both chains forming a parallel coiled coil and their C-terminal folded β-hairpins interlocking together in a β-sandwich. This complex binds the C terminus of retinoblastoma protein [[cite:PUB00035382]].</p>
2;IPR047398;"doi:10.1016/j.cell.2021.04.011
imex:IM-12079
imex:IM-21659
imex:IM-29278
pubmed:19615732
pubmed:27705803
pubmed:33961781";Forkhead box protein K2, forkhead associated domain;"<p>This entry represents the forkhead associated (FHA) domain of human FOXK2 and similar sequences predominantly found in vertebrates.  The FHA domain is a small phosphopeptide recognition module.</p>; <p>Forkhead box protein K2 (FOXK2) is a transcriptional regulator that recognises the core sequence 5'-TAAACA-3'. It binds to NFAT-like motifs (purine-rich) in the IL2 promoter [[cite:PUB00102913]]. FOXK2 is required for cell proliferation and survival [[cite:PUB00102919]]. It functions as a chromatin-targeting factor for BAP1 (BRCA1-associated protein 1) that recruits BAP1 via its FHA domain in a phosphorylation-dependent manner. BAP1 functions as a corepressor at FOXK2 target genes [[cite:PUB00102924]]. FOXK2 is a key regulator of metabolic reprogramming towards aerobic glycolysis playing a role in gluconeogenesis during overnight fasting, when lactate from white adipose tissue and muscle is the main substrate [[cite:PUB00102920]]. It also binds to the HIV-1 long terminal repeat [[cite:PUB00102917]]. FOXK2 may be involved in both, positive and negative regulation of important viral and cellular promoter elements [[cite:PUB00102917]]. In addition, FOXK2 plays a critical role in suppressing tumourigenesis [[cite:PUB00102912], [cite:PUB00102916], [cite:PUB00102922], [cite:PUB00102925], [cite:PUB00102915], [cite:PUB00102923], [cite:PUB00102921]].</p>"
2;IPR047397;"doi:10.1016/j.cell.2021.04.011
imex:IM-12079
imex:IM-21659
imex:IM-29278
pubmed:19615732
pubmed:27705803
pubmed:33961781";Forkhead box protein K2, forkhead domain;"<p>This entry represents the forkhead (FH) domain of human FOXK2 and similar sequences predominantly found in vertebrates. The FH domain is a winged helix DNA-binding domain [[cite:PUB00047162]].</p>; <p>Forkhead box protein K2 (FOXK2) is a transcriptional regulator that recognises the core sequence 5'-TAAACA-3'. It binds to NFAT-like motifs (purine-rich) in the IL2 promoter [[cite:PUB00102913]]. FOXK2 is required for cell proliferation and survival [[cite:PUB00102919]]. It functions as a chromatin-targeting factor for BAP1 (BRCA1-associated protein 1) that recruits BAP1 via its FHA domain in a phosphorylation-dependent manner. BAP1 functions as a corepressor at FOXK2 target genes [[cite:PUB00102924]]. FOXK2 is a key regulator of metabolic reprogramming towards aerobic glycolysis playing a role in gluconeogenesis during overnight fasting, when lactate from white adipose tissue and muscle is the main substrate [[cite:PUB00102920]]. It also binds to the HIV-1 long terminal repeat [[cite:PUB00102917]]. FOXK2 may be involved in both, positive and negative regulation of important viral and cellular promoter elements [[cite:PUB00102917]]. In addition, FOXK2 plays a critical role in suppressing tumourigenesis [[cite:PUB00102912], [cite:PUB00102916], [cite:PUB00102922], [cite:PUB00102925], [cite:PUB00102915], [cite:PUB00102923], [cite:PUB00102921]].</p>"
2;IPR019549;"imex:IM-28767
pubmed:35140242";Homeobox engrailed, C-terminal;"<p>Homeodomain proteins are transcription factors that share a related DNA-binding homeodomain [[cite:PUB00013192]]. The homeodomain was initially identified in Drosophila melanogaster (Fruit fly) homeotic and segmentation proteins, but is well conserved throughout metazoans [[cite:PUB00000591], [cite:PUB00005390]]. The homeodomain binds DNA through a helix-turn-helix (HTH) structure, consisting of approximately 20 residues [[cite:PUB00004373]]. The HTH motif is comprised of two α-helices that make intimate contacts with the DNA; the second helix binds to DNA via a number of hydrogen bonds and hydrophobic interactions. These interactions occur between specific side chains and the exposed bases and thymine methyl groups within the major groove of the DNA. The first helix helps to stabilise the structure and is joined to the second through a short turn.</p>

<p>Most proteins which contain a homeobox domain can be classified [[cite:PUB00000591], [cite:PUB00005101]], on the basis of their sequence characteristics, into three subfamilies, engrailed, antennapedia and paired. A number of different proteins contain homeodomains, including Drosophila engrailed, yeast mating type proteins, hepatocyte nuclear factor 1a and Hox proteins. Hox genes encode homeodomain-containing transcriptional regulators that operate differential genetic programs along the anterior-posterior axis of animal bodies [[cite:PUB00010002]]. The homeodomain motif is very similar in sequence identity and structure to domains in other DNA-binding proteins, including recombinases, GARP response regulators, human telomeric protein, AraC type transcriptional activator and tetracycline repressor [[cite:PUB00013193], [cite:PUB00013194], [cite:PUB00003347]].</p>; <p>This entry represents a conserved region of some 20 amino-acid residues located at the C-terminal of the 'homeobox' domain and forms a kind of a signature pattern for this subfamily of proteins [[cite:PUB00000591]].</p>"
2;IPR000747;"imex:IM-28767
pubmed:35140242";Homeodomain engrailed;"<p>Proteins that regulate developmental gene expression are nuclear proteins [[cite:PUB00001890]] that contain a conserved domain known as the homedomain (HD), the flanking sequences of which differ considerably among different proteins. The HD includes the helix-turn-helix (HTH) motif which binds to DNA [[cite:PUB00004373]]. Most proteins which contain a HD can be classified [[cite:PUB00000591], [cite:PUB00005101]], on the basis of their sequence characteristics, into three subfamilies, engrailed, antennapedia and paired. The engrailed subfamily plays an important role in Drosophila segmentation and neurogenesis, affecting genes in posterior compartments of the developing embryo. It is also required for the development of the central nervous system. Homologues found in other species may play a role in neurogenesis, possibly in both the compartmentalisation of the developing neural tube and specification of particular neuronal populations. Other members of the engrailed subfamily include Drosophila invected protein (inv); Apis mellifera (Honeybee) E30 and E60; Schistocerca americana (American grasshopper) G-En; mammalian and birds En-1 and En-2; Danio rerio (Zebrafish) (Brachydanio rerio) Eng-1, -2 and -3; Helobdella triserialis (Leech) Ht-En; and Caenorhabditis elegans ceh-16.</p>"
2;IPR019737;"imex:IM-28767
pubmed:35140242";Homeobox engrailed-type, conserved site;"<p>This entry identifies a conserved region of some 20 amino-acid residues, specific to engrailed proteins, located at the C-terminal of the 'homeobox' domain; the specific function of these residues is unclear.</p>; <p>Homeodomain proteins are transcription factors that share a related DNA-binding homeodomain [[cite:PUB00013192]]. The homeodomain was initially identified in Drosophila melanogaster (Fruit fly) homeotic and segmentation proteins, but is well conserved throughout metazoans [[cite:PUB00000591], [cite:PUB00005390]]. The homeodomain binds DNA through a helix-turn-helix (HTH) structure, consisting of approximately 20 residues [[cite:PUB00004373]]. The HTH motif is comprised of two α-helices that make intimate contacts with the DNA; the second helix binds to DNA via a number of hydrogen bonds and hydrophobic interactions. These interactions occur between specific side chains and the exposed bases and thymine methyl groups within the major groove of the DNA. The first helix helps to stabilise the structure and is joined to the second through a short turn.</p>

<p>Most proteins which contain a homeobox domain can be classified [[cite:PUB00000591], [cite:PUB00005101]], on the basis of their sequence characteristics, into three subfamilies, engrailed, antennapedia and paired. A number of different proteins contain homeodomains, including Drosophila engrailed, yeast mating type proteins, hepatocyte nuclear factor 1a and Hox proteins. Hox genes encode homeodomain-containing transcriptional regulators that operate differential genetic programs along the anterior-posterior axis of animal bodies [[cite:PUB00010002]]. The homeodomain motif is very similar in sequence identity and structure to domains in other DNA-binding proteins, including recombinases, GARP response regulators, human telomeric protein, AraC type transcriptional activator and tetracycline repressor [[cite:PUB00013193], [cite:PUB00013194], [cite:PUB00003347]].</p>"
2;IPR050720;"imex:IM-28767
pubmed:35140242";Engrailed Homeobox Transcription Factors;<p>The engrailed homeobox family is a group of transcription factors characterized by the presence of a homeobox domain. These proteins play crucial roles in developmental processes, including the specification of body segmentation patterns, the development of the central nervous system, and limb patterning. They function as transcriptional regulators, with some members repressing activated promoters, while others act as activators. The family is also involved in maintaining the boundaries between different cell types during embryogenesis, promoting seam cell development and differentiation, and regulating gene expression to prevent cell fusion. Additionally, some members are implicated in shell and shell gland formation, as well as in the compartmentalization of the silk gland.</p>
2;IPR029021;"doi:10.1016/j.cell.2022.04.014
imex:IM-29493
pubmed:35512704";Protein-tyrosine phosphatase-like;"<p>This superfamily represents a domain found in some protein-tyrosine phosphatases, including dual specificity phosphatases, myotubularin-like phosphatases [[cite:PUB00039007]], receptor-type tyrosine-protein phosphatases and non receptor-type tyrosine-protein phosphatases. This domain also shares structure similarity with the lipid phosphatase domain in tensin [[cite:PUB00070217]] and tensin like proteins, such as cyclin G-associated kinase (GAK) [[cite:PUB00070216]] and phoshphoinositide phosphatase PTEN (phosphatase and tensin homologue) [[cite:PUB00028325]].</p>; <p>Protein tyrosine (pTyr) phosphorylation is a common post-translational modification which can create novel recognition motifs for protein interactions and cellular localisation, affect protein stability, and regulate enzyme activity. Consequently, maintaining an appropriate level of protein tyrosine phosphorylation is essential for many cellular functions. Tyrosine-specific protein phosphatases (PTPase; [ec:3.1.3.48]) catalyse the removal of a phosphate group attached to a tyrosine residue, using a cysteinyl-phosphate enzyme intermediate. These enzymes are key regulatory components in signal transduction pathways (such as the MAP kinase pathway) and cell cycle control, and are important in the control of cell growth, proliferation, differentiation and transformation [[cite:PUB00035793], [cite:PUB00035794]]. The PTP superfamily can be divided into four subfamilies [[cite:PUB00035795]]:</p>

<ul>
<li>(1) pTyr-specific phosphatases</li>
<li>(2) dual specificity phosphatases (dTyr and dSer/dThr)</li>
<li>(3) Cdc25 phosphatases (dTyr and/or dThr)</li>
<li>(4) LMW (low molecular weight) phosphatases</li>
</ul>

<p>Based on their cellular localisation, PTPases are also classified as:</p>

<ul>
<li>Receptor-like, which are transmembrane receptors that contain PTPase domains [[cite:PUB00035796]]</li>
<li>Non-receptor (intracellular) PTPases [[cite:PUB00035797]]</li>
</ul>

<p>All PTPases carry the highly conserved active site motif C(X)5R (PTP signature motif), employ a common catalytic mechanism, and share a similar core structure made of a central parallel β-sheet with flanking α-helices containing a β-loop-α-loop that encompasses the PTP signature motif [[cite:PUB00035798]]. Functional diversity between PTPases is endowed by regulatory domains and subunits.</p>"
2;IPR012152;"doi:10.1016/j.cell.2022.04.014
imex:IM-29493
pubmed:35512704";Protein-tyrosine phosphatase, non-receptor type-6, -11;"<p>Protein tyrosine (pTyr) phosphorylation is a common post-translational modification which can create novel recognition motifs for protein interactions and cellular localisation, affect protein stability, and regulate enzyme activity. Consequently, maintaining an appropriate level of protein tyrosine phosphorylation is essential for many cellular functions. Tyrosine-specific protein phosphatases (PTPase; [ec:3.1.3.48]) catalyse the removal of a phosphate group attached to a tyrosine residue, using a cysteinyl-phosphate enzyme intermediate. These enzymes are key regulatory components in signal transduction pathways (such as the MAP kinase pathway) and cell cycle control, and are important in the control of cell growth, proliferation, differentiation and transformation [[cite:PUB00035793], [cite:PUB00035794]]. The PTP superfamily can be divided into four subfamilies [[cite:PUB00035795]]:</p>

<ul>
<li>(1) pTyr-specific phosphatases</li>
<li>(2) dual specificity phosphatases (dTyr and dSer/dThr)</li>
<li>(3) Cdc25 phosphatases (dTyr and/or dThr)</li>
<li>(4) LMW (low molecular weight) phosphatases</li>
</ul>

<p>Based on their cellular localisation, PTPases are also classified as:</p>

<ul>
<li>Receptor-like, which are transmembrane receptors that contain PTPase domains [[cite:PUB00035796]]</li>
<li>Non-receptor (intracellular) PTPases [[cite:PUB00035797]]</li>
</ul>

<p>All PTPases carry the highly conserved active site motif C(X)5R (PTP signature motif), employ a common catalytic mechanism, and share a similar core structure made of a central parallel β-sheet with flanking α-helices containing a β-loop-α-loop that encompasses the PTP signature motif [[cite:PUB00035798]]. Functional diversity between PTPases is endowed by regulatory domains and subunits.</p>; <p>This entry represents non-receptor PTPase types 6 and 11, also known as SHP-1 and SHP-2 respectively. SHP-1 is expressed predominantly in haematopoietic and epithelial cells, playing an important role in haematopoiesis and functioning as a terminator of signalling transduction, predominantly by dephosphorylation of appropriate substrate proteins [[cite:PUB00005794]]. SHP-2 is expressed in most cell types and is involved in signal transduction stimulated by epidermal growth factor, platelet-derived growth factor, and insulin, acting as a positive regulator of cell proliferation [[cite:PUB00033259]]. The structure of human SHP-2 ([swissprot:Q06124]) shows that its catalytic activity is regulated by its two SH2 domains [[cite:PUB00020570]]. In the absence of protein, the N-terminal SH2 domain binds the phosphatase domain, inhibiting its activity, while the binding of a tyrosine-phosphorylated substrate to this domain causes a conformational change which activates the enzyme. The C-terminal SH2 domain does not play a direct role in activation, but contributes to substrate specificity and binding energy.</p>"
2;IPR000242;"doi:10.1016/j.cell.2022.04.014
imex:IM-29493
pubmed:35512704";Tyrosine-specific protein phosphatase, PTPase domain;"<p>This entry represents the PTPase domain found in several tyrosine-specific protein phosphatases (PTPases).</p>

<p>Structurally, all known receptor PTPases, are made up of a variable length extracellular domain, followed by a transmembrane region and a C-terminal catalytic cytoplasmic domain. Some of the receptor PTPases contain fibronectin type III (FN-III) repeats, immunoglobulin-like domains, MAM domains or carbonic anhydrase-like domains in their extracellular region. The cytoplasmic region generally contains two copies of the PTPase domain. The first seems to have enzymatic activity, while the second is inactive. The inactive domains of tandem phosphatases can be divided into two classes. Those which bind phosphorylated tyrosine residues may recruit multi-phosphorylated substrates for the adjacent active domains and are more conserved, while the other class have accumulated several variable amino acid substitutions and have a complete loss of tyrosine binding capability. The second class shows a release of evolutionary constraint for the sites around the catalytic centre, which emphasises a difference in function from the first group. There is a region of higher conservation common to both classes, suggesting a new regulatory centre [[cite:PUB00014502]]. PTPase domains consist of about 300 amino acids. There are two conserved cysteines, the second one has been shown to be absolutely required for activity. Furthermore, a number of conserved residues in its immediate vicinity have also been shown to be important.</p>; <p>Protein tyrosine (pTyr) phosphorylation is a common post-translational modification which can create novel recognition motifs for protein interactions and cellular localisation, affect protein stability, and regulate enzyme activity. Consequently, maintaining an appropriate level of protein tyrosine phosphorylation is essential for many cellular functions. Tyrosine-specific protein phosphatases (PTPase; [ec:3.1.3.48]) catalyse the removal of a phosphate group attached to a tyrosine residue, using a cysteinyl-phosphate enzyme intermediate. These enzymes are key regulatory components in signal transduction pathways (such as the MAP kinase pathway) and cell cycle control, and are important in the control of cell growth, proliferation, differentiation and transformation [[cite:PUB00035793], [cite:PUB00035794]]. The PTP superfamily can be divided into four subfamilies [[cite:PUB00035795]]:</p>

<ul>
<li>(1) pTyr-specific phosphatases</li>
<li>(2) dual specificity phosphatases (dTyr and dSer/dThr)</li>
<li>(3) Cdc25 phosphatases (dTyr and/or dThr)</li>
<li>(4) LMW (low molecular weight) phosphatases</li>
</ul>

<p>Based on their cellular localisation, PTPases are also classified as:</p>

<ul>
<li>Receptor-like, which are transmembrane receptors that contain PTPase domains [[cite:PUB00035796]]</li>
<li>Non-receptor (intracellular) PTPases [[cite:PUB00035797]]</li>
</ul>

<p>All PTPases carry the highly conserved active site motif C(X)5R (PTP signature motif), employ a common catalytic mechanism, and share a similar core structure made of a central parallel β-sheet with flanking α-helices containing a β-loop-α-loop that encompasses the PTP signature motif [[cite:PUB00035798]]. Functional diversity between PTPases is endowed by regulatory domains and subunits.</p>"
2;IPR000980;"doi:10.1016/j.cell.2022.04.014
imex:IM-29493
pubmed:35512704";SH2 domain;"<p>The Src homology 2 (SH2) domain is a protein domain of about 100 amino-acid residues first identified as a conserved sequence region between the oncoproteins Src and Fps [[cite:PUB00003647]]. Similar sequences were later found in many other intracellular signal-transducing proteins [[cite:PUB00001638]]. SH2 domains function as regulatory modules of intracellular signalling cascades by interacting with high affinity to phosphotyrosine-containing target peptides in a sequence-specific, SH2 domains recognise between 3-6 residues C-terminal to the phosphorylated tyrosine in a fashion that differs from one SH2 domain to another, and strictly phosphorylation-dependent manner [[cite:PUB00003096], [cite:PUB00001025], [cite:PUB00005506], [cite:PUB00004203]]. They are found in a wide variety of protein contexts e.g., in association with catalytic domains of phospholipase Cy (PLCy) and the non-receptor protein tyrosine kinases; within structural proteins such as fodrin and tensin; and in a group of small adaptor molecules, i.e Crk and Nck. The domains are frequently found as repeats in a single protein sequence and will then often bind both mono- and di-phosphorylated substrates.</p>

<p>The structure of the SH2 domain belongs to the α+β class, its overall shape forming a compact flattened hemisphere. The core structural elements comprise a central hydrophobic anti-parallel β-sheet, flanked by 2 short α-helices. The loop between strands 2 and 3 provides many of the binding interactions with the phosphate group of its phosphopeptide ligand, and is hence designated the phosphate binding loop, the phosphorylated ligand binds perpendicular to the β-sheet and typically interacts with the phosphate binding loop and a hydrophobic binding pocket that interacts with a pY+3 side chain. The N- and C-termini of the domain are close together in space and on the opposite face from the phosphopeptide binding surface and it has been speculated that this has facilitated their integration into surface-exposed regions of host proteins [[cite:PUB00007102]].</p>"
2;IPR016130;"doi:10.1016/j.cell.2022.04.014
imex:IM-29493
pubmed:35512704";Protein-tyrosine phosphatase, active site;"<p>This entry includes proteins of two subfamilies: Ser/Thr ([ec:3.1.3.16]) and Tyr dual specificity protein phosphatase and tyrosine specific protein phosphatase ([ec:3.1.3.48]). Both of these subfamilies may also have inactive phosphatase domains, and dependent on the domain composition this loss of catalytic activity has different effects on protein function. Inactive single domain phosphatases can still specifically bind substrates, and protect against dephosphorylation, while the inactive domains of tandem phosphatases can be further subdivided into two classes. Those which bind phosphorylated tyrosine residues may recruit multi-phosphorylated substrates for the adjacent active domains and are more conserved, while the other class have accumulated several variable amino acid substitutions and have a complete loss of tyrosine binding capability. The second class shows a release of evolutionary constraint for the sites around the catalytic centre, which emphasises a difference in function from the first group. There is a region of higher conservation common to both classes, suggesting a regulatory centre [[cite:PUB00014502]].</p>

<p>Ser/Thr and Tyr dual specificity phosphatases are a group of enzymes with both Ser/Thr ([ec:3.1.3.16]) and tyrosine specific protein phosphatase ([ec:3.1.3.48]) activity able to remove both the serine/threonine or tyrosine-bound phosphate group from a wide range of phosphoproteins, including a number of enzymes which have been phosphorylated under the action of a kinase. Dual specificity protein phosphatases (DSPs) regulate mitogenic signal transduction and control the cell cycle. Tyrosine specific protein phosphatases catalyze the removal of a phosphate group attached to a tyrosine residue. They are also very important in the control of cell growth, proliferation, differentiation and transformation.</p>"
2;IPR000387;"doi:10.1016/j.cell.2022.04.014
imex:IM-29493
pubmed:35512704";Tyrosine-specific protein phosphatases domain;"<p>Tyrosine specific protein phosphatases (PTPases) contain two conserved cysteines, the second one has been shown to be absolutely required for activity. This entry represents the PTPase domain that centre on the active site cysteine. A number of conserved residues in its immediate vicinity have also been shown to be important.</p>; <p>Protein tyrosine (pTyr) phosphorylation is a common post-translational modification which can create novel recognition motifs for protein interactions and cellular localisation, affect protein stability, and regulate enzyme activity. Consequently, maintaining an appropriate level of protein tyrosine phosphorylation is essential for many cellular functions. Tyrosine-specific protein phosphatases (PTPase; [ec:3.1.3.48]) catalyse the removal of a phosphate group attached to a tyrosine residue, using a cysteinyl-phosphate enzyme intermediate. These enzymes are key regulatory components in signal transduction pathways (such as the MAP kinase pathway) and cell cycle control, and are important in the control of cell growth, proliferation, differentiation and transformation [[cite:PUB00035793], [cite:PUB00035794]]. The PTP superfamily can be divided into four subfamilies [[cite:PUB00035795]]:</p>

<ul>
<li>(1) pTyr-specific phosphatases</li>
<li>(2) dual specificity phosphatases (dTyr and dSer/dThr)</li>
<li>(3) Cdc25 phosphatases (dTyr and/or dThr)</li>
<li>(4) LMW (low molecular weight) phosphatases</li>
</ul>

<p>Based on their cellular localisation, PTPases are also classified as:</p>

<ul>
<li>Receptor-like, which are transmembrane receptors that contain PTPase domains [[cite:PUB00035796]]</li>
<li>Non-receptor (intracellular) PTPases [[cite:PUB00035797]]</li>
</ul>

<p>All PTPases carry the highly conserved active site motif C(X)5R (PTP signature motif), employ a common catalytic mechanism, and share a similar core structure made of a central parallel β-sheet with flanking α-helices containing a β-loop-α-loop that encompasses the PTP signature motif [[cite:PUB00035798]]. Functional diversity between PTPases is endowed by regulatory domains and subunits.</p>"
2;IPR003595;"doi:10.1016/j.cell.2022.04.014
imex:IM-29493
pubmed:35512704";Protein-tyrosine phosphatase, catalytic;"<p>This entry represents the PTP-signature motif that characterises the catalytic site, and which encompasses only part of the PTPase domain structure.</p>; <p>Protein tyrosine (pTyr) phosphorylation is a common post-translational modification which can create novel recognition motifs for protein interactions and cellular localisation, affect protein stability, and regulate enzyme activity. Consequently, maintaining an appropriate level of protein tyrosine phosphorylation is essential for many cellular functions. Tyrosine-specific protein phosphatases (PTPase; [ec:3.1.3.48]) catalyse the removal of a phosphate group attached to a tyrosine residue, using a cysteinyl-phosphate enzyme intermediate. These enzymes are key regulatory components in signal transduction pathways (such as the MAP kinase pathway) and cell cycle control, and are important in the control of cell growth, proliferation, differentiation and transformation [[cite:PUB00035793], [cite:PUB00035794]]. The PTP superfamily can be divided into four subfamilies [[cite:PUB00035795]]:</p>

<ul>
<li>(1) pTyr-specific phosphatases</li>
<li>(2) dual specificity phosphatases (dTyr and dSer/dThr)</li>
<li>(3) Cdc25 phosphatases (dTyr and/or dThr)</li>
<li>(4) LMW (low molecular weight) phosphatases</li>
</ul>

<p>Based on their cellular localisation, PTPases are also classified as:</p>

<ul>
<li>Receptor-like, which are transmembrane receptors that contain PTPase domains [[cite:PUB00035796]]</li>
<li>Non-receptor (intracellular) PTPases [[cite:PUB00035797]]</li>
</ul>

<p>All PTPases carry the highly conserved active site motif C(X)5R (PTP signature motif), employ a common catalytic mechanism, and share a similar core structure made of a central parallel β-sheet with flanking α-helices containing a β-loop-α-loop that encompasses the PTP signature motif [[cite:PUB00035798]]. Functional diversity between PTPases is endowed by regulatory domains and subunits.</p>"
2;IPR038033;"imex:IM-12079
pubmed:19615732";Chromobox protein homologue 3, chromo domain;"<p>Chromobox protein homologue 3 (CBX3, also known as HP1 gamma) is a component of heterochromatin that binds histone H3 tails methylated at 'Lys-9' which leads to epigenetic repression [[cite:PUB00088107]].  By interacting with MIS12 complex, it is involved in the formation of a functional kinetochore [[cite:PUB00017161]].  It recruits NIPBL to sites of DNA damage at double-strand breaks [[cite:PUB00088108]].  It is a component of the E2F6.com-1 [[cite:PUB00087886]] and PER [[cite:PUB00088109]] complexes.  The PER complex controls the circadian clock [[cite:PUB00088109]].</p>; <p>This entry represents the CHRomatin Organization Modifier (chromo) domain of CBX3.</p>"
2;IPR002015;"imex:IM-21659
pubmed:27705803";Proteasome/cyclosome repeat;<p>A weakly conserved repeat module of unknown function, which occurs in two regulatory subunits of the 26S-proteasome and in one subunit of the anaphase-promoting complex [[cite:PUB00005789]].</p>
2;IPR041433;"imex:IM-21659
pubmed:27705803";26S proteasome non-ATPase regulatory subunit RPN1, C-terminal;<p>This is the C-terminal domain found in RPN1 proteins (26S proteasome non-ATPase regulatory subunit 2).  The 26S proteasome holocomplex consists of a 28-subunit barrel-shaped core particle (CP) in the centre capped at the top and bottom by 19-subunit regulatory particles (RPs). The CP forms the catalytic chamber and the RP is formed from two subcomplexes known as the lid and the base [[cite:PUB00091255]]. The lid comprises nine Rpn subunits in yeast (Rpn3/5/6/7/8/9/11/12/15) and the base comprises three Rpn subunits (Rpn1/2/13) and six ATPases (Rpt1-6) [[cite:PUB00091256]].</p>
2;IPR040892;"imex:IM-21659
pubmed:27705803";RPN1, N-terminal;"<p>The 26S proteasome is the major ATP-dependent protease in eukaryotes which plays a key role in intracellular protein degradation [[cite:PUB00094314], [cite:PUB00085267]].</p>; <p>This domain is found at the N terminus of the 26S proteasome regulatory subunit RPN1 (also known as 26S proteasome non-ATPase regulatory subunit 2 (PSMD2)) [[cite:PUB00094305]]. The domain is formed by an array of α-helices [[cite:PUB00059589]].</p>"
2;IPR016643;"imex:IM-21659
pubmed:27705803";26S proteasome regulatory complex, non-ATPase subcomplex, Rpn1 subunit;"<p>Intracellular proteins, including short-lived proteins such as cyclin, Mos, Myc, p53, NF-kappaB, and IkappaB, are degraded by the ubiquitin-proteasome system. The 26S proteasome is a self-compartmentalising protease responsible for the regulated degradation of intracellular proteins in eukaryotes [[cite:PUB00016866], [cite:PUB00034667]]. This giant intracellular protease is formed by several subunits arranged into two 19S polar caps, where protein recognition and ATP-dependent unfolding occur, flanking a 20S central barrel-shaped structure with an inner proteolytic chamber. This overall structure is highly conserved among eukaryotes and is essential for cell viability. Proteins targeted to the 26S proteasome are conjugated with a polyubiquitin chain by an enzymatic cascade before delivery to the 26S proteasome for degradation into oligopeptides.</p>

<p>The 26S proteasome can be divided into two subcomplexes: the 19S regulatory particle (RP) and the 20S core particle (CP) [[cite:PUB00086026]]. The 19S component is divided into a ""base"" subunit containing six ATPases (Rpt proteins) and two non-ATPases (Rpn1, Rpn2), and a ""lid"" subunit composed of eight stoichiometric proteins (Rpn3, Rpn5, Rpn6, Rpn7, Rpn8, Rpn9, Rpn11, Rpn12) [[cite:PUB00034668]]. Additional non-essential and species specific proteins may also be present. The 19S unit performs several essential functions including binding the specific protein substrates, unfolding them, cleaving the attached ubiquitin chains, opening the 20S subunit, and driving the unfolded polypeptide into the proteolytic chamber for degradation. The 26s proteasome and 19S regulator are of medical interest due to their involvement in burn rehabilitation [[cite:PUB00043308]].</p>; <p>This group represents a 26S proteasome regulatory complex, non-ATPase subcomplex, Rpn1 (regulatory-particle non-ATPase subunit 1). This subunit is essential for embryogenesis in Arabidopsis thaliana [[cite:PUB00043307]].</p>"
2;IPR017884;"imex:IM-24279
pubmed:26028330";SANT domain;"<p>The SANT domain is a motif of ~50 amino acids present in proteins involved in chromatin-remodelling and transcription regulation. This eukaryotic domain was identified in nuclear receptor co-repressors and named after switching-defective protein 3 (Swi3), adaptor 2 (Ada2), nuclear receptor co-repressor (N-CoR) and transcription factor (TF)IIIB [[cite:PUB00005459]]. Although SANT domains show remarkable sequence and structural similarity to the DNA-binding helix-turn-helix (HTH) domain of the myb-like tandem repeat, their function is not DNA binding. Instead, SANT domains are protein-protein interaction modules and some can bind to histone tails (e.g. in Ada2 and SMRT). The SANT domain has been proposed to function as a histone-interaction module that couples histone-tail binding to enzyme catalysis for the remodelling of nucleosomes [[cite:PUB00029414], [cite:PUB00043689]].</p>

<p>SANT domains are found in combination with other domains, such as the SWIRM domain ([interpro:IPR007526]), the ZZ-type zinc finger (see [interpro:IPR000433]), the C2H2-type zinc finger, the GATA-type zinc finger ([interpro:IPR000679]), the MPN-domain and DEAH ATP-helicase domain.</p>"
2;IPR040138;"imex:IM-24279
pubmed:26028330";Mesoderm induction early response protein/metastasis-associated protein;"<p>MTA (metastasis-associated) proteins, including MTA1-3, are transcriptional co-repressors that function in histone deacetylation and are involved in the NuRD complex. Nevertheless, MTA1 and MTA2 have been shown to deacetylate non-histone proteins, such as p53. The expression of MTA proteins have been linked to human cancers [[cite:PUB00088145]].</p>; <p>Mesoderm induction early response proteins (MIER1-3) are ELM2-SANT domain-containing proteins. MIER1 functions as a transcriptional repressor through its ability to recruit HDAC1/2 activity[[cite:PUB00033720]]. The function of MIER2 and MIER3 is not clear [[cite:PUB00090576]].</p>"
2;IPR035170;"imex:IM-24279
pubmed:26028330";Metastasis-associated protein MTA1, R1 domain;<p>The R1 domain is found in the MTA1 protein and its homologues. The domain is composed of 4 α helices. It has been shown to bind to the RBBP4 protein [[cite:PUB00085227]]. The MTA proteins contain a second partial copy of this domain called R2. The R2 domain is matched by this model for some proteins.</p>
2;IPR043151;"imex:IM-24279
pubmed:26028330";Bromo adjacent homology (BAH) domain superfamily;"<p>This superfamily represents the BAH (bromo-adjacent homology) domain.</p>; <p>The BAH (bromo-adjacent homology) is commonly found in chromatin-associated proteins [[cite:PUB00068988]]. It is found in proteins such as eukaryotic DNA (cytosine-5) methyltransferases [interpro:IPR001525], the origin recognition complex 1 (Orc1) proteins, as well as several proteins involved in transcriptional regulation. The BAH domain appears to act as a protein-protein interaction module specialised in gene silencing, as suggested for example by its interaction within yeast Orc1p with the silent information regulator Sir1p. The BAH module might therefore play an important role by linking DNA methylation, replication and transcriptional regulation [[cite:PUB00001720]].</p>"
2;IPR001025;"imex:IM-24279
pubmed:26028330";Bromo adjacent homology (BAH) domain;<p>The BAH (bromo-adjacent homology) is commonly found in chromatin-associated proteins [[cite:PUB00068988]]. It is found in proteins such as eukaryotic DNA (cytosine-5) methyltransferases [interpro:IPR001525], the origin recognition complex 1 (Orc1) proteins, as well as several proteins involved in transcriptional regulation. The BAH domain appears to act as a protein-protein interaction module specialised in gene silencing, as suggested for example by its interaction within yeast Orc1p with the silent information regulator Sir1p. The BAH module might therefore play an important role by linking DNA methylation, replication and transcriptional regulation [[cite:PUB00001720]].</p>
2;IPR000949;"imex:IM-24279
pubmed:26028330";ELM2 domain;<p>The ELM2 (Egl-27 and MTA1 homology 2) domain is a small domain of unknown function. It is found in the MTA1 protein that is part of the NuRD complex [[cite:PUB00009422]]. The domain is usually found to the N terminus of a myb-like DNA binding domain and a GATA binding domain. ELM2, in some instances, is also found associated with the ARID DNA binding domain [interpro:IPR001606]. This suggests that ELM2 may also be involved in DNA binding, or perhaps is a protein-protein interaction domain.</p>
2;IPR013790;"doi:10.1016/j.cell.2022.04.014
imex:IM-29493
pubmed:35512704";SMAD/Dwarfins;"<p>Receptor-regulated SMAD (R-SMAD) proteins, also known as mammalian dwarfins, are intracellular signal transducers and transcriptional modulators that are phosphorylated in response to transforming growth factor-beta (TGF-β) and activin type I receptor kinases and are implicated in the control of cell growth. They bind TGF-β response elements (TREs) in the promoter regions of many TGF-β-regulated genes and, upon formation of SMAD2/SMAD4 complexes, activate transcription, including TGFB1-mediated induction of odontoblastic differentiation genes in dental papilla cells (by similarity). In addition, R-SMADs positively regulate PDPK1 kinase activity by promoting its dissociation from the inhibitory 14-3-3 protein YWHAQ and may act as tumour suppressors in colorectal carcinoma [[cite:PUB00017916]]. The mammalian dwarfin/SMAD family also includes the Drosophila protein MAD, which is required for the function of decapentaplegic (DPP) and participates in DPP signalling; Drosophila Mad binds DNA and directly mediates activation of vestigial by Dpp [[cite:PUB00004902], [cite:PUB00097244]]. A related SMAD domain is also present in nuclear factor I (NF-I), also known as CCAAT box-binding transcription factor (CTF) [[cite:PUB00004255], [cite:PUB00097273]].</p>"
2;IPR036578;"doi:10.1016/j.cell.2022.04.014
imex:IM-29493
pubmed:35512704";SMAD MH1 domain superfamily;"<p>Smad proteins are signal transducers and transcriptional comodulators of TGF-beta superfamily ligands, which regulate key cellular processes such as proliferation, differentiation, and developmental fate. Ligand binding to transmembrane receptor kinases induces receptor oligomerisation and phosphorylation of receptor-regulated Smads (R-Smads), including Smad1, Smad5, and Smad8 for BMP signalling, and Smad2 and Smad3 for activin and TGF-beta signalling. Phosphorylated R-Smads form heteromeric complexes with Smad4 that accumulate in the nucleus and act as gene-specific transcription factors, while inhibitory Smads (Smad6 and Smad7) antagonise this pathway. Smad proteins contain two conserved MAD homology domains, one in the N-terminal region (MH1) and one in the C-terminal region (MH2), separated by a proline-rich linker; the MH1 domain mediates DNA binding and negatively regulates MH2, whereas the C-terminal MH2 domain mediates transactivation and phosphorylation-dependent complex assembly with Smad4 and R-Smads. [[cite:PUB00017053], [cite:PUB00010680]].</p>"
2;IPR013019;"doi:10.1016/j.cell.2022.04.014
imex:IM-29493
pubmed:35512704";MAD homology, MH1;"<p>This entry represents a MAD homology 1 (MH1) domain in the N-terminal region of Smad proteins (mH1).</p>; <p>Smad proteins are signal transducers and transcriptional comodulators of TGF-beta superfamily ligands, which regulate key cellular processes such as proliferation, differentiation, and developmental fate. Ligand binding to transmembrane receptor kinases induces receptor oligomerisation and phosphorylation of receptor-regulated Smads (R-Smads), including Smad1, Smad5, and Smad8 for BMP signalling, and Smad2 and Smad3 for activin and TGF-beta signalling. Phosphorylated R-Smads form heteromeric complexes with Smad4 that accumulate in the nucleus and act as gene-specific transcription factors, while inhibitory Smads (Smad6 and Smad7) antagonise this pathway. Smad proteins contain two conserved MAD homology domains, one in the N-terminal region (MH1) and one in the C-terminal region (MH2), separated by a proline-rich linker; the MH1 domain mediates DNA binding and negatively regulates MH2, whereas the C-terminal MH2 domain mediates transactivation and phosphorylation-dependent complex assembly with Smad4 and R-Smads. [[cite:PUB00017053], [cite:PUB00010680]].</p>"
2;IPR017855;"doi:10.1016/j.cell.2022.04.014
imex:IM-29493
pubmed:35512704";SMAD-like domain superfamily;"<p>This superfamily represents SMAD (Mothers against decapentaplegic (MAD) homolog) (also called MH2 for MAD homology 2) domains as well as their structural homologues, such as the transactivation domain of interferon regulatory protein 3 (IRF3), both of which have a β-sandwich structural fold.</p>

<p>SMAD domains are found at the C terminus of MAD related proteins such as Smads. SMAD domain proteins are found in a range of species from nematodes to humans. These highly conserved proteins contain an N-terminal MH1 domain that contacts DNA, and is separated by a short linker region from the C-terminal MH2 domain, the later showing a striking similarity to FHA domains. SMAD proteins mediate signalling by the TGF-beta/activin/BMP-2/4 cytokines from receptor Ser/Thr protein kinases at the cell surface to the nucleus. SMAD proteins fall into three functional classes: the receptor-regulated SMADs (R-SMADs), including SMAD1, -2, -3, -5, and -8, each of which is involved in a ligand-specific signalling pathway [[cite:PUB00010680]]; the co-mediator SMADs (co-SMADs), including SMAD4, which interact with R-SMADs to participate in signalling [[cite:PUB00010681]]; and the inhibitory SMADs (I-SMADs), including SMAD6 and -7, which block the activation of R-SMADs and Co-SMADs, thereby negatively regulating signalling pathways [[cite:PUB00010682]].</p>"
2;IPR001132;"doi:10.1016/j.cell.2022.04.014
imex:IM-29493
pubmed:35512704";SMAD domain;"<p>This entry represents the SMAD (Mothers against decapentaplegic (MAD) homologue) (also called MH2 for MAD homology 2) domain found at the C-terminal of MAD related proteins such as Smads. This domain is separated from the MH1 domain by a non-conserved linker region. The MH2 domain mediates interaction with a wide variety of proteins and provides specificity and selectivity to Smad function and also is critical for mediating interactions in Smad oligomers. Unlike MH1, MH2 does not bind DNA. The well-studied MH2 domain of Smad4 is composed of five α helices and three loops enclosing a β sandwich [[cite:PUB00004902], [cite:PUB00004255], [cite:PUB00019858]].</p>; <p>Receptor-regulated SMAD (R-SMAD) proteins, also known as mammalian dwarfins, are intracellular signal transducers and transcriptional modulators that are phosphorylated in response to transforming growth factor-beta (TGF-β) and activin type I receptor kinases and are implicated in the control of cell growth. They bind TGF-β response elements (TREs) in the promoter regions of many TGF-β-regulated genes and, upon formation of SMAD2/SMAD4 complexes, activate transcription, including TGFB1-mediated induction of odontoblastic differentiation genes in dental papilla cells (by similarity). In addition, R-SMADs positively regulate PDPK1 kinase activity by promoting its dissociation from the inhibitory 14-3-3 protein YWHAQ and may act as tumour suppressors in colorectal carcinoma [[cite:PUB00017916]]. The mammalian dwarfin/SMAD family also includes the Drosophila protein MAD, which is required for the function of decapentaplegic (DPP) and participates in DPP signalling; Drosophila Mad binds DNA and directly mediates activation of vestigial by Dpp [[cite:PUB00004902], [cite:PUB00097244]]. A related SMAD domain is also present in nuclear factor I (NF-I), also known as CCAAT box-binding transcription factor (CTF) [[cite:PUB00004255], [cite:PUB00097273]].</p>"
2;IPR009072;"imex:IM-28767
pubmed:35140242";Histone-fold;"<p>Histones mediate DNA organisation and play a dominant role in regulating eukaryotic transcription. The histone-fold consists of a core of three helices, where the long middle helix is flanked at each end by shorter ones. The histone fold is a structural element that facilitates heterodimerisation [[cite:PUB00060941], [cite:PUB00060942], [cite:PUB00039806]]. Proteins displaying this structure include the nucleosome core histones, which form octomers composed of two copies of each of the four histones, H2A, H2B, H3 and H4; archaeal histone, which possesses only the core domain part of eukaryotic histone; and the TATA-box binding protein (TBP)-associated factors (TAF), where the histone fold is a common motif for mediating TAF-TAF interactions. TAF proteins include TAF(II)18 and TAF(II)28, which form a heterodimer, TAF(II)42 and TAF(II)62, which form a heterotetramer similar to (H3-H4)2, and the negative cofactor 2 (NC2) alpha and beta chains, which form a heterodimer. The TAF proteins are a component of transcription factor IID (TFIID), along with the TBP protein. TFIID forms part of the pre-initiation complex on core promoter elements required for RNA polymerase II-dependent transcription. The TAF subunits of TFIID mediate transcriptional activation of subsets of eukaryotic genes. The NC2 complex mediates the inhibition of TATA-dependent transcription through interactions with TBP.</p>"
2;IPR007125;"imex:IM-28767
pubmed:35140242";Core Histone H2A/H2B/H3 domain;"<p>Five major families of histones exist: H1/H5, H2A, H2B, H3, and H4 [[cite:PUB00066796]]. Histones H2A, H2B, H3 and H4 are known as the core histones, while histones H1 and H5 are known as the linker histones. The core histones together with some other DNA binding proteins form a superfamily defined by a common fold and distant sequence similarities [[cite:PUB00005743], [cite:PUB00005777]]. Some proteins contain local homology domains related to the histone fold [[cite:PUB00004260]].</p>

<p>This entry represents a domain found in histones H2A, H2B and H3. This domain can also be found in transcription factors, such as OsNF-YC2 from rice [[cite:PUB00094278]].</p>"
2;IPR050568;"imex:IM-28767
pubmed:35140242";Transcription/DNA replication regulator;<p>The protein family is involved in various aspects of transcriptional regulation and DNA replication. Members of the family function as components of larger complexes that interact with DNA and transcription factors to modulate gene expression [[cite:PUB00077862], [cite:PUB00155173], [cite:PUB00155174], [cite:PUB00093952]]. Some members, like Nuclear transcription factor Y subunit gamma, recognise specific DNA motifs, such as the CCAAT box, and are involved in the activation or repression of gene transcription. Others participate in chromosomal DNA replication, contributing to the synthesis of DNA strands and ensuring replication fidelity through proofreading exonuclease activity. The family also includes proteins that regulate the accessibility of chromatin by promoting nucleosome sliding, thus facilitating transcription and DNA repair. Overall, the family plays critical roles in maintaining cellular functions by regulating the expression of genes and ensuring the accurate replication of the genome.</p>
2;IPR056807;"doi:10.1016/j.cell.2021.04.011
imex:IM-29278
pubmed:33961781";FHL1/2/3/5, N-terminal LIM domain;<p>This entry represents the N-terminal LIM domain of Four and a half LIM domains proteins 1/2/3/5 (FHL1/2/3/5) and related animal sequences. FHL3 is recruited by SOX15 to FOXK1 promoters where it acts as a transcriptional coactivator of FOXK1. FHL2 may function as a molecular transmitter linking various signalling pathways to transcriptional regulation. It inhibits the transcriptional activity of FOXO1 and its apoptotic function by enhancing the interaction of FOXO1 with SIRT1 and OXO1 deacetylation [[cite:PUB00159909]].</p>
2;IPR001781;"doi:10.1016/j.cell.2021.04.011
imex:IM-29278
pubmed:33961781";Zinc finger, LIM-type;"<p>This entry represents LIM-type zinc finger (Znf) domains. LIM domains coordinate one or more zinc atoms, and are named after the three proteins (LIN-11, Isl1 and MEC-3) in which they were first found. They consist of two zinc-binding motifs that resemble GATA-like Znf's, however the residues holding the zinc atom(s) are variable, involving Cys, His, Asp or Glu residues.  LIM domains are involved in proteins with differing functions, including gene expression, and cytoskeleton organisation and development [[cite:PUB00004063], [cite:PUB00004517]].  Protein containing LIM Znf domains include:</p>

<ul>
<li>Caenorhabditis elegans mec-3; a protein required for the differentiation of the set of six touch receptor neurons in this nematode.</li>
<li>C. elegans. lin-11; a protein required for the asymmetric division of vulval blast cells.</li>
<li>Vertebrate insulin gene enhancer binding protein isl-1. Isl-1 binds to one of the two cis-acting protein-binding domains of the insulin gene.</li>
<li>Vertebrate homeobox proteins lim-1, lim-2 (lim-5) and lim3.</li>
<li>Vertebrate lmx-1, which acts as a transcriptional activator by binding to the FLAT element; a beta-cell-specific transcriptional enhancer found in the insulin gene.</li>
<li>Mammalian LH-2, a transcriptional regulatory protein involved in the control of cell differentiation in developing lymphoid and neural cell types.</li>
<li>Drosophila melanogaster (Fruit fly) protein apterous, required for the normal development of the wing and halter imaginal discs.</li>
<li>Vertebrate protein kinases LIMK-1 and LIMK-2.</li>
<li>Mammalian rhombotins. Rhombotin 1 (RBTN1 or TTG-1) and rhombotin-2 (RBTN2 or TTG-2) are proteins of about 160 amino acids whose genes are disrupted by chromosomal translocations in T-cell leukemia.</li>
<li>Mammalian and avian cysteine-rich protein (CRP), a 192 amino-acid protein of unknown function. Seems to interact with zyxin.</li>
<li>Mammalian cysteine-rich intestinal protein (CRIP), a small protein which seems to have a role in zinc absorption and may function as an intracellular zinc transport protein.</li>
<li>Vertebrate paxillin, a cytoskeletal focal adhesion protein.</li>
<li>Mus musculus (Mouse) testin which should not be confused with rat testin which is a thiol protease homologue (see [interpro:IPR000169]).</li>
<li>Helianthus annuus (Common sunflower) pollen specific protein SF3.</li>
<li>Chicken zyxin. Zyxin is a low-abundance adhesion plaque protein which has been shown to interact with CRP.</li>
<li>Yeast protein LRG1 which is involved in sporulation [[cite:PUB00004454]].</li>
<li>Saccharomyces cerevisiae (Baker's yeast) rho-type GTPase activating protein RGA1/DBM1.</li>
<li>C. elegans homeobox protein ceh-14.</li>
<li>C. elegans homeobox protein unc-97.</li>
<li>S. cerevisiae hypothetical protein YKR090w.</li>
<li>C. elegans hypothetical proteins C28H8.6.</li>
</ul>

<p>These proteins generally contain two tandem copies of the LIM domain in their N-terminal section. Zyxin and paxillin are exceptions in that they contain respectively three and four LIM domains at their C-terminal extremity. In apterous, isl-1, LH-2, lin-11, lim-1 to lim-3, lmx-1 and ceh-14 and mec-3 there is a homeobox domain some 50 to 95 amino acids after the LIM domains.</p>

<p>LIM domains contain seven conserved cysteine residues and a histidine. The arrangement followed by these conserved residues is:</p>

<pre>
C-x(2)-C-x(16,23)-H-x(2)-[CH]-x(2)-C-x(2)-C-x(16,21)-C-x(2,3)-[CHD]
</pre>

<p>LIM domains bind two zinc ions [[cite:PUB00004815]]. LIM does not bind DNA, rather it seems to act as an interface for protein-protein interaction.</p>"
2;IPR020604;"imex:IM-28767
pubmed:35140242";CTF transcription factor/nuclear factor 1, DNA-binding domain;"<p>Nuclear factor I (NF-I) or CCAAT box-binding transcription factor (CTF) [[cite:PUB00000833], [cite:PUB00004374], [cite:PUB00097186]] (also known as TGGCA-binding proteins) are a family of vertebrate nuclear proteins which recognise and bind, as dimers, the palindromic DNA sequence 5'-TGGCANNNTGCCA-3'. This family was first described for its role in stimulating the initiation of adenovirus DNA replication [[cite:PUB00004597]]. In vertebrates there are four members NFIA, NFIB, NFIC, and NFIX and an orthologue from Caenorhabditis elegans has been described, called Nuclear factor I family protein (NFI-I) [[cite:PUB00097185]]. The CTF/NF-I proteins are individually capable of activating transcription and DNA replication, thus they function by regulating cell proliferation and differentiation. They are involved in normal development and have been associated with developmental abnormalities and cancer in humans [[cite:PUB00097186]]. In a given species, there are a large number of different CTF/NF-I proteins, generated both by alternative splicing and by the occurrence of four different genes. CTF/NF-1 proteins contain 400 to 600 amino acids. The N-terminal 200 amino-acid sequence, almost perfectly conserved in all species and genes sequenced, mediates site-specific DNA recognition, protein dimerisation and Adenovirus DNA replication. The C-terminal 100 amino acids contain the transcriptional activation domain. This activation domain is the target of gene expression regulatory pathways elicited by growth factors and it interacts with basal transcription factors and with histone H3 [[cite:PUB00001922]].</p>; <p>This entry represents the 200 amino-acid DNA-binding domain found in N-terminal of CTF/NF1 proteins. It mediates site-specific DNA recognition, protein dimerisation and Adenovirus DNA replication. The CTF/NF-I DNA-binding domain contains four conserved Cys residues, which are required for its DNA-binding activity [[cite:PUB00017915]].</p>"
2;IPR019739;"imex:IM-28767
pubmed:35140242";CTF transcription factor/nuclear factor 1, conserved site;"<p>Nuclear factor I (NF-I) or CCAAT box-binding transcription factor (CTF) [[cite:PUB00000833], [cite:PUB00004374], [cite:PUB00097186]] (also known as TGGCA-binding proteins) are a family of vertebrate nuclear proteins which recognise and bind, as dimers, the palindromic DNA sequence 5'-TGGCANNNTGCCA-3'. This family was first described for its role in stimulating the initiation of adenovirus DNA replication [[cite:PUB00004597]]. In vertebrates there are four members NFIA, NFIB, NFIC, and NFIX and an orthologue from Caenorhabditis elegans has been described, called Nuclear factor I family protein (NFI-I) [[cite:PUB00097185]]. The CTF/NF-I proteins are individually capable of activating transcription and DNA replication, thus they function by regulating cell proliferation and differentiation. They are involved in normal development and have been associated with developmental abnormalities and cancer in humans [[cite:PUB00097186]]. In a given species, there are a large number of different CTF/NF-I proteins, generated both by alternative splicing and by the occurrence of four different genes. CTF/NF-1 proteins contain 400 to 600 amino acids. The N-terminal 200 amino-acid sequence, almost perfectly conserved in all species and genes sequenced, mediates site-specific DNA recognition, protein dimerisation and Adenovirus DNA replication. The C-terminal 100 amino acids contain the transcriptional activation domain. This activation domain is the target of gene expression regulatory pathways elicited by growth factors and it interacts with basal transcription factors and with histone H3 [[cite:PUB00001922]].</p>; <p>This entry represents a specific signature for this family of proteins, which includes the four vertebrate members NFIA, NFIB, NFIC and NFIX. The signature is a perfectly conserved, highly charged 12-residue peptide located in the DNA-binding domain of CTF/NF-I.  It does not contain the four conserved Cys residues, which are required for its DNA-binding activity [[cite:PUB00017915]].</p>"
2;IPR000647;"imex:IM-28767
pubmed:35140242";CTF transcription factor/nuclear factor 1;<p>Nuclear factor I (NF-I) or CCAAT box-binding transcription factor (CTF) [[cite:PUB00000833], [cite:PUB00004374], [cite:PUB00097186]] (also known as TGGCA-binding proteins) are a family of vertebrate nuclear proteins which recognise and bind, as dimers, the palindromic DNA sequence 5'-TGGCANNNTGCCA-3'. This family was first described for its role in stimulating the initiation of adenovirus DNA replication [[cite:PUB00004597]]. In vertebrates there are four members NFIA, NFIB, NFIC, and NFIX and an orthologue from Caenorhabditis elegans has been described, called Nuclear factor I family protein (NFI-I) [[cite:PUB00097185]]. The CTF/NF-I proteins are individually capable of activating transcription and DNA replication, thus they function by regulating cell proliferation and differentiation. They are involved in normal development and have been associated with developmental abnormalities and cancer in humans [[cite:PUB00097186]]. In a given species, there are a large number of different CTF/NF-I proteins, generated both by alternative splicing and by the occurrence of four different genes. CTF/NF-1 proteins contain 400 to 600 amino acids. The N-terminal 200 amino-acid sequence, almost perfectly conserved in all species and genes sequenced, mediates site-specific DNA recognition, protein dimerisation and Adenovirus DNA replication. The C-terminal 100 amino acids contain the transcriptional activation domain. This activation domain is the target of gene expression regulatory pathways elicited by growth factors and it interacts with basal transcription factors and with histone H3 [[cite:PUB00001922]].</p>
2;IPR019548;"imex:IM-28767
pubmed:35140242";CTF transcription factor/nuclear factor 1, N-terminal;"<p>Nuclear factor I (NF-I) or CCAAT box-binding transcription factor (CTF) [[cite:PUB00000833], [cite:PUB00004374], [cite:PUB00097186]] (also known as TGGCA-binding proteins) are a family of vertebrate nuclear proteins which recognise and bind, as dimers, the palindromic DNA sequence 5'-TGGCANNNTGCCA-3'. This family was first described for its role in stimulating the initiation of adenovirus DNA replication [[cite:PUB00004597]]. In vertebrates there are four members NFIA, NFIB, NFIC, and NFIX and an orthologue from Caenorhabditis elegans has been described, called Nuclear factor I family protein (NFI-I) [[cite:PUB00097185]]. The CTF/NF-I proteins are individually capable of activating transcription and DNA replication, thus they function by regulating cell proliferation and differentiation. They are involved in normal development and have been associated with developmental abnormalities and cancer in humans [[cite:PUB00097186]]. In a given species, there are a large number of different CTF/NF-I proteins, generated both by alternative splicing and by the occurrence of four different genes. CTF/NF-1 proteins contain 400 to 600 amino acids. The N-terminal 200 amino-acid sequence, almost perfectly conserved in all species and genes sequenced, mediates site-specific DNA recognition, protein dimerisation and Adenovirus DNA replication. The C-terminal 100 amino acids contain the transcriptional activation domain. This activation domain is the target of gene expression regulatory pathways elicited by growth factors and it interacts with basal transcription factors and with histone H3 [[cite:PUB00001922]].</p>; <p>This entry represents the N terminus, of which 200 residues contain the DNA-binding and dimerisation domain, but also has an 8-47 residue highly conserved region 5' of this, whose function is not known. Deletion of the N-terminal 200 amino acids removes the DNA-binding activity, dimerisation-ability and the stimulation of adenovirus DNA replication [[cite:PUB00004374]].</p>"
2;IPR007718;"imex:IM-30059
pubmed:39251607";Srp40, C-terminal;<p>This presumed domain is found at the C terminus of the budding yeast Srp40 and mammalian NOLC1 (also known as Nopp140) proteins. They are nucleolar proteins that contain a central domain consisting of ten repeats of acidic serine clusters alternating with lysine-, alanine- and proline-rich basic stretches [[cite:PUB00089268]]. Srp40 may be involved in preribosome assembly or transport [[cite:PUB00020370]]. Human NOLC1 interacts with casein kinase 2 (CK2), RNA polymerase I, p80 coilin , NAP57, and both major classes (box H/ACA and box C/D) of snoRNPs [[cite:PUB00089268]]. It acts as a regulator of RNA polymerase I by connecting RNA polymerase I with enzymes responsible for ribosomal processing and modification [[cite:PUB00089266], [cite:PUB00089267]].</p>
2;IPR039191;"imex:IM-30059
pubmed:39251607";Nopp140-like;"<p><P>This entry includes mammalian NOLC1 (also known as Nopp140) and its orthologue dao-5 from C.elegans. They are nucleolar proteins that contain a central domain consisting of ten repeats of acidic serine clusters alternating with lysine-, alanine- and proline-rich basic stretches [[cite:PUB00089268]]. Human NOLC1 interacts with casein kinase 2 (CK2), RNA polymerase I, p80 coilin , NAP57, and both major classes (box H/ACA and box C/D) of snoRNPs [[cite:PUB00089268]]. It acts as a regulator of RNA polymerase I by connecting RNA polymerase I with enzymes responsible for ribosomal processing and modification [[cite:PUB00089266], [cite:PUB00089267]].</P></p>

<p>Mutations of the Dao-5 gene alters rDNA transcription and increases germ cell apoptosis in C. elegans [[cite:PUB00090161]]. It binds to RNA polymerase I and rDNA and is required for efficient RNA polymerase I-mediated rDNA transcription. It also plays a role in the modulation of nucleolus size [[cite:PUB00155152]].</p>"
2;IPR006594;"imex:IM-30059
pubmed:39251607";LIS1 homology motif;"<p>The 33-residue LIS1 homology (LisH) motif is found in eukaryotic intracellular proteins involved in microtubule dynamics, cell migration, nucleokinesis and chromosome segregation. The LisH motif is likely to possess a conserved protein-binding function and it has been proposed that LisH motifs contribute to the regulation of microtubule dynamics, either by mediating dimerisation, or else by binding cytoplasmic dynein heavy chain or microtubules directly. The LisH motif is found associated to other domains, such as WD-40, SPRY, Kelch, AAA ATPase, RasGEF, or HEAT
[[cite:PUB00007968], [cite:PUB00011841], [cite:PUB00011842], [cite:PUB00020892]].</p>

<p>The secondary structure of the LisH domain is predicted to adopt a two α-helices fold [[cite:PUB00007968]].</p>"
2;IPR022052;"imex:IM-12079
pubmed:19615732";Histone-binding protein RBBP4-like, N-terminal;"<p>This entry rerpesnts the N-terminal domain of the histone-binding protein RBBP4. Proteins containing this domain include members from the WD repeat RBAP46 (RBBP7)/RBAP48(RBBP4)/MSI1 family.</p>


<p>RBBP4 is a subunit of the chromatin assembly factor 1 (CAF-1) complex. The CAF-1 complex is a conserved heterotrimeric protein complex that promotes histone H3 and H4 deposition onto newly synthesized DNA during replication or DNA repair; specifically it facilitates replication-dependent nucleosome assembly with the major histone H3 (H3.1). This domain is an α helix which sits just upstream of the WD40 seven-bladed β-propeller in the human RBBP7  protein. RBBP7 folds into the β-propeller and binds histone H4 in a groove formed between this N-terminal helix and an extended loop inserted into blade six [[cite:PUB00050984]].</p>"
2;IPR050459;"imex:IM-12079
pubmed:19615732";WD repeat RBAP46/RBAP48/MSI1;<p>The WD repeat RBAP46/RBAP48/MSI1 family is involved in chromatin metabolism and regulation. Members of this family function as core histone-binding subunits targeting chromatin assembly factors, chromatin remodeling factors, and histone deacetylases to histone substrates, regulated by nucleosomal DNA. They are components of several complexes, including the type B histone acetyltransferase (HAT-B) complex for chromatin assembly post-DNA replication, the core histone deacetylase (HDAC) complex for transcriptional repression, the NuRD complex for transcriptional repression through histone deacetylation and nucleosome remodeling, and the PRC2/EED-EZH2 complex for homeotic gene repression during development. Additionally, they play roles in telomeric silencing, meiotic regulation, and various developmental processes by maintaining transcriptionally repressive states of genes.</p>
2;IPR001878;"imex:IM-30059
pubmed:39251607";Zinc finger, CCHC-type;"<p>This entry represents the CysCysHisCys (CCHC) type zinc finger domains, and have the sequence:</p>
<pre>
C-X2-C-X4-H-X4-C
</pre>
<p>where X can be any amino acid, and number indicates the number of residues. These 18 residues CCHC zinc finger domains are mainly found in the nucleocapsid protein of retroviruses. It is required for viral genome packaging and for early infection process [[cite:PUB00035815], [cite:PUB00035816], [cite:PUB00035817]]. It is also found in eukaryotic proteins involved in RNA binding or single-stranded DNA binding [[cite:PUB00035818]].</p>; <p>Zinc finger (Znf) domains are relatively small protein motifs which contain multiple finger-like protrusions that make tandem contacts with their target molecule. Some of these domains bind zinc, but many do not; instead, they bind other metals, such as iron, or no metal at all. For example, some family members form salt bridges to stabilise the finger-like folds. They were first identified as a DNA-binding motif in transcription factor TFIIIA from Xenopus laevis (African clawed frog); however, they are now recognised to bind DNA, RNA, protein and/or lipid substrates [[cite:PUB00035807], [cite:PUB00035805], [cite:PUB00035806], [cite:PUB00035804], [cite:PUB00014077]]. Their binding properties depend on the amino acid sequence of the finger domains and of the linker between fingers, as well as on the higher-order structures and the number of fingers. Znf domains are often found in clusters, where fingers can have different binding specificities. There are many superfamilies of Znf motifs, varying in both sequence and structure. They display considerable versatility in binding modes, even between members of the same class (e.g., some bind DNA, others protein), suggesting that Znf motifs are stable scaffolds that have evolved specialised functions. For example, Znf-containing proteins function in gene transcription, translation, mRNA trafficking, cytoskeleton organisation, epithelial development, cell adhesion, protein folding, chromatin remodelling and zinc sensing, to name but a few [[cite:PUB00035812]]. Zinc-binding motifs are stable structures, and they rarely undergo conformational changes upon binding their target.</p>"
2;IPR036875;"imex:IM-30059
pubmed:39251607";Zinc finger, CCHC-type superfamily;"<p>Zinc finger (Znf) domains are relatively small protein motifs which contain multiple finger-like protrusions that make tandem contacts with their target molecule. Some of these domains bind zinc, but many do not; instead, they bind other metals, such as iron, or no metal at all. For example, some family members form salt bridges to stabilise the finger-like folds. They were first identified as a DNA-binding motif in transcription factor TFIIIA from Xenopus laevis (African clawed frog); however, they are now recognised to bind DNA, RNA, protein and/or lipid substrates [[cite:PUB00035807], [cite:PUB00035805], [cite:PUB00035806], [cite:PUB00035804], [cite:PUB00014077]]. Their binding properties depend on the amino acid sequence of the finger domains and of the linker between fingers, as well as on the higher-order structures and the number of fingers. Znf domains are often found in clusters, where fingers can have different binding specificities. There are many superfamilies of Znf motifs, varying in both sequence and structure. They display considerable versatility in binding modes, even between members of the same class (e.g., some bind DNA, others protein), suggesting that Znf motifs are stable scaffolds that have evolved specialised functions. For example, Znf-containing proteins function in gene transcription, translation, mRNA trafficking, cytoskeleton organisation, epithelial development, cell adhesion, protein folding, chromatin remodelling and zinc sensing, to name but a few [[cite:PUB00035812]]. Zinc-binding motifs are stable structures, and they rarely undergo conformational changes upon binding their target.</p>; <p>This entry represents the CysCysHisCys (CCHC) type zinc finger domains superfamily, and have the sequence:</p>
<pre>
C-X2-C-X4-H-X4-C
</pre>
<p>where X can be any amino acid, and number indicates the number of residues. These 18 residues CCHC zinc finger domains are mainly found in the nucleocapsid protein of retroviruses. It is required for viral genome packaging and for early infection process [[cite:PUB00035815], [cite:PUB00035816], [cite:PUB00035817]]. It is also found in eukaryotic proteins involved in RNA binding or single-stranded DNA binding [[cite:PUB00035818]].</p>"
2;IPR034651;"imex:IM-30059
pubmed:39251607";SRSF7, RNA recognition motif;<p>This entry represents the RNA recognition motif (RRM) of SRSF7 (also termed splicing factor 9G8),  which is a splicing regulatory serine/arginine (SR) protein that plays a crucial role in both constitutive splicing and alternative splicing of many pre-mRNAs [[cite:PUB00083860]]. Its localization and functions are tightly regulated by phosphorylation. SRSF7 is predominantly present in the nucleus and can shuttle between nucleus and cytoplasm. It cooperates with the export protein, Tap/NXF1, helps mRNA export to the cytoplasm, and enhances the expression of unspliced mRNA  [[cite:PUB00083861]]. SRSF7 inhibits tau E10 inclusion through directly interacting with the proximal downstream intron of E10, a clustering region for frontotemporal dementia with Parkinsonism (FTDP) mutations [[cite:PUB00083862]].</p>
2;IPR036960;"imex:IM-28767
pubmed:35140242";T-box superfamily;"<p>Transcription factors of the T-box family are required both for early cell-fate decisions, such as those necessary for formation of the basic vertebrate body plan, and for differentiation and organogenesis [[cite:PUB00007157]]. The T-box is defined as the minimal region within the T-box protein that is both necessary and sufficient for sequence-specific DNA binding, all members of the family so far examined bind to the DNA consensus sequence TCACACCT. The T-box is a relatively large DNA-binding domain, generally comprising about a third of the entire protein (17-26kDa) [[cite:PUB00004265]].</p>

<p>These genes were uncovered on the basis of similarity to the DNA binding domain [[cite:PUB00000739]] of Mus musculus (Mouse) Brachyury (T) gene product, which similarity is the defining feature of the family. The Brachyury gene is named for its phenotype, which was identified 70 years ago as a mutant mouse strain with a short blunted tail. The gene, and its paralogues, have become a well-studied model for the family, and hence much of what is known about the T-box family is derived from the murine Brachyury gene.</p>

<p>Consistent with its nuclear location, Brachyury protein has a sequence-specific DNA-binding activity and can act as a transcriptional regulator [[cite:PUB00001985]]. Homozygous mutants for the gene undergo extensive developmental anomalies, thus rendering the mutation lethal [[cite:PUB00006158]]. The postulated role of Brachyury is as a transcription factor, regulating the specification and differentiation of posterior mesoderm during gastrulation in a dose-dependent manner [[cite:PUB00000739]].</p>

<p>T-box proteins tend to be expressed in specific organs or cell types, especially during development, and they are generally required for the development of those tissues, for example, Brachyury is expressed in posterior mesoderm and in the developing notochord, and it is required for the formation of these cells in mice [[cite:PUB00005531]].</p>"
2;IPR001699;"imex:IM-28767
pubmed:35140242";T-box transcription factor;"<p>Transcription factors of the T-box family are required both for early cell-fate decisions, such as those necessary for formation of the basic vertebrate body plan, for differentiation and organogenesis [[cite:PUB00007157]] and also have been associated to multiple aspects of development and in adult terminal cell-type differentiation in different animal lineages [[cite:PUB00099961]]. The T-box is defined as the minimal region within the T-box protein that is both necessary and sufficient for sequence-specific DNA binding, all members of the family so far examined bind to the DNA consensus sequence TCACACCT and function as transcriptional repressors and/or activators [[cite:PUB00099960]]. The T-box is a relatively large DNA-binding domain, generally comprising about a third of the entire protein (17-26kDa) [[cite:PUB00004265]].</p>

<p>These genes were uncovered on the basis of similarity to the DNA binding domain [[cite:PUB00000739]] of Mus musculus (Mouse) Brachyury (T) gene product, which similarity is the defining feature of the family. The Brachyury gene is named for its phenotype, which was identified 70 years ago as a mutant mouse strain with a short blunted tail. The gene, and its paralogues, have become a well-studied model for the family, and hence much of what is known about the T-box family is derived from the murine Brachyury gene.</p>

<p>Consistent with its nuclear location, Brachyury protein has a sequence-specific DNA-binding activity and can act as a transcriptional regulator [[cite:PUB00001985]]. Homozygous mutants for the gene undergo extensive developmental anomalies, thus rendering the mutation lethal [[cite:PUB00006158]]. The postulated role of Brachyury is as a transcription factor, regulating the specification and differentiation of posterior mesoderm during gastrulation in a dose-dependent manner [[cite:PUB00000739]].</p>

<p>T-box proteins tend to be expressed in specific organs or cell types, especially during development, and they are generally required for the development of those tissues, for example, Brachyury is expressed in posterior mesoderm and in the developing notochord, and it is required for the formation of these cells in mice [[cite:PUB00005531]].</p>"
2;IPR018186;"imex:IM-28767
pubmed:35140242";Transcription factor, T-box, conserved site;"<p>Transcription factors of the T-box family are required both for early cell-fate decisions, such as those necessary for formation of the basic vertebrate body plan, for differentiation and organogenesis [[cite:PUB00007157]] and also have been associated to multiple aspects of development and in adult terminal cell-type differentiation in different animal lineages [[cite:PUB00099961]]. The T-box is defined as the minimal region within the T-box protein that is both necessary and sufficient for sequence-specific DNA binding, all members of the family so far examined bind to the DNA consensus sequence TCACACCT and function as transcriptional repressors and/or activators [[cite:PUB00099960]]. The T-box is a relatively large DNA-binding domain, generally comprising about a third of the entire protein (17-26kDa) [[cite:PUB00004265]].</p>

<p>These genes were uncovered on the basis of similarity to the DNA binding domain [[cite:PUB00000739]] of Mus musculus (Mouse) Brachyury (T) gene product, which similarity is the defining feature of the family. The Brachyury gene is named for its phenotype, which was identified 70 years ago as a mutant mouse strain with a short blunted tail. The gene, and its paralogues, have become a well-studied model for the family, and hence much of what is known about the T-box family is derived from the murine Brachyury gene.</p>

<p>Consistent with its nuclear location, Brachyury protein has a sequence-specific DNA-binding activity and can act as a transcriptional regulator [[cite:PUB00001985]]. Homozygous mutants for the gene undergo extensive developmental anomalies, thus rendering the mutation lethal [[cite:PUB00006158]]. The postulated role of Brachyury is as a transcription factor, regulating the specification and differentiation of posterior mesoderm during gastrulation in a dose-dependent manner [[cite:PUB00000739]].</p>

<p>T-box proteins tend to be expressed in specific organs or cell types, especially during development, and they are generally required for the development of those tissues, for example, Brachyury is expressed in posterior mesoderm and in the developing notochord, and it is required for the formation of these cells in mice [[cite:PUB00005531]].</p>"
2;IPR008967;"imex:IM-28767
pubmed:35140242";p53-like transcription factor, DNA-binding domain superfamily;"<p>This domain superfamily is found in a number of transcription factors, including p53, NFATC, TonEBP, STAT-1, and NFkappaB, where it is responsible for DNA-binding.  These transcription factors play diverse roles in the regulation of cellular functions: the p53 tumour suppressor upregulates the expression of genes involved in cell cycle arrest and apoptosis [[cite:PUB00011797]]; NFATC regulates the production of effector proteins involved in coordinating the immune response [[cite:PUB00011799]]; TonEBP regulates gene expression induced by osmotic stress and helps regulate intracellular volume during cell growth [[cite:PUB00011802]]; STAT-1 plays an important role in B lymphocyte growth and function [[cite:PUB00011801]]; and NFkappaB is involved in the inflammatory response [[cite:PUB00011803]].  The DNA-binding domain acts to clamp, or in the case of TonEBP, encircle the DNA target in order to stabilise the protein-DNA complex [[cite:PUB00011800]].  Protein interactions may also serve to stabilise the protein-DNA complex, for example in the STAT-1 dimer the SH2 (Src homology 2) domain in each monomer is coupled to the DNA-binding domain to increase stability [[cite:PUB00011807]].  The DNA-binding domain consists of a β-sandwich formed of 9 strands in 2 sheets with a Greek-key topology. This structure is found in many transcription factors, often within the DNA-binding domain.</p>"
2;IPR046360;"imex:IM-28767
pubmed:35140242";T-box transcription factor, DNA-binding domain;"<p>This is the highly conserved DNA-binding domain of T-box transcription factors.</p>; <p>Transcription factors of the T-box family are required both for early cell-fate decisions, such as those necessary for formation of the basic vertebrate body plan, for differentiation and organogenesis [[cite:PUB00007157]] and also have been associated to multiple aspects of development and in adult terminal cell-type differentiation in different animal lineages [[cite:PUB00099961]]. The T-box is defined as the minimal region within the T-box protein that is both necessary and sufficient for sequence-specific DNA binding, all members of the family so far examined bind to the DNA consensus sequence TCACACCT and function as transcriptional repressors and/or activators [[cite:PUB00099960]]. The T-box is a relatively large DNA-binding domain, generally comprising about a third of the entire protein (17-26kDa) [[cite:PUB00004265]].</p>

<p>These genes were uncovered on the basis of similarity to the DNA binding domain [[cite:PUB00000739]] of Mus musculus (Mouse) Brachyury (T) gene product, which similarity is the defining feature of the family. The Brachyury gene is named for its phenotype, which was identified 70 years ago as a mutant mouse strain with a short blunted tail. The gene, and its paralogues, have become a well-studied model for the family, and hence much of what is known about the T-box family is derived from the murine Brachyury gene.</p>

<p>Consistent with its nuclear location, Brachyury protein has a sequence-specific DNA-binding activity and can act as a transcriptional regulator [[cite:PUB00001985]]. Homozygous mutants for the gene undergo extensive developmental anomalies, thus rendering the mutation lethal [[cite:PUB00006158]]. The postulated role of Brachyury is as a transcription factor, regulating the specification and differentiation of posterior mesoderm during gastrulation in a dose-dependent manner [[cite:PUB00000739]].</p>

<p>T-box proteins tend to be expressed in specific organs or cell types, especially during development, and they are generally required for the development of those tissues, for example, Brachyury is expressed in posterior mesoderm and in the developing notochord, and it is required for the formation of these cells in mice [[cite:PUB00005531]].</p>"
2;IPR032385;"imex:IM-28767
pubmed:35140242";T-box transcription factor-associated;<p>This domain lies downstream of the T-box in many eukaryotic T-box proteins. Transcription factors of the T-box family are required for early cell-fate decisions, and for differentiation and organogenesis [[cite:PUB00007157]]. The exact function of this domain is not known.</p>
2;IPR032675;"imex:IM-26684
pubmed:31046837";Leucine-rich repeat domain superfamily;"<p>This superfamily represents a leucine-rich repeat (LRR), right-handed β-α superhelix domain, such as that found in bacterial invasion protein internalin [[cite:PUB00048508]] or in the L domain from members of the epidermal growth-factor receptor (EGFR) family [[cite:PUB00004283]].</p>; <p>Leucine-rich repeats (LRR) consist of 2-45 motifs of 20-30 amino acids in length that generally folds into an arc or horseshoe shape [[cite:PUB00017058]]. LRRs occur in proteins ranging from viruses to eukaryotes, and appear to provide a structural framework for the formation of protein-protein interactions [[cite:PUB00007147], [cite:PUB00001625]]. Proteins containing LRRs include tyrosine kinase receptors, cell-adhesion molecules, virulence factors, and extracellular matrix-binding glycoproteins, and are involved in a variety of biological processes, including signal transduction, cell adhesion, DNA repair, recombination, transcription, RNA processing, disease resistance, apoptosis, and the immune response [[cite:PUB00001898]].</p>"
2;IPR020859;"imex:IM-26684
pubmed:31046837";Roc domain;"<p>This entry represents the Roc domain found in small GTPase.</p>; <p>Small GTPases form an independent superfamily within the larger class of regulatory GTP hydrolases. This superfamily contains proteins that control a vast number of important processes and possess a common, structurally preserved GTP-binding domain [[cite:PUB00052600], [cite:PUB00004087]]. Sequence comparisons of small G proteins from various species have revealed that they are conserved in primary structures at the level of 30-55% similarity [[cite:PUB00000348]].</p>

<p>Crystallographic analysis of various small G proteins revealed the presence of a 20kDa catalytic domain that is unique for the whole superfamily [[cite:PUB00004087], [cite:PUB00023196]]. The domain is built of five α helices (A1-A5), six β-strands (B1-B6) and five polypeptide loops (G1-G5). A structural comparison of the GTP- and GDP-bound form, allows one to distinguish two functional loop regions: switch I and switch II that surround the gamma-phosphate group of the nucleotide. The G1 loop (also called the P-loop) that connects the B1 strand and the A1 helix is responsible for the binding of the phosphate groups. The G3 loop provides residues for Mg(2+) and phosphate binding and is located at the N terminus of the A2 helix. The G1 and G3 loops are sequentially similar to Walker A and Walker B boxes that are found in other nucleotide binding motifs. The G2 loop connects the A1 helix and the B2 strand and contains a conserved Thr residue responsible for Mg(2+) binding. The guanine base is recognised by the G4 and G5 loops. The consensus sequence NKXD of the G4 loop contains Lys and Asp residues directly interacting with the nucleotide. Part of the G5 loop located between B6 and A5 acts as a recognition site for the guanine base [[cite:PUB00015117]].</p>

<p>The small GTPase superfamily can be divided in 8 different families:</p>

<ul>
<li>Arf small GTPases. GTP-binding proteins involved in protein trafficking by modulating vesicle budding and un-coating within the Golgi apparatus.</li>
<li>Ran small GTPases. GTP-binding proteins involved in nucleocytoplasmic transport. Required for the import of proteins into the nucleus and also for RNA export.</li>
<li>Rab small GTPases. GTP-binding proteins involved in vesicular traffic.</li>
<li>Rho small GTPases. GTP-binding proteins that control cytoskeleton reorganisation.</li>
<li>Ras small GTPases. GTP-binding proteins involved in signaling pathways.</li>
<li>Sar1 small GTPases. Small GTPase component of the coat protein complex II (COPII) which promotes the formation of transport vesicles from the endoplasmic reticulum (ER).</li>
<li>Mitochondrial Rho (Miro). Small GTPase domain found in mitochondrial proteins involved in mitochondrial trafficking.</li>
<li>Roc small GTPases domain. Small GTPase domain always found associated with the COR domain.</li>
</ul>"
2;IPR001611;"imex:IM-26684
pubmed:31046837";Leucine-rich repeat;"<p>Leucine-rich repeats (LRR) consist of 2-45 motifs of 20-30 amino acids in length that generally folds into an arc or horseshoe shape [[cite:PUB00017058]]. LRRs occur in proteins ranging from viruses to eukaryotes, and appear to provide a structural framework for the formation of protein-protein interactions [[cite:PUB00007147], [cite:PUB00001625]].Proteins containing LRRs include tyrosine kinase receptors, cell-adhesion molecules, virulence factors, and extracellular matrix-binding glycoproteins, and are involved in a variety of biological processes, including signal transduction, cell adhesion, DNA repair, recombination, transcription, RNA processing, disease resistance, apoptosis, and the immune response [[cite:PUB00001898], [cite:PUB00094376]].</p>

<p>Sequence analyses of LRR proteins suggested the existence of several different subfamilies of LRRs. The significance of this classification is that repeats from different subfamilies never occur simultaneously and have most probably evolved independently. It is, however, now clear that all major classes of LRR have curved horseshoe structures with a parallel β sheet on the concave side and mostly helical elements on the convex side. At least six families of LRR proteins, characterised by different lengths and consensus sequences of the repeats, have been identified. Eleven-residue segments of the LRRs (LxxLxLxxN/CxL), corresponding to the β-strand and adjacent loop regions, are conserved in LRR proteins, whereas the remaining parts of the repeats (herein termed variable) may be very different. Despite the differences, each of the variable parts contains two half-turns at both ends and a ""linear"" segment (as the chain follows a linear path overall), usually formed by a helix, in the middle. The concave face and the adjacent loops are the most common protein interaction surfaces on LRR proteins. 
3D structure of some LRR proteins-ligand complexes show that the concave surface of LRR domain is ideal for interaction with α-helix, thus supporting earlier conclusions that the elongated and curved LRR structure provides an outstanding framework for achieving diverse protein-protein interactions [[cite:PUB00007147]]. Molecular modeling suggests that the conserved pattern LxxLxL, which is shorter than the previously proposed LxxLxLxxN/CxL is sufficient to impart the characteristic horseshoe curvature to proteins with 20-to 30-residue repeats [[cite:PUB00007148]].</p>"
2;IPR056593;"imex:IM-26684
pubmed:31046837";LRRK2, ANK repeat domain;"<p>This entry represents the ankyrin repeat (ANK) found towards the N-terminal end of the Leucine-rich repeat serine/threonine-protein kinase 2 (LRRK2) from eukaryotes, between the ARM repeat domain ([interpro:IPR056597]) and the LRR domain ([interpro:IPR001611]). The ANK domain plays a key role in this process, as conserved leucine residues within the ANK domain are required for Rab29 binding, which mediates Golgi recruitment and kinase activation [[cite:PUB00155498], [cite:PUB00155499], [cite:PUB00155500]].</p>; <p>LRRK2 is a serine/threonine-protein kinase which phosphorylates a broad range of proteins involved in multiple processes such as neuronal plasticity, primary ciliogenesis, autophagy, and vesicle trafficking [[cite:PUB00155495], [cite:PUB00155496], [cite:PUB00155497], [cite:PUB00155498]]. Mutations in LRRK2 are the most common genetic cause of Parkinson's disease [[cite:PUB00155495]]. LRRK2 phosphorylates a group of Rab GTPase proteins, including Rab29.</p>"
2;IPR057263;"imex:IM-26684
pubmed:31046837";C-terminal of Roc, COR-B domain;"<p>This entry corresponds to COR-B, located at the C-terminal of COR. COR-B serves as the main dimerisation interface in the full-length LRRK2 structure [[cite:PUB00160125]]. It interacts with the kinase domain, which is essential for LRRK2 kinase activity [[cite:PUB00160124]]. COR-B consists of four flanked helices, a central seven-stranded antiparallel β-sheet, and a hairpin motif [[cite:PUB00160125]]. This entry also describes related serine/theronine-protein kinases and cyclic GMP-binding protein C.</p>; <p>The C-terminal of Roc domain, COR, along with Roc functions as the putative regulator of kinase activity. It functions as a proper GTP-binding protein with a low GTPase activity somehow stimulating the kinase activity [[cite:PUB00051458]]. COR is divided in two subdomains: COR-A and COR-B. The Roc-COR tandem is found in Roco-containing proteins from bacterias and eukaryotes. Its most prominent member is the leucine-rich repeat kinase 2 LRRK2 [[cite:PUB00050311]]. It also contains Leucine-rich repeat kinase 1 LRKK1, Death-associated protein kinase 1 DAPK1 and Malignant fibrous histiocytoma amplified sequence 1 MFHAS1 [[cite:PUB00124639], [cite:PUB00160280]].</p>"
2;IPR032171;"imex:IM-26684
pubmed:31046837";C-terminal of Roc, COR-A domain;"<p>This entry corresponds to COR-A, located at the N-terminal of COR. It interacts with the Roc domain stabilising the GTPase activity of LRRK2 [[cite:PUB00160124]]. COR-A consists of multiple α-helices and a short three-stranded antiparallel sheet [[cite:PUB00160125]].</p>; <p>The C-terminal of Roc domain, COR, along with Roc functions as the putative regulator of kinase activity. It functions as a proper GTP-binding protein with a low GTPase activity somehow stimulating the kinase activity [[cite:PUB00051458]]. COR is divided in two subdomains: COR-A and COR-B. The Roc-COR tandem is found in Roco-containing proteins from bacterias and eukaryotes. Its most prominent member is the leucine-rich repeat kinase 2 LRRK2 [[cite:PUB00050311]]. It also contains Leucine-rich repeat kinase 1 LRKK1, Death-associated protein kinase 1 DAPK1 and Malignant fibrous histiocytoma amplified sequence 1 MFHAS1 [[cite:PUB00124639], [cite:PUB00160280]].</p>"
2;IPR003591;"imex:IM-26684
pubmed:31046837";Leucine-rich repeat, typical subtype;"<p>Leucine-rich repeats (LRR) consist of 2-45 motifs of 20-30 amino acids in length that generally folds into an arc or horseshoe shape [[cite:PUB00017058]]. LRRs occur in proteins ranging from viruses to eukaryotes, and appear to provide a structural framework for the formation of protein-protein interactions [[cite:PUB00007147], [cite:PUB00001625]].Proteins containing LRRs include tyrosine kinase receptors, cell-adhesion molecules, virulence factors, and extracellular matrix-binding glycoproteins, and are involved in a variety of biological processes, including signal transduction, cell adhesion, DNA repair, recombination, transcription, RNA processing, disease resistance, apoptosis, and the immune response [[cite:PUB00001898], [cite:PUB00094376]].</p>

<p>Sequence analyses of LRR proteins suggested the existence of several different subfamilies of LRRs. The significance of this classification is that repeats from different subfamilies never occur simultaneously and have most probably evolved independently. It is, however, now clear that all major classes of LRR have curved horseshoe structures with a parallel β sheet on the concave side and mostly helical elements on the convex side. At least six families of LRR proteins, characterised by different lengths and consensus sequences of the repeats, have been identified. Eleven-residue segments of the LRRs (LxxLxLxxN/CxL), corresponding to the β-strand and adjacent loop regions, are conserved in LRR proteins, whereas the remaining parts of the repeats (herein termed variable) may be very different. Despite the differences, each of the variable parts contains two half-turns at both ends and a ""linear"" segment (as the chain follows a linear path overall), usually formed by a helix, in the middle. The concave face and the adjacent loops are the most common protein interaction surfaces on LRR proteins. 
3D structure of some LRR proteins-ligand complexes show that the concave surface of LRR domain is ideal for interaction with α-helix, thus supporting earlier conclusions that the elongated and curved LRR structure provides an outstanding framework for achieving diverse protein-protein interactions [[cite:PUB00007147]]. Molecular modeling suggests that the conserved pattern LxxLxL, which is shorter than the previously proposed LxxLxLxxN/CxL is sufficient to impart the characteristic horseshoe curvature to proteins with 20-to 30-residue repeats [[cite:PUB00007148]].</p>; <p>This entry represents a most populated subfamily of leucine-rich repeats.</p>"
2;IPR051420;"imex:IM-26684
pubmed:31046837";Ser/Thr Protein Kinases with Diverse Regulatory Roles;<p>The protein family includes serine/threonine-protein kinases with diverse functions in plants and animals. In plants, members are involved in hormone perception, such as brassinosteroids and phytosulfokines, regulating development and defense responses. Some act as receptors for peptide hormones, maintaining root stem cell niches or mediating systemic nitrogen-demand signaling. In animals, one member is a multifunctional kinase implicated in neuronal plasticity, innate immunity, autophagy, and vesicle trafficking. It regulates RAB GTPases, affecting processes like synaptic vesicle trafficking, ciliogenesis, and Golgi apparatus function. It also plays roles in apoptosis and innate immunity, independent of its kinase activity. Some members have predicted inactive kinase domains, suggesting possible regulatory or scaffolding roles rather than catalytic functions.</p>
2;IPR056602;"imex:IM-26684
pubmed:31046837";LRRK2, beta-propeller;"<p>This entry represents the β-propeller found at the C-terminal end of the Leucine-rich repeat serine/threonine-protein kinase 2 (LRRK2) from eukaryotes. The β-propeller domain is suggested to mediate LRRK2 dimerisation and autophosphorylation, and plays an important role in neurotoxicity associated to LRRK2 PD mutations [[cite:PUB00130288], [cite:PUB00155499], [cite:PUB00155500]].</p>; <p>LRRK2 is a serine/threonine-protein kinase which phosphorylates a broad range of proteins involved in multiple processes such as neuronal plasticity, primary ciliogenesis, autophagy, and vesicle trafficking [[cite:PUB00155495], [cite:PUB00155496], [cite:PUB00155497], [cite:PUB00155498]]. Mutations in LRRK2 are the most common genetic cause of Parkinson's disease [[cite:PUB00155495]]. LRRK2 phosphorylates a group of Rab GTPase proteins, including Rab29.</p>"
2;IPR056597;"imex:IM-26684
pubmed:31046837";LRRK2, ARM repeat domain;"<p>This entry represents the armadillo repeat (ARM) found at the N-terminal end of Leucine-rich repeat serine/threonine-protein kinase 2 (LRRK2) from eukaryotes. The domain adopts an ARM-like fold, consisting of a right-handed superhelix formed by two curved layers of repeated helical structural units [[cite:PUB00015442]]. A patch of negatively charged residues within the ARM domain has been pointed to contribute to complex formation by binding a positive residue in Rab switch 1 region [[cite:PUB00155498], [cite:PUB00155499], [cite:PUB00155504]]. ARM domain is also suggested to form connections between adjacent microtubules [[cite:PUB00155500]]. Also included in this entry is the armadillo repeat domain of Protein aardvark from Dictyostelium discoideum, a component of the junctional complex, both involved in cell adhesion and signalling [[cite:PUB00094041]].</p>; <p>LRRK2 is a serine/threonine-protein kinase which phosphorylates a broad range of proteins involved in multiple processes such as neuronal plasticity, primary ciliogenesis, autophagy, and vesicle trafficking [[cite:PUB00155495], [cite:PUB00155496], [cite:PUB00155497], [cite:PUB00155498]]. Mutations in LRRK2 are the most common genetic cause of Parkinson's disease [[cite:PUB00155495]]. LRRK2 phosphorylates a group of Rab GTPase proteins, including Rab29.</p>"
2;IPR005225;"imex:IM-26684
pubmed:31046837";Small GTP-binding domain;<p>Proteins with a small GTP-binding domain include Ras, RhoA, Rab11, translation elongation factor G, translation initiation factor IF-2, tetratcycline resistance protein TetM, CDC42, Era, ADP-ribosylation factors [[cite:PUB00095176]], tdhF, and many others [[cite:PUB00015117]]. In some proteins the domain occurs more than once. Among them there is a large number of small GTP-binding proteins and related domains in larger proteins. Note that the alpha chains of heterotrimeric G proteins are larger proteins in which the NKXD motif is separated from the GxxxxGK[ST] motif (P-loop) by a long insert and are not easily detected by this model.</p>
2;IPR000159;"imex:IM-24272
pubmed:26496610";Ras-associating domain;"<p>Ras proteins are signal-transducing GTPases that cycle between inactive GDP-bound and active GTP-bound forms. Ras is a prolific signalling molecule interacting with a spectrum of effector molecules and acting through more than one signalling pathway. A domain of about 100 residues, termed RA for RalGDS/AF-6 or Ras-Associating, interacts with Ras and other small GTPases. It occurs in one or two copies in a variety of signalling molecules. It can be found associated with many other domains, such as PDZ, Dilute (DIL), GEF, myosin motor, IQ, C1, C2, protein kinase, VPS9 or sterile alpha motif (SAM) [[cite:PUB00005457], [cite:PUB00018200]].</p>

<p>Structurally, the RA domain of RalGDS consists of a five-stranded mixed β-sheet interrupted by a 12 residue α-helix and two additional small α-helices. The structure of the RA domain belongs to the ubiquitin α/β roll superfold and is similar to that of the RBD domain and the N-terminal third of the FERM domain [[cite:PUB00003949], [cite:PUB00018201]]. The RA domain forms a homodimer where the interdimer surface is composed of two cysteines (Cys 2 in each monomer) forming an intermolecular disulfide bond and two interacting intermolecular antiparallel β-sheets [[cite:PUB00003949]]. The major interaction between Ras and RalGDS RA domain occurs between two antiparallel β-strands: β2 of Ras and β2 of RA. This interaction occurs both at the backbone as well as the side chain level [[cite:PUB00018202]].</p>"
2;IPR002710;"imex:IM-24272
pubmed:26496610";Dilute domain;"<p>The myosin superfamily consists of at least 15 distinct classes of presumed actin-based molecular motors. All members of the superfamily share a similar motor domain and a tail portion which is diagnostic of the class [[cite:PUB00015330]].</p>

<p>Class V myosins are actin-based molecular motors that function in relatively long-range movements of many intracellular cargoes including organelles, membrane vesicles, and mRNA [[cite:PUB00018557]]. These motors are ubiquitously found in all eukaryotes. Class V myosins are characterised by the presence of a conserved globular domain at the C terminus of the tail portion: the dilute domain [[cite:PUB00005744]]. Myosin V moves via attachment of its amino terminal head (motor) domain to actin cables; its carboxyl terminal dilute domain anchors it to cargoes via attachments to organelle-specific receptors [[cite:PUB00018557], [cite:PUB00018558]].</p>

<p>The dilute domain is also found in the afadin family. Afadins are nectin and actin filament-binding proteins that connect nectin to the actin cytoskeleton [[cite:PUB00018559]]. The dilute domain of afadin appears to be responsible for actin stress fibre formation [[cite:PUB00078822]].</p>"
2;IPR037983;"imex:IM-24272
pubmed:26496610";Rasip1/Radil, cargo-binding domain;"<p>Ras-interacting protein 1 (Rasip1 or RAIN) is an effector of the small G protein Rap1 and plays an important role in endothelial junction stabilization [[cite:PUB00087997], [cite:PUB00087998], [cite:PUB00087999]]. It plays an essential role in vascular development [[cite:PUB00088002]].</p>

<p>Radil is also a Rap1 effector. It regulates beta1 and beta2-integrin activation and controls neutrophil chemotaxis [[cite:PUB00088003]]. Radil, like Rasip1, is a multi domain protein, that contains a myosin5-like cargo-binding domain (CBD).</p>"
2;IPR052072;"imex:IM-24272
pubmed:26496610";Vascular development regulator domain-containing protein;<p>This family of proteins includes members that are involved in the regulation of GTPase signaling pathways, particularly in the context of vascular development and endothelial cell function. They play a crucial role in the formation of vascular structures through vasculogenesis and angiogenesis. These proteins modulate the activity of Rho GTPases, which are key regulators of cell architecture and adhesion, thereby influencing endothelial cell morphogenesis and tubulogenesis of blood vessels. Some family members act as downstream effectors of Ras and Rap proteins, impacting processes such as cell adhesion, migration, and possibly transformation. Additionally, certain proteins in this family have been implicated as negative regulators of autophagy under conditions of amino acid starvation.</p>
2;IPR027907;"imex:IM-24272
pubmed:26496610";BTB/POZ domain-containing protein 8, C-terminal;<p>This domain is found in vertebrates. It is found at the C terminus of BTB/POZ domain-containing protein 8 (BTBD8, also known as AP2-interacting clathrin-endocytosis protein). BTBD8 is involved in clathrin-mediated endocytosis at the synapse and plays a role in neuronal development and in synaptic vesicle recycling in mature neurons, a process required for normal synaptic transmission [[cite:PUB00090548]]. This domain contains a conserved ELET sequence motif and two completely conserved residues (S and E) that may be functionally important.</p>
2;IPR040121;"imex:IM-24272
pubmed:26496610";BTB/POZ domain-containing protein 8, BTB/POZ domain 1;"<p>BTB/POZ domain-containing protein 8 (also known as AP2-interacting clathrin-endocytosis protein (APache)), is involved in synaptic vesicle trafficking, neuronal development, and synaptic plasticity [[cite:PUB00090548]].</p>; <p>This entry represents the first BTB (Broad-Complex, Tramtrack and Bric a brac)/POZ (poxvirus and zinc finger) domain found in BTBD8,</p>"
2;IPR043225;"imex:IM-24272
pubmed:26496610";BTBD8, BACK domain;"<p>BTBD8 is a BTB-domain-containing Kelch-like protein that may play a role in developmental process. It may also act as a protein-protein adaptor in a transcription complex and thus may be involved in brain development [[cite:PUB00093800]].</p>

<p>This entry represents the BACK domain of BTBD8.</p>"
2;IPR007527;"imex:IM-22822
pubmed:25260751";Zinc finger, SWIM-type;"<p>This entry represents the SWIM (SWI2/SNF2 and MuDR) zinc-binding domain, which is found in a variety of prokaryotic and eukaryotic proteins, such as mitogen-activated protein kinase kinase kinase 1 (or MEKK1). It is also found in the related protein MEX (MEKK1-related protein X), a testis-expressed protein that acts as an E3 ubiquitin ligase through the action of E2 ubiquitin-conjugating enzymes in the proteasome degradation pathway; the SWIM domain is critical for MEX ubiquitination [[cite:PUB00035845]]. SWIM domains are also found in the homologous recombination protein Sws1 [[cite:PUB00035846]], as well as in several hypothetical proteins.</p>; <p>Zinc finger (Znf) domains are relatively small protein motifs which contain multiple finger-like protrusions that make tandem contacts with their target molecule. Some of these domains bind zinc, but many do not; instead, they bind other metals, such as iron, or no metal at all. For example, some family members form salt bridges to stabilise the finger-like folds. They were first identified as a DNA-binding motif in transcription factor TFIIIA from Xenopus laevis (African clawed frog); however, they are now recognised to bind DNA, RNA, protein and/or lipid substrates [[cite:PUB00035807], [cite:PUB00035805], [cite:PUB00035806], [cite:PUB00035804], [cite:PUB00014077]]. Their binding properties depend on the amino acid sequence of the finger domains and of the linker between fingers, as well as on the higher-order structures and the number of fingers. Znf domains are often found in clusters, where fingers can have different binding specificities. There are many superfamilies of Znf motifs, varying in both sequence and structure. They display considerable versatility in binding modes, even between members of the same class (e.g., some bind DNA, others protein), suggesting that Znf motifs are stable scaffolds that have evolved specialised functions. For example, Znf-containing proteins function in gene transcription, translation, mRNA trafficking, cytoskeleton organisation, epithelial development, cell adhesion, protein folding, chromatin remodelling and zinc sensing, to name but a few [[cite:PUB00035812]]. Zinc-binding motifs are stable structures, and they rarely undergo conformational changes upon binding their target.</p>"
2;IPR049549;"imex:IM-29994
pubmed:37228199";26S proteasome regulatory subunit RPN7/PSMD6, C-terminal helix;<p>RPN7/PSDM6 are regulatory subunits from the 26S proteasome. This entry represents the C-terminal helix [[cite:PUB00091262], [cite:PUB00152659], [cite:PUB00091263], [cite:PUB00110070], [cite:PUB00151985]]. The 26 proteasome is a multiprotein complex involved in the ATP-dependent degradation of ubiquitinated proteins. This complex plays a key role in the maintenance of protein homeostasis by removing misfolded or damaged proteins, which could impair cellular functions, and by removing proteins whose functions are no longer required. Therefore, the proteasome participates in numerous cellular processes, including cell cycle progression, apoptosis, or DNA damage repair.</p>
2;IPR019585;"imex:IM-29994
pubmed:37228199";26S proteasome regulatory subunit Rpn7/COP9 signalosome complex subunit 1;"<p>This entry includes 26S proteasome regulatory subunit Rpn7 and COP9 signalosome complex subunit 1  (Csn1) and fungal CSN11.</p>; <p>The 26S proteasome plays a major role in ATP-dependent degradation of ubiquitinated proteins. Substrate specificity is conferred by the regulatory particle (RP), which can dissociate into stable lid and base subcomplexes. The regulatory subunit RPN7 is one of the lid subunits of the 26S proteasome and has been shown in Saccharomyces cerevisiae to be required for structural integrity [[cite:PUB00045323]].</p>

<p>The COP9 signalosome is a conserved protein complex composed of eight subunits, where individual subunits of the complex have been linked to various signal transduction pathways leading to gene expression and cell cycle control [[cite:PUB00045324]]. The overall organisation and the amino acid sequences of the COP9 signalosome subunits resemble the lid subcomplex of the 19 S regulatory particle for the 26 S proteasome [[cite:PUB00034668]]. COP9 subunit 1 (CSN1 or GPS1) of the COP9 complex is an essential subunit of the complex with regard to both structural integrity and functionality. The N-terminal region of subunit 1 (CSN1-N) can inhibit c-fos expression from either a transfected template or a chromosomal transgene (fos-lacZ), and may contain the activity domain that confers most of the repression functions of CSN1. The C-terminal region of subunit 1 (CSN1-C) allows integration of the protein into the COP9 signalosome.</p>"
2;IPR045135;"imex:IM-29994
pubmed:37228199";26S proteasome regulatory subunit Rpn7, N-terminal;"<p>This entry represents the N-terminal domain found in Rpn7 and Csn1.</p>; <p>The 26S proteasome plays a major role in ATP-dependent degradation of ubiquitinated proteins. Substrate specificity is conferred by the regulatory particle (RP), which can dissociate into stable lid and base subcomplexes. The regulatory subunit RPN7 is one of the lid subunits of the 26S proteasome and has been shown in Saccharomyces cerevisiae to be required for structural integrity [[cite:PUB00045323]].</p>

<p>The COP9 signalosome is a conserved protein complex composed of eight subunits, where individual subunits of the complex have been linked to various signal transduction pathways leading to gene expression and cell cycle control [[cite:PUB00045324]]. The overall organisation and the amino acid sequences of the COP9 signalosome subunits resemble the lid subcomplex of the 19 S regulatory particle for the 26 S proteasome [[cite:PUB00034668]]. COP9 subunit 1 (CSN1 or GPS1) of the COP9 complex is an essential subunit of the complex with regard to both structural integrity and functionality. The N-terminal region of subunit 1 (CSN1-N) can inhibit c-fos expression from either a transfected template or a chromosomal transgene (fos-lacZ), and may contain the activity domain that confers most of the repression functions of CSN1. The C-terminal region of subunit 1 (CSN1-C) allows integration of the protein into the COP9 signalosome.</p>"
2;IPR056883;"doi:10.1016/j.cell.2021.04.011
imex:IM-29278
pubmed:33961781";Nephrocystin 3, helical domain;"<p>This entry represents a mostly helical domain found in nephrocystin-3 (NPHP3) and related proteins from animals.</p>; <p>NPHP3 is a protein required for normal ciliary development and function. It inhibits disheveled-1-induced canonical Wnt-signalling activity and may also play a role in the control of non-canonical Wnt signalling which regulates planar cell polarity [[cite:PUB00159915]]. Loss of the NPHP3 function results in situs inversus, congenital heart defects, and embryonic lethality in mice [[cite:PUB00159915]].</p>"
2;IPR056886;"doi:10.1016/j.cell.2021.04.011
imex:IM-29278
pubmed:33961781";Nephrocystin-3, alpha-beta domain;"<p>This domain is found in human Nephrocystin-3 (NPHP3) and similar animal proteins. This domain is predicted to show a β-sheet with α-helices at both sides.</p>; <p>NPHP3 is a protein required for normal ciliary development and function. It inhibits disheveled-1-induced canonical Wnt-signalling activity and may also play a role in the control of non-canonical Wnt signalling which regulates planar cell polarity [[cite:PUB00159915]]. Loss of the NPHP3 function results in situs inversus, congenital heart defects, and embryonic lethality in mice [[cite:PUB00159915]].</p>"
2;IPR056884;"doi:10.1016/j.cell.2021.04.011
imex:IM-29278
pubmed:33961781";Nephrocystin 3-like, N-terminal;"<p>This entry represents a P-loop like domain found at the N-terminal of nephrocystin-3 (NPHP3) as well as in the Ankyrin repeat domain-containing protein 50, Ankyrin repeat domain-containing protein SAT10, Vegetative incompatibility protein HET-E-1 and other related eukaryotic and bacterial proteins.</p>

<p>This domain belongs to NACHT NTPases clade defined by a residue (glycine, alanine or serine) directly C-terminal  of the Mg2+-coordinating aspartate, and two additional acidic residues one position downstream, with a consensus sequence hhhhD[GAS]hDE [[cite:PUB00064266]].</p>; <p>NPHP3 is a protein required for normal ciliary development and function. It inhibits disheveled-1-induced canonical Wnt-signalling activity and may also play a role in the control of non-canonical Wnt signalling which regulates planar cell polarity [[cite:PUB00159915]]. Loss of the NPHP3 function results in situs inversus, congenital heart defects, and embryonic lethality in mice [[cite:PUB00159915]].</p>; <p>Ankyrin repeat domain-containing protein 50 is involved in the endosome-to-plasma membrane trafficking and recycling of SNX27-retromer-dependent cargo proteins, such as GLUT1 [[cite:PUB00160004]].</p>; <p>Ankyrin repeat domain-containing protein SAT10 is part of the satratoxin SC1 cluster involved in the biosynthesis of satratoxins, trichothecene mycotoxins that are associated with human food poisonings [[cite:PUB00087317]].</p>"
2;IPR056885;"doi:10.1016/j.cell.2021.04.011
imex:IM-29278
pubmed:33961781";Nephrocystin-3, TPR-repeats region;"<p>This entry represents a tetratricopeptide repeats (TPR) region found at the nephrocystin-3 (NPHP3) and related proteins from animals.</p>; <p>NPHP3 is a protein required for normal ciliary development and function. It inhibits disheveled-1-induced canonical Wnt-signalling activity and may also play a role in the control of non-canonical Wnt signalling which regulates planar cell polarity [[cite:PUB00159915]]. Loss of the NPHP3 function results in situs inversus, congenital heart defects, and embryonic lethality in mice [[cite:PUB00159915]].</p>"
2;IPR014001;"imex:IM-24272
pubmed:26496610";Helicase superfamily 1/2, ATP-binding domain;"<p>This entry represents the DNA-binding domain of classical SF1 and SF2 helicases. It does not recognise bacterial DinG and eukaryotic Rad3 which differ from other SF1-SF2 helicases by the presence of a large insert after the Walker A (see [interpro:IPR014013]).</p>; <p>Helicases have been classified in 5 superfamilies (SF1-SF5). All of the proteins bind ATP and, consequently, all of them carry the classical Walker A (phosphate-binding loop or P-loop) and Walker B (Mg2+-binding aspartic acid) motifs. For the two largest groups, commonly referred to as SF1 and SF2, a total of seven characteristic motifs has been identified [[cite:PUB00004361]]. These two superfamilies encompass a large number of DNA and RNA helicases from archaea, eubacteria, eukaryotes and viruses that seem to be active as monomers or dimers. RNA and DNA helicases are considered to be enzymes that catalyse the separation of double-stranded nucleic acids in an energy-dependent manner [[cite:PUB00033619]].</p>

<p>The various structures of SF1 and SF2 helicases present a common core with two α-β RecA-like domains [[cite:PUB00033619], [cite:PUB00025034]]. The structural homology with the RecA recombination protein covers the five contiguous parallel β-strands and the tandem α-helices. ATP binds to the amino proximal α-β domain, where the Walker A (motif I) and Walker B (motif II) are found. The N-terminal domain also contains motif III (S-A-T) which was proposed to participate in linking ATPase and helicase activities. The carboxy-terminal α-β domain is structurally very similar to the proximal one even though it is bereft of an ATP-binding site, suggesting that it may have originally arisen through gene duplication of the first one.</p>

<p>Some members of helicase superfamilies 1 and 2 are listed below:</p>

<ul><li>DEAD-box RNA helicases. The prototype of DEAD-box proteins is the translation initiation factor eIF4A. The eIF4A protein is an RNA-dependent ATPase which functions together with eIF4B as an RNA helicase [[cite:PUB00033620]].</li>
<li>DEAH-box RNA helicases. Mainly pre-mRNA-splicing factor ATP-dependent RNA helicases [[cite:PUB00033620]].</li>
<li>Eukaryotic DNA repair helicase RAD3/ERCC-2, an ATP-dependent 5'-3' DNA helicase involved in nucleotide excision repair of UV-damaged DNA.</li>
<li>Eukaryotic TFIIH basal transcription factor complex helicase XPB subunit. An ATP-dependent 3'-5' DNA helicase which is a component of the core-TFIIH basal transcription factor, involved in nucleotide excision repair (NER) of DNA and, when complexed to CAK, in RNA transcription by RNA polymerase II. It acts by opening DNA either around the RNA transcription start site or the DNA.</li>
<li>Eukaryotic ATP-dependent DNA helicase Q. A DNA helicase that may play a role in the repair of DNA that is damaged by ultraviolet light or other mutagens.</li>
<li>Bacterial and eukaryotic antiviral SKI2-like helicase. SKI2 has a role in the 3'-mRNA degradation pathway, repressing dsRNA virus propagation by specifically blocking translation of viral mRNAs, perhaps recognizing the absence of CAP or poly(A).</li>
<li>Bacterial DNA-damage-inducible protein G (DinG). A probable helicase involved in DNA repair and perhaps also replication [[cite:PUB00033621]].</li>
<li>Bacterial primosomal protein N' (PriA). PriA protein is one of seven proteins that make up the restart primosome, an apparatus that promotes assembly of replisomes at recombination intermediates and stalled replication forks.</li>
<li>Bacterial ATP-dependent DNA helicase RecG. It has a critical role in recombination and DNA repair, helping process Holliday junction intermediates to mature products by catalysing branch migration. It has a DNA unwinding activity characteristic of helicases with a 3' to 5' polarity.</li>
<li>A variety of DNA and RNA virus helicases and transcription factors</li></ul>"
2;IPR011545;"imex:IM-24272
pubmed:26496610";DEAD/DEAH-box helicase domain;"<p>This entry represents the DNA-binding domain at the N-terminal in DEAD/DEAH box helicase and related proteins. This domain also contains motif III (S-A-T) which was proposed to participate in linking ATPase and helicase activities.</p>; <p>DEAD-box and DEAH-box RNA helicases are essential enzymes involved in the unwinding of nucleic acids, playing critical roles in RNA metabolism. The DEAD-box helicases, exemplified by the translation initiation factor eIF4A, are RNA-dependent ATPases that act as RNA helicases in conjunction with eIF4B. These proteins participate in a wide range of processes including nuclear transcription, pre-mRNA splicing, ribosome biogenesis, nucleocytoplasmic transport, translation, RNA decay and organellar gene expression. In contrast, DEAH-box helicases are primarily involved in pre-mRNA splicing and function as ATP-dependent RNA helicases [[cite:PUB00094062], [cite:PUB00054674], [cite:PUB00033620]].</p>"
2;IPR000629;"imex:IM-24272
pubmed:26496610";ATP-dependent RNA helicase DEAD-box, conserved site;"<p>A number of eukaryotic and prokaryotic proteins involved in ATP-dependent, nucleic-acid unwinding have been characterised [[cite:PUB00003826], [cite:PUB00004037], [cite:PUB00004089]] on the basis of their structural similarity. All these proteins share a number of conserved sequence motifs. Some of them are specific to this family while others are shared by other ATP-binding proteins or by proteins belonging to the helicases `superfamily'. One of these motifs, called the 'D-E-A-D-box', represents a special version of the B motif of ATP-binding proteins. Proteins currently known to belong to this family include eukaryotic initiation factor eIF-4A; yeast PRP5, PRP28 and MSS116 splicing proteins, and proteins DHH1, DRS1, MAK5 and ROK1; mouse Pl10, Caenorhabditis elegans helicase glh-1; Drosophila Rm62 (p62), Me31B and Vasa; and Escherichia coli putative RNA helicases dbpA, deaD, rhlB and rhlE.</p>"
2;IPR001650;"imex:IM-24272
pubmed:26496610";Helicase, C-terminal domain-like;"<p>Helicases have been classified in 5 superfamilies (SF1-SF5). For the two largest groups, commonly referred to as SF1 and SF2, a total of seven characteristic motifs has been identified [[cite:PUB00004361]]. These two superfamilies encompass a large number of DNA and RNA helicases from archaea, eubacteria, eukaryotes and viruses.</p>

<p>This entry represents the C-terminal domain found in proteins belonging to the helicase superfamilies 1 and 2. Included in this group is the eukaryotic translation initiation factor 4A (eIF4A), a member of the DEA(D/H)-box RNA helicase family. The structure of the carboxyl-terminal domain of eIF4A has been determined; it has a parallel α-β topology that superimposes, with minor variations, on the structures and conserved motifs of the equivalent domain in other, distantly related helicases [[cite:PUB00025034]].</p>"
2;IPR014014;"imex:IM-24272
pubmed:26496610";RNA helicase, DEAD-box type, Q motif;"<p>RNA helicases from the DEAD-box family are found in almost all organisms and have important roles in RNA metabolism such as splicing, RNA transport, ribosome biogenesis, translation and RNA decay. They are enzymes that unwind double-stranded RNA molecules in an energy dependent fashion through the hydrolysis of NTP. DEAD-box RNA helicases belong to superfamily 2 (SF2) of helicases. As other SF1 and SF2 members they contain seven conserved motifs which are characteristic of these two superfamilies [[cite:PUB00033617]]. DEAD-box is named after the amino acids of motif II or Walker B (Mg2+-binding aspartic acid). Besides these seven motifs, DEAD-box RNA helicases contain a conserved cluster of nine amino-acids (the Q motif) with an invariant glutamine located N-terminally of motif I. An additional highly conserved but isolated aromatic residue is also found upstream of these nine residues [[cite:PUB00033626]]. The Q motif is characteristic of and unique to DEAD box family of helicases. It is supposed to control ATP binding and hydrolysis, and therefore it represents a potential mechanism for regulating helicase activity.</p>

<p>Several structural analyses of DEAD-box RNA helicases have been reported [[cite:PUB00025797], [cite:PUB00030219]]. The Q motif is located in close proximity to motif I. The conserved glutamine and aromatic residues interact with the ADP molecule.</p>

<p>Some proteins known to contain a Q motif:<ul>

<li>Eukaryotic initiation factor 4A (eIF4A). An ATP-dependent RNA helicase which is a subunit of the eIF4F complex involved in cap recognition and required for mRNA binding to ribosome.</li>
<li>Various eukaryotic helicases involved in ribosome biogenesis (DBP3, DRS1, SPB4, MAK5, DBP6, DBP7, DBP9, DBP10).</li>
<li>Eukaryotic DEAD-box proteins involved in pre-mRNA splicing (Prp5p, Prp28p and Sub2p).</li>
<li>DEAD-box proteins required for mitochondrial genome expression (MSS116 and MRH4).</li>
<li>Fungi ATP-dependent RNA helicase DHH1. It is required for decapping and turnover of mRNA.</li>
<li>Fungi ATP-dependent RNA helicase DBP5. It is involved in nucleo-cytoplasmic transport of poly(A) RNA.</li>
<li>Bacterial ATP-dependent RNA helicase rhlB. It is involved in the RNA degradosome, a multi-enzyme complex important in RNA processing and messenger RNA degradation.</li>
<li>Bacterial cold-shock DEAD box protein A.</li>
</ul>

</p>

<p>This entry represents a region stretching from the conserved aromatic residue to one amino acid after the glutamine of the Q motif.</p>"
2;IPR052623;"imex:IM-24272
pubmed:26496610";Dynein axonemal assembly factor 5;"<p>This family includes Dynein axonemal assembly factor 5 (DAAF5). Members of this family are cytoplasmic and play a crucial role in the formation of the dynein inner and outer arms, which are essential for the movement of cilia. These arms are attached to the peripheral outer doublet A microtubule of the axoneme, the core structural component of a cilium [[cite:PUB00154952], [cite:PUB00154951]].</p>; <p>DAAF5 is a cytoplasmic protein involved in the delivery of the dynein machinery to the motile cilium. It is required for the assembly of the axonemal dynein inner and outer arms, two structures attached to the peripheral outer doublet A microtubule of the axoneme, that play a crucial role in cilium motility [[cite:PUB00154952], [cite:PUB00154951]].</p>"
2;IPR056497;"imex:IM-24272
pubmed:26496610";Dynein axonemal assembly factor 5, HEAT-repeat domain;"<p>This entry represents a domain found in the central region of Dynein axonemal assembly factor 5 (DAAF5) from animals, which consists of HEAT repeats.</p>; <p>DAAF5 is a cytoplasmic protein involved in the delivery of the dynein machinery to the motile cilium. It is required for the assembly of the axonemal dynein inner and outer arms, two structures attached to the peripheral outer doublet A microtubule of the axoneme, that play a crucial role in cilium motility [[cite:PUB00154952], [cite:PUB00154951]].</p>"
2;IPR057978;"imex:IM-24272
pubmed:26496610";Dynein axonemal assembly factor 5, TPR repeats;"<p>This is a region of tetratricopeptide (TPR)-like repeats found towards the N-terminal end of human Dynein axonemal assembly factor 5 (DNAAF5) and similar eukaryotic proteins.</p>; <p>DAAF5 is a cytoplasmic protein involved in the delivery of the dynein machinery to the motile cilium. It is required for the assembly of the axonemal dynein inner and outer arms, two structures attached to the peripheral outer doublet A microtubule of the axoneme, that play a crucial role in cilium motility [[cite:PUB00154952], [cite:PUB00154951]].</p>"
2;IPR047374;"doi:10.1016/j.cell.2021.04.011
imex:IM-12079
imex:IM-29278
pubmed:19615732
pubmed:33961781";Ankyrin repeat and KH domain-containing protein 1, type I K homology domain;"<p>This entry represents the type I KH domain of ANKHD1 and similar animal proteins.</p>; <p>ANKHD1, also called HIV-1 Vpr-binding ankyrin repeat protein, or multiple ankyrin repeats single KH domain, or Hmask, is highly expressed in various cancer tissues and is involved in cancer progression, including proliferation and invasion [[cite:PUB00102775], [cite:PUB00102763], [cite:PUB00102770], [cite:PUB00102768], [cite:PUB00102771], [cite:PUB00102761]]. It acts as a scaffolding protein that may be associated with the abnormal phenotype of leukaemia cells. It may play a role in multiple myeloma cell proliferation and cell cycle progression by regulating expression of p21  [[cite:PUB00102761], [cite:PUB00102777], [cite:PUB00102776]]. ANKHD1 is a component of Hippo signalling pathway. It functions as a positive regulator of YAP1 and promotes cell growth and cell cycle progression through Cyclin A upregulation in prostate cancer cells [[cite:PUB00102778]].</p>"
2;IPR024578;"imex:IM-24272
pubmed:26496610";Homez, homeobox domain;"<p>Homez contains three atypical homeobox domains, two leucine zipper-like motifs and an acidic domain and belongs to the superfamily of homeobox-containing proteins. The presence of leucine zippers suggests that Homez can function as a homo or heterodimer in the nucleus [[cite:PUB00056069]]. It is thought that the first leucine zipper and homeodomain 1 (HD1) of Homez is responsible for dimerisation and HD2 has a specific DNA-binding activity. Homez is also thought to function as a transcriptional repressor due to the acidic region in its C-terminal domain [[cite:PUB00056069]]. Homez is involved in a complex regulatory network [[cite:PUB00056069]].</p>
<p>This entry represents a homeobox domain found in Homez (HD3).</p>"
2;IPR035624;"imex:IM-30059
pubmed:39251607";AGGF1, OCRE domain;"<p>Angiogenic factor with G patch and FHA domains 1 (AGGF1, also known as VG5Q) functions as a potent angiogenic factor in promoting angiogenesis through interacting with TWEAK (also known as TNFSF12), which is a member of the tumour necrosis factor (TNF) superfamily that induces angiogenesis in vivo. VG5Q can bind to the surface of endothelial cells and promote cell proliferation, suggesting that it may act in an autocrine fashion. The chromosomal translocation t(5;11) and the E133K variant in VG5Q are associated with Klippel-Trenaunay syndrome (KTS), a disorder characterised by diverse effects in the vascular system. In addition to a forkhead-associated (FHA) domain and a G-patch motif, VG5Q contains an N-terminal OCtamer REpeat (OCRE) domain that is characterised by a 5-fold, imperfectly repeated octameric sequence [[cite:PUB00085726], [cite:PUB00085727]].</p>; <p>The OCRE (OCtamer REpeat) domain contains five repeats of an 8-residue motif, which were shown to form β-strands. Based on the architectures of proteins containing OCRE domains, a role in RNA metabolism and/or signalling has been proposed [[cite:PUB00085724]].</p>"
2;IPR000467;"imex:IM-30059
pubmed:39251607";G-patch domain;"<p>The G-patch domain is an approximately 48 amino acid domain, which is found in a single copy in several RNA-associated proteins and in type D retroviral polyproteins. It is widespread among eukaryotes but is absent in archaea and bacteria. The G-patch domain has been called after its most notable feature, the presence of six highly conserved glycine residues. The position following the first conserved glycine is occupied almost invariably by an aromatic residue, and several other positions are occupied predominantly by either hydrophobic or small residues. Several groups of G-patch containing proteins are conserved in animals, plants and fungi. In some of these proteins the G- patch is the only recognisable domain but in most of them it is combined with other domains, which include well-defined RNA-binding domains, such as the RRM, dsRBD, SURP and R3H. It has been suggested that the G-patch domain has a specific function in RNA processing and, in particular, that it might be a previously undetected RNA-binding domain mediating a distinct type of RNA-protein interaction.</p>

<p>Secondary structure prediction indicates that the G-patch domain probably contains two α-helices, with four out of the six glycines located within an intervening loop.</p>

<p>Proteins known to contain a G-patch domain include:</p>

<ul>
<li>Eukaryotic 45kDa splicing factor (SPF-45).</li>
<li>Mammmalian SON protein, a DNA-binding protein.</li>
<li>Human LUCA15, a multidomain RNA-binding protein that is the product of a gene deleted in certain lung tumors.</li>
<li>Human DAN26/EPROT, a multidomain protein, which, in addition to the G-patch domain, contains an RNA polymerase II C-terminal repeat-binding domain seen in many proteins of the polyA-addition machinery.</li>
<li>Arabidopsis thaliana DRT111, a protein which has been shown to partially restore recombination proficiency and DNA-damage resistance to E. coli mutants.</li>
<li>Type D retroviral polyprotein, where the G-patch domain is found directly downstream of the protease domain.</li>
</ul>"
2;IPR053027;"imex:IM-30059
pubmed:39251607";Angiogenic factor with G patch and FHA domains 1;<p>The AGGF1 family is characterized by its role in promoting angiogenesis and endothelial cell proliferation. Members of the family have the ability to bind to endothelial cells, which may suggest an autocrine mechanism of action. The angiogenic factor with G patch and FHA domains, which defines this family, is involved in the physiological process of new blood vessel formation, a critical aspect of various developmental and repair processes in the body. The family's function in angiogenesis highlights its potential significance in both normal vascular development and pathological conditions where angiogenesis is a factor.</p>
2;IPR041591;"imex:IM-30059
pubmed:39251607";OCRE domain;<p>The OCtamer REpeat (OCRE) has been annotated as a 42-residue sequence motif with 12 tyrosine residues in the spliceosome trans-regulatory elements RBM5 and RBM10 (RBM [RNA-binding motif]), which are known to regulate alternative splicing of Fas and Bcl-x pre-mRNA transcripts [[cite:PUB00091636]]. The structure of the domain consists of an anti-parallel arrangement of six β strands.</p>
2;IPR036855;"imex:IM-30059
pubmed:39251607";Zinc finger, CCCH-type superfamily;"<p>Zinc finger (Znf) domains are relatively small protein motifs which contain multiple finger-like protrusions that make tandem contacts with their target molecule. Some of these domains bind zinc, but many do not; instead, they bind other metals, such as iron, or no metal at all. For example, some family members form salt bridges to stabilise the finger-like folds. They were first identified as a DNA-binding motif in transcription factor TFIIIA from Xenopus laevis (African clawed frog); however, they are now recognised to bind DNA, RNA, protein and/or lipid substrates [[cite:PUB00035807], [cite:PUB00035805], [cite:PUB00035806], [cite:PUB00035804], [cite:PUB00014077]]. Their binding properties depend on the amino acid sequence of the finger domains and of the linker between fingers, as well as on the higher-order structures and the number of fingers. Znf domains are often found in clusters, where fingers can have different binding specificities. There are many superfamilies of Znf motifs, varying in both sequence and structure. They display considerable versatility in binding modes, even between members of the same class (e.g., some bind DNA, others protein), suggesting that Znf motifs are stable scaffolds that have evolved specialised functions. For example, Znf-containing proteins function in gene transcription, translation, mRNA trafficking, cytoskeleton organisation, epithelial development, cell adhesion, protein folding, chromatin remodelling and zinc sensing, to name but a few [[cite:PUB00035812]]. Zinc-binding motifs are stable structures, and they rarely undergo conformational changes upon binding their target.</p>; <p>This entry represents C-x8-C-x5-C-x3-H (CCCH) type Zinc finger (Znf) domains superfamily. Proteins containing CCCH Znf domains include Znf proteins from eukaryotes involved in cell cycle or growth phase-related regulation, e.g. human TIS11B (butyrate response factor 1), a probable regulatory protein involved in regulating the response to growth factors, and the mouse TTP growth factor-inducible nuclear protein, which has the same function. The mouse TTP protein is induced by growth factors. Another protein containing this domain is the human splicing factor U2AF 35kDa subunit, which plays a critical role in both constitutive and enhancer-dependent splicing by mediating essential protein-protein interactions and protein-RNA interactions required for 3' splice site selection. It has been shown that different CCCH-type Znf proteins interact with the 3'-untranslated region of various mRNA [[cite:PUB00005945], [cite:PUB00005946]]. This type of Znf is very often present in two copies.</p>"
2;IPR000571;"imex:IM-30059
pubmed:39251607";Zinc finger, CCCH-type;"<p>This entry represents C-x8-C-x5-C-x3-H (CCCH) type Zinc finger (Znf) domains.</p>; <p>Proteins containing CCCH Znf domains include Znf proteins from eukaryotes involved in cell cycle or growth phase-related regulation, e.g. human TIS11B (butyrate response factor 1, also known as mRNA decay activator protein ZFP36L1), a probable regulatory protein involved in regulating the response to growth factors, and the mouse TTP growth factor-inducible nuclear protein, which has the same function. The mouse TTP protein is induced by growth factors. Another protein containing this domain is the human splicing factor U2AF 35kDa subunit, which plays a critical role in both constitutive and enhancer-dependent splicing by mediating essential protein-protein interactions and protein-RNA interactions required for 3' splice site selection. It has been shown that different CCCH-type Znf proteins interact with the 3'-untranslated region of various mRNA [[cite:PUB00005945], [cite:PUB00005946]]. This type of Znf is very often present in two copies.</p>; <p>Zinc finger (Znf) domains are relatively small protein motifs which contain multiple finger-like protrusions that make tandem contacts with their target molecule. Some of these domains bind zinc, but many do not; instead, they bind other metals, such as iron, or no metal at all. For example, some family members form salt bridges to stabilise the finger-like folds. They were first identified as a DNA-binding motif in transcription factor TFIIIA from Xenopus laevis (African clawed frog); however, they are now recognised to bind DNA, RNA, protein and/or lipid substrates [[cite:PUB00035807], [cite:PUB00035805], [cite:PUB00035806], [cite:PUB00035804], [cite:PUB00014077]]. Their binding properties depend on the amino acid sequence of the finger domains and of the linker between fingers, as well as on the higher-order structures and the number of fingers. Znf domains are often found in clusters, where fingers can have different binding specificities. There are many superfamilies of Znf motifs, varying in both sequence and structure. They display considerable versatility in binding modes, even between members of the same class (e.g., some bind DNA, others protein), suggesting that Znf motifs are stable scaffolds that have evolved specialised functions. For example, Znf-containing proteins function in gene transcription, translation, mRNA trafficking, cytoskeleton organisation, epithelial development, cell adhesion, protein folding, chromatin remodelling and zinc sensing, to name but a few [[cite:PUB00035812]]. Zinc-binding motifs are stable structures, and they rarely undergo conformational changes upon binding their target.</p>"
2;IPR054361;"imex:IM-30059
pubmed:39251607";Zinc finger CCCH domain-containing protein 4/6/8, CCCH zinc finger;<p>This domain is found in human KIAA1064 (also known as Zinc finger CCCH domain-containing protein 4), Zinc finger CCCH domain-containing protein 6 and 8. ZC3H4 is a RNA-binding protein that suppresses transcription of long non-coding RNAs (lncRNAs) [[cite:PUB00154337], [cite:PUB00154338]]. ZC3H8 is a component of the little elongation complex (LEC), a complex required to regulate small nuclear RNA (snRNA) gene transcription by RNA polymerase II and III [[cite:PUB00072917]].</p>
2;IPR045124;"imex:IM-30059
pubmed:39251607";Protein suppressor of sable-like;<p>This entry includes protein suppressor of sable (also known as Su(s)) from flies and related proteins from eukaryotes. They contain closely related CCCH zinc finger (ZF) motifs. Su(s) is a nuclear RNA-binding protein that inhibits the accumulation of certain aberrant mRNAs [[cite:PUB00098090]]. It has been shown to interact with Wdr82, and together they inhibit Pol II elongation through Hsp70-alphabeta elements [[cite:PUB00098091]].</p>
2;IPR011124;"doi:10.1016/j.cell.2021.04.011
imex:IM-12079
imex:IM-21659
imex:IM-24272
imex:IM-29278
pubmed:19615732
pubmed:26496610
pubmed:27705803
pubmed:33961781";Zinc finger, CW-type;"<p>This entry represents a CW-type zinc finger motif, named for its conserved cysteine and tryptophan residues. It is predicted to be a highly specialised mononuclear four-cysteine (C4) zinc finger that plays a role in DNA binding and/or promoting protein-protein interactions in complicated eukaryotic processes including chromatin methylation status and early embryonic development. Weak homology to members of [interpro:IPR001965] further evidences these predictions. The domain is found exclusively in vertebrates, vertebrate-infecting parasites and higher plants [[cite:PUB00014297]].</p>; <p>Zinc finger (Znf) domains are relatively small protein motifs which contain multiple finger-like protrusions that make tandem contacts with their target molecule. Some of these domains bind zinc, but many do not; instead, they bind other metals, such as iron, or no metal at all. For example, some family members form salt bridges to stabilise the finger-like folds. They were first identified as a DNA-binding motif in transcription factor TFIIIA from Xenopus laevis (African clawed frog); however, they are now recognised to bind DNA, RNA, protein and/or lipid substrates [[cite:PUB00035807], [cite:PUB00035805], [cite:PUB00035806], [cite:PUB00035804], [cite:PUB00014077]]. Their binding properties depend on the amino acid sequence of the finger domains and of the linker between fingers, as well as on the higher-order structures and the number of fingers. Znf domains are often found in clusters, where fingers can have different binding specificities. There are many superfamilies of Znf motifs, varying in both sequence and structure. They display considerable versatility in binding modes, even between members of the same class (e.g., some bind DNA, others protein), suggesting that Znf motifs are stable scaffolds that have evolved specialised functions. For example, Znf-containing proteins function in gene transcription, translation, mRNA trafficking, cytoskeleton organisation, epithelial development, cell adhesion, protein folding, chromatin remodelling and zinc sensing, to name but a few [[cite:PUB00035812]]. Zinc-binding motifs are stable structures, and they rarely undergo conformational changes upon binding their target.</p>"
2;IPR007526;"doi:10.1016/j.cell.2021.04.011
imex:IM-12079
imex:IM-21659
imex:IM-24272
imex:IM-29278
pubmed:19615732
pubmed:26496610
pubmed:27705803
pubmed:33961781";SWIRM domain;"<p>The SWIRM domain is a small α-helical domain of about 85 amino acid residues found in eukaryotic chromosomal proteins. It is named after the proteins SWI3, RSC8 and MOIRA in which it was first recognised. This domain mediates protein-protein interactions in the assembly of chromatin-protein complexes [[cite:PUB00057211], [cite:PUB00040775]]. The yeast SWI3 SWIRM structure revealed that it forms a four-helix globular domain containing a helix-turn-helix motif [[cite:PUB00040775]].</p>

<p>The SWIRM domain can be linked to different domains, such as the ZZ-type zinc finger ([interpro:IPR000433]), the Myb DNA-binding domain ([interpro:IPR001005]), the HORMA domain ([interpro:IPR003511]), the amino-oxidase domain, the chromo domain ([interpro:IPR000953]), and the JAB1/PAD1 domain.</p>"
2;IPR036188;"doi:10.1016/j.cell.2021.04.011
imex:IM-12079
imex:IM-21659
imex:IM-24272
imex:IM-29278
pubmed:19615732
pubmed:26496610
pubmed:27705803
pubmed:33961781";FAD/NAD(P)-binding domain superfamily;"<p>This FAD binding domain that characterises this superfamily has a nested NADH binding domain and is found in both class I and class II oxidoreductases and in FAD-dependent monooxygenases [[cite:PUB00151094], [cite:PUB00151093]].</p>; <p>FAD flavoproteins belonging to the family of pyridine nucleotide-disulphide oxidoreductases (glutathione reductase, trypanothione reductase, lipoamide dehydrogenase, mercuric reductase, thioredoxin reductase, and alkyl hydroperoxide reductase) share sequence similarity with a number of other flavoprotein oxidoreductases, in particular with ferredoxin-NAD+ reductases involved in the oxidative metabolism of a variety of hydrocarbons (rubredoxin reductase, putidaredoxin reductase, terpredoxin reductase, ferredoxin-NAD+ reductase components of benzene 1,2-dioxygenase, toluene 1,2-dioxygenase, chlorobenzene dioxygenase, and biphenyl dioxygenase), NADH oxidase and NADH peroxidase [[cite:PUB00003255], [cite:PUB00003296], [cite:PUB00004100]]. Comparison of the crystal structures of human glutathione reductase and Escherichia coli thioredoxin reductase reveals different locations of their active sites, suggesting that the enzymes diverged from an ancestral FAD/NAD(P)H reductase and acquired their disulphide reductase activities independently [[cite:PUB00004100]].</p>

<p>Despite functional similarities, oxidoreductases of this family show no sequence similarity with adrenodoxin reductases [[cite:PUB00001372]] and flavoprotein pyridine nucleotide cytochrome reductases (FPNCR) [[cite:PUB00002674]]. Assuming that disulphide reductase activity emerged later, during divergent evolution, the family can be referred to as FAD-dependent pyridine nucleotide reductases, FADPNR.</p>

<p>To date, 3D structures of glutathione reductase [[cite:PUB00003219]], thioredoxin reductase [[cite:PUB00004100]], mercuric reductase [[cite:PUB00004099]], lipoamide dehydrogenase [[cite:PUB00003272]], trypanothione reductase [[cite:PUB00004756]] and NADH peroxidase [[cite:PUB00003273]] have been solved. The enzymes share similar tertiary structures based on a doubly wound α/β fold, but the relative orientations of their FAD- and NAD(P)H-binding domains may vary significantly. By contrast with the FPNCR family, the folds of the FAD- and NAD(P)H-binding domains are similar, suggesting that the domains evolved by gene duplication [[cite:PUB00003195]].</p>"
2;IPR050281;"doi:10.1016/j.cell.2021.04.011
imex:IM-12079
imex:IM-21659
imex:IM-24272
imex:IM-29278
pubmed:19615732
pubmed:26496610
pubmed:27705803
pubmed:33961781";L-amino-acid oxidase-like;<p>This entry represents L-amino-acid oxidases and related proteins. This family of proteins includes enzymes that catalyse the oxidative deamination of various L-amino acids, producing hydrogen peroxide and other byproducts. Members of this family exhibit a range of biological activities, such as antibacterial, antiparasitic, and cytotoxic effects against cancer cell lines. Some are involved in the regulation of polyamine intracellular concentration and may play roles in immune regulation by affecting T-cell activation and differentiation. They are also implicated in epigenetic regulation through histone demethylation, influencing transcriptional activation or repression. The family includes L-amino acid oxidases with diverse substrate specificities, polyamine oxidases, and lysine-specific histone demethylases, among others [[cite:PUB00164862], [cite:PUB00164861]].</p>
2;IPR002937;"doi:10.1016/j.cell.2021.04.011
imex:IM-12079
imex:IM-21659
imex:IM-24272
imex:IM-29278
pubmed:19615732
pubmed:26496610
pubmed:27705803
pubmed:33961781";Amine oxidase;"<p>This entry consists of various amine oxidases, including maize polyamine oxidase (PAO) [[cite:PUB00001716]], L-amino acid oxidases (LAO) and various flavin containing monoamine oxidases (MAO). The aligned region includes the flavin binding site of these enzymes. In vertebrates, MAO plays an important role in regulating the intracellular levels of amines via their oxidation; these include various neurotransmitters, neurotoxins and trace amines [[cite:PUB00002991]]. In lower eukaryotes such as aspergillus and in bacteria the main role of amine oxidases is to provide a source of ammonium [[cite:PUB00003770]]. PAOs in plants, bacteria and protozoa oxidise spermidine and spermine to an aminobutyral, diaminopropane and hydrogen peroxide and are involved in the catabolism of polyamines [[cite:PUB00001716]]. Other members of this group include tryptophan 2-monooxygenase, putrescine oxidase, corticosteroid binding proteins and antibacterial glycoproteins.</p>"
2;IPR033370;"imex:IM-24272
pubmed:26496610";Conserved oligomeric Golgi complex subunit 1;"<p>The conserved oligomeric Golgi complex (COG) is a peripheral membrane protein complex involved in intra-Golgi protein trafficking. The complex is composed of eight subunits that are located in two lobes; Lobe A contains COG1-4, and Lobe B is composed of COG5-8. COG1 and COG8 are required for the stable association between two COG subcomplexes [[cite:PUB00044937], [cite:PUB00045273], [cite:PUB00078554]].</p>"
2;IPR023954;"imex:IM-13779
pubmed:20711500";C4-dicarboxylate transport protein;"<p>It has been shown [[cite:PUB00000660]] that integral membrane proteins that mediate the uptake of a wide variety of molecules with the concomitant uptake of sodium ions (sodium symporters) can be grouped, on the basis of sequence and functional similarities into a number of distinct families. One of these families [[cite:PUB00004767]] is known as the sodium:dicarboxylate symporter family (SDF).</p>

<p>Such re-uptake of neurotransmitters from the synapses, is thought to be an important mechanism for terminating their action, by removing these chemicals from the synaptic cleft, and transporting them into presynaptic nerve terminals, and surrounding neuroglia. this removal is also believed to prevent them accumulating to the point of reaching neurotoxic [[cite:PUB00004137], [cite:PUB00004138]].</p>

<p>The structure of these transporter proteins has been variously reported to contain from 8 to 10 transmembrane (TM) regions, although 10 now seems to be the accepted value.</p>

<p>This entry represents cell membrane proteins which are responsible for the transport of dicarboxylates such assuccinate, fumarate, and malate from the periplasm across the membrane [[cite:PUB00055091]]. They belong to the sodium:dicarboxylate (SDF) symporter(TC 2.A.23) family.</p>"
2;IPR001991;"imex:IM-13779
pubmed:20711500";Sodium:dicarboxylate symporter;"<p>It has been shown [[cite:PUB00000660]] that integral membrane proteins that mediate the uptake of a wide variety of molecules with the concomitant uptake of sodium ions (sodium symporters) can be grouped, on the basis of sequence and functional similarities into a number of distinct families. One of these families is known as the sodium:dicarboxylate symporter family (SDF) [[cite:PUB00004767]].</p>

<p>Such re-uptake of neurotransmitters from the synapses, is thought to be an important mechanism for terminating their action, by removing these chemicals from the synaptic cleft, and transporting them into presynaptic nerve terminals, and surrounding neuroglia. This removal is also believed to prevent them accumulating to the point of reaching neurotoxic [[cite:PUB00004137], [cite:PUB00004138]].</p>

<p>The structure of these transporter proteins has been variously reported to contain from 8 to 10 transmembrane (TM) regions, although 10 now seems to be the accepted value.</p>

<p>Members of the family include: several mammalian excitatory amino acid transporters, and a number of bacterial transporters. They vary with regards to their dependence on transport of sodium, and other ions.</p>"
2;IPR036458;"imex:IM-13779
pubmed:20711500";Sodium:dicarboxylate symporter superfamily;"<p>It has been shown [[cite:PUB00000660]] that integral membrane proteins that mediate the uptake of a wide variety of molecules with the concomitant uptake of sodium ions (sodium symporters) can be grouped, on the basis of sequence and functional similarities into a number of distinct families. One of these families is known as the sodium:dicarboxylate symporter family (SDF) [[cite:PUB00004767]].</p>

<p>Such re-uptake of neurotransmitters from the synapses, is thought to be an important mechanism for terminating their action, by removing these chemicals from the synaptic cleft, and transporting them into presynaptic nerve terminals, and surrounding neuroglia. This removal is also believed to prevent them accumulating to the point of reaching neurotoxic [[cite:PUB00004137], [cite:PUB00004138]].</p>

<p>The structure of these transporter proteins has been variously reported to contain from 8 to 10 transmembrane (TM) regions, although 10 now seems to be the accepted value.</p>

<p>Members of the family include: several mammalian excitatory amino acid transporters, and a number of bacterial transporters. They vary with regards to their dependence on transport of sodium, and other ions.</p>"
2;IPR018107;"imex:IM-13779
pubmed:20711500";Sodium:dicarboxylate symporter, conserved site;"<p>It has been shown [[cite:PUB00000660]] that integral membrane proteins that mediate the uptake of a wide variety of molecules with the concomitant uptake of sodium ions (sodium symporters) can be grouped, on the basis of sequence and functional similarities into a number of distinct families. One of these families is known as the sodium:dicarboxylate symporter family (SDF) [[cite:PUB00004767]].</p>

<p>Such re-uptake of neurotransmitters from the synapses, is thought to be an important mechanism for terminating their action, by removing these chemicals from the synaptic cleft, and transporting them into presynaptic nerve terminals, and surrounding neuroglia. This removal is also believed to prevent them accumulating to the point of reaching neurotoxic [[cite:PUB00004137], [cite:PUB00004138]].</p>

<p>The structure of these transporter proteins has been variously reported to contain from 8 to 10 transmembrane (TM) regions, although 10 now seems to be the accepted value.</p>

<p>Members of the family include: several mammalian excitatory amino acid transporters, and a number of bacterial transporters. They vary with regards to their dependence on transport of sodium, and other ions.</p>"
2;IPR056153;"doi:10.1016/j.cell.2022.04.014
imex:IM-29493
pubmed:35512704";IFT122/SMU1, beta-propeller domain;"<p>This entry represents a β-propeller found at the N-terminal end of IFT122 and at the C-terminal of SMU1. Members of this group are found in eukaryotes and bacteria.</p>; <p>Intraflagellar transport protein 122 homolog (IFT122) is one of the core components (together with WDR19/IFT144 and IFT140) of the IFT-A complex which is required for retrograde ciliary transport and entry into cilia of G protein-coupled receptors (GPCRs), being involved in cilia function and/or assembly [[cite:PUB00155528], [cite:PUB00101516]]. IFT-A polymerises interacts with IFT-B, and uses an array of β-propeller and TPR domains to create 'carriages' of the IFT train that engage TULP adaptor proteins [[cite:PUB00101516]].</p>; <p>Human WD40 repeat-containing protein SMU1 is involved in pre-mRNA splicing as a component of the spliceosome [[cite:PUB00090272]], and is required for normal accumulation of IK [[cite:PUB00162459]].</p>"
2;IPR001810;"doi:10.1016/j.cell.2022.04.014
imex:IM-29493
pubmed:35512704";F-box domain;<p>First identified in cyclin-F as a protein-protein interaction motif, the F-box is a conserved domain that is present in numerous proteins with a bipartite structure [[cite:PUB00000938]]. Through the F-box, these proteins are linked to the Skp1 protein and the core of SCFs (Skp1-cullin-F-box protein ligase) complexes. SCFs complexes constitute a new class of E3 ligases [[cite:PUB00000952]]. They function in combination with the E2 enzyme Cdc34 to ubiquitinate G1 cyclins, Cdk inhibitors and many other proteins, to mark them for degradation. The binding of the specific substrates by SCFs complexes is mediated by divergent protein-protein interaction motifs present in F-box proteins, like WD40 repeats, leucine rich repeats [[cite:PUB00018180], [cite:PUB00018181]] or ANK repeats.</p>
2;IPR036047;"doi:10.1016/j.cell.2022.04.014
imex:IM-29493
pubmed:35512704";F-box-like domain superfamily;<p>First identified in cyclin-F as a protein-protein interaction motif, the F-box is a conserved domain that is present in numerous proteins with a bipartite structure [[cite:PUB00000938]]. Through the F-box, these proteins are linked to the Skp1 protein and the core of SCFs (Skp1-cullin-F-box protein ligase) complexes. SCFs complexes constitute a new class of E3 ligases [[cite:PUB00000952]]. They function in combination with the E2 enzyme Cdc34 to ubiquitinate G1 cyclins, Cdk inhibitors and many other proteins, to mark them for degradation. The binding of the specific substrates by SCFs complexes is mediated by divergent protein-protein interaction motifs present in F-box proteins, like WD40 repeats, leucine rich repeats [[cite:PUB00018180], [cite:PUB00018181]] or ANK repeats.</p>
2;Homo sapiens;"IPR013078
IPR029033
IPR051021";;
2;IPR037185;"imex:IM-24272
pubmed:26496610";Multidrug transporter EmrE superfamily;"<p>This superfamily, with a founding member EmrE, represents a number of membrane transporters some of which involved in multidrug resistance. Members contain four non-compact transmembrane helices that can oligomerise.</p>; <p>EmrE, a multidrug transporter from Escherichia coli, functions as a homodimer of a small four-transmembrane protein. It confers resistance to a wide range of toxic compounds, including ethidium, methyl viologen, acriflavine, tetraphenylphosphonium (TPP+), benzalkonium, propidium, dequalinium and the aminoglycoside antibiotics streptomycin and tobramycin [[cite:PUB00159766], [cite:PUB00160800], [cite:PUB00159767], [cite:PUB00050516], [cite:PUB00160801], [cite:PUB00160802]].</p>; <p>The Undecaprenyl phosphate-aminoarabinose (also known as 4-amino-4-deoxy-L-arabinose-phosphoundecaprenol) flippase subunit ArnE translocates 4-amino-4-deoxy-L-arabinose-phosphoundecaprenol from the cytoplasmic to the periplasmic side of the inner membrane and is involved in the lipopolysaccharide biosynthesis.</p>"
2;IPR050186;"imex:IM-24272
pubmed:26496610";Triose Phosphate/Phosphate Translocator;<p>The TPT transporter family is involved in the transport of various substances across cellular membranes. Members of this family function as nucleotide-sugar transporters, facilitating the import of nucleotide-sugars such as GDP-mannose, UDP-glucose, and UDP-galactose into the Golgi lumen or endoplasmic reticulum. These transport processes are essential for the synthesis of glycoproteins, glycolipids, and oligosaccharides, impacting cell wall composition, glycosylation, and other cellular functions. Some family members also transport sugar phosphates like triose phosphates, phosphoenolpyruvate, and glucose-6-phosphate, playing roles in photosynthesis, carbon fixation, and metabolic pathways. The family includes antiporters specific for GDP-fucose, which are involved in fucosylation processes essential for cell signaling and development. Overall, the TPT transporter family is crucial for various biosynthetic pathways and cellular homeostasis.</p>
2;IPR004853;"imex:IM-24272
pubmed:26496610";Sugar phosphate transporter domain;<p>This domain is found in a number of sugar phosphate transporters, including those with a specificity for triose phosphate [[cite:PUB00020858]].</p>
2;IPR058028;"imex:IM-24272
pubmed:26496610";AP-4 complex accessory subunit Tepsin, VHS/ENTH-like domain;<p>This entry describes the VHS/ENTH-like domain found in human AP-4 complex accessory subunit Tepsin and similar animal proteins. The Epsin N-Terminal Homology (ENTH) domain is an evolutionarily conserved protein module found primarily in proteins that participate in clathrin-mediated endocytosis. ENTH is structurally similar to the VHS domain and is composed of a superhelix of eight α-helices. ENTH domains bind both, inositol phospholipids and proteins. They contribute to the nucleation and formation of clathrin coats on membranes [[cite:PUB00086426]]. Tepsin associates with the Adapter-like complex 4 (AP-4) and may therefore play a role in vesicular trafficking of proteins at the trans-Golgi network [[cite:PUB00086230]].</p>
2;IPR008942;"imex:IM-24272
pubmed:26496610";ENTH/VHS;"<p>This superfamily represents domains with a multi-helical, α-α 2-layered structural fold as found in: the ENTH domain of Epsin; the VHS domain of Hrs, Tom1, and ADP-ribosylation factors; the RPR domain of PCF11 protein; and the N-terminal domain of phosphoinositide-binding clathrin adaptor.</p>

<p>The epsin NH2-terminal homology (ENTH) domain is a membrane interacting module composed of a superhelix of α-helices. It is present at the NH2-terminus of proteins that often contain consensus sequences for binding to clathrin coat components and their accessory factors, and therefore function as endocytic adaptors. ENTH domain containing proteins have additional roles in signalling and actin regulation and may have yet other actions in the nucleus. The ENTH domain is structurally similar to the VHS domain.</p>

<p>The ENTH domain is approximately 150 amino acids long. The ENTH domain forms a compact globular structure, composed of eight α-helices connected by loops of varying length. Three helical hairpins that are stacked consecutively with a right-handed twist determine the general topology of the domain. This stacking gives the ENTH domain a rectangular appearance when viewed face on. The most highly conserved amino acids fall roughly into two classes: internal residues that are involved in packing and therefore are necessary for structural integrity, and solvent accessible residues that may be involved in protein-protein interactions [[cite:PUB00007107]].</p>

<p>VHS domains are found at the N termini of select proteins involved in intracellular membrane trafficking. The domain consists of eight helices arranged in a superhelix. The surface of the domain has two main features: a basic patch on one side due to several conserved positively charged residues on helix 3 and a negatively charged ridge on the opposite side, formed by residues on helix 2. Comparison of the two VHS domains and the ENTH domain reveals a conserved surface, composed of helices 2 and 4, that is utilised for protein-protein interactions. In addition, VHS domain-containing proteins are also often localized to membranes. It has therefore been suggested that the conserved positively charged surface of helix 3 in VHS and ENTH domains plays a role in membrane binding [[cite:PUB00008037]].</p>"
2;IPR039273;"imex:IM-24272
pubmed:26496610";AP-4 complex accessory subunit Tepsin;<p>Tepsin associates with the adapter-like complex (AP-4) complex, which forms a non-clathrin coat around cytoplasmic vesicles in plants and animals [[cite:PUB00089389]].  Mutagenesis studies have identified two phylogenetically conserved peptide motifs within the C-terminal of tepsin that interact with the C-terminal ear (or appendage) domains of the beta4 and epsilon subunits of AP-4 [[cite:PUB00086230]]. The homologue from Arabidopsis thaliana is known as MTV1 (At3g16270), which mediates clathrin-dependent trafficking of vacuolar cargo from the trans-Golgi network [[cite:PUB00089789]].</p>
2;IPR035802;"imex:IM-24272
pubmed:26496610";Tepsin, ENTH/VHS domain;"<p>Tepsin (also known as the product of the ENTHD2 or AP4AT gene) is an AP-4 accessory protein. It binds to the beta4-ear domain of AP-4, and is recruited to the trans-Golgi network (TGN) in manner dependent on this interaction [[cite:PUB00086230]]. This is the ENTH/VHS domain in tepsin and in A. thaliana protein  At3g16270 [[cite:PUB00046754]].</p>

<p>Unlike the other members of the ENTH/ANTH/VHS superfamily, the tepsin ENTH domain lacks helix0, helix8, and a lipid binding pocket. Loss of helix0 precludes formation of a lipid binding pocket and explains why tepsin ENTH domain cannot interact directly with phosphoinositide head groups [[cite:PUB00086426]].</p>"
2;IPR013809;"imex:IM-24272
pubmed:26496610";ENTH domain;"<p>The ENTH (Epsin N-terminal homology) domain is approximately 150 amino acids in length and is always found located at the N-termini of proteins. The domain forms a compact globular structure, composed of 9 α-helices connected by loops of varying length. The general topology is determined by three helical hairpins that are stacked consecutively with a right hand twist [[cite:PUB00007107]]. An N-terminal helix folds back, forming a deep basic groove that forms the binding pocket for the Ins(1,4,5)P3 ligand [[cite:PUB00007108]]. The ligand is coordinated by residues from surrounding α-helices and all three phosphates are multiply coordinated. The coordination of Ins(1,4,5)P3 suggests that ENTH is specific for particular head groups.</p>

<p>Proteins containing this domain have been found to bind PtdIns(4,5)P2 and PtdIns(1,4,5)P3 suggesting that the domain may be a membrane interacting module. The main function of proteins containing this domain appears to be to act as accessory clathrin adaptors in endocytosis, Epsin is able to recruit and promote clathrin polymerisation on a lipid monolayer, but may have additional roles in signalling and actin regulation [[cite:PUB00005059]]. Epsin causes a strong degree of membrane curvature and tubulation, even fragmentation of membranes with a high PtdIns(4,5)P2 content. Epsin binding to membranes facilitates their deformation by insertion of the N-terminal helix into the outer leaflet of the bilayer, pushing the head groups apart. This would reduce the energy needed to curve the membrane into a vesicle, making it easier for the clathrin cage to fix and stabilise the curved membrane. This points to a pioneering role for epsin in vesicle budding as it provides both a driving force and a link between membrane invagination and clathrin polymerisation.</p>"
2;IPR002848;"imex:IM-24272
pubmed:26496610";Translin family;"<p>Translins are DNA-binding proteins that specifically recognise consensus sequences at the breakpoint junctions in chromosomal translocations, mostly involving immunoglobulin (Ig)/T-cell receptor gene segments. They seem to recognise single-stranded DNA ends generated by staggered breaks occuring at recombination hot spots [[cite:PUB00005776]]. Translin folds into an α-α superhelix, consisting of two curved layers of α/α topology [[cite:PUB00028825], [cite:PUB00037000]].</p>

<p>This entry also includes translin-associated protein X (TRAX), which was found to interact with translin [[cite:PUB00005776], [cite:PUB00076798]].</p>"
2;IPR016068;"imex:IM-24272
pubmed:26496610";Translin, N-terminal;"<p>Translins are DNA-binding proteins that specifically recognise consensus sequences at the breakpoint junctions in chromosomal translocations, mostly involving immunoglobulin (Ig)/T-cell receptor gene segments. They seem to recognise single-sranded DNA ends generated by staggered breaks occuring at recombination hot spots [[cite:PUB00005776]].</p>
<p>Translin folds into an α-α superhelix, consisting of two curved layers of α/α topology [[cite:PUB00028825], [cite:PUB00037000]].  This structure can be divided into two α-bundle subdomains. This entry represents the N-terminal α bundle subdomain.</p>"
2;IPR016069;"imex:IM-24272
pubmed:26496610";Translin, C-terminal;"<p>Translins are DNA-binding proteins that specifically recognise consensus sequences at the breakpoint junctions in chromosomal translocations, mostly involving immunoglobulin (Ig)/T-cell receptor gene segments. They seem to recognise single-sranded DNA ends generated by staggered breaks occuring at recombination hot spots [[cite:PUB00005776]].</p>
<p>Translin folds into an α-α superhelix, consisting of two curved layers of α/α topology [[cite:PUB00028825], [cite:PUB00037000]].  This structure can be divided into two α-bundle subdomains. This entry represents the C-terminal α bundle subdomain.</p>"
2;IPR036081;"imex:IM-24272
pubmed:26496610";Translin superfamily;"<p>Translins are DNA-binding proteins that specifically recognise consensus sequences at the breakpoint junctions in chromosomal translocations, mostly involving immunoglobulin (Ig)/T-cell receptor gene segments. They seem to recognise single-stranded DNA ends generated by staggered breaks occuring at recombination hot spots [[cite:PUB00005776]]. Translin folds into an α-α superhelix, consisting of two curved layers of α/α topology [[cite:PUB00028825], [cite:PUB00037000]].</p>

<p>This entry also includes translin-associated protein X (TRAX), which was found to interact with translin [[cite:PUB00005776], [cite:PUB00076798]].</p>"
2;IPR037103;"imex:IM-21659
pubmed:27705803";Tubulin/FtsZ-like, C-terminal domain;<p>This domain superfamily is found in the tubulin alpha, beta and gamma chains, as well as the bacterial FtsZ family of proteins and other Tubulin-like proteins. These proteins are GTPases and are involved in polymer formation. Tubulin is the major component of microtubules, while FtsZ is the polymer-forming protein of bacterial cell division, it is part of a ring in the middle of the dividing cell that is required for constriction of cell membrane and cell envelope to yield two daughter cells. FtsZ can polymerise into tubes, sheets, and rings<i>in vitro</i>and is ubiquitous in bacteria and archaea. This is the C-terminal domain.</p>
2;IPR008280;"imex:IM-21659
pubmed:27705803";Tubulin/FtsZ, C-terminal;<p>This domain superfamily is found in the tubulin alpha, beta and gamma chains, as well as the bacterial FtsZ family of proteins. These proteins are GTPases and are involved in polymer formation. Tubulin is the major component of microtubules, while FtsZ is the polymer-forming protein of bacterial cell division, it is part of a ring in the middle of the dividing cell that is required for constriction of cell membrane and cell envelope to yield two daughter cells. FtsZ can polymerise into tubes, sheets, and rings<i>in vitro</i>and is ubiquitous in bacteria and archaea. This is the C-terminal domain.</p>
2;IPR003008;"imex:IM-21659
pubmed:27705803";Tubulin/FtsZ, GTPase domain;<p>This entry represents a GTPase domain found in all tubulin chains, such as tubulin alpha, beta and gamma chains, plant ARC3 and prokaryotic FtsZ and CetZ proteins [[cite:PUB00003961], [cite:PUB00096948]]. These proteins are involved in polymer formation. Tubulin is the major component of microtubules, while FtsZ (homologue of eukaryotic tubulin) is the polymer-forming protein of bacterial cell division, it is part of a ring in the middle of the dividing cell that is required for constriction of cell membrane and cell envelope to yield two daughter cells [[cite:PUB00044363], [cite:PUB00004272]]. FtsZ can polymerise into tubes, sheets, and rings in vitro and is ubiquitous in bacteria and archaea. CetZ co-exists with FtsZ in many archaea. Cetz does not affect cell division, instead, it is involved in cell shape control [[cite:PUB00074278]]. Arabidopsis chloroplast protein ARC3 (At1g75010) is a Z-ring accessory protein involved in the initiation of plastid division and division site placement [[cite:PUB00074279], [cite:PUB00074280]].</p>
2;IPR002452;"imex:IM-21659
pubmed:27705803";Alpha tubulin;<p>Microtubules are polymers of tubulin, a dimer of two 55kDa subunits, designated alpha and beta [[cite:PUB00000039], [cite:PUB00000978]]. Within the microtubule lattice, α-β heterodimers associate in a head-to-tail fashion, giving rise to microtubule polarity. Fluorescent labelling studies have suggested that tubulin is oriented in microtubules with beta-tubulin toward the plus end [[cite:PUB00006112]]. For maximal rate and extent of polymerisation into microtubules, tubulin requires GTP. Two molecules of GTP are bound at different sites, termed N and E. At the E (Exchangeable) site, GTP is hydrolysed during incorporation into the microtubule. Close to the E site is an invariant region rich in glycine residues, which is found in both chains and is thought to control access of the nucleotide to its binding site [[cite:PUB00002443]].</p>
2;IPR018316;"imex:IM-21659
pubmed:27705803";Tubulin/FtsZ, 2-layer sandwich domain;<p>This domain is found in the tubulin alpha, beta and gamma chains, as well as the bacterial FtsZ family of proteins. These proteins are GTPases and are involved in polymer formation. Tubulin is the major component of microtubules, while FtsZ is the polymer-forming protein of bacterial cell division, it is part of a ring in the middle of the dividing cell that is required for constriction of cell membrane and cell envelope to yield two daughter cells. FtsZ can polymerise into tubes, sheets, and rings<i>in vitro</i>and is ubiquitous in bacteria and archaea. This is the C-terminal domain.</p>
2;IPR017975;"imex:IM-21659
pubmed:27705803";Tubulin, conserved site;"<p>Microtubules are polymers of tubulin, a dimer of two 55kDa subunits, designated alpha and beta [[cite:PUB00000039], [cite:PUB00000978]]. Within the microtubule lattice, α-β heterodimers associate in a head-to-tail fashion, giving rise to microtubule polarity. Fluorescent labelling studies have suggested that tubulin is oriented in microtubules with beta-tubulin toward the plus end [[cite:PUB00006112]].</p>

<p>For maximal rate and extent of polymerisation into microtubules, tubulin requires GTP. Two molecules of GTP are bound at different sites, termed N and E. At the E (Exchangeable) site, GTP is hydrolysed during incorporation into the microtubule. Close to the E site is an invariant region rich in glycine residues, which is found in both chains and is thought to control access of the nucleotide to its binding site [[cite:PUB00002443]].</p>

<p>Most species, excepting simple eukaryotes, express a variety of closely- related alpha- and beta-isotypes. A third family member, gamma tubulin, has also been identified in a number of species. Gamma tubulin is found at microtubule-organising centres, such as the spindle poles or the centrosome, suggesting that it is involved in minus-end nucleation of microtubule assembly [[cite:PUB00000721]].</p>

<p>This entry represents the glycine-rich conserved site near the E (Exchangeable) site that controls the access of the nucleotide to its binding site.</p>"
2;IPR000217;"imex:IM-21659
pubmed:27705803";Tubulin;"<p>Microtubules are polymers of tubulin, a dimer of two 55kDa subunits, designated alpha and beta [[cite:PUB00000039], [cite:PUB00000978]]. Within the microtubule lattice, α-β heterodimers associate in a head-to-tail fashion, giving rise to microtubule polarity. Fluorescent labelling studies have suggested that tubulin is oriented in microtubules with beta-tubulin toward the plus end [[cite:PUB00006112]].</p>

<p>For maximal rate and extent of polymerisation into microtubules, tubulin requires GTP. Two molecules of GTP are bound at different sites, termed N and E. At the E (Exchangeable) site, GTP is hydrolysed during incorporation into the microtubule. Close to the E site is an invariant region rich in glycine residues, which is found in both chains and is thought to control access of the nucleotide to its binding site [[cite:PUB00002443]].</p>

<p>Most species, excepting simple eukaryotes, express a variety of closely-related alpha- and beta-isotypes. A third family member, gamma tubulin, has also been identified in a number of species. Gamma tubulin is found at microtubule-organising centres, such as the spindle poles or the centrosome, 
suggesting that it is involved in minus-end nucleation of microtubule assembly [[cite:PUB00000721]]. Further eukaryotic tubulins (gamma, epsilon, zeta) that are restricted to certain lineages or species have been reported [[cite:PUB00072959], [cite:PUB00099927]].</p>

<p>Bacterial and archaeal homologues of tubulin have been discovered. BtubA and BtubB, two bacterial homologues in the genus Prosthecobacter, have probably been derived by horizontal gene transfer [[cite:PUB00072957], [cite:PUB00039756]].</p>"
2;IPR036525;"imex:IM-21659
pubmed:27705803";Tubulin/FtsZ, GTPase domain superfamily;"<p>This entry represents a GTPase domain found in all tubulin chains, such as tubulin alpha, beta and gamma chains, plant ARC3 and prokaryotic FtsZ and CetZ proteins [[cite:PUB00003961], [cite:PUB00096948]]. These proteins are involved in polymer formation. Tubulin is the major component of microtubules, while FtsZ (homologue of eukaryotic tubulin) is the polymer-forming protein of bacterial cell division, it is part of a ring in the middle of the dividing cell that is required for constriction of cell membrane and cell envelope to yield two daughter cells [[cite:PUB00044363], [cite:PUB00004272]]. FtsZ can polymerise into tubes, sheets, and rings in vitro and is ubiquitous in bacteria and archaea. CetZ co-exists with FtsZ in many archaea. Cetz does not affect cell division, instead, it is involved in cell shape control [[cite:PUB00074278]]. Arabidopsis chloroplast protein ARC3 (At1g75010) is a Z-ring accessory protein involved in the initiation of plastid division and division site placement [[cite:PUB00074279], [cite:PUB00074280]].</p>; <p>The structure of the GTPase domain has a three layers (α/β/α) with a parallel β-sheet of six strands.</p>"
2;IPR023123;"imex:IM-21659
pubmed:27705803";Tubulin, C-terminal;"<p>Microtubules are polymers of tubulin, a dimer of two 55kDa subunits, designated alpha and beta [[cite:PUB00000039], [cite:PUB00000978]]. Within the microtubule lattice, α-β heterodimers associate in a head-to-tail fashion, giving rise to microtubule polarity. Fluorescent labelling studies have suggested that tubulin is oriented in microtubules with beta-tubulin toward the plus end [[cite:PUB00006112]].</p>

<p>For maximal rate and extent of polymerisation into microtubules, tubulin requires GTP. Two molecules of GTP are bound at different sites, termed N and E. At the E (Exchangeable) site, GTP is hydrolysed during incorporation into the microtubule. Close to the E site is an invariant region rich in glycine residues, which is found in both chains and is thought to control access of the nucleotide to its binding site [[cite:PUB00002443]].</p>

<p>Most species, excepting simple eukaryotes, express a variety of closely-related alpha- and beta-isotypes. A third family member, gamma tubulin, has also been identified in a number of species. Gamma tubulin is found at microtubule-organising centres, such as the spindle poles or the centrosome, 
suggesting that it is involved in minus-end nucleation of microtubule assembly [[cite:PUB00000721]]. Further eukaryotic tubulins (gamma, epsilon, zeta) that are restricted to certain lineages or species have been reported [[cite:PUB00072959], [cite:PUB00099927]].</p>

<p>Bacterial and archaeal homologues of tubulin have been discovered. BtubA and BtubB, two bacterial homologues in the genus Prosthecobacter, have probably been derived by horizontal gene transfer [[cite:PUB00072957], [cite:PUB00039756]].</p>; <p>This entry represents the extreme C-terminal structural domain of both alpha and beta tubulin. It forms a helix hairpin [[cite:PUB00020380]].</p>"
2;IPR014041;"doi:10.1016/j.cell.2021.04.011
imex:IM-29278
pubmed:33961781";ESCRT-II complex, Vps25 subunit, N-terminal winged helix;"<p>This superfamily represents the N-terminal winged helix domain of the vps25 subunit (vacuolar protein sorting-associated protein 25) of the endosome-associated complex ESCRT-II (Endosomal Sorting Complexes Required for Transport protein II). ESCRT (ESCRT-I, -II, -III) complexes orchestrate efficient sorting of ubiquitinated transmembrane receptors to lysosomes via multivesicular bodies (MVBs) [[cite:PUB00035959]]. ESCRT-II recruits the transport machinery for protein sorting at MVB [[cite:PUB00019521]]. In addition, the human ESCRT-II has been shown to form a complex with RNA polymerase II elongation factor ELL in order to exert transcriptional control activity. ESCRT-II transiently associates with the endosomal membrane and thereby initiates the formation of ESCRT-III, a membrane-associated protein complex that functions immediately downstream of ESCRT-II during sorting of MVB cargo. ESCRT-II in turn functions downstream of ESCRT-I, a protein complex that binds to ubiquitinated endosomal cargo [[cite:PUB00019520]].</p>
<p>ESCRT-II is a trilobal complex composed of two copies of vps25, one copy of vps22 and the C-terminal region of vps36. The crystal structure of vps25 revealed two winged-helix domains, the N-terminal domain of vps25 interacting with vps22 and vps35 [[cite:PUB00032375]].</p>"
2;IPR008570;"doi:10.1016/j.cell.2021.04.011
imex:IM-29278
pubmed:33961781";ESCRT-II complex, Vps25 subunit;"<p>This entry represents the Vps25 subunit (vacuolar protein sorting-associated protein 25) of the endosome-associated complex ESCRT-II (Endosomal Sorting Complexes Required for Transport protein II). ESCRT (ESCRT-I, -II, -III) complexes orchestrate efficient sorting of ubiquitinated transmembrane receptors to lysosomes via multivesicular bodies (MVBs) [[cite:PUB00035959]]. ESCRT-II recruits the transport machinery for protein sorting at MVB [[cite:PUB00019521]]. In addition, the human ESCRT-II has been shown to form a complex with RNA polymerase II elongation factor ELL in order to exert transcriptional control activity. ESCRT-II transiently associates with the endosomal membrane and thereby initiates the formation of ESCRT-III, a membrane-associated protein complex that functions immediately downstream of ESCRT-II during sorting of MVB cargo. ESCRT-II in turn functions downstream of ESCRT-I, a protein complex that binds to ubiquitinated endosomal cargo [[cite:PUB00019520]].</p>
<p>ESCRT-II is a trilobal complex composed of two copies of vps25, one copy of vps22 and the C-terminal region of vps36. The crystal structure of vps25 revealed two winged-helix domains, the N-terminal domain of vps25 interacting with vps22 and vps35 [[cite:PUB00032375]].</p>"
2;IPR057732;"doi:10.1016/j.cell.2021.04.011
imex:IM-12079
imex:IM-21659
imex:IM-29278
pubmed:19615732
pubmed:27705803
pubmed:33961781";UBE2O, N-terminal SH3-A domain;"<p>This domain is found at the N-terminal in the human E3-independent E2 ubiquitin-conjugating enzyme (UBE2O) and related proteins. The domain represented by this entry folds into an open β-barrel with a typical SH3-like topology. This domain contains a large unstructured region with a high content of glycine residues.</p>; <p>UBE2O is involved in the monoubiquitination of diverse targets to mediate important processes such as targeting proteins for quality control, regulation of nuclear trafficking of chromatin-associated proteins and clearing ribosomes during erythropoiesis [[cite:PUB00155835], [cite:PUB00155836]]. UBE2O is a multidomain protein composed of several SH3-like domains ([interpro:IPR057732], [interpro:IPR057735], [interpro:IPR057733], [interpro:IPR057734]), UBC domain ([interpro:IPR000608]) and a CR3 helix. The CR3 helix is a conserved region that is part of a non-canonical extension to the typical E2 fold. It forms the curved edge of the hook, together with the UBC domain, which is critical for UBE20 function [[cite:PUB00155837]].</p>"
2;IPR057734;"doi:10.1016/j.cell.2021.04.011
imex:IM-12079
imex:IM-21659
imex:IM-29278
pubmed:19615732
pubmed:27705803
pubmed:33961781";UBE2O-like, SH3-C domain;"<p>This domain is found in the human E3-independent E2 ubiquitin-conjugating enzyme UBE2O and related proteins. The domain represented by this entry folds into an open β-barrel with typical SH3 topology. It binds ubiquitin via a unique, distinct interface and plays a key role in the UBE2O target selection [[cite:PUB00155837]].</p>; <p>UBE2O is involved in the monoubiquitination of diverse targets to mediate important processes such as targeting proteins for quality control, regulation of nuclear trafficking of chromatin-associated proteins and clearing ribosomes during erythropoiesis [[cite:PUB00155835], [cite:PUB00155836]]. UBE2O is a multidomain protein composed of several SH3-like domains ([interpro:IPR057732], [interpro:IPR057735], [interpro:IPR057733], [interpro:IPR057734]), UBC domain ([interpro:IPR000608]) and a CR3 helix. The CR3 helix is a conserved region that is part of a non-canonical extension to the typical E2 fold. It forms the curved edge of the hook, together with the UBC domain, which is critical for UBE20 function [[cite:PUB00155837]].</p>; <p>This entry also includes the probable ubiquitin-conjugating enzyme E2 23/24 from Arabidopsis thaliana (UBC23/24) and similar plant proteins. UBC23 accepts the ubiquitin from the E1 complex and catalyses its covalent attachment to other proteins. UBC24 is a E2 ubiquitin-protein ligase that mediates E1-dependent protein ubiquitination [[cite:PUB00160908]].</p>"
2;IPR057733;"doi:10.1016/j.cell.2021.04.011
imex:IM-12079
imex:IM-21659
imex:IM-29278
pubmed:19615732
pubmed:27705803
pubmed:33961781";UBE2O-like, SH3-B domain;"<p>This domain is found in the human E3-independent E2 ubiquitin-conjugating enzyme (UBE2O) and related eukaryotic proteins. The domain represented by this entry folds into an open β-barrel with typical SH3 topology. It precedes the ubiquitin-binding SH3-C domain ([interpro:IPR057734]).</p>; <p>UBE2O is involved in the monoubiquitination of diverse targets to mediate important processes such as targeting proteins for quality control, regulation of nuclear trafficking of chromatin-associated proteins and clearing ribosomes during erythropoiesis [[cite:PUB00155835], [cite:PUB00155836]]. UBE2O is a multidomain protein composed of several SH3-like domains ([interpro:IPR057732], [interpro:IPR057735], [interpro:IPR057733], [interpro:IPR057734]), UBC domain ([interpro:IPR000608]) and a CR3 helix. The CR3 helix is a conserved region that is part of a non-canonical extension to the typical E2 fold. It forms the curved edge of the hook, together with the UBC domain, which is critical for UBE20 function [[cite:PUB00155837]].</p>; <p>This entry also includes the probable ubiquitin-conjugating enzyme E2 23/24 from Arabidopsis thaliana (UBC23/24) and similar plant proteins. UBC23 accepts the ubiquitin from the E1 complex and catalyses its covalent attachment to other proteins. UBC24 is a E2 ubiquitin-protein ligase that mediates E1-dependent protein ubiquitination [[cite:PUB00160908]].</p>"
2;IPR057735;"doi:10.1016/j.cell.2021.04.011
imex:IM-12079
imex:IM-21659
imex:IM-29278
pubmed:19615732
pubmed:27705803
pubmed:33961781";UBE2O-like, tandem tSH3-B domain;"<p>This domain is found in the human E3-independent E2 ubiquitin-conjugating enzyme UBE2O and related proteins. The domain represented by this entry folds into two tandem, intertwined β-barrels, each of which has a typical SH3 topology [[cite:PUB00155837]]. This tandem SH3-like domain is involved in binding to NAP1L1, one of the major regulators of the UBE2O target selection [[cite:PUB00155837]].</p>; <p>UBE2O is involved in the monoubiquitination of diverse targets to mediate important processes such as targeting proteins for quality control, regulation of nuclear trafficking of chromatin-associated proteins and clearing ribosomes during erythropoiesis [[cite:PUB00155835], [cite:PUB00155836]]. UBE2O is a multidomain protein composed of several SH3-like domains ([interpro:IPR057732], [interpro:IPR057735], [interpro:IPR057733], [interpro:IPR057734]), UBC domain ([interpro:IPR000608]) and a CR3 helix. The CR3 helix is a conserved region that is part of a non-canonical extension to the typical E2 fold. It forms the curved edge of the hook, together with the UBC domain, which is critical for UBE20 function [[cite:PUB00155837]].</p>; <p>This entry also includes the probable ubiquitin-conjugating enzyme E2 23/24 from Arabidopsis thaliana (UBC23/24) and similar plant proteins. UBC23 accepts the ubiquitin from the E1 complex and catalyses its covalent attachment to other proteins. UBC24 is a E2 ubiquitin-protein ligase that mediates E1-dependent protein ubiquitination [[cite:PUB00160908]].</p>"
2;IPR007135;"imex:IM-30012
pubmed:34524948";Ubiquitin-like-conjugating enzyme Atg3/Atg10;"<p>This entry represents a group of ubiquitin-like-conjugating enzymes, including Atg3 and Atg10.</p>; <p>Atg3 is the E2 enzyme for the LC3 lipidation process [[cite:PUB00043585]]. It is essential for autophagocytosis. The super protein complex, the Atg16L complex, consists of multiple Atg12-Atg5 conjugates. Atg16L has an E3-like role in the LC3 lipidation reaction. The activated intermediate, LC3-Atg3 (E2), is recruited to the site where the lipidation takes place [[cite:PUB00043586]].</p>

<p>Atg3 catalyses the conjugation of Atg8 and phosphatidylethanolamine (PE). Atg3 has an α/β-fold, and its core region is topologically similar to canonical E2 enzymes. Atg3 has two regions inserted in the core region and another with a long α-helical structure that protrudes from the core region as far as 30 A [[cite:PUB00043587]]. It interacts with Atg8 through an intermediate thioester bond between Cys-288 and the C-terminal Gly of Atg8. It also interacts with the C-terminal region of the E1-like Atg7 enzyme [[cite:PUB00108654], [cite:PUB00154407], [cite:PUB00154406]].</p>; <p>Atg10 acts as an E2-like enzyme that catalyzes the conjugation of ATG12 to ATG5 [[cite:PUB00098078]].</p>"
2;IPR052555;"imex:IM-24272
pubmed:26496610";dCTP Pyrophosphatase;<p>This family of proteins is involved in the hydrolysis of deoxynucleoside triphosphates (dNTPs) into their corresponding nucleoside monophosphates, with a particular specificity for dCTP and its analogs, including modified forms such as 5-iodo-dCTP and 5-methyl-dCTP. The enzymatic activity serves a protective role, preventing the incorporation of these potentially harmful nucleotide analogs into DNA or RNA, thereby safeguarding the integrity of genetic material. The activity of these proteins is subject to inhibition by various agents, including divalent metal ions, the reaction end product pyrophosphate (PPi), dCDP, and certain pharmacological compounds like triptolide.</p>
2;IPR025984;"imex:IM-24272
pubmed:26496610";dCTP pyrophosphatase 1;<p>RS21-C6 proteins (also known as dCTP pyrophosphatases 1, DCTPP1) are NTP pyrophosphatases that structurally belong to the group of all-α NTP pyrophosphatases [[cite:PUB00079689], [cite:PUB00079704]]. They show significant sequence similarity to the dimeric 2-deoxyuridine 5'-triphosphate nucleotidohydrolase (dUTP pyrophosphatase or dUTPase) and NTP-PPase MazG proteins [[cite:PUB00042205]]. However, unlike typical tandem-domain MazG proteins, RS21-C6 contains a single MazG-like domain and functions as a tetramer (a dimer of dimers) with a typical four-helical bundle. Divalent ions, such as Mg2+, are required for its pyrophosphatase activity [[cite:PUB00080470]]. Human dCTP pyrophosphatase 1 has been shown to be involved in nucleotide homoeostasis, contributing to detoxification of deoxycytidine triphosphate derivatives [[cite:PUB00080471]].</p>
2;IPR058029;"imex:IM-24272
pubmed:26496610";CENPJ, tubulin-binding region;"<p>This region, also known as PN2-3 domain, is found in the human Centrosomal P4.1-associated protein (CPAP, also known as CENPJ). The region represented by this entry binds and caps the longitudinal surface of the tubulin beta-subunit [[cite:PUB00160711]]. This binding site also targeted by fungal and bacterial peptide-like inhibitors of the vinca domain, sharing a very similar binding mode with these compounds [[cite:PUB00160711]]. Members of this group are mainly found in vertebrates and arthropods.</p>; <p>CENPJ is involved in centriole-length regulation. It allows persistent slow growth of the centriolar microtubule plus end and its overexpression leads to abnormally long microtubules [[cite:PUB00160710]]. CENPJ not only inhibits microtubule nucleation from the centrosome, but acts as a microtubule plus-end tracking protein that stabilises centriolar microtubules and inhibits microtubule polymerisation and extension from the distal ends of centrioles [[cite:PUB00158960], [cite:PUB00101595], [cite:PUB00033370], [cite:PUB00052372], [cite:PUB00060686]].</p>"
2;IPR009852;"imex:IM-24272
pubmed:26496610";Centromere protein J, C-terminal domain;"<p>This entry represents a C-terminal domain found in members of the T complex protein 10 family. This domain contains unusual G repeats [[cite:PUB00033371]]. Centromere protein J (also known as Centrosomal-P4.1-associated-protein, CPAP), a member of the TCP10 family, plays an important role in cell division and centrosome function by participating in centriole duplication [[cite:PUB00052372], [cite:PUB00060686]]. It inhibits microtubule nucleation from the centrosome and depolymerises taxol-stabilised microtubules [[cite:PUB00013039]]. It may also be involved in the control of centriolar-microtubule growth by acting as a regulator of tubulin release [[cite:PUB00101595]]. T-complex is involved in spermatogenesis in mice [[cite:PUB00033370]].</p>

<p>This domain, also known as TCP and G-box, is essential for the tethering of pericentriolar material (PCM), the principle site for microtubule nucleation and anchoring. It adopts an extended single-layer antiparallel β-sheet configuration [[cite:PUB00101594]]. Mutations in this region are associated with primary microcephaly [[cite:PUB00101593], [cite:PUB00101592]].</p>"
2;IPR026581;"imex:IM-24272
pubmed:26496610";TCP10L/CENPJ;"<p>Proteins in this family include T-complex protein 10 homolog 1 (TCP10L) and its paralogue centromere protein J (CENPJ, also known as Centrosomal P4.1-associated protein, CPAP). TCP10L is expressed specifically in the nucleus of spermatogenic cells during spermatogenesis and it interacts with DAPK-3 which implies that TCP10L might play crucially important roles in spermatogenesis through its interaction with DAPK-3 [[cite:PUB00132810]]. It may be involved in transcriptional regulation [[cite:PUB00076436]]. It acts as a tumour suppressor in hepatocellular carcinoma (HCC) cells [[cite:PUB00076437]].</p>; <p>CENPJ is involved in centriole-length regulation. It allows persistent slow growth of the centriolar microtubule plus end and its overexpression leads to abnormally long microtubules [[cite:PUB00160710]]. CENPJ not only inhibits microtubule nucleation from the centrosome, but acts as a microtubule plus-end tracking protein that stabilises centriolar microtubules and inhibits microtubule polymerisation and extension from the distal ends of centrioles [[cite:PUB00158960], [cite:PUB00101595], [cite:PUB00033370], [cite:PUB00052372], [cite:PUB00060686]].</p>"
2;IPR047002;"imex:IM-24272
pubmed:26496610";T-complex protein 10, C-terminal domain superfamily;"<p>This entry represents a C-terminal domain found in members of the T complex protein 10 family. This domain contains unusual G repeats [[cite:PUB00033371]]. Centromere protein J (also known as Centrosomal-P4.1-associated-protein, CPAP), a member of the TCP10 family, plays an important role in cell division and centrosome function by participating in centriole duplication [[cite:PUB00052372], [cite:PUB00060686]]. It inhibits microtubule nucleation from the centrosome and depolymerises taxol-stabilised microtubules [[cite:PUB00013039]]. It may also be involved in the control of centriolar-microtubule growth by acting as a regulator of tubulin release [[cite:PUB00101595]]. T-complex is involved in spermatogenesis in mice [[cite:PUB00033370]].</p>

<p>This domain, also known as TCP and G-box, is essential for the tethering of pericentriolar material (PCM), the principle site for microtubule nucleation and anchoring. It adopts an extended single-layer antiparallel β-sheet configuration [[cite:PUB00101594]]. Mutations in this region are associated with primary microcephaly [[cite:PUB00101593], [cite:PUB00101592]].</p>"
2;IPR001478;"doi:10.1016/j.cell.2021.04.011
imex:IM-29278
pubmed:33961781";PDZ domain;<p>PDZ domains (also known as Discs-large homologous regions (DHR) or GLGF)) are found in diverse signalling proteins in bacteria, yeasts, plants, insects and vertebrates [[cite:PUB00005049], [cite:PUB00000735]]. PDZ domains can occur in one or multiple copies and are nearly always found in cytoplasmic proteins. They bind either the carboxyl-terminal sequences of proteins or internal peptide sequences [[cite:PUB00000735]]. In most cases, interaction between a PDZ domain and its target is constitutive, with a binding affinity of 1 to 10 microns. However, agonist-dependent activation of cell surface receptors is sometimes required to promote interaction with a PDZ protein. PDZ domain proteins are frequently associated with the plasma membrane, a compartment where high concentrations of phosphatidylinositol 4,5-bisphosphate (PIP2) are found. Direct interaction between PIP2 and a subset of class II PDZ domains (syntenin, CASK, Tiam-1) has been demonstrated.</p>
2;IPR036034;"doi:10.1016/j.cell.2021.04.011
imex:IM-29278
pubmed:33961781";PDZ superfamily;<p>PDZ domains (also known as Discs-large homologous regions (DHR) or GLGF)) are found in diverse signalling proteins in bacteria, yeasts, plants, insects and vertebrates [[cite:PUB00005049], [cite:PUB00000735]]. PDZ domains can occur in one or multiple copies and are nearly always found in cytoplasmic proteins. They bind either the carboxyl-terminal sequences of proteins or internal peptide sequences [[cite:PUB00000735]]. In most cases, interaction between a PDZ domain and its target is constitutive, with a binding affinity of 1 to 10 microns. However, agonist-dependent activation of cell surface receptors is sometimes required to promote interaction with a PDZ protein. PDZ domain proteins are frequently associated with the plasma membrane, a compartment where high concentrations of phosphatidylinositol 4,5-bisphosphate (PIP2) are found. Direct interaction between PIP2 and a subset of class II PDZ domains (syntenin, CASK, Tiam-1) has been demonstrated.</p>
2;IPR038879;"doi:10.1016/j.cell.2021.04.011
imex:IM-29278
pubmed:33961781";Golgi-associated PDZ and coiled-coil motif-containing protein;<p>GOPC, also known as PIST or CAL, is primarily localized to the Golgi apparatus. It binds the G protein-coupled receptor beta1AR and modulates beta1AR intracellular trafficking [[cite:PUB00088512]]. GOPC also interacts with cystic fibrosis transmembrane regulator (CFTR), retains CFTR in the cell and targets it for degradation [[cite:PUB00088513]].</p>
2;IPR008978;"imex:IM-21659
pubmed:27705803";HSP20-like chaperone;<p>This homologous superfamily represents HSP20-like chaperones and related proteins. Hsp20 is a mammalian small heat-shock protein family that occurs most abundantly in skeletal muscle and heart. It has a tendency to form dimers, via a disulphide linkage formed by an N-terminal cysteine, low heat stability and a poor chaperoning ability in comparison with other family members. Structurally, this and related proteins contain a β-sandwich fold consisting of 8 strands in two β-sheets in a greek-key topology [[cite:PUB00011822]].</p>
2;IPR007052;"imex:IM-21659
pubmed:27705803";CS domain;"<p>The bipartite CS domain, which was named after CHORD-containing proteins and SGT1 [[cite:PUB00008722]], is a ~100-residue protein-protein interaction module. The CS domain can be found in stand-alone form, as well as fused with other domains, such as CHORD ([interpro:IPR007051]), SGS ([interpro:IPR007699]), TPR ([interpro:IPR019734]), cytochrome b5 ([interpro:IPR001199]) or b5 reductase, in multidomain proteins [[cite:PUB00033716]].</p>

<p>The CS domain has a compact antiparallel β-sandwich fold consisting of seven β-strands [[cite:PUB00033716], [cite:PUB00021038]].</p>

<p>Some proteins known to contain a CS domain are listed below [[cite:PUB00033716]]:</p>

<ul>
<li>Eukaryotic proteins of the SGT1 family.</li>
<li>Eukaryotic Rar1, related to pathogenic resistance in plants, and to development in animals.</li>
<li>Eukaryotic nuclear movement protein nudC.</li>
<li>Eukaryotic proteins of the p23/wos2 family, which act as co-chaperone.</li>
<li>Animal b5+b5R flavo-hemo cytochrome NAD(P)H oxydoreductase type B.</li>
<li>Mammalian integrin beta-1-binding protein 2 (melusin).</li>
</ul>"
2;IPR007482;"imex:IM-21659
pubmed:27705803";Protein-tyrosine phosphatase-like, PTPLA;"<p>Protein tyrosine (pTyr) phosphorylation is a common post-translational modification which can create novel recognition motifs for protein interactions and cellular localisation, affect protein stability, and regulate enzyme activity. Consequently, maintaining an appropriate level of protein tyrosine phosphorylation is essential for many cellular functions. Tyrosine-specific protein phosphatases (PTPase; [ec:3.1.3.48]) catalyse the removal of a phosphate group attached to a tyrosine residue, using a cysteinyl-phosphate enzyme intermediate. These enzymes are key regulatory components in signal transduction pathways (such as the MAP kinase pathway) and cell cycle control, and are important in the control of cell growth, proliferation, differentiation and transformation [[cite:PUB00035793], [cite:PUB00035794]]. The PTP superfamily can be divided into four subfamilies [[cite:PUB00035795]]:</p>

<ul>
<li>(1) pTyr-specific phosphatases</li>
<li>(2) dual specificity phosphatases (dTyr and dSer/dThr)</li>
<li>(3) Cdc25 phosphatases (dTyr and/or dThr)</li>
<li>(4) LMW (low molecular weight) phosphatases</li>
</ul>

<p>Based on their cellular localisation, PTPases are also classified as:</p>

<ul>
<li>Receptor-like, which are transmembrane receptors that contain PTPase domains [[cite:PUB00035796]]</li>
<li>Non-receptor (intracellular) PTPases [[cite:PUB00035797]]</li>
</ul>

<p>All PTPases carry the highly conserved active site motif C(X)5R (PTP signature motif), employ a common catalytic mechanism, and share a similar core structure made of a central parallel β-sheet with flanking α-helices containing a β-loop-α-loop that encompasses the PTP signature motif [[cite:PUB00035798]]. Functional diversity between PTPases is endowed by regulatory domains and subunits.</p>; <p>This family includes the mammalian protein tyrosine phosphatase-like protein, PTPLA. A significant variation of PTPLA from other protein tyrosine phosphatases is the presence of proline instead of catalytic arginine at the active site. It is thought that PTPLA proteins have a role in the development, differentiation, and maintenance of a number of tissue types [[cite:PUB00009977]].</p>"
2;IPR000313;"doi:10.1016/j.cell.2021.04.011
imex:IM-29278
pubmed:33961781";PWWP domain;"<p>The PWWP domain is an around 70 amino acids domain that was named after its central core 'Pro-Trp-Trp-Pro'. The PWWP domain is found in one or, less frequently, in two copies in nuclear, often DNA-binding proteins that function as transcription factors regulating developmental processes. Due to its position, the composition of amino acids close to the PWWP motif and the pattern of other domains present, it has been proposed that the PWWP domain is involved in protein-protein interactions [[cite:PUB00006532], [cite:PUB00094286]]. The structure of the PWWP domain comprises a five-stranded β-barrel followed by a five-helix bundle [[cite:PUB00026733]].</p>

<p>Conservation of the PWWP domain is concentrated on one major and two minor blocks with length differences occurring in between [[cite:PUB00006532]].</p>"
2;IPR030379;"imex:IM-24272
pubmed:26496610";Septin-type guanine nucleotide-binding (G) domain;"<p>The P-loop guanosine triphosphatases (GTPases) control a multitude of biological processes, ranging from cell division, cell cycling, and signal transduction, to ribosome assembly and protein synthesis. GTPases exert their control by interchanging between an inactive GDP-bound state and an active GTP-bound state, thereby acting as molecular switches. The common denominator of GTPases is the highly conserved guanine nucleotide-binding (G) domain that is responsible for binding and hydrolysis of guanine nucleotides.</p>

<p>Septins are a family of eukaryotic cytoskeletal proteins conserved from yeasts to humans. The septin family belongs to the guanosine-triphosphate (GTP)ase superclass of P-loop nucleoside triphosphate (NTP)ases. Septins participate in diverse cellular functions including cytokinesis, vesicle trafficking, vesicle fusion, axonal guidance and migration, diffusion barrier, scaffolds, pathogenesis and others. Septin monomers form homo- and hetero-oligomeric complexes that assemble into filaments. Structurally all septins have a GTP-binding domain flanked by N- and C-terminal regions of variable length. The GTP-binding domain is the most highly conserved and is characterised by the presence of three of the five classical GTP-binding motifs. The G1 motif (or Walker A box, GxxxxGKS/T) forms the P-loop, which interacts directly with the nucleotide, whereas the G3 (DxxG) and G4 (xKxD) motifs are respectively essential for Mg(2+) binding and for conferring GTP binding specificity over other nucleotides. The basic structure of the septin-type G domain closely resembles the canonical G domain exemplified by Ras, with six β-strands and five α-helices. A unique feature of the septin-type G domain is the presence of four additional elements compared to Ras. These are the helix alpha5' between alpha4 and beta6, the two antiparallel strands beta7 and beta8, and the alpha6 C-terminal helix that points away from the G domain at a 90deg angle relative to the axis of interaction between subunits [[cite:PUB00013952], [cite:PUB00072527], [cite:PUB00043259], [cite:PUB00065644], [cite:PUB00072528]].</p>

<p>This entry represents the septin-type G domain.</p>"
2;IPR016491;"imex:IM-24272
pubmed:26496610";Septin;"<p>This entry represents various septin proteins. These proteins were initially described in yeast, where a cross wall (septum) is produced during cytokinesis and then splits in certain organisms to allow the daughter cells to separate [[cite:PUB00042753], [cite:PUB00164822], [cite:PUB00164821]]. However, the septin family is now recognised to extend to mammals and is associated with a variety of events. Septins are GTPases that form filaments used during cytokinesis in fungi and animals. Septins at the bud site serve as a structural scaffold that recruits different components involved in diverse processes at specific stages during the cell cycle. The septin assembly is regulated by protein kinases Gin4 and/or Cla4, and may act by recruiting Myo1 and Hof1 (involved in septation) to the site of cleavage. In addition to their original role in cell division, septins are also involved in cell morphogenesis, bud site selection, chitin deposition, cell cycle regulation, cell compartmentalisation, membrane trafficking, spore wall formation and organisation of the cytoskeleton. The localisation of a septin reflects its function [[cite:PUB00042754]]:</p>

<ul><li>Septins localising to projections help shape and compartmentalise emerging growth.</li>
<li>Septins localising to partitions help compartmentalise pre-existing cellular material.</li>
<li>Septins localising to the whole cell are involved in membrane trafficking and organising the cytoskeleton (usually in animals).</li></ul>

<p>In yeast, septins encoded by Cdc3, Cdc10, Cdc11, Cdc12 and probably Shs1, form a septin complex localised at the cytoplasmic face of the plasma membrane in the mother-bud neck, where it rearranges to a cortical collar of highly ordered filaments [[cite:PUB00042755]]. This complex can form long filaments through end-to-end polymerisation of Cdc3-Cdc12-Cdc11 complexes with Cdc10 serving as a bridge to bundle the polymers into paired filaments.</p>; <p>In humans, 12 septin genes generate dozens of polypeptides, many of which comprise heterooligomeric complexes. Since septin mutants are commonly defective in cytokinesis and formation of the neck filaments/septin rings, septins have been considered to be the primary constituents of the neck filaments [[cite:PUB00164821], [cite:PUB00019660], [cite:PUB00042755], [cite:PUB00080011], [cite:PUB00080012], [cite:PUB00080013], [cite:PUB00013952]].</p>

<p>In Drosophila, protein peanut is involved in cytokinesis, and is an enhancer of the sina gene, which has a role in photoreceptor development [[cite:PUB00085092]].</p>"
2;IPR036537;"doi:10.15252/msb.20156660
imex:IM-25015
pubmed:27107012";Adaptor protein Cbl, N-terminal domain superfamily;"<p>Cbl (Casitas B-lineage lymphoma) is an adaptor protein that functions as a negative regulator of many signalling pathways that start from receptors at the cell surface.</p>

<p>The N-terminal region of Cbl contains a Cbl-type phosphotyrosine-binding (Cbl-PTB) domain, which is composed of three evolutionarily conserved domains: an N-terminal four-helix bundle (4H) domain, an EF hand-like calcium-binding domain, and a divergent SH2-like domain. The calcium-bound EF-hand wedges between the 4H and SH2 domains, and roughly determines their relative orientation. The Cbl-PTB domain has also been named Cbl N-terminal (Cbl-N) or tyrosine kinase binding (TKB) domain [[cite:PUB00019259], [cite:PUB00055526]].</p>

<p>The N-terminal 4H domain contains four long α-helices. The C and D helices in this domain pack against the adjacent EF-hand-like domain, and a highly conserved loop connecting the A and B helices contacts the SH2-like domain. The EF-hand motif is similar to classical EF-hand proteins. The SH2-like domain retains the general helix-sheet-helix architecture of the SH2 fold, but lacks the secondary β-sheet, comprising β-strands D', E and F, and also a prominent BG loop [[cite:PUB00019259]].</p>; <p>This entry represents the N-terminal four-helical bundle domain superfamily. This domain can also be found in the N terminus of mammalian MLKL, a pseudokinase essential for TNF-alpha-induced necroptosis [[cite:PUB00088134]]. The four-helical bundle (NB) domain of MLK is involved in oligomerization to facilitate plasma membrane targeting through the low-affinity binding of NB to phosphorylated inositol polar head groups of phosphatidylinositol phosphate (PIP) phospholipids [[cite:PUB00088133], [cite:PUB00088135]].</p>"
2;IPR003153;"doi:10.15252/msb.20156660
imex:IM-25015
pubmed:27107012";Adaptor protein Cbl, N-terminal helical;"<p>This entry represents the N-terminal four-helical bundle domain.</p>; <p>Cbl (Casitas B-lineage lymphoma) is an adaptor protein that functions as a negative regulator of many signalling pathways that start from receptors at the cell surface.</p>

<p>The N-terminal region of Cbl contains a Cbl-type phosphotyrosine-binding (Cbl-PTB) domain, which is composed of three evolutionarily conserved domains: an N-terminal four-helix bundle (4H) domain, an EF hand-like calcium-binding domain, and a divergent SH2-like domain. The calcium-bound EF-hand wedges between the 4H and SH2 domains, and roughly determines their relative orientation. The Cbl-PTB domain has also been named Cbl N-terminal (Cbl-N) or tyrosine kinase binding (TKB) domain [[cite:PUB00019259], [cite:PUB00055526]].</p>

<p>The N-terminal 4H domain contains four long α-helices. The C and D helices in this domain pack against the adjacent EF-hand-like domain, and a highly conserved loop connecting the A and B helices contacts the SH2-like domain. The EF-hand motif is similar to classical EF-hand proteins. The SH2-like domain retains the general helix-sheet-helix architecture of the SH2 fold, but lacks the secondary β-sheet, comprising β-strands D', E and F, and also a prominent BG loop [[cite:PUB00019259]].</p>"
2;IPR024159;"doi:10.15252/msb.20156660
imex:IM-25015
pubmed:27107012";Adaptor protein Cbl, PTB domain;"<p>Cbl (Casitas B-lineage lymphoma) is an adaptor protein that functions as a negative regulator of many signalling pathways that start from receptors at the cell surface.</p>

<p>The N-terminal region of Cbl contains a Cbl-type phosphotyrosine-binding (Cbl-PTB) domain, which is composed of three evolutionarily conserved domains: an N-terminal four-helix bundle (4H) domain, an EF hand-like calcium-binding domain, and a divergent SH2-like domain. The calcium-bound EF-hand wedges between the 4H and SH2 domains, and roughly determines their relative orientation. The Cbl-PTB domain has also been named Cbl N-terminal (Cbl-N) or tyrosine kinase binding (TKB) domain [[cite:PUB00019259], [cite:PUB00055526]].</p>

<p>The N-terminal 4H domain contains four long α-helices. The C and D helices in this domain pack against the adjacent EF-hand-like domain, and a highly conserved loop connecting the A and B helices contacts the SH2-like domain. The EF-hand motif is similar to classical EF-hand proteins. The SH2-like domain retains the general helix-sheet-helix architecture of the SH2 fold, but lacks the secondary β-sheet, comprising β-strands D', E and F, and also a prominent BG loop [[cite:PUB00019259]].</p>; <p>This entry represents the Cbl-PTB domain.</p>"
2;IPR014742;"doi:10.15252/msb.20156660
imex:IM-25015
pubmed:27107012";Adaptor protein Cbl, SH2-like domain;"<p>Cbl (Casitas B-lineage lymphoma) is an adaptor protein that functions as a negative regulator of many signalling pathways that start from receptors at the cell surface.</p>

<p>The N-terminal region of Cbl contains a Cbl-type phosphotyrosine-binding (Cbl-PTB) domain, which is composed of three evolutionarily conserved domains: an N-terminal four-helix bundle (4H) domain, an EF hand-like calcium-binding domain, and a divergent SH2-like domain. The calcium-bound EF-hand wedges between the 4H and SH2 domains, and roughly determines their relative orientation. The Cbl-PTB domain has also been named Cbl N-terminal (Cbl-N) or tyrosine kinase binding (TKB) domain [[cite:PUB00019259], [cite:PUB00055526]].</p>

<p>The N-terminal 4H domain contains four long α-helices. The C and D helices in this domain pack against the adjacent EF-hand-like domain, and a highly conserved loop connecting the A and B helices contacts the SH2-like domain. The EF-hand motif is similar to classical EF-hand proteins. The SH2-like domain retains the general helix-sheet-helix architecture of the SH2 fold, but lacks the secondary β-sheet, comprising β-strands D', E and F, and also a prominent BG loop [[cite:PUB00019259]].</p>; <p>This entry represents the SH2-like domain.</p>"
2;IPR024162;"doi:10.15252/msb.20156660
imex:IM-25015
pubmed:27107012";Adaptor protein Cbl;<p>Cbl (Casitas B-lineage lymphoma) is an adaptor protein that functions as a negative regulator of many signalling pathways that start from receptors at the cell surface, including tyrosine kinases, cytokine receptors, and T-cell or B-cell receptors. There are three Cbl related proteins known to date: Cbl, CblB, and CblC/Cbl3 [[cite:PUB00055539]]. Cbls function as ubiquitin E3 ligase proteins, accepting ubiquitin from specific E2 ubiquitin-conjugating enzymes and transferring it to substrates, promoting their degradation [[cite:PUB00055540]] or endocytosis [[cite:PUB00055541]].</p>
2;IPR014741;"doi:10.15252/msb.20156660
imex:IM-25015
pubmed:27107012";Adaptor protein Cbl, EF hand-like;"<p>Cbl (Casitas B-lineage lymphoma) is an adaptor protein that functions as a negative regulator of many signalling pathways that start from receptors at the cell surface.</p>

<p>The N-terminal region of Cbl contains a Cbl-type phosphotyrosine-binding (Cbl-PTB) domain, which is composed of three evolutionarily conserved domains: an N-terminal four-helix bundle (4H) domain, an EF hand-like calcium-binding domain, and a divergent SH2-like domain. The calcium-bound EF-hand wedges between the 4H and SH2 domains, and roughly determines their relative orientation. The Cbl-PTB domain has also been named Cbl N-terminal (Cbl-N) or tyrosine kinase binding (TKB) domain [[cite:PUB00019259], [cite:PUB00055526]].</p>

<p>The N-terminal 4H domain contains four long α-helices. The C and D helices in this domain pack against the adjacent EF-hand-like domain, and a highly conserved loop connecting the A and B helices contacts the SH2-like domain. The EF-hand motif is similar to classical EF-hand proteins. The SH2-like domain retains the general helix-sheet-helix architecture of the SH2 fold, but lacks the secondary β-sheet, comprising β-strands D', E and F, and also a prominent BG loop [[cite:PUB00019259]].</p>; <p>This entry represents the EF hand-like domain.</p>"
2;IPR011992;"doi:10.15252/msb.20156660
imex:IM-25015
pubmed:27107012";EF-hand domain pair;"<p>This domain superfamily consists of a duplication of two EF-hand units, where each unit is composed of two helices connected by a twelve-residue calcium-binding loop. The calcium ion in the EF-hand loop is coordinated in a pentagonal bipyramidal configuration. Many calcium-binding proteins contain an EF-hand-type calcium-binding domain [[cite:PUB00014021], [cite:PUB00014022]]. These include calbindin D9K; S100 proteins such as calcyclin, polcalcin phl p 7 (a calcium-binding pollen allergen), osteonectin, parvalbumin, and calmodulin [[cite:PUB00014032]] family of proteins (troponin C, caltractin, cdc4p, myosin essential chain, calcineurin, recoverin, and neurocalcin); the plasmodial-specific CaII-binding protein Cbp40; penta-EF-Hand proteins [[cite:PUB00014023]] (sorcin, grancalcin, and calpain); as well as multidomain proteins such as phosphoinositide-specific phospholipase C, dystrophin, Cb1, and alpha-actinin. The fold consists of four helices and an open array of two hairpins.</p>"
2;IPR011043;"doi:10.1016/j.cell.2021.04.011
imex:IM-21659
imex:IM-29278
pubmed:27705803
pubmed:33961781";Galactose oxidase/kelch, beta-propeller;"<p>This entry represents a β-propeller domain found in galactose oxidase and in Kelch repeat-containing proteins.</p>
<p>The known functions of kelch-containing proteins are diverse: scruin is an actin cross-linking protein; galactose oxidase catalyses the oxidation of the hydroxyl group at the C6 position in D-galactose; neuraminidase hydrolyses sialic acid residues from glycoproteins; and kelch may have a cytoskeletal function, as it is localised to the actin-rich ring canals that connect the 15 nurse cells to the developing oocyte in Drosophila [[cite:PUB00003094]]. Nevertheless, based on the location of the kelch pattern in the catalytic unit in galactose oxidase, functionally important residues have been predicted in glyoxal oxidase [[cite:PUB00003318]].</p>

<p>Galactose oxidase ([ec:1.1.3.9]) is a monomeric enzyme that contains a single copper ion and catalyses the stereospecific oxidation of primary alcohols to their corresponding aldehyde [[cite:PUB00014151]]. The protein contains an unusual covalent thioether bond between a tyrosine and a cysteine that forms during its maturation [[cite:PUB00014152]]. Galactose oxidase is a three-domain protein: the N-terminal domain forms a jelly-roll sandwich, the central domain forms a seven 4-bladed β-propeller, and the C-terminal domain has an immunoglobulin-like fold.</p>"
