Count;InterProID;pubmeds;Name;ShortDescription
8;Homo sapiens;"IPR000131
IPR000341
IPR000403
IPR001263
IPR002420
IPR002659
IPR002957
IPR003113
IPR003378
IPR003859
IPR004113
IPR006094
IPR011009
IPR015433
IPR016024
IPR016164
IPR016166
IPR016167
IPR016169
IPR016171
IPR017374
IPR018039
IPR018782
IPR018936
IPR023632
IPR027791
IPR027995
IPR029044
IPR029071
IPR035892
IPR035968
IPR036318
IPR036940
IPR037704
IPR039008
IPR042236
IPR051264";;
8;IPR013783;"doi:10.1016/j.cell.2021.04.011
doi:10.1038/nature22366
doi:10.1371/journal.pone.0205180
imex:IM-25778
imex:IM-26942
imex:IM-29278
pubmed:28514442
pubmed:30300385
pubmed:33961781";Immunoglobulin-like fold;"<p>This superfamily represents domains with an immunoglobulin-like (Ig-like) fold, which consists of a β-sandwich of seven or more strands in two sheets with a Greek-key topology. Ig-like domains are one of the most common protein modules found in animals, occurring in a variety of different proteins. These domains are often involved in interactions, commonly with other Ig-like domains via their β-sheets [[cite:PUB00003330], [cite:PUB00018310], [cite:PUB00015110], [cite:PUB00027656]].  Domains within this fold-family share the same structure, but can diverge with respect to their sequence. Based on sequence, Ig-like domains can be classified as V-set domains (antibody variable domain-like), C1-set domains (antibody constant domain-like), C2-set domains, and I-set domains (antibody intermediate domain-like). Proteins can contain more than one of these types of Ig-like domains. For example, in the human T-cell receptor antigen CD2, domain 1 (D1) is a V-set domain, while domain 2 (D2) is a C2-set domain, both domains having the same Ig-like fold [[cite:PUB00027700]].</p>
<p>Domains with an Ig-like fold can be found in many, diverse proteins in addition to immunoglobulin molecules. For example, Ig-like domains occur in several different types of receptors (such as various T-cell antigen receptors), several cell adhesion molecules, MHC class I and II antigens, as well as the hemolymph protein hemolin, and the muscle proteins titin, telokin and twitchin.</p>"
8;IPR000719;"doi:10.1016/j.cell.2019.09.008
doi:10.1016/j.cell.2021.04.011
doi:10.1016/j.molcel.2020.07.001
doi:10.1371/journal.pone.0205180
imex:IM-24272
imex:IM-26684
imex:IM-26942
imex:IM-27423
imex:IM-29257
imex:IM-29278
imex:IM-29494
pubmed:26496610
pubmed:30300385
pubmed:31046837
pubmed:31585087
pubmed:32707033
pubmed:33961781
pubmed:35384245";Protein kinase domain;"<p>This entry represents the protein kinase domain containing the catalytic function of protein kinases [[cite:PUB00003569]]. This domain is found in serine/threonine-protein kinases, tyrosine-protein kinases and dual specificity protein kinases.</p>; <p>Eukaryotic protein kinases [[cite:PUB00003569], [cite:PUB00005115], [cite:PUB00015293], [cite:PUB00001530], [cite:PUB00003568]] are enzymes that belong to a very extensive family of proteins which share a conserved catalytic core common with both serine/threonine and tyrosine protein kinases. There are a number of conserved regions in the catalytic domain of protein kinases. In the N-terminal extremity of the catalytic domain there is a glycine-rich stretch of residues in the vicinity of a lysine residue, which has been shown to be involved in ATP binding. In the central part of the catalytic domain there is a conserved aspartic acid residue which is important for the catalytic activity of the enzyme [[cite:PUB00005145]].</p>; <p>Protein phosphorylation, which plays a key role in most cellular activities, is a reversible process mediated by protein kinases and phosphoprotein phosphatases. Protein kinases catalyse the transfer of the gamma phosphate from nucleotide triphosphates (often ATP) to one or more amino acid residues in a protein substrate side chain, resulting in a conformational change affecting protein function. Phosphoprotein phosphatases catalyse the reverse process. 
Protein kinases fall into three broad classes, characterised with respect to substrate specificity [[cite:PUB00005115]]:</p>

<ul>
<li>Serine/threonine-protein kinases</li>
<li>Tyrosine-protein kinases</li>
<li>Dual specificity protein kinases (e.g. MEK -phosphorylates both Thr and Tyr on target proteins)</li>
</ul>

<p>Protein kinase function is evolutionarily conserved from Escherichia coli to human [[cite:PUB00020114]]. Protein kinases play a role in a multitude of cellular processes, including division, proliferation, apoptosis, and differentiation [[cite:PUB00015362]]. Phosphorylation usually results in a functional change of the target protein by changing enzyme activity, cellular location, or association with other proteins. The catalytic subunits of protein kinases are highly conserved, and several structures have been solved [[cite:PUB00034898]], leading to large screens to develop kinase-specific inhibitors for the treatments of a number of diseases [[cite:PUB00034899]].</p>"
8;IPR011009;"doi:10.1016/j.cell.2019.09.008
doi:10.1016/j.cell.2021.04.011
doi:10.1016/j.molcel.2020.07.001
doi:10.1371/journal.pone.0205180
imex:IM-24272
imex:IM-26684
imex:IM-26942
imex:IM-27423
imex:IM-29257
imex:IM-29278
imex:IM-29494
pubmed:26496610
pubmed:30300385
pubmed:31046837
pubmed:31585087
pubmed:32707033
pubmed:33961781
pubmed:35384245";Protein kinase-like domain superfamily;"<p>This entry represents the protein kinase domain superfamily containing the catalytic function of protein kinases. This domain is found in serine/threonine-protein kinases, tyrosine-protein kinases and dual-specificity protein kinases. Protein kinases ([interpro:IPR000719]) modify other proteins by chemically adding phosphate groups to them. This process is fundamental to most signalling and regulatory processes in the eukaryotic cell [[cite:PUB00014025]].</p>; <p>Eukaryotic protein kinases [[cite:PUB00003569], [cite:PUB00005115], [cite:PUB00015293], [cite:PUB00001530], [cite:PUB00003568]] are enzymes that belong to a very extensive family of proteins which share a conserved catalytic core common with both serine/threonine and tyrosine protein kinases. There are a number of conserved regions in the catalytic domain of protein kinases. In the N-terminal extremity of the catalytic domain there is a glycine-rich stretch of residues in the vicinity of a lysine residue, which has been shown to be involved in ATP binding. In the central part of the catalytic domain there is a conserved aspartic acid residue which is important for the catalytic activity of the enzyme [[cite:PUB00005145]].</p>; <p>Protein phosphorylation, which plays a key role in most cellular activities, is a reversible process mediated by protein kinases and phosphoprotein phosphatases. Protein kinases catalyse the transfer of the gamma phosphate from nucleotide triphosphates (often ATP) to one or more amino acid residues in a protein substrate side chain, resulting in a conformational change affecting protein function. Phosphoprotein phosphatases catalyse the reverse process. 
Protein kinases fall into three broad classes, characterised with respect to substrate specificity [[cite:PUB00005115]]:</p>

<ul>
<li>Serine/threonine-protein kinases</li>
<li>Tyrosine-protein kinases</li>
<li>Dual specificity protein kinases (e.g. MEK -phosphorylates both Thr and Tyr on target proteins)</li>
</ul>

<p>Protein kinase function is evolutionarily conserved from Escherichia coli to human [[cite:PUB00020114]]. Protein kinases play a role in a multitude of cellular processes, including division, proliferation, apoptosis, and differentiation [[cite:PUB00015362]]. Phosphorylation usually results in a functional change of the target protein by changing enzyme activity, cellular location, or association with other proteins. The catalytic subunits of protein kinases are highly conserved, and several structures have been solved [[cite:PUB00034898]], leading to large screens to develop kinase-specific inhibitors for the treatments of a number of diseases [[cite:PUB00034899]].</p>"
7;IPR032675;"doi:10.1016/j.cell.2021.04.011
imex:IM-26684
imex:IM-29278
pubmed:31046837
pubmed:33961781";Leucine-rich repeat domain superfamily;"<p>This superfamily represents a leucine-rich repeat (LRR), right-handed β-α superhelix domain, such as that found in bacterial invasion protein internalin [[cite:PUB00048508]] or in the L domain from members of the epidermal growth-factor receptor (EGFR) family [[cite:PUB00004283]].</p>; <p>Leucine-rich repeats (LRR) consist of 2-45 motifs of 20-30 amino acids in length that generally folds into an arc or horseshoe shape [[cite:PUB00017058]]. LRRs occur in proteins ranging from viruses to eukaryotes, and appear to provide a structural framework for the formation of protein-protein interactions [[cite:PUB00007147], [cite:PUB00001625]]. Proteins containing LRRs include tyrosine kinase receptors, cell-adhesion molecules, virulence factors, and extracellular matrix-binding glycoproteins, and are involved in a variety of biological processes, including signal transduction, cell adhesion, DNA repair, recombination, transcription, RNA processing, disease resistance, apoptosis, and the immune response [[cite:PUB00001898]].</p>"
7;IPR001611;"doi:10.1016/j.cell.2021.04.011
imex:IM-26684
imex:IM-29278
pubmed:31046837
pubmed:33961781";Leucine-rich repeat;"<p>Leucine-rich repeats (LRR) consist of 2-45 motifs of 20-30 amino acids in length that generally folds into an arc or horseshoe shape [[cite:PUB00017058]]. LRRs occur in proteins ranging from viruses to eukaryotes, and appear to provide a structural framework for the formation of protein-protein interactions [[cite:PUB00007147], [cite:PUB00001625]].Proteins containing LRRs include tyrosine kinase receptors, cell-adhesion molecules, virulence factors, and extracellular matrix-binding glycoproteins, and are involved in a variety of biological processes, including signal transduction, cell adhesion, DNA repair, recombination, transcription, RNA processing, disease resistance, apoptosis, and the immune response [[cite:PUB00001898], [cite:PUB00094376]].</p>

<p>Sequence analyses of LRR proteins suggested the existence of several different subfamilies of LRRs. The significance of this classification is that repeats from different subfamilies never occur simultaneously and have most probably evolved independently. It is, however, now clear that all major classes of LRR have curved horseshoe structures with a parallel β sheet on the concave side and mostly helical elements on the convex side. At least six families of LRR proteins, characterised by different lengths and consensus sequences of the repeats, have been identified. Eleven-residue segments of the LRRs (LxxLxLxxN/CxL), corresponding to the β-strand and adjacent loop regions, are conserved in LRR proteins, whereas the remaining parts of the repeats (herein termed variable) may be very different. Despite the differences, each of the variable parts contains two half-turns at both ends and a ""linear"" segment (as the chain follows a linear path overall), usually formed by a helix, in the middle. The concave face and the adjacent loops are the most common protein interaction surfaces on LRR proteins. 
3D structure of some LRR proteins-ligand complexes show that the concave surface of LRR domain is ideal for interaction with α-helix, thus supporting earlier conclusions that the elongated and curved LRR structure provides an outstanding framework for achieving diverse protein-protein interactions [[cite:PUB00007147]]. Molecular modeling suggests that the conserved pattern LxxLxL, which is shorter than the previously proposed LxxLxLxxN/CxL is sufficient to impart the characteristic horseshoe curvature to proteins with 20-to 30-residue repeats [[cite:PUB00007148]].</p>"
7;IPR003591;"doi:10.1016/j.cell.2021.04.011
imex:IM-26684
imex:IM-29278
pubmed:31046837
pubmed:33961781";Leucine-rich repeat, typical subtype;"<p>Leucine-rich repeats (LRR) consist of 2-45 motifs of 20-30 amino acids in length that generally folds into an arc or horseshoe shape [[cite:PUB00017058]]. LRRs occur in proteins ranging from viruses to eukaryotes, and appear to provide a structural framework for the formation of protein-protein interactions [[cite:PUB00007147], [cite:PUB00001625]].Proteins containing LRRs include tyrosine kinase receptors, cell-adhesion molecules, virulence factors, and extracellular matrix-binding glycoproteins, and are involved in a variety of biological processes, including signal transduction, cell adhesion, DNA repair, recombination, transcription, RNA processing, disease resistance, apoptosis, and the immune response [[cite:PUB00001898], [cite:PUB00094376]].</p>

<p>Sequence analyses of LRR proteins suggested the existence of several different subfamilies of LRRs. The significance of this classification is that repeats from different subfamilies never occur simultaneously and have most probably evolved independently. It is, however, now clear that all major classes of LRR have curved horseshoe structures with a parallel β sheet on the concave side and mostly helical elements on the convex side. At least six families of LRR proteins, characterised by different lengths and consensus sequences of the repeats, have been identified. Eleven-residue segments of the LRRs (LxxLxLxxN/CxL), corresponding to the β-strand and adjacent loop regions, are conserved in LRR proteins, whereas the remaining parts of the repeats (herein termed variable) may be very different. Despite the differences, each of the variable parts contains two half-turns at both ends and a ""linear"" segment (as the chain follows a linear path overall), usually formed by a helix, in the middle. The concave face and the adjacent loops are the most common protein interaction surfaces on LRR proteins. 
3D structure of some LRR proteins-ligand complexes show that the concave surface of LRR domain is ideal for interaction with α-helix, thus supporting earlier conclusions that the elongated and curved LRR structure provides an outstanding framework for achieving diverse protein-protein interactions [[cite:PUB00007147]]. Molecular modeling suggests that the conserved pattern LxxLxL, which is shorter than the previously proposed LxxLxLxxN/CxL is sufficient to impart the characteristic horseshoe curvature to proteins with 20-to 30-residue repeats [[cite:PUB00007148]].</p>; <p>This entry represents a most populated subfamily of leucine-rich repeats.</p>"
7;IPR036179;"doi:10.1016/j.cell.2021.04.011
doi:10.1038/nature22366
imex:IM-25778
imex:IM-29278
pubmed:28514442
pubmed:33961781";Immunoglobulin-like domain superfamily;"<p>The basic structure of immunoglobulin (Ig) molecules is a tetramer of two light chains and two heavy chains linked by disulphide bonds. There are two types of light chains: kappa and lambda, each composed of a constant domain (CL) and a variable domain (VL). There are five types of heavy chains: alpha, delta, epsilon, gamma and mu, all consisting of a variable domain (VH) and three (in alpha, delta and gamma) or four (in epsilon and mu) constant domains (CH1 to CH4). Ig molecules are highly modular proteins, in which the variable and constant domains have clear, conserved sequence patterns. The domains in Ig and Ig-like molecules are grouped into four types: V-set (variable; [interpro:IPR013106]), C1-set (constant-1; [interpro:IPR003597]), C2-set (constant-2; [interpro:IPR008424]) and I-set (intermediate; [interpro:IPR013098]) [[cite:PUB00014840]]. Structural studies have shown that these domains share a common core Greek-key β-sandwich structure, with the types differing in the number of strands in the β-sheets as well as in their sequence patterns [[cite:PUB00015110], [cite:PUB00010610]].</p>

<p>Immunoglobulin-like domains that are related in both sequence and structure can be found in several diverse protein families. Ig-like domains are involved in a variety of functions, including cell-cell recognition, cell-surface receptors, muscle structure and the immune system [[cite:PUB00027656]].</p>"
6;IPR008266;"doi:10.1016/j.cell.2019.09.008
doi:10.1016/j.cell.2021.04.011
doi:10.1371/journal.pone.0205180
imex:IM-24272
imex:IM-26942
imex:IM-27423
imex:IM-29278
imex:IM-29494
pubmed:26496610
pubmed:30300385
pubmed:31585087
pubmed:33961781
pubmed:35384245";Tyrosine-protein kinase, active site;"<p>This entry represents the tyrosine protein kinase active site. It also matches a number of proteins belonging to the atypical serine/threonine protein kinase BUD32 family, which lack the conventional structural elements necessary for the substrate recognition and also lack the lysine residue that in all other serine/threonine kinases participates in the catalytic event.</p>; <p>Tyrosine-protein kinases can transfer a phosphate group from ATP to a tyrosine residue in a protein. These enzymes can be divided into two main groups [[cite:PUB00020114]]:</p>

<ul>
<li>Receptor tyrosine kinases (RTK), which are transmembrane proteins involved in signal transduction; they play key roles in growth, differentiation, metabolism, adhesion, motility, death and oncogenesis [[cite:PUB00052410]]. RTKs are composed of 3 domains: an extracellular domain (binds ligand), a transmembrane (TM) domain, and an intracellular catalytic domain (phosphorylates substrate). The TM domain plays an important role in the dimerisation process necessary for signal transduction [[cite:PUB00052411]].</li>
<li>Cytoplasmic/non-receptor tyrosine kinases, which act as regulatory proteins, playing key roles in cell differentiation, motility, proliferation, and survival. For example, the Src-family of protein-tyrosine kinases [[cite:PUB00052412]].</li>
</ul>; <p>Protein phosphorylation, which plays a key role in most cellular activities, is a reversible process mediated by protein kinases and phosphoprotein phosphatases. Protein kinases catalyse the transfer of the gamma phosphate from nucleotide triphosphates (often ATP) to one or more amino acid residues in a protein substrate side chain, resulting in a conformational change affecting protein function. Phosphoprotein phosphatases catalyse the reverse process. 
Protein kinases fall into three broad classes, characterised with respect to substrate specificity [[cite:PUB00005115]]:</p>

<ul>
<li>Serine/threonine-protein kinases</li>
<li>Tyrosine-protein kinases</li>
<li>Dual specificity protein kinases (e.g. MEK -phosphorylates both Thr and Tyr on target proteins)</li>
</ul>

<p>Protein kinase function is evolutionarily conserved from Escherichia coli to human [[cite:PUB00020114]]. Protein kinases play a role in a multitude of cellular processes, including division, proliferation, apoptosis, and differentiation [[cite:PUB00015362]]. Phosphorylation usually results in a functional change of the target protein by changing enzyme activity, cellular location, or association with other proteins. The catalytic subunits of protein kinases are highly conserved, and several structures have been solved [[cite:PUB00034898]], leading to large screens to develop kinase-specific inhibitors for the treatments of a number of diseases [[cite:PUB00034899]].</p>"
6;IPR001245;"doi:10.1016/j.cell.2019.09.008
doi:10.1016/j.cell.2021.04.011
doi:10.1371/journal.pone.0205180
imex:IM-24272
imex:IM-26942
imex:IM-27423
imex:IM-29278
imex:IM-29494
pubmed:26496610
pubmed:30300385
pubmed:31585087
pubmed:33961781
pubmed:35384245";Serine-threonine/tyrosine-protein kinase, catalytic domain;"<p>This entry represents the catalytic domain found in a number of serine/threonine- and tyrosine-protein kinases. It does not include catalytic domain of dual specificity kinases.</p>; <p>Protein phosphorylation, which plays a key role in most cellular activities, is a reversible process mediated by protein kinases and phosphoprotein phosphatases. Protein kinases catalyse the transfer of the gamma phosphate from nucleotide triphosphates (often ATP) to one or more amino acid residues in a protein substrate side chain, resulting in a conformational change affecting protein function. Phosphoprotein phosphatases catalyse the reverse process. 
Protein kinases fall into three broad classes, characterised with respect to substrate specificity [[cite:PUB00005115]]:</p>

<ul>
<li>Serine/threonine-protein kinases</li>
<li>Tyrosine-protein kinases</li>
<li>Dual specificity protein kinases (e.g. MEK -phosphorylates both Thr and Tyr on target proteins)</li>
</ul>

<p>Protein kinase function is evolutionarily conserved from Escherichia coli to human [[cite:PUB00020114]]. Protein kinases play a role in a multitude of cellular processes, including division, proliferation, apoptosis, and differentiation [[cite:PUB00015362]]. Phosphorylation usually results in a functional change of the target protein by changing enzyme activity, cellular location, or association with other proteins. The catalytic subunits of protein kinases are highly conserved, and several structures have been solved [[cite:PUB00034898]], leading to large screens to develop kinase-specific inhibitors for the treatments of a number of diseases [[cite:PUB00034899]].</p>"
6;IPR003599;"doi:10.1016/j.cell.2021.04.011
doi:10.1038/nature22366
imex:IM-25778
imex:IM-29278
pubmed:28514442
pubmed:33961781";Immunoglobulin domain subtype;"<p>This entry represents a subtype of the immunoglobulin domain which is found in a group of proteins that includes:</p>

<ul>
<li>Cell surface receptors containing an immunoglobulin domain.</li>
<li>Killer cell inhibitory receptors.</li>
<li>Cell adhesion molecules.</li>
</ul>; <p>The basic structure of immunoglobulin (Ig) molecules is a tetramer of two light chains and two heavy chains linked by disulphide bonds. There are two types of light chains: kappa and lambda, each composed of a constant domain (CL) and a variable domain (VL). There are five types of heavy chains: alpha, delta, epsilon, gamma and mu, all consisting of a variable domain (VH) and three (in alpha, delta and gamma) or four (in epsilon and mu) constant domains (CH1 to CH4). Ig molecules are highly modular proteins, in which the variable and constant domains have clear, conserved sequence patterns. The domains in Ig and Ig-like molecules are grouped into four types: V-set (variable; [interpro:IPR013106]), C1-set (constant-1; [interpro:IPR003597]), C2-set (constant-2; [interpro:IPR008424]) and I-set (intermediate; [interpro:IPR013098]) [[cite:PUB00014840]]. Structural studies have shown that these domains share a common core Greek-key β-sandwich structure, with the types differing in the number of strands in the β-sheets as well as in their sequence patterns [[cite:PUB00015110], [cite:PUB00010610]].</p>

<p>Immunoglobulin-like domains that are related in both sequence and structure can be found in several diverse protein families. Ig-like domains are involved in a variety of functions, including cell-cell recognition, cell-surface receptors, muscle structure and the immune system [[cite:PUB00027656]].</p>"
6;IPR007110;"doi:10.1016/j.cell.2021.04.011
doi:10.1038/nature22366
imex:IM-25778
imex:IM-29278
pubmed:28514442
pubmed:33961781";Immunoglobulin-like domain;"<p>The basic structure of immunoglobulin (Ig) molecules is a tetramer of two light chains and two heavy chains linked by disulphide bonds. There are two types of light chains: kappa and lambda, each composed of a constant domain (CL) and a variable domain (VL). There are five types of heavy chains: alpha, delta, epsilon, gamma and mu, all consisting of a variable domain (VH) and three (in alpha, delta and gamma) or four (in epsilon and mu) constant domains (CH1 to CH4). Ig molecules are highly modular proteins, in which the variable and constant domains have clear, conserved sequence patterns. The domains in Ig and Ig-like molecules are grouped into four types: V-set (variable; [interpro:IPR013106]), C1-set (constant-1; [interpro:IPR003597]), C2-set (constant-2; [interpro:IPR008424]) and I-set (intermediate; [interpro:IPR013098]) [[cite:PUB00014840]]. Structural studies have shown that these domains share a common core Greek-key β-sandwich structure, with the types differing in the number of strands in the β-sheets as well as in their sequence patterns [[cite:PUB00015110], [cite:PUB00010610]].</p>

<p>Immunoglobulin-like domains that are related in both sequence and structure can be found in several diverse protein families. Ig-like domains are involved in a variety of functions, including cell-cell recognition, cell-surface receptors, muscle structure and the immune system [[cite:PUB00027656]].</p>"
5;IPR020635;"doi:10.1016/j.cell.2019.09.008
doi:10.1016/j.cell.2021.04.011
doi:10.1371/journal.pone.0205180
imex:IM-24272
imex:IM-26942
imex:IM-27423
imex:IM-29278
imex:IM-29494
pubmed:26496610
pubmed:30300385
pubmed:31585087
pubmed:33961781
pubmed:35384245";Tyrosine-protein kinase, catalytic domain;"<p>Protein phosphorylation, which plays a key role in most cellular activities, is a reversible process mediated by protein kinases and phosphoprotein phosphatases. Protein kinases catalyse the transfer of the gamma phosphate from nucleotide triphosphates (often ATP) to one or more amino acid residues in a protein substrate side chain, resulting in a conformational change affecting protein function. Phosphoprotein phosphatases catalyse the reverse process. 
Protein kinases fall into three broad classes, characterised with respect to substrate specificity [[cite:PUB00005115]]:</p>

<ul>
<li>Serine/threonine-protein kinases</li>
<li>Tyrosine-protein kinases</li>
<li>Dual specificity protein kinases (e.g. MEK -phosphorylates both Thr and Tyr on target proteins)</li>
</ul>

<p>Protein kinase function is evolutionarily conserved from Escherichia coli to human [[cite:PUB00020114]]. Protein kinases play a role in a multitude of cellular processes, including division, proliferation, apoptosis, and differentiation [[cite:PUB00015362]]. Phosphorylation usually results in a functional change of the target protein by changing enzyme activity, cellular location, or association with other proteins. The catalytic subunits of protein kinases are highly conserved, and several structures have been solved [[cite:PUB00034898]], leading to large screens to develop kinase-specific inhibitors for the treatments of a number of diseases [[cite:PUB00034899]].</p>; <p>Tyrosine-protein kinases can transfer a phosphate group from ATP to a tyrosine residue in a protein. These enzymes can be divided into two main groups [[cite:PUB00020114]]:</p>

<ul>
<li>Receptor tyrosine kinases (RTK), which are transmembrane proteins involved in signal transduction; they play key roles in growth, differentiation, metabolism, adhesion, motility, death and oncogenesis [[cite:PUB00052410]]. RTKs are composed of 3 domains: an extracellular domain (binds ligand), a transmembrane (TM) domain, and an intracellular catalytic domain (phosphorylates substrate). The TM domain plays an important role in the dimerisation process necessary for signal transduction [[cite:PUB00052411]].</li>
<li>Cytoplasmic/non-receptor tyrosine kinases, which act as regulatory proteins, playing key roles in cell differentiation, motility, proliferation, and survival. For example, the Src-family of protein-tyrosine kinases [[cite:PUB00052412]].</li>
</ul>"
5;IPR017441;"doi:10.1016/j.cell.2019.09.008
doi:10.1371/journal.pone.0205180
imex:IM-24272
imex:IM-26684
imex:IM-26942
imex:IM-27423
imex:IM-29494
pubmed:26496610
pubmed:30300385
pubmed:31046837
pubmed:31585087
pubmed:35384245";Protein kinase, ATP binding site;"<p>Eukaryotic protein kinases [[cite:PUB00015293], [cite:PUB00001530], [cite:PUB00003568], [cite:PUB00003569], [cite:PUB00005115]] are enzymes that belong to a very extensive family of proteins which share a conserved catalytic core common with both serine/threonine and tyrosine protein kinases. There are a number of conserved regions in the catalytic domain of protein kinases.</p>
<p>This entry represents a conserved site, which is located in the N-terminal extremity of the catalytic domain, where there is a glycine-rich stretch of residues in the vicinity of a lysine residue. It is this lysine residue that has been shown to be involved in ATP binding.</p>; <p>Protein phosphorylation, which plays a key role in most cellular activities, is a reversible process mediated by protein kinases and phosphoprotein phosphatases. Protein kinases catalyse the transfer of the gamma phosphate from nucleotide triphosphates (often ATP) to one or more amino acid residues in a protein substrate side chain, resulting in a conformational change affecting protein function. Phosphoprotein phosphatases catalyse the reverse process. 
Protein kinases fall into three broad classes, characterised with respect to substrate specificity [[cite:PUB00005115]]:</p>

<ul>
<li>Serine/threonine-protein kinases</li>
<li>Tyrosine-protein kinases</li>
<li>Dual specificity protein kinases (e.g. MEK -phosphorylates both Thr and Tyr on target proteins)</li>
</ul>

<p>Protein kinase function is evolutionarily conserved from Escherichia coli to human [[cite:PUB00020114]]. Protein kinases play a role in a multitude of cellular processes, including division, proliferation, apoptosis, and differentiation [[cite:PUB00015362]]. Phosphorylation usually results in a functional change of the target protein by changing enzyme activity, cellular location, or association with other proteins. The catalytic subunits of protein kinases are highly conserved, and several structures have been solved [[cite:PUB00034898]], leading to large screens to develop kinase-specific inhibitors for the treatments of a number of diseases [[cite:PUB00034899]].</p>"
5;IPR003598;"doi:10.1016/j.cell.2021.04.011
doi:10.1038/nature22366
imex:IM-25778
imex:IM-29278
pubmed:28514442
pubmed:33961781";Immunoglobulin subtype 2;"<p>This entry represents a subtype of the immunoglobulin domain, and is found in a diverse range of protein families that includes glycoproteins, fibroblast growth factor receptors, vascular endothelial growth factor receptors, interleukin-6 receptor, and neural cell adhesion molecules [[cite:PUB00014133]].</p>; <p>The basic structure of immunoglobulin (Ig) molecules is a tetramer of two light chains and two heavy chains linked by disulphide bonds. There are two types of light chains: kappa and lambda, each composed of a constant domain (CL) and a variable domain (VL). There are five types of heavy chains: alpha, delta, epsilon, gamma and mu, all consisting of a variable domain (VH) and three (in alpha, delta and gamma) or four (in epsilon and mu) constant domains (CH1 to CH4). Ig molecules are highly modular proteins, in which the variable and constant domains have clear, conserved sequence patterns. The domains in Ig and Ig-like molecules are grouped into four types: V-set (variable; [interpro:IPR013106]), C1-set (constant-1; [interpro:IPR003597]), C2-set (constant-2; [interpro:IPR008424]) and I-set (intermediate; [interpro:IPR013098]) [[cite:PUB00014840]]. Structural studies have shown that these domains share a common core Greek-key β-sandwich structure, with the types differing in the number of strands in the β-sheets as well as in their sequence patterns [[cite:PUB00015110], [cite:PUB00010610]].</p>

<p>Immunoglobulin-like domains that are related in both sequence and structure can be found in several diverse protein families. Ig-like domains are involved in a variety of functions, including cell-cell recognition, cell-surface receptors, muscle structure and the immune system [[cite:PUB00027656]].</p>"
5;IPR027417;"doi:10.1016/j.cell.2021.04.011
doi:10.1038/nature22366
imex:IM-24977
imex:IM-25778
imex:IM-26684
imex:IM-27204
imex:IM-29278
pubmed:26885862
pubmed:28514442
pubmed:29924966
pubmed:31046837
pubmed:33961781";P-loop containing nucleoside triphosphate hydrolase;"<p>The P-loop NTPase fold is the most prevalent domain of the several distinct nucleotide-binding protein folds.</p>

<p>The most common reaction catalysed by enzymes of the P-loop NTPase fold is the hydrolysis of the beta-gamma phosphate bond of a bound nucleoside triphosphate (NTP). The energy from NTP hydrolysis is typically utilised to induce conformational changes in other molecules, which constitutes the basis of the biological functions of most P-loop NTPases. P-loop NTPases show substantial substrate preference for either ATP or GTP [[cite:PUB00064266]].</p>"
5;IPR013320;"doi:10.1016/j.cell.2021.04.011
imex:IM-29278
pubmed:33961781";Concanavalin A-like lectin/glucanase domain superfamily;"<p>This superfamily represents the concanavalin A-like domain, which has a sandwich structure of 12-14 β-strands in two sheets with a complex topology. Proteins containing this domain include:</p>

<ul>
<li>Legume lectins</li>
<li>Glycosyl hydrolases family 16</li>
<li>Galectin (animal S-lectin)</li>
<li>Laminin G-like module</li>
<li>Pentraxin</li>
<li>Clostridium neurotoxins</li>
<li>Exotoxin A</li>
<li>Vibrio cholera sialidase</li>
<li>Leech intramolecular trans-sialidase</li>
<li>Glycosyl hydrolase family 7</li>
<li>Xylanase/endoglucanase</li>
<li>Calnexin/calreticulin</li>
<li>Lectin leg-like</li>
<li>vp4 sialic acid binding protein</li>
<li>Trypanosoma sialidase</li>
<li>Thrombospondin</li>
<li>Hypothetical protein YesU</li>
<li>Alginate lyase</li>
<li>Glycosyl hydrolases family 32</li>
<li>Peptidase A4</li>
<li>Alpha-L-arabinofuranosidase B</li>
<li>SPRY domain containing proteins</li>
<li>Beta-D-xylosidase</li>
<li>SO2946-like</li>
<li>MAM domain containing proteins</li>
</ul>"
5;IPR013083;"doi:10.1016/j.cell.2021.04.011
imex:IM-15364
imex:IM-29168
imex:IM-29278
pubmed:21988832
pubmed:33961781
pubmed:34316702";Zinc finger, RING/FYVE/PHD-type;"<p>This superfamily represents RING-, PHD-, and FYVE-type zinc finger domains, which share a common dimetal (zinc)-bound α/β structural fold, as well as the non-zinc-containing U-box domain, which is similar to the RING zinc finger only lacking the metal ion-binding residues (U-box associated with multi-ubiquitination).</p>; <p>Zinc finger (Znf) domains are relatively small protein motifs which contain multiple finger-like protrusions that make tandem contacts with their target molecule. Some of these domains bind zinc, but many do not; instead, they bind other metals, such as iron, or no metal at all. For example, some family members form salt bridges to stabilise the finger-like folds. They were first identified as a DNA-binding motif in transcription factor TFIIIA from Xenopus laevis (African clawed frog); however, they are now recognised to bind DNA, RNA, protein and/or lipid substrates [[cite:PUB00035807], [cite:PUB00035805], [cite:PUB00035806], [cite:PUB00035804], [cite:PUB00014077]]. Their binding properties depend on the amino acid sequence of the finger domains and of the linker between fingers, as well as on the higher-order structures and the number of fingers. Znf domains are often found in clusters, where fingers can have different binding specificities. There are many superfamilies of Znf motifs, varying in both sequence and structure. They display considerable versatility in binding modes, even between members of the same class (e.g., some bind DNA, others protein), suggesting that Znf motifs are stable scaffolds that have evolved specialised functions. For example, Znf-containing proteins function in gene transcription, translation, mRNA trafficking, cytoskeleton organisation, epithelial development, cell adhesion, protein folding, chromatin remodelling and zinc sensing, to name but a few [[cite:PUB00035812]]. Zinc-binding motifs are stable structures, and they rarely undergo conformational changes upon binding their target.</p>"
4;IPR001356;"doi:10.1016/j.cell.2021.04.011
imex:IM-25472
imex:IM-29278
pubmed:32296183
pubmed:33961781";Homeodomain;<p>This entry represents the homeodomain (HD), a protein domain of approximately 60 residues that usually binds DNA. It is encoded by the homeobox sequence [[cite:PUB00126359], [cite:PUB00075496], [cite:PUB00153777]], which was first identified in a number of Drosophila homeotic and segmentation proteins, but is now known to be well-conserved in many other animals, including vertebrates [[cite:PUB00000591], [cite:PUB00005390]], as well as plants [[cite:PUB00153787]], fungi [[cite:PUB00071003]] and some species of lower eukaryotes. Many members of this group are transcriptional regulators, some of which operate differential genetic programs along the anterior-posterior axis of animal bodies [[cite:PUB00010002]]. This domain folds into a globular structure with three α-helices connected by two short loops that harbour a hydrophobic core. The second and third form a helix-turn-helix (HTH) motif, which make intimate contacts with the DNA: while the first helix of this motif helps to stabilise the structure, the second helix binds to DNA via a number of hydrogen bonds and hydrophobic interactions, which occur between specific side chains and the exposed bases and thymine methyl groups within the major groove of the DNA. One particularity of the HTH motif in some of these proteins arises from the stereo-chemical requirement for glycine in the turn which is needed to avoid steric interference of the β-carbon with the main chain: for cro and repressor proteins the glycine appears to be mandatory, while for many of the homeotic and other DNA-binding proteins the requirement is relaxed.</p>
4;IPR009057;"doi:10.1016/j.cell.2021.04.011
imex:IM-25472
imex:IM-29278
pubmed:32296183
pubmed:33961781";Homeodomain-like superfamily;"<p>Homeodomain (HD)-containing proteins are transcription factors that share a related DNA binding domain [[cite:PUB00013192]]. HD was first identified in a number of Drosophila homeotic and segmentation proteins, but is now known to be well conserved in organisms from all domains in life. The domain binds DNA through a helix-turn-helix (HTH) structure. The HTH motif is characterised by two α-helices, which make intimate contacts with the DNA and are joined by a short turn. The second helix binds to DNA via a number of hydrogen bonds and hydrophobic interactions, which occur between specific side chains and the exposed bases and thymine methyl groups within the major groove of the DNA. The first helix helps to stabilise the structure. Many proteins contain homeodomains, including Drosophila Engrailed, yeast mating type proteins, hepatocyte nuclear factor 1a and HOX proteins.</p>

<p>The homeodomain motif is very similar in sequence and structure to domains in a wide range of DNA-binding proteins, including recombinases, Myb proteins, GARP response regulators, human telomeric proteins (hTRF1), paired domain proteins (PAX), yeast RAP1, centromere-binding proteins CENP-B and ABP-1, transcriptional regulators (TyrR), AraC-type transcriptional activators, and tetracycline repressor-like proteins (TetR, QacR, YcdC) [[cite:PUB00013193], [cite:PUB00013194], [cite:PUB00003347]].</p>"
4;IPR000372;"doi:10.1016/j.cell.2021.04.011
imex:IM-29278
pubmed:33961781";Leucine-rich repeat N-terminal domain;"<p>Leucine-rich repeats (LRR) consist of 2-45 motifs of 20-30 amino acids in length that generally folds into an arc or horseshoe shape [[cite:PUB00017058]]. LRRs occur in proteins ranging from viruses to eukaryotes, and appear to provide a structural framework for the formation of protein-protein interactions [[cite:PUB00007147], [cite:PUB00001625]].Proteins containing LRRs include tyrosine kinase receptors, cell-adhesion molecules, virulence factors, and extracellular matrix-binding glycoproteins, and are involved in a variety of biological processes, including signal transduction, cell adhesion, DNA repair, recombination, transcription, RNA processing, disease resistance, apoptosis, and the immune response [[cite:PUB00001898], [cite:PUB00094376]].</p>

<p>Sequence analyses of LRR proteins suggested the existence of several different subfamilies of LRRs. The significance of this classification is that repeats from different subfamilies never occur simultaneously and have most probably evolved independently. It is, however, now clear that all major classes of LRR have curved horseshoe structures with a parallel β sheet on the concave side and mostly helical elements on the convex side. At least six families of LRR proteins, characterised by different lengths and consensus sequences of the repeats, have been identified. Eleven-residue segments of the LRRs (LxxLxLxxN/CxL), corresponding to the β-strand and adjacent loop regions, are conserved in LRR proteins, whereas the remaining parts of the repeats (herein termed variable) may be very different. Despite the differences, each of the variable parts contains two half-turns at both ends and a ""linear"" segment (as the chain follows a linear path overall), usually formed by a helix, in the middle. The concave face and the adjacent loops are the most common protein interaction surfaces on LRR proteins. 
3D structure of some LRR proteins-ligand complexes show that the concave surface of LRR domain is ideal for interaction with α-helix, thus supporting earlier conclusions that the elongated and curved LRR structure provides an outstanding framework for achieving diverse protein-protein interactions [[cite:PUB00007147]]. Molecular modeling suggests that the conserved pattern LxxLxL, which is shorter than the previously proposed LxxLxLxxN/CxL is sufficient to impart the characteristic horseshoe curvature to proteins with 20-to 30-residue repeats [[cite:PUB00007148]].</p>; <p>LRRs are often flanked by cysteine-rich domains: an N-terminal LRR domain and a C-terminal LRR domain ([interpro:IPR000483]). This entry represents the N-terminal LRR domain.</p>"
4;IPR050122;"doi:10.1016/j.cell.2021.04.011
doi:10.1371/journal.pone.0205180
imex:IM-26942
imex:IM-29278
imex:IM-29494
pubmed:30300385
pubmed:33961781
pubmed:35384245";Receptor Tyrosine Kinase;<p>The receptor tyrosine kinase family plays a crucial role in various cellular processes, including cell proliferation, differentiation, migration, and apoptosis. They act as cell-surface receptors for various ligands, such as fibroblast growth factors, insulin, and other growth factors, triggering intracellular signaling cascades that regulate embryonic development, the immune response, and the nervous system. Mutations or aberrant activation can lead to diseases like cancer. They are involved in angiogenesis, skeletal development, and maintaining vascular stability.</p>
4;IPR029058;"doi:10.1016/j.cell.2021.04.011
doi:10.1038/nature22366
imex:IM-25778
imex:IM-29278
pubmed:28514442
pubmed:33961781";Alpha/Beta hydrolase fold;"<p>This entry represent the α/β hydrolase superfamily that brings together enzymes with a common structural fold but diverse catalytic functions. This superfamily is characterised by a core structure composed of a central β-sheet consisting of 5-8 strands, connected by α-helices to form an α/β/α sandwich.</p>; <p>The α/β hydrolase fold [[cite:PUB00004958]] is common to a number of hydrolytic enzymes of widely differing phylogenetic origin and catalytic function. The core of each enzyme is an α/β-sheet (rather than a barrel), containing 8 strands connected by helices [[cite:PUB00004958]]. The enzymes are believed to have diverged from a common ancestor, preserving the arrangement of the catalytic residues. All have a catalytic triad, the elements of which are borne on loops, which are the best conserved structural features of the fold. Esterase (EST) from Pseudomonas putida is a member of the α/β hydrolase fold superfamily of enzymes [[cite:PUB00038968]].</p>

<p>In most of the family members the β-strands are parallel, but some have an inversion of the first strands, which gives it an antiparallel orientation. The catalytic triad residues are presented on loops. One of these is the nucleophile elbow and is the most conserved feature of the fold. Some other members lack one or all of the catalytic residues. Some members are therefore inactive but others are involved in surface recognition. The ESTHER database [[cite:PUB00043472]] gathers and annotates all the published information related to gene and protein sequences of this superfamily [[cite:PUB00043472]].</p>"
4;IPR001870;"doi:10.1016/j.cell.2021.04.011
imex:IM-29278
pubmed:33961781";B30.2/SPRY domain;"<p>The B30.2 domain was first identified as a protein domain encoded by an exon (named B30-2) in the Homo sapiens class I major histocompatibility complex region [[cite:PUB00033710]], whereas the SPRY domain was first identified in a Dictyostelium discoideum kinase splA and mammalian calcium-release channels ryanodine receptors [[cite:PUB00005467]].  B30.2 domain consists of PRY and SPRY subdomains. The SPRY domains  (after SPla and the RYanodine Receptor) are shorter at the N terminus than the B30.2 domains. The ~200-residue B30.2/SPRY (for B30.2 and/or SPRY) domain is present in a large number of proteins with diverse individual functions in different biological processes. The B30.2/SPRY domain in these proteins is likely to function through protein-protein interaction [[cite:PUB00033711]].
The N-terminal ~60 residues of B30.2/SPRY domains are poorly conserved and, as a consequence, a new domain name PRY was coined for a group of similar sequence segments N-terminal to the SPRY domains [[cite:PUB00033711]]. The B30.2/SPRY domain contains three highly conserved motifs (LDP, WEVE and LDYE) [[cite:PUB00033712]]. The B30.2/SPRY domain adopts a highly distorted, compact β-sandwich fold with two additional short β-helices at the N terminus. The β-sandwich of the B30.2/SPRY domain consists of two layers of β-sheets: sheet A composed of eight strands and sheet B composed of seven strands. All the β-strands are in antiparallel arrangement [[cite:PUB00033711]]. The 5th β-strand corresponding to WEVE motif [[cite:PUB00033713]]. Both the N- and C-terminal ends of the B30.2/SPRY domains in general are close to each other [[cite:PUB00033711]].</p>"
4;IPR043136;"doi:10.1016/j.cell.2021.04.011
imex:IM-29278
pubmed:33961781";B30.2/SPRY domain superfamily;"<p>This superfamily also matches diverse E3 ubiquitin-protein ligases. This protein is involved in the apoptosis process [[cite:PUB00084879], [cite:PUB00093725]].</p>; <p>The B30.2 domain was first identified as a protein domain encoded by an exon (named B30-2) in the Homo sapiens class I major histocompatibility complex region [[cite:PUB00033710]], whereas the SPRY domain was first identified in a Dictyostelium discoideum kinase splA and mammalian calcium-release channels ryanodine receptors [[cite:PUB00005467]].  B30.2 domain consists of PRY and SPRY subdomains. The SPRY domains  (after SPla and the RYanodine Receptor) are shorter at the N terminus than the B30.2 domains. The ~200-residue B30.2/SPRY (for B30.2 and/or SPRY) domain is present in a large number of proteins with diverse individual functions in different biological processes. The B30.2/SPRY domain in these proteins is likely to function through protein-protein interaction [[cite:PUB00033711]].
The N-terminal ~60 residues of B30.2/SPRY domains are poorly conserved and, as a consequence, a new domain name PRY was coined for a group of similar sequence segments N-terminal to the SPRY domains [[cite:PUB00033711]]. The B30.2/SPRY domain contains three highly conserved motifs (LDP, WEVE and LDYE) [[cite:PUB00033712]]. The B30.2/SPRY domain adopts a highly distorted, compact β-sandwich fold with two additional short β-helices at the N terminus. The β-sandwich of the B30.2/SPRY domain consists of two layers of β-sheets: sheet A composed of eight strands and sheet B composed of seven strands. All the β-strands are in antiparallel arrangement [[cite:PUB00033711]]. The 5th β-strand corresponding to WEVE motif [[cite:PUB00033713]]. Both the N- and C-terminal ends of the B30.2/SPRY domains in general are close to each other [[cite:PUB00033711]].</p>"
4;IPR003877;"doi:10.1016/j.cell.2021.04.011
imex:IM-29278
pubmed:33961781";SPRY domain;"<p>The SPRY domain is a ~140-amino-acid protein interaction module involved in many important signalling pathways like RNA processing, regulation of histone H3 methylation, innate immunity, or embryonic development [[cite:PUB00041714], [cite:PUB00085899], [cite:PUB00095661]]. It can be divided into 11 subfamilies based on amino acid sequence similarity or the presence of additional protein domains. Functionally, SPRY domains mediate critical interactions in diverse pathways: SSB-2 binds Par-4 to regulate apoptosis, RanBPM/SSB-1 interact with c-Met for signalling modulation, and SPSB proteins target iNOS for ubiquitination in immune regulation [[cite:PUB00039269], [cite:PUB00086126], [cite:PUB00130360]].</p>; <p>The B30.2 domain was first identified as a protein domain encoded by an exon (named B30-2) in the Homo sapiens class I major histocompatibility complex region [[cite:PUB00033710]], whereas the SPRY domain was first identified in a Dictyostelium discoideum kinase splA and mammalian calcium-release channels ryanodine receptors [[cite:PUB00005467]].  B30.2 domain consists of PRY and SPRY subdomains. The SPRY domains  (after SPla and the RYanodine Receptor) are shorter at the N terminus than the B30.2 domains. The ~200-residue B30.2/SPRY (for B30.2 and/or SPRY) domain is present in a large number of proteins with diverse individual functions in different biological processes. The B30.2/SPRY domain in these proteins is likely to function through protein-protein interaction [[cite:PUB00033711]].
The N-terminal ~60 residues of B30.2/SPRY domains are poorly conserved and, as a consequence, a new domain name PRY was coined for a group of similar sequence segments N-terminal to the SPRY domains [[cite:PUB00033711]]. The B30.2/SPRY domain contains three highly conserved motifs (LDP, WEVE and LDYE) [[cite:PUB00033712]]. The B30.2/SPRY domain adopts a highly distorted, compact β-sandwich fold with two additional short β-helices at the N terminus. The β-sandwich of the B30.2/SPRY domain consists of two layers of β-sheets: sheet A composed of eight strands and sheet B composed of seven strands. All the β-strands are in antiparallel arrangement [[cite:PUB00033711]]. The 5th β-strand corresponding to WEVE motif [[cite:PUB00033713]]. Both the N- and C-terminal ends of the B30.2/SPRY domains in general are close to each other [[cite:PUB00033711]].</p>"
3;IPR009030;"doi:10.1016/j.cell.2021.04.011
doi:10.1371/journal.pone.0205180
imex:IM-26942
imex:IM-29278
imex:IM-29494
pubmed:30300385
pubmed:33961781
pubmed:35384245";Growth factor receptor cysteine-rich domain superfamily;"<p>This entry represents a growth factor receptor domain superfamily, which is a cysteine-rich region that is found in a variety of eukaryotic proteins that are involved in the mechanism of signal transduction by receptor tyrosine kinases. Proteins containing the growth factor receptor domain include the insulin-like growth factor-binding proteins (IGFBP) [[cite:PUB00011763]], the type-1 insulin-like growth factor receptor (IGF-1R) [[cite:PUB00004283]], and members of the epidermal growth factor (EGF) receptor family [[cite:PUB00076912]], such as the receptor protein-tyrosine kinase Erbb-3 (ErbB3) [[cite:PUB00011765]].  The general structure of the growth factor receptor domain is a disulphide-bound fold containing a β-hairpin with two adjacent disulphides.</p>

<p>IGFBPs control the distribution, function and activity of insulin-like growth factors (IGFs), IGF-I and IGF-II, which are key regulators of cell proliferation, differentiation and transformation. All IGFBPs share a common domain organisation, where the highest conservation is found in the N-terminal Cys-rich IGF-binding domain. The N-terminal domain contains 10-12 conserved cysteine residues.</p>

<p>IGF-1R is a member of the tyrosine-kinase receptor superfamily that is involved in both normal growth and development and malignant transformation. The Cys-rich domain is flanked by two L-domains, and together they contribute to hormone binding and ligand specificity, even though they do not bind the ligand directly. The Cys-rich region is composed of eight disulphide-bonded modules, seven of which form a rod-shaped domain.</p>"
3;IPR043504;"doi:10.1016/j.cell.2021.04.011
imex:IM-29278
pubmed:33961781";;
3;IPR001314;"doi:10.1016/j.cell.2021.04.011
imex:IM-29278
pubmed:33961781";Peptidase S1A, chymotrypsin family;"<p>This group of serine peptidases and non-peptidase homologues belong to the MEROPS peptidase family S1, subfamily S1A (chymotrypsin subfamily, clan PA(S)). These peptidases contain the catalytic triad histidine, aspartate and serine found in all members of subfamily S1A. Testes-specific protein TSP50 is also included in this family which has the serine replaced by threonine, although the serine is conserved in many vertebrates [[cite:PUB00095105]]. The type example being chymotrypsin A from Bos taurus (Bovine).</p>

<p>Members of the chymotrypsin family may occasionally function intracellularly (for example, the intracellular digestion of bacteria in neutrophils), but
most function extracellularly, for example in roles such as food digestion, fibrinolysis and complement activation [[cite:PUB00003576]]. The essential catalytic unit of the chymotrypsin family is around 220 amino acids in length, although the protein may be extended at the N terminus with unrelated sequences, often containing modules. They are rarely extended at the C terminus: exceptions include acrosin, complement component C2, and coagulation factor X, which has a 16 residue extension that is removed upon activation [[cite:PUB00003576]].</p>"
3;IPR018114;"doi:10.1016/j.cell.2021.04.011
imex:IM-29278
pubmed:33961781";Serine protease-like, trypsin family, histidine active site;"<p>This entry represents the histidine active site of serine proteases belonging to the MEROPS peptidase family S1 (chymotrypsin family, clan PA(S)). The catalytic activity of the serine proteases from the chymotrypsin family is provided by a charge relay system involving an aspartic acid residue hydrogen-bonded to a histidine, which itself is hydrogen-bonded to a serine. The sequences in the vicinity of the active site histidine residues are well conserved in this family of proteases [[cite:PUB00004028]].</p>

<p>The chymotrypsin family is almost totally confined to animals, although trypsin-like enzymes are found in actinomycetes of the genera Streptomyces and Saccharopolyspora, and in the fungus Fusarium oxysporum [[cite:PUB00003576]]. The enzymes are inherently secreted, being synthesised with a signal peptide that targets them to the secretory pathway. Animal enzymes are either secreted directly, packaged into vesicles for regulated secretion, or are retained in leukocyte granules [[cite:PUB00003576]].</p>"
3;IPR009003;"doi:10.1016/j.cell.2021.04.011
imex:IM-29278
pubmed:33961781";Peptidase S1, PA clan;"<p>This superfamily represents a domain found in proteases belonging to the MEROPS peptidase family S1 (clan PA). This domain has a two β-barrel structure with the active site located at the interface between the barrels. The PA clan contains both cysteine and serine proteases that can be found in plants, animals, fungi, eubacteria, archaea and viruses [[cite:PUB00004667]].</p>; <p>A cysteine peptidase is a proteolytic enzyme that hydrolyses a peptide bond using the thiol group of a cysteine residue as a nucleophile.  Hydrolysis involves usually a catalytic triad consisting of the thiol group of the cysteine, the imidazolium ring of a histidine, and a third residue, usually asparagine or aspartic acid, to orientate and activate the imidazolium ring.  In only one family of cysteine peptidases, is the role of the general base assigned to a residue other than a histidine: in peptidases from family C89 (acid ceramidase) an arginine is the general base.  Cysteine peptidases can be grouped into fourteen different clans, with members of each clan possessing a tertiary fold unique to the clan.  Four clans of cysteine peptidases share structural similarities with serine and threonine peptidases and asparagine lyases.  From sequence similarities, cysteine peptidases can be clustered into over 80 different families [[cite:PUB00011704]].  Clans CF, CM, CN, CO, CP and PD contain only one family.</p>

<p>Cysteine peptidases are often active at acidic pH and are therefore confined to acidic environments, such as the animal lysosome or plant vacuole.  Cysteine peptidases can be endopeptidases, aminopeptidases, carboxypeptidases, dipeptidyl-peptidases or omega-peptidases.  They are inhibited by thiol chelators such as iodoacetate, iodoacetic acid,<i>N</i>-ethylmaleimide or<i>p</i>-chloromercuribenzoate.</p>

<p>Clan CA includes proteins with a papain-like fold. There is a catalytic triad which occurs in the order: Cys/His/Asn (or Asp).  A fourth residue, usually Gln, is important for stabilising the acyl intermediate that forms during catalysis, and this precedes the active site Cys. The fold consists of two subdomains with the active site between them.  One subdomain consists of a bundle of helices, with the catalytic Cys at the end of one of them, and the other subdomain is a β-barrel with the active site His and Asn (or Asp). There are over thirty families in the clan, and tertiary structures have been solved for members of most of these. Peptidases in clan CA are usually sensitive to the small molecule inhibitor E64, which is ineffective against peptidases from other clans of cysteine peptidases [[cite:PUB00076953]].</p>

<p>Clan CD includes proteins with a caspase-like fold.  Proteins in the clan have an α/β/α sandwich structure. There is a catalytic dyad which occurs in the order His/Cys. The active site His occurs in a His-Gly motif and the active site Cys occurs in an Ala-Cys motif; both motifs are preceded by a block of hydrophobic residues [[cite:PUB00020025]]. Specificity is predominantly directed towards residues that occupy the S1 binding pocket, so that caspases cleave aspartyl bonds, legumains cleave asparaginyl bonds, and gingipains cleave lysyl or arginyl bonds.</p>

<p>Clan CE includes proteins with an adenain-like fold.  The fold consists of two subdomains with the active site between them.  One domain is a bundle of helices, and the other a β-barrel. The subdomains are in the opposite order to those found in peptidases from clan CA, and this is reflected in the order of active site residues: His/Asn/Gln/Cys.  This has prompted speculation that proteins in clans CA and CE are related, and that members of one clan are derived from a circular permutation of the structure of the other.</p>

<p>Clan CL includes proteins with a sortase B-like fold.  Peptidases in the clan hydrolyse and transfer bacterial cell wall peptides.  The fold shows a closed β-barrel decorated with helices with the active site at one end of the barrel [[cite:PUB00030423]].  The active site consists of a His/Cys catalytic dyad.</p>; <p>Cysteine peptidases with a chymotrypsin-like fold are included in clan PA, which also includes serine peptidases.  Cysteine peptidases that are N-terminal nucleophile hydrolases are included in clan PB.  Cysteine peptidases with a tertiary structure similar to that of the serine-type aspartyl dipeptidase are included in clan PC.  Cysteine peptidases with an intein-like fold are included in clan PD, which also includes asparagine lyases.</p>"
3;IPR001254;"doi:10.1016/j.cell.2021.04.011
imex:IM-29278
pubmed:33961781";Serine proteases, trypsin domain;"<p>This entry represents the active-site-containing domain found in the trypsin family members. The catalytic activity of the serine proteases from the trypsin family is provided by a charge relay system involving an aspartic acid residue hydrogen-bonded to a histidine, which itself is hydrogen-bonded to a serine. The sequences in the vicinity of the active site serine and histidine residues are well conserved in this family of proteases [[cite:PUB00004028]]. A partial list of proteases known to belong to the trypsin family is shown below.</p>

<ul>
<li>Acrosin.</li>
<li>Blood coagulation factors VII, IX, X, XI and XII, thrombin, plasminogen, and protein C.</li>
<li>Cathepsin G.</li>
<li>Chymotrypsins.</li>
<li>Complement components C1r, C1s, C2, and complement factors B, D and I.</li>
<li>Complement-activating component of RA-reactive factor.</li>
<li>Cytotoxic cell proteases (granzymes A to H).</li>
<li>Duodenase I.</li>
<li>Elastases 1, 2, 3A, 3B (protease E), leukocyte (medullasin).</li>
<li>Enterokinase (EC 3.4.21.9) (enteropeptidase).</li>
<li>Hepatocyte growth factor activator.</li>
<li>Hepsin.</li>
<li>Glandular (tissue) kallikreins (including EGF-binding protein types A, B, and C, NGF-gamma chain, gamma-renin, prostate specific antigen (PSA) and tonin).</li>
<li>Plasma kallikrein.</li>
<li>Mast cell proteases (MCP) 1 (chymase) to 8.</li>
<li>Myeloblastin (proteinase 3) (Wegener's autoantigen).</li>
<li>Plasminogen activators (urokinase-type, and tissue-type).</li>
<li>Trypsins I, II, III, and IV.</li>
<li>Tryptases.</li>
</ul>

<p>All the above proteins belong to family S1 in the classification of peptidases [[cite:PUB00003576]] and originate from eukaryotic species. It should be noted that bacterial proteases that belong to family S2A are similar enough in the regions of the active site residues that they can be picked up by the same patterns. These proteases are listed below.</p>

<ul>
<li>Achromobacter lyticus protease I.</li>
<li>Lysobacter alpha-lytic protease.</li>
<li>Streptogrisin A and B (Streptomyces proteases A and B).</li>
<li>Streptomyces griseus glutamyl endopeptidase II.</li>
<li>Streptomyces fradiae proteases 1 and 2.</li>
</ul>"
3;IPR017970;"imex:IM-25472
pubmed:32296183";Homeobox, conserved site;"<p>This entry represents a conserved site found in the homeodomain (HD), a protein domain of approximately 60 residues that usually binds DNA. It is encoded by the homeobox sequence [[cite:PUB00126359], [cite:PUB00075496], [cite:PUB00153777]], which was first identified in a number of Drosophila homeotic and segmentation proteins, but is now known to be well-conserved in many other animals, including vertebrates [[cite:PUB00000591], [cite:PUB00005390]]. Members of this group are transcriptional regulators that operate differential genetic programs along the anterior-posterior axis of animal bodies [[cite:PUB00010002]]. The domain binds DNA through a helix-turn-helix (HTH) structure. The HTH motif is characterised by two α-helices, which make intimate contacts with the DNA and are joined by a short turn. The second helix binds to DNA via a number of hydrogen bonds and hydrophobic interactions, which occur between specific side chains and the exposed bases and thymine methyl groups within the major groove of the DNA. The first helix helps to stabilise the structure.</p>

<p>The motif is very similar in sequence and structure in a wide range of DNA-binding proteins (e.g., cro and repressor proteins, homeotic proteins, etc.). One of the principal differences between HTH motifs in these different proteins arises from the stereo-chemical requirement for glycine in the turn which is needed to avoid steric interference of the β-carbon with the main chain: for cro and repressor proteins the glycine appears to be mandatory, while for many of the homeotic and other DNA-binding proteins the requirement is relaxed.</p>"
3;IPR000010;"doi:10.1016/j.cell.2021.04.011
imex:IM-29278
pubmed:33961781";Cystatin domain;"<p>This entry represents the cystatin domain. Cystatins occur mainly as single-domain proteins. However, some extracellular proteins such as kininogen, His-rich glycoprotein and fetuin also contain these domains.</p>; <p>Cystatins are cysteine proteinase inhibitors belonging to MEROPS inhibitor family I25, clan IH [[cite:PUB00003412], [cite:PUB00014312], [cite:PUB00001614]]. They mainly inhibit peptidases belonging to peptidase families C1 (papain family) and C13 (legumain family). The cystatin family includes:</p>

<ul>
<li>
The Type 1 cystatins, which are intracellular cystatins that are present in the cytosol of many cell types, but can also appear in body fluids at significant concentrations. They are single-chain polypeptides of about 100 residues, which have neither disulphide bonds nor carbohydrate side chains.</li>
<li>The Type 2 cystatins, which are mainly extracellular secreted polypeptides synthesised with a 19-28 residue signal peptide. They are broadly distributed and found in most body fluids.</li>
<li>The Type 3 cystatins, which are multidomain proteins. The mammalian representatives of this group are the kininogens. There are three different kininogens in mammals: H- (high molecular mass, [interpro:IPR002395]) and L- (low molecular mass) kininogen which are found in a number of species, and T-kininogen that is found only in rat.</li>
<li>Unclassified cystatins. These are cystatin-like proteins found in a range of organisms: plant phytocystatins, fetuin in mammals, insect cystatins and a puff adder venom cystatin which inhibits metalloproteases of the MEROPS peptidase family M12 (astacin/adamalysin). Also a number of the cystatins-like proteins have been shown to be devoid of inhibitory activity.</li>
</ul>

<p>All true cystatins inhibit cysteine peptidases of the papain family (MEROPS peptidase family C1), and some also inhibit legumain family enzymes (MEROPS peptidase family C13). These peptidases play key roles in physiological processes, such as intracellular protein degradation (cathepsins B, H and L), are pivotal in the remodelling of bone (cathepsin K), and may be important in the control of antigen presentation (cathepsin S, mammalian legumain). Moreover, the activities of such peptidases are increased in pathophysiological conditions, such as cancer metastasis and inflammation. Additionally, such peptidases are essential for several pathogenic parasites and bacteria. Thus in animals cystatins not only have capacity to regulate normal body processes and perhaps cause disease when down-regulated, but in other organisms may also participate in defence against biotic and abiotic stress.</p>"
3;IPR046350;"doi:10.1016/j.cell.2021.04.011
imex:IM-29278
pubmed:33961781";Cystatin superfamily;"<p>The cystatin superfamily comprises cysteine protease inhibitors that play key regulatory roles in protein degradation processes. This superfamily includes cystatins, cathelicidins, staphopains, kininogens, latexins and secreted phosphoprotein 24 (Spp-24) [[cite:PUB00057954]]. The progenitor of this superfamily was most probably intracellular and lacked a signal peptide and disulphide bridges, much like the extant Giardia cystatin. A primordial gene duplication produced two ancestral eukaryotic lineages, cystatins and stefins. Stefins remain encoded by a single or a small number of genes throughout the eukaryotes, whereas the cystatins have undergone a more complex and dynamic evolution through numerous gene and domain duplications [[cite:PUB00099820]]. Members of this superfamily differ in amino acid sequence, but they share a conserved fold, consisting of a five-stranded anti-parallel β-sheet wrapped around a five-turn α-helix [[cite:PUB00065123], [cite:PUB00057954]].</p>; <p>Cystatins are cysteine proteinase inhibitors belonging to MEROPS inhibitor family I25, clan IH [[cite:PUB00003412], [cite:PUB00014312], [cite:PUB00001614]]. They mainly inhibit peptidases belonging to peptidase families C1 (papain family) and C13 (legumain family). The cystatin family includes:</p>

<ul>
<li>
The Type 1 cystatins, which are intracellular cystatins that are present in the cytosol of many cell types, but can also appear in body fluids at significant concentrations. They are single-chain polypeptides of about 100 residues, which have neither disulphide bonds nor carbohydrate side chains.</li>
<li>The Type 2 cystatins, which are mainly extracellular secreted polypeptides synthesised with a 19-28 residue signal peptide. They are broadly distributed and found in most body fluids.</li>
<li>The Type 3 cystatins, which are multidomain proteins. The mammalian representatives of this group are the kininogens. There are three different kininogens in mammals: H- (high molecular mass, [interpro:IPR002395]) and L- (low molecular mass) kininogen which are found in a number of species, and T-kininogen that is found only in rat.</li>
<li>Unclassified cystatins. These are cystatin-like proteins found in a range of organisms: plant phytocystatins, fetuin in mammals, insect cystatins and a puff adder venom cystatin which inhibits metalloproteases of the MEROPS peptidase family M12 (astacin/adamalysin). Also a number of the cystatins-like proteins have been shown to be devoid of inhibitory activity.</li>
</ul>

<p>All true cystatins inhibit cysteine peptidases of the papain family (MEROPS peptidase family C1), and some also inhibit legumain family enzymes (MEROPS peptidase family C13). These peptidases play key roles in physiological processes, such as intracellular protein degradation (cathepsins B, H and L), are pivotal in the remodelling of bone (cathepsin K), and may be important in the control of antigen presentation (cathepsin S, mammalian legumain). Moreover, the activities of such peptidases are increased in pathophysiological conditions, such as cancer metastasis and inflammation. Additionally, such peptidases are essential for several pathogenic parasites and bacteria. Thus in animals cystatins not only have capacity to regulate normal body processes and perhaps cause disease when down-regulated, but in other organisms may also participate in defence against biotic and abiotic stress.</p>"
3;IPR050333;"doi:10.1016/j.cell.2021.04.011
imex:IM-29278
pubmed:33961781";Small Leucine-Rich Proteoglycans;<p>The small leucine-rich proteoglycan (SLRP) family is involved in various biological processes including collagen fiber assembly, cell adhesion, migration, and axon guidance. Members of this family play roles in maintaining tissue structure, such as anchoring basement membranes to connective tissue, affecting the rate of fibril formation, and regulating biomineralization. Some SLRPs are involved in modulating signaling pathways, such as TGF-beta and BMP signaling, which are critical for cartilage homeostasis and osteoarthritis pathogenesis. They also contribute to the organization of the extracellular matrix, particularly in the cornea, where they help maintain transparency and stromal matrix structure. Additionally, certain SLRPs participate in neuronal development, guiding neuron placement and synapse density regulation.</p>
3;IPR008983;"doi:10.1016/j.cell.2021.04.011
imex:IM-29278
pubmed:33961781";Tumour necrosis factor-like domain superfamily;"<p>The tumour necrosis factor (TNF)-like domains are found in both TNF and C1q protein families.  Structurally these domains self-associate to make a compact bell-shaped homotrimer, each monomer being composed of an anti-parallel β-sheet sandwich with a jellyroll topology.  Both TNF and C1q family members can be expressed as soluble plasma proteins or as type II membrane-bound proteins.</p>

<p>TNF family members bind extracellularly to cysteine-rich receptors, thereby inducing a clustering of the receptors, which subsequently triggers the intracellular apoptotic cascade.  The TNF proteins are important mediators in inflammation, immune responses and cytotoxicity through their interaction with the TNF-R55 and the TNF-R75 cell-surface receptors [[cite:PUB00010672]].  Other TNF family members include the CD40 ligand (C-terminal TNF-like domain) which is involved in the immune response via the CD40 receptor [[cite:PUB00010301]]; TRAIL, which selectively induces apoptosis in tumour cells via DR4 and DR5 receptors [[cite:PUB00010673]]; the RANK ligand (TNFSF11), which triggers osteoclastogenesis via the RANK receptor [[cite:PUB00010674]]; and TALL-1 (soluble domain), which is involved in the immune response via the TACI, BCMA, and BAFF-R receptors [[cite:PUB00010675]].</p>

<p>C1q proteins also contain TNF-like domains.  C1q family members include the Adiponectin/ACRP30 (C-terminal TNF-like domain), which regulates metabolism and energy homeostasis [[cite:PUB00088215]], and NC1 (non-collagenous domain 1), the C-terminal TNF-like domain of collagen X, which is crucial for collagen X assembly in bone tissue [[cite:PUB00010676]].</p>"
3;IPR005225;"doi:10.1016/j.cell.2021.04.011
doi:10.1038/nature22366
imex:IM-24977
imex:IM-25778
imex:IM-26684
imex:IM-29278
pubmed:26885862
pubmed:28514442
pubmed:31046837
pubmed:33961781";Small GTP-binding domain;<p>Proteins with a small GTP-binding domain include Ras, RhoA, Rab11, translation elongation factor G, translation initiation factor IF-2, tetratcycline resistance protein TetM, CDC42, Era, ADP-ribosylation factors [[cite:PUB00095176]], tdhF, and many others [[cite:PUB00015117]]. In some proteins the domain occurs more than once. Among them there is a large number of small GTP-binding proteins and related domains in larger proteins. Note that the alpha chains of heterotrimeric G proteins are larger proteins in which the NKXD motif is separated from the GxxxxGK[ST] motif (P-loop) by a long insert and are not easily detected by this model.</p>
3;IPR008160;"doi:10.1016/j.cell.2021.04.011
imex:IM-29278
pubmed:33961781";Collagen triple helix repeat;"<p>Collagens are generally extracellular structural proteins involved in formation of connective tissue structure. The sequence is predominantly repeats of the G-X-Y and the polypeptide chains form a triple helix. The first position of the repeat is glycine, the second and third positions can be any residue but are frequently proline and hydroxyproline. Collagens are post-translationally modified by proline hydroxylase to form the hydroxyproline residues. Defective hydroxylation is the cause of scurvy [[cite:PUB00100841], [cite:PUB00076482], [cite:PUB00100842]].</p>

<p>Members of this family belong to the collagen superfamily [[cite:PUB00001059]]. Some of them are not involved in connective tissue structure but share the same triple helical structure.</p>"
3;IPR013106;"doi:10.1016/j.cell.2021.04.011
imex:IM-29278
pubmed:33961781";Immunoglobulin V-set domain;"<p>This entry represents the V-set domains, which are Ig-like domains resembling the antibody variable domain. V-set domains are found in diverse protein families, including immunoglobulin light and heavy chains; in several T-cell receptors such as CD2 (Cluster of Differentiation 2), CD4, CD80, and CD86; in myelin membrane adhesion molecules; in junction adhesion molecules (JAM); in tyrosine-protein kinase receptors; and in the programmed cell death protein 1 (PD1).</p>; <p>The basic structure of immunoglobulin (Ig) molecules is a tetramer of two light chains and two heavy chains linked by disulphide bonds. There are two types of light chains: kappa and lambda, each composed of a constant domain (CL) and a variable domain (VL). There are five types of heavy chains: alpha, delta, epsilon, gamma and mu, all consisting of a variable domain (VH) and three (in alpha, delta and gamma) or four (in epsilon and mu) constant domains (CH1 to CH4). Ig molecules are highly modular proteins, in which the variable and constant domains have clear, conserved sequence patterns. The domains in Ig and Ig-like molecules are grouped into four types: V-set (variable; [interpro:IPR013106]), C1-set (constant-1; [interpro:IPR003597]), C2-set (constant-2; [interpro:IPR008424]) and I-set (intermediate; [interpro:IPR013098]) [[cite:PUB00014840]]. Structural studies have shown that these domains share a common core Greek-key β-sandwich structure, with the types differing in the number of strands in the β-sheets as well as in their sequence patterns [[cite:PUB00015110], [cite:PUB00010610]].</p>

<p>Immunoglobulin-like domains that are related in both sequence and structure can be found in several diverse protein families. Ig-like domains are involved in a variety of functions, including cell-cell recognition, cell-surface receptors, muscle structure and the immune system [[cite:PUB00027656]].</p>"
3;IPR001841;"doi:10.1016/j.cell.2021.04.011
imex:IM-29168
imex:IM-29278
pubmed:33961781
pubmed:34316702";Zinc finger, RING-type;"<p>This entry represents RING-type zinc finger domains. The RING-finger is a specialised type of Zn-finger of 40 to 60 residues that binds two atoms of zinc, and is probably involved in mediating protein-protein interactions [[cite:PUB00005712], [cite:PUB00001094], [cite:PUB00006216]]. There are two different variants, the C3HC4-type and a C3H2C3-type, which are clearly related despite the different cysteine/histidine pattern. The latter type is sometimes referred to as 'RING-H2 finger'. The RING domain is a protein interaction domain that has been implicated in a range of diverse biological processes. E3 ubiquitin-protein ligase, in Homo sapiens [swissprot:Q06587], activity is intrinsic to the RING domain of c-Cbl and is likely to be a general function of this domain. E3 ubiquitin-protein ligases determine the substrate specificity for ubiquitylation and have been classified into HECT and RING-finger families. Various RING fingers also exhibit binding to E2 ubiquitin-conjugating enzymes (Ubc's) [[cite:PUB00006474], [cite:PUB00006565], [cite:PUB00006516]].</p>

<p>Several 3D-structures for RING-fingers are known [[cite:PUB00001094], [cite:PUB00006216]]. The 3D structure of the zinc ligation system is unique to the RING domain and is referred to as the 'cross-brace' motif. The spacing of the cysteines in such a domain is C-x(2)-C-x(9 to 39)-C-x(1 to 3)-H-x(2 to 3)-C-x(2)-C-x(4 to 48)-C-x(2)-C. Metal ligand pairs one and three co-ordinate to bind one zinc ion, whilst pairs two and four bind the second.</p>

<p>Note that in the older literature, some RING-fingers are denoted as LIM-domains. The LIM-domain Zn-finger is a fundamentally different family, albeit with similar Cys-spacing (see [interpro:IPR001781]).</p>; <p>Zinc finger (Znf) domains are relatively small protein motifs which contain multiple finger-like protrusions that make tandem contacts with their target molecule. Some of these domains bind zinc, but many do not; instead, they bind other metals, such as iron, or no metal at all. For example, some family members form salt bridges to stabilise the finger-like folds. They were first identified as a DNA-binding motif in transcription factor TFIIIA from Xenopus laevis (African clawed frog); however, they are now recognised to bind DNA, RNA, protein and/or lipid substrates [[cite:PUB00035807], [cite:PUB00035805], [cite:PUB00035806], [cite:PUB00035804], [cite:PUB00014077]]. Their binding properties depend on the amino acid sequence of the finger domains and of the linker between fingers, as well as on the higher-order structures and the number of fingers. Znf domains are often found in clusters, where fingers can have different binding specificities. There are many superfamilies of Znf motifs, varying in both sequence and structure. They display considerable versatility in binding modes, even between members of the same class (e.g., some bind DNA, others protein), suggesting that Znf motifs are stable scaffolds that have evolved specialised functions. For example, Znf-containing proteins function in gene transcription, translation, mRNA trafficking, cytoskeleton organisation, epithelial development, cell adhesion, protein folding, chromatin remodelling and zinc sensing, to name but a few [[cite:PUB00035812]]. Zinc-binding motifs are stable structures, and they rarely undergo conformational changes upon binding their target.</p>"
3;IPR017907;"doi:10.1016/j.cell.2021.04.011
imex:IM-29168
imex:IM-29278
pubmed:33961781
pubmed:34316702";Zinc finger, RING-type, conserved site;"<p>A number of eukaryotic and viral proteins contain a conserved cysteine-rich domain of 40 to 60 residues (called C3HC4 zinc-finger or 'RING' finger) [[cite:PUB00001094]] that binds two atoms of zinc. There are two different variants, the C3HC4-type and the C3H2C3-type, which is clearly related despite the different cysteine/histidine pattern. The latter type is sometimes referred to as ""RING-H2 finger"". The 3D structure [[cite:PUB00017951]] of the zinc ligation system is referred to as the ""cross-brace"" motif. This atypical conformation is also shared by the FYVE (see [prositedoc:PDOC50178]) and PHD (see [prositedoc:PDOC50016]) domains. Many proteins containing a RING finger play a key role in the ubiquitination pathway. The ubiquitination pathway generally involves three types of enzyme, know as E1, E2 and E3. E1 and E2 are ubiquitin conjugating enzymes. E1 acts first and passes ubiquitin to E2. E3 are ubiquitin protein ligases, responsible for substrate recognition. It has been shown [[cite:PUB00017952], [cite:PUB00017953]] that several RING fingers act as E3 enzymes in the ubiquitination process.</p>; <p>Zinc finger (Znf) domains are relatively small protein motifs which contain multiple finger-like protrusions that make tandem contacts with their target molecule. Some of these domains bind zinc, but many do not; instead, they bind other metals, such as iron, or no metal at all. For example, some family members form salt bridges to stabilise the finger-like folds. They were first identified as a DNA-binding motif in transcription factor TFIIIA from Xenopus laevis (African clawed frog); however, they are now recognised to bind DNA, RNA, protein and/or lipid substrates [[cite:PUB00035807], [cite:PUB00035805], [cite:PUB00035806], [cite:PUB00035804], [cite:PUB00014077]]. Their binding properties depend on the amino acid sequence of the finger domains and of the linker between fingers, as well as on the higher-order structures and the number of fingers. Znf domains are often found in clusters, where fingers can have different binding specificities. There are many superfamilies of Znf motifs, varying in both sequence and structure. They display considerable versatility in binding modes, even between members of the same class (e.g., some bind DNA, others protein), suggesting that Znf motifs are stable scaffolds that have evolved specialised functions. For example, Znf-containing proteins function in gene transcription, translation, mRNA trafficking, cytoskeleton organisation, epithelial development, cell adhesion, protein folding, chromatin remodelling and zinc sensing, to name but a few [[cite:PUB00035812]]. Zinc-binding motifs are stable structures, and they rarely undergo conformational changes upon binding their target.</p>"
3;IPR001452;"doi:10.1038/nn.4594
imex:IM-19021
imex:IM-24272
imex:IM-26285
pubmed:18624398
pubmed:26496610
pubmed:28671696";SH3 domain;"<p>SH3 (src Homology-3) domains are small protein modules containing approximately 50 amino acid residues [[cite:PUB00001025], [cite:PUB00007145]]. They are found in a great variety of intracellular or membrane-associated proteins [[cite:PUB00001644], [cite:PUB00005506], [cite:PUB00004203]] for example, in a variety of proteins with enzymatic activity, in adaptor proteins, such as fodrin and yeast actin binding protein ABP-1.</p>

<p>The SH3 domain has a characteristic fold which consists of five or six β-strands arranged as two tightly packed anti-parallel β-sheets. The linker regions may contain short helices. The surface of the SH3-domain bears a flat, hydrophobic ligand-binding pocket which consists of three shallow grooves defined by conservative aromatic residues in which the ligand adopts an extended left-handed helical arrangement. The ligand binds with low affinity but this may be enhanced by multiple interactions. The region bound by the SH3 domain is in all cases proline-rich and contains PXXP as a core-conserved binding motif. The function of the SH3 domain is not well understood but they may mediate many diverse processes such as increasing local concentration of proteins, altering their subcellular location and mediating the assembly of large multiprotein complexes [[cite:PUB00001031]].</p>; <p>The crystal structure of the SH3 domain of the cytoskeletal protein spectrin, and the solution structures of SH3 domains of phospholipase C (PLC-y) and phosphatidylinositol 3-kinase p85 alpha-subunit, have been determined [[cite:PUB00004135], [cite:PUB00000895], [cite:PUB00000887]]. In spite of relatively limited sequence similarity, their overall structures are similar. The domains belong to the α+β structural class, with five to eight β-strands forming 2 tightly-packed, anti-parallel β-sheets arranged in a barrel-like structure, and intervening loops sometimes forming helices. Conserved aliphatic and aromatic residues form a hydrophobic core (A11, L23, A29, V34, W42, L52 and V59 in PLC-y [[cite:PUB00000887]]) and a hydrophobic pocket on the molecular surface (L12, F13, W53 and P55 in PLC-y). The conserved core is believed to stabilise the fold, while the pocket is thought to serve as a binding site for target proteins. Conserved carboxylic amino acids located in the loops, on the periphery of the pocket (D14 and E22), may be involved in protein-protein interactions via proline-rich regions. The N- and C-terminal are packed in close proximity, indicating that they are independent structural modules.</p>"
3;IPR036860;"doi:10.1016/j.cell.2019.09.008
imex:IM-19021
imex:IM-24272
imex:IM-27423
pubmed:18624398
pubmed:26496610
pubmed:31585087";SH2 domain superfamily;"<p>The Src homology 2 (SH2) domain is a protein domain of about 100 amino-acid residues first identified as a conserved sequence region between the oncoproteins Src and Fps [[cite:PUB00003647]]. Similar sequences were later found in many other intracellular signal-transducing proteins [[cite:PUB00001638]]. SH2 domains function as regulatory modules of intracellular signalling cascades by interacting with high affinity to phosphotyrosine-containing target peptides in a sequence-specific, SH2 domains recognise between 3-6 residues C-terminal to the phosphorylated tyrosine in a fashion that differs from one SH2 domain to another, and strictly phosphorylation-dependent manner [[cite:PUB00003096], [cite:PUB00001025], [cite:PUB00005506], [cite:PUB00004203]]. They are found in a wide variety of protein contexts e.g., in association with catalytic domains of phospholipase Cy (PLCy) and the non-receptor protein tyrosine kinases; within structural proteins such as fodrin and tensin; and in a group of small adaptor molecules, i.e Crk and Nck. The domains are frequently found as repeats in a single protein sequence and will then often bind both mono- and di-phosphorylated substrates.</p>

<p>The structure of the SH2 domain belongs to the α+β class, its overall shape forming a compact flattened hemisphere. The core structural elements comprise a central hydrophobic anti-parallel β-sheet, flanked by 2 short α-helices. The loop between strands 2 and 3 provides many of the binding interactions with the phosphate group of its phosphopeptide ligand, and is hence designated the phosphate binding loop, the phosphorylated ligand binds perpendicular to the β-sheet and typically interacts with the phosphate binding loop and a hydrophobic binding pocket that interacts with a pY+3 side chain. The N- and C-termini of the domain are close together in space and on the opposite face from the phosphopeptide binding surface and it has been speculated that this has facilitated their integration into surface-exposed regions of host proteins [[cite:PUB00007102]].</p>"
3;IPR036028;"doi:10.1038/nn.4594
imex:IM-19021
imex:IM-24272
imex:IM-26285
pubmed:18624398
pubmed:26496610
pubmed:28671696";SH3-like domain superfamily;"<p>SH3 (src Homology-3) domains are small protein modules containing approximately 50 amino acid residues [[cite:PUB00001025], [cite:PUB00007145]]. They are found in a great variety of intracellular or membrane-associated proteins [[cite:PUB00001644], [cite:PUB00005506], [cite:PUB00004203]] for example, in a variety of proteins with enzymatic activity, in adaptor proteins, such as fodrin and yeast actin binding protein ABP-1.</p>

<p>The SH3 domain has a characteristic fold which consists of five or six β-strands arranged as two tightly packed anti-parallel β-sheets. The linker regions may contain short helices. The surface of the SH3-domain bears a flat, hydrophobic ligand-binding pocket which consists of three shallow grooves defined by conservative aromatic residues in which the ligand adopts an extended left-handed helical arrangement. The ligand binds with low affinity but this may be enhanced by multiple interactions. The region bound by the SH3 domain is in all cases proline-rich and contains PXXP as a core-conserved binding motif. The function of the SH3 domain is not well understood but they may mediate many diverse processes such as increasing local concentration of proteins, altering their subcellular location and mediating the assembly of large multiprotein complexes [[cite:PUB00001031]].</p>; <p>The crystal structure of the SH3 domain of the cytoskeletal protein spectrin, and the solution structures of SH3 domains of phospholipase C (PLC-y) and phosphatidylinositol 3-kinase p85 alpha-subunit, have been determined [[cite:PUB00004135], [cite:PUB00000895], [cite:PUB00000887]]. In spite of relatively limited sequence similarity, their overall structures are similar. The domains belong to the α+β structural class, with five to eight β-strands forming 2 tightly-packed, anti-parallel β-sheets arranged in a barrel-like structure, and intervening loops sometimes forming helices. Conserved aliphatic and aromatic residues form a hydrophobic core (A11, L23, A29, V34, W42, L52 and V59 in PLC-y [[cite:PUB00000887]]) and a hydrophobic pocket on the molecular surface (L12, F13, W53 and P55 in PLC-y). The conserved core is believed to stabilise the fold, while the pocket is thought to serve as a binding site for target proteins. Conserved carboxylic amino acids located in the loops, on the periphery of the pocket (D14 and E22), may be involved in protein-protein interactions via proline-rich regions. The N- and C-terminal are packed in close proximity, indicating that they are independent structural modules.</p>"
3;IPR000980;"doi:10.1016/j.cell.2019.09.008
imex:IM-19021
imex:IM-24272
imex:IM-27423
pubmed:18624398
pubmed:26496610
pubmed:31585087";SH2 domain;"<p>The Src homology 2 (SH2) domain is a protein domain of about 100 amino-acid residues first identified as a conserved sequence region between the oncoproteins Src and Fps [[cite:PUB00003647]]. Similar sequences were later found in many other intracellular signal-transducing proteins [[cite:PUB00001638]]. SH2 domains function as regulatory modules of intracellular signalling cascades by interacting with high affinity to phosphotyrosine-containing target peptides in a sequence-specific, SH2 domains recognise between 3-6 residues C-terminal to the phosphorylated tyrosine in a fashion that differs from one SH2 domain to another, and strictly phosphorylation-dependent manner [[cite:PUB00003096], [cite:PUB00001025], [cite:PUB00005506], [cite:PUB00004203]]. They are found in a wide variety of protein contexts e.g., in association with catalytic domains of phospholipase Cy (PLCy) and the non-receptor protein tyrosine kinases; within structural proteins such as fodrin and tensin; and in a group of small adaptor molecules, i.e Crk and Nck. The domains are frequently found as repeats in a single protein sequence and will then often bind both mono- and di-phosphorylated substrates.</p>

<p>The structure of the SH2 domain belongs to the α+β class, its overall shape forming a compact flattened hemisphere. The core structural elements comprise a central hydrophobic anti-parallel β-sheet, flanked by 2 short α-helices. The loop between strands 2 and 3 provides many of the binding interactions with the phosphate group of its phosphopeptide ligand, and is hence designated the phosphate binding loop, the phosphorylated ligand binds perpendicular to the β-sheet and typically interacts with the phosphate binding loop and a hydrophobic binding pocket that interacts with a pY+3 side chain. The N- and C-termini of the domain are close together in space and on the opposite face from the phosphopeptide binding surface and it has been speculated that this has facilitated their integration into surface-exposed regions of host proteins [[cite:PUB00007102]].</p>"
3;IPR001660;"doi:10.1038/nn.4594
imex:IM-15364
imex:IM-25472
imex:IM-26285
pubmed:21988832
pubmed:28671696
pubmed:32296183";Sterile alpha motif domain;"<p>The sterile alpha motif (SAM) domain is a protein interaction module present in a wide variety of proteins [[cite:PUB00005047], [cite:PUB00101140]] involved in many biological processes. The SAM domain that spreads over around 70 residues and one of the most common protein modules found in eukaryotic genomes [[cite:PUB00003966]]. SAM domains have been shown to form homo- and hetero-oligomers, forming multiple self-association architectures and also binding to various non-SAM domain-containing proteins [[cite:PUB00006191]], nevertheless with a low affinity constant [[cite:PUB00006192]]. SAM domains also appear to possess the ability to bind RNA [[cite:PUB00014041]]. Smaug, a protein that helps to establish a morphogen gradient in Drosophila embryos by repressing the translation of nanos (nos) mRNA, binds to the 3' untranslated region (UTR) of nos mRNA via two similar hairpin structures. The 3D crystal structure of the Smaug RNA-binding region shows a cluster of positively charged residues on the Smaug-SAM domain, which could be the RNA-binding surface. This electropositive potential is unique among all previously determined SAM-domain structures and is conserved among Smaug-SAM homologues. These results suggest that the SAM domain might have a primary role in RNA binding.</p>

<p>Structural analyses show that the SAM domain is arranged in a small five-helix bundle with two large interfaces [[cite:PUB00006191]]. In the case of the SAM domain of EphB2, each of these interfaces is able to form dimers. The presence of these two distinct intermonomers binding surface suggest that SAM could form extended polymeric structures [[cite:PUB00006192]].</p>"
3;IPR013761;"doi:10.1038/nn.4594
imex:IM-15364
imex:IM-25472
imex:IM-26285
pubmed:21988832
pubmed:28671696
pubmed:32296183";Sterile alpha motif/pointed domain superfamily;"<p>Sterile alpha motif (SAM) domains are known to be involved in diverse protein-protein interactions, associating with both SAM-containing and non-SAM-containing proteins pathway [[cite:PUB00014041]]. SAM domains exhibit a conserved structure, consisting of a 4-5-helical bundle of two orthogonally packed α-hairpins. However, SAM domains display a diversity of function, being involved in interactions with proteins, DNA and RNA [[cite:PUB00014042]]. The name 'sterile alpha motif' arose from its presence in proteins that are essential for yeast sexual differentiation. The SAM domain has had various names, including SPM, PTN (pointed), SEP (yeast sterility, Ets-related, PcG proteins), NCR (N-terminal conserved region) and HLH (helix-loop-helix) domains, all of which are related and can be classified as SAM domains.</p>

<p>SAM domains occur in eukaryotic and in some bacterial proteins. Structures have been determined for several proteins that contain SAM domains, including the Ets-1 transcription factor, which plays a role in the development and invasion of tumour cells by regulating the expression of matrix-degrading proteases [[cite:PUB00014043]]; Etv6 transcription factor, gene rearrangements of which have been demonstrated in several malignancies [[cite:PUB00014044]]; EphA4 receptor tyrosine kinase, which is believed to be important for the correct localisation of a motoneuron pool to a specific position in the spinal cord [[cite:PUB00014045]]; EphB2 receptor, which is involved in spine morphogenesis via intersectin, Cdc42 and N-Wasp [[cite:PUB00014046]]; p73, a p53 homologue involved in neuronal development [[cite:PUB00014047]]; and polyhomeotic, which is a member of the Polycomb group of genes (Pc-G) required for the maintenance of the spatial expression pattern of homeotic genes [[cite:PUB00014048]].</p>"
3;IPR036249;"doi:10.1016/j.cell.2021.04.011
imex:IM-29278
pubmed:33961781";Thioredoxin-like superfamily;"<p>This entry represents the Thioredoxin-like superfamily which brings together a diverse group of proteins that play crucial roles in various cellular processes, particularly in redox reactions [[cite:PUB00160392], [cite:PUB00160393]]. This superfamily is characterised by two key features:</p>

<ul><li>A conserved Cys-X-X-Cys (CXXC) motif at the active site, located at the N-terminal of an α-helix.</li>
<li>A distinctive structural fold known as the ""thioredoxin fold,"" consisting of a central four-stranded mixed β-sheet, surrounded by α-helices, with a strand order: 2134 in which strand 3 is antiparallel to the others.</li></ul>

<p>In a redox reaction, the side chains of the two cysteines in this active site motif can switch from the free thiol (SH) form to a disulphide bond (S-S) and/or back and hence donate or accept electrons. The preference for electron donation or acceptance, along with the cellular redox context, determines the biological function of each protein.</p>; <p>Several biological processes regulate the activity of target proteins through changes in the redox state of thiol groups (S2 to SH2), where a hydrogen donor is linked to an intermediary disulphide protein. Such processes include the ferredoxin/thioredoxin system, the NADP/thioredoxin system, and the glutathione/glutaredoxin system [[cite:PUB00016292]]. Several of these disulphide proteins share a common structure, consisting of a three-layer α/β/α core. Proteins that contain domains with a thioredoxin-like fold include:</p>

<ul>
<li>Arsenate reductase (ArsC) [[cite:PUB00025947]]</li>
<li>Calsequestrin (contains three tandem repeats of this fold) [[cite:PUB00023289]]</li>
<li>Circadian oscillation regulator KaiB [[cite:PUB00015216]]</li>
<li>Disulphide bond isomerase DsbC and DsbG (C-terminal domain) [[cite:PUB00013324], [cite:PUB00031997]]</li>
<li>Disulphide bond facilitator DsbA (contains an α-helical insertion) [[cite:PUB00023314]]</li>
<li>Endoplasmic reticulum protein ERP29 (N-terminal domain) [[cite:PUB00014099]]</li>
<li>Glutathione S-transferase (GST) (N-terminal domain) [[cite:PUB00039118]]</li>
<li>Mitochondrial ribosomal protein L51/S25/CI-B8 domain (variable positions for Cys residues in active site) [[cite:PUB00030888]]</li>
<li>Phosducin [[cite:PUB00032922]]</li>
<li>Protein disulphide isomerase (PDI) (contains two tandem repeats of this fold) [[cite:PUB00032776]]</li>
<li>Glutathione peroxidase-like enzymes [[cite:PUB00001337]]</li>
<li>Selenoprotein W-related [[cite:PUB00035459]]</li>
<li>SH3-binding glutamic acid-rich protein like (SH3BGR) (lacks both conserved Cys residues) [[cite:PUB00031286]]</li>
<li>Spliceosomal protein U5-15Kd [[cite:PUB00007371]]</li>
<li>Thioltransferases, including thioredoxin [[cite:PUB00032923]], glutaredoxin [[cite:PUB00024544]], hybrid peroxiredoxin hyPrx5 [[cite:PUB00029121]]</li>
<li>Thioredoxin-like 2Fe-2S ferredoxin [[cite:PUB00027201]]</li>
</ul>"
3;IPR013766;"doi:10.1016/j.cell.2021.04.011
imex:IM-29278
pubmed:33961781";Thioredoxin domain;"<p>This entry represents the thioredoxin domain.</p>; <p>Thioredoxins [[cite:PUB00000038], [cite:PUB00002504], [cite:PUB00005258], [cite:PUB00005259]] are small disulphide-containing redox proteins that have been found in all the kingdoms of living organisms. Thioredoxin serves as a general protein disulphide oxidoreductase. It interacts with a broad range of proteins by a redox mechanism based on reversible oxidation of two cysteine thiol groups to a disulphide, accompanied by the transfer of two electrons and two protons. The net result is the covalent interconversion of a disulphide and a dithiol. In the NADPH-dependent protein disulphide reduction, thioredoxin reductase (TR) catalyses the reduction of oxidised thioredoxin (trx) by NADPH using FAD and its redox-active disulphide; reduced thioredoxin then directly reduces the disulphide in the substrate protein  [[cite:PUB00000038]].</p>

<p>Thioredoxin is present in prokaryotes and eukaryotes and the sequence around the redox-active disulphide bond is well conserved. All thioredoxins contain a cis-proline located in a loop preceding β-strand 4, which makes contact with the active site cysteines, and is important for stability and function [[cite:PUB00005250]]. Thioredoxin belongs to a structural family that includes glutaredoxin, glutathione peroxidase, bacterial protein disulphide isomerase DsbA, and the N-terminal domain of glutathione transferase [[cite:PUB00005259]]. Thioredoxins have a β-α unit preceding the motif common to all these proteins.</p>

<p>A number of eukaryotic proteins contain domains evolutionary related to thioredoxin, most of them are protein disulphide isomerases (PDI). PDI ([ec:5.3.4.1]) [[cite:PUB00000561], [cite:PUB00001495], [cite:PUB00005423]] is an endoplasmic reticulum multi-functional enzyme that catalyses the formation and rearrangement of disulphide bonds during protein folding [[cite:PUB00002862]]. All PDI contains two or three (ERp72) copies of the thioredoxin domain, each of which contributes to disulphide isomerase activity, but which are functionally non-equivalent [[cite:PUB00002883]]. Moreover, PDI exhibits chaperone-like activity towards proteins that contain no disulphide bonds, i.e. behaving independently of its disulphide isomerase activity [[cite:PUB00001458]]. The various forms of PDI which are currently known are:</p>


<ul><li>PDI major isozyme; a multifunctional protein that also function as the beta subunit of prolyl 4-hydroxylase ([ec:1.14.11.2]), as a component of oligosaccharyl transferase ([ec:2.4.1.119]), as thyroxine deiodinase ([ec:3.8.1.4]), as glutathione-insulin transhydrogenase ([ec:1.8.4.2]) and as a thyroid hormone-binding protein</li>
<li>ERp60 (ER-60; 58 Kd microsomal protein). ERp60 was originally thought to be a phosphoinositide-specific phospholipase C isozyme and later to be a protease.</li>
<li>ERp72.</li>
<li>ERp5.</li></ul>

<p>Bacterial proteins that act as thiol:disulphide interchange proteins that allows disulphide bond formation in some periplasmic proteins also contain a thioredoxin domain. These proteins include:</p>


<ul><li>Escherichia coli DsbA (or PrfA) and its orthologs in Vibrio cholerae (TtcpG) and Haemophilus influenzae (Por).</li>
<li>E. coli DsbC (or XpRA) and its orthologues in Erwinia chrysanthemi and H. influenzae.</li>
<li>E. coli DsbD (or DipZ) and its H. influenzae orthologue.</li>
<li>E. coli DsbE  (or CcmG) and orthologues in H. influenzae.</li>
<li>Rhodobacter capsulatus (Rhodopseudomonas capsulata) (HelX), Rhiziobiacae (CycY and TlpA).</li></ul>"
2;IPR016187;"doi:10.1016/j.cell.2021.04.011
imex:IM-29278
pubmed:33961781";C-type lectin fold;"<p>Lectins occur in plants, animals, bacteria and viruses. Initially described for their carbohydrate-binding activity [[cite:PUB00042634]], they are now recognised as a more diverse group of proteins, some of which are involved in protein-protein, protein-lipid or protein-nucleic acid interactions [[cite:PUB00042635]]. There are at least twelve structural families of lectins, of which C-type (Ca+-dependent) lectins is one. C-type lectins can be further divided into seven subgroups based on additional non-lectin domains and gene structure: (I) hyalectans, (II) asialoglycoprotein receptors, (III) collectins, (IV) selectins, (V) NK group transmembrane receptors, (VI) macrophage mannose receptors, and (VII) simple (single domain) lectins [[cite:PUB00042644]].</p>
<p>This entry represents a structural domain found in C-type lectins, as well as in other proteins, including:</p>

<ul>
<li>The N-terminal domain of aerolysin [[cite:PUB00004166]] and the N-terminal domain of the S2/S3 subunit of pertussis toxin [[cite:PUB00020076]].</li>
<li>The C-terminal domain of invasin [[cite:PUB00018560]] and intimin [[cite:PUB00006623]].</li>
<li>Link domain, which includes the Link module of TSG-6 [[cite:PUB00022318]] (a hyaladherin with important roles in inflammation and ovulation) and the hyaluronan binding domain of CD44 (which contains extra N-terminal β-strand and C-terminal β-hairpin) [[cite:PUB00022805]].</li>
<li>Endostatin [[cite:PUB00021244]] and the endostatin domain of collagen alpha 1 (XV) [[cite:PUB00042646]], these domains being decorated with many insertions in the common fold.</li>
<li>The noncollagenous (NC1) domain of collagen IV, which consists of a duplication of the C-type lectin domain, with segment swapping within and between individual domains [[cite:PUB00027036]].</li>
<li>Sulphatase-modifying factors (C-alpha-formyglycine-generating enzyme), where the fold is decorated with many additional structures [[cite:PUB00035615], [cite:PUB00032580]].</li>
<li>The C-terminal domain of the major tropism determinant (Mtd), where the fold is decorated with many additional structures, and has an overall similarity to the sulphatase modifying factor family but lacking the characteristic disulphide [[cite:PUB00038630]].</li>
</ul>"
2;IPR016186;"doi:10.1016/j.cell.2021.04.011
imex:IM-29278
pubmed:33961781";C-type lectin-like/link domain superfamily;"<p>Lectins occur in plants, animals, bacteria and viruses. Initially described for their carbohydrate-binding activity [[cite:PUB00042634]], they are now recognised as a more diverse group of proteins, some of which are involved in protein-protein, protein-lipid or protein-nucleic acid interactions [[cite:PUB00042635]]. There are at least twelve structural families of lectins, of which C-type (Ca+-dependent) lectins is one. C-type lectins can be further divided into seven subgroups based on additional non-lectin domains and gene structure: (I) hyalectans, (II) asialoglycoprotein receptors, (III) collectins, (IV) selectins, (V) NK group transmembrane receptors, (VI) macrophage mannose receptors, and (VII) simple (single domain) lectins [[cite:PUB00042644]].</p>

<p>The term 'C-type lectin domain' was introduced to distinguish a carbohydrate-recognition domain (CRD) which is present in all Ca2+-dependent lectins, but not in other types of animal lectins. However, there are proteins with modules similar in overall structure to CRDs that serve functions other than sugar binding. Therefore, a more general term C-type lectin-like domain was introduced to refer to such domains, although both terms are sometimes used interchangeably [[cite:PUB00081335]].</p>; <p>This superfamily represents a structural domain found in C-type lectins, as well as in other proteins, including:</p>
<ul>
<li>The C-terminal domain of invasin [[cite:PUB00018560]] and intimin [[cite:PUB00006623]].</li>
<li>Link domain, which includes the Link module of tumor necrosis factor-inducible gene 6 protein (TSG-6) [[cite:PUB00022318]] (a hyaladherin with important roles in inflammation and ovulation) and the hyaluronan binding domain of CD44 (which contains extra N-terminal β-strand and C-terminal β-hairpin) [[cite:PUB00022805]]. The Link domain may have emerged as a result of a deletion of the long loop region from an ancestral canonical C-type lectin domain [[cite:PUB00001702]].</li>
<li>Endostatin [[cite:PUB00021244]] and the endostatin domain of collagen alpha 1 (XV) [[cite:PUB00024352]], these domains being decorated with many insertions in the common fold.</li>
</ul>"
2;IPR002209;"doi:10.1016/j.cell.2021.04.011
doi:10.1038/nature22366
imex:IM-25778
imex:IM-29278
pubmed:28514442
pubmed:33961781";Fibroblast growth factor family;<p>Fibroblast growth factors (FGFs) [[cite:PUB00000068], [cite:PUB00005334]] are a family of multifunctional proteins, often referred to as 'promiscuous growth factors' due to their diverse actions on multiple cell types [[cite:PUB00067626], [cite:PUB00067627]].  FGFs are mitogens, which stimulate growth or differentiation of cells of mesodermal or neuroectodermal origin. The function of FGFs in developmental processes include mesoderm induction, anterior-posterior patterning, limb development, and neural induction and development. In mature tissues, they are involved in diverse processes including keratinocyte organisation and wound healing [[cite:PUB00021048], [cite:PUB00067628], [cite:PUB00067629], [cite:PUB00067630], [cite:PUB00067631], [cite:PUB00067632]]. FGF involvement is critical during normal development of both vertebrates and invertebrates, and irregularities in their function leads to a range of developmental defects [[cite:PUB00067633], [cite:PUB00067634], [cite:PUB00067635], [cite:PUB00067636]]. Fibroblast growth factors are heparin-binding proteins and interactions with cell-surface-associated heparan sulfate proteoglycans have been shown to be essential for FGF signal transduction. FGFs have internal pseudo-threefold symmetry (β-trefoil topology) [[cite:PUB00024683]].  There are currently over 20 different FGF family members that have been identified in mammals, all of which are structurally related signaling molecules [[cite:PUB00039267], [cite:PUB00021048]]. They exert their effects through four distinct membrane fibroblast growth factor receptors (FGFRs), FGFR1 to FGFR4 [[cite:PUB00001036]], which belong to the tyrosine kinase superfamily.  Upon binding to FGF, the receptors dimerize and their intracellular tyrosine kinase domains become active [[cite:PUB00001036]].</p>
2;IPR008996;"doi:10.1016/j.cell.2021.04.011
doi:10.1038/nature22366
imex:IM-25778
imex:IM-29278
pubmed:28514442
pubmed:33961781";Cytokine IL1/FGF;"<p>This entry includes IL-1 and FGF.</p>; <p>The interleukin-1 (IL-1) and fibroblast growth factor (FGF, also known as heparin-binding growth factor) families share low sequence similarity (about 25% [[cite:PUB00004737]]) but have very similar structures. They belong to a superfamily that also contains the Kunitz-type soybean trypsin inhibitors (STIs), all of which have very similar structures. However, IL-1 and FGF share no sequence similarity with the STI family.</p>

<p>The crystal structures of interleukin-1 beta and HGF1 have been solved, showing both families to have the same 12-stranded β-sheet structure [[cite:PUB00003281]]; the β-sheets are arranged in 3 similar lobes around a central axis, 6 strands forming an anti-parallel β-barrel [[cite:PUB00004736], [cite:PUB00005097]]. The β-sheets are generally well preserved and the crystal structures superimpose in these areas. The intervening loops are less well conserved - the loop between β-strands 6 and 7 is slightly longer in interleukin-1 beta.</p>"
2;IPR020479;"imex:IM-25472
pubmed:32296183";Homeodomain, metazoa;<p>This entry represents the homeodomain (HD), a protein domain of approximately 60 residues that usually binds DNA. It is encoded by the homeobox sequence [[cite:PUB00126359], [cite:PUB00153777]], which was first identified in a number of Drosophila homeotic and segmentation proteins, but is now known to be well-conserved in many other animals, including vertebrates [[cite:PUB00000591], [cite:PUB00005390]]. Proteins containing HDs are likely to play an important role in development - most are known to be sequence-specific DNA-binding transcription factors. This domain folds into a globular structure with three α-helices connected by two short loops that harbour a hydrophobic core. The second and third form a helix-turn-helix (HTH) motif, which make intimate contacts with the DNA: while the first helix of this motif helps to stabilise the structure, the second helix binds to DNA via a number of hydrogen bonds and hydrophobic interactions, which occur between specific side chains and the exposed bases and thymine methyl groups within the major groove of the DNA [[cite:PUB00126359],  [cite:PUB00153777]]. One particularity of the HTH motif in some of these proteins arises from the stereo-chemical requirement for glycine in the turn (position 9 of the motif), which is needed to avoid steric interference of the β-carbon with the main chain: for cro and repressor proteins the glycine appears to be mandatory, while for many of the homeotic and other DNA-binding proteins the requirement is relaxed.</p>
2;IPR003961;"doi:10.1016/j.cell.2021.04.011
doi:10.1371/journal.pone.0205180
imex:IM-26942
imex:IM-29278
pubmed:30300385
pubmed:33961781";Fibronectin type III;"<p>Fibronectin is a dimeric glycoprotein composed of disulfide-linked subunits
with a molecular weight of 220-250kDa each. It is involved in cell adhesion,
cell morphology, thrombosis, cell migration, and embryonic differentiation. Fibronectin is a modular protein composed of homologous repeats of three
prototypical types of domains known as types I, II, and III [[cite:PUB00072954]].</p>

<p>Fibronectin type-III (FN3) repeats are both the largest and the most common of the fibronectin subdomains. Domains homologous to FN3 repeats have been found
in various animal protein families including other extracellular-matrix
molecules, cell-surface receptors, enzymes, and muscle proteins [[cite:PUB00018327]]. Structures of individual FN3 domains have revealed a conserved β-sandwich fold with one β-sheet containing four strands and the other sheet containing three strands (see for example [pdbe:1TEN]) [[cite:PUB00018328]]. This fold is topologically very similar to that of Ig-like domains, with a notable difference being the lack of a conserved disulfide bond in FN3 domains. Distinctive hydrophobic core packing and the lack of detectable
sequence homology between immunoglobulin and FN3 domains suggest, however,
that these domains are not evolutionarily related [[cite:PUB00018328]].</p>

<p>FN3 exhibits functional as well as structural modularity. Sites of interaction with other molecules have been mapped to short stretch of amino acids such as the Arg-Gly-Asp (RGD) sequence found in various FN3 domains. The RGD sequences is involved in interactions with integrin. Small peptides containing the RGD sequence can modulate a variety of cell adhesion invents associated with thrombosis, inflammation, and tumour metastasis. These properties have led to the investigation of RGD peptides and RGD peptide analogues as potential therapeutic agents [[cite:PUB00018329]].</p>"
2;IPR036116;"doi:10.1016/j.cell.2021.04.011
doi:10.1371/journal.pone.0205180
imex:IM-26942
imex:IM-29278
pubmed:30300385
pubmed:33961781";Fibronectin type III superfamily;"<p>Fibronectin is a dimeric glycoprotein composed of disulfide-linked subunits
with a molecular weight of 220-250kDa each. It is involved in cell adhesion,
cell morphology, thrombosis, cell migration, and embryonic differentiation. Fibronectin is a modular protein composed of homologous repeats of three
prototypical types of domains known as types I, II, and III [[cite:PUB00072954]].</p>

<p>Fibronectin type-III (FN3) repeats are both the largest and the most common of the fibronectin subdomains. Domains homologous to FN3 repeats have been found
in various animal protein families including other extracellular-matrix
molecules, cell-surface receptors, enzymes, and muscle proteins [[cite:PUB00018327]]. Structures of individual FN3 domains have revealed a conserved β-sandwich fold with one β-sheet containing four strands and the other sheet containing three strands (see for example [pdbe:1TEN]) [[cite:PUB00018328]]. This fold is topologically very similar to that of Ig-like domains, with a notable difference being the lack of a conserved disulfide bond in FN3 domains. Distinctive hydrophobic core packing and the lack of detectable
sequence homology between immunoglobulin and FN3 domains suggest, however,
that these domains are not evolutionarily related [[cite:PUB00018328]].</p>

<p>FN3 exhibits functional as well as structural modularity. Sites of interaction with other molecules have been mapped to short stretch of amino acids such as the Arg-Gly-Asp (RGD) sequence found in various FN3 domains. The RGD sequences is involved in interactions with integrin. Small peptides containing the RGD sequence can modulate a variety of cell adhesion invents associated with thrombosis, inflammation, and tumour metastasis. These properties have led to the investigation of RGD peptides and RGD peptide analogues as potential therapeutic agents [[cite:PUB00018329]].</p>"
2;IPR000494;"doi:10.1371/journal.pone.0205180
imex:IM-26942
imex:IM-29494
pubmed:30300385
pubmed:35384245";Receptor L-domain;"<p>The structure for the first three domains of the extracellular portion of IGF-1R (type-1 insulin-like growth-factor receptor) has been solved and consists of two L-domains and a cysteine rich region (L1-Cys-rich-L2). The L-domains each consist of a single-stranded right-handed β-helix. The Cys-rich region is composed of eight disulphide-bonded modules, seven of which form a rod-shaped domain with modules associated in an unusual manner. The three domains surround a central space of sufficient size to accommodate a ligand molecule [[cite:PUB00004283]].</p>

<p>This entry represents the L-domain. This domain can also be found in insulin receptor(IR) and epidermal growth-factor receptor (EGFR) family members, and in yeast cell surface GPI proteins PST1 and ECM33 [[cite:PUB00072883]].</p>"
2;IPR006211;"doi:10.1371/journal.pone.0205180
imex:IM-26942
imex:IM-29494
pubmed:30300385
pubmed:35384245";Furin-like cysteine-rich domain;<p>The furin-like cysteine rich region has been found in a variety of proteins from eukaryotes that are involved in the mechanism of signal transduction by receptor tyrosine kinases, which involves receptor aggregation [[cite:PUB00006268], [cite:PUB00093566], [cite:PUB00095139]]. This entry includes Epidermal growth factor receptor, Receptor tyrosine-protein kinase erbB-2 and related proteins.</p>
2;IPR006212;"doi:10.1371/journal.pone.0205180
imex:IM-26942
imex:IM-29494
pubmed:30300385
pubmed:35384245";Furin-like repeat;<p>The furin-like cysteine rich region has been found in a variety of proteins from eukaryotes that are involved in the mechanism of signal transduction by receptor tyrosine kinases, which involves receptor aggregation [[cite:PUB00006268], [cite:PUB00093566], [cite:PUB00095139]]. This entry includes Epidermal growth factor receptor, Receptor tyrosine-protein kinase erbB-2 and related proteins.</p>
2;IPR036941;"doi:10.1371/journal.pone.0205180
imex:IM-26942
imex:IM-29494
pubmed:30300385
pubmed:35384245";Receptor L-domain superfamily;"<p>The structure for the first three domains of the extracellular portion of IGF-1R (type-1 insulin-like growth-factor receptor) has been solved and consists of two L-domains and a cysteine rich region (L1-Cys-rich-L2). The L-domains each consist of a single-stranded right-handed β-helix. The Cys-rich region is composed of eight disulphide-bonded modules, seven of which form a rod-shaped domain with modules associated in an unusual manner. The three domains surround a central space of sufficient size to accommodate a ligand molecule [[cite:PUB00004283]].</p>

<p>This entry represents the L-domain superfamily. This domain can also be found in insulin receptor(IR) and epidermal growth-factor receptor (EGFR) family members, and in yeast cell surface GPI protein ECM33 [[cite:PUB00072883]].</p>"
2;IPR016352;"doi:10.1016/j.cell.2021.04.011
imex:IM-29278
pubmed:33961781";Small leucine-rich proteoglycan, class I, decorin/asporin/byglycan;<p>This group represents a family of class I small leucine-rich proteoglycan (SLRPs), including decorin, asporin and byglycan  [[cite:PUB00068686]]. They bind to multiple receptors and are involved in controlling cell growth, morphogenesis and immunity [[cite:PUB00068686]].</p>
2;IPR033116;"doi:10.1016/j.cell.2021.04.011
imex:IM-29278
pubmed:33961781";Serine proteases, trypsin family, serine active site;"<p>The catalytic activity of the serine proteases from the trypsin family is provided by a charge relay system involving an aspartic acid residue hydrogen- bonded to a histidine, which itself is hydrogen-bonded to a serine. The sequences in the vicinity of the active site serine and histidine residues are well conserved in this family of proteases [[cite:PUB00004028]]. A partial list of proteases known to belong to the trypsin family is shown below.</p>

<ul>
<li>Acrosin.</li>
<li>Blood coagulation factors VII, IX, X, XI and XII, thrombin, plasminogen, and protein C.</li>
<li>Cathepsin G.</li>
<li>Chymotrypsins.</li>
<li>Complement components C1r, C1s, C2, and complement factors B, D and I.</li>
<li>Complement-activating component of RA-reactive factor.</li>
<li>Cytotoxic cell proteases (granzymes A to H).</li>
<li>Duodenase I.</li>
<li>Elastases 1, 2, 3A, 3B (protease E), leukocyte (medullasin).</li>
<li>Enterokinase (EC 3.4.21.9) (enteropeptidase).</li>
<li>Hepatocyte growth factor activator.</li>
<li>Hepsin.</li>
<li>Glandular (tissue) kallikreins (including EGF-binding protein types A, B, and C, NGF-gamma chain, gamma-renin, prostate specific antigen (PSA) and tonin).</li>
<li>Plasma kallikrein.</li>
<li>Mast cell proteases (MCP) 1 (chymase) to 8.</li>
<li>Myeloblastin (proteinase 3) (Wegener's autoantigen).</li>
<li>Plasminogen activators (urokinase-type, and tissue-type).</li>
<li>Trypsins I, II, III, and IV.</li>
<li>Tryptases.</li>
<li>Snake venom proteases such as ancrod, batroxobin, cerastobin, flavoxobin,and protein C activator.</li>
<li>Collagenase from common cattle grub and collagenolytic protease from Atlantic sand fiddler crab.</li>
<li>Apolipoprotein(a).</li>
<li>Blood fluke cercarial protease.</li>
<li>Drosophila trypsin like proteases: alpha, easter, snake-locus.</li>
<li>Drosophila protease stubble (gene sb).</li>
<li>Major mite fecal allergen Der p III.</li>
</ul>

<p>In addition to proteins from eukaryotic species listed above, are a number of bacterial family members, including:</p>

<ul>
<li>Achromobacter lyticus protease I.</li>
<li>Lysobacter alpha-lytic protease.</li>
<li>Streptogrisin A and B (Streptomyces proteases A and B).</li>
<li>Streptomyces griseus glutamyl endopeptidase II.</li>
<li>Streptomyces fradiae proteases 1 and 2.</li>
</ul>

<p>This entry represents the serine active site of serine proteases belonging to peptidase family S1.</p>"
2;IPR002011;"doi:10.1016/j.cell.2021.04.011
doi:10.1371/journal.pone.0205180
imex:IM-26942
imex:IM-29278
pubmed:30300385
pubmed:33961781";Tyrosine-protein kinase, receptor class II, conserved site;"<p>Protein phosphorylation, which plays a key role in most cellular activities, is a reversible process mediated by protein kinases and phosphoprotein phosphatases. Protein kinases catalyse the transfer of the gamma phosphate from nucleotide triphosphates (often ATP) to one or more amino acid residues in a protein substrate side chain, resulting in a conformational change affecting protein function. Phosphoprotein phosphatases catalyse the reverse process. 
Protein kinases fall into three broad classes, characterised with respect to substrate specificity [[cite:PUB00005115]]:</p>

<ul>
<li>Serine/threonine-protein kinases</li>
<li>Tyrosine-protein kinases</li>
<li>Dual specificity protein kinases (e.g. MEK -phosphorylates both Thr and Tyr on target proteins)</li>
</ul>

<p>Protein kinase function is evolutionarily conserved from Escherichia coli to human [[cite:PUB00020114]]. Protein kinases play a role in a multitude of cellular processes, including division, proliferation, apoptosis, and differentiation [[cite:PUB00015362]]. Phosphorylation usually results in a functional change of the target protein by changing enzyme activity, cellular location, or association with other proteins. The catalytic subunits of protein kinases are highly conserved, and several structures have been solved [[cite:PUB00034898]], leading to large screens to develop kinase-specific inhibitors for the treatments of a number of diseases [[cite:PUB00034899]].</p>; <p>Tyrosine-protein kinases can transfer a phosphate group from ATP to a tyrosine residue in a protein. These enzymes can be divided into two main groups [[cite:PUB00020114]]:</p>

<ul>
<li>Receptor tyrosine kinases (RTK), which are transmembrane proteins involved in signal transduction; they play key roles in growth, differentiation, metabolism, adhesion, motility, death and oncogenesis [[cite:PUB00052410]]. RTKs are composed of 3 domains: an extracellular domain (binds ligand), a transmembrane (TM) domain, and an intracellular catalytic domain (phosphorylates substrate). The TM domain plays an important role in the dimerisation process necessary for signal transduction [[cite:PUB00052411]].</li>
<li>Cytoplasmic/non-receptor tyrosine kinases, which act as regulatory proteins, playing key roles in cell differentiation, motility, proliferation, and survival. For example, the Src-family of protein-tyrosine kinases [[cite:PUB00052412]].</li>
</ul>; <p>A number of growth factors stimulate mitogenesis by interacting with a family of cell surface receptors which possess an intrinsic, ligand-sensitive, protein tyrosine kinase activity [[cite:PUB00000055]]. These receptor tyrosine kinases (RTK) all share the same topology: an extracellular ligand-binding domain, a single transmembrane region and a cytoplasmic kinase domain. However they can be classified into at least five groups. The prototype for class II RTK's is the insulin receptor, a heterotetramer of two alpha and two beta chains linked by disulphide bonds. The alpha and beta chains are cleavage products of a precursor molecule. The alpha chain contains the ligand binding site, the beta chain transverses the membrane and contains the tyrosine protein kinase domain. While only the insulin and the insulin growth factor I receptors are known to exist in the tetrameric conformation specific to class II RTK's, all the above proteins share extensive homologies in their kinase domain, especially around the putative site of autophosphorylation.</p>"
2;IPR001806;"doi:10.1016/j.cell.2021.04.011
doi:10.1038/nature22366
imex:IM-24977
imex:IM-25778
imex:IM-29278
pubmed:26885862
pubmed:28514442
pubmed:33961781";Small GTPase;"<p>Small GTPases form an independent superfamily within the larger class of regulatory GTP hydrolases. This superfamily contains proteins that control a vast number of important processes and possess a common, structurally preserved GTP-binding domain [[cite:PUB00052600], [cite:PUB00004087]]. Sequence comparisons of small G proteins from various species have revealed that they are conserved in primary structures at the level of 30-55% similarity [[cite:PUB00000348]].</p>

<p>Crystallographic analysis of various small G proteins revealed the presence of a 20kDa catalytic domain that is unique for the whole superfamily [[cite:PUB00004087], [cite:PUB00023196]]. The domain is built of five α helices (A1-A5), six β-strands (B1-B6) and five polypeptide loops (G1-G5). A structural comparison of the GTP- and GDP-bound forms allows one to distinguish two functional loop regions: switch I and switch II that surround the gamma-phosphate group of the nucleotide. The G1 loop (also called the P-loop) that connects the B1 strand and the A1 helix is responsible for the binding of the phosphate groups. The G3 loop provides residues for Mg2 and phosphate binding and is located at the N terminus of the A2 helix. The G1 and G3 loops are sequentially similar to Walker A and Walker B boxes that are found in other nucleotide binding motifs. The G2 loop connects the A1 helix and the B2 strand and contains a conserved Thr residue responsible for Mg2 binding. The guanine base is recognised by the G4 and G5 loops. The consensus sequence NKXD of the G4 loop contains Lys and Asp residues directly interacting with the nucleotide. Part of the G5 loop located between B6 and A5 acts as a recognition site for the guanine base [[cite:PUB00015117]].</p>

<p>The small GTPase superfamily can be divided into at least 8 different families, including:</p>

<ul><li>Arf small GTPases. GTP-binding proteins involved in protein trafficking by modulating vesicle budding and uncoating within the Golgi apparatus.</li>
<li>Ran small GTPases. GTP-binding proteins involved in nucleocytoplasmic transport. Required for the import of proteins into the nucleus and also for RNA export.</li>
<li>Rab small GTPases. GTP-binding proteins involved in vesicular traffic.</li>
<li>Rho small GTPases. GTP-binding proteins that control cytoskeleton reorganisation.</li>
<li>Ras small GTPases. GTP-binding proteins involved in signalling pathways.</li>
<li>Sar1 small GTPases. Small GTPase component of the coat protein complex II (COPII) which promotes the formation of transport vesicles from the endoplasmic reticulum (ER).</li>
<li>Mitochondrial Rho (Miro). Small GTPase domain found in mitochondrial proteins involved in mitochondrial trafficking.</li>
<li>Roc small GTPases domain. Small GTPase domain always found associated with the COR domain.</li></ul>"
2;IPR050392;"doi:10.1016/j.cell.2021.04.011
imex:IM-29278
pubmed:33961781";Collagen/C1q domain-containing;<p>The collagen/C1q domain-containing protein family includes a variety of proteins with roles in structural support, immune response, and regulation of various biological processes. Members of the family are characterized by the presence of a C1q domain, which often mediates calcium-binding and is involved in the formation of organic scaffolds, such as in the inner ear for otoliths or in cartilage for mineralization zones. Some family members are involved in the serum complement system, associating with proenzymes to form the C1 complex, which is activated upon interaction with immune complexes. Others are adipokines, influencing fat metabolism and insulin sensitivity, or serve as carrier proteins for factors involved in coagulation. The family also includes proteins that may regulate vessel assembly, angiogenesis, and tissue remodeling, highlighting a diverse range of functions from structural support to metabolic regulation and immune defense.</p>
2;IPR001073;"doi:10.1016/j.cell.2021.04.011
imex:IM-29278
pubmed:33961781";C1q domain;"<p>This entry represents the C-terminal domain of C1q. C1q is a subunit of the C1 enzyme complex that activates the serum complement system. C1q comprises 6 A, 6 B and 6 C chains. These share the same topology, each possessing a small, globular N-terminal domain, a collagen-like Gly/Pro-rich central region, and a conserved C-terminal region, the C1q domain [[cite:PUB00000491]]. The C1q protein is produced in collagen-producing cells and shows sequence and structural similarity to collagens VIII and X [[cite:PUB00001582], [cite:PUB00002690]]. This domain is also found in multimerin and EMILIN proteins.</p>

<p>The C-terminal globular domain of the C1q subcomponents and collagen types VIII and X is important both for the correct folding and alignment of the triple helix and for protein-protein recognition events [[cite:PUB00000094]]. For collagen type X it has been suggested that the domain is important for initiation and maintenance of the correct assembly of the protein [[cite:PUB00003070]]. The globular head is a trimer of C1q domains. Each individual C1q adopts a 10-strand Jelly-roll fold arranged in two antiparallel 5-stranded β-sheets [[cite:PUB00075555]]. There are two well conserved regions within the C1q domain: an aromatic motif is located within the first half of the domain, the other conserved region is located near the C-terminal extremity.</p>"
2;IPR008979;"doi:10.1016/j.cell.2021.04.011
imex:IM-29278
pubmed:33961781";Galactose-binding-like domain superfamily;"<p>Proteins containing a galactose-binding-like domain fold can be found in several different protein families, in both eukaryotes and prokaryotes.  The common function of these domains is to bind to specific ligands, such as cell-surface-attached carbohydrate substrates for galactose oxidase and sialidase [[cite:PUB00004093]], phospholipids on the outer side of the mammalian cell membrane for coagulation factor Va [[cite:PUB00010664]], membrane-anchored ephrin for the Eph family of receptor tyrosine kinases [[cite:PUB00010665]], and a complex of broken single-stranded DNA and DNA polymerase beta for XRCC1 [[cite:PUB00005865]].</p>

<p>The structure of the galactose-binding-like domain members consists of a β-sandwich, in which the strands making up the sheets exhibit a jelly roll fold.  There is a high degree of similarity in the β-sandwich and in the loops between different family members, despite an often low level of sequence similarity.</p>"
2;IPR050831;"doi:10.1016/j.cell.2021.04.011
imex:IM-29278
pubmed:33961781";Carcinoembryonic antigen-related cell adhesion;<p>The CEA family proteins are predominantly involved in cell adhesion processes, with members functioning in homophilic and heterophilic interactions that are calcium-independent. They belong to the immunoglobulin superfamily and play roles in various biological processes including immune response regulation, insulin action, angiogenesis, and tumor progression. Some members are implicated in maintaining the integrity of the tectorial membrane for proper hearing, while others are involved in phagocytosis, metabolic regulation, and the transport of bile acids. Additionally, certain proteins within the family are associated with pregnancy, such as the pregnancy-specific beta-1-glycoproteins, which may have roles in immune modulation during gestation.</p>
2;IPR017452;"doi:10.1016/j.cell.2021.04.011
imex:IM-29278
pubmed:33961781";GPCR, rhodopsin-like, 7TM;"<p>This entry spans the seven transmembrane regions of rhodopsin-like GPCRs. It also identifies some non rhodopsin-like GPCRs, including a number of taste receptors and vomeronasal receptors.</p>; <p>The rhodopsin-like GPCRs (GPCRA) represent a widespread protein family that includes hormone, neurotransmitter and light receptors, all of which transduce extracellular signals through interaction with guanine nucleotide-binding (G) proteins. Although their activating ligands vary widely in structure and character, the amino acid sequences of the receptors are very similar and are believed to adopt a common structural framework comprising 7 transmembrane (TM) helices [[cite:PUB00000131], [cite:PUB00002477], [cite:PUB00004960]].</p>; <p>G protein-coupled receptors (GPCRs) constitute a vast protein family that encompasses a wide range of functions, including various autocrine, paracrine and endocrine processes. They show considerable diversity at the sequence level, on the basis of which they can be separated into distinct groups [[cite:PUB00053635]]. The term clan can be used to describe the GPCRs, as they embrace a group of families for which there are indications of evolutionary relationship, but between which there is no statistically significant similarity in sequence [[cite:PUB00004961]]. The currently known clan members include rhodopsin-like GPCRs (Class A, GPCRA), secretin-like GPCRs (Class B, GPCRB), metabotropic glutamate receptor family (Class C, GPCRC), fungal mating pheromone receptors (Class D, GPCRD), cAMP receptors (Class E, GPCRE) and frizzled/smoothened (Class F, GPCRF) [[cite:PUB00004961], [cite:PUB00063577], [cite:PUB00063578], [cite:PUB00063579], [cite:PUB00063580]].  GPCRs are major drug targets, and are consequently the subject of considerable research interest. It has been reported that the repertoire of GPCRs for endogenous ligands consists of approximately 400 receptors in humans and mice [[cite:PUB00053635]]. Most GPCRs are identified on the basis of their DNA sequences, rather than the ligand they bind, those that are unmatched to known natural ligands are designated by as orphan GPCRs, or unclassified GPCRs [[cite:PUB00063816]].</p>"
2;IPR000276;"doi:10.1016/j.cell.2021.04.011
imex:IM-29278
pubmed:33961781";G protein-coupled receptor, rhodopsin-like;"<p>This entry represents the G protein-coupled receptor, rhodopsin-like family.</p>; <p>The rhodopsin-like GPCRs (GPCRA) represent a widespread protein family that includes hormone, neurotransmitter and light receptors, all of which transduce extracellular signals through interaction with guanine nucleotide-binding (G) proteins. Although their activating ligands vary widely in structure and character, the amino acid sequences of the receptors are very similar and are believed to adopt a common structural framework comprising 7 transmembrane (TM) helices [[cite:PUB00000131], [cite:PUB00002477], [cite:PUB00004960]].</p>; <p>G protein-coupled receptors (GPCRs) constitute a vast protein family that encompasses a wide range of functions, including various autocrine, paracrine and endocrine processes. They show considerable diversity at the sequence level, on the basis of which they can be separated into distinct groups [[cite:PUB00053635]]. The term clan can be used to describe the GPCRs, as they embrace a group of families for which there are indications of evolutionary relationship, but between which there is no statistically significant similarity in sequence [[cite:PUB00004961]]. The currently known clan members include rhodopsin-like GPCRs (Class A, GPCRA), secretin-like GPCRs (Class B, GPCRB), metabotropic glutamate receptor family (Class C, GPCRC), fungal mating pheromone receptors (Class D, GPCRD), cAMP receptors (Class E, GPCRE) and frizzled/smoothened (Class F, GPCRF) [[cite:PUB00004961], [cite:PUB00063577], [cite:PUB00063578], [cite:PUB00063579], [cite:PUB00063580]].  GPCRs are major drug targets, and are consequently the subject of considerable research interest. It has been reported that the repertoire of GPCRs for endogenous ligands consists of approximately 400 receptors in humans and mice [[cite:PUB00053635]]. Most GPCRs are identified on the basis of their DNA sequences, rather than the ligand they bind, those that are unmatched to known natural ligands are designated by as orphan GPCRs, or unclassified GPCRs [[cite:PUB00063816]].</p>"
2;IPR050198;"doi:10.1016/j.cell.2019.09.008
imex:IM-24272
imex:IM-27423
pubmed:26496610
pubmed:31585087";Non-receptor tyrosine kinases involved in cell signaling;<p>This family of proteins includes non-receptor tyrosine kinases that play crucial roles in various cellular processes. They are involved in signal transduction pathways that regulate immune responses, cell growth, survival, differentiation, cytoskeletal remodeling, cell adhesion, and migration. These proteins are activated by cell surface receptors and are essential for both innate and adaptive immunity. They also participate in the regulation of B-cell and T-cell receptor signaling, contributing to the development and function of lymphocytes. Additionally, they mediate responses to growth factors, cytokines, and environmental stresses, influencing processes like platelet activation, vascular development, and osteoclast maturation.</p>
2;IPR009072;"doi:10.1074/mcp.ra118.000924
imex:IM-26301
imex:IM-26653
pubmed:29568061
pubmed:30021884";Histone-fold;"<p>Histones mediate DNA organisation and play a dominant role in regulating eukaryotic transcription. The histone-fold consists of a core of three helices, where the long middle helix is flanked at each end by shorter ones. The histone fold is a structural element that facilitates heterodimerisation [[cite:PUB00060941], [cite:PUB00060942], [cite:PUB00039806]]. Proteins displaying this structure include the nucleosome core histones, which form octomers composed of two copies of each of the four histones, H2A, H2B, H3 and H4; archaeal histone, which possesses only the core domain part of eukaryotic histone; and the TATA-box binding protein (TBP)-associated factors (TAF), where the histone fold is a common motif for mediating TAF-TAF interactions. TAF proteins include TAF(II)18 and TAF(II)28, which form a heterodimer, TAF(II)42 and TAF(II)62, which form a heterotetramer similar to (H3-H4)2, and the negative cofactor 2 (NC2) alpha and beta chains, which form a heterodimer. The TAF proteins are a component of transcription factor IID (TFIID), along with the TBP protein. TFIID forms part of the pre-initiation complex on core promoter elements required for RNA polymerase II-dependent transcription. The TAF subunits of TFIID mediate transcriptional activation of subsets of eukaryotic genes. The NC2 complex mediates the inhibition of TATA-dependent transcription through interactions with TBP.</p>"
2;IPR007125;"doi:10.1074/mcp.ra118.000924
imex:IM-26301
imex:IM-26653
pubmed:29568061
pubmed:30021884";Core Histone H2A/H2B/H3 domain;"<p>Five major families of histones exist: H1/H5, H2A, H2B, H3, and H4 [[cite:PUB00066796]]. Histones H2A, H2B, H3 and H4 are known as the core histones, while histones H1 and H5 are known as the linker histones. The core histones together with some other DNA binding proteins form a superfamily defined by a common fold and distant sequence similarities [[cite:PUB00005743], [cite:PUB00005777]]. Some proteins contain local homology domains related to the histone fold [[cite:PUB00004260]].</p>

<p>This entry represents a domain found in histones H2A, H2B and H3. This domain can also be found in transcription factors, such as OsNF-YC2 from rice [[cite:PUB00094278]].</p>"
2;IPR016024;"imex:IM-24272
imex:IM-26684
pubmed:26496610
pubmed:31046837";Armadillo-type fold;"<p>This entry represents a structural domain with an armadillo (ARM)-like fold, consisting of a multi-helical fold comprised of two curved layers of α-helices arranged in a regular right-handed superhelix, where the repeats that make up this structure are arranged about a common axis [[cite:PUB00015442]]. These superhelical structures present an extensive solvent-accessible surface that is well suited to binding large substrates such as proteins and nucleic acids.</p>

<p>The sequence similarity among these different repeats or domains is low, however they exhibit considerable structural similarity. Furthermore, the number of repeats present in the superhelical structure can vary between orthologues, indicating that rapid loss/gain of repeats has occurred frequently in evolution. A common phylogenetic origin has been proposed for the armadillo and HEAT repeats [[cite:PUB00015443]].</p>"
2;IPR001190;"doi:10.1016/j.cell.2021.04.011
imex:IM-24272
imex:IM-29278
pubmed:26496610
pubmed:33961781";SRCR domain;"<p>The scavenger receptor cysteine-rich (SRCR) domain is an ancient and highly conserved domain of about 110 residues which is found in diverse secreted and cell-surface proteins, like the type I scavenger receptor, the speract receptor, CD5/Ly-1, CD6, or complement factor I [[cite:PUB00004717]]. Tandem repeats of SRCR domains are common in the membrane bound proteins. Most SRCR domains have six to eight cysteines that participate in intradomain disulfide bonds. SRCR domains have been subdivided into two groups, A and B, primarily on the differences in the spacing pattern between the cysteine residues [[cite:PUB00005429], [cite:PUB00003964]].</p>

<p>Although the biochemical functions of SRCR domains have not been established with certainty, they are likely to mediate protein-protein interactions and ligand binding [[cite:PUB00005429], [cite:PUB00003964]].</p>

<p>Determination of the crystal structure of the SRCR domain of M2BP reveals that the M2NP SRCR adopts a compact fold of approximate dimensions 22 x 26 x 30 Angstrom, organised around a curved six-stranded β-sheet cradling an alpha- helix [[cite:PUB00003964]].</p>"
2;IPR036772;"doi:10.1016/j.cell.2021.04.011
imex:IM-24272
imex:IM-29278
pubmed:26496610
pubmed:33961781";SRCR-like domain superfamily;"<p>The scavenger receptor cysteine-rich (SRCR) domain is an ancient and highly conserved domain of about 110 residues which is found in diverse secreted and cell-surface proteins, like the type I scavenger receptor, the speract receptor, CD5/Ly-1, CD6, or complement factor I [[cite:PUB00004717]]. Tandem repeats of SRCR domains are common in the membrane bound proteins. Most SRCR domains have six to eight cysteines that participate in intradomain disulfide bonds. SRCR domains have been subdivided into two groups, A and B, primarily on the differences in the spacing pattern between the cysteine residues [[cite:PUB00005429], [cite:PUB00003964]]. Besides type I scavenger receptor, this domain can also be found in the N-terminal of hepsin [[cite:PUB00029725]].</p>; <p>The core structure of SRCR has a β-x-α-β-loop-β fold.</p>"
2;IPR036770;"doi:10.1038/nn.4594
imex:IM-26285
imex:IM-26684
pubmed:28671696
pubmed:31046837";Ankyrin repeat-containing domain superfamily;<p>This entry represents the ankyrin repeat-containing domain. These domains contain multiple repeats of a β(2)-α(2) motif. The ankyrin repeat is one of the most common protein-protein interaction motifs in nature. Ankyrin repeats are tandemly repeated modules of about 33 amino acids. They occur in a large number of functionally diverse proteins mainly from eukaryotes. The few known examples from prokaryotes and viruses may be the result of horizontal gene transfers [[cite:PUB00006219]]. The repeat has been found in proteins of diverse function such as transcriptional initiators, cell-cycle regulators, cytoskeletal, ion transporters and signal transducers. The ankyrin fold appears to be defined by its structure rather than its function since there is no specific sequence or structure which is universally recognised by it.</p>
2;IPR015943;"doi:10.1016/j.cell.2021.04.011
imex:IM-26684
imex:IM-29278
pubmed:31046837
pubmed:33961781";WD40/YVTN repeat-like-containing domain superfamily;<p>This superfamily represents a WD40/YVTN repeat-like domain. Both the WD40 and the YVTN repeated motifs consist of about 40 residues, and although they consist of distinct sequences, they do share a similar structure. Structurally, both the WD40 and the YVTN repeated motifs form seven-bladed propellers (although some members can contain eight blades), which consist of seven 4-stranded β-sheets.</p>
2;IPR036322;"doi:10.1016/j.cell.2021.04.011
imex:IM-26684
imex:IM-29278
pubmed:31046837
pubmed:33961781";WD40-repeat-containing domain superfamily;"<p>This entry identifies a domain superfamily containing adjacent WD repeats. These WD repeats are located on β-sheets (blades) that fold into a higher order  structure called β-propeller.</p>; <p>WD-40 repeats (also known as WD or β-transducin repeats) are short ~40 amino acid motifs, often terminating in a Trp-Asp (W-D) dipeptide. WD40 repeats usually assume a 7-8 bladed β-propeller fold, but proteins have been found with 4 to 16 repeated units, which also form a circularised β-propeller structure. WD-repeat proteins are a large family found in all eukaryotes and are implicated in a variety of functions ranging from signal transduction and transcription regulation to cell cycle control and apoptosis. Repeated WD40 motifs act as a site for protein-protein or protein-DNA  interaction, and proteins containing WD40 repeats are known to serve as platforms for the assembly of protein complexes or mediators of transient interplay among other proteins [[cite:PUB00094364]]. The specificity of the proteins is determined by the sequences outside the repeats themselves. Examples of such complexes are G proteins (beta subunit is a β-propeller), TAFII transcription factor, and E3 ubiquitin ligase [[cite:PUB00015237], [cite:PUB00005491]]. In Arabidopsis spp., several WD40-containing proteins act as key regulators of plant-specific developmental events.</p>"
2;IPR008271;"doi:10.1016/j.molcel.2020.07.001
imex:IM-26684
imex:IM-29257
pubmed:31046837
pubmed:32707033";Serine/threonine-protein kinase, active site;"<p>Eukaryotic protein kinases [[cite:PUB00001530], [cite:PUB00003568], [cite:PUB00003569], [cite:PUB00005115]] are enzymes that belong to a very extensive family of proteins which share a conserved catalytic core common with both serine/threonine and tyrosine protein kinases. There are a number of conserved regions in the catalytic domain of protein kinases. In the N-terminal extremity of the catalytic domain there is a glycine-rich stretch of residues in the vicinity of a lysine residue, which has been shown to be involved in ATP binding. In the central part of the catalytic domain there is a conserved aspartic acid residue, which is important for the catalytic activity of the enzyme [[cite:PUB00005145]].</p>

<p>This entry represents a conserved region that surrounds the active site aspartate residue and it is more specific for serine/threonine protein kinases. It also matches several dual-specificity protein kinases and members of WEE kinase family that are bona fide tyrosine protein kinases.</p>; <p>Protein phosphorylation, which plays a key role in most cellular activities, is a reversible process mediated by protein kinases and phosphoprotein phosphatases. Protein kinases catalyse the transfer of the gamma phosphate from nucleotide triphosphates (often ATP) to one or more amino acid residues in a protein substrate side chain, resulting in a conformational change affecting protein function. Phosphoprotein phosphatases catalyse the reverse process. 
Protein kinases fall into three broad classes, characterised with respect to substrate specificity [[cite:PUB00005115]]:</p>

<ul>
<li>Serine/threonine-protein kinases</li>
<li>Tyrosine-protein kinases</li>
<li>Dual specificity protein kinases (e.g. MEK -phosphorylates both Thr and Tyr on target proteins)</li>
</ul>

<p>Protein kinase function is evolutionarily conserved from Escherichia coli to human [[cite:PUB00020114]]. Protein kinases play a role in a multitude of cellular processes, including division, proliferation, apoptosis, and differentiation [[cite:PUB00015362]]. Phosphorylation usually results in a functional change of the target protein by changing enzyme activity, cellular location, or association with other proteins. The catalytic subunits of protein kinases are highly conserved, and several structures have been solved [[cite:PUB00034898]], leading to large screens to develop kinase-specific inhibitors for the treatments of a number of diseases [[cite:PUB00034899]].</p>"
2;IPR000734;"doi:10.1016/j.cell.2021.04.011
doi:10.1038/nature22366
imex:IM-25778
imex:IM-29278
pubmed:28514442
pubmed:33961781";Triacylglycerol lipase family;"<p>Triglyceride lipases ([ec:3.1.1.3]) are lipolytic enzymes that hydrolyse ester linkages of triglycerides [[cite:PUB00000684]]. Lipases are widely distributed in animals, plants and prokaryotes. At least three tissue-specific isozymes exist in higher vertebrates, pancreatic, hepatic and gastric/lingual. These lipases are closely related to each other and to lipoprotein lipase ([ec:3.1.1.34]), which hydrolyses triglycerides of chylomicrons and very low density lipoproteins (VLDL) [[cite:PUB00001369]].</p>

<p>The most conserved region in all these proteins is centred around a serine residue which has been shown [[cite:PUB00004054]] to participate, with an histidine and an aspartic acid residue, in a charge relay system. Such a region is also present in lipases of prokaryotic origin and in lecithin-cholesterol acyltransferase ([ec:2.3.1.43]) (LCAT) [[cite:PUB00004617]], which catalyses fatty acid transfer between phosphatidylcholine and cholesterol.</p>"
2;IPR033906;"doi:10.1016/j.cell.2021.04.011
doi:10.1038/nature22366
imex:IM-25778
imex:IM-29278
pubmed:28514442
pubmed:33961781";Lipase, N-terminal;"<p>This entry includes the catalytic, N-terminal domain of pancreatic lipase-like enzymes.</p>; <p>Triglyceride lipases ([ec:3.1.1.3]) are lipolytic enzymes that hydrolyse ester linkages of triglycerides [[cite:PUB00000684]]. Lipases are widely distributed in animals, plants and prokaryotes. At least three tissue-specific isozymes exist in higher vertebrates, pancreatic, hepatic and gastric/lingual. These lipases are closely related to each other and to lipoprotein lipase ([ec:3.1.1.34]), which hydrolyses triglycerides of chylomicrons and very low density lipoproteins (VLDL) [[cite:PUB00001369]]. The most conserved region in all these proteins is centred around a serine residue which has been shown [[cite:PUB00004054]] to participate, with an histidine and an aspartic acid residue, in a charge relay system. Such a region is also present in lipases of prokaryotic origin and in lecithin-cholesterol acyltransferase ([ec:2.3.1.43]) (LCAT) [[cite:PUB00004617]], which catalyzes fatty acid transfer between phosphatidylcholine and cholesterol.</p>"
2;IPR016272;"doi:10.1016/j.cell.2021.04.011
doi:10.1038/nature22366
imex:IM-25778
imex:IM-29278
pubmed:28514442
pubmed:33961781";Lipase, LIPH-type;"<p>This group represents LIPH (lipase H)-type lipases [[cite:PUB00071776]]. It includes lipase H, lipoprotein lipase (LPL), and hepatic and pancreatic lipases.</p>
<p>LIPH hydrolyses specifically phosphatidic acid (PA) to produce 2-acyl lysophosphatidic acid (LPA; a potent bioactive lipid mediator) and fatty acid [[cite:PUB00071779], [cite:PUB00071780]].</p>"
2;IPR013818;"doi:10.1016/j.cell.2021.04.011
doi:10.1038/nature22366
imex:IM-25778
imex:IM-29278
pubmed:28514442
pubmed:33961781";Lipase;<p>Triglyceride lipases ([ec:3.1.1.3]) are lipolytic enzymes that hydrolyse ester linkages of triglycerides [[cite:PUB00000684]]. Lipases are widely distributed in animals, plants and prokaryotes. At least three tissue-specific isozymes exist in higher vertebrates, pancreatic, hepatic and gastric/lingual. These lipases are closely related to each other and to lipoprotein lipase ([ec:3.1.1.34]), which hydrolyses triglycerides of chylomicrons and very low density lipoproteins (VLDL) [[cite:PUB00001369]]. The most conserved region in all these proteins is centred around a serine residue which has been shown [[cite:PUB00004054]] to participate, with an histidine and an aspartic acid residue, in a charge relay system. Such a region is also present in lipases of prokaryotic origin and in lecithin-cholesterol acyltransferase ([ec:2.3.1.43]) (LCAT) [[cite:PUB00004617]], which catalyzes fatty acid transfer between phosphatidylcholine and cholesterol.</p>
2;IPR013087;"doi:10.1016/j.cell.2021.04.011
imex:IM-25472
imex:IM-29278
pubmed:32296183
pubmed:33961781";Zinc finger C2H2-type;"<p>This entry represents the classical C2H2 zinc finger domain.</p>; <p>C2H2-type (classical) zinc fingers (Znf) were the first class to be characterised. They contain a short β-hairpin and an α-helix (β/β/α structure), where a single zinc atom is held in place by Cys(2)His(2) (C2H2) residues in a tetrahedral array. C2H2 Znf's can be divided into three groups based on the number and pattern of fingers: triple-C2H2 (binds single ligand), multiple-adjacent-C2H2 (binds multiple ligands), and separated paired-C2H2 [[cite:PUB00035808]]. C2H2 Znf's are the most common DNA-binding motifs found in eukaryotic transcription factors, and have also been identified in prokaryotes [[cite:PUB00035809]].  Transcription factors usually contain several Znf's (each with a conserved β/β/α structure) capable of making multiple contacts along the DNA, where the C2H2 Znf motifs recognise DNA sequences by binding to the major groove of DNA via a short α-helix in the Znf, the Znf spanning 3-4 bases of the DNA [[cite:PUB00035811]]. C2H2 zinc fingers can also bind to RNA and protein targets [[cite:PUB00043274]].</p>; <p>Zinc finger (Znf) domains are relatively small protein motifs which contain multiple finger-like protrusions that make tandem contacts with their target molecule. Some of these domains bind zinc, but many do not; instead, they bind other metals, such as iron, or no metal at all. For example, some family members form salt bridges to stabilise the finger-like folds. They were first identified as a DNA-binding motif in transcription factor TFIIIA from Xenopus laevis (African clawed frog); however, they are now recognised to bind DNA, RNA, protein and/or lipid substrates [[cite:PUB00035807], [cite:PUB00035805], [cite:PUB00035806], [cite:PUB00035804], [cite:PUB00014077]]. Their binding properties depend on the amino acid sequence of the finger domains and of the linker between fingers, as well as on the higher-order structures and the number of fingers. Znf domains are often found in clusters, where fingers can have different binding specificities. There are many superfamilies of Znf motifs, varying in both sequence and structure. They display considerable versatility in binding modes, even between members of the same class (e.g., some bind DNA, others protein), suggesting that Znf motifs are stable scaffolds that have evolved specialised functions. For example, Znf-containing proteins function in gene transcription, translation, mRNA trafficking, cytoskeleton organisation, epithelial development, cell adhesion, protein folding, chromatin remodelling and zinc sensing, to name but a few [[cite:PUB00035812]]. Zinc-binding motifs are stable structures, and they rarely undergo conformational changes upon binding their target.</p>"
2;IPR050672;"doi:10.1016/j.cell.2021.04.011
imex:IM-29278
pubmed:33961781";F-box/SPRY and SOCS box protein families;<p>The FBXO45/Fsn and SPSB protein families are involved in various cellular processes through their roles in the ubiquitin-proteasome system. Members of these families function as components of E3 ubiquitin ligase complexes, which are crucial for the ubiquitination and subsequent proteasomal degradation of target proteins. These proteins play key roles in synaptic development and function, including the regulation of synaptic terminal growth at the neuromuscular junction, neuron migration, neurotransmission, and the maintenance of axon integrity. They are also implicated in the negative regulation of nitric oxide production in macrophages, and in the modulation of immune responses to viral infections. The FBXO45/Fsn family members are characterized by the presence of an F-box and SPRY domain, while the SPSB family members contain a SPRY domain and a SOCS box domain, which mediates interaction with the Elongin BC complex.</p>
2;IPR001496;"doi:10.1016/j.cell.2021.04.011
imex:IM-29278
pubmed:33961781";SOCS box domain;"<p>The SOCS box was first identified in SH2-domain-containing proteins of the suppressor of cytokines signalling (SOCS) family [[cite:PUB00006611]] but was later also found in:</p>

<ul><li>the WSB (WD-40-repeat-containing proteins with a SOCS box) family,</li>
<li>the SSB (SPRY domain-containing proteins with a SOCS box) family,</li>
<li>the ASB (ankyrin-repeat-containing proteins with a SOCS box) family,</li>
<li>and ras and ras-like GTPases [[cite:PUB00006612]].</li></ul>

<p>The SOCS box found in these proteins is an about 50 amino acid C-terminal domain composed of two blocks of well-conserved residues separated by between 2 and 10 non-conserved residues [[cite:PUB00006612]]. The C-terminal conserved region is an L/P-rich sequence of unknown function, whereas the N-terminal conserved region is a consensus BC box [[cite:PUB00006613]], which binds to the Elongin BC complex [[cite:PUB00006613], [cite:PUB00006614]]. It has been demonstrated that this association couple bound proteins to the ubiquitination or proteasomal compartments [[cite:PUB00006614], [cite:PUB00060101]].</p>"
2;IPR036036;"doi:10.1016/j.cell.2021.04.011
imex:IM-29278
pubmed:33961781";SOCS box-like domain superfamily;"<p>The SOCS box was first identified in SH2-domain-containing proteins of the suppressor of cytokines signalling (SOCS) family [[cite:PUB00006611]] but was later also found in:</p>

<ul><li>the WSB (WD-40-repeat-containing proteins with a SOCS box) family,</li>
<li>the SSB (SPRY domain-containing proteins with a SOCS box) family,</li>
<li>the ASB (ankyrin-repeat-containing proteins with a SOCS box) family,</li>
<li>and ras and ras-like GTPases [[cite:PUB00006612]].</li></ul>

<p>The SOCS box found in these proteins is an about 50 amino acid C-terminal domain composed of two blocks of well-conserved residues separated by between 2 and 10 non-conserved residues [[cite:PUB00006612]]. The C-terminal conserved region is an L/P-rich sequence of unknown function, whereas the N-terminal conserved region is a consensus BC box [[cite:PUB00006613]], which binds to the Elongin BC complex [[cite:PUB00006613], [cite:PUB00006614]]. It has been demonstrated that this association couple bound proteins to the ubiquitination or proteasomal compartments [[cite:PUB00006614], [cite:PUB00060101]].</p>"
1;IPR041032;"imex:IM-25472
pubmed:32296183";Protein of unknown function DUF5546;<p>This is a family of unknown function found in primates.</p>
1;IPR024563;"imex:IM-13779
pubmed:20711500";Uncharacterised protein family YqhR;<p>This family of proteins is conserved in the Bacillaceae family of the Firmicutes. Their function is not known.</p>
1;IPR011491;"imex:IM-13779
pubmed:20711500";Flagellar hook protein FlgE, D2 domain;<p>This domain is found in several bacterial FlgE flagellar hook proteins [[cite:PUB00076717]]. The flagellar hook is a short, curved, extracellular structure located between the basal body and the filament [[cite:PUB00076716]].</p>
1;IPR001444;"imex:IM-13779
pubmed:20711500";Flagellar basal body rod protein, N-terminal;"<p>Many bacterial species swim actively by means of flagella. The flagella organelle is made of three parts: the basal body, the hook and the filament. The basal body consists of four rings (L,P,S, and M) mounted on a central rod [[cite:PUB00003254]].</p>

<p>In Salmonella typhimurium and related organisms the rod has been shown to consist of four different, yet evolutionary related proteins: in the distal portion of the rod there are about 26 subunits of protein flgG and in the proximal portion there are about six subunits each of proteins flgB, flgC, and flgF. These four proteins contain a highly conserved asparagine-rich domain at their N terminus.</p>"
1;IPR019776;"imex:IM-13779
pubmed:20711500";Flagellar basal body rod protein, conserved site;"<p>Many bacterial species swim actively by means of flagella. The flagella organelle is made of three parts: the basal body, the hook and the filament. The basal body consists of four rings (L,P,S, and M) mounted on a central rod [[cite:PUB00003254]].</p>

<p>In Salmonella typhimurium and related organisms the rod has been shown to consist of four different, yet evolutionary related proteins: in the distal portion of the rod there are about 26 subunits of protein flgG and in the proximal portion there are about six subunits each of proteins flgB, flgC, and flgF. These four proteins contain a highly conserved asparagine-rich domain at their N terminus.</p>"
1;IPR037925;"imex:IM-13779
pubmed:20711500";Flagellar hook-basal body protein, FlgE/F/G-like;"<p>This superfamily represents three closely related flagellar proteins usually denoted FlgE, FlgF and FlgG.</p>

<p>The basal body, found in FlgF and FlgG, constitutes a major portion of the flagellar apparatus of proteobacteria and spirochete. It consists of four rings (L,P,S, and M) mounted on a central rod [[cite:PUB00033604]]. The flagellar hook, found in FlgE, is a short, curved, extracellular structure located between the basal body and the filament of the protein [[cite:PUB00076716]]. The rod and hook are directly connected to each other. Their subunit proteins have similar folds, but differences in the domain orientations result in the distinct mechanical functions of the flagellar rod and hook [[cite:PUB00088144]].</p>"
1;IPR053967;"imex:IM-13779
pubmed:20711500";Flagellar hook protein FlgE/F/G-like, D1 domain;<p>This entry represents the D1 domain found in three closely related flagellar proteins, usually denoted FlgE, FlgF and FlgG and related proteins. In FlgE, there is an additional domain D2 ([interpro:IPR011491]) outside D1 [[cite:PUB00032756], [cite:PUB00154040], [cite:PUB00106064], [cite:PUB00151809], [cite:PUB00154041]]. The flagellar hook is a short, highly curved tubular structure that connects the flagellar motor to the long filament acting as a helical propeller.</p>
1;IPR020013;"imex:IM-13779
pubmed:20711500";Flagellar hook-basal body protein, FlgE/F/G;<p>This entry represents three closely related flagellar proteins usually denoted FlgE, FlgF and FlgG. The names have often been mis-assigned, however. Three models, [interpro:IPR012835], [interpro:IPR012836] and [interpro:IPR012834], separate the individual forms into three genome-context consistent groups. The major differences between these genes are architectural, with variable central sections between relatively conserved N- and C-terminal domains. More distantly related are two other flagellar apparatus familis, FlgC ([interpro:IPR006299]) which consists of little else but the N- and C-terminal domains and FlgK ([interpro:IPR002371]) with a substantial but different central domain.</p>
1;IPR010930;"imex:IM-13779
pubmed:20711500";Flagellar basal-body/hook protein, C-terminal domain;<p>This functionally uncharacterised domain is found in the C terminus of flagellar basal-body rod and flagellar hook proteins in which [interpro:IPR001444] is often present at the extreme N terminus.</p>
1;IPR037058;"imex:IM-13779
pubmed:20711500";Flagellar hook protein FlgE superfamily;<p>This domain superfamily is found in several bacterial FlgE flagellar hook proteins [[cite:PUB00076717]]. The flagellar hook is a short, curved, extracellular structure located between the basal body and the filament [[cite:PUB00076716]].</p>
1;IPR005801;"imex:IM-13779
pubmed:20711500";ADC synthase;"<p>This domain superfamily is characteristic of ADC synthases, including:</p>

<ul><li>Anthranilate synthase aminodeoxyisochorismate synthase/lyase subunit, TrpE, which catalyses the formation of anthranilate (o-aminobenzoate) and pyruvic acid from chorismate and glutamine [[cite:PUB00025879], [cite:PUB00008575]].</li>
<li>P-aminobenzoate synthase component I (Aminodeoxychorismate synthase), which catalyses the two-step biosynthesis of 4-amino-4-deoxychorismate (ADC), a precursor of p-aminobenzoate and folate in microorganisms [[cite:PUB00026600]].</li>
<li>Menaquinone-specific isochorismate synthase MenF, which catalyses the conversion of chorismate to isochorismate [[cite:PUB00045456]].</li>
<li>Salicylate synthetase Irp9, which is involved in the biosynthesis of the siderophore yersiniabactin in Yersinia enterocolitica [[cite:PUB00040743]].</li>
<li>Salicylate synthase MbtI (Mycobactin synthetase protein I), which is involved in salicylate production [[cite:PUB00040937]].</li></ul>"
1;IPR006805;"imex:IM-13779
pubmed:20711500";;
1;IPR019999;"imex:IM-13779
pubmed:20711500";Anthranilate synthase component I-like;"<p>This entry represents the anthranilate synthase component 1 protein  [ec:4.1.3.27] and its homologues, including aminodeoxychorismate synthase component 1 [ec:2.6.1.85], 2-amino-4-deoxychorismate synthase [ec:2.6.1.86] and isochorismate synthase/isochorismate-pyruvate lyase MbtI [ec:5.4.4.2].</p>

<p>Anthranilate synthase component 1 is a tetramer comprising two copies of component I and two copies of component II. Component I catalyses the formation of anthranilate using ammonia rather than glutamine, while component II provides glutamine amidotransferase activity.</p>"
1;IPR005257;"imex:IM-13779
pubmed:20711500";Anthranilate synthase component I, TrpE-like, bacterial;<p>This family represents anthranilate/para-aminobenzoate synthase component I from proteobacteria and actinobacteria.</p>
1;IPR015890;"imex:IM-13779
pubmed:20711500";Anthranilate synthase-like domain;<p>This entry represents the catalytic regions of the chorismate binding enzymes anthranilate synthase, aminodeoxychorismate synthase and salicylate synthase. Anthranilate synthase is involved in the catalysis of the the two-step biosynthesis of anthranilate. It catalyses the reaction: <reaction> chorismate + l-glutamine = anthranilate + pyruvate + l-glutamate.</reaction> The enzyme is a tetramer comprising 2 I and 2 II components: this entry is restricted to component I that catalyses the formation of anthranilate using ammonia rather than glutamine, while component II provides glutamine amidotransferase activity [[cite:PUB00008575]]. Aminodeoxychorismate synthase catalyses the two-step biosynthesis of 4-amino-4-deoxychorismate (ADC) [[cite:PUB00164736]].</p>
1;IPR033992;"doi:10.1016/j.cell.2021.04.011
imex:IM-29278
pubmed:33961781";Natural killer cell receptor-like, C-type lectin-like domain;"<p>This entry represents a C-type lectin-like domain (CTLD) of the type found in natural killer cell receptors (NKRs), including proteins similar to oxidized low density lipoprotein (OxLDL) receptor (LOX-1), CD94, CD69, NKG2-A and -D, osteoclast inhibitory lectin (OCIL), dendritic cell-associated C-type lectin-1 (dectin-1),  human myeloid inhibitory C-type lectin-like receptor (MICL), mast cell-associated functional antigen (MAFA), killer cell lectin-like receptors: subfamily F, member 1 (KLRF1) and subfamily B, member 1 (KLRB1), and lys49 receptors.  CTLD refers to a domain homologous to the carbohydrate-recognition domains (CRDs) of the C-type lectins [[cite:PUB00081335]].</p>

<p>NKRs are variously associated with activation or inhibition of natural killer (NK) cells. Activating NKRs stimulate cytolysis by NK cells of virally infected or transformed cells; inhibitory NKRs block cytolysis upon recognition of markers of healthy self cells. Most Lys49 receptors are inhibitory; some are stimulatory.  OCIL inhibits NK cell function via binding to the receptor NKRP1D.  Murine OCIL in addition to inhibiting NK cell function inhibits osteoclast differentiation [[cite:PUB00082014]]. MAFA clusters with the type I Fc epsilon receptor (FcepsilonRI) and inhibits the mast cells secretory response to FcepsilonRI stimulus [[cite:PUB00082019], [cite:PUB00082024]].  CD72 is a regulator of B cell receptor signaling [[cite:PUB00082027]].  NKG2D is an activating receptor for stress-induced antigens; human NKG2D ligands include the stress induced MHC-I homologs, MICA, MICB, and ULBP family of glycoproteins. Several NKRs have a carbohydrate-binding capacity which is not mediated through calcium ions (e.g. OCIL binds a range of high molecular weight sulfated glycosaminoglycans including dextran sulfate, fucoidan, and gamma-carrageenan sugars) [[cite:PUB00025835]].  Dectin-1 binds fungal beta-glucans and is involved in the innate immune responses to fungal pathogens [[cite:PUB00082018], [cite:PUB00082023]].  MAFA binds saccharides having terminal alpha-D mannose residues in a calcium-dependent manner.  LOX-1 is the major receptor for OxLDL in endothelial cells and thought to play a role in the pathology of atherosclerosis [[cite:PUB00032684]].  Some NKRs exist as homodimers (e.g.Lys49, NKG2D, CD69, LOX-1) and some as heterodimers (e.g. CD94/NKG2A).  Dectin-1 can function as a monomer in vitro.</p>"
1;IPR001304;"doi:10.1016/j.cell.2021.04.011
imex:IM-29278
pubmed:33961781";C-type lectin-like;"<p>A number of different families of proteins share a conserved domain which was first characterised in some animal lectins and which seem to function as a calcium-dependent carbohydrate-recognition domain [[cite:PUB00002490], [cite:PUB00004941]]. This domain, which is known as the C-type lectin domain (CTL) or as the carbohydrate-recognition domain (CRD), consists of about 110 to 130 residues. There are four cysteines which are perfectly conserved and involved in two disulphide bonds.</p>

<p>There are proteins with modules similar in overall structure to CRDs that serve functions other than sugar binding. Therefore, a more general term C-type lectin-like domain was introduced to refer to such domains, although both terms C-type lectin and C-type lectin-like are sometimes used interchangeably [[cite:PUB00081335]].</p>

<p>C-type lectins can be further divided into seven subgroups based on additional non-lectin domains and gene structure: (I) hyalectans, (II) asialoglycoprotein receptors, (III) collectins, (IV) selectins, (V) NK group transmembrane receptors, (VI) macrophage mannose receptors, and (VII) simple (single domain) lectins [[cite:PUB00042644]]. Lectins are a diverse group of proteins, both in terms of structure and activity. Carbohydrate binding ability may have evolved independently and sporadically in numerous unrelated families, where each evolved a structure that was conserved to fulfil some other activity and function. In general, animal lectins act as recognition molecules within the immune system, their functions involving defence against pathogens, cell trafficking, immune regulation and the prevention of autoimmunity [[cite:PUB00042645]].</p>

<p>This entry also includes alpha-type phospholipase A2 inhibitors (PLI-alpha), a group of proteins that have been found in a number of Viperidae snakes [[cite:PUB00042882], [cite:PUB00103664]]. Most PLI-alpha proteins are homomultimers composed of 3-5 subunits, except in Trimeresurus flavoviridis (Habu), where PLI-alpha consists of a trimer of two homologous subunits (PLI-alpha-A and PLI-alpha-B), each of which contains one C-type lectin-like domain and exhibiting significant homology to serum mannose-binding protein and lung-surfactant apoprotein [[cite:PUB00042881]]. A PLI-alpha homologue that lacks inhibitory activity was found in the non-venomous snake Elaphe quadrivirgata (Japanese four-lined ratsnake) [[cite:PUB00042883]].</p>"
1;IPR043318;"doi:10.1016/j.cell.2021.04.011
imex:IM-29278
pubmed:33961781";Killer cell lectin-like receptor subfamily G member 2;<p>The function of KLRG2 is not clear.</p>
1;IPR001881;"doi:10.1016/j.cell.2021.04.011
imex:IM-29278
pubmed:33961781";EGF-like calcium-binding domain;"<p>A sequence of about forty amino-acid residues found in epidermal growth factor (EGF) has been shown [[cite:PUB00004321], [cite:PUB00004609], [cite:PUB00004964], [cite:PUB00003983], [cite:PUB00001555]] to be present in a large number of membrane-bound and extracellular, mostly animal, proteins. Many of these proteins require calcium for their biological function, and a calcium-binding site has been found at the N-terminal of some EGF-like domains [[cite:PUB00002741]]. Calcium-binding may be crucial for numerous protein-protein interactions.</p>

<p>A common feature of all EGF-like domains is that they are found in the extracellular domain of membrane-bound proteins or in proteins known to be
secreted (exception: prostaglandin G/H synthase). The EGF-like domain includes six cysteine residues which have been shown to be involved in disulfide bonds. The structure of several EGF-like domains has been solved. The fold consists of two-stranded β-sheet followed by a loop to a C-terminal short
two-stranded sheet.</p>

<p>As in non-calcium binding EGF-like domains, there are six conserved cysteines and the structure of both types is very similar as calcium-binding induces only strictly local structural changes [[cite:PUB00002741]].</p>

<pre>
                             +------------------+        +---------+
                             |                  |        |         |
               nxnnC-x(3,14)-C-x(3,7)-CxxbxxxxaxC-x(1,6)-C-x(8,13)-Cx
                   |                  | 
                   +------------------+

'n': negatively charged or polar residue [DEQN]
'b': possibly beta-hydroxylated residue [DN]
'a': aromatic amino acid
'C': cysteine, involved in disulphide bond
'x': any amino acid.
</pre>"
1;IPR019466;"doi:10.1016/j.cell.2021.04.011
imex:IM-29278
pubmed:33961781";Matrilin, coiled-coil trimerisation domain;"<p>This entry represents a short domain found the matrilin (cartilage matrix) proteins. It forms a coiled coil structure and contains a single cysteine residue at its start which is likely to form a di-sulphide bridge with a corresponding cysteine in an upstream EGF domain, thereby spanning the VWA domain of the protein ([interpro:IPR002035]). This domain is likely to be responsible for protein trimerisation [[cite:PUB00044347], [cite:PUB00023412]].</p>; <p>The Matrilin proteins are major components of the extracellular matrix, primarily found in cartilage. These proteins play a crucial role in the formation of extracellular filamentous networks and matrix assembly. Proteins such as Matrilin-1, Matrilin-2, Matrilin-3, and Matrilin-4 can form various oligomeric structures, including homooligomers and heterooligomers, which contribute to their functional diversity. They interact with other extracellular matrix proteins like COMP and collagen, facilitating the structural integrity and function of cartilage. Matrilin-1, also known as cartilage matrix protein, is specifically involved in non-articular cartilage and binds to collagen, further emphasising its role in maintaining cartilage structure [[cite:PUB00073937]].</p>"
1;IPR036465;"doi:10.1016/j.cell.2021.04.011
imex:IM-29278
pubmed:33961781";von Willebrand factor A-like domain superfamily;"<p>The von Willebrand factor is a large multimeric glycoprotein found in blood plasma. Mutant forms are involved in the aetiology of bleeding disorders 
[[cite:PUB00001522]]. In von Willebrand factor, the type A domain (vWF) is the prototype for a protein superfamily. The vWF domain is found in various plasma proteins: complement factors B, C2, CR3 and CR4; the integrins (I-domains); collagen types VI, VII, XII and XIV; and other extracellular proteins [[cite:PUB00003554], [cite:PUB00003322], [cite:PUB00001619]]. Although the majority of VWA-containing proteins are extracellular, the most ancient ones present in all eukaryotes are all intracellular proteins involved in functions such as transcription, DNA repair, ribosomal and membrane transport and the proteasome. A common feature appears to be involvement in multiprotein complexes. Proteins that incorporate vWF domains participate in numerous biological events (e.g. cell adhesion, migration, homing, pattern formation, and signal transduction), involving interaction with a large array of ligands [[cite:PUB00003554]]. A number of human diseases arise from mutations in VWA domains.</p>"
1;IPR050525;"doi:10.1016/j.cell.2021.04.011
imex:IM-29278
pubmed:33961781";Extracellular Matrix Assembly and Organization;<p>The protein family is involved in the structural integrity and organization of extracellular matrices in various tissues. Members of this family are major components of cartilage extracellular matrix and are involved in matrix assembly, promoting cell adhesion and playing roles in the formation of filamentous networks. Some proteins within the family interact with collagen, integrating collagen bundles and contributing to cell-binding. Others are involved in the organization of skeletal muscles and the formation of neuromuscular junctions. Additionally, certain members have roles in hemostasis, acting as molecular bridges in platelet adhesion or as chaperones for coagulation factors. The family also includes proteins that regulate cell shape and motility, as well as the proliferation and differentiation of neural stem cells, indicating a broader significance in tissue development and maintenance.</p>
1;IPR049883;"doi:10.1016/j.cell.2021.04.011
imex:IM-29278
pubmed:33961781";NOTCH1, EGF-like calcium-binding domain;<p>This entry represents the EGF-like domains found in Neurogenic locus notch homolog protein 1 (NOTCH1) and related proteins such as protein kinase C-binding protein NELL2, Uromodulin and others. The EGF-like domains in NOTCH1 perform multiple functions and constitute crucial elements of the Notch signalling system. They play a role in dimer formation. They also serve as a protection against proteases, including TNF-alpha converting enzyme, which prevents Notch1 from ligand-independent activation [[cite:PUB00153175]].</p>
1;IPR000742;"doi:10.1016/j.cell.2021.04.011
imex:IM-29278
pubmed:33961781";EGF-like domain;"<p>This entry represents the EGF domain found in Cueball proteins, Prostaglandins and related proteins.</p>; <p>A sequence of about forty amino-acid residues found in epidermal growth factor (EGF) has been shown [[cite:PUB00004321], [cite:PUB00004609], [cite:PUB00004964], [cite:PUB00003983], [cite:PUB00001555]] to be present in a large number of membrane-bound and extracellular, mostly animal, proteins. Many of these proteins require calcium for their biological function, and a calcium-binding site has been found at the N-terminal of some EGF-like domains [[cite:PUB00002741]]. Calcium-binding may be crucial for numerous protein-protein interactions.</p>

<p>A common feature of all EGF-like domains is that they are found in the extracellular domain of membrane-bound proteins or in proteins known to be
secreted (exception: prostaglandin G/H synthase). The EGF-like domain includes six cysteine residues which have been shown to be involved in disulfide bonds. The structure of several EGF-like domains has been solved. The fold consists of two-stranded β-sheet followed by a loop to a C-terminal short
two-stranded sheet.</p>

<p>As in non-calcium binding EGF-like domains, there are six conserved cysteines and the structure of both types is very similar as calcium-binding induces only strictly local structural changes [[cite:PUB00002741]].</p>

<pre>
                             +------------------+        +---------+
                             |                  |        |         |
               nxnnC-x(3,14)-C-x(3,7)-CxxbxxxxaxC-x(1,6)-C-x(8,13)-Cx
                   |                  | 
                   +------------------+

'n': negatively charged or polar residue [DEQN]
'b': possibly beta-hydroxylated residue [DN]
'a': aromatic amino acid
'C': cysteine, involved in disulphide bond
'x': any amino acid.
</pre>"
1;IPR026823;"doi:10.1016/j.cell.2021.04.011
imex:IM-29278
pubmed:33961781";Complement Clr-like EGF domain;<p>Complement Clr-like EGF (cEGF) domains have six conserved cysteine residues disulfide-bonded into the characteristic pattern 'ababcc'. They are found in blood coagulation proteins such as fibrillin, Clr and Cls, thrombomodulin, and the LDL receptor. The core fold of the EGF domain consists of two small β-hairpins packed against each other. Two major structural variants have been identified based on the structural context of the C-terminal cysteine residue of disulfide 'c' in the C-terminal hairpin: hEGFs and cEGFs [[cite:PUB00062363]]. In cEGFs the C-terminal thiol resides on the C-terminal β-sheet, resulting in long loop-lengths between the cysteine residues of disulfide 'c', typically C[10+]XC. These longer loop-lengths may have arisen by selective cysteine loss from a four-disulfide EGF template such as laminin or integrin.  Tandem cEGF domains have five linking residues between terminal cysteines of adjacent domains. cEGF domains may or may not bind calcium in the linker region. cEGF domains with the consensus motif CXN4X[F,Y]XCXC are hydroxylated exclusively on the asparagine residue.</p>
1;IPR036337;"doi:10.1016/j.cell.2021.04.011
imex:IM-29278
pubmed:33961781";Matrilin, coiled-coil domain superfamily;"<p>This entry represents a short domain found the matrilin (cartilage matrix) proteins. It forms a coiled coil structure and contains a single cysteine residue at its start which is likely to form a di-sulphide bridge with a corresponding cysteine in an upstream EGF domain, thereby spanning the VWA domain of the protein ([interpro:IPR002035]). This domain is likely to be responsible for protein trimerisation [[cite:PUB00044347], [cite:PUB00023412]].</p>; <p>The Matrilin proteins are major components of the extracellular matrix, primarily found in cartilage. These proteins play a crucial role in the formation of extracellular filamentous networks and matrix assembly. Proteins such as Matrilin-1, Matrilin-2, Matrilin-3, and Matrilin-4 can form various oligomeric structures, including homooligomers and heterooligomers, which contribute to their functional diversity. They interact with other extracellular matrix proteins like COMP and collagen, facilitating the structural integrity and function of cartilage. Matrilin-1, also known as cartilage matrix protein, is specifically involved in non-articular cartilage and binds to collagen, further emphasising its role in maintaining cartilage structure [[cite:PUB00073937]].</p>"
1;IPR000152;"doi:10.1016/j.cell.2021.04.011
imex:IM-29278
pubmed:33961781";EGF-type aspartate/asparagine hydroxylation site;<p>Post-translational hydroxylation of aspartic acid or asparagine [[cite:PUB00002475]] to form erythro-beta-hydroxyaspartic acid or erythro-beta-hydroxyasparagine has been identified in a number of proteins with domains homologous to epidermal growth factor (EGF). Examples of such proteins are the blood coagulation protein factors VII, IX and X, proteins C, S, and Z, the LDL receptor, thrombomodulin, etc. Based on sequence comparisons of the EGF-homology region that contains hydroxylated Asp or Asn, a consensus sequence has been identified that seems to be required by the hydroxylase(s).</p>
1;IPR002035;"doi:10.1016/j.cell.2021.04.011
imex:IM-29278
pubmed:33961781";von Willebrand factor, type A;"<p>The von Willebrand factor is a large multimeric glycoprotein found in blood plasma. Mutant forms are involved in the aetiology of bleeding disorders 
[[cite:PUB00001522]]. In von Willebrand factor, the type A domain (vWF) is the prototype for a protein superfamily. The vWF domain is found in various plasma proteins: complement factors B, C2, CR3 and CR4; the integrins (I-domains); collagen types VI, VII, XII and XIV; and other extracellular proteins [[cite:PUB00003554], [cite:PUB00003322], [cite:PUB00001619]]. Although the majority of VWA-containing proteins are extracellular, the most ancient ones present in all eukaryotes are all intracellular proteins involved in functions such as transcription, DNA repair, ribosomal and membrane transport and the proteasome. A common feature appears to be involvement in multiprotein complexes. Proteins that incorporate vWF domains participate in numerous biological events (e.g. cell adhesion, migration, homing, pattern formation, and signal transduction), involving interaction with a large array of ligands [[cite:PUB00003554]]. A number of human diseases arise from mutations in VWA domains.</p>"
1;IPR009952;"doi:10.1016/j.cell.2021.04.011
imex:IM-29278
pubmed:33961781";Uroplakin-2;"<p>This family contains Uroplakin-2, which is approximately 180 residues long and seems to be restricted to mammals. Uroplakin II is an integral membrane protein, and is one of the components of the apical plaques of mammalian urothelium formed by the asymmetric unit membrane - this is believed to play a role in strengthening the urothelial apical surface to prevent the cells from rupturing during bladder distension [[cite:PUB00013110]].</p>; <p>Uroplakins (UPs) are a family of proteins that associate with each other to form plaques on the apical surface of the urothelium, the pseudo-stratified epithelium lining the urinary tract from renal pelvis to the bladder outlet [[cite:PUB00084338], [cite:PUB00080628]]. UPs are classified into 3 types: UPIa and UPIb, UPII, and UPIIIa and IIIb. UPIs are tetraspanins that have four transmembrane domains separating one large and one small extracellular domain while UPII and UPIIIs are single-pass transmembrane proteins. UPIa and UPIb form specific heterodimers with UPII and UPIII, respectively, which allows them to exit the endoplasmatic rediculum. UPII/UPIa and UPIIIs/UPIb form heterotetramers and six of these tetramers form the 16nm particle, seen in the hexagonal array of the asymmetric unit membrane, which is believed to form a urinary tract barrier [[cite:PUB00084359]]. Uroplakins are also believed to play a role during urinary tract morphogenesis [[cite:PUB00080626], [cite:PUB00080628]].</p>"
1;IPR011055;"doi:10.1016/j.cell.2021.04.011
imex:IM-29278
pubmed:33961781";Duplicated hybrid motif;<p>The duplicated hybrid motif is a structural motif that is found in certain glucose-permease-like enzymes and consists of a half-barrel β-sheet of eight strands that is sandwiched with two 3-stranded β-sheets. Enzymes displaying this motif include domain IIa of the glucose-specific permease from bacteria ([ec:2.7.1.191]) ([interpro:IPR001127]), which is part of the phosphoenolpyruvate:sugar phosphotransferase system (PTS), a bacterial and mycoplasma system responsible for the uptake of some sugars and their concomitant phosphorylation [[cite:PUB00014245]]. This structural motif is also found in peptidoglycan hydrolase LytM in Staphylococcus aureus [swissprot:O33599], a member of peptidase family M23, although it contains an extra N-terminal, non-conserved β-sheet subdomain [[cite:PUB00160315]].</p>
1;IPR017381;"doi:10.1016/j.cell.2021.04.011
imex:IM-29278
pubmed:33961781";Leukocyte cell-derived chemotaxin 2, chordata;<p>This group represents a leukocyte cell-derived chemotaxin 2.</p>
1;IPR008663;"doi:10.1016/j.cell.2021.04.011
imex:IM-29278
pubmed:33961781";Leukocyte cell-derived chemotaxin 2;<p>This family consists of several leukocyte cell-derived chemotaxin 2 (LECT2) proteins. LECT2 is a liver-specific protein which is thought to be linked to hepatocyte growth although the exact function of this protein is unknown [[cite:PUB00011365]]. It contains an M23 metalloendopeptidase fold, but was found to be catalytically inactive as a metalloendopeptidase [[cite:PUB00089535]].</p>
1;IPR016047;"doi:10.1016/j.cell.2021.04.011
imex:IM-29278
pubmed:33961781";M23ase, beta-sheet core domain;"<p>This entry represents the duplicated hybrid domain found in the M23 peptidase family in bacteria, which includes various peptidoglycan hydrolases with diverse specificities. Many members, such as Lysostaphin [swissprot:P10547], are Gly-Gly endopeptidases, while others like Protease LasA [swissprot:P14789] have broader substrate specificity.</p>; <p>The duplicated hybrid motif is a structural motif that is found in certain glucose-permease-like enzymes and consists of a half-barrel β-sheet of eight strands that is sandwiched with two 3-stranded β-sheets. Enzymes displaying this motif include domain IIa of the glucose-specific permease from bacteria ([ec:2.7.1.191]) ([interpro:IPR001127]), which is part of the phosphoenolpyruvate:sugar phosphotransferase system (PTS), a bacterial and mycoplasma system responsible for the uptake of some sugars and their concomitant phosphorylation [[cite:PUB00014245]]. This structural motif is also found in peptidoglycan hydrolase LytM in Staphylococcus aureus [swissprot:O33599], a member of peptidase family M23, although it contains an extra N-terminal, non-conserved β-sheet subdomain [[cite:PUB00160315]].</p>; <p>Peptidase M23 is a family of zinc-dependent metallopeptidases that play crucial roles in bacterial cell wall metabolism and peptidoglycan remodelling. These enzymes are characterised by a conserved β-sheet core [interpro:IPR011055] [[cite:PUB00160315]]. The family includes both glycyl-glycine endopeptidases and enzymes with broader substrate specificity, such as D,L-endopeptidases [[cite:PUB00160315]]. M23 peptidases contain two conserved catalytic motifs: H(x)nD and HxH, which coordinate a zinc ion [[cite:PUB00160316]]. These enzymes play vital roles in bacterial physiology, including cell growth, division, and virulence, and have potential applications as antimicrobial agents against drug-resistant pathogens [[cite:PUB00160316]].</p>; <p>This domain is also found in Leukocyte cell-derived chemotaxin-2 homolog which is is required for the formation of somatosensory dendritic arbors.</p>"
1;IPR001429;"doi:10.1016/j.cell.2021.04.011
imex:IM-29278
pubmed:33961781";P2X purinoreceptor;"<p>This entry represents all P2X purinoreceptor subtypes.</p>; <p>P2X purinoceptors are cell membrane ion channels, gated by adenosine 5'-triphosphate (ATP) and other nucleotides; they have been found to be widely expressed on mammalian cells, and, by means of their functional properties, can be differentiated into three sub-groups. The first group is almost equally well activated by ATP and its analogue alpha,betamethylene-ATP, whereas, the second group is not activated by the latter compound. A third type of receptor (also called P2Z) is distinguished by the fact that repeated or prolonged agonist application leads to the opening of much larger pores, allowing large molecules to traverse the cell membrane. This increased permeability rapidly leads to cell death, and lysis.</p>

<p>Molecular cloning studies have identified seven P2X receptor subtypes, designated P2XR1-P2XR7, however, P2X1R, P2X2R, P2X3R, P2X4R, and P2X7R are functional [[cite:PUB00100494]]. These receptors are proteins that share 35-48% amino acid identity, and possess two putative transmembrane (TM) domains, separated by a long (~270 residues) intervening sequence, which is thought to form an extracellular loop. Around 1/4 of the residues within the loop are invariant between the cloned subtypes, including 10 characteristic cysteines.</p>

<p>Studies of the functional properties of heterologously expressed P2X receptors, together with the examination of their distribution in native tissues, suggests they likely occur as both homo-and hetero multimers in vivo [[cite:PUB00006451], [cite:PUB00007054]]. Stimulation of these receptors induces changes in intracellular ion homeostasis leading to multiple key responses crucial for initiation, propagation, and resolution of inflammation [[cite:PUB00100494]]. The P2X7 subtype has an important role in the activation of lymphocyte, granulocyte, macrophage and dendritic cell responses and, therefor, it may be a promising target for anti-inflammatory therapies.</p>"
1;IPR059116;"doi:10.1016/j.cell.2021.04.011
imex:IM-29278
pubmed:33961781";ATP P2X receptor-like;"<p>This entry represents all P2X receptors subtypes (P2X1 through P2X7), including five P2X-like proteins (P2XA-E) present in Dictyostelium discoideum and some P2X-like ion channels from green algae e.g. Ostreococcus tauri.</p>; <p>P2X purinoceptors are cell membrane ion channels, gated by adenosine 5'-triphosphate (ATP) and other nucleotides; they have been found to be widely expressed on mammalian cells, and, by means of their functional properties, can be differentiated into three sub-groups. The first group is almost equally well activated by ATP and its analogue alpha,betamethylene-ATP, whereas, the second group is not activated by the latter compound. A third type of receptor (also called P2Z) is distinguished by the fact that repeated or prolonged agonist application leads to the opening of much larger pores, allowing large molecules to traverse the cell membrane. This increased permeability rapidly leads to cell death, and lysis.</p>

<p>Molecular cloning studies have identified seven P2X receptor subtypes, designated P2XR1-P2XR7, however, P2X1R, P2X2R, P2X3R, P2X4R, and P2X7R are functional [[cite:PUB00100494]]. These receptors are proteins that share 35-48% amino acid identity, and possess two putative transmembrane (TM) domains, separated by a long (~270 residues) intervening sequence, which is thought to form an extracellular loop. Around 1/4 of the residues within the loop are invariant between the cloned subtypes, including 10 characteristic cysteines.</p>

<p>Studies of the functional properties of heterologously expressed P2X receptors, together with the examination of their distribution in native tissues, suggests they likely occur as both homo-and hetero multimers in vivo [[cite:PUB00006451], [cite:PUB00007054]]. Stimulation of these receptors induces changes in intracellular ion homeostasis leading to multiple key responses crucial for initiation, propagation, and resolution of inflammation [[cite:PUB00100494]]. The P2X7 subtype has an important role in the activation of lymphocyte, granulocyte, macrophage and dendritic cell responses and, therefor, it may be a promising target for anti-inflammatory therapies.</p>; <p>P2X receptors in Dictyostelium discoideum are a unique group of ion channels with properties distinct from their vertebrate counterparts. The Dictyostelium genome encodes five P2X-like proteins (P2XA-E) that share sequence similarity with the vertebrate P2X receptors [[cite:PUB00068520], [cite:PUB00161708]]. Unlike P2X receptors in vertebrates, which are typically found on the plasma membrane, Dictyostelium P2X receptors are localised to intracellular organelles, such as tubules and bladders of the contractile vacuole, an organelle responsible for osmoregulation in the cell [[cite:PUB00161708]]. Four of the five proteins (P2XA, P2XB, P2XD, and P2XE) function as ATP-gated cation channels [[cite:PUB00161708]]. P2XC does not form a functional channel and cannot be activated by ATP.</p>; <p>P2X receptor in green algae have been functionally identified, particularly in the species Ostreococcus tauri [[cite:PUB00161710], [cite:PUB00161709]]. These proteins form functional channels that are activated by ATP, but not by other nucleotides. P2X receptor from Ostreococcus tauri has a different cation permeability profile compared to mammalian P2X receptors, notably a low relative calcium permeability due to substitution of an asparagine residue for a typically conserved aspartate in the receptor's transmembrane domain [[cite:PUB00161709]].</p>

<p>The existence of P2X receptors in green algae indicates that the molecular system for ATP-gated ion channel activity evolved over 1 billion years ago, before the divergence of animals and plants.</p>"
1;IPR027309;"doi:10.1016/j.cell.2021.04.011
imex:IM-29278
pubmed:33961781";P2X purinoreceptor extracellular domain superfamily;<p>P2X purinoceptors are cell membrane ion channels, gated by adenosine 5'-triphosphate (ATP) and other nucleotides. P2X purinoceptor adopts a chalice-shaped, homotrimetric architecture consisting of a large hydrophilic and glycosylated extracellular domain, a transmembrane domain composed of 6 α-helices and short intracellular amino and carboxy termini [[cite:PUB00063824], [cite:PUB00063825]]. This superfamily represents the extracellular domain which is characterised by a transthyretin-like β-sandwich motif [[cite:PUB00032864]]. This domain contains binding sites for ATP, competitive antagonists and modulatory metal ions [[cite:PUB00063826]].</p>
1;IPR003049;"doi:10.1016/j.cell.2021.04.011
imex:IM-29278
pubmed:33961781";P2X6 purinoceptor;"<p>P2X purinoceptors are cell membrane ion channels, gated by adenosine 5'-triphosphate (ATP) and other nucleotides; they have been found to be widely expressed on mammalian cells, and, by means of their functional properties, can be differentiated into three sub-groups. The first group is almost equally well activated by ATP and its analogue alpha,betamethylene-ATP, whereas, the second group is not activated by the latter compound. A third type of receptor (also called P2Z) is distinguished by the fact that repeated or prolonged agonist application leads to the opening of much larger pores, allowing large molecules to traverse the cell membrane. This increased permeability rapidly leads to cell death, and lysis.</p>

<p>Molecular cloning studies have identified seven P2X receptor subtypes, designated P2XR1-P2XR7, however, P2X1R, P2X2R, P2X3R, P2X4R, and P2X7R are functional [[cite:PUB00100494]]. These receptors are proteins that share 35-48% amino acid identity, and possess two putative transmembrane (TM) domains, separated by a long (~270 residues) intervening sequence, which is thought to form an extracellular loop. Around 1/4 of the residues within the loop are invariant between the cloned subtypes, including 10 characteristic cysteines.</p>

<p>Studies of the functional properties of heterologously expressed P2X receptors, together with the examination of their distribution in native tissues, suggests they likely occur as both homo-and hetero multimers in vivo [[cite:PUB00006451], [cite:PUB00007054]]. Stimulation of these receptors induces changes in intracellular ion homeostasis leading to multiple key responses crucial for initiation, propagation, and resolution of inflammation [[cite:PUB00100494]]. The P2X7 subtype has an important role in the activation of lymphocyte, granulocyte, macrophage and dendritic cell responses and, therefor, it may be a promising target for anti-inflammatory therapies.</p>; <p>The P2X6 receptor (along with P2X2, P2X4 and P2X5) falls into a group of receptors that are sensitive to ATP, but not alphabetamethyleneATP. There is some evidence that P2X6 may heteropolymerise with P2X4, since they are often found together in native tissues, and can be co-immunoprecipitated. P2X6 and P2X4 receptors are present in the gastrointestinal tract, being involved in synaptic transmission, taste sensation, and pain, among other functions. P2XR6 is present in capillary vessels in the proximal region of the gut and to a lesser extent in the distal region [[cite:PUB00100495]].</p>"
1;IPR053792;"doi:10.1016/j.cell.2021.04.011
imex:IM-29278
pubmed:33961781";ATP P2X receptor, conserved site;"<p>This entry represents a conserved region in P2X purinoceptors, located in the central part of the extracellular domain,  which contains two of the conserved cysteines.</p>

<p>P2X purinoceptors are cation-selective ion channels that open on binding to extracellular ATP; they play a role in fast synaptic transmission between neurons, and from autonomic nerves to smooth muscles [[cite:PUB00005548], [cite:PUB00005558]]. When ATP is released as a neurotransmitter from central and peripheral nerves, it acts at P2X receptors to produce postsynaptic depolarization and excitation.</p>; <p>P2X purinoceptors are cell membrane ion channels, gated by adenosine 5'-triphosphate (ATP) and other nucleotides; they have been found to be widely expressed on mammalian cells, and, by means of their functional properties, can be differentiated into three sub-groups. The first group is almost equally well activated by ATP and its analogue alpha,betamethylene-ATP, whereas, the second group is not activated by the latter compound. A third type of receptor (also called P2Z) is distinguished by the fact that repeated or prolonged agonist application leads to the opening of much larger pores, allowing large molecules to traverse the cell membrane. This increased permeability rapidly leads to cell death, and lysis.</p>

<p>Molecular cloning studies have identified seven P2X receptor subtypes, designated P2XR1-P2XR7, however, P2X1R, P2X2R, P2X3R, P2X4R, and P2X7R are functional [[cite:PUB00100494]]. These receptors are proteins that share 35-48% amino acid identity, and possess two putative transmembrane (TM) domains, separated by a long (~270 residues) intervening sequence, which is thought to form an extracellular loop. Around 1/4 of the residues within the loop are invariant between the cloned subtypes, including 10 characteristic cysteines.</p>

<p>Studies of the functional properties of heterologously expressed P2X receptors, together with the examination of their distribution in native tissues, suggests they likely occur as both homo-and hetero multimers in vivo [[cite:PUB00006451], [cite:PUB00007054]]. Stimulation of these receptors induces changes in intracellular ion homeostasis leading to multiple key responses crucial for initiation, propagation, and resolution of inflammation [[cite:PUB00100494]]. The P2X7 subtype has an important role in the activation of lymphocyte, granulocyte, macrophage and dendritic cell responses and, therefor, it may be a promising target for anti-inflammatory therapies.</p>"
1;IPR042247;"imex:IM-25472
pubmed:32296183";T-cell leukemia homeobox protein 1/2/3;<p>This entry represents a group of homeobox proteins, including Tlx1/2/3. They are transcription factors that belong to the to the Hox11 family. In general, they bind to the DNA sequence 5'-CGGTAATTGG-3' [[cite:PUB00092824]]. Tlx1 and Tlx3 are required for fate determination of glutamatergic and GABAergic neurons in the dorsal spinal cord [[cite:PUB00092822], [cite:PUB00092823]]. Tlx1, also known as Hox11, is required to maintain normal Wt1 mRNA levels in the developing spleen in mice [[cite:PUB00092821]]. Tlx2, also known as Ncx/Hox11L.1, is required for the adequate development of enteric neurons in mice [[cite:PUB00092820]].</p>
1;IPR052691;"doi:10.1016/j.cell.2021.04.011
imex:IM-29278
pubmed:33961781";Sperm Maturation Cystatin;<p>The Cystatin family is characterized by its members' role in sperm development and maturation. Cystatins are known to be involved in the regulation of protease activity, which is crucial for various physiological processes including the modulation of sperm maturation. Members of this family, such as Cystatin-8 and Cystatin-13, are suggested to have specialized functions during this developmental stage, although the exact mechanisms of action remain to be fully elucidated. The family's involvement in reproductive biology highlights its importance in fertility and the potential for targeted therapeutic interventions in cases of male infertility.</p>
1;IPR015152;"doi:10.1016/j.cell.2021.04.011
imex:IM-29278
pubmed:33961781";Growth hormone/erythropoietin receptor, ligand binding;<p>Members of this entry include the growth hormone and erythropoietin receptors. The latter interacts with erythropoietin (EPO), with subsequent initiation of the downstream chain of events associated with binding of EPO to the receptor, including EPO-induced erythroblast proliferation and differentiation through induction of the JAK2/STAT5 signalling cascade. The domain adopts a secondary structure composed of a short amino-terminal helix, followed by two β-sandwich regions [[cite:PUB00023995]].</p>
1;IPR050379;"doi:10.1016/j.cell.2021.04.011
imex:IM-29278
pubmed:33961781";Type I Cytokine Receptor;<p>The Type I Cytokine Receptor family is characterized by its role in immune system regulation and hematopoiesis. Members of this family are involved in various signaling pathways, such as JAK/STAT, MAPK, and NOTCH, which lead to diverse biological effects including cell proliferation, differentiation, survival, and inflammation control. They are receptors for a range of cytokines, including interleukins, growth hormone, prolactin, and leptin, mediating responses like growth regulation, appetite control, and immune cell development. The receptors typically feature a WSXWS motif essential for proper folding and transport, and a box 1 motif necessary for interaction with JAK kinases. Some receptors also exist in soluble forms, acting as agonists or modulators of signaling. This family plays a critical role in both central and peripheral functions, affecting processes from bone metabolism to neural development and regeneration.</p>
1;IPR042886;"doi:10.1016/j.cell.2021.04.011
imex:IM-29278
pubmed:33961781";Cystatin-F;<p>Cystatin-F is a cysteine peptidase inhibitor that is targeted to endosomal/lysosomal compartments. It is synthesized as an inactive disulfide-linked dimer which is then converted to an active monomer by proteolytic cleavage of 15 N-terminal residues. It has been shown to regulate the cytotoxicity of natural killer (NK) cells and T cells [[cite:PUB00093480], [cite:PUB00093479]].</p>
1;IPR026845;"doi:10.1016/j.cell.2021.04.011
imex:IM-29278
pubmed:33961781";Neurexophilin/NXPE;<p>This entry includes neurexophilin and NXPE proteins.</p>
1;IPR010450;"doi:10.1016/j.cell.2021.04.011
imex:IM-29278
pubmed:33961781";Neurexophilin;"<p>Neurexophilins (Nxphs) comprise a family of glycoproteins (Nxph1-4) that exhibit characteristics of secreted, preproprotein-derived molecules [[cite:PUB00077049]]. The structure and characteristics of neurexophilins indicate that they function as neuropeptides that may signal via alpha-neurexins [[cite:PUB00012319]].</p>

<p>Nxph1 plays an instructive role in synaptic short-term plasticity and the configuration with GABA receptors [[cite:PUB00077051]]. Nxph3 has been shown to support the survival of mouse induced pluripotent stem cell-derived (iPSC-derived) dopaminergic (DA) neurons in vitro and in vivo [[cite:PUB00077050]].</p>"
1;IPR050848;"imex:IM-25472
pubmed:32296183";Homeobox domain-containing transcription factors;<p>The homeobox protein family is characterized by the presence of a homeobox domain, enabling these proteins to function as transcription factors. They are involved in a wide range of developmental processes, including craniofacial development, odontogenesis, stomach organogenesis, embryonic patterning, and neuron differentiation. Members of the family bind to specific DNA sequences to regulate gene expression, influencing cell fate specification, morphogenetic movements, and asymmetric cell division. Some proteins within the family also play roles in suppressing Wnt signaling, acting as transcriptional repressors or activators, and are essential for postnatal growth, nursing, and energy balance control. The family includes proteins that are part of negative regulatory loops, such as with microRNAs, and are involved in cell-type specific survival during sex determination. They are also implicated in the development of the brain, eyes, sensory organs, and limbs, as well as in the regulation of non-apoptotic cell death.</p>
1;IPR003103;"doi:10.1016/j.cell.2021.04.011
imex:IM-29278
pubmed:33961781";BAG domain;"<p>BAG domains are present in Bcl-2-associated athanogene 1 and silencer of death domains. The BAG proteins are modulators of chaperone activity; they bind to HSP70/HSC70 proteins and promote substrate release. The proteins have anti-apoptotic activity and increase the anti-cell death function of BCL-2 induced by various stimuli. BAG-1 binds to the serine/threonine kinase Raf-1 or Hsc70/Hsp70 in a mutually exclusive interaction. BAG-1 promotes cell growth by binding to and stimulating Raf-1 activity. The binding of Hsp70 to BAG-1 diminishes Raf-1 signalling and inhibits subsequent events, such as DNA synthesis, as well as arrests the cell cycle. BAG-1 has been suggested to function as a molecular switch that encourages cells to proliferate in normal conditions but become quiescent under a stressful environment  [[cite:PUB00009773], [cite:PUB00028930]].</p>

<p>BAG-family proteins contain a single BAG domain, except for human BAG-5, which has four BAG repeats [[cite:PUB00054479]]. The BAG domain is a conserved region located at the C-terminal of the BAG-family proteins that binds the ATPase domain of Hsc70/Hsp70. The BAG domain is evolutionarily conserved, and BAG domain containing proteins have been described and/or proven in a variety of organisms, including Mus musculus (Mouse), Xenopus spp., Drosophila spp., Bombyx mori (Silk moth), Caenorhabditis elegans, Saccharomyces cerevisiae (Baker's yeast), Schizosaccharomyces pombe (Fission yeast), and Arabidopsis thaliana (Mouse-ear cress).</p>

<p>The BAG domain has 110-124 amino acids and is comprised of three anti-parallel α-helices, each approximately 30-40 amino acids in length. The first and second helices interact with the serine/threonine kinase Raf-1, and the second and third helices are the sites of the BAG domain interaction with the ATPase domain of Hsc70/Hsp70. Binding of the BAG domain to the ATPase domain is mediated by both electrostatic and hydrophobic interactions in BAG-1 and is energy-requiring.</p>"
1;IPR037689;"doi:10.1016/j.cell.2021.04.011
imex:IM-29278
pubmed:33961781";BAG family molecular chaperone regulator 2;"<p>This entry represents the BAG2 protein, which belongs to the BAG family. BAG2 acts as a nucleotide-exchange factor (NEF) promoting the release of ADP from the HSP70 and HSC70 proteins thereby triggering client/substrate protein release [[cite:PUB00087480], [cite:PUB00085148]].</p>; <p>BAG-family proteins contain a single BAG domain, except for human BAG-5 which has four BAG repeats. The BAG domain is a conserved region located at the C terminus of the BAG-family proteins that binds the ATPase domain of Hsc70/Hsp70. BAG family proteins regulate chaperone protein activities through their interaction with Hsc70/Hsp70 [[cite:PUB00009773]].</p>"
1;IPR035960;"doi:10.1016/j.cell.2021.04.011
imex:IM-29278
pubmed:33961781";Secretoglobin superfamily;"<p>Secretoglobins are relatively small, secreted, disulphide-bridged dimeric proteins with encoding genes sharing substantial sequence similarity [[cite:PUB00081694], [cite:PUB00081700]].  Members of this family include:</p>

<ul>
<li>Uteroglobin, a mammalian, steroid-inducible, secreted anti-inflammatory/immunomodulatory protein [[cite:PUB00042584]].</li>
<li>Mammaglobin, expressed in ovarian cancer cells [[cite:PUB00042588]].</li>
<li>Lipophilin B, which exists as a complex with mammary-specific mammaglobin A [[cite:PUB00042590]].</li>
<li>Clara cell 17kDa protein, which inhibits phospholipase A2 and papain, and also binds to progesterone [[cite:PUB00023900], [cite:PUB00081697]].</li>
<li>Allergen Fel d 1 (Felis silvestris catus (Cat) allergen 1) chains 1 and 2, a tetrameric glycoprotein formed by two heterodimers that elicit IgE responses in people with allergy to cats [[cite:PUB00042589], [cite:PUB00035399]].</li>
</ul>

<p>Secretoglobin proteins have a four-helical structure, and in the case of uteroglobin, form homodimers, whereas allergen Fel d 1 forms a tetramer of two heterodimers (chains 1 and 2).  The conservation of this primary and quaternary structure indicates that the genome of the eutherian common ancestor of cats, rodents, and primates contained a similar gene pair.</p>; <p>Uteroglobin (blastokinin or Clara cell protein CC10) is a mammalian steroid-inducible secreted protein originally isolated from the uterus of rabbits during early pregnancy [[cite:PUB00081692]]. The mucosal epithelia of several organs that communicate with the external environment express uteroglobin. Its tissue-specific expression is regulated by steroid hormones, and is augmented in the uterus by non-steroidal prolactin. Uteroglobin may be a multi-functional protein with anti-inflammatory/immunomodulatory properties, acting to inhibit phospholipase A2 activity [[cite:PUB00081693], [cite:PUB00081698]], and binding to (and possibly sequestering) several hydrophobic ligands such as progesterone, retinols, polychlorinated biphenyls, phospholipids and prostaglandins [[cite:PUB00081696], [cite:PUB00081699]]. In addition, uteroglobin has anti-chemotactic, anti-allergic, anti-tumourigenic and embryo growth-stimulatory properties. Uteroglobin may have a homeostatic role against oxidative damage, inflammation, autoimmunity and cancer [[cite:PUB00042584], [cite:PUB00042585], [cite:PUB00042586], [cite:PUB00004962]]. However, the true biological function of uteroglobin is poorly understood.  Uteroglobin consists of a disulphide-linked homodimer with a large hydrophobic pocket located between the two dimers [[cite:PUB00031900]].  Each monomer being composed of four helices that do not form a canonical four helix-bundle motif but rather a boomerang-shaped structure in which helices H1, H3, and H4 are able to bind a homodimeric partner [[cite:PUB00081689]]. The hydrophobic pocket binds steroids, particularly progesterone, with high specificity.  It is a member of the secretoglobin superfamily.</p>"
1;IPR016126;"doi:10.1016/j.cell.2021.04.011
imex:IM-29278
pubmed:33961781";Secretoglobin;"<p>Secretoglobins are relatively small, secreted, disulphide-bridged dimeric proteins with encoding genes sharing substantial sequence similarity [[cite:PUB00081694], [cite:PUB00081700]].  Members of this family include:</p>

<ul>
<li>Uteroglobin, a mammalian, steroid-inducible, secreted anti-inflammatory/immunomodulatory protein [[cite:PUB00042584]].</li>
<li>Mammaglobin, expressed in ovarian cancer cells [[cite:PUB00042588]].</li>
<li>Lipophilin B, which exists as a complex with mammary-specific mammaglobin A [[cite:PUB00042590]].</li>
<li>Clara cell 17kDa protein, which inhibits phospholipase A2 and papain, and also binds to progesterone [[cite:PUB00023900], [cite:PUB00081697]].</li>
<li>Allergen Fel d 1 (Felis silvestris catus (Cat) allergen 1) chains 1 and 2, a tetrameric glycoprotein formed by two heterodimers that elicit IgE responses in people with allergy to cats [[cite:PUB00042589], [cite:PUB00035399]].</li>
</ul>

<p>Secretoglobin proteins have a four-helical structure, and in the case of uteroglobin, form homodimers, whereas allergen Fel d 1 forms a tetramer of two heterodimers (chains 1 and 2).  The conservation of this primary and quaternary structure indicates that the genome of the eutherian common ancestor of cats, rodents, and primates contained a similar gene pair.</p>; <p>Uteroglobin (blastokinin or Clara cell protein CC10) is a mammalian steroid-inducible secreted protein originally isolated from the uterus of rabbits during early pregnancy [[cite:PUB00081692]]. The mucosal epithelia of several organs that communicate with the external environment express uteroglobin. Its tissue-specific expression is regulated by steroid hormones, and is augmented in the uterus by non-steroidal prolactin. Uteroglobin may be a multi-functional protein with anti-inflammatory/immunomodulatory properties, acting to inhibit phospholipase A2 activity [[cite:PUB00081693], [cite:PUB00081698]], and binding to (and possibly sequestering) several hydrophobic ligands such as progesterone, retinols, polychlorinated biphenyls, phospholipids and prostaglandins [[cite:PUB00081696], [cite:PUB00081699]]. In addition, uteroglobin has anti-chemotactic, anti-allergic, anti-tumourigenic and embryo growth-stimulatory properties. Uteroglobin may have a homeostatic role against oxidative damage, inflammation, autoimmunity and cancer [[cite:PUB00042584], [cite:PUB00042585], [cite:PUB00042586], [cite:PUB00004962]]. However, the true biological function of uteroglobin is poorly understood.  Uteroglobin consists of a disulphide-linked homodimer with a large hydrophobic pocket located between the two dimers [[cite:PUB00031900]].  Each monomer being composed of four helices that do not form a canonical four helix-bundle motif but rather a boomerang-shaped structure in which helices H1, H3, and H4 are able to bind a homodimeric partner [[cite:PUB00081689]]. The hydrophobic pocket binds steroids, particularly progesterone, with high specificity.  It is a member of the secretoglobin superfamily.</p>"
1;IPR027246;"imex:IM-24272
pubmed:26496610";Eukaryotic porin/Tom40;"<p>This entry represents both eukaryotic mitochondrial porins and Tom40 proteins.</p>

<p>Eukaryotic mitochondrial porins are voltage-dependent anion-selective channels (VDAC) that behave as general diffusion pores for small hydrophilic molecules [[cite:PUB00000661], [cite:PUB00005391], [cite:PUB00001485], [cite:PUB00002365]]. The channels adopt an open conformation at low or zero membrane potential and a closed conformation at potentials above 30-40 mV. The eukaryotic mitochondrial porins are β-barrel proteins, composed of between 12 to 16 β-strands that span the mitochondrial outer membrane. Yeast contains two members of this family (genes POR1 and POR2); vertebrates have at least three members (genes VDAC1, VDAC2 and VDAC3) [[cite:PUB00001974]]. They are related to the mitochondrial import receptor subunit Tom40 proteins, sharing a common evolutionary origin and structure [[cite:PUB00063403]].</p>

<p>Tom40 is a mitochondrion outer membrane protein and a component of the TOM (translocator of the outer mitochondrial membrane) complex, which is essential for import of protein precursors into mitochondria [[cite:PUB00063454]]. In Saccharomyces cerevisiae, TOM complex is composed of the subunits Tom70, Tom40, Tom22, Tom20, Tom7, Tom6, and Tom5 [[cite:PUB00063483], [cite:PUB00063484]]. Tom40 is an integral membrane protein and the main structural component of the protein-conducting channel formed by the TOM complex [[cite:PUB00063485]]. It is stabilised by other components, such as Tom5, Tom6, and Tom7 [[cite:PUB00009931]].</p>"
1;IPR037930;"imex:IM-24272
pubmed:26496610";Tom40;<p>Tom40 forms a channel in the mitochondrial outer membrane with a pore about 1.5 to 2.5 nanometers wide. It functions as a transport channel for unfolded protein chains and forms a complex with Tom5, Tom6, Tom7, and Tom22. The primary receptors Tom20 and Tom70 recruit the unfolded precursor protein from the mitochondrial-import stimulating factor (MSF) or cytosolic Hsc70. The precursor passes through the Tom40 channel and through another channel in the inner membrane, formed by Tim23, to be finally translocated into the mitochondrial matrix. The process depends on a proton motive force across the inner membrane and requires a contact site where the outer and inner membranes come close [[cite:PUB00087883]]. Tom40 is also involved in inserting outer membrane proteins into the membrane, most likely not via a lateral opening in the pore, but by transfering precursor proteins to an outer membrane sorting and assembly machinery [[cite:PUB00087884]].</p>
1;IPR023614;"imex:IM-24272
pubmed:26496610";Porin domain superfamily;"<p>This superfamily represents the structural domain found in porins.</p>; <p>Porins are found in the outer membranes of Gram-negative bacteria, mitochondria and chloroplasts, where they form ion-selective channels for small hydrophilic molecules (up to ~600 D) [[cite:PUB00005073], [cite:PUB00003829]]. X-ray structure analyses of several bacterial porins [[cite:PUB00001604], [cite:PUB00003475], [cite:PUB00003334]] have revealed a large 16-stranded anti-parallel β-barrel structure enclosing the transmembrane pore, by contrast with all other integral membrane proteins described to date, which are α-helical. Three subunits form a trimer; the 3-fold axis is approximately parallel to the barrel axes and is assumed to be perpendicular to the membrane plane.</p>

<p>From the range of porins now known, similarities have been observed between porins from different species, and between porins of different specificity within the same species. But most porins cannot be related to each other on the basis of sequence alone, and this is reflected in the lengths of the known porin sequences, which range from 282-483 residues/monomer.</p>"
1;IPR016245;"imex:IM-29494
pubmed:35384245";Tyrosine protein kinase, EGF/ERB/XmrK receptor;"<p>Protein phosphorylation, which plays a key role in most cellular activities, is a reversible process mediated by protein kinases and phosphoprotein phosphatases. Protein kinases catalyse the transfer of the gamma phosphate from nucleotide triphosphates (often ATP) to one or more amino acid residues in a protein substrate side chain, resulting in a conformational change affecting protein function. Phosphoprotein phosphatases catalyse the reverse process. 
Protein kinases fall into three broad classes, characterised with respect to substrate specificity [[cite:PUB00005115]]:</p>

<ul>
<li>Serine/threonine-protein kinases</li>
<li>Tyrosine-protein kinases</li>
<li>Dual specificity protein kinases (e.g. MEK -phosphorylates both Thr and Tyr on target proteins)</li>
</ul>

<p>Protein kinase function is evolutionarily conserved from Escherichia coli to human [[cite:PUB00020114]]. Protein kinases play a role in a multitude of cellular processes, including division, proliferation, apoptosis, and differentiation [[cite:PUB00015362]]. Phosphorylation usually results in a functional change of the target protein by changing enzyme activity, cellular location, or association with other proteins. The catalytic subunits of protein kinases are highly conserved, and several structures have been solved [[cite:PUB00034898]], leading to large screens to develop kinase-specific inhibitors for the treatments of a number of diseases [[cite:PUB00034899]].</p>; <p>Tyrosine-protein kinases can transfer a phosphate group from ATP to a tyrosine residue in a protein. These enzymes can be divided into two main groups [[cite:PUB00020114]]:</p>

<ul>
<li>Receptor tyrosine kinases (RTK), which are transmembrane proteins involved in signal transduction; they play key roles in growth, differentiation, metabolism, adhesion, motility, death and oncogenesis [[cite:PUB00052410]]. RTKs are composed of 3 domains: an extracellular domain (binds ligand), a transmembrane (TM) domain, and an intracellular catalytic domain (phosphorylates substrate). The TM domain plays an important role in the dimerisation process necessary for signal transduction [[cite:PUB00052411]].</li>
<li>Cytoplasmic/non-receptor tyrosine kinases, which act as regulatory proteins, playing key roles in cell differentiation, motility, proliferation, and survival. For example, the Src-family of protein-tyrosine kinases [[cite:PUB00052412]].</li>
</ul>; <p>This group represents a group of known and predicted receptor-type tyrosine-protein kinases, including the EGF and ERB receptors, and the melanoma-inducing oncogene product XmrK.</p>"
1;IPR049328;"imex:IM-29494
pubmed:35384245";Epidermal growth factor receptor-like, transmembrane-juxtamembrane segment;"<p>Epidermal growth factor receptor (ErbB) family is a class of receptor tyrosine kinases (RTKs) that have a pivotal role in the processes of cell growth, proliferation, and differentiation [[cite:PUB00048113], [cite:PUB00129312], [cite:PUB00066074], [cite:PUB00066039], [cite:PUB00152687]]. They exist on the cell surface as dimers in both active and inactive states, which switch between them through conformational changes upon ligand binding. They suffer a strong lateral dimerization that leads to proper assembly of their extracellular ligand-binding, single-span transmembrane, and cytoplasmic kinase domains which is key for ErbB activation. The transmembrane (TM) and juxtamembrane region of these receptors are essential for dimerization and activation  [[cite:PUB00048113], [cite:PUB00129312], [cite:PUB00066074], [cite:PUB00066039], [cite:PUB00152687]].</p>

<p>This entry represents the TM and juxtamembrane segment of EGFR, ErbB2 and ErbB4 and similar sequences.</p>"
1;IPR032778;"imex:IM-29494
pubmed:35384245";Growth factor receptor domain 4;<p>This is the fourth extracellular domain of receptor tyrosine protein kinases. Interaction between this domain and the furin-like domain ([interpro:IPR006211]) regulates the binding of ligands to the receptor L domains ([interpro:IPR000494]) [[cite:PUB00011765]].</p>
1;IPR006052;"doi:10.1016/j.cell.2021.04.011
imex:IM-29278
pubmed:33961781";Tumour necrosis factor domain;"<p>The following cytokines can be grouped into a family on the basis of sequence, functional, and structural similarities [[cite:PUB00002042], [cite:PUB00004130], [cite:PUB00015257]]:</p>

<ul><li>Tumor Necrosis Factor (TNF) (also known as cachectin or TNF-alpha) [[cite:PUB00000299], [cite:PUB00002689]] is a cytokine which has a wide variety of functions. It can cause cytolysis of certain tumor cell lines; it is involved in the induction of cachexia; it is a potent pyrogen, causing fever by direct action or by stimulation of interleukin-1 secretion; finally, it can stimulate cell proliferation and induce cell differentiation under certain conditions.</li>
<li>Lymphotoxin-alpha (LT-alpha) and lymphotoxin-beta (LT-beta), two related cytokines produced by lymphocytes and which are cytotoxic for a wide range of tumor cells in vitro and in vivo [[cite:PUB00000886]].</li>
<li>T cell antigen gp39 (CD40L), a cytokine which seems to be important in B-cell development and activation.</li>
<li>CD27L, a cytokine which plays a role in T-cell activation. It induces the proliferation of costimulated T cells and enhances the generation of cytolytic T cells.</li>
<li>CD30L, a cytokine which induces proliferation of T cells.</li>
<li>FASL, a cytokine involved in cell death [[cite:PUB00000899]].</li>
<li>4-1BBL, a inducible T cell surface molecule that contributes to T-cell stimulation.</li>
<li>OX40L, a cytokine that co-stimulates T cell proliferation and cytokine production [[cite:PUB00001264]].</li>
<li>TNF-related apoptosis inducing ligand (TRAIL), a cytokine that induces apoptosis [[cite:PUB00002011]].</li>
<li>TNF-alpha is synthesised as a type II membrane protein which then undergoes post-translational cleavage liberating the extracellular domain. CD27L, CD30L, CD40L, FASL, LT-beta, 4-1BBL and TRAIL also appear to be type II membrane proteins. LT-alpha is a secreted protein.</li></ul>

<p>All these cytokines seem to form homotrimeric (or heterotrimeric in the case of LT-alpha/beta) complexes that are recognised by their specific receptors.</p>; <p>Cytokines can be grouped into a family on the basis of sequence, functional and structural similarities [[cite:PUB00002042], [cite:PUB00004130], [cite:PUB00015257]]. Tumor necrosis factor (TNF) (also known as TNF-alpha or cachectin) is a monocyte-derived cytotoxin that has been implicated in tumour regression, septic shock and cachexia [[cite:PUB00006091], [cite:PUB00006095]]. The protein is synthesised as a prohormone with an unusually long and atypical signal sequence, which is absent from the mature secreted cytokine [[cite:PUB00006101]]. A short hydrophobic stretch of amino acids serves to anchor the prohormone in lipid bilayers [[cite:PUB00006098]]. Both the mature protein and a partially-processed form of the hormone are secreted after cleavage of the propeptide [[cite:PUB00006098]].</p>

<p>There are a number of different families of TNF, but all these cytokines seem to form homotrimeric (or heterotrimeric in the case of LT-alpha/beta) complexes that are recognised by their specific receptors.</p>"
1;IPR006053;"doi:10.1016/j.cell.2021.04.011
imex:IM-29278
pubmed:33961781";Tumour necrosis factor;"<p>Cytokines can be grouped into a family on the basis of sequence, functional and structural similarities [[cite:PUB00002042], [cite:PUB00004130], [cite:PUB00015257]]. Tumor necrosis factor (TNF) (also known as TNF-alpha or cachectin) is a monocyte-derived cytotoxin that has been implicated in tumour regression, septic shock and cachexia [[cite:PUB00006091], [cite:PUB00006095]]. The protein is synthesised as a prohormone with an unusually long and atypical signal sequence, which is absent from the mature secreted cytokine [[cite:PUB00006101]]. A short hydrophobic stretch of amino acids serves to anchor the prohormone in lipid bilayers [[cite:PUB00006098]]. Both the mature protein and a partially-processed form of the hormone are secreted after cleavage of the propeptide [[cite:PUB00006098]].</p>

<p>There are a number of different families of TNF, but all these cytokines seem to form homotrimeric (or heterotrimeric in the case of LT-alpha/beta) complexes that are recognised by their specific receptors.</p>"
1;IPR021184;"doi:10.1016/j.cell.2021.04.011
imex:IM-29278
pubmed:33961781";Tumour necrosis factor, conserved site;"<p>This entry represents α conserved site located in a β-strand in the central section of the protein which is conserved across all members of the Tumor Necrosis Factor family.</p>; <p>Cytokines can be grouped into a family on the basis of sequence, functional and structural similarities [[cite:PUB00002042], [cite:PUB00004130], [cite:PUB00015257]]. Tumor necrosis factor (TNF) (also known as TNF-alpha or cachectin) is a monocyte-derived cytotoxin that has been implicated in tumour regression, septic shock and cachexia [[cite:PUB00006091], [cite:PUB00006095]]. The protein is synthesised as a prohormone with an unusually long and atypical signal sequence, which is absent from the mature secreted cytokine [[cite:PUB00006101]]. A short hydrophobic stretch of amino acids serves to anchor the prohormone in lipid bilayers [[cite:PUB00006098]]. Both the mature protein and a partially-processed form of the hormone are secreted after cleavage of the propeptide [[cite:PUB00006098]].</p>

<p>There are a number of different families of TNF, but all these cytokines seem to form homotrimeric (or heterotrimeric in the case of LT-alpha/beta) complexes that are recognised by their specific receptors.</p>; <p>The following cytokines can be grouped into a family on the basis of sequence, functional, and structural similarities [[cite:PUB00002042], [cite:PUB00004130], [cite:PUB00015257]]:</p>

<ul><li>Tumor Necrosis Factor (TNF) (also known as cachectin or TNF-alpha) [[cite:PUB00000299], [cite:PUB00002689]] is a cytokine which has a wide variety of functions. It can cause cytolysis of certain tumor cell lines; it is involved in the induction of cachexia; it is a potent pyrogen, causing fever by direct action or by stimulation of interleukin-1 secretion; finally, it can stimulate cell proliferation and induce cell differentiation under certain conditions.</li>
<li>Lymphotoxin-alpha (LT-alpha) and lymphotoxin-beta (LT-beta), two related cytokines produced by lymphocytes and which are cytotoxic for a wide range of tumor cells in vitro and in vivo [[cite:PUB00000886]].</li>
<li>T cell antigen gp39 (CD40L), a cytokine which seems to be important in B-cell development and activation.</li>
<li>CD27L, a cytokine which plays a role in T-cell activation. It induces the proliferation of costimulated T cells and enhances the generation of cytolytic T cells.</li>
<li>CD30L, a cytokine which induces proliferation of T cells.</li>
<li>FASL, a cytokine involved in cell death [[cite:PUB00000899]].</li>
<li>4-1BBL, a inducible T cell surface molecule that contributes to T-cell stimulation.</li>
<li>OX40L, a cytokine that co-stimulates T cell proliferation and cytokine production [[cite:PUB00001264]].</li>
<li>TNF-related apoptosis inducing ligand (TRAIL), a cytokine that induces apoptosis [[cite:PUB00002011]].</li>
<li>TNF-alpha is synthesised as a type II membrane protein which then undergoes post-translational cleavage liberating the extracellular domain. CD27L, CD30L, CD40L, FASL, LT-beta, 4-1BBL and TRAIL also appear to be type II membrane proteins. LT-alpha is a secreted protein.</li></ul>

<p>All these cytokines seem to form homotrimeric (or heterotrimeric in the case of LT-alpha/beta) complexes that are recognised by their specific receptors.</p>"
1;IPR002959;"doi:10.1016/j.cell.2021.04.011
imex:IM-29278
pubmed:33961781";Tumour necrosis factor alpha;"<p>Cytokines can be grouped into a family on the basis of sequence, functional and structural similarities [[cite:PUB00002042], [cite:PUB00004130], [cite:PUB00015257]]. Tumor necrosis factor (TNF) (also known as TNF-alpha or cachectin) is a monocyte-derived cytotoxin that has been implicated in tumour regression, septic shock and cachexia [[cite:PUB00006091], [cite:PUB00006095]]. The protein is synthesised as a prohormone with an unusually long and atypical signal sequence, which is absent from the mature secreted cytokine [[cite:PUB00006101]]. A short hydrophobic stretch of amino acids serves to anchor the prohormone in lipid bilayers [[cite:PUB00006098]]. Both the mature protein and a partially-processed form of the hormone are secreted after cleavage of the propeptide [[cite:PUB00006098]].</p>

<p>There are a number of different families of TNF, but all these cytokines seem to form homotrimeric (or heterotrimeric in the case of LT-alpha/beta) complexes that are recognised by their specific receptors.</p>; <p>The structure of human TNF has been determined to 2.9 A using X-ray crystallography. The protein is trimeric, each subunit consisting of an anti-parallel β-sandwich. The subunits trimerise via a novel edge-to-face packing of β-sheets [[cite:PUB00005994]]. It is believed that each TNF molecule has three receptor-interaction sites (between the three subunits), thus allowing signal transmission by receptor clustering [[cite:PUB00005995]].</p>"
1;IPR021177;"imex:IM-19123
pubmed:15174051";Serum albumin/Alpha-fetoprotein/Afamin;"<p>A number of serum transport proteins are known to be evolutionarily related, including albumin, alpha-fetoprotein, vitamin D-binding protein and afamin [[cite:PUB00003407], [cite:PUB00000582], [cite:PUB00002857]]. Albumin is the main protein of plasma; it binds water, cations (such as Ca<sup>2+</sup>, Na<sup>+</sup>and  K<sup>+</sup>), fatty acids, hormones, bilirubin and drugs - its main function is to regulate the colloidal osmotic pressure of blood. Alphafeto- protein (alpha-fetoglobulin) is a foetal plasma protein that binds various cations, fatty acids and bilirubin. Vitamin D-binding protein binds to vitamin D and its metabolites, as well as to fatty acids. The biological role of afamin (alpha-albumin) has not yet been characterised. The 3D structure of human serum albumin has been determined by X-ray crystallography to a resolution of 2.8A [[cite:PUB00004128]]. It comprises three homologous domains that assemble to form a heart-shaped molecule [[cite:PUB00004128]]. Each domain is a product of two subdomains that possess common structural motifs [[cite:PUB00004128]]. The principal regions of ligand binding to human serum albumin are located in hydrophobic cavities in subdomains IIA and IIIA, which exhibit similar chemistry. Structurally, the serum albumins are similar, each domain containing five or six internal disulphide bonds, as shown schematically below:
<pre>
                    +---+          +----+                        +-----+
                    |   |          |    |                        |     |
 xxCxxxxxxxxxxxxxxxxCCxxCxxxxCxxxxxCCxxxCxxxxxxxxxCxxxxxxxxxxxxxxCCxxxxCxxxx
   |                 |       |     |              |               |
   +-----------------+       +-----+              +---------------+
</pre></p>; <p>This entry includes serum albumin, alpha-fetoprotein and afamin.</p>"
1;IPR014760;"imex:IM-19123
pubmed:15174051";Serum albumin, N-terminal;"<p>A number of serum transport proteins are known to be evolutionarily related, including albumin, alpha-fetoprotein, vitamin D-binding protein and afamin [[cite:PUB00003407], [cite:PUB00000582], [cite:PUB00002857]]. Albumin is the main protein of plasma; it binds water, cations (such as Ca<sup>2+</sup>, Na<sup>+</sup>and  K<sup>+</sup>), fatty acids, hormones, bilirubin and drugs - its main function is to regulate the colloidal osmotic pressure of blood. Alphafeto- protein (alpha-fetoglobulin) is a foetal plasma protein that binds various cations, fatty acids and bilirubin. Vitamin D-binding protein binds to vitamin D and its metabolites, as well as to fatty acids. The biological role of afamin (alpha-albumin) has not yet been characterised. The 3D structure of human serum albumin has been determined by X-ray crystallography to a resolution of 2.8A [[cite:PUB00004128]]. It comprises three homologous domains that assemble to form a heart-shaped molecule [[cite:PUB00004128]]. Each domain is a product of two subdomains that possess common structural motifs [[cite:PUB00004128]]. The principal regions of ligand binding to human serum albumin are located in hydrophobic cavities in subdomains IIA and IIIA, which exhibit similar chemistry. Structurally, the serum albumins are similar, each domain containing five or six internal disulphide bonds, as shown schematically below:
<pre>
                    +---+          +----+                        +-----+
                    |   |          |    |                        |     |
 xxCxxxxxxxxxxxxxxxxCCxxCxxxxCxxxxxCCxxxCxxxxxxxxxCxxxxxxxxxxxxxxCCxxxxCxxxx
   |                 |       |     |              |               |
   +-----------------+       +-----+              +---------------+
</pre></p>"
1;IPR020857;"imex:IM-19123
pubmed:15174051";Serum albumin, conserved site;"<p>A number of serum transport proteins are known to be evolutionarily related, including albumin, alpha-fetoprotein, vitamin D-binding protein and afamin [[cite:PUB00003407], [cite:PUB00000582], [cite:PUB00002857]]. Albumin is the main protein of plasma; it binds water, cations (such as Ca<sup>2+</sup>, Na<sup>+</sup>and  K<sup>+</sup>), fatty acids, hormones, bilirubin and drugs - its main function is to regulate the colloidal osmotic pressure of blood. Alphafeto- protein (alpha-fetoglobulin) is a foetal plasma protein that binds various cations, fatty acids and bilirubin. Vitamin D-binding protein binds to vitamin D and its metabolites, as well as to fatty acids. The biological role of afamin (alpha-albumin) has not yet been characterised. The 3D structure of human serum albumin has been determined by X-ray crystallography to a resolution of 2.8A [[cite:PUB00004128]]. It comprises three homologous domains that assemble to form a heart-shaped molecule [[cite:PUB00004128]]. Each domain is a product of two subdomains that possess common structural motifs [[cite:PUB00004128]]. The principal regions of ligand binding to human serum albumin are located in hydrophobic cavities in subdomains IIA and IIIA, which exhibit similar chemistry. Structurally, the serum albumins are similar, each domain containing five or six internal disulphide bonds, as shown schematically below:
<pre>
                    +---+          +----+                        +-----+
                    |   |          |    |                        |     |
 xxCxxxxxxxxxxxxxxxxCCxxCxxxxCxxxxxCCxxxCxxxxxxxxxCxxxxxxxxxxxxxxCCxxxxCxxxx
   |                 |       |     |              |               |
   +-----------------+       +-----+              +---------------+
</pre></p>; <p>This entry represents a conserved site that covers the three conserved cysteines at the end of the Serum albumin domain. It is built in such a way that it can detect all 3 repeats in albumin and human afamin, the first two in AFP and the first one in VDB and rat afamin.</p>"
1;IPR020858;"imex:IM-19123
pubmed:15174051";Serum albumin-like;"<p>A number of serum transport proteins are known to be evolutionarily related, including albumin, alpha-fetoprotein, vitamin D-binding protein and afamin [[cite:PUB00003407], [cite:PUB00000582], [cite:PUB00002857]]. Albumin is the main protein of plasma; it binds water, cations (such as Ca<sup>2+</sup>, Na<sup>+</sup>and  K<sup>+</sup>), fatty acids, hormones, bilirubin and drugs - its main function is to regulate the colloidal osmotic pressure of blood. Alphafeto- protein (alpha-fetoglobulin) is a foetal plasma protein that binds various cations, fatty acids and bilirubin. Vitamin D-binding protein binds to vitamin D and its metabolites, as well as to fatty acids. The biological role of afamin (alpha-albumin) has not yet been characterised. The 3D structure of human serum albumin has been determined by X-ray crystallography to a resolution of 2.8A [[cite:PUB00004128]]. It comprises three homologous domains that assemble to form a heart-shaped molecule [[cite:PUB00004128]]. Each domain is a product of two subdomains that possess common structural motifs [[cite:PUB00004128]]. The principal regions of ligand binding to human serum albumin are located in hydrophobic cavities in subdomains IIA and IIIA, which exhibit similar chemistry. Structurally, the serum albumins are similar, each domain containing five or six internal disulphide bonds, as shown schematically below:
<pre>
                    +---+          +----+                        +-----+
                    |   |          |    |                        |     |
 xxCxxxxxxxxxxxxxxxxCCxxCxxxxCxxxxxCCxxxCxxxxxxxxxCxxxxxxxxxxxxxxCCxxxxCxxxx
   |                 |       |     |              |               |
   +-----------------+       +-----+              +---------------+
</pre></p>"
1;IPR000264;"imex:IM-19123
pubmed:15174051";ALB/AFP/VDB;"<p>A number of serum transport proteins are known to be evolutionarily related, including albumin, alpha-fetoprotein, vitamin D-binding protein and afamin [[cite:PUB00003407], [cite:PUB00000582], [cite:PUB00002857]]. Albumin is the main protein of plasma; it binds water, cations (such as Ca<sup>2+</sup>, Na<sup>+</sup>and  K<sup>+</sup>), fatty acids, hormones, bilirubin and drugs - its main function is to regulate the colloidal osmotic pressure of blood. Alphafeto- protein (alpha-fetoglobulin) is a foetal plasma protein that binds various cations, fatty acids and bilirubin. Vitamin D-binding protein binds to vitamin D and its metabolites, as well as to fatty acids. The biological role of afamin (alpha-albumin) has not yet been characterised. The 3D structure of human serum albumin has been determined by X-ray crystallography to a resolution of 2.8A [[cite:PUB00004128]]. It comprises three homologous domains that assemble to form a heart-shaped molecule [[cite:PUB00004128]]. Each domain is a product of two subdomains that possess common structural motifs [[cite:PUB00004128]]. The principal regions of ligand binding to human serum albumin are located in hydrophobic cavities in subdomains IIA and IIIA, which exhibit similar chemistry. Structurally, the serum albumins are similar, each domain containing five or six internal disulphide bonds, as shown schematically below:
<pre>
                    +---+          +----+                        +-----+
                    |   |          |    |                        |     |
 xxCxxxxxxxxxxxxxxxxCCxxCxxxxCxxxxxCCxxxCxxxxxxxxxCxxxxxxxxxxxxxxCCxxxxCxxxx
   |                 |       |     |              |               |
   +-----------------+       +-----+              +---------------+
</pre></p>"
1;IPR051042;"doi:10.1016/j.cell.2021.04.011
imex:IM-29278
pubmed:33961781";Mammalian Reproductive Hormone Insulin-like;<p>The protein family in question is involved in various reproductive and developmental processes in mammals. Members of the family function as hormones, such as relaxin, which works with estrogen to dilate the birth canal during childbirth, and may also play a role in the remodeling of connective tissues during pregnancy. This includes promoting the growth of pubic ligaments and the ripening of the cervix. Other members, like insulin-like peptide INSL6, are implicated in sperm development and fertilization. Additionally, some proteins within the family may be important in trophoblast development and bone formation regulation. All members share a structural similarity, belonging to the insulin family, which suggests a common evolutionary origin and potentially similar biochemical mechanisms.</p>
1;IPR016179;"doi:10.1016/j.cell.2021.04.011
imex:IM-29278
pubmed:33961781";Insulin-like;"<p>This entry represents a disulphide-rich α-helical domain found in insulin [[cite:PUB00027447]], as well as in related proteins, such as insulin-like growth factor [[cite:PUB00032303]], relaxin [[cite:PUB00042627]] and bombyxin [[cite:PUB00036456]].</p>; <p>Insulin is found in many animals, and is involved in the regulation of normal glucose homeostasis. It also has other specific physiological effects, such as increasing the permeability of cells to monosaccharides, amino acids and fatty acids, and accelerating glycolysis and glycogen synthesis in the liver [[cite:PUB00003972]]. Insulin exerts its effects by interaction with a cell-surface receptor, which may also result in the promotion of cell growth [[cite:PUB00003972]].</p>; <p>The insulin/IGF/relaxin superfamily is an ancient family of functionally diverse proteins [[cite:PUB00003973]]. The 3D structures of a number of family members have been determined [[cite:PUB00023078], [cite:PUB00053642], [cite:PUB00037375]]. The fold comprises two polypeptide chains (A and B) linked by two disulphide bonds: all share a conserved arrangement of four cysteines in their A chain, the first of which is linked by a disulfide bond to the third, while the second and fourth are linked by interchain disulfide bonds to cysteines in the B chain.</p>

<p>This family includes:</p>

<ul><li>Insulin and insulin-like proteins [[cite:PUB00003972], [cite:PUB00003970]]</li>
  <li>Relaxin [[cite:PUB00053639], [cite:PUB00053640]] and prorelaxin</li>
  <li>Insect prothoracicotropic hormone (bombyxin) [[cite:PUB00053641]]</li>
  <li>Insulin-like growth factors (IGF1 and IGF2) [[cite:PUB00023078], [cite:PUB00053642]]</li>
  <li>Mammalian Leydig cell-specific insulin-like peptide (gene INSL3)</li>
  <li>Invertebrates insulin-related peptides (IRPs) [[cite:PUB00096674]]</li></ul>"
1;IPR022352;"doi:10.1016/j.cell.2021.04.011
imex:IM-29278
pubmed:33961781";Insulin/IGF/relaxin;"<p>The insulin/IGF/relaxin superfamily is an ancient family of functionally diverse proteins [[cite:PUB00003973]]. The 3D structures of a number of family members have been determined [[cite:PUB00023078], [cite:PUB00053642], [cite:PUB00037375]]. The fold comprises two polypeptide chains (A and B) linked by two disulphide bonds: all share a conserved arrangement of four cysteines in their A chain, the first of which is linked by a disulfide bond to the third, while the second and fourth are linked by interchain disulfide bonds to cysteines in the B chain.</p>

<p>This family includes:</p>

<ul><li>Insulin and insulin-like proteins [[cite:PUB00003972], [cite:PUB00003970]]</li>
  <li>Relaxin [[cite:PUB00053639], [cite:PUB00053640]] and prorelaxin</li>
  <li>Insect prothoracicotropic hormone (bombyxin) [[cite:PUB00053641]]</li>
  <li>Insulin-like growth factors (IGF1 and IGF2) [[cite:PUB00023078], [cite:PUB00053642]]</li>
  <li>Mammalian Leydig cell-specific insulin-like peptide (gene INSL3)</li>
  <li>Invertebrates insulin-related peptides (IRPs) [[cite:PUB00096674]]</li></ul>"
1;IPR022353;"doi:10.1016/j.cell.2021.04.011
imex:IM-29278
pubmed:33961781";Insulin, conserved site;"<p>This entry describes the insulin and insulin related family signature pattern The pattern is represented by the following sequence: C-C-{P}-{P}-x-C-[STDNEKPI]-x(3)-[LIVMFS]-x(3)-C.</p>; <p>Insulin is found in many animals, and is involved in the regulation of normal glucose homeostasis. It also has other specific physiological effects, such as increasing the permeability of cells to monosaccharides, amino acids and fatty acids, and accelerating glycolysis and glycogen synthesis in the liver [[cite:PUB00003972]]. Insulin exerts its effects by interaction with a cell-surface receptor, which may also result in the promotion of cell growth [[cite:PUB00003972]].</p>; <p>The insulin/IGF/relaxin superfamily is an ancient family of functionally diverse proteins [[cite:PUB00003973]]. The 3D structures of a number of family members have been determined [[cite:PUB00023078], [cite:PUB00053642], [cite:PUB00037375]]. The fold comprises two polypeptide chains (A and B) linked by two disulphide bonds: all share a conserved arrangement of four cysteines in their A chain, the first of which is linked by a disulfide bond to the third, while the second and fourth are linked by interchain disulfide bonds to cysteines in the B chain.</p>

<p>This family includes:</p>

<ul><li>Insulin and insulin-like proteins [[cite:PUB00003972], [cite:PUB00003970]]</li>
  <li>Relaxin [[cite:PUB00053639], [cite:PUB00053640]] and prorelaxin</li>
  <li>Insect prothoracicotropic hormone (bombyxin) [[cite:PUB00053641]]</li>
  <li>Insulin-like growth factors (IGF1 and IGF2) [[cite:PUB00023078], [cite:PUB00053642]]</li>
  <li>Mammalian Leydig cell-specific insulin-like peptide (gene INSL3)</li>
  <li>Invertebrates insulin-related peptides (IRPs) [[cite:PUB00096674]]</li></ul>"
1;IPR036438;"doi:10.1016/j.cell.2021.04.011
imex:IM-29278
pubmed:33961781";Insulin-like superfamily;"<p>This entry represents a disulphide-rich α-helical domain found in insulin [[cite:PUB00027447]], as well as in related proteins, such as insulin-like growth factor [[cite:PUB00032303]], relaxin [[cite:PUB00042627]] and bombyxin [[cite:PUB00036456]].</p>; <p>Insulin is found in many animals, and is involved in the regulation of normal glucose homeostasis. It also has other specific physiological effects, such as increasing the permeability of cells to monosaccharides, amino acids and fatty acids, and accelerating glycolysis and glycogen synthesis in the liver [[cite:PUB00003972]]. Insulin exerts its effects by interaction with a cell-surface receptor, which may also result in the promotion of cell growth [[cite:PUB00003972]].</p>; <p>The insulin/IGF/relaxin superfamily is an ancient family of functionally diverse proteins [[cite:PUB00003973]]. The 3D structures of a number of family members have been determined [[cite:PUB00023078], [cite:PUB00053642], [cite:PUB00037375]]. The fold comprises two polypeptide chains (A and B) linked by two disulphide bonds: all share a conserved arrangement of four cysteines in their A chain, the first of which is linked by a disulfide bond to the third, while the second and fourth are linked by interchain disulfide bonds to cysteines in the B chain.</p>

<p>This family includes:</p>

<ul><li>Insulin and insulin-like proteins [[cite:PUB00003972], [cite:PUB00003970]]</li>
  <li>Relaxin [[cite:PUB00053639], [cite:PUB00053640]] and prorelaxin</li>
  <li>Insect prothoracicotropic hormone (bombyxin) [[cite:PUB00053641]]</li>
  <li>Insulin-like growth factors (IGF1 and IGF2) [[cite:PUB00023078], [cite:PUB00053642]]</li>
  <li>Mammalian Leydig cell-specific insulin-like peptide (gene INSL3)</li>
  <li>Invertebrates insulin-related peptides (IRPs) [[cite:PUB00096674]]</li></ul>"
1;IPR022421;"doi:10.1016/j.cell.2021.04.011
imex:IM-29278
pubmed:33961781";Relaxin;"<p>The insulin/IGF/relaxin superfamily is an ancient family of functionally diverse proteins [[cite:PUB00003973]]. The 3D structures of a number of family members have been determined [[cite:PUB00023078], [cite:PUB00053642], [cite:PUB00037375]]. The fold comprises two polypeptide chains (A and B) linked by two disulphide bonds: all share a conserved arrangement of four cysteines in their A chain, the first of which is linked by a disulfide bond to the third, while the second and fourth are linked by interchain disulfide bonds to cysteines in the B chain.</p>

<p>This family includes:</p>

<ul><li>Insulin and insulin-like proteins [[cite:PUB00003972], [cite:PUB00003970]]</li>
  <li>Relaxin [[cite:PUB00053639], [cite:PUB00053640]] and prorelaxin</li>
  <li>Insect prothoracicotropic hormone (bombyxin) [[cite:PUB00053641]]</li>
  <li>Insulin-like growth factors (IGF1 and IGF2) [[cite:PUB00023078], [cite:PUB00053642]]</li>
  <li>Mammalian Leydig cell-specific insulin-like peptide (gene INSL3)</li>
  <li>Invertebrates insulin-related peptides (IRPs) [[cite:PUB00096674]]</li></ul>"
1;IPR050850;"doi:10.1016/j.cell.2021.04.011
imex:IM-29278
pubmed:33961781";Peptidase S1 family, Elastase subfamily;<p>The elastase subfamily within the peptidase S1 family comprises serine proteases with diverse functions, including the degradation of various proteins such as elastin, fibronectin, laminin, vitronectin, and collagen types I, III, and IV. Members of this family play significant roles in physiological processes like insulin signaling, glucose metabolism, and modulation of immune cell functions. They are involved in cellular processes such as neutrophil transendothelial migration and can exhibit antimicrobial activity by degrading bacterial proteins. Some members specifically target zymogen precursors of digestive enzymes, regulating their activation and degradation. The family includes enzymes with specificity for alanine and limited elastolytic activity, as well as those that hydrolyze many proteins beyond elastin.</p>
1;IPR018487;"doi:10.1016/j.cell.2021.04.011
imex:IM-29278
pubmed:33961781";Hemopexin-like repeats;"<p>Hemopexin ([ec:3.2.1.35]) is a serum glycoprotein that binds haem and transports it to the liver for breakdown and iron recovery, after which the free hemopexin returns to the circulation [[cite:PUB00013985]]. Hemopexin prevents haem-mediated oxidative stress. Structurally hemopexin consists of two similar halves of approximately two hundred amino acid residues connected by a histidine-rich hinge region. Each half is itself formed by the repetition of a basic unit of some 35 to 45 residues. Hemopexin-like domains have been found in two other types of proteins, vitronectin [[cite:PUB00013984]], a cell adhesion and spreading factor found in plasma and tissues, and matrixins MMP-1, MMP-2, MMP-3, MMP-9, MMP-10, MMP-11, MMP-12, MMP-14, MMP-15 and MMP-16, members of the matrix metalloproteinase family that cleave extracellular matrix constituents [[cite:PUB00013983]]. These zinc endopeptidases, which belong to MEROPS peptidase subfamily M10A, have a single hemopexin-like domain in their C-terminal section. It is suggested that the hemopexin domain facilitates binding to a variety of molecules and proteins, for example the HX repeats of some matrixins bind tissue inhibitor of metallopeptidases (TIMPs).</p>; <p>The hemopexin domain exhibits the shape of an oblate ellipsoidal disk. The polypeptide chain is organised in four β-sheet (blades) I to IV, which are almost symmetrically arranged around a central axis in consecutive order, giving rise to the formation of a four-bladed propeller. Each propeller blade or repeat is made up of four antiparallel β-strands connected in a W-like strand topology, and is strongly twisted [[cite:PUB00003374], [cite:PUB00068726]].</p>

<p>This entry represents the repeats found in hemopexin and related domains.</p>"
1;IPR036375;"doi:10.1016/j.cell.2021.04.011
imex:IM-29278
pubmed:33961781";Hemopexin-like domain superfamily;<p>Hemopexin ([ec:3.2.1.35]) is a serum glycoprotein that binds haem and transports it to the liver for breakdown and iron recovery, after which the free hemopexin returns to the circulation [[cite:PUB00013985]]. Hemopexin prevents haem-mediated oxidative stress. Structurally hemopexin consists of two similar halves of approximately two hundred amino acid residues connected by a histidine-rich hinge region. Each half is itself formed by the repetition of a basic unit of some 35 to 45 residues. Hemopexin-like domains have been found in two other types of proteins, vitronectin [[cite:PUB00013984]], a cell adhesion and spreading factor found in plasma and tissues, and matrixins MMP-1, MMP-2, MMP-3, MMP-9, MMP-10, MMP-11, MMP-12, MMP-14, MMP-15 and MMP-16, members of the matrix metalloproteinase family that cleave extracellular matrix constituents [[cite:PUB00013983]]. These zinc endopeptidases, which belong to MEROPS peptidase subfamily M10A, have a single hemopexin-like domain in their C-terminal section. It is suggested that the hemopexin domain facilitates binding to a variety of molecules and proteins, for example the HX repeats of some matrixins bind tissue inhibitor of metallopeptidases (TIMPs).</p>
1;IPR033739;"doi:10.1016/j.cell.2021.04.011
imex:IM-29278
pubmed:33961781";Peptidase M10A, catalytic domain;"<p>This entry represents the matrix metalloproteinase (MMP) sub-family M10A catalytic domain. MMPs are responsible for a great deal of pericellular proteolysis of extracellular matrix and cell surface molecules, playing crucial roles in morphogenesis, cell fate specification, cell migration, tissue repair, tumorigenesis, gain or loss of tissue-specific functions, and apoptosis [[cite:PUB00080248], [cite:PUB00080249], [cite:PUB00080250], [cite:PUB00080251], [cite:PUB00080252]]. In many instances, they are anchored to cell membranes via trans-membrane domains, and their activity is controlled via TIMPs (tissue inhibitors of metalloproteinases) [[cite:PUB00019054], [cite:PUB00080253], [cite:PUB00023695], [cite:PUB00080254]].</p>; <p>Sequences having this domain are extracellular metalloproteases, such as collagenase and stromelysin, which degrade the extracellular matrix, are known as matrixins. They are zinc-dependent, calcium-activated proteases synthesised as inactive precursors(zymogens), which are proteolytically cleaved to yield the active enzyme [[cite:PUB00002514], [cite:PUB00001191]].</p>

<p>All MMPs possess an N-terminal domain and a zinc-binding catalytic domain. The N-terminal domain peptide, cleaved during the activation step, includes a conserved PRCGVPDV octapeptide, known as the cysteine switch, whose Cys residue chelates the active site zinc atom, rendering the enzyme inactive [[cite:PUB00002456], [cite:PUB00002651]]. The catalytic domain contains a zinc ion, which is responsible for the peptide hydrolysis reaction. Another zinc ion and one to three calcium ions are present in the catalytic domain with a structural role [[cite:PUB00080268]]. All but two of the human MMPs (MMP-7 and MMP-26) also have a C-terminal hemopexin-like domain, and two MMPs (MMP-2 and MMP-9) contain fibronectin insertions into their catalytic domains [[cite:PUB00030100]].</p>"
1;IPR018486;"doi:10.1016/j.cell.2021.04.011
imex:IM-29278
pubmed:33961781";Hemopexin, conserved site;"<p>Hemopexin ([ec:3.2.1.35]) is a serum glycoprotein that binds haem and transports it to the liver for breakdown and iron recovery, after which the free hemopexin returns to the circulation [[cite:PUB00013985]]. Hemopexin prevents haem-mediated oxidative stress. Structurally hemopexin consists of two similar halves of approximately two hundred amino acid residues connected by a histidine-rich hinge region. Each half is itself formed by the repetition of a basic unit of some 35 to 45 residues. Hemopexin-like domains have been found in two other types of proteins, vitronectin [[cite:PUB00013984]], a cell adhesion and spreading factor found in plasma and tissues, and matrixins MMP-1, MMP-2, MMP-3, MMP-9, MMP-10, MMP-11, MMP-12, MMP-14, MMP-15 and MMP-16, members of the matrix metalloproteinase family that cleave extracellular matrix constituents [[cite:PUB00013983]]. These zinc endopeptidases, which belong to MEROPS peptidase subfamily M10A, have a single hemopexin-like domain in their C-terminal section. It is suggested that the hemopexin domain facilitates binding to a variety of molecules and proteins, for example the HX repeats of some matrixins bind tissue inhibitor of metallopeptidases (TIMPs).</p>; <p>This entry represents a conserved sequence region located at the beginning of the second repeat in the hemopexin domain.</p>"
1;IPR006026;"doi:10.1016/j.cell.2021.04.011
imex:IM-29278
pubmed:33961781";Peptidase, metallopeptidase;"This entry includes metallopeptidases associated with MEROPS peptidase families: M7, M8, M10 and M12, all of which are members of clan MA(M).; <p>The majority of zinc-dependent metallopeptidases (with the notable exception of the carboxypeptidases) share a common pattern of primary structure [[cite:PUB00001563], [cite:PUB00001623]] in the part of their sequence involved in the binding of zinc, and can be grouped together as a superfamily,known as the metzincins, on the basis of this sequence similarity. They can be classified into around 40 distinct families [[cite:PUB00003579]].</p>; <p>Over 70 metallopeptidase families have been identified to date. In these enzymes a divalent cation, which is usually zinc but may be cobalt, manganese or copper, activates the water molecule. The metal ion is held in place by amino acid ligands, usually three in number. In some families of co-catalytic metallopeptidases, two metal ions are observed in crystal structures ligated by five amino acids, with one amino acid ligating both metal ions. The known metal ligands are His, Glu, Asp or Lys.  At least one other residue is required for catalysis, which may play an electrophilic role. 

Many metalloproteases contain an HEXXH motif, which has been shown in crystallographic studies to form part of the metal-binding site [[cite:PUB00003579]]. The HEXXH motif is relatively common but can be more stringently defined for metalloproteases as 'abXHEbbHbc', where 'a' is most often valine or threonine and forms part of the S1' subsite in thermolysin and neprilysin, 'b' is an uncharged residue, and 'c' a hydrophobic residue. Proline is never found in this site, possibly because it would break the helical structure adopted by this motif in metalloproteases [[cite:PUB00003579]].</p>"
1;IPR002477;"doi:10.1016/j.cell.2021.04.011
imex:IM-29278
pubmed:33961781";Peptidoglycan binding-like;"<p>This entry represents peptidoglycan binding domain (PGBD), as well as related domains that share the same structure. PGBD may have a general peptidoglycan binding function. It has a core structure consisting of a closed, three-helical bundle with a left-handed twist. It is found at the N or C terminus of a variety of enzymes involved in bacterial cell wall degradation [[cite:PUB00006403], [cite:PUB00003979], [cite:PUB00003115]]. Examples are:</p>

<ul>
<li>Muramoyl-pentapeptide carboxypeptidase ([ec:3.4.17.8])</li><li>N-acetylmuramoyl-L-alanine amidase cwlA precursor (cell wall hydrolase, autolysin, [ec:3.5.1.28])</li>
<li>Autolytic lysozyme (1,4-beta-N-acetylmuramidase, autolysin, [ec:3.2.1.17])</li>
<li>Membrane-bound lytic murein transglycosylase B</li>
<li>Zinc-containing D-alanyl-D-alanine-cleaving carboxypeptidase, VanX [[cite:PUB00013218]].</li>
</ul>
<p>Many of the proteins having this domain are as yet uncharacterised. However, some are known to belong to MEROPS peptidase family M15 (clan MD), subfamily M15A metallopeptidases. A number of the proteins belonging to subfamily M15A are non-peptidase homologues as they either have been found experimentally to be without peptidase activity, or lack amino acid residues that are believed to be essential for the catalytic activity.</p>
<p>Eukaryotic enzymes can contain structurally similar PGBD-like domains. Matrix metalloproteinases (MMP), which catalyse extracellular matrix degradation, have N-terminal domains that resemble PGBD. Examples are gelatinase A (MMP-2), which degrades type IV collagen [[cite:PUB00013219]], stromelysin-1 (MMP-3), which plays a role in arthritis and tumour invasion [[cite:PUB00013220], [cite:PUB00013221]], and gelatinase B (MMP-9) secreted by neutrophils as part of the innate immune defence mechanism [[cite:PUB00013222]].  Several MMPs are implicated in cancer progression, since degradation of the extracellular matrix is an essential step in the cascade of metastasis [[cite:PUB00013223]].</p>"
1;IPR000585;"doi:10.1016/j.cell.2021.04.011
imex:IM-29278
pubmed:33961781";Hemopexin-like domain;<p>Hemopexin ([ec:3.2.1.35]) is a serum glycoprotein that binds haem and transports it to the liver for breakdown and iron recovery, after which the free hemopexin returns to the circulation [[cite:PUB00013985]]. Hemopexin prevents haem-mediated oxidative stress. Structurally hemopexin consists of two similar halves of approximately two hundred amino acid residues connected by a histidine-rich hinge region. Each half is itself formed by the repetition of a basic unit of some 35 to 45 residues. Hemopexin-like domains have been found in two other types of proteins, vitronectin [[cite:PUB00013984]], a cell adhesion and spreading factor found in plasma and tissues, and matrixins MMP-1, MMP-2, MMP-3, MMP-9, MMP-10, MMP-11, MMP-12, MMP-14, MMP-15 and MMP-16, members of the matrix metalloproteinase family that cleave extracellular matrix constituents [[cite:PUB00013983]]. These zinc endopeptidases, which belong to MEROPS peptidase subfamily M10A, have a single hemopexin-like domain in their C-terminal section. It is suggested that the hemopexin domain facilitates binding to a variety of molecules and proteins, for example the HX repeats of some matrixins bind tissue inhibitor of metallopeptidases (TIMPs).</p>
1;IPR024079;"doi:10.1016/j.cell.2021.04.011
imex:IM-29278
pubmed:33961781";Metallopeptidase, catalytic domain superfamily;<p>This superfamily represents the catalytic domain of different metallopeptidases. It consists of a three layer α-β-α sandwich.</p>
1;IPR021158;"doi:10.1016/j.cell.2021.04.011
imex:IM-29278
pubmed:33961781";Peptidase M10A, cysteine switch, zinc binding site;"<p>Over 70 metallopeptidase families have been identified to date. In these enzymes a divalent cation, which is usually zinc but may be cobalt, manganese or copper, activates the water molecule. The metal ion is held in place by amino acid ligands, usually three in number. In some families of co-catalytic metallopeptidases, two metal ions are observed in crystal structures ligated by five amino acids, with one amino acid ligating both metal ions. The known metal ligands are His, Glu, Asp or Lys.  At least one other residue is required for catalysis, which may play an electrophilic role. 

Many metalloproteases contain an HEXXH motif, which has been shown in crystallographic studies to form part of the metal-binding site [[cite:PUB00003579]]. The HEXXH motif is relatively common but can be more stringently defined for metalloproteases as 'abXHEbbHbc', where 'a' is most often valine or threonine and forms part of the S1' subsite in thermolysin and neprilysin, 'b' is an uncharged residue, and 'c' a hydrophobic residue. Proline is never found in this site, possibly because it would break the helical structure adopted by this motif in metalloproteases [[cite:PUB00003579]].</p>; <p>This group of metallopeptidases belong to the MEROPS peptidase family M10 (clan MA(M)), subfamily M10A.</p>

<p>The protein fold of the peptidase domain for members of this family resembles that of thermolysin, the type example for clan MA.</p>

<p>Sequences having this domain are extracellular metalloproteases, such as collagenase and stromelysin, which degrade the extracellular matrix, are known as matrixins. They are zinc-dependent, calcium-activated proteases synthesised as inactive precursors (zymogens), which are proteolytically cleaved to yield the active enzyme [[cite:PUB00002514], [cite:PUB00001191]]. All matrixins and related proteins possess 2 domains: an N-terminal domain, and a zinc-binding active site domain. The N-terminal domain peptide, cleaved during the activation step, includes a conserved PRCGVPDV octapeptide, known as the cysteine switch, whose Cys residue chelates the active site zinc atom, rendering the enzyme inactive [[cite:PUB00002456], [cite:PUB00002651]]. The active enzyme degrades components of the extracellular matrix, playing a role in the initial steps of tissue remodelling during morphogenesis, wound healing, angiogenesis and tumour invasion [[cite:PUB00002514], [cite:PUB00001191]].</p>"
1;IPR021190;"doi:10.1016/j.cell.2021.04.011
imex:IM-29278
pubmed:33961781";Peptidase M10A;"<p>The MEROPS peptidase family M10, subfamily M10A, consists of extracellular metalloproteases, such as collagenase and stromelysin, that degrade the extracellular matrix and are known as matrixins or matrix metalloproteinases (MMPs). They are zinc-dependent, calcium-activated proteases synthesised as inactive precursors(zymogens), which are proteolytically cleaved to yield the active enzyme [[cite:PUB00002514], [cite:PUB00001191]].</p>

<p>All matrixins and related proteins possess two domains: an N-terminal domain, and a zinc-binding active site domain. The N-terminal domain peptide, cleaved during the activation step, includes a conserved PRCGVPDV octapeptide, known as the cysteine switch, whose Cys residue chelates the active site zinc atom, rendering the enzyme inactive [[cite:PUB00002456], [cite:PUB00002651]]. The active enzyme degrades components of the extracellular matrix, playing a role in the initial steps of tissue remodelling during morphogenesis, wound healing, angiogenesis and tumour invasion [[cite:PUB00002514], [cite:PUB00001191]]. Although it was initially thought that the primary function of these enzymes is to degrade proteins of the extracellular matrix, MMPs have a much broader spectrum of activity that includes the proteolytic processing of cytokines, growth factors, growth factor receptors, and cell adhesion molecules [[cite:PUB00069037], [cite:PUB00069038]].</p>"
1;IPR001818;"doi:10.1016/j.cell.2021.04.011
imex:IM-29278
pubmed:33961781";Peptidase M10, metallopeptidase;"<p>Over 70 metallopeptidase families have been identified to date. In these enzymes a divalent cation, which is usually zinc but may be cobalt, manganese or copper, activates the water molecule. The metal ion is held in place by amino acid ligands, usually three in number. In some families of co-catalytic metallopeptidases, two metal ions are observed in crystal structures ligated by five amino acids, with one amino acid ligating both metal ions. The known metal ligands are His, Glu, Asp or Lys.  At least one other residue is required for catalysis, which may play an electrophilic role. 

Many metalloproteases contain an HEXXH motif, which has been shown in crystallographic studies to form part of the metal-binding site [[cite:PUB00003579]]. The HEXXH motif is relatively common but can be more stringently defined for metalloproteases as 'abXHEbbHbc', where 'a' is most often valine or threonine and forms part of the S1' subsite in thermolysin and neprilysin, 'b' is an uncharged residue, and 'c' a hydrophobic residue. Proline is never found in this site, possibly because it would break the helical structure adopted by this motif in metalloproteases [[cite:PUB00003579]].</p>; <p>This group of metallopeptidases belong to the MEROPS peptidase family M10 (clan MA(M)).</p>

<p>The protein fold of the peptidase domain for members of this family resembles that of thermolysin, the type example for clan MA.</p>

<p>Sequences having this domain are extracellular metalloproteases, such as collagenase and stromelysin, which degrade the extracellular matrix, are known as matrixins. They are zinc-dependent, calcium-activated proteases synthesised as inactive precursors (zymogens), which are proteolytically cleaved to yield the active enzyme [[cite:PUB00002514], [cite:PUB00001191]]. All matrixins and related proteins possess 2 domains: an N-terminal domain, and a zinc-binding active site domain. The N-terminal domain peptide, cleaved during the activation step, includes a conserved PRCGVPDV octapeptide, known as the cysteine switch, whose Cys residue chelates the active site zinc atom, rendering the enzyme inactive [[cite:PUB00002456], [cite:PUB00002651]]. The active enzyme degrades components of the extracellular matrix, playing a role in the initial steps of tissue remodelling during morphogenesis, wound healing, angiogenesis and tumour invasion [[cite:PUB00002514], [cite:PUB00001191]].</p>"
1;IPR036365;"doi:10.1016/j.cell.2021.04.011
imex:IM-29278
pubmed:33961781";PGBD-like superfamily;"<p>This superfamily includes peptidoglycan binding domain (PGBD), as well as related domains that share the same structure. PGBD may have a general peptidoglycan binding function. It has a core structure consisting of a closed, three-helical bundle with a left-handed twist. It is found at the N or C terminus of a variety of enzymes involved in bacterial cell wall degradation [[cite:PUB00006403], [cite:PUB00003979], [cite:PUB00003115]]. Examples are:</p>

<ul>
<li>Muramoyl-pentapeptide carboxypeptidase ([ec:3.4.17.8])</li><li>N-acetylmuramoyl-L-alanine amidase cwlA precursor (cell wall hydrolase, autolysin, [ec:3.5.1.28])</li>
<li>Autolytic lysozyme (1,4-beta-N-acetylmuramidase, autolysin, [ec:3.2.1.17])</li>
<li>Membrane-bound lytic murein transglycosylase B</li>
<li>Zinc-containing D-alanyl-D-alanine-cleaving carboxypeptidase, VanX [[cite:PUB00013218]].</li>
</ul>
<p>Many of the proteins having this domain are as yet uncharacterised. However, some are known to belong to MEROPS peptidase family M15 (clan MD), subfamily M15A metallopeptidases. A number of the proteins belonging to subfamily M15A are non-peptidase homologues as they either have been found experimentally to be without peptidase activity, or lack amino acid residues that are believed to be essential for the catalytic activity.</p>
<p>Eukaryotic enzymes can contain structurally similar PGBD-like domains. Matrix metalloproteinases (MMP), which catalyse extracellular matrix degradation, have N-terminal domains that resemble PGBD. Examples are gelatinase A (MMP-2), which degrades type IV collagen [[cite:PUB00013219]], stromelysin-1 (MMP-3), which plays a role in arthritis and tumour invasion [[cite:PUB00013220], [cite:PUB00013221]], and gelatinase B (MMP-9) secreted by neutrophils as part of the innate immune defence mechanism [[cite:PUB00013222]].  Several MMPs are implicated in cancer progression, since degradation of the extracellular matrix is an essential step in the cascade of metastasis [[cite:PUB00013223]].</p>"
1;IPR006878;"imex:IM-20435
mint:MINT-6769080
pubmed:17446270";BRRF1, herpesviridae;<p>Most proteins in this entry are uncharacterised viral proteins translated from gene 49. The UL6 locus of pseudorabies virus (PRV) has a gene cluster with homology to herpes simplex virus UL5, UL6, UL7 and UL8, Epstein-Barr virus BBRF1 and BBRF2, and Kaposi sarcoma-associated herpes virus ORF43 and ORF42 [[cite:PUB00044042]].</p>
1;IPR050488;"doi:10.1016/j.cell.2021.04.011
doi:10.1038/nature22366
imex:IM-25778
imex:IM-29278
pubmed:28514442
pubmed:33961781";Immunoglobulin Fc region receptor;<p>The protein family includes receptors that bind to the Fc region of immunoglobulins, particularly IgG and IgE, and are involved in various immune response functions. Members of the family mediate processes such as antibody-dependent cellular cytotoxicity (ADCC), phagocytosis, antigen presentation, and modulation of B-cell and T-cell activation. These receptors are expressed on a variety of immune cells, including natural killer (NK) cells, monocytes, and mast cells, and play roles in both innate and adaptive immunity. They can influence the outcome of infections, inflammatory responses, and allergic reactions. Some family members are also implicated in B-cell differentiation and may have regulatory roles in normal and neoplastic B-cell development. The family's involvement in immune complex clearance from circulation and the modulation of antibody production further highlights its significance in maintaining immune homeostasis and responding to pathogenic challenges.</p>
1;IPR013151;"doi:10.1016/j.cell.2021.04.011
doi:10.1038/nature22366
imex:IM-25778
imex:IM-29278
pubmed:28514442
pubmed:33961781";Immunoglobulin-like beta-sandwich domain;<p>This entry represents the immunoglobulin-like domain that is found in a number of proteins with diverse functions. Examples include T-cell surface glycoprotein CD4, Neurotrimin,  Interleukin-1 receptor accessory protein-like 1, Receptor tyrosine kinases among others. Immunoglobulin-like domains may be involved in protein-protein and protein-ligand interactions.</p>
1;IPR009147;"imex:IM-27204
pubmed:29924966";Cystic fibrosis transmembrane conductance regulator;"<p>The ABC transporter family is a group of membrane proteins that use the hydrolysis of ATP to power the translocation of a wide variety of substrates across cellular membranes. ABC transporters minimally consist of two conserved regions: a highly conserved nucleotide-binding domain (NBD) and a less conserved transmembrane domain (TMD). Eukaryotic ABC proteins are usually organised either as full transporters (containing two NBDs and two TMDs), or as half transporters (containing one NBD and one TMD), that have to form homo- or heterodimers in order to constitute a functional protein [[cite:PUB00072552]].</p>; <p>Cystic fibrosis transmembrane conductance regulator (CFTR, also known as ABCC7) is an eukaryotic protein belonging to the ABC-C subfamily of the ABC transporter family. CFTR protein is a chloride ion channel controlled by phosphorylation. It has a major role in electrolyte and fluid secretion. CFTR is important in the determination of fluid flow, ion concentration and transepithelial salt transport. Dysfunction of the CFTR channel causes the life-threatening disease, cystic fibrosis, in which trans-epithelial ion transport is disrupted [[cite:PUB00013905]]. Defective phosphorylation has been seen to be a cause for this altered activity [[cite:PUB00100468]].</p>"
1;IPR036640;"imex:IM-27204
pubmed:29924966";ABC transporter type 1, transmembrane domain superfamily;"<p>This entry represents the transmembrane domain in cases where the TMD and ABC region are found in the same protein, and corresponds to ABC type 1 from <a href=""http://www.tcdb.org/tcdb/index.php?tc=3.A.1"">Transporter Classification Database</a>.</p>; <p>ABC transporters belong to the ATP-Binding Cassette (ABC) superfamily, which uses the hydrolysis of ATP to energise diverse biological systems. ABC transporters minimally consist of two conserved regions: a highly conserved ATP binding cassette (ABC) and a less conserved transmembrane domain (TMD). These can be found on the same protein or on two different ones. Most ABC transporters function as a dimer and therefore are constituted of four domains, two ABC modules and two TMDs.</p>

<p>ABC transporters are involved in the export or import of a wide variety of substrates ranging from small ions to macromolecules. The major function of ABC import systems is to provide essential nutrients to bacteria. They are found only in prokaryotes and their four constitutive domains are usually encoded by independent polypeptides (two ABC proteins and two TMD proteins). Prokaryotic importers require additional extracytoplasmic binding proteins (one or more per systems) for function. In contrast, export systems are involved in the extrusion of noxious substances, the export of extracellular toxins and the targeting of membrane components. They are found in all living organisms and in general the TMD is fused to the ABC module in a variety of combinations. Some eukaryotic exporters encode the four domains on the same polypeptide chain [[cite:PUB00014769]].</p>

<p>The ATP-Binding Cassette (ABC) superfamily forms one of the largest of all protein families with a diversity of physiological functions [[cite:PUB00014769]]. Several studies have shown that there is a correlation between the functional characterisation and the phylogenetic classification of the ABC cassette [[cite:PUB00014769], [cite:PUB00043654]]. More than 50 subfamilies have been described based on a phylogenetic and functional classification [[cite:PUB00014769], [cite:PUB00017894], [cite:PUB00043654]]; (for further information see  <a href=""http://www.tcdb.org/tcdb/index.php?tc=3.A.1"">Transporter Classification Database</a>).</p>"
1;IPR003593;"imex:IM-27204
pubmed:29924966";AAA+ ATPase domain;"<p>This entry represents the AAA+ ATPase domain found in a range of proteins, including Holliday junction ATP-dependent DNA helicase RuvB from Mycobacterium sp, ATP synthases, and related ATP-dependent proteins.</p>; <p>The proteins in this superfamily are characterised by the structural conservation of a central ATPase domain of about 250 amino acids called the AAA  module. Typically, the AAA  domain can be divided into two structural subdomains, an N-terminal P-loop NTPase α-β-α subdomain that is connected to a smaller C-terminal all-α subdomain. The α-β-α subdomain adopts a Rossman fold and contains several motifs involved in ATP binding and hydrolysis, including classical motifs Walker A and Walker B [[cite:PUB00057226], [cite:PUB00057227]]. The all-α subdomain [[cite:PUB00005841]], is much less conserved across AAA  proteins.</p>; <p>The AAA+ superfamily of ATPases is found in all kingdoms of living organisms where they participate in diverse cellular processes including membrane fusion, proteolysis and DNA replication. Although the terms AAA+ and AAA are often used loosely and interchangeably, the classical AAA family members are distinguished by their possession of the SRH region in the AAA module. Many AAA+ proteins are involved in similar processes to those of AAA proteins (facilitation of protein folding and unfolding, assembly or disassembly of proteins complexes, protein transport and degradation), but others function in replication, recombination, repair and transcription. For a review see [[cite:PUB00057226]].</p>"
1;IPR017871;"imex:IM-27204
pubmed:29924966";ABC transporter-like, conserved site;"<p>This entry represents a conserved region found in a group of related ATP-binding proteins and is associated with ATP-binding [[cite:PUB00002368], [cite:PUB00000705], [cite:PUB00003995], [cite:PUB00003996], [cite:PUB00003805]].</p>

<p>The proteins belonging to this group also contain one or two copies of the 'A' consensus sequence [[cite:PUB00001131]] or the 'P-loop' sequence motif [[cite:PUB00005361]].</p>; <p>ABC transporters belong to the ATP-Binding Cassette (ABC) superfamily, which uses the hydrolysis of ATP to energise diverse biological systems. ABC transporters minimally consist of two conserved regions: a highly conserved ATP binding cassette (ABC) and a less conserved transmembrane domain (TMD). These can be found on the same protein or on two different ones. Most ABC transporters function as a dimer and therefore are constituted of four domains, two ABC modules and two TMDs.</p>

<p>ABC transporters are involved in the export or import of a wide variety of substrates ranging from small ions to macromolecules. The major function of ABC import systems is to provide essential nutrients to bacteria. They are found only in prokaryotes and their four constitutive domains are usually encoded by independent polypeptides (two ABC proteins and two TMD proteins). Prokaryotic importers require additional extracytoplasmic binding proteins (one or more per systems) for function. In contrast, export systems are involved in the extrusion of noxious substances, the export of extracellular toxins and the targeting of membrane components. They are found in all living organisms and in general the TMD is fused to the ABC module in a variety of combinations. Some eukaryotic exporters encode the four domains on the same polypeptide chain [[cite:PUB00014769]].</p>

<p>The ABC module (approximately two hundred amino acid residues) is known to bind and hydrolyse ATP, thereby coupling transport to ATP hydrolysis in a large number of biological processes. The cassette is duplicated in several subfamilies. Its primary sequence is highly conserved, displaying a typical phosphate-binding loop: Walker A, and a magnesium binding site: Walker B. Besides these two regions, three other conserved motifs are present in the ABC cassette: the switch region which contains a histidine loop, postulated to polarise the attaching water molecule for hydrolysis, the signature conserved motif (LSGGQ) specific to the ABC transporter, and the Q-motif (between Walker A and the signature), which interacts with the gamma phosphate through a water bond. The Walker A, Walker B, Q-loop and switch region form the nucleotide binding site [[cite:PUB00017894], [cite:PUB00017895], [cite:PUB00017896]].</p>

<p>The 3D structure of a monomeric ABC module adopts a stubby L-shape with two distinct arms. ArmI (mainly β-strand) contains Walker A and Walker B. The important residues for ATP hydrolysis and/or binding are located in the P-loop. The ATP-binding pocket is located at the extremity of armI. The perpendicular armII contains mostly the α helical subdomain with the signature motif. It only seems to be required for structural integrity of the ABC module. ArmII is in direct contact with the TMD. The hinge between armI and armII contains both the histidine loop and the Q-loop, making contact with the gamma phosphate of the ATP molecule. ATP hydrolysis leads to a conformational change that could facilitate ADP release. In the dimer the two ABC cassettes contact each other through hydrophobic interactions at the antiparallel β-sheet of armI by a two-fold axis [[cite:PUB00017897], [cite:PUB00017898], [cite:PUB00017899], [cite:PUB00004290], [cite:PUB00025109], [cite:PUB00026406]].</p>

<p>The ATP-Binding Cassette (ABC) superfamily forms one of the largest of all protein families with a diversity of physiological functions [[cite:PUB00014769]]. Several studies have shown that there is a correlation between the functional characterisation and the phylogenetic classification of the ABC cassette [[cite:PUB00014769], [cite:PUB00043654]]. More than 50 subfamilies have been described based on a phylogenetic and functional classification [[cite:PUB00014769], [cite:PUB00017894], [cite:PUB00043654]].</p>"
1;IPR047082;"imex:IM-27204
pubmed:29924966";Cystic fibrosis transmembrane conductance regulator, ATP-binding cassette domain 1;"<p>Cystic fibrosis transmembrane conductance regulator (CFTR, also known as ATP-binding cassette sub-family C member 7 or ABCC7) is an epithelial ion channel that plays an important role in the regulation of epithelial ion and water transport and fluid homeostasis [[cite:PUB00101790]] mediating the transport of chloride ions across the cell membrane [[cite:PUB00101789], [cite:PUB00013904], [cite:PUB00080851]]. It has adapted the ABC transporter structural motif to form a tightly regulated anion channel at the apical surface of many epithelia. It is the product of the gene mutated in patients with cystic fibrosis [[cite:PUB00101788]]. CFTR displays the typical organization with two ATP-binding cassette domains and a characteristic hydrophilic domain ([interpro:IPR011527]) in-between.</p>

<p>This entry represents the first ATP-binding cassette domain of CFTR.</p>"
1;IPR050173;"imex:IM-27204
pubmed:29924966";ATP-binding cassette transporter C-like;<p>The ABC transporter C family is involved in various transport activities across cell membranes. Members of this family actively extrude physiological compounds and xenobiotics, contributing to cellular detoxification and multidrug resistance. They transport a wide range of substrates, including glutathione conjugates, cyclic nucleotides, bile acids, steroid conjugates, and drugs. Some members mediate the release of nucleoside triphosphates, playing a role in homeostasis. Others are involved in the regulation of epithelial ion and water transport, fluid homeostasis, and the regulation of pH and ion content in epithelial fluid layers. The family also includes proteins that may function in the secretion of metabolites and in the protection of the producing organism from self-toxicity.</p>
1;IPR003439;"imex:IM-27204
pubmed:29924966";ABC transporter-like, ATP-binding domain;"<p>This entry represents a conserved region found in a group of related ATP-binding proteins and is associated with ATP-binding [[cite:PUB00002368], [cite:PUB00000705], [cite:PUB00003995], [cite:PUB00003996], [cite:PUB00003805]].</p>

<p>The proteins belonging to this group also contain one or two copies of the 'A' consensus sequence [[cite:PUB00001131]] or the 'P-loop' sequence motif [[cite:PUB00005361]].</p>; <p>ABC transporters belong to the ATP-Binding Cassette (ABC) superfamily, which uses the hydrolysis of ATP to energise diverse biological systems. ABC transporters minimally consist of two conserved regions: a highly conserved ATP binding cassette (ABC) and a less conserved transmembrane domain (TMD). These can be found on the same protein or on two different ones. Most ABC transporters function as a dimer and therefore are constituted of four domains, two ABC modules and two TMDs.</p>

<p>ABC transporters are involved in the export or import of a wide variety of substrates ranging from small ions to macromolecules. The major function of ABC import systems is to provide essential nutrients to bacteria. They are found only in prokaryotes and their four constitutive domains are usually encoded by independent polypeptides (two ABC proteins and two TMD proteins). Prokaryotic importers require additional extracytoplasmic binding proteins (one or more per systems) for function. In contrast, export systems are involved in the extrusion of noxious substances, the export of extracellular toxins and the targeting of membrane components. They are found in all living organisms and in general the TMD is fused to the ABC module in a variety of combinations. Some eukaryotic exporters encode the four domains on the same polypeptide chain [[cite:PUB00014769]].</p>

<p>The ABC module (approximately two hundred amino acid residues) is known to bind and hydrolyse ATP, thereby coupling transport to ATP hydrolysis in a large number of biological processes. The cassette is duplicated in several subfamilies. Its primary sequence is highly conserved, displaying a typical phosphate-binding loop: Walker A, and a magnesium binding site: Walker B. Besides these two regions, three other conserved motifs are present in the ABC cassette: the switch region which contains a histidine loop, postulated to polarise the attaching water molecule for hydrolysis, the signature conserved motif (LSGGQ) specific to the ABC transporter, and the Q-motif (between Walker A and the signature), which interacts with the gamma phosphate through a water bond. The Walker A, Walker B, Q-loop and switch region form the nucleotide binding site [[cite:PUB00017894], [cite:PUB00017895], [cite:PUB00017896]].</p>

<p>The 3D structure of a monomeric ABC module adopts a stubby L-shape with two distinct arms. ArmI (mainly β-strand) contains Walker A and Walker B. The important residues for ATP hydrolysis and/or binding are located in the P-loop. The ATP-binding pocket is located at the extremity of armI. The perpendicular armII contains mostly the α helical subdomain with the signature motif. It only seems to be required for structural integrity of the ABC module. ArmII is in direct contact with the TMD. The hinge between armI and armII contains both the histidine loop and the Q-loop, making contact with the gamma phosphate of the ATP molecule. ATP hydrolysis leads to a conformational change that could facilitate ADP release. In the dimer the two ABC cassettes contact each other through hydrophobic interactions at the antiparallel β-sheet of armI by a two-fold axis [[cite:PUB00017897], [cite:PUB00017898], [cite:PUB00017899], [cite:PUB00004290], [cite:PUB00025109], [cite:PUB00026406]].</p>

<p>The ATP-Binding Cassette (ABC) superfamily forms one of the largest of all protein families with a diversity of physiological functions [[cite:PUB00014769]]. Several studies have shown that there is a correlation between the functional characterisation and the phylogenetic classification of the ABC cassette [[cite:PUB00014769], [cite:PUB00043654]]. More than 50 subfamilies have been described based on a phylogenetic and functional classification [[cite:PUB00014769], [cite:PUB00017894], [cite:PUB00043654]].</p>"
1;IPR025837;"imex:IM-27204
pubmed:29924966";CFTR regulator domain;"<p>Cystic fibrosis transmembrane conductance regulator (CFTR) that belongs to the ATP-binding cassette (ABC) transporter superfamily. It is a member of the ABC-C subfamily, which also contains the SUR receptors and the multidrug- resistance associated proteins (MRP) [[cite:PUB00013904]]. The CFTR protein encodes a chloride ion channel, which is controlled by phosphorylation. It has a major role in electrolyte and fluid secretion. CFTR is important in the determination of fluid flow, ion concentration and transepithelial salt transport. Dysfunction of the CFTR channel causes the life-threatening disease, cystic fibrosis, in which trans-epithelial ion transport is disrupted [[cite:PUB00013905]].</p>

<p>This entry represents the CFTR regulator domain [[cite:PUB00058210], [cite:PUB00058212], [cite:PUB00058211]].</p>"
1;IPR011527;"imex:IM-27204
pubmed:29924966";ABC transporter type 1, transmembrane domain;"<p>This entry represents the transmembrane domain in cases where the TMD and ABC region are found in the same protein, and corresponds to ABC type 1 from <a href=""http://www.tcdb.org/tcdb/index.php?tc=3.A.1"">Transporter Classification Database</a>.</p>; <p>ABC transporters minimally contain two conserved regions: a highly conserved ATP binding cassette (ABC) and a less conserved transmembrane domain (TMD). In certain bacterial transporters, these regions are found on different polypeptides. The function of the integral inner-membrane protein is to translocate the substrate across the membrane, as well as in substrate recognition [[cite:PUB00014769], [cite:PUB00014770]].</p>; <p>ABC transporters belong to the ATP-Binding Cassette (ABC) superfamily, which uses the hydrolysis of ATP to energise diverse biological systems. ABC transporters minimally consist of two conserved regions: a highly conserved ATP binding cassette (ABC) and a less conserved transmembrane domain (TMD). These can be found on the same protein or on two different ones. Most ABC transporters function as a dimer and therefore are constituted of four domains, two ABC modules and two TMDs.</p>

<p>ABC transporters are involved in the export or import of a wide variety of substrates ranging from small ions to macromolecules. The major function of ABC import systems is to provide essential nutrients to bacteria. They are found only in prokaryotes and their four constitutive domains are usually encoded by independent polypeptides (two ABC proteins and two TMD proteins). Prokaryotic importers require additional extracytoplasmic binding proteins (one or more per systems) for function. In contrast, export systems are involved in the extrusion of noxious substances, the export of extracellular toxins and the targeting of membrane components. They are found in all living organisms and in general the TMD is fused to the ABC module in a variety of combinations. Some eukaryotic exporters encode the four domains on the same polypeptide chain [[cite:PUB00014769]].</p>

<p>The ATP-Binding Cassette (ABC) superfamily forms one of the largest of all protein families with a diversity of physiological functions [[cite:PUB00014769]]. Several studies have shown that there is a correlation between the functional characterisation and the phylogenetic classification of the ABC cassette [[cite:PUB00014769], [cite:PUB00043654]]. More than 50 subfamilies have been described based on a phylogenetic and functional classification [[cite:PUB00014769], [cite:PUB00017894], [cite:PUB00043654]]; (for further information see  <a href=""http://www.tcdb.org/tcdb/index.php?tc=3.A.1"">Transporter Classification Database</a>).</p>"
1;IPR019805;"doi:10.1016/j.cell.2021.04.011
imex:IM-29278
pubmed:33961781";Heat shock protein Hsp90, conserved site;"<p>Prokaryotes and eukaryotes respond to heat shock and other forms of environmental stress by inducing synthesis of heat-shock proteins (hsp) [[cite:PUB00000102]]. The 90kDa heat shock protein, Hsp90, is one of the most abundant proteins in eukaryotic cells, comprising 1-2% of cellular proteins under non-stress conditions [[cite:PUB00014968]]. Its contribution to various cellular processes including signal transduction, protein folding, protein degradation and morphological evolution has been extensively studied [[cite:PUB00002788], [cite:PUB00005421]]. The full functional activity of Hsp90 is gained in concert with other co-chaperones, playing an important role in the folding of newly synthesised proteins and stabilisation and refolding of denatured proteins after stress. Apart from its co-chaperones, Hsp90 binds to an array of client proteins, where the co-chaperone requirement varies and depends on the actual client.</p>

<p>The sequences of hsp90s show a distinctive domain structure, with a highly-conserved N-terminal domain separated from a conserved, acidic C-terminal domain by a highly-acidic, flexible linker region.</p>

<p>The signature pattern for the hsp90 family of proteins is located in a highly conserved region found in the N-terminal part of these proteins.</p>"
1;IPR003594;"doi:10.1016/j.cell.2021.04.011
imex:IM-29278
pubmed:33961781";Histidine kinase/HSP90-like ATPase domain;<p>This domain is found in several ATP-binding proteins, including: histidine kinase [[cite:PUB00030541]], DNA gyrase B, topoisomerases [[cite:PUB00022659]], heat shock protein HSP90 [[cite:PUB00031400], [cite:PUB00031884], [cite:PUB00031942]], phytochrome-like ATPases and DNA mismatch repair proteins. The fold of this domain consists of two layers, α/β, which contains an 8-stranded mixed β-sheet.</p>
1;IPR037196;"doi:10.1016/j.cell.2021.04.011
imex:IM-29278
pubmed:33961781";HSP90, C-terminal domain;"<p>This entry represents the C-terminal domain of HPS90. Structurally, this domain has an α-β(3)-α(3) fold arranged in two layers (α/β) with mixed β-sheet and crossing loops.</p>; <p>Molecular chaperones, or heat shock proteins (Hsps) are ubiquitous proteins that act to maintain proper protein folding within the cell [[cite:PUB00035214]]. They assist in the folding of nascent polypeptide chains, and are also involved in the refolding of denatured proteins following proteotoxic stress. As their name implies, the heat shock proteins were first identified as proteins that were up-regulated under conditions of elevated temperature. However, subsequent studies have shown that increased Hsp expression is induced by a variety of cellular stresses, including oxidative stress and inflammation. Five major Hsp families have been determined, and are categorized according to their molecular size (Hsp100, Hsp90, Hsp70, Hsp60, and the small Hsps). Hsps are involved in a variety of cellular processes that are ATP-dependent. These include: prevention of protein aggregation, protein degradation, protein trafficking, and maintenance of signalling proteins in a conformation that permits activation.</p>

<p>Hsp90 chaperones are unique in their ability to regulate a specific subset of cellular signalling proteins that have been implicated in disease processes, including intracellular protein kinases, steroid hormone receptors, and growth factor receptors [[cite:PUB00035215], [cite:PUB00112352], [cite:PUB00112353], [cite:PUB00141629], [cite:PUB00141630], [cite:PUB00141631], [cite:PUB00141642]].</p>"
1;IPR020575;"doi:10.1016/j.cell.2021.04.011
imex:IM-29278
pubmed:33961781";Heat shock protein Hsp90, N-terminal;"<p>Prokaryotes and eukaryotes respond to heat shock and other forms of environmental stress by inducing synthesis of heat-shock proteins (hsp) [[cite:PUB00000102]]. The 90kDa heat shock protein, Hsp90, is one of the most abundant proteins in eukaryotic cells, comprising 1-2% of cellular proteins under non-stress conditions [[cite:PUB00014968]]. Its contribution to various cellular processes including signal transduction, protein folding, protein degradation and morphological evolution has been extensively studied [[cite:PUB00002788], [cite:PUB00005421]]. The full functional activity of Hsp90 is gained in concert with other co-chaperones, playing an important role in the folding of newly synthesised proteins and stabilisation and refolding of denatured proteins after stress. Apart from its co-chaperones, Hsp90 binds to an array of client proteins, where the co-chaperone requirement varies and depends on the actual client [[cite:PUB00112352], [cite:PUB00112353], [cite:PUB00141629], [cite:PUB00141630], [cite:PUB00141631], [cite:PUB00141642]].</p>

<p>This entry represents the histidine kinase-like ATPase (HATPase) domain Hsp90 from eukaryotes and its bacterial homologues, known as HtpG (High temperature protein G).</p>"
1;IPR036890;"doi:10.1016/j.cell.2021.04.011
imex:IM-29278
pubmed:33961781";Histidine kinase/HSP90-like ATPase superfamily;"<p>This domain superfamily is found in several ATP-binding proteins, including: DNA mismatch repair protein MutL, Chaperone protein HtpG, DNA gyrase subunit B, Anti-sigma F factor, histidine kinase [[cite:PUB00030541]], topoisomerases [[cite:PUB00022659]], heat shock protein HSP90 [[cite:PUB00031400], [cite:PUB00031884], [cite:PUB00031942]], phytochrome-like ATPases and DNA mismatch repair proteins. The fold of this domain consists of two layers, α/β, which contains an 8-stranded mixed β-sheet.</p>; <p>DNA mismatch repair protein MutL is an essential component of the methyl-directed mismatch repair (MMR) system, which corrects replication errors and maintains genomic integrity. MutL functions in the Dam-dependent MMR pathway, where the methylation status of GATC sequences is used to distinguish the parental strand from the newly synthesised strand containing the replication error. MutL acts as a molecular matchmaker, facilitating the ATP-dependent assembly of stable complexes between DNA-binding proteins involved in the repair process without itself remaining part of the final effector complex. Following mismatch recognition by MutS, MutL is recruited to the site of damage, where it coordinates downstream repair events, including activation of the endonuclease MutH and recruitment of the UvrD helicase and exonucleases required for excision of the error-containing strand. The ATPase activity of MutL, mediated by its N-terminal GHKL domain, is essential for these functions, driving the conformational changes necessary for proper coordination of the repair machinery [[cite:PUB00163295], [cite:PUB00023516]].</p>"
1;IPR001404;"doi:10.1016/j.cell.2021.04.011
imex:IM-29278
pubmed:33961781";Heat shock protein Hsp90 family;"<p>Molecular chaperones, or heat shock proteins (Hsps) are ubiquitous proteins that act to maintain proper protein folding within the cell [[cite:PUB00035214]]. They assist in the folding of nascent polypeptide chains, and are also involved in the refolding of denatured proteins following proteotoxic stress. As their name implies, the heat shock proteins were first identified as proteins that were up-regulated under conditions of elevated temperature. However, subsequent studies have shown that increased Hsp expression is induced by a variety of cellular stresses, including oxidative stress and inflammation. Five major Hsp families have been determined, and are categorized according to their molecular size (Hsp100, Hsp90, Hsp70, Hsp60, and the small Hsps). Hsps are involved in a variety of cellular processes that are ATP-dependent. These include: prevention of protein aggregation, protein degradation, protein trafficking, and maintenance of signalling proteins in a conformation that permits activation.</p>

<p>Hsp90 chaperones are unique in their ability to regulate a specific subset of cellular signalling proteins that have been implicated in disease processes, including intracellular protein kinases, steroid hormone receptors, and growth factor receptors [[cite:PUB00035215], [cite:PUB00112352], [cite:PUB00112353], [cite:PUB00141629], [cite:PUB00141630], [cite:PUB00141631], [cite:PUB00141642]].</p>"
1;IPR020568;"doi:10.1016/j.cell.2021.04.011
imex:IM-29278
pubmed:33961781";Ribosomal protein uS5 domain 2-type superfamily;"<p>The founding member of this superfamily is the second domain of the small ribosomal subunit protein uS5. This domain adopts α/β fold consisting of four-stranded mixed β-sheet and two helices packed on one side of it. Typical features for this superfamily are the psi-loop between strands 2 and 3; and the left-handed crossover between strands 3 and 4.</p>; <p>Domain 2 of the ribosomal protein uS5 has a left-handed, 2-layer α/β fold with a core structure consisting of β(3)-α-β-α. Domains with this fold are found in numerous RNA/DNA-binding proteins, as well as in kinases from the GHMP kinase family.  Proteins containing this α/β fold domain include:</p>

<ul>
<li>Translational machinery components  (ribosomal proteins S5 and S9, and domain IV of elongation factors EF-G and eEF-2) [[cite:PUB00034480]].</li>
<li>Ribonuclease P protein (RNase P) [[cite:PUB00034481]].</li>
<li>Ribonuclease PH (domain 1) [[cite:PUB00029653]], as well as various exosome complex exonucleases (RRP41, RRP42, RRP43, RRP45, RRP46, MTR3, ECX1, ECX2) [[cite:PUB00035569]].</li>
<li>DNA modification proteins (DNA mismatch repair proteins MutL and PMS2, DNA gyrase B, DNA topoisomerase II, IV-B and VI-B) [[cite:PUB00024488]].</li>
<li>GHMP kinases that transfer a phosphoryl group from ATP to an acceptor (galactokinase ([ec:2.7.1.6]), homoserine kinase ([ec:2.7.1.39]), and mevalonate kinase ([ec:2.7.1.36])) [[cite:PUB00034482], [cite:PUB00015644]].</li>
<li>Caenorhabditis elegans early switch protein Xol-1 (a divergent member of the GHMP kinase family that has lost the ATP-binding site) [[cite:PUB00016021]].</li>
<li>Hsp90 chaperone (middle domain), which is related to the DNA gyrase/MutL family [[cite:PUB00035354]]; this domain contains an extra C-terminal α/β subdomain.</li>
<li>Imidazole glycerol phosphate dehydratase, which contains a duplication consisting of two structural repeats of this fold [[cite:PUB00022600]].</li>
<li>The catalytic domain of ATP-dependent protease Lon (La), which contains an extra C-terminal α/β subdomain [[cite:PUB00030777]].</li>
<li>Formaldehyde-activating enzyme FAE, which contains a modification of this fold consisting of an extra α/β unit after strand 2 [[cite:PUB00038434]].</li>
</ul>"
1;IPR016246;"doi:10.1371/journal.pone.0205180
imex:IM-26942
pubmed:30300385";Tyrosine-protein kinase, insulin-like receptor;"<p>Protein phosphorylation, which plays a key role in most cellular activities, is a reversible process mediated by protein kinases and phosphoprotein phosphatases. Protein kinases catalyse the transfer of the gamma phosphate from nucleotide triphosphates (often ATP) to one or more amino acid residues in a protein substrate side chain, resulting in a conformational change affecting protein function. Phosphoprotein phosphatases catalyse the reverse process. 
Protein kinases fall into three broad classes, characterised with respect to substrate specificity [[cite:PUB00005115]]:</p>

<ul>
<li>Serine/threonine-protein kinases</li>
<li>Tyrosine-protein kinases</li>
<li>Dual specificity protein kinases (e.g. MEK -phosphorylates both Thr and Tyr on target proteins)</li>
</ul>

<p>Protein kinase function is evolutionarily conserved from Escherichia coli to human [[cite:PUB00020114]]. Protein kinases play a role in a multitude of cellular processes, including division, proliferation, apoptosis, and differentiation [[cite:PUB00015362]]. Phosphorylation usually results in a functional change of the target protein by changing enzyme activity, cellular location, or association with other proteins. The catalytic subunits of protein kinases are highly conserved, and several structures have been solved [[cite:PUB00034898]], leading to large screens to develop kinase-specific inhibitors for the treatments of a number of diseases [[cite:PUB00034899]].</p>; <p>Tyrosine-protein kinases can transfer a phosphate group from ATP to a tyrosine residue in a protein. These enzymes can be divided into two main groups [[cite:PUB00020114]]:</p>

<ul>
<li>Receptor tyrosine kinases (RTK), which are transmembrane proteins involved in signal transduction; they play key roles in growth, differentiation, metabolism, adhesion, motility, death and oncogenesis [[cite:PUB00052410]]. RTKs are composed of 3 domains: an extracellular domain (binds ligand), a transmembrane (TM) domain, and an intracellular catalytic domain (phosphorylates substrate). The TM domain plays an important role in the dimerisation process necessary for signal transduction [[cite:PUB00052411]].</li>
<li>Cytoplasmic/non-receptor tyrosine kinases, which act as regulatory proteins, playing key roles in cell differentiation, motility, proliferation, and survival. For example, the Src-family of protein-tyrosine kinases [[cite:PUB00052412]].</li>
</ul>; <p>This entry represents the insulin receptor, as well as related insulin-like receptors. The insulin receptor binds insulin and has a tyrosine-protein kinase activity, and mediates the metabolic functions of insulin. Binding to insulin stimulates the association of the receptor with downstream mediators, including IRS1 and phosphatidylinositol 3'-kinase (PI3K). The insulin receptor can activate PI3K either directly by binding to the p85 regulatory subunit, or indirectly via IRS1. When the insulin receptor is present in a hybrid receptor with IGF1R (insulin growth factor receptor), it binds IGF1 (insulin growth factor 1) [[cite:PUB00052450], [cite:PUB00052451], [cite:PUB00052452]].</p>"
1;IPR040969;"doi:10.1371/journal.pone.0205180
imex:IM-26942
pubmed:30300385";Insulin receptor, trans-membrane domain;<p>This entry represents the trans-membrane domain (TMD) found in insulin receptor proteins. The TMD of the insulin receptor is within the beta-subunit and contains 23 amino acids. Mutations in the TMD were shown to have effects on receptor biosynthetic processing and kinase activation. Substitution of the entire TMD of the insulin receptor (IR) resulted in constitutive kinase activation in vitro, while replacing the TMD with that of glycophorin A inhibited insulin action. Structural studies show that TMD contains a helix and a kink when it is purified in dodecylphosphocholine (DPC) micelles. The residues 942-948 preceding the TMD have a propensity to be a short helix and may interact with membrane [[cite:PUB00091378]].</p>
1;IPR015621;"doi:10.1016/j.cell.2021.04.011
imex:IM-29278
pubmed:33961781";Interleukin-1 receptor family;"<p>Interleukin-1 alpha and interleukin-1 beta (IL-1 alpha and IL-1 beta) are cytokines that participate in the regulation of immune responses, inflammatory reactions, and hematopoiesis [[cite:PUB00007346]]. Two types of IL-1 receptor, each with three extracellular immunoglobulin (Ig)-like domains, limited sequence similarity (28%) and different pharmacological characteristics have been cloned from mouse and human cell lines: these have been termed type I and type II receptors [[cite:PUB00007347]]. The receptors both exist in transmembrane (TM) and soluble forms: the soluble IL-1 receptor is thought to be post-translationally derived from cleavage of the extracellular portion of the membrane receptors. Both IL-1 receptors appear to be well conserved in evolution, and map to the same chromosomal location [[cite:PUB00007348]]. The receptors can both bind all three forms of IL-1 (IL-1 alpha, IL-1 beta and interleukin-1 receptor antagonist, IL-1RA).</p>

<p>The crystal structure of the soluble extracellular part of type-I IL1R complexed with IL1RA has been determined [[cite:PUB00007351]]. The receptor structure is characterised by three Ig-like domains, of which domains 1 and 2 are tightly linked, while domain 3 is completely separate and connected by a flexible linker.</p>; <p>This entry represents the interleukin-1 receptor family, which includes among others: interleukin-1 receptor type 1 (IL1R1), interleukin-1 receptor type 2 (IL1R2), interleukin-1 receptor accessory protein (IL1RAP), interleukin-18 receptor 1 and interleukin-18 receptor accessory protein.</p>"
1;IPR050305;"doi:10.1016/j.cell.2021.04.011
doi:10.1038/nature22366
imex:IM-25778
imex:IM-29278
pubmed:28514442
pubmed:33961781";Small GTPase superfamily, Rab;<p>The Rab family of small GTPases is a group of proteins that play a crucial role in regulating intracellular membrane trafficking. They are involved in various stages of vesicular transport, including vesicle formation, movement, tethering, and fusion with target membranes. Members of the Rab family cycle between an inactive GDP-bound form and an active GTP-bound form, recruiting different downstream effectors necessary for vesicular trafficking processes. They are key regulators in processes such as exocytosis, endocytic recycling, and ciliogenesis. Some Rabs are involved in specific pathways like insulin-induced glucose transporter trafficking to the plasma membrane, which is important for glucose homeostasis. Others participate in the establishment and maintenance of cell polarity, neurotransmitter release, and the assembly of tight junctions. The Rab family also has roles in autophagy, axonogenesis, and the regulation of endoplasmic reticulum dynamics.</p>
1;IPR037872;"doi:10.1016/j.cell.2021.04.011
doi:10.1038/nature22366
imex:IM-25778
imex:IM-29278
pubmed:28514442
pubmed:33961781";Rab3;"<p>The Rab3 subfamily contains Rab3A, Rab3B, Rab3C, and Rab3D. All four isoforms were found in mouse brain and endocrine tissues, with varying levels of expression. Rab3A, Rab3B, and Rab3C localized to synaptic and secretory vesicles; Rab3D was expressed at high levels only in adipose tissue, exocrine glands, and the endocrine pituitary, where it is localized to cytoplasmic secretory granules [[cite:PUB00087749]]. Rab3 appears to control Ca2+-regulated exocytosis. The appropriate GDP/GTP exchange cycle of Rab3A is required for Ca2+-regulated exocytosis to occur, and interaction of the GTP-bound form of Rab3A with effector molecule(s) is widely believed to be essential for this process [[cite:PUB00034797]].</p>"
1;IPR005456;"doi:10.1016/j.cell.2021.04.011
imex:IM-29278
pubmed:33961781";Pre-pro melanin-concentrating hormone;"<p>Melanin-concentrating hormone (MCH) is a cyclic peptide originally identified in teleost fish [[cite:PUB00007848], [cite:PUB00007849]]. In fish, MCH is released from the pituitary and causes lightening of skin pigment cells through pigment aggregation [[cite:PUB00007850]]. In mammals, MCH is predominantly expressed in the hypothalamus, and functions as a neurotransmitter in the control of a range of functions. A major role of MCH is thought to be in the regulation of feeding: injection of MCH into rat brains stimulates feeding; expression of MCH is upregulated in the hypothalamus of obese and fasting mice; and mice lacking MCH are lean and eat less [[cite:PUB00007848]]. MCH and alpha melanocyte-stimulating hormone (alpha-MSH) have antagonistic effects on a number of physiological functions. Alpha-MSH darkens pigmentation in fish and reduces feeding in mammals, whereas MCH increases feeding [[cite:PUB00007850]].</p>

<p>MCH is derived from a pre-pro-hormone (pre-pro-MCH), which contains 1-2 hormones other than MCH, depending on the species. In all species, the 17-19 C-terminal amino acids are cleaved to release MCH. In mammals, amino acids 132-144 encode the hormone neuropeptide EI (NEI), whilst in salmonids, the analogous region encodes neuropeptide EV (NEV), and in other fish, the region determines MCH gene-related peptide (Mgrp) [[cite:PUB00007851]]. A further peptide, known as neuropeptide GE (NGE), is thought to be found in mammalian pre-pro-MCH upstream of NEI, encoded by amino acids 110-129. NEI has been shown to enhance oxytocin and reduce arginine vasopressin secretion from rat pituitary [[cite:PUB00007852]]. Two paralogues of MCH, known as pro-MCH-like 1 and 2 genes (PMCHL1 and PMCHL2), which arose recently in primate evolution, also exist. At present, it is unclear whether the PMCHL genes are functional genes or inactive pseudogenes.</p>"
1;IPR042837;"doi:10.1016/j.cell.2021.04.011
imex:IM-29278
pubmed:33961781";Pentraxin-related protein PTX3;"<p>Pentraxin-related protein PTX3 is a long pentraxin that provides defence against infectious agents and plays several functions in tissue repair and regulation of cancer-related inflammation [[cite:PUB00093427]].</p>; <p>Pentraxins are a family of evolutionarily conserved molecules with regulatory role in inflammation. They share the  ""pentraxin signature"" (His-x-Cys-x-Ser/Thr-Trp-x-Ser, where x is any amino acid) and can be divided into a short and a long arm based on their structural organization. Short pentraxins, feature a peculiar quaternary structure with five or ten identical protomer subunits arranged into symmetric pentamers, such as CRP and SAP, are secreted proteins produced by hepatocytes in response to IL-6. Long pentraxins, on the other end, display an unrelated amino-terminal region coupled to a C-terminal pentraxin domain. PTX3 is the prototype of the long pentraxin subfamily produced by myeloid and stromal cells, but not by hepatocytes, in response to primary pro-inflammatory cytokines or microbial moieties [[cite:PUB00093428]].</p>"
1;IPR030476;"doi:10.1016/j.cell.2021.04.011
imex:IM-29278
pubmed:33961781";Pentaxin, conserved site;"<p>Pentaxins (or pentraxins) [[cite:PUB00000009], [cite:PUB00001068]] are a family of proteins which show, under electron microscopy, a discoid arrangement of five noncovalently bound subunits. Proteins known to belong to this family are:</p>

<ul>

<li>C-reactive protein (CRP), a protein which, in mammals, is expressed during acute phase response to tissue injury or inflammation. CRP displays several functions associated with host defense: it promotes agglutination, bacterial capsular swelling, phagocytosis and complement fixation through its calcium-dependent binding to phosphorylcholine. CRPs have also been sequenced in an invertebrate, the Atlantic horseshoe crab, where they are a normal constituent of the hemolymph.</li>
<li>Serum Amyloid P-component (SAP), a precursor of amyloid component P which is found in basement membrane and is associated with amyloid deposits.</li>
<li>Hamster female protein (FP), a plasma protein whose concentration is altered by sex steroids and stimuli that elicit an acute phase response.</li>
</ul>

<p>A number of proteins, whose function is not yet clear, contain a C-terminal pentaxin-like domain. These proteins are:</p>

<ul>

<li>Human PTX3 (or TSG-14). PTX3 is a cytokine-induced protein.</li>
<li>Guinea pig apexin [[cite:PUB00002885]], a sperm acrosomal protein. Apexin seems to be the ortholog of human neuronal pentraxin II (gene NPTX2) [[cite:PUB00001965]].</li>
<li>Rat neuronal pentaxin I [[cite:PUB00004314]].</li>
</ul>

<p>The sequences of the different members of this family are quite conserved. This entry represents a six residue pattern which includes a cysteine known to be involved in a disulfide bridge in CRPs and SAP.</p>"
1;IPR058832;"doi:10.1016/j.cell.2021.04.011
imex:IM-29278
pubmed:33961781";PTX3-like, N-terminal domain;<p>This domain is found at the N-terminal end of human Pentraxin-related protein PTX3 and similar sequences from vertebrates. PTX3 plays a role in the regulation of innate resistance to pathogens, inflammatory reactions, possibly clearance of self-components and female fertility [[cite:PUB00161425]]. This domain, which is often found associated with [interpro:IPR001759] and [pfam:PF13385], is predicted to show an all-α structure.</p>
1;IPR001759;"doi:10.1016/j.cell.2021.04.011
imex:IM-29278
pubmed:33961781";Pentraxin domain;"<p>This entry represents the pentraxin (PTX) domain, the C-terminal ~200 aa-long conserved domain of pentraxins (earlier also termed pentaxins). This domain contains an 8 aa-long conserved sequence (HxCxS/TWxS, in which x is any amino acid) [[cite:PUB00000009], [cite:PUB00001068], [cite:PUB00109114]]. This domain covers the whole length of the protein in CRP (C-reactive protein) and SAP (serum amyloid P component protein). This entry also includes adhesion G-protein coupled receptors D2 and G6 from humans.</p>

<p>Pentraxins (or pentaxins) [[cite:PUB00000009], [cite:PUB00001068]] are a family of proteins which show, under electron microscopy, a discoid arrangement of five noncovalently bound subunits. Proteins of the pentraxin family are involved in acute immunological responses [[cite:PUB00001068]]. Three of the principal members of the pentraxin family are serum proteins and Ca<sup>2</sup>dependent: namely, C-reactive protein (CRP) [[cite:PUB00000990]], serum amyloid P component protein (SAP) [[cite:PUB00000262]], and female protein (FP) [[cite:PUB00005092]]. CRP binds to ligands containing phosphocholine, SAP binds to amyloid fibrils, DNA, chromatin, fibronectin, C4-binding proteins and glycosaminoglycans.</p>

<p>CRP is expressed during acute phase response to tissue injury or inflammation in mammals. The protein resembles antibody and performs several functions associated with host defence: it promotes agglutination, bacterial capsular swelling and phagocytosis, and activates the classical complement pathway through its calcium-dependent binding to phosphocholine. CRPs have also been sequenced in an invertebrate, Limulus polyphemus (Atlantic horseshoe crab), where they are a normal constituent of the hemolymph [[cite:PUB00005239]].</p>

<p>SAP is a vertebrate protein that is a precursor of amyloid component P. It is found in all types of amyloid deposits, in glomerular basement menbrane and in elastic fibres in blood vessels. SAP binds to various lipoprotein ligands in a calcium-dependent manner, and it has been suggested that, in mammals, this may have important implications in atherosclerosis and amyloidosis [[cite:PUB00004168]].</p>

<p>FP is a SAP homologue found in Mesocricetus auratus (golden hamster). The concentration of this plasma protein is altered by sex steroids and stimuli that elicit an acute phase response.</p>

<p>""Long"" pentraxins have N-terminal extensions to the common pentraxin domain [[cite:PUB00081665]]; one group, the neuronal pentraxins, may be involved in synapse formation and remodeling, and they may also be able to form heteromultimers [[cite:PUB00081666]]. Pentraxin proteins expressed in the nervous system are neural pentraxin I (NPI) and II (NPII) [[cite:PUB00001976]]. NPI and NPII are homologous and can exist within one species. It is suggested that both proteins mediate the uptake of synaptic macromolecules and play a role in synaptic plasticity. Apexin, a sperm acrosomal protein, is a homologue of NPII found in Cavia porcellus (Guinea pig) [[cite:PUB00002885]].</p>

<p>PTX3 is a long pentraxin that provides defence against infectious agents and plays several functions in tissue repair and regulation of cancer-related inflammation [[cite:PUB00093427]].</p>"
1;IPR006558;"doi:10.1016/j.cell.2021.04.011
imex:IM-29278
pubmed:33961781";LamG-like jellyroll fold;<p>This LamG-like jellyroll fold domain is found in the metalloproteinase Pappalysin-1 [[cite:PUB00075712]] and Usherin [[cite:PUB00075711]]. Its function is unknown.</p>
1;IPR023827;"doi:10.1016/j.cell.2021.04.011
imex:IM-29278
pubmed:33961781";Peptidase S8, subtilisin, Asp-active site;"<p>Subtilases [[cite:PUB00004957]] are an extensive family of serine proteases belonging to the MEROPS peptidase family S8 (subtilisin, clan SB). Members of this family have a catalytic triad in the order Asp, His and Ser in the sequence, which is a different order to that of families S1, S9 and S10. The catalytic activity is provided by a charge relay system similar to that of the trypsin family of serine proteases but which evolved by independent convergent evolution. The sequence around the residues involved in the catalytic triad (Asp, Ser and His) are completely different from that of the analogous residues in the trypsin serine proteases and can be used as signatures specific to that category of proteases. If a protein includes at least two of the three active site signatures, the probability of it being a serine protease from the subtilase family is 100%.</p>; <p>This entry represents the conserved sequence around the aspartic acid (Asp) active site.</p>"
1;IPR036852;"doi:10.1016/j.cell.2021.04.011
imex:IM-29278
pubmed:33961781";Peptidase S8/S53 domain superfamily;"<p>These proteins contain a domain superfamily found in serine peptidases belonging to the MEROPS peptidase families S8 (subfamilies S8A (subtilisin) and S8B (kexin) and S53 (sedolisin), both of which are members of clan SB [[cite:PUB00000522]].</p>

<p>The subtilisin family is one of the largest serine peptidase families characterised to date. Over 200 subtilises are presently known, more than 170 of which with their complete amino acid sequence [[cite:PUB00006225]]. It is widespread, being found in eubacteria, archaebacteria, eukaryotes and viruses [[cite:PUB00003576]]. The vast majority of the family are endopeptidases, although there is an exopeptidase, tripeptidyl peptidase [[cite:PUB00003576], [cite:PUB00000522]]. Structures have been determined for several members of the subtilisin family: they exploit the same catalytic triad as the chymotrypsins, although the residues occur in a different order (HDS in chymotrypsin and DHS in subtilisin), but the structures show no other similarity [[cite:PUB00003576], [cite:PUB00000522]]. Some subtilisins are mosaic proteins, while others contain N- and C-terminal extensions that show no sequence similarity to any other known protein [[cite:PUB00003576]].</p>

<p>The proprotein-processing endopeptidases kexin, furin and related enzymes form a distinct subfamily known as the kexin subfamily (S8B). These preferentially cleave C-terminally to paired basic amino acids. Members of this subfamily can be identified by subtly different motifs around the active site [[cite:PUB00003576], [cite:PUB00000522]]. Members of the kexin subfamily, along with endopeptidases R, T and K from the yeast Tritirachium and cuticle-degrading peptidase from Metarhizium, require thiol activation. This can be attributed to the presence of a cysteine near to the active site histidine [[cite:PUB00000522]]. Only one viral member of the subtilisin family is known, a 56kDa protease from herpes virus 1, which infects the channel catfish [[cite:PUB00003576]].</p>"
1;IPR034182;"doi:10.1016/j.cell.2021.04.011
imex:IM-29278
pubmed:33961781";Kexin/furin catalytic domain;"<p>This entry represents the catalytic domain of kexin, furin and related proteins [[cite:PUB00083116]]. Protein convertases, whose members include furin (MEROPS identifier S08.071) and kexin (S08.070), are members of the peptidase S8 or subtilase family of peptidases [[cite:PUB00000522]]. Kexins are involved in the activation of peptide hormones, growth factors, and viral proteins.  Furin cleaves cell surface vasoactive peptides and proteins involved in cardiovascular tissue remodeling in the TGN, at cell surface, or in endosomes but rarely in the ER.  Furin also plays a key role in blood pressure regulation though the activation of transforming growth factor (TGF)-beta. High specificity is seen for cleavage after dibasic (Lys-Arg or Arg-Arg) or multiple basic residues in protein convertases [[cite:PUB00079863]].</p>; <p>The subtilisin family is one of the largest serine peptidase families characterised to date. Over 200 subtilisins are presently known, more than 170 of which have their complete amino acid sequence [[cite:PUB00006225]]. It is widespread, being found in eubacteria, archaebacteria, eukaryotes and viruses [[cite:PUB00003576]]. The vast majority of the family are endopeptidases, although there is an exopeptidase, tripeptidyl peptidase [[cite:PUB00003576], [cite:PUB00000522]]. Structures have been determined for several members of the subtilisin family: they exploit the same catalytic triad as the chymotrypsins, although the residues occur in a different order (HDS in chymotrypsin and DHS in subtilisin), but the structures show no other similarity [[cite:PUB00003576], [cite:PUB00000522]]. Some subtilisins are mosaic proteins, while others contain N- and C-terminal extensions that show no sequence similarity to any other known protein [[cite:PUB00003576]].</p>"
1;IPR032815;"doi:10.1016/j.cell.2021.04.011
imex:IM-29278
pubmed:33961781";Peptidase S8, pro-domain;<p>This domain is the pro-domain of several peptidases belonging to family S8 [[cite:PUB00011744]].</p>
1;IPR022398;"doi:10.1016/j.cell.2021.04.011
imex:IM-29278
pubmed:33961781";Peptidase S8, subtilisin, His-active site;"<p>This entry represents the conserved sequence around the His active site of Subtilisin-like proteases.</p>; <p>Subtilases [[cite:PUB00004957]] are an extensive family of serine proteases belonging to the MEROPS peptidase family S8 (subtilisin, clan SB). Members of this family have a catalytic triad in the order Asp, His and Ser in the sequence, which is a different order to that of families S1, S9 and S10. The catalytic activity is provided by a charge relay system similar to that of the trypsin family of serine proteases but which evolved by independent convergent evolution. The sequence around the residues involved in the catalytic triad (Asp, Ser and His) are completely different from that of the analogous residues in the trypsin serine proteases and can be used as signatures specific to that category of proteases. If a protein includes at least two of the three active site signatures, the probability of it being a serine protease from the subtilase family is 100%.</p>"
1;IPR023828;"doi:10.1016/j.cell.2021.04.011
imex:IM-29278
pubmed:33961781";Peptidase S8, subtilisin, Ser-active site;"<p>This entry represents the conserved sequence around the Ser active site.</p>; <p>Subtilases [[cite:PUB00004957]] are an extensive family of serine proteases belonging to the MEROPS peptidase family S8 (subtilisin, clan SB). Members of this family have a catalytic triad in the order Asp, His and Ser in the sequence, which is a different order to that of families S1, S9 and S10. The catalytic activity is provided by a charge relay system similar to that of the trypsin family of serine proteases but which evolved by independent convergent evolution. The sequence around the residues involved in the catalytic triad (Asp, Ser and His) are completely different from that of the analogous residues in the trypsin serine proteases and can be used as signatures specific to that category of proteases. If a protein includes at least two of the three active site signatures, the probability of it being a serine protease from the subtilase family is 100%.</p>"
1;IPR015500;"doi:10.1016/j.cell.2021.04.011
imex:IM-29278
pubmed:33961781";Peptidase S8, subtilisin-related;"<p>This entry contains serine endopeptidases belonging to the MEROPS peptidase family S8 (subtilisin family , clan SB).</p>; <p>Limited proteolysis of most large protein precursors is carried out in vivo by the subtilisin-like pro-protein convertases. Many important biological processes such as peptide hormone synthesis, viral protein processing and receptor maturation involve proteolytic processing by these enzymes [[cite:PUB00035098]]. The subtilisin-serine protease (SRSP) family hormone and pro-protein convertases (furin, PC1/3, PC2, PC4, PACE4, PC5/6, and PC7/7/LPC) act within the secretory pathway to cleave polypeptide precursors at specific basic sites, generating their biologically active forms. Serum proteins, pro-hormones, receptors, zymogens, viral surface glycoproteins, bacterial toxins, amongst others, are activated by this route [[cite:PUB00035099]]. The SRSPs share the same domain structure, including a signal peptide, the pro-peptide, the catalytic domain, the P/middle or homo B domain, and the C terminus.</p>"
1;IPR002884;"doi:10.1016/j.cell.2021.04.011
imex:IM-29278
pubmed:33961781";P domain;"<p>In eukaryotes, many essential secreted proteins and peptide hormones are excised from larger precursors by members of a class of calcium-dependent endoproteinases, the prohormone-proprotein convertases (PCs).The P (known as such because it is essential for proteolytic activity), or Homo B, domain of ~150 residues is a distinctive characteristic of members of the proprotein convertase family. The P/Homo B domain appears to be necessary to both fold and maintain the subtilisin-like active catalytic module and to regulate its specialized features of calcium and more acidic pH dependence [[cite:PUB00087110], [cite:PUB00003014], [cite:PUB00029766], [cite:PUB00053054]].</p>

<p>The core of the P/Homo B domain consists of a jelly roll-like fold with eight β-strands. Nonbonded interactions between the catalytic and P/Homo B domains provide additional structural stabilization of the catalytic domains, which alone appear to be thermodynamically unstable [[cite:PUB00029766], [cite:PUB00053054]].</p>

<p>Most of the PC family members contained the cognate integrin binding RGD sequence within the middle of the P domain [[cite:PUB00006441]], which may be required for intracellular compartmentalization and maintenance of enzyme stability within the ER. The integrity of the RGD sequence of proprotein convertase PC1 is critical for its zymogen and C-terminal processing and for its cellular trafficking [[cite:PUB00006382], [cite:PUB00006441]]. The carboxy-terminal tail provides uniqueness to each PC family member being the least conserved region of all convertases [[cite:PUB00014208]].</p>"
1;IPR000209;"doi:10.1016/j.cell.2021.04.011
imex:IM-29278
pubmed:33961781";Peptidase S8/S53 domain;"<p>These proteins contain a domain found in serine peptidases belonging to the MEROPS peptidase families S8 (subfamilies S8A (subtilisin) and S8B (kexin) and S53 (sedolisin), both of which are members of clan SB [[cite:PUB00000522]].</p>

<p>The subtilisin family is one of the largest serine peptidase families characterised to date. Over 200 subtilises are presently known, more than 170 of which with their complete amino acid sequence [[cite:PUB00006225]]. It is widespread, being found in eubacteria, archaebacteria, eukaryotes and viruses [[cite:PUB00003576]]. The vast majority of the family are endopeptidases, although there is an exopeptidase, tripeptidyl peptidase [[cite:PUB00003576], [cite:PUB00000522]]. Structures have been determined for several members of the subtilisin family: they exploit the same catalytic triad as the chymotrypsins, although the residues occur in a different order (HDS in chymotrypsin and DHS in subtilisin), but the structures show no other similarity [[cite:PUB00003576], [cite:PUB00000522]]. Some subtilisins are mosaic proteins, while others contain N- and C-terminal extensions that show no sequence similarity to any other known protein [[cite:PUB00003576]].</p>

<p>The proprotein-processing endopeptidases kexin, furin and related enzymes
form a distinct subfamily known as the kexin subfamily (S8B). These preferentially cleave C-terminally to paired basic amino acids. Members of this subfamily can be identified by subtly different motifs around the active site [[cite:PUB00003576], [cite:PUB00000522]].  Members of the kexin subfamily, along with endopeptidases R, T and K from the yeast Tritirachium and cuticle-degrading peptidase from Metarhizium, require thiol activation. This can be attributed to the presence of a cysteine near to the active site histidine [[cite:PUB00000522]].  Only one viral member of the subtilisin family is known, a 56kDa protease from herpes virus 1, which infects the channel catfish [[cite:PUB00003576]].</p>"
1;IPR022005;"doi:10.1016/j.cell.2021.04.011
imex:IM-29278
pubmed:33961781";Prohormone convertase enzyme;<p>This domain family is found in eukaryotes, and is approximately 40 amino acids in length. The family is found in association with [pfam:PF01483], [pfam:PF00082]. There are two completely conserved residues (Y and D) that may be functionally important. This protein is the C-terminal domain of a prohormone convertase enzyme which targets hormones in dense core secretory granules. This C-terminal tail domain is the domain responsible for targeting these dense core secretory granules. The domain adopts an α helical structure [[cite:PUB00048324]].</p>
1;IPR038466;"doi:10.1016/j.cell.2021.04.011
imex:IM-29278
pubmed:33961781";Peptidase S8, pro-domain superfamily;<p>This domain is the pro-domain found at the C terminus of several peptidases belonging to family S8 [[cite:PUB00011744]]. The overall fold of the PC1 pro-domain consists of two α-helices and four β-strands in a β-α-β-β-α-β arrangement.</p>
1;IPR050119;"doi:10.1016/j.cell.2021.04.011
imex:IM-29278
pubmed:33961781";C-C chemokine receptor type 1-9-like;<p>This entry includes a group of G-protein coupled receptors characterized by its involvement in a wide range of physiological processes, including chemotaxis, immune response, inflammation, cell adhesion, and signal transduction. Among its members are C-C chemokine receptors type 1-9 receptors for various chemokines (including CCL3/MIP-1-alpha, CCL4/MIP-1-beta, RANTES, CXCL12/SDF-1), peptides, and other ligands, triggering intracellular signalling cascades that regulate cellular responses such as calcium ion flux, cell migration, proliferation, survival, and angiogenic activity [[cite:PUB00155189], [cite:PUB00090373]]. They play crucial roles in the cardiovascular system, central nervous system development, hematopoiesis, and in the regulation of blood pressure and sodium retention. Some receptors also function as coreceptors for viral entry, including HIV, and may be implicated in the development of AIDS dementia. This family includes both typical signaling receptors and atypical chemokine receptors that modulate immune responses by sequestering, degrading, or transcytosing chemokines.</p>
1;IPR000355;"doi:10.1016/j.cell.2021.04.011
imex:IM-29278
pubmed:33961781";Chemokine receptor family;"<p>Chemokines (chemotactic cytokines) are a family of chemoattractant molecules. They attract leukocytes to areas of inflammation and lesions, and play a key role in leukocyte activation. Originally defined as host defense proteins, chemokines are now known to play a much broader biological role [[cite:PUB00009401]]. They have a wide range of effects in many different cell types beyond the immune system, including, for example, various cells of the central nervous system [[cite:PUB00067945]], and endothelial cells, where they may act as either angiogenic or angiostatic factors [[cite:PUB00067946]].</p>

<p>The chemokine family is divided into four classes based on the number and spacing of their conserved cysteines: 2 Cys residues may be adjacent (the CC family); separated by an intervening residue (the CXC family); have only one of the first two Cys residues (C chemokines); or contain both cysteines, separated by three intervening residues (CX3C chemokines).</p>

<p>Chemokines exert their effects by binding to rhodopsin-like G protein-coupled receptors on the surface of cells. Following interaction with their specific chemokine ligands, chemokine receptors trigger a flux in intracellular calcium ions, which cause a cellular response, including the onset of chemotaxis. There are over fifty distinct chemokines and least 18 human chemokine receptors [[cite:PUB00064589]]. Although the receptors bind only a single class of chemokines, they often bind several members of the same class with high affinity. Chemokine receptors are preferentially expressed on important functional subsets of dendritic cells, monocytes and lymphocytes, including Langerhans cells and T helper cells [[cite:PUB00064621], [cite:PUB00064622]]. Chemokines and their receptors can also be subclassified into homeostatic leukocyte homing molecules (CXCR4, CXCR5, CCR7, CCR9) versus inflammatory/inducible molecules (CXCR1, CXCR2, CXCR3, CCR1-6, CX3CR1).</p>; <p>This entry represents the chemokine receptor family.</p>"
1;IPR002236;"doi:10.1016/j.cell.2021.04.011
imex:IM-29278
pubmed:33961781";CC chemokine receptor 1;"<p>Chemokines (chemotactic cytokines) are a family of chemoattractant molecules. They attract leukocytes to areas of inflammation and lesions, and play a key role in leukocyte activation. Originally defined as host defense proteins, chemokines are now known to play a much broader biological role [[cite:PUB00009401]]. They have a wide range of effects in many different cell types beyond the immune system, including, for example, various cells of the central nervous system [[cite:PUB00067945]], and endothelial cells, where they may act as either angiogenic or angiostatic factors [[cite:PUB00067946]].</p>

<p>The chemokine family is divided into four classes based on the number and spacing of their conserved cysteines: 2 Cys residues may be adjacent (the CC family); separated by an intervening residue (the CXC family); have only one of the first two Cys residues (C chemokines); or contain both cysteines, separated by three intervening residues (CX3C chemokines).</p>

<p>Chemokines exert their effects by binding to rhodopsin-like G protein-coupled receptors on the surface of cells. Following interaction with their specific chemokine ligands, chemokine receptors trigger a flux in intracellular calcium ions, which cause a cellular response, including the onset of chemotaxis. There are over fifty distinct chemokines and least 18 human chemokine receptors [[cite:PUB00064589]]. Although the receptors bind only a single class of chemokines, they often bind several members of the same class with high affinity. Chemokine receptors are preferentially expressed on important functional subsets of dendritic cells, monocytes and lymphocytes, including Langerhans cells and T helper cells [[cite:PUB00064621], [cite:PUB00064622]]. Chemokines and their receptors can also be subclassified into homeostatic leukocyte homing molecules (CXCR4, CXCR5, CCR7, CCR9) versus inflammatory/inducible molecules (CXCR1, CXCR2, CXCR3, CCR1-6, CX3CR1).</p>; <p>CC chemokine receptors are a subfamily of the chemokine receptors that specifically bind and respond to cytokines of the CC chemokine family. There are currently ten members of the CC chemokine receptor subfamily, named CCR1 to 10. The receptors receptors are found in monocytes, lymphocytes, basophils and eosinophils.</p>; <p>This entry represents CC chemokine receptor 1 (CCR1). In humans, it is found on peripheral blood lymphocytes and monocytes [[cite:PUB00064612], [cite:PUB00064613], [cite:PUB00064614]]. Immunologically mediated inflammatory disease indications have been suggested for CCR1 [[cite:PUB00064627], [cite:PUB00064628]], including cardiac allograft rejection [[cite:PUB00064615]] and glomerulonephritis [[cite:PUB00064619]]. Following interaction with specific CC chemokine ligands, CCR1 triggers a flux in intracellular calcium ions [[cite:PUB00064623], [cite:PUB00064624], [cite:PUB00064625]]. This causes cell responses, including the recruitment of mononuclear phagocytes into the CNS, leading to chemotaxis [[cite:PUB00064623], [cite:PUB00064614], [cite:PUB00064626], [cite:PUB00064648]].</p>"
1;IPR038677;"doi:10.1016/j.cell.2021.04.011
imex:IM-29278
pubmed:33961781";WIF domain superfamily;"<p>Wnt morphogens control embryonic development and homeostasis in adult tissues. In vertebrates the N-terminal WIF domain (WIF-1WD) of Wnt inhibitory factor 1 (WIF-1) binds Wnt ligands.</p>

<p>This entry represents the WIF domain, it is found in the RYK tyrosine kinase receptors and WIF the Wnt-inhibitory-factor. The domain is extracellular and contains two conserved cysteines that may form a disulphide bridge. This domain is Wnt binding in WIF, and it has been suggested that RYK may also bind to Wnt [[cite:PUB00008089]]. The WIF domain of WIF-1 was suggested to have a function in inhibiting Wnt signalling [[cite:PUB00059810]].</p>"
1;IPR003306;"doi:10.1016/j.cell.2021.04.011
imex:IM-29278
pubmed:33961781";WIF domain;"<p>Wnt morphogens control embryonic development and homeostasis in adult tissues. In vertebrates the N-terminal WIF domain (WIF-1WD) of Wnt inhibitory factor 1 (WIF-1) binds Wnt ligands.</p>

<p>This entry represents the WIF domain, it is found in the RYK tyrosine kinase receptors and WIF the Wnt-inhibitory-factor. The domain is extracellular and contains two conserved cysteines that may form a disulphide bridge. This domain is Wnt binding in WIF, and it has been suggested that RYK may also bind to Wnt [[cite:PUB00008089]]. The WIF domain of WIF-1 was suggested to have a function in inhibiting Wnt signalling [[cite:PUB00059810]].</p>"
1;IPR032443;"imex:IM-29168
pubmed:34316702";RAWUL domain;<p>The RAWUL domain is found at the C terminus of poly-comb group RING finger proteins. It contains a variant ubiquitin-like fold with a distinct conserved surface region. The conserved surface found in this domain is responsible for interaction with Cbx members of the PRC1 (polycomb repression complex 1) and homodimer formation [[cite:PUB00057727]].</p>
1;IPR027410;"imex:IM-16425
pubmed:23414517";TCP-1-like chaperonin intermediate domain superfamily;"<p>Chaperonins are large cylindrical structures that transiently enclose a partially folded polypeptide and allow it to continue folding in a sequestered environment. Chaperonins are grouped into two families: group I chaperonins, found in eubacteria (e.g. GroEL in Escherichia coli) and eukaryotic organelles of eubacterial descent (e.g. Cpn60 in mitochondria and chloroplasts), and group II chaperonins, found in archaea and the eukaryotic cytosol (CCT or TCP-1 complex) [[cite:PUB00064262], [cite:PUB00064264]]. Both groups share a common monomer architecture of three domains: an equatorial domain that carries ATPase activity, an intermediate domain, and an apical domain, involved in substrate binding [[cite:PUB00064263], [cite:PUB00021689]].</p>

<p>This superfamily represents the intermediate domain of type II chaperonins.</p>"
1;IPR002423;"imex:IM-16425
pubmed:23414517";Chaperonin Cpn60/GroEL/TCP-1 family;"<p>The assembly of proteins has been thought to be the sole result of properties inherent in the primary sequence of polypeptides themselves. In some cases, however, structural information from other protein molecules is required for correct folding and subsequent assembly into oligomers [[cite:PUB00004022]]. These 'helper' molecules are referred to as molecular chaperones, a subfamily of which are the chaperonins [[cite:PUB00004550]], which include 10kDa and 60kDa proteins. These are found in abundance in prokaryotes, chloroplasts and mitochondria. They are required for normal cell growth (as demonstrated by the fact that no temperature sensitive mutants for the chaperonin genes can be found in the temperature range 20 to 43 degrees centigrade [[cite:PUB00004022]]), and are stress-induced, acting to stabilise or protect disassembled polypeptides under heat-shock conditions [[cite:PUB00004550]].</p>

<p>The 10kDa chaperonin (Cpn10) and its bacterial homologue groES, exist as a ring-shaped oligomer of between 6 to 8 identical subunits, whereas the 60kDa chaperonin (Cpn60) and its bacterial homologue groEL, form a structure comprising 2 stacked rings, each ring containing 7 identical subunits [[cite:PUB00004022]]. These ring structures assemble by self-stimulation in the presence of Mg2+-ATP. The Cpn10 and Cpn60 oligomers also require Mg2+-ATP in order to interact to form a functional complex, although the mechanism of this interaction is as yet unknown [[cite:PUB00002183]]. This chaperonin complex is essential for the correct folding and assembly of polypeptides into oligomeric structures, of which the chaperonins themselves are not a part [[cite:PUB00004550]]. The binding of Cpn10 to Cpn60 inhibits the weak ATPase activity of Cpn60.</p>

<p>TCP-1 (t-complex polypeptide 1) is a subunit of the hetero-oligomeric complex CCT (chaperonin containing TCP- 1) present in the eukaryotic cytosol. It is a member of the chaperonin family which includes GroEL, 60kDa heat shock protein (Hsp60), Rubisco subunit binding protein (RBP) and thermophilic factor 55 (TF55) [[cite:PUB00064264]].</p>

<p>BBS10 and BBS10 chaperonins play a role in the assembly of BBSome, a complex involved in ciliogenesis regulating transports vesicles to the cilia [[cite:PUB00069285]].</p>"
1;IPR002194;"imex:IM-16425
pubmed:23414517";Chaperonin TCP-1, conserved site;"<p>The TCP-1 protein [[cite:PUB00004127], [cite:PUB00001019]] (Tailless Complex Polypeptide 1) was first identified in mice where it is especially abundant in testis but present in all cell types. It has since been found and characterised in many other animal species, as well as in yeast, plants and protists. TCP-1 is a highly conserved protein of about 60kDa (556 to 560 residues) which participates in a hetero-oligomeric 900kDa double-torus shaped particle [[cite:PUB00004129]] with 6 to 8 other different subunits. These subunits, the chaperonin containing TCP-1 (CCT) subunit beta, gamma, delta, epsilon, zeta and eta are evolutionary related to TCP-1 itself [[cite:PUB00001034], [cite:PUB00005432]]. The CCT is known to act as a molecular chaperone for tubulin, actin and probably some other proteins.</p>
<p>The CCT subunits are highly related to archaebacterial counterparts:</p>
<ul><li>TF55 and TF56 [[cite:PUB00004112]], a molecular chaperone from Sulfolobus shibatae. TF55 has ATPase activity, is known to bind unfolded polypeptides and forms a oligomeric complex of two stacked nine-membered rings.</li>
<li>Thermosome [[cite:PUB00000756]], from Thermoplasma acidophilum. The thermosome is composed of two subunits (alpha and beta) and also seems to be a chaperone with ATPase activity. It forms an oligomeric complex of eight-membered rings.</li></ul>
<p>The TCP-1 family of proteins are weakly, but significantly [[cite:PUB00004124]], related to the cpn60/groEL chaperonin family (see [interpro:IPR001844]).</p>"
1;IPR053374;"imex:IM-16425
pubmed:23414517";;
1;IPR027409;"imex:IM-16425
pubmed:23414517";GroEL-like apical domain superfamily;"<p>Chaperonins are large cylindrical structures that transiently enclose a partially folded polypeptide and allow it to continue folding in a sequestered environment. Chaperonins are grouped into two families: group I chaperonins, found in eubacteria (e.g. GroEL in Escherichia coli) and eukaryotic organelles of eubacterial descent (e.g. Cpn60 in mitochondria and chloroplasts), and group II chaperonins, found in archaea and the eukaryotic cytosol (CCT or TCP-1 complex) [[cite:PUB00064262], [cite:PUB00064264]]. Both groups share a common monomer architecture of three domains: an equatorial domain that carries ATPase activity, an intermediate domain, and an apical domain, involved in substrate binding [[cite:PUB00064263], [cite:PUB00021689]].</p>

<p>This superfamily represents the apical domain.</p>"
1;IPR012722;"imex:IM-16425
pubmed:23414517";T-complex protein 1, zeta subunit;"<p>Members of this eukaryotic family are part of the group II chaperonin complex called CCT (chaperonin containing TCP-1 or Tailless Complex Polypeptide 1) or TRiC [[cite:PUB00004127], [cite:PUB00001019]]. Chaperonins are involved in productive folding of proteins [[cite:PUB00080867]]. They share a common general morphology, a double toroid of 2 stacked rings. The archaeal equivalent group II chaperonin is often called the thermosome [[cite:PUB00080871]]. Both the thermosome and the TCP-1 family of proteins are weakly, but significantly [[cite:PUB00004124]], related to the cpn60/groEL chaperonin family (see [interpro:IPR001844]).</p>

<p>The TCP-1 protein was first identified in mice where it is especially abundant in testis but present in all cell types. It has since been found and characterised in many other animal species, as well as in yeast, plants and protists. The TCP1 complex has a double-ring structure with central cavities where protein folding takes place [[cite:PUB00074264]]. TCP-1 is a highly conserved protein of about 60kDa (556 to 560 residues) which participates in a hetero-oligomeric 900kDa double-torus shaped particle [[cite:PUB00004129]] with 6 to 8 other different, but homologous,  subunits [[cite:PUB00064264]]. These subunits, the chaperonin containing TCP-1 (CCT) subunit beta, gamma, delta, epsilon, zeta and eta are evolutionary related to TCP-1 itself [[cite:PUB00001034], [cite:PUB00005432]]. Non-native proteins are sequestered inside the central cavity and folding is promoted by using energy derived from ATP hydrolysis [[cite:PUB00080868], [cite:PUB00080869], [cite:PUB00080873]]. The CCT is known to act as a molecular chaperone for tubulin, actin and probably some other proteins [[cite:PUB00074265], [cite:PUB00074266]].</p>; <p>This family consists exclusively of the CCT zeta chain (part of a paralogous family) from animals, plants, fungi, and other eukaryotes.</p>"
1;IPR027413;"imex:IM-16425
pubmed:23414517";GroEL-like equatorial domain superfamily;"<p>Chaperonins are large cylindrical structures that transiently enclose a partially folded polypeptide and allow it to continue folding in a sequestered environment. Chaperonins are grouped into two families: group I chaperonins, found in eubacteria (e.g. GroEL in Escherichia coli) and eukaryotic organelles of eubacterial descent (e.g. Cpn60 in mitochondria and chloroplasts), and group II chaperonins, found in archaea and the eukaryotic cytosol (CCT or TCP-1 complex) [[cite:PUB00064262], [cite:PUB00064264]]. Both groups share a common monomer architecture of three domains: an equatorial domain that carries ATPase activity, an intermediate domain, and an apical domain, involved in substrate binding [[cite:PUB00064263], [cite:PUB00021689], [cite:PUB00064971]].</p>

<p>This superfamily represents the equatorial domain.</p>"
1;IPR017998;"imex:IM-16425
pubmed:23414517";T-complex protein 1;<p>Protein folding is generally thought to result solely from properties inherent in the polypeptide primary sequence. However, additional proteins known as molecular chaperones are sometimes required to mediate correct folding and subsequent oligomer assembly [[cite:PUB00004022]]. These chaperones bind to specific protein surfaces, preventing incorrect folding and the formation of non-functional structures [[cite:PUB00001821]].T-complex protein 1 (TCP-1) is a highly conserved cytosolic molecular chaperone [[cite:PUB00044610]]. TCP-1 has also been shown to associate with Golgi membranes and microtubules, the latter suggesting a role in mitotic spindle formation during cell division, particularly in sperm where it is highly abundant [[cite:PUB00004112]]. Structurally, TCP-1 forms a double-ring complex comprising 6-8 subunits per ring, similar to the architecture of the 10 kDa and 60 kDa chaperonins. The amino acid sequence shows significant similarity to the 60 kDa chaperonin and to TF55, a chaperone from the archaeon Sulfolobus shibatae [[cite:PUB00004112]].</p>
1;IPR035027;"imex:IM-24272
pubmed:26496610";CSK-like, SH2 domain;"<p>This entry represents the SH2 domain found in CSK and CHK.</p>

<p>Both the C-terminal Src kinase (CSK) and CSK-homologous kinase (CHK) are members of the CSK-family of protein tyrosine kinases. These proteins suppress activity of Src-family kinases (SFK) by selectively phosphorylating the conserved C-terminal tail regulatory tyrosine by a similar mechanism [[cite:PUB00084855]].</p>

<p>CHK is also capable of inhibiting SFKs by a non-catalytic mechanism that involves binding of CHK to SFKs to form stable protein complexes. The unphosphorylated form of SFKs is inhibited by CSK and CHK by a two-step mechanism. The first step involves the formation of a complex of SFKs with CSK/CHK with the SFKs in the complex are inactive. The second step, involves the phosphorylation of the C-terminal tail tyrosine of SFKs, which then dissociates and adopt an inactive conformation. The structural basis of how the phosphorylated SFKs dissociate from CSK/CHK to adopt the inactive conformation is not known. The inactive conformation of SFKs is stabilized by two intramolecular inhibitory interactions: (a) the pYT:SH2 interaction in which the phosphorylated C-terminal tail tyrosine (YT) binds to the SH2 domain, and (b) the linker:SH3 interaction of which the SH2-kinase domain linker binds to the SH3 domain. SFKs are activated by multiple mechanisms including binding of the ligands to the SH2 and SH3 domains to displace the two inhibitory intramolecular interactions, autophosphorylation, and dephosphorylation of YT. By selective phosphorylation and the non-catalytic inhibitory mechanism CSK and CHK are able to inhibit the active forms of SFKs [[cite:PUB00084854]].</p>"
1;IPR002469;"doi:10.1016/j.cell.2021.04.011
imex:IM-29278
pubmed:33961781";Dipeptidylpeptidase IV, N-terminal domain;"<p>This domain defines serine peptidases belonging to MEROPS peptidase family S9 (clan SC), subfamily S9B (dipeptidyl-peptidase IV). The protein fold of the peptidase domain for members of this family resembles that of serine carboxypeptidase D, the type example of clan SC. This domain is an alignment of the region to the N-terminal side of the active site, which is found in  [interpro:IPR001375].</p>


<p>Dipeptidyl-peptidase IV ([ec:3.4.14.5]) is also called adenosine deaminase-binding protein (ADA-binding protein) or CD26. The exopeptidase cleaves off N-terminal X-Pro or X-Ala dipeptides from polypeptides (dipeptidyl peptidase IV activity). It serves as the costimulatory molecule in T cell activation and is an associated marker of autoimmune diseases, adenosine deaminase-deficiency and HIV pathogenesis [[cite:PUB00075598], [cite:PUB00075599], [cite:PUB00075601]].</p>"
1;IPR050278;"doi:10.1016/j.cell.2021.04.011
imex:IM-29278
pubmed:33961781";Serine protease S9B/DPPIV;<p>The peptidase S9B family, also known as the DPPIV subfamily, includes serine proteases with dipeptidyl peptidase activity, which cleave off N-terminal dipeptides from proteins with a preference for a proline residue at the penultimate position. Members of this family are involved in various physiological processes, including immune response regulation, tissue remodeling, and cell signaling. Some proteins within this family act as venom toxins, contributing to the processing of venom proteins and modulation of immune cell chemotaxis. Others are involved in cell surface expression and modulation of potassium channels, although they lack dipeptidyl aminopeptidase activity. The family also includes prolyl tripeptidyl peptidases that release tripeptides from protein N-termini, and proteins that participate in extracellular matrix degradation and play roles in tissue remodeling, fibrosis, wound healing, inflammation, and tumor growth.</p>
1;IPR001375;"doi:10.1016/j.cell.2021.04.011
imex:IM-29278
pubmed:33961781";Peptidase S9, prolyl oligopeptidase, catalytic domain;"<p>This domain covers the active site serine of the serine peptidases belonging to MEROPS peptidase family S9 (prolyl oligopeptidase family, clan SC). The protein fold of the peptidase domain for members of this family resembles that of serine carboxypeptidase D, the type example of clan SC. Examples of protein families containing this domain are:</p>

<ul><li>Prolyl endopeptidase ([ec:3.4.21.26]) (PE) (also called post-proline cleaving enzyme). PE is an enzyme that cleaves peptide bonds on the C-terminal side of prolyl residues. The sequence of PE has been obtained from a mammalian species (pig) and from bacteria (Flavobacterium meningosepticum and Aeromonas hydrophila); there is a high degree of sequence conservation between these sequences.</li>
<li>Escherichia coli protease II ([ec:3.4.21.83]) (oligopeptidase B) (gene prtB) which cleaves peptide bonds on the C-terminal side of lysyl and argininyl residues.</li>
<li>Dipeptidyl peptidase IV ([ec:3.4.14.5]) (DPP IV). DPP IV is an enzyme that removes N-terminal dipeptides sequentially from polypeptides having unsubstituted N-termini provided that the penultimate residue is proline.</li>
<li>Saccharomyces cerevisiae (Baker's yeast) vacuolar dipeptidyl aminopeptidases A and B (DPAP A and DPAP B), encoded by the STE13 and DAP2 genes respectively. DPAP A is responsible for the proteolytic maturation of the alpha-factor precursor.</li>
<li>Acylamino-acid-releasing enzyme ([ec:3.4.19.1]) (acyl-peptide hydrolase). This enzyme catalyses the hydrolysis of the amino-terminal peptide bond of an N-acetylated protein to generate a N-acetylated amino acid and a protein with a free amino-terminus.</li></ul>

<p>These proteins belong to MEROPS peptidase families S9A, S9B and S9C.</p>; <p>Proteolytic enzymes that exploit serine in their catalytic activity are ubiquitous, being found in viruses, bacteria and eukaryotes [[cite:PUB00003576]]. They include a wide range of peptidase activity, including exopeptidase, endopeptidase, oligopeptidase and omega-peptidase activity. Many families of serine protease have been identified, these being grouped into clans on the basis of structural similarity and other functional evidence [[cite:PUB00003576]]. Structures are known for members of the clans and the structures indicate that some appear to be totally unrelated, suggesting different evolutionary origins for the serine peptidases [[cite:PUB00003576]].</p>

<p>Not withstanding their different evolutionary origins, there are similarities in the reaction mechanisms of several peptidases. Chymotrypsin, subtilisin and carboxypeptidase C have a catalytic triad of serine, aspartate and histidine in common: serine acts as a nucleophile, aspartate as an electrophile, and histidine as a base [[cite:PUB00003576]]. The geometric orientations of the catalytic residues are similar between families, despite different protein folds [[cite:PUB00003576]]. The linear arrangements of the catalytic residues commonly reflect clan relationships. For example the catalytic triad in the chymotrypsin clan (PA) is ordered HDS, but is ordered DHS in the subtilisin clan (SB) and SDH in the carboxypeptidase clan (SC) [[cite:PUB00003576], [cite:PUB00000522]].</p>"
1;IPR012234;"doi:10.1016/j.cell.2019.09.008
imex:IM-27423
pubmed:31585087";Tyrosine-protein kinase, non-receptor SYK/ZAP-70;"<p>Protein phosphorylation, which plays a key role in most cellular activities, is a reversible process mediated by protein kinases and phosphoprotein phosphatases. Protein kinases catalyse the transfer of the gamma phosphate from nucleotide triphosphates (often ATP) to one or more amino acid residues in a protein substrate side chain, resulting in a conformational change affecting protein function. Phosphoprotein phosphatases catalyse the reverse process. 
Protein kinases fall into three broad classes, characterised with respect to substrate specificity [[cite:PUB00005115]]:</p>

<ul>
<li>Serine/threonine-protein kinases</li>
<li>Tyrosine-protein kinases</li>
<li>Dual specificity protein kinases (e.g. MEK -phosphorylates both Thr and Tyr on target proteins)</li>
</ul>

<p>Protein kinase function is evolutionarily conserved from Escherichia coli to human [[cite:PUB00020114]]. Protein kinases play a role in a multitude of cellular processes, including division, proliferation, apoptosis, and differentiation [[cite:PUB00015362]]. Phosphorylation usually results in a functional change of the target protein by changing enzyme activity, cellular location, or association with other proteins. The catalytic subunits of protein kinases are highly conserved, and several structures have been solved [[cite:PUB00034898]], leading to large screens to develop kinase-specific inhibitors for the treatments of a number of diseases [[cite:PUB00034899]].</p>; <p>Tyrosine-protein kinases can transfer a phosphate group from ATP to a tyrosine residue in a protein. These enzymes can be divided into two main groups [[cite:PUB00020114]]:</p>

<ul>
<li>Receptor tyrosine kinases (RTK), which are transmembrane proteins involved in signal transduction; they play key roles in growth, differentiation, metabolism, adhesion, motility, death and oncogenesis [[cite:PUB00052410]]. RTKs are composed of 3 domains: an extracellular domain (binds ligand), a transmembrane (TM) domain, and an intracellular catalytic domain (phosphorylates substrate). The TM domain plays an important role in the dimerisation process necessary for signal transduction [[cite:PUB00052411]].</li>
<li>Cytoplasmic/non-receptor tyrosine kinases, which act as regulatory proteins, playing key roles in cell differentiation, motility, proliferation, and survival. For example, the Src-family of protein-tyrosine kinases [[cite:PUB00052412]].</li>
</ul>; <p>This entry represents the non-receptor tyrosine kinases SYK and ZAP-70 [[cite:PUB00015759], [cite:PUB00015714], [cite:PUB00015771]]:</p>

<ul>
<li>SYK is a positive effector of BCR-stimulated responses. It couples the B-cell antigen receptor (BCR) to the mobilisation of calcium ion, either through a phosphoinositide 3-kinase-dependent pathway (when not phosphorylated on tyrosines of the linker region), or through a phospholipase C-gamma-dependent pathway (when phosphorylated on Tyr-342 and Tyr-346). Therefore, the differential phosphorylation of Syk can determine the pathway by which BCR is coupled to the regulation of intracellular calcium ion [[cite:PUB00052529], [cite:PUB00052530]].</li>
<li>ZAP70 plays a role in T-cell development and lymphocyte activation. It is essential for TCR-mediated IL-2 production. Isoform 1 of ZAP70 induces TCR-mediated signal transduction, isoform 2 does not [[cite:PUB00015714], [cite:PUB00052531]].</li>
</ul>"
1;IPR035838;"doi:10.1016/j.cell.2019.09.008
imex:IM-27423
pubmed:31585087";SYK/ZAP-70, N-terminal SH2 domain;"<p>ZAP-70 and Syk comprise a family of hematopoietic cell specific protein tyrosine kinases (PTKs) that are required for antigen and antibody receptor function. ZAP-70 is expressed in T and natural killer (NK) cells and Syk is expressed in B cells, mast cells, polymorphonuclear leukocytes, platelets, macrophages, and immature T cells. They are required for the proper development of T and B cells, immune receptors, and activating NK cells [[cite:PUB00086318]]. They consist of two N-terminal Src homology 2 (SH2) domains and a C-terminal kinase domain separated from the SH2 domains by a linker or hinge region. Phosphorylation of both tyrosine residues within the Immunoreceptor Tyrosine-based Activation Motifs (ITAM; consensus sequence Yxx[LI]x(7,8)Yxx[LI]) by the Src-family PTKs is required for efficient interaction of ZAP-70 and Syk with the receptor subunits and for receptor function [[cite:PUB00023278]].</p>"
1;IPR023420;"doi:10.1016/j.cell.2019.09.008
imex:IM-27423
pubmed:31585087";Tyrosine-protein kinase SYK/ZAP-70, inter-SH2 domain superfamily;"<p>Protein phosphorylation, which plays a key role in most cellular activities, is a reversible process mediated by protein kinases and phosphoprotein phosphatases. Protein kinases catalyse the transfer of the gamma phosphate from nucleotide triphosphates (often ATP) to one or more amino acid residues in a protein substrate side chain, resulting in a conformational change affecting protein function. Phosphoprotein phosphatases catalyse the reverse process. 
Protein kinases fall into three broad classes, characterised with respect to substrate specificity [[cite:PUB00005115]]:</p>

<ul>
<li>Serine/threonine-protein kinases</li>
<li>Tyrosine-protein kinases</li>
<li>Dual specificity protein kinases (e.g. MEK -phosphorylates both Thr and Tyr on target proteins)</li>
</ul>

<p>Protein kinase function is evolutionarily conserved from Escherichia coli to human [[cite:PUB00020114]]. Protein kinases play a role in a multitude of cellular processes, including division, proliferation, apoptosis, and differentiation [[cite:PUB00015362]]. Phosphorylation usually results in a functional change of the target protein by changing enzyme activity, cellular location, or association with other proteins. The catalytic subunits of protein kinases are highly conserved, and several structures have been solved [[cite:PUB00034898]], leading to large screens to develop kinase-specific inhibitors for the treatments of a number of diseases [[cite:PUB00034899]].</p>; <p>Tyrosine-protein kinases can transfer a phosphate group from ATP to a tyrosine residue in a protein. These enzymes can be divided into two main groups [[cite:PUB00020114]]:</p>

<ul>
<li>Receptor tyrosine kinases (RTK), which are transmembrane proteins involved in signal transduction; they play key roles in growth, differentiation, metabolism, adhesion, motility, death and oncogenesis [[cite:PUB00052410]]. RTKs are composed of 3 domains: an extracellular domain (binds ligand), a transmembrane (TM) domain, and an intracellular catalytic domain (phosphorylates substrate). The TM domain plays an important role in the dimerisation process necessary for signal transduction [[cite:PUB00052411]].</li>
<li>Cytoplasmic/non-receptor tyrosine kinases, which act as regulatory proteins, playing key roles in cell differentiation, motility, proliferation, and survival. For example, the Src-family of protein-tyrosine kinases [[cite:PUB00052412]].</li>
</ul>; <p>SYK is a positive effector of B-cell antigen receptor (BCR) stimulated responses [[cite:PUB00052530], [cite:PUB00052529]]. ZAP-70 plays a role in T-cell development and lymphocyte activation. It is essential for TCR-mediated IL-2 production [[cite:PUB00015714], [cite:PUB00052531]].</p>; <p>The N-terminal region of ZAP-70 consists of two SH2 domains that are connected by an helical region. The overall fold is Y shaped, with the intervening residues forming the stem [[cite:PUB00042254]]. This superfamily represents the inter-SH2 domain found in ZAP-70 and SYK kinases.</p>"
1;IPR001714;"doi:10.1016/j.cell.2021.04.011
imex:IM-29278
pubmed:33961781";Peptidase M24, methionine aminopeptidase;"<p>Over 70 metallopeptidase families have been identified to date. In these enzymes a divalent cation, which is usually zinc but may be cobalt, manganese or copper, activates the water molecule. The metal ion is held in place by amino acid ligands, usually three in number. In some families of co-catalytic metallopeptidases, two metal ions are observed in crystal structures ligated by five amino acids, with one amino acid ligating both metal ions. The known metal ligands are His, Glu, Asp or Lys.  At least one other residue is required for catalysis, which may play an electrophilic role. 

Many metalloproteases contain an HEXXH motif, which has been shown in crystallographic studies to form part of the metal-binding site [[cite:PUB00003579]]. The HEXXH motif is relatively common but can be more stringently defined for metalloproteases as 'abXHEbbHbc', where 'a' is most often valine or threonine and forms part of the S1' subsite in thermolysin and neprilysin, 'b' is an uncharged residue, and 'c' a hydrophobic residue. Proline is never found in this site, possibly because it would break the helical structure adopted by this motif in metalloproteases [[cite:PUB00003579]].</p>; <p>This group of metallopeptidases belong to MEROPS peptidase family M24 (clan MG), subfamilies M24A and M24B [[cite:PUB00003579]].</p>


<p>Methionine aminopeptidase ([ec:3.4.11.18]) (MAP) is responsible for the removal of the amino-terminal (initiator) methionine from nascent eukaryotic cytosolic and cytoplasmic prokaryotic proteins if the penultimate amino acid is small and uncharged. All MAP studied to date are monomeric proteins that require cobalt ions for activity.</p>
<p>Two subfamilies of MAP enzymes are known to exist [[cite:PUB00004871], [cite:PUB00005454]]. While being evolutionary related, they only share a limited amount of sequence similarity mostly clustered around the residues shown to be involved in cobalt-binding. The first family consists of enzymes from prokaryotes as well as eukaryotic MAP-1, while the second group is made up of archaeal MAP and eukaryotic MAP-2. The second subfamily also includes proteins which do not seem to be MAP, but that are clearly evolutionary related such as mouse proliferation-associated protein 1 and fission yeast curved DNA-binding protein.</p>"
1;IPR031615;"doi:10.1016/j.cell.2021.04.011
imex:IM-29278
pubmed:33961781";MYND-like zinc finger;<p>This entry represents an unusual zinc-finger similar to Zfn-MYND, [interpro:IPR002893]. This zinc-finger is found in the N-terminal of methionine aminopeptidase 1, but it is missing in prokaryotic methionine aminopeptidases. It consists of a C2-C2 zinc-finger motif similar to the RING finger family followed by a C2H2 motif similar to zinc-fingers involved in RNA-binding. In yeast the domain chelates zinc in a 2:1 ratio. The domain is found in yeast, plants and mammals. The domain is necessary for the association of the methionine aminopeptidase with the ribosome and the normal processing of the peptidase [[cite:PUB00075960]].</p>
1;IPR036005;"doi:10.1016/j.cell.2021.04.011
imex:IM-29278
pubmed:33961781";Creatinase/aminopeptidase-like;"<p>This entry contains proteins that belong to MEROPS peptidase family M24 (clan MG), which share a common structural-fold, the ""pita-bread"" fold. The fold contains both α helices and an anti-parallel β sheet within two structurally similar domains that are thought to be derived from an ancient gene duplication. The active site, where conserved, is located between the two domains. The fold is common to methionine aminopeptidase ([ec:3.4.11.18]), aminopeptidase P ([ec:3.4.11.9]), prolidase ([ec:3.4.13.9]), agropine synthase and creatinase ([ec:3.5.3.3]). Though many of these peptidases require a divalent cation, creatinase is not a metal-dependent enzyme [[cite:PUB00044073], [cite:PUB00026792], [cite:PUB00000379]].</p>"
1;IPR000994;"doi:10.1016/j.cell.2021.04.011
imex:IM-29278
pubmed:33961781";Peptidase M24;"<p>This entry contains proteins that belong to MEROPS peptidase family M24 (clan MG), which share a common structural-fold, the ""pita-bread"" fold. The fold contains both α helices and an anti-parallel β sheet within two structurally similar domains that are thought to be derived from an ancient gene duplication. The active site, where conserved, is located between the two domains. The fold is common to methionine aminopeptidase ([ec:3.4.11.18]), aminopeptidase P ([ec:3.4.11.9]), prolidase ([ec:3.4.13.9]), agropine synthase and creatinase ([ec:3.5.3.3]). Though many of these peptidases require a divalent cation, creatinase is not a metal-dependent enzyme [[cite:PUB00044073], [cite:PUB00026792], [cite:PUB00000379]].</p>"
1;IPR002467;"doi:10.1016/j.cell.2021.04.011
imex:IM-29278
pubmed:33961781";Peptidase M24A, methionine aminopeptidase, subfamily 1;"<p>This group of metallopeptidases belong to MEROPS peptidase family M24 (clan MG), subfamily M24A.</p>

<p>Methionine aminopeptidase ([ec:3.4.11.18]) (MAP) catalyses the hydrolytic cleavage of the N-terminal methionine from newly synthesised polypeptides if the penultimate amino acid is small, with different tolerance to Val and Thr at this position [[cite:PUB00070140]]. All MAP studied to date are monomeric proteins that require cobalt ions for activity. Two subfamilies of MAP enzymes are known to exist [[cite:PUB00004871], [cite:PUB00005454]]. While being evolutionary related, they only share a limited amount of sequence similarity, mostly clustered around the residues shown to be involved in cobalt-binding in Escherichia coli MAP [[cite:PUB00000379]]. Subfamily 1 consists of enzymes from prokaryotes as well as eukaryotic MAP-1, while the second group ([interpro:IPR002468]) is made up of archaeal MAP and eukaryotic MAP-2.</p>"
1;IPR018184;"doi:10.1016/j.cell.2021.04.011
imex:IM-29278
pubmed:33961781";Integrin alpha chain, C-terminal cytoplasmic region, conserved site;"<p>Some alpha subunits are cleaved post- translationally to produce a heavy and a light chain linked by a disulphide bond [[cite:PUB00000811], [cite:PUB00001505]]. Integrin alpha chains share a conserved sequence which is found at the beginning of the cytoplasmic domain, just after the end of the transmembrane region. Within the N-terminal domain of alpha subunits, seven sequence repeats, each of approximately 60 amino acids, have been found [[cite:PUB00006166]]. It has been predicted that these repeats assume the β-propeller fold. The domains contain seven four-stranded β-sheets arranged in a torus around a pseudosymmetry axis [[cite:PUB00005772]]. Integrin ligands and a putative Mg<sup>2+</sup>ion are predicted to bind to the upper face of the propeller, in a manner analogous to the way in which the trimeric G-protein beta subunit (G beta) (which also has a β-propeller fold) binds the G protein alpha subunit [[cite:PUB00005772]].<p>Integrin cytoplasmic domains are normally less than 50 amino acids in length, with the beta-subunit sequences exhibiting greater homology to each other than the alpha-subunit sequences [[cite:PUB00011882]]. This is consistent with current evidence that the beta subunit is the principal site for binding of cytoskeletal and signalling molecules, whereas the alpha subunit has a regulatory role. The first ten residues of the alpha-subunit cytoplasmic domain appear to form an α helix that is terminated by a proline residue. The remainder of the domain is highly acidic in nature and this loops back to contact the membrane-proximal lysine anchor residue.</p>

<p>This entry represents the conserved site of the C-terminal integrin alpha chain.</p>"
1;IPR048285;"doi:10.1016/j.cell.2021.04.011
imex:IM-29278
pubmed:33961781";Integrin alpha, second immunoglobulin-like domain;<p>This entry represents the second immunoglobulin-like domain of the three found in integrin alpha and integrin alpha precursors to the C terminus of a number of FG-GAP repeats ([interpro:IPR013517]) and to the N terminus of the cytoplasmic region [interpro:IPR018184].</p>
1;IPR013519;"doi:10.1016/j.cell.2021.04.011
imex:IM-29278
pubmed:33961781";Integrin alpha beta-propellor;<p>Integrins are cell adhesion molecules that mediate cell-extracellular matrix and cell-cell interactions. They contain both alpha and beta subunits. Alpha integrins are proposed to contain a domain containing a 7-fold repeat that adopts a β-propeller fold. Some of these domains contain an inserted von Willebrand factor type-A domain. Some repeats contain putative calcium-binding sites. The 7-fold repeat domain is homologous to a similar domain in phosphatidylinositol-glycan-specific phospholipase D.</p>
1;IPR013517;"doi:10.1016/j.cell.2021.04.011
imex:IM-29278
pubmed:33961781";FG-GAP repeat;<p>This region contains the extracellular repeat that is found in up to seven copies in alpha integrins and related proteins. It forms a 7-fold repeat that adopts a β-propeller structure [[cite:PUB00005729]]. The repeat is called the FG-GAP repeat after two conserved motifs in the repeat [[cite:PUB00005729]]. The FG-GAP repeats are found in the N terminus of integrin alpha chains, a region that has been shown to be important for ligand binding [[cite:PUB00005772]]. A putative Ca2+ binding motif is found in some of the repeats. These repeats are found in multiple proteins from eukaryotes and bacteria and mediate diverse biological processes at both molecular and cellular levels, such as cell-cell interactions, host patogen recognition or innate immune responses.</p>
1;IPR000413;"doi:10.1016/j.cell.2021.04.011
imex:IM-29278
pubmed:33961781";Integrin alpha chain;"<p>Integrins are the major metazoan receptors for cell adhesion to extracellular matrix proteins and, in vertebrates, also play important roles in certain cell-cell adhesions, make transmembrane connections to the cytoskeleton, and activate many intracellular signalling pathways [[cite:PUB00009789], [cite:PUB00035000]]. An integrin receptor is a heterodimer composed of alpha and beta subunits. Each subunit crosses the membrane once, with most of the polypeptide residing in the extracellular space, and has two short cytoplasmic domains. Some members of this family have EGF repeats at the C terminus and also have a VWA domain inserted within the integrin domain at the N-terminal.</p>

<p>Most integrins recognise relatively short peptide motifs and, in general, require an acidic amino acid to be present. Ligand specificity depends upon both the alpha and beta subunits [[cite:PUB00035002]]. There are at least 18 types of alpha and 8 types of beta subunits recognised in humans [[cite:PUB00015915]]. Each alpha subunit tends to associate only with one type of beta subunit, but there are exceptions to this rule [[cite:PUB00015985]]. Each association of alpha and beta subunits has its binding specificity and signalling properties. Many integrins require activation on the cell surface before they can bind ligands. Integrins frequently intercommunicate, and binding at one integrin receptor activates or inhibits another.</p>; <p>Some alpha subunits are cleaved post- translationally to produce a heavy and a light chain linked by a disulphide bond [[cite:PUB00000811], [cite:PUB00001505]]. Integrin alpha chains share a conserved sequence which is found at the beginning of the cytoplasmic domain, just after the end of the transmembrane region. Within the N-terminal domain of alpha subunits, seven sequence repeats, each of approximately 60 amino acids, have been found [[cite:PUB00006166]]. It has been predicted that these repeats assume the β-propeller fold. The domains contain seven four-stranded β-sheets arranged in a torus around a pseudosymmetry axis [[cite:PUB00005772]]. Integrin ligands and a putative Mg<sup>2+</sup>ion are predicted to bind to the upper face of the propeller, in a manner analogous to the way in which the trimeric G-protein beta subunit (G beta) (which also has a β-propeller fold) binds the G protein alpha subunit [[cite:PUB00005772]].<p>Integrin cytoplasmic domains are normally less than 50 amino acids in length, with the beta-subunit sequences exhibiting greater homology to each other than the alpha-subunit sequences [[cite:PUB00011882]]. This is consistent with current evidence that the beta subunit is the principal site for binding of cytoskeletal and signalling molecules, whereas the alpha subunit has a regulatory role. The first ten residues of the alpha-subunit cytoplasmic domain appear to form an α helix that is terminated by a proline residue. The remainder of the domain is highly acidic in nature and this loops back to contact the membrane-proximal lysine anchor residue.</p>"
1;IPR032695;"doi:10.1016/j.cell.2021.04.011
imex:IM-29278
pubmed:33961781";Integrin domain superfamily;"<p>Integrins are the major metazoan receptors for cell adhesion to extracellular matrix proteins and, in vertebrates, also play important roles in certain cell-cell adhesions, make transmembrane connections to the cytoskeleton, and activate many intracellular signalling pathways [[cite:PUB00009789], [cite:PUB00035000]]. An integrin receptor is a heterodimer composed of alpha and beta subunits. Each subunit crosses the membrane once, with most of the polypeptide residing in the extracellular space, and has two short cytoplasmic domains. Some members of this family have EGF repeats at the C terminus and also have a VWA domain inserted within the integrin domain at the N-terminal.</p>

<p>Most integrins recognise relatively short peptide motifs and, in general, require an acidic amino acid to be present. Ligand specificity depends upon both the alpha and beta subunits [[cite:PUB00035002]]. There are at least 18 types of alpha and 8 types of beta subunits recognised in humans [[cite:PUB00015915]]. Each alpha subunit tends to associate only with one type of beta subunit, but there are exceptions to this rule [[cite:PUB00015985]]. Each association of alpha and beta subunits has its binding specificity and signalling properties. Many integrins require activation on the cell surface before they can bind ligands. Integrins frequently intercommunicate, and binding at one integrin receptor activates or inhibits another.</p>; <p>This superfamily represent the C-terminal domain of integrin alpha (which can be further subdivided in the thight, calf-1 and calf-2 domains) and the central region of integrin beta known as the hybrid domain [[cite:PUB00037805]].</p>"
1;IPR028994;"doi:10.1016/j.cell.2021.04.011
imex:IM-29278
pubmed:33961781";Integrin alpha, N-terminal;"<p>This superfamily represents a region containing the β-propeller folds found at the N terminus of integrin alpha.</p>

<p>Integrins are the major metazoan receptors for cell adhesion to extracellular matrix proteins and, in vertebrates, also play important roles in certain cell-cell adhesions, make transmembrane connections to the cytoskeleton and activate many intracellular signalling pathways [[cite:PUB00009789], [cite:PUB00035000]]. The integrin receptors are composed of alpha and beta subunit heterodimers. Each subunit crosses the membrane once, with most of the polypeptide residing in the extracellular space, and has two short cytoplasmic domains. Within the N-terminal domain of alpha subunits, seven sequence repeats, each of approximately 60 amino acids, have been found [[cite:PUB00006166], [cite:PUB00005772]].</p>"
1;IPR048286;"doi:10.1016/j.cell.2021.04.011
imex:IM-29278
pubmed:33961781";Integrin alpha, third immunoglobulin-like domain;<p>This entry represents the third immunoglobulin-like domain of the three found in integrin alpha and integrin alpha precursors to the C terminus of a number of FG-GAP repeats ([interpro:IPR013517]) and to the N terminus of the cytoplasmic region [interpro:IPR018184].</p>
1;IPR013649;"doi:10.1016/j.cell.2021.04.011
imex:IM-29278
pubmed:33961781";Integrin alpha, first immunoglubulin-like domain;<p>This entry represents the first immunoglobulin-like domain of the three found in integrin alpha and integrin alpha precursors to the C terminus of a number of FG-GAP repeats ([interpro:IPR013517]) and to the N terminus of the cytoplasmic region [interpro:IPR018184].</p>
1;IPR043539;"imex:IM-19021
pubmed:18624398";Grb2-like;"<p>Growth factor receptor-bound protein 2 (Grb2) is an SH2 and SH3 domain-containing adaptor protein that links receptor tyrosine kinases to Ras signalling [[cite:PUB00071963]]. Grb2 interacts with the cytoplasmic tyrosine kinase ACK1 (activated Cdc42-associated kinase 1) and mediates its interaction with other receptor tyrosine kinases [[cite:PUB00071965]]. ACK1 is implicated in metastatic behaviour, cell spreading and migration, and epidermal growth factor receptor (EGFR) signalling [[cite:PUB00071965]].</p>

<p>Human GRAP and its Drosophila homologue, downstream of receptor kinase (drk), have been shown to have a function in hearing [[cite:PUB00094191]].</p>; <p>Src-like adapter proteins (SLAP and SLAP2) are involved in the regulation of immune cell surface expression and signaling. They negatively regulate T cell receptor signaling [[cite:PUB00084903]] and act as critical inhibitors of platelet (hem)ITAM signaling in the setting of arterial thrombosis and ischemic stroke [[cite:PUB00084898]]. They contain adjacent Src homology 3 (SH3) and Src homology 2 (SH2) domains. SLAP has been shown to regulate receptor tyrosine kinase (RTK) signaling [[cite:PUB00084899]]. It also binds to the receptor tyrosine kinase Flt3 and plays a role in signal transduction downstream of Flt3 [[cite:PUB00084900]]. SLAP2 acts as a negative regulator of FLT3 signaling [[cite:PUB00084902]].</p>; <p>This entry includes a group of adapter proteins including Grb2, GRAP, GRAPL and SLAP/SLAP2 from humans. This entry also includes Sem-5 from Caenorhabditis elegans. Sem-5 is an adapter protein which modulates signaling mediated by several receptor tyrosine kinases such as egl-15 and let-23 probably acting upstream of let-60/ras [[cite:PUB00086573], [cite:PUB00086574]].</p>"
1;IPR035641;"imex:IM-19021
pubmed:18624398";GRB2, N-terminal SH3 domain;"<p>GRB2 (growth factor receptor-bound protein 2) is a critical signaling molecule that regulates the Ras pathway by linking tyrosine kinases to the Ras guanine nucleotide releasing protein Sos (son of sevenless), which converts Ras to the active GTP-bound state. It is ubiquitously expressed in all tissues throughout development and is important in cell cycle progression, motility, morphogenesis and angiogenesis [[cite:PUB00085787]]. In lymphocytes, GRB2 is associated with antigen receptor signaling components [[cite:PUB00085786]]. GRB2 contains an N-terminal SH3 domain, a central SH2 domain and a C-terminal SH3 domain.</p>; <p>This entry represents the SH3 domain found at the N terminus of GRB2. This SH3 domain has been found to bind to Sos and Sos-derived proline-rich peptides [[cite:PUB00085788]].</p>"
1;IPR035643;"imex:IM-19021
pubmed:18624398";GRB2, C-terminal SH3 domain;"<p>GRB2 (growth factor receptor-bound protein 2) is a critical signaling molecule that regulates the Ras pathway by linking tyrosine kinases to the Ras guanine nucleotide releasing protein Sos (son of sevenless), which converts Ras to the active GTP-bound state. It is ubiquitously expressed in all tissues throughout development and is important in cell cycle progression, motility, morphogenesis and angiogenesis [[cite:PUB00085787]]. In lymphocytes, GRB2 is associated with antigen receptor signaling components [[cite:PUB00085786]]. GRB2 contains an N-terminal SH3 domain, a central SH2 domain and a C-terminal SH3 domain.</p>; <p>This entry represents the SH3 domain found at the C terminus of GRB2. This SH3 domain has been found to bind to Gab2 (Grb2-associated binder 2) through epitopes containing RxxK motifs, as well as to the proline-rich C terminus of FGRF2 [[cite:PUB00049921], [cite:PUB00085879]].</p>"
1;IPR000164;"imex:IM-26301
pubmed:29568061";Histone H3/CENP-A;"<p>This entry includes histone H3 and its variant, CENP-A (Cse4 in budding yeast, Cnp1 in fission yeast, and CID/CenH3 in fruit flies). Two primate-specific forms of H3, known as H3.X and H3.Y, are found in the brain [[cite:PUB00090177]].</p>

<p>Histone H3 is one of the five histones, along with H1/H5, H2A, H2B and H4. Two copies of each of the H2A, H2B, H3, and H4 histones ensemble to form the core of the nucleosome [[cite:PUB00066796]]. The nucleosome forms octameric structure that wraps DNA in a left-handed manner. H3 is a highly conserved protein of 135 amino acid residues [[cite:PUB00004448], [cite:PUB00004388]]. Histones can undergo several different types of post-translational modifications that affect transcription, DNA repair, DNA replication and chromosomal stability.</p>

<p>Eukaryotic centromeres consists of an unique nucleosome in which CENP-A can be found [[cite:PUB00070934]]. Human CENP-A nucleosome forms a histone octamer containing two each of histones H2A, H2B, H4 and CENP-A. Similar to the H3-containing nucleosome, the CENP-A nucleosome wraps DNA in a left-handed orientation [[cite:PUB00070935], [cite:PUB00070936]]. CENP-A nucleosomes function as a scaffold on which other kinetochore proteins assemble. CENP-A may serves as an epigenetic marker for kinetochore assembly [[cite:PUB00070937]]. Deposition of CENP-A to the centromere requires histone chaperone HJURP (Holliday junction recognition protein) [[cite:PUB00070938]].</p>"
1;IPR004259;"imex:IM-27782
pubmed:unassigned2293";Phosphoprotein M1-like;<p>This family includes the M1 phosphoprotein non-structural RNA polymerase alpha subunit ([ec:2.7.7.48]) from various strains of Rabies virus [[cite:PUB00007455]]. The M1 phosphoprotein is thought to be a component of the active polymerase, and may be involved in template binding.</p>
1;IPR037199;"imex:IM-27782
pubmed:unassigned2293";Phosphoprotein, C-terminal;<p>This superfamily includes the C-terminal domain of the M1 phosphoprotein non-structural RNA polymerase alpha subunit ([ec:2.7.7.48]) from various strains of Rabies virus [[cite:PUB00007455], [cite:PUB00032126]]. The M1 phosphoprotein is thought to be a component of the active polymerase, and may be involved in template binding. Structurally, this domain consists of six helices and one β-hairpin.</p>
1;IPR049506;"imex:IM-27782
pubmed:unassigned2293";Rhabdovirus phosphoprotein, C-terminal domain;"<p>This entry represents the C-terminal domain of the P protein (phosphoprotein) from Rabies virus (RABV) and similar sequences from Rhabdoviridae. RABV P is known to counteract the functions of various cellular factors involved in antiviral responses, including STAT1, and interferon-induced promyelocytic leukaemia (PML) protein; the C-terminal domain of the RABV P protein includes STAT1 and PML binding sites. It plays multiple roles in transcription and translation, which include acting as a chaperone of nascent nucleoprotein (N), and as a cofactor of the viral polymerase (L) where P forms a two-subunit polymerase with a large catalytic subunit (L) and stabilises the polymerase on its template of N-RNA [[cite:PUB00054414], [cite:PUB00032126], [cite:PUB00111978], [cite:PUB00146322], [cite:PUB00146323]].</p>"
1;IPR008984;"imex:IM-15364
pubmed:21988832";SMAD/FHA domain superfamily;"<p>FHA and SMAD (MH2) domains share a common structure consisting of a sandwich of eleven β-strands in two sheets with Greek key topology. Forkhead-associated (FHA) domains were originally identified as a sequence profile of about 75 amino acids, whereas the full-length domain is closer to about 150 amino acids. FHA domains are found in transcription factors, kinesin motors, and in a variety of other signalling molecules in organisms ranging from eubacteria to humans. FHA domains are protein-protein interaction domains that are specific for phosphoproteins. FHA-containing proteins function in maintaining cell-cycle checkpoints, DNA repair and transcriptional regulation. FHA domain proteins include the Chk2/Rad53/Cds1 family of proteins that contain one or more FHA domains, as well as a Ser/Thr kinase domain [[cite:PUB00010677], [cite:PUB00010678], [cite:PUB00010679]].</p>

<p>SMAD (Mothers against decapentaplegic (MAD) homologue) domain proteins are found in a range of species from nematodes to humans. These highly conserved proteins contain an N-terminal MH1 domain that contacts DNA, and is separated by a short linker region from the C-terminal MH2 domain, the later showing a striking similarity to FHA domains. SMAD proteins mediate signalling by the TGF-beta/activin/BMP-2/4 cytokines from receptor Ser/Thr protein kinases at the cell surface to the nucleus. SMAD proteins fall into three functional classes: the receptor-regulated SMADs (R-SMADs), including SMAD1, -2, -3, -5, and -8, each of which is involved in a ligand-specific signalling pathway [[cite:PUB00010680]]; the comediator SMADs (co-SMADs), including SMAD4, which interact with R-SMADs to participate in signalling [[cite:PUB00010681]]; and the inhibitory SMADs (I-SMADs), including SMAD6 and -7, which block the activation of R-SMADs and Co-SMADs, thereby negatively regulating signalling pathways [[cite:PUB00010682]].</p>

<p>Domains with this fold are also found as the transactivation domain of interferon regulatory factor 3 (IRF3), which has a weak homology to SMAD domains [[cite:PUB00030421]], and the N-terminal domain of EssC protein in Staphylococcus aureus.</p>"
1;IPR001132;"imex:IM-15364
pubmed:21988832";SMAD domain;"<p>This entry represents the SMAD (Mothers against decapentaplegic (MAD) homologue) (also called MH2 for MAD homology 2) domain found at the C-terminal of MAD related proteins such as Smads. This domain is separated from the MH1 domain by a non-conserved linker region. The MH2 domain mediates interaction with a wide variety of proteins and provides specificity and selectivity to Smad function and also is critical for mediating interactions in Smad oligomers. Unlike MH1, MH2 does not bind DNA. The well-studied MH2 domain of Smad4 is composed of five α helices and three loops enclosing a β sandwich [[cite:PUB00004902], [cite:PUB00004255], [cite:PUB00019858]].</p>; <p>Receptor-regulated SMAD (R-SMAD) proteins, also known as mammalian dwarfins, are intracellular signal transducers and transcriptional modulators that are phosphorylated in response to transforming growth factor-beta (TGF-β) and activin type I receptor kinases and are implicated in the control of cell growth. They bind TGF-β response elements (TREs) in the promoter regions of many TGF-β-regulated genes and, upon formation of SMAD2/SMAD4 complexes, activate transcription, including TGFB1-mediated induction of odontoblastic differentiation genes in dental papilla cells (by similarity). In addition, R-SMADs positively regulate PDPK1 kinase activity by promoting its dissociation from the inhibitory 14-3-3 protein YWHAQ and may act as tumour suppressors in colorectal carcinoma [[cite:PUB00017916]]. The mammalian dwarfin/SMAD family also includes the Drosophila protein MAD, which is required for the function of decapentaplegic (DPP) and participates in DPP signalling; Drosophila Mad binds DNA and directly mediates activation of vestigial by Dpp [[cite:PUB00004902], [cite:PUB00097244]]. A related SMAD domain is also present in nuclear factor I (NF-I), also known as CCAAT box-binding transcription factor (CTF) [[cite:PUB00004255], [cite:PUB00097273]].</p>"
1;IPR003619;"imex:IM-15364
pubmed:21988832";MAD homology 1, Dwarfin-type;"<p>Mammalian dwarfins are phosphorylated in response to transforming growth factor beta and are implicated in control of cell growth [[cite:PUB00004902]]. The dwarfin family also includes the Drosophila protein MAD that is required for the function of decapentaplegic (DPP) and may play a role in DPP signalling. Drosophila Mad binds to DNA and directly mediates activation of vestigial by Dpp [[cite:PUB00004255]]. This domain is also found in nuclear factor I (NF-I) or CCAAT box-binding transcription factor (CTF).</p>

<p>This entry represents the MH1 (MAD homology 1) domain is found at the amino terminus of MAD related proteins such as Smads. This domain is separated from the MH2 domain by a non-conserved linker region. The crystal structure of the MH1 domain shows that a highly conserved 11 residue β hairpin is used to bind the DNA consensus sequence GNCN in the major groove, shown to be vital for the transcriptional activation of target genes. Not all examples of MH1 can bind to DNA however. Smad2 cannot bind DNA and has a large insertion within the hairpin that presumably abolishes DNA binding. A basic helix (H2) in MH1 with the nuclear localisation signal KKLKK has been shown to be essential for Smad3 nuclear import. Smads also use the MH1 domain to interact with transcription factors such as Jun, TFE3, Sp1, and Runx [[cite:PUB00019858], [cite:PUB00004255], [cite:PUB00004902]].</p>"
1;IPR017855;"imex:IM-15364
pubmed:21988832";SMAD-like domain superfamily;"<p>This superfamily represents SMAD (Mothers against decapentaplegic (MAD) homolog) (also called MH2 for MAD homology 2) domains as well as their structural homologues, such as the transactivation domain of interferon regulatory protein 3 (IRF3), both of which have a β-sandwich structural fold.</p>

<p>SMAD domains are found at the C terminus of MAD related proteins such as Smads. SMAD domain proteins are found in a range of species from nematodes to humans. These highly conserved proteins contain an N-terminal MH1 domain that contacts DNA, and is separated by a short linker region from the C-terminal MH2 domain, the later showing a striking similarity to FHA domains. SMAD proteins mediate signalling by the TGF-beta/activin/BMP-2/4 cytokines from receptor Ser/Thr protein kinases at the cell surface to the nucleus. SMAD proteins fall into three functional classes: the receptor-regulated SMADs (R-SMADs), including SMAD1, -2, -3, -5, and -8, each of which is involved in a ligand-specific signalling pathway [[cite:PUB00010680]]; the co-mediator SMADs (co-SMADs), including SMAD4, which interact with R-SMADs to participate in signalling [[cite:PUB00010681]]; and the inhibitory SMADs (I-SMADs), including SMAD6 and -7, which block the activation of R-SMADs and Co-SMADs, thereby negatively regulating signalling pathways [[cite:PUB00010682]].</p>"
1;IPR036578;"imex:IM-15364
pubmed:21988832";SMAD MH1 domain superfamily;"<p>Smad proteins are signal transducers and transcriptional comodulators of TGF-beta superfamily ligands, which regulate key cellular processes such as proliferation, differentiation, and developmental fate. Ligand binding to transmembrane receptor kinases induces receptor oligomerisation and phosphorylation of receptor-regulated Smads (R-Smads), including Smad1, Smad5, and Smad8 for BMP signalling, and Smad2 and Smad3 for activin and TGF-beta signalling. Phosphorylated R-Smads form heteromeric complexes with Smad4 that accumulate in the nucleus and act as gene-specific transcription factors, while inhibitory Smads (Smad6 and Smad7) antagonise this pathway. Smad proteins contain two conserved MAD homology domains, one in the N-terminal region (MH1) and one in the C-terminal region (MH2), separated by a proline-rich linker; the MH1 domain mediates DNA binding and negatively regulates MH2, whereas the C-terminal MH2 domain mediates transactivation and phosphorylation-dependent complex assembly with Smad4 and R-Smads. [[cite:PUB00017053], [cite:PUB00010680]].</p>"
1;IPR013019;"imex:IM-15364
pubmed:21988832";MAD homology, MH1;"<p>This entry represents a MAD homology 1 (MH1) domain in the N-terminal region of Smad proteins (mH1).</p>; <p>Smad proteins are signal transducers and transcriptional comodulators of TGF-beta superfamily ligands, which regulate key cellular processes such as proliferation, differentiation, and developmental fate. Ligand binding to transmembrane receptor kinases induces receptor oligomerisation and phosphorylation of receptor-regulated Smads (R-Smads), including Smad1, Smad5, and Smad8 for BMP signalling, and Smad2 and Smad3 for activin and TGF-beta signalling. Phosphorylated R-Smads form heteromeric complexes with Smad4 that accumulate in the nucleus and act as gene-specific transcription factors, while inhibitory Smads (Smad6 and Smad7) antagonise this pathway. Smad proteins contain two conserved MAD homology domains, one in the N-terminal region (MH1) and one in the C-terminal region (MH2), separated by a proline-rich linker; the MH1 domain mediates DNA binding and negatively regulates MH2, whereas the C-terminal MH2 domain mediates transactivation and phosphorylation-dependent complex assembly with Smad4 and R-Smads. [[cite:PUB00017053], [cite:PUB00010680]].</p>"
1;IPR013790;"imex:IM-15364
pubmed:21988832";SMAD/Dwarfins;"<p>Receptor-regulated SMAD (R-SMAD) proteins, also known as mammalian dwarfins, are intracellular signal transducers and transcriptional modulators that are phosphorylated in response to transforming growth factor-beta (TGF-β) and activin type I receptor kinases and are implicated in the control of cell growth. They bind TGF-β response elements (TREs) in the promoter regions of many TGF-β-regulated genes and, upon formation of SMAD2/SMAD4 complexes, activate transcription, including TGFB1-mediated induction of odontoblastic differentiation genes in dental papilla cells (by similarity). In addition, R-SMADs positively regulate PDPK1 kinase activity by promoting its dissociation from the inhibitory 14-3-3 protein YWHAQ and may act as tumour suppressors in colorectal carcinoma [[cite:PUB00017916]]. The mammalian dwarfin/SMAD family also includes the Drosophila protein MAD, which is required for the function of decapentaplegic (DPP) and participates in DPP signalling; Drosophila Mad binds DNA and directly mediates activation of vestigial by Dpp [[cite:PUB00004902], [cite:PUB00097244]]. A related SMAD domain is also present in nuclear factor I (NF-I), also known as CCAAT box-binding transcription factor (CTF) [[cite:PUB00004255], [cite:PUB00097273]].</p>"
1;IPR035914;"doi:10.1016/j.cell.2021.04.011
imex:IM-29278
pubmed:33961781";Spermadhesin, CUB domain superfamily;"<p>The CUB domain (for complement C1r/C1s, Uegf, Bmp1) is a structural motif of approximately 110 residues found almost exclusively in extracellular and plasma membrane-associated proteins, many of which are developmentally regulated [[cite:PUB00003306], [cite:PUB00001610]]. These proteins are involved in a diverse range of functions, including complement activation, developmental patterning, tissue repair, axon guidance and angiogenesis, cell signalling, fertilisation, haemostasis, inflammation, neurotransmission, receptor-mediated endocytosis, and tumour suppression [[cite:PUB00035660]]. Many CUB-containing proteins are peptidases belonging to MEROPS peptidase families M12A (astacin) and S1A (chymotrypsin). Proteins containing a CUB domain include:</p>
<ul>
<li>Mammalian complement subcomponents C1s/C1r, which form the calcium-dependent complex C1, the first component of the classical pathway of the complement system.</li>
<li>Cricetidae sp. (Hamster) serine protease Casp, which degrades type I and IV collagen and fibronectin in the presence of calcium.</li>
<li>Mammalian complement-activating component of Ra-reactive factor (RARF), a protease that cleaves the C4 component of complement.</li>
<li>Vertebrate enteropeptidase ([ec:3.4.21.9]), a type II membrane protein of the intestinal brush border, which activates trypsinogen.</li>
<li>Vertebrate bone morphogenic protein 1 (BMP-1), a protein which induces cartilage and bone formation and expresses metalloendopeptidase activity.</li>
<li>Sea urchin blastula proteins BP10 and SpAN.</li>
<li>Caenorhabditis elegans hypothetical proteins F42A10.8 and R151.5.</li>
<li>Neuropilin (A5 antigen), a calcium-independent cell adhesion molecule that functions during the formation of certain neuronal circuits.</li>
<li>Fibropellins I and III from Strongylocentrotus purpuratus (Purple sea urchin).</li>
<li>Mammalian hyaluronate-binding protein TSG-6 (or PS4), a serum and growth factor induced protein.</li>
<li>Mammalian spermadhesins.</li>
<li>Xenopus laevis embryonic protein UVS.2, which is expressed during dorsoanterior development.</li>
</ul>
<p>Several of the above proteins consist of a catalytic domain together with several CUB domains interspersed by calcium-binding EGF domains. Some CUB domains appear to be involved in oligomerisation and/or recognition of substrates and binding partners. For example, in the complement proteases, the CUB domains mediate dimerisation and binding to collagen-like regions of target proteins (e.g. C1q for C1r/C1s). The structure of CUB domains consists of a β-sandwich with a jelly-roll fold. Almost all CUB domains contain four conserved cysteines that probably form two disulphide bridges (C1-C2, C3-C4). The CUB1 domains of C1s and Map19 have calcium-binding sites [[cite:PUB00035659]].</p>; <p>Structurally, the spermadhesins consist of a CUB domain [[cite:PUB00003306]].</p>"
1;IPR000538;"doi:10.1016/j.cell.2021.04.011
imex:IM-29278
pubmed:33961781";Link domain;"<p>The link domain [[cite:PUB00000527]] is a hyaluronan(HA)-binding region found in proteins of vertebrates that are involved in the assembly of extracellular matrix, cell adhesion, and migration. The structure has been shown [[cite:PUB00000941]] to consist of two α helices and two antiparallel β sheets arranged around a large hydrophobic core similar to that of C-type lectin. This domain contains four conserved cysteines involved in two disulphide bonds. The link domain has also been termed HABM [[cite:PUB00000527]] (HA binding module) and PTR [[cite:PUB00001702]] (proteoglycan tandem repeat). Proteins with such a domain include the proteoglycans aggrecan, brevican, neurocan and versican, which are expressed in the CNS; the cartilage link protein (LP), a proteoglycan that together with HA and aggrecan forms multimolecular aggregates; Tumour necrosis factor-inducible protein TSG-6, which may be involved in cell-cell and cell-matrix interactions during inflammation and tumourgenesis; and CD44 antigen, the main cell surface receptor for HA.</p>"
1;IPR000859;"doi:10.1016/j.cell.2021.04.011
imex:IM-29278
pubmed:33961781";CUB domain;"<p>The CUB domain (for complement C1r/C1s, Uegf, Bmp1) is a structural motif of approximately 110 residues found almost exclusively in extracellular and plasma membrane-associated proteins, many of which are developmentally regulated [[cite:PUB00003306], [cite:PUB00001610]]. These proteins are involved in a diverse range of functions, including complement activation, developmental patterning, tissue repair, axon guidance and angiogenesis, cell signalling, fertilisation, haemostasis, inflammation, neurotransmission, receptor-mediated endocytosis, and tumour suppression [[cite:PUB00035660]]. Many CUB-containing proteins are peptidases belonging to MEROPS peptidase families M12A (astacin) and S1A (chymotrypsin). Proteins containing a CUB domain include:</p>
<ul>
<li>Mammalian complement subcomponents C1s/C1r, which form the calcium-dependent complex C1, the first component of the classical pathway of the complement system.</li>
<li>Cricetidae sp. (Hamster) serine protease Casp, which degrades type I and IV collagen and fibronectin in the presence of calcium.</li>
<li>Mammalian complement-activating component of Ra-reactive factor (RARF), a protease that cleaves the C4 component of complement.</li>
<li>Vertebrate enteropeptidase ([ec:3.4.21.9]), a type II membrane protein of the intestinal brush border, which activates trypsinogen.</li>
<li>Vertebrate bone morphogenic protein 1 (BMP-1), a protein which induces cartilage and bone formation and expresses metalloendopeptidase activity.</li>
<li>Sea urchin blastula proteins BP10 and SpAN.</li>
<li>Caenorhabditis elegans hypothetical proteins F42A10.8 and R151.5.</li>
<li>Neuropilin (A5 antigen), a calcium-independent cell adhesion molecule that functions during the formation of certain neuronal circuits.</li>
<li>Fibropellins I and III from Strongylocentrotus purpuratus (Purple sea urchin).</li>
<li>Mammalian hyaluronate-binding protein TSG-6 (or PS4), a serum and growth factor induced protein.</li>
<li>Mammalian spermadhesins.</li>
<li>Xenopus laevis embryonic protein UVS.2, which is expressed during dorsoanterior development.</li>
</ul>
<p>Several of the above proteins consist of a catalytic domain together with several CUB domains interspersed by calcium-binding EGF domains. Some CUB domains appear to be involved in oligomerisation and/or recognition of substrates and binding partners. For example, in the complement proteases, the CUB domains mediate dimerisation and binding to collagen-like regions of target proteins (e.g. C1q for C1r/C1s). The structure of CUB domains consists of a β-sandwich with a jelly-roll fold. Almost all CUB domains contain four conserved cysteines that probably form two disulphide bridges (C1-C2, C3-C4). The CUB1 domains of C1s and Map19 have calcium-binding sites [[cite:PUB00035659]].</p>"
1;IPR052129;"doi:10.1016/j.cell.2021.04.011
imex:IM-29278
pubmed:33961781";Spermadhesin-Link domain-containing protein;<p>This family of proteins includes members that are involved in various biological processes related to reproduction, cell division, and extracellular matrix organization. Some proteins in this family function as growth factors, stimulating cell division and hormone secretion in reproductive tissues. Others mediate the binding of sperm to the egg's zona pellucida, which is crucial for fertilization. Additionally, certain members are key regulators of extracellular matrix remodeling, with activities such as catalyzing the transfer of heavy chains to hyaluronan, modulating chemokine interactions, and influencing leukocyte migration. These proteins also play roles in tissue remodeling, osteogenesis, and bone protection during inflammation.</p>
1;IPR016025;"imex:IM-24272
pubmed:26496610";Clathrin heavy chain, N-terminal;"<p>Proteins synthesized on the ribosome and processed in the endoplasmic reticulum are transported from the Golgi apparatus to the trans-Golgi network (TGN), and from there via small carrier vesicles to their final destination compartment. These vesicles have specific coat proteins (such as clathrin or coatomer) that are important for cargo selection and direction of transport [[cite:PUB00035769]]. Clathrin coats contain both clathrin (acts as a scaffold) and adaptor complexes that link clathrin to receptors in coated vesicles. Clathrin-associated protein complexes are believed to interact with the cytoplasmic tails of membrane proteins, leading to their selection and concentration. The two major types of clathrin adaptor complexes are the heterotetrameric adaptor protein (AP) complexes, and the monomeric GGA (Golgi-localising, Gamma-adaptin ear domain homology, ARF-binding proteins) adaptors [[cite:PUB00035753], [cite:PUB00035765]].</p>; <p>Clathrin is a trimer composed of three heavy chains and three light chains, each monomer projecting outwards like a leg; this three-legged structure is known as a triskelion [[cite:PUB00035906], [cite:PUB00035907]]. The heavy chains form the legs, their N-terminal β-propeller regions extending outwards, while their C-terminal α-α-superhelical regions form the central hub of the triskelion. Peptide motifs can bind between the β-propeller blades. The light chains appear to have a regulatory role, and may help orient the assembly and disassembly of clathrin coats as they interact with hsc70 uncoating ATPase [[cite:PUB00035908]]. Clathrin triskelia self-polymerise into a curved lattice by twisting individual legs together. The clathrin lattice forms around a vesicle as it buds from the TGN, plasma membrane or endosomes, acting to stabilise the vesicle and facilitate the budding process [[cite:PUB00035769]]. The multiple blades created when the triskelia polymerise are involved in multiple protein interactions, enabling the recruitment of different cargo adaptors and membrane attachment proteins [[cite:PUB00035909]].</p>; <p>This entry represents a region covering the N-terminal β-propeller region of clathrin heavy chains that extends away from the hub of triskelia, and which is responsible for peptide binding [[cite:PUB00000964]], as well as the core motif for the α-helical zigzag linker region connecting the conserved N-terminal β-propeller region to the C-terminal α-α-superhelical region in clathrin heavy chains [[cite:PUB00000964]].</p>"
1;IPR000547;"imex:IM-24272
pubmed:26496610";Clathrin, heavy chain/VPS, 7-fold repeat;"<p>Clathrin is a triskelion-shaped cytoplasmic protein that polymerises into a polyhedral lattice on intracellular membranes to form protein-coated membrane vesicles. Lattice formation induces the sorting of membrane proteins during endocytosis and organelle biogenesis by interacting with membrane-associated adaptor molecules. Clathrin functions as a trimer, and these trimers, or triskelions, are comprised of three legs joined by a central vertex. Each leg consists of one heavy chain and one light chain. The clathrin heavy-chain contains a 145-residue repeat that is present in seven copies [[cite:PUB00023546], [cite:PUB00068731]]. The clathrin heavy-chain repeat (CHCR) is also found in nonclathrin proteins such as Pep3, Pep5, Vam6, Vps41, Vps8 from Saccharomyces cerevisiae and their orthologues from other eukaryotes such as Vps11 in zebra fish [[cite:PUB00023546], [cite:PUB00068728], [cite:PUB00068729], [cite:PUB00068730], [cite:PUB00160303]]. These proteins, like clathrins, are involved in vacuolar maintenance and protein sorting. The CHCR repeats in these proteins could mediate protein-protein interactions, or possibly represent clathrin-binding domains, or perform clathrin-like functions. CHCR repeats in the clathrin heavy chain, Saccharomyces cerevisiae Vamp2 and human Vamp6 have been implicated in homooligomerization, suggesting that this may be the primary function of this repeat.</p>

<p>The CHCR repeat folds into an elongated right-handed superhelix coil of short α-helices [[cite:PUB00023546]]. Individual 'helix-turn-helix-loop' or helix hairpin units comprise the canonical repeat and stack along the superhelix axis to form a single extended domain. The canonical hairpin repeat of the clathrin superhelix resembles a tetratrico peptide repeat (TPR), but is shorter and lacks the characteristic spacing of the hydrophobic residues in TPRs.</p>"
1;IPR022365;"imex:IM-24272
pubmed:26496610";Clathrin, heavy chain, propeller repeat;"<p>This entry represents the propeller repeat found in clathrin heavy chains. The N terminus of the heavy chain is known as the globular domain, and is composed of seven repeats which form a β propeller [[cite:PUB00000964]].</p>; <p>Proteins synthesized on the ribosome and processed in the endoplasmic reticulum are transported from the Golgi apparatus to the trans-Golgi network (TGN), and from there via small carrier vesicles to their final destination compartment. These vesicles have specific coat proteins (such as clathrin or coatomer) that are important for cargo selection and direction of transport [[cite:PUB00035769]]. Clathrin coats contain both clathrin (acts as a scaffold) and adaptor complexes that link clathrin to receptors in coated vesicles. Clathrin-associated protein complexes are believed to interact with the cytoplasmic tails of membrane proteins, leading to their selection and concentration. The two major types of clathrin adaptor complexes are the heterotetrameric adaptor protein (AP) complexes, and the monomeric GGA (Golgi-localising, Gamma-adaptin ear domain homology, ARF-binding proteins) adaptors [[cite:PUB00035753], [cite:PUB00035765]].</p>; <p>Clathrin is a trimer composed of three heavy chains and three light chains, each monomer projecting outwards like a leg; this three-legged structure is known as a triskelion [[cite:PUB00035906], [cite:PUB00035907]]. The heavy chains form the legs, their N-terminal β-propeller regions extending outwards, while their C-terminal α-α-superhelical regions form the central hub of the triskelion. Peptide motifs can bind between the β-propeller blades. The light chains appear to have a regulatory role, and may help orient the assembly and disassembly of clathrin coats as they interact with hsc70 uncoating ATPase [[cite:PUB00035908]]. Clathrin triskelia self-polymerise into a curved lattice by twisting individual legs together. The clathrin lattice forms around a vesicle as it buds from the TGN, plasma membrane or endosomes, acting to stabilise the vesicle and facilitate the budding process [[cite:PUB00035769]]. The multiple blades created when the triskelia polymerise are involved in multiple protein interactions, enabling the recruitment of different cargo adaptors and membrane attachment proteins [[cite:PUB00035909]].</p>"
1;IPR055358;"imex:IM-24272
pubmed:26496610";Clathrin heavy-chain repeat;"<p>This entry represents the CHCR found in the arm region of the Clathrin heavy chain.</p>; <p>Clathrin is a triskelion-shaped cytoplasmic protein that polymerises into a polyhedral lattice on intracellular membranes to form protein-coated membrane vesicles. Lattice formation induces the sorting of membrane proteins during endocytosis and organelle biogenesis by interacting with membrane-associated adaptor molecules. Clathrin functions as a trimer, and these trimers, or triskelions, are comprised of three legs joined by a central vertex. Each leg consists of one heavy chain and one light chain. The clathrin heavy-chain contains a 145-residue repeat that is present in seven copies [[cite:PUB00023546], [cite:PUB00068731]]. The clathrin heavy-chain repeat (CHCR) is also found in nonclathrin proteins such as Pep3, Pep5, Vam6, Vps41, Vps8 from Saccharomyces cerevisiae and their orthologues from other eukaryotes such as Vps11 in zebra fish [[cite:PUB00023546], [cite:PUB00068728], [cite:PUB00068729], [cite:PUB00068730], [cite:PUB00160303]]. These proteins, like clathrins, are involved in vacuolar maintenance and protein sorting. The CHCR repeats in these proteins could mediate protein-protein interactions, or possibly represent clathrin-binding domains, or perform clathrin-like functions. CHCR repeats in the clathrin heavy chain, Saccharomyces cerevisiae Vamp2 and human Vamp6 have been implicated in homooligomerization, suggesting that this may be the primary function of this repeat.</p>

<p>The CHCR repeat folds into an elongated right-handed superhelix coil of short α-helices [[cite:PUB00023546]]. Individual 'helix-turn-helix-loop' or helix hairpin units comprise the canonical repeat and stack along the superhelix axis to form a single extended domain. The canonical hairpin repeat of the clathrin superhelix resembles a tetratrico peptide repeat (TPR), but is shorter and lacks the characteristic spacing of the hydrophobic residues in TPRs.</p>"
1;IPR016341;"imex:IM-24272
pubmed:26496610";Clathrin, heavy chain;"<p>This group represents a clathrin heavy chain.</p>; <p>Clathrin is a triskelion-shaped cytoplasmic protein that polymerises into a polyhedral lattice on intracellular membranes to form protein-coated membrane vesicles. Lattice formation induces the sorting of membrane proteins during endocytosis and organelle biogenesis by interacting with membrane-associated adaptor molecules. Clathrin consists of three heavy chain subunits, which are the main structural component of the clathrin vesicle coat, and three light chain molecules that interact with the heavy chains to self-assemble into a three-legged triskelion structure. Each leg consists of one heavy chain and one light chain. The clathrin heavy-chain contains a 145-residue repeat that is present in seven copies [[cite:PUB00023546], [cite:PUB00068731]].</p>"
1;IPR015348;"imex:IM-24272
pubmed:26496610";Clathrin, heavy chain, linker, core motif;"<p>Proteins synthesized on the ribosome and processed in the endoplasmic reticulum are transported from the Golgi apparatus to the trans-Golgi network (TGN), and from there via small carrier vesicles to their final destination compartment. These vesicles have specific coat proteins (such as clathrin or coatomer) that are important for cargo selection and direction of transport [[cite:PUB00035769]]. Clathrin coats contain both clathrin (acts as a scaffold) and adaptor complexes that link clathrin to receptors in coated vesicles. Clathrin-associated protein complexes are believed to interact with the cytoplasmic tails of membrane proteins, leading to their selection and concentration. The two major types of clathrin adaptor complexes are the heterotetrameric adaptor protein (AP) complexes, and the monomeric GGA (Golgi-localising, Gamma-adaptin ear domain homology, ARF-binding proteins) adaptors [[cite:PUB00035753], [cite:PUB00035765]].</p>; <p>Clathrin is a trimer composed of three heavy chains and three light chains, each monomer projecting outwards like a leg; this three-legged structure is known as a triskelion [[cite:PUB00035906], [cite:PUB00035907]]. The heavy chains form the legs, their N-terminal β-propeller regions extending outwards, while their C-terminal α-α-superhelical regions form the central hub of the triskelion. Peptide motifs can bind between the β-propeller blades. The light chains appear to have a regulatory role, and may help orient the assembly and disassembly of clathrin coats as they interact with hsc70 uncoating ATPase [[cite:PUB00035908]]. Clathrin triskelia self-polymerise into a curved lattice by twisting individual legs together. The clathrin lattice forms around a vesicle as it buds from the TGN, plasma membrane or endosomes, acting to stabilise the vesicle and facilitate the budding process [[cite:PUB00035769]]. The multiple blades created when the triskelia polymerise are involved in multiple protein interactions, enabling the recruitment of different cargo adaptors and membrane attachment proteins [[cite:PUB00035909]].</p>; <p>This entry represents the core motif for the α-helical zigzag linker region connecting the conserved N-terminal β-propeller region to the C-terminal α-α-superhelical region in clathrin heavy chains [[cite:PUB00000964]].</p>"
1;IPR011990;"imex:IM-24272
pubmed:26496610";Tetratricopeptide-like helical domain superfamily;"<p>This superfamily represents a domain with a multi-helical fold comprised of two curved layers of α-helices arranged in a regular right-handed superhelix, where the repeats that make up this structure are arranged about a common axis [[cite:PUB00015442]]. These superhelical structures present an extensive solvent-accessible surface that is well suited to binding large substrates such as proteins and nucleic acids. The TPR is likely to be an ancient repeat, since it is found in eukaryotes, bacteria and archaea, whereas the PPR repeat is found predominantly in higher plants. The superhelix formed from these repeats can bind ligands at a number of different regions and has the ability to acquire multiple functional roles [[cite:PUB00015443]].</p>; <p>The tetratricopeptide repeat region (TPR) is a structural motif present in a wide range of proteins [[cite:PUB00005443], [cite:PUB00001313], [cite:PUB00005695]]. It mediates protein-protein interactions and the assembly of multiprotein complexes [[cite:PUB00014195]]. The TPR motif consists of 3-16 tandem repeats of 34 amino acid residues, although individual TPR motifs can be dispersed in the protein sequence. Sequence alignment of the TPR domains reveals a consensus sequence defined by a pattern of small and large amino acids. TPR motifs have been identified in various different organisms, ranging from bacteria to humans. Proteins containing TPRs are involved in a variety of biological processes, such as cell cycle regulation, transcriptional control, mitochondrial and peroxisomal protein transport, neurogenesis and protein folding.</p>

<p>The X-ray structure of a domain containing three TPRs from protein phosphatase 5 revealed that TPR adopts a helix-turn-helix arrangement, with adjacent TPR motifs packing in a parallel fashion, resulting in a spiral of repeating anti-parallel α-helices [[cite:PUB00014195]]. The two helices are denoted helix A and helix B. The packing angle between helix A and helix B is ~24 degrees within a single TPR and generates a right-handed superhelical shape. Helix A interacts with helix B and with helix A' of the next TPR. Two protein surfaces are generated: the inner concave surface is contributed to mainly by residues on helices A, and the other surface presents residues from both helices A and B.</p>"
1;IPR052002;"imex:IM-25472
pubmed:32296183";Even-skipped homeobox domain-containing protein;<p>This family of proteins includes transcription factors that are characterized by the presence of an even-skipped homeobox domain. They are involved in various developmental processes, including the specification of neuronal cell types and pattern formation during embryogenesis. Members of this family can act as transcriptional repressors or activators, binding to specific promoter elements to regulate gene expression. They play crucial roles in motor neuron fate determination, posterior-specific pattern formation, and may influence the dorsoventral specification of mesodermal cell fate. The functions of these proteins are critical for proper segmentation and axial patterning in developing embryos across different species.</p>
1;IPR051481;"imex:IM-24272
pubmed:26496610";BTB/POZ domain-containing protein and Galectin-3-binding;<p>This family of proteins includes members with a BTB/POZ domain and galectin-3-binding capabilities. The BTB/POZ domain is known for its role in protein-protein interactions, which can be crucial for various cellular processes. Some members of this family are involved in promoting integrin-mediated cell adhesion, which is essential for cell-cell interactions and cellular signaling. Additionally, certain proteins within this family may play a role in stimulating host defense mechanisms against viruses and tumor cells, potentially contributing to immune surveillance and cancer prevention.</p>
1;IPR011333;"imex:IM-24272
pubmed:26496610";SKP1/BTB/POZ domain superfamily;"<p>The BTB (for BR-C, ttk and bab) [[cite:PUB00004829]] or POZ (for Pox virus and Zinc finger) [[cite:PUB00001918], [cite:PUB00035688]] domain is a versatile protein-protein interaction motif involved in many cellular functions, including transcriptional regulation, cytoskeleton dynamics, ion channel assembly and gating, and targeting proteins for ubiquitination [[cite:PUB00033636]]. The BTB domain can occur alongside other domains: BTB-zinc finger (BTB-ZF), BTB-BACK-Kelch (BBK), voltage-gated potassium channel T1 (T1-Kv) [[cite:PUB00035689]], MATH-BTB, BTB-NPH3 and BTB-BACK-PHR (BBP). Other proteins, such as Skp1 and ElonginC, consist almost exclusively of the core BTB fold. In all of these protein families, the BTB core fold is structurally conserved, consisting of a 2-layer α/β topology where a cluster of α-helices is flanked by short β-sheets [[cite:PUB00004917]]. POZ domains from several zinc finger proteins have been shown to mediate transcriptional repression and to interact with components of histone deacetylase co-repressor complexes including N-CoR and SMRT [[cite:PUB00000971], [cite:PUB00004499], [cite:PUB00003026]]. The POZ or BTB domain is also known as BR-C/Ttk or ZiN.</p>

<p>This entry includes the BTB/POZ domain, as well as  Skp1 N-terminal region which has an α/β structure similar to that of the BTB/POZ domain fold [[cite:PUB00035689], [cite:PUB00010628]].</p>"
1;IPR011705;"imex:IM-24272
pubmed:26496610";BTB/Kelch-associated;"<p>This domain is found associated with BTB/POZ domain ([interpro:IPR000210]) and Kelch repeats ([interpro:IPR006652]). BTB (broad-complex, tramtrack and bric a brac) is a Kelch related domain, also known as the POZ domain [[cite:PUB00033636]]. BTB proteins are divided into subgroups depending on what domain lies at the C terminus. Despite the divergence in sequences, the BTB fold is highly conserved.</p>

<p>BTB-Kelch proteins have Kelch repeats that form a β-propeller that can interact with actin filaments [[cite:PUB00019197]]. BTB and C-terminal Kelch (BACK) together constitute a novel conserved domain, which is thought to have a possible role in substrate orientation in Cullin3-based E3 ligase complexes.</p>

<p>Four domains, namely the BTB domain, a kelch domain, a BACK domain, and an intervening region (IVR) make up the aryl hydrocarbon receptor (AHR); a ligand-activated transcription factor [[cite:PUB00043340]]. This entry represents the domain associated with BTB and Kelch.</p>"
1;IPR000210;"imex:IM-24272
pubmed:26496610";BTB/POZ domain;"<p>The BTB domain (Broad-Complex, Tramtrack and Bric a brac) is also known as the POZ domain (POxvirus and Zinc finger). It is a homodimerisation domain occurring at the N terminus of proteins containing multiple copies of either zinc fingers of the C2H2 type or Kelch repeats [[cite:PUB00004829], [cite:PUB00001918]]. Many BTB proteins are transcriptional regulators that are thought to act through the control of chromatin structure.</p>

<p>The structure of the BTB domain of the promyelocytic leukaemia zinc finger (PLZF) protein has been determined by X-ray crystallography and reveals a tightly intertwined dimer with an extensive hydrophobic interface [[cite:PUB00004917]]. A surface-exposed groove lined with conserved amino acids is formed at the dimer interface, suggesting a peptide-binding site.</p>"
1;IPR000421;"doi:10.1016/j.cell.2021.04.011
imex:IM-29278
pubmed:33961781";Coagulation factor 5/8, C-terminal domain;"<p>Blood coagulation factors V and VIII contain a C-terminal, twice repeated, domain of about 150 amino acids, which is called F5/8 type C, FA58C, or C1/C2- like domain. In the Dictyostelium discoideum (Slime mold) cell adhesion protein discoidin, a related domain, named discoidin I-like domain, DLD, or DS, has been found which shares a common C-terminal region of about 110 amino acids with the FA58C domain, but whose N-terminal 40 amino acids are much less conserved. Similar domains have been detected in other extracellular and membrane proteins [[cite:PUB00004623], [cite:PUB00004819], [cite:PUB00001120]] In coagulation factors V and VIII the repeated domains compose part of a larger functional domain which promotes binding to anionic phospholipids on the surface of platelets and endothelial cells [[cite:PUB00000770]]. The C-terminal domain of the second FA58C repeat (C2) of coagulation factor VIII has been shown to be responsible for phosphatidylserine-binding and essential for activity [[cite:PUB00000771], [cite:PUB00002850]]. It forms an amphipathic α-helix, which binds to the membrane [[cite:PUB00000416]]. FA58C contains two conserved cysteines in most proteins, which link the extremities of the domain by a disulphide bond [[cite:PUB00000383], [cite:PUB00005035], [cite:PUB00001468]]. A further disulphide bond is located near the C-terminal of the second FA58C domain in MFGM [swissprot:Q08431] [[cite:PUB00001468]].</p>

<pre>
 +------------------------------------------------------------------------+
 |                                                               +-+      |
 |                                                               | |      |
 CxPLGxxQITASxxxxxRLxxxWxxxxWxxxxxxQGxxxxxxxxxxxxGNxxxxxxxxxxRxPxcxcLRxExGC

'C': conserved cysteine involved in a disulphide bond.
'c': cysteine involved in a disulphide bond in MFGM [swissprot:Q08431].
'x': any amino acid.
upper case letters: conserved residues.
</pre>"
1;IPR048525;"doi:10.1016/j.cell.2021.04.011
imex:IM-29278
pubmed:33961781";Discoidin domain-containing receptor 1/2, DS-like domain;"<p>Discoidin domain-containing receptor 1/2 (DDR1/2) are receptor tyrosine kinases (RTKs) whose activating ligands are various collagens [[cite:PUB00058282], [cite:PUB00151696]] and consist of extracellular domains comprising the N-terminal discoidin domain (DS, [interpro:IPR000421]) followed by a DS-like domain and the cytoplasmic kinase domain ([interpro:IPR001245]) [[cite:PUB00058282], [cite:PUB00151696]]. Impairment in signalling by DDR1 and DDR2 is associated with the progression of various human diseases, including fibrosis, atherosclerosis and cancer, therefore, inhibition of signalling using monoclonal antibodies (mAbs) may be an useful therapy.</p>

<p>This entry represents the DS-like domain, which mediates binding to triple-helical collagen together with the DS domain and contains the epitopes of all mAbs [[cite:PUB00151696]].</p>"
1;IPR056484;"imex:IM-15364
pubmed:21988832";Histone acetyltransferase p300/CREBBP, PHD domain;"<p>This domain is found in human Histone acetyltransferase p300 (EP300), Histone lysine acetyltransferase CREBBP and similar animal proteins. EP300 functions as a histone acetyltransferase and regulates transcription via chromatin remodelling [[cite:PUB00158862], [cite:PUB00074827]]. Histone lysine acetyltransferase CREBBP acetylates histones, giving a specific tag for transcriptional activation [[cite:PUB00158861], [cite:PUB00158863]]. It mediates acetylation of histone H3 at 'Lys-18' and 'Lys-27' (H3K18ac and H3K27ac, respectively) [[cite:PUB00158861]]. CREBBP also acetylates non-histone proteins, like DDX21, FBL, IRF2, MAFG, NCOA3, POLR1E/PAF53 and FOXO1 [[cite:PUB00100520], [cite:PUB00158864]].</p>

<p>This entry represents the PHD domain, which forms a module with the bromodomain ([interpro:IPR001487]) and the RING domain ([interpro:IPR010303]) that associates intimately with the HAT domain ([interpro:IPR064044]) through numerous conserved contacts [[cite:PUB00074827]].</p>"
1;IPR000197;"imex:IM-15364
pubmed:21988832";Zinc finger, TAZ-type;"<p>TAZ (Transcription Adaptor putative Zinc finger) domains are zinc-containing domains found in the homologous transcriptional co-activators CREB-binding protein (CBP) and the P300. CBP and P300 are histone acetyltransferases ([ec:2.3.1.48]) that catalyse the reversible acetylation of all four histones in nucleosomes, acting to regulate transcription via chromatin remodelling. These large nuclear proteins interact with numerous transcription factors and viral oncoproteins, including p53 tumour suppressor protein, E1A oncoprotein, MyoD, and GATA-1, and are involved in cell growth, differentiation and apoptosis [[cite:PUB00005449]]. Both CBP and P300 have two copies of the TAZ domain, one in the N-terminal region, the other in the C-terminal region. The TAZ1 domain of CBP and P300 forms a complex with CITED2 (CBP/P300-interacting transactivator with ED-rich tail), inhibiting the activity of the hypoxia inducible factor (HIF-1alpha) and thereby attenuating the cellular response to low tissue oxygen concentration [[cite:PUB00029716]]. Adaptation to hypoxia is mediated by transactivation of hypoxia-responsive genes by hypoxia-inducible factor-1 (HIF-1) in complex with the CBP and p300 transcriptional coactivators [[cite:PUB00026905]].</p>

<p>Proteins containing this domain also include a group of land-plant specific proteins, know as the BTB/POZ and TAZ domain-containing (BT) protein. The reports of their interaction with CUL3 are contradictory. They are multifunctional scaffold proteins essential for male and female gametophyte development [[cite:PUB00082643]].</p>; <p>Zinc finger (Znf) domains are relatively small protein motifs which contain multiple finger-like protrusions that make tandem contacts with their target molecule. Some of these domains bind zinc, but many do not; instead, they bind other metals, such as iron, or no metal at all. For example, some family members form salt bridges to stabilise the finger-like folds. They were first identified as a DNA-binding motif in transcription factor TFIIIA from Xenopus laevis (African clawed frog); however, they are now recognised to bind DNA, RNA, protein and/or lipid substrates [[cite:PUB00035807], [cite:PUB00035805], [cite:PUB00035806], [cite:PUB00035804], [cite:PUB00014077]]. Their binding properties depend on the amino acid sequence of the finger domains and of the linker between fingers, as well as on the higher-order structures and the number of fingers. Znf domains are often found in clusters, where fingers can have different binding specificities. There are many superfamilies of Znf motifs, varying in both sequence and structure. They display considerable versatility in binding modes, even between members of the same class (e.g., some bind DNA, others protein), suggesting that Znf motifs are stable scaffolds that have evolved specialised functions. For example, Znf-containing proteins function in gene transcription, translation, mRNA trafficking, cytoskeleton organisation, epithelial development, cell adhesion, protein folding, chromatin remodelling and zinc sensing, to name but a few [[cite:PUB00035812]]. Zinc-binding motifs are stable structures, and they rarely undergo conformational changes upon binding their target.</p>"
1;IPR035898;"imex:IM-15364
pubmed:21988832";TAZ domain superfamily;"<p>TAZ (Transcription Adaptor putative Zinc finger) domains are zinc-containing domains found in the homologous transcriptional co-activators CREB-binding protein (CBP) and the P300. CBP and P300 are histone acetyltransferases ([ec:2.3.1.48]) that catalyse the reversible acetylation of all four histones in nucleosomes, acting to regulate transcription via chromatin remodelling. These large nuclear proteins interact with numerous transcription factors and viral oncoproteins, including p53 tumour suppressor protein, E1A oncoprotein, MyoD, and GATA-1, and are involved in cell growth, differentiation and apoptosis [[cite:PUB00005449]]. Both CBP and P300 have two copies of the TAZ domain, one in the N-terminal region, the other in the C-terminal region. The TAZ1 domain of CBP and P300 forms a complex with CITED2 (CBP/P300-interacting transactivator with ED-rich tail), inhibiting the activity of the hypoxia inducible factor (HIF-1alpha) and thereby attenuating the cellular response to low tissue oxygen concentration [[cite:PUB00029716]]. Adaptation to hypoxia is mediated by transactivation of hypoxia-responsive genes by hypoxia-inducible factor-1 (HIF-1) in complex with the CBP and p300 transcriptional coactivators [[cite:PUB00026905]].</p>

<p>Proteins containing this domain also include a group of land-plant specific proteins, know as the BTB/POZ and TAZ domain-containing (BT) protein. The reports of their interaction with CUL3 are contradictory. They are multifunctional scaffold proteins essential for male and female gametophyte development [[cite:PUB00082643]].</p>"
1;IPR043145;"imex:IM-15364
pubmed:21988832";Zinc finger, ZZ-type superfamily;"<p>This entry represents the ZZ domain, which belongs to the family of 'cross-brace' zinc finger proteins with interleaved zinc binding sites. These zinc fingers are thought to be involved in protein-protein interactions [[cite:PUB00031525]].</p>; <p>Zinc finger (Znf) domains are relatively small protein motifs which contain multiple finger-like protrusions that make tandem contacts with their target molecule. Some of these domains bind zinc, but many do not; instead, they bind other metals, such as iron, or no metal at all. For example, some family members form salt bridges to stabilise the finger-like folds. They were first identified as a DNA-binding motif in transcription factor TFIIIA from Xenopus laevis (African clawed frog); however, they are now recognised to bind DNA, RNA, protein and/or lipid substrates [[cite:PUB00035807], [cite:PUB00035805], [cite:PUB00035806], [cite:PUB00035804], [cite:PUB00014077]]. Their binding properties depend on the amino acid sequence of the finger domains and of the linker between fingers, as well as on the higher-order structures and the number of fingers. Znf domains are often found in clusters, where fingers can have different binding specificities. There are many superfamilies of Znf motifs, varying in both sequence and structure. They display considerable versatility in binding modes, even between members of the same class (e.g., some bind DNA, others protein), suggesting that Znf motifs are stable scaffolds that have evolved specialised functions. For example, Znf-containing proteins function in gene transcription, translation, mRNA trafficking, cytoskeleton organisation, epithelial development, cell adhesion, protein folding, chromatin remodelling and zinc sensing, to name but a few [[cite:PUB00035812]]. Zinc-binding motifs are stable structures, and they rarely undergo conformational changes upon binding their target.</p>"
1;IPR003101;"imex:IM-15364
pubmed:21988832";Coactivator CBP, KIX domain;"<p>Transcriptional activators are believed to stimulate gene expression via protein-protein interactions with the basal machinery. The cAMP-regulated transcription factor CREB has been shown to stimulate target gene expression, in part by associating with the coactivator paralogues p300 and CREB binding protein (CBP). CBP and P300 bind to the Ser-133-phosphorylated kinase-inducible domain (KID) of CREB via a region of approximately 90 residues referred to as the KIX domain, which is highly conserved in CBP homologues from Caenorhabditis elegans and Drosophila melanogaster. In addition to CREB, the KIX domain of CBP also recognises the transactivation domains of other nuclear factors, including Myb, Jun, cubitus interruptus, and HTLV-1 virally encoded Tax protein. Thus the KIX domain appears to be a common docking site on CBP for many transcriptional activators. The KIX domain is found in association with other domains, such as the bromodomain, the ZZ-type zinc finger, or the TAZ-type zinc finger [[cite:PUB00018422], [cite:PUB00006396]].</p>

<p>The KIX domain of CBP is composed of three mutually interacting α helices, designated alpha1, alpha2 and alpha3, and two short 3(10) helices G1 and G2, that together with the interconnecting loops define a compact structural domain with an extensive hydrophobic core. Helices alpha1 and alpha3 constitute the primary interacting surface for the phosphorylated KID domain (pKID), forming a hydrophobic patch on the protein surface that is large enough to accommodate up to 3 turns of an amphipathic α helix, designated alphaB, in pKID. A second α helix in pKID, referred to as alphaA, interacts with a different face of the alpha3 helix of KIX. The two helices of pKID are arranged at an angle of about 90 degree and essentially wrap around the alpha3 helix of KIX [[cite:PUB00018422], [cite:PUB00006396]].</p>"
1;IPR000433;"imex:IM-15364
pubmed:21988832";Zinc finger, ZZ-type;"<p>This entry represents ZZ-type zinc finger domains, named because of their ability to bind two zinc ions [[cite:PUB00005449]]. These domains contain 4-6 Cys residues that participate in zinc binding (plus additional Ser/His residues), including a Cys-X2-Cys motif found in other zinc finger domains. These zinc fingers are thought to be involved in protein-protein interactions. The structure of the ZZ domain shows that it belongs to the family of cross-brace zinc finger motifs that include the PHD, RING, and FYVE domains [[cite:PUB00031525]]. ZZ-type zinc finger domains are found in:</p>

<ul>
<li>Transcription factors P300 and CBP.</li>
<li>Plant proteins involved in light responses, such as Hrb1.</li>
<li>E3 ubiquitin ligases MEX and MIB2 ([ec:6.3.2]).</li>
<li>Dystrophin and its homologues.</li>
</ul>

<p>Single copies of the ZZ zinc finger occur in the transcriptional adaptor/coactivator proteins P300, in cAMP response element-binding protein (CREB)-binding protein (CBP) and ADA2. CBP provides several binding sites for transcriptional coactivators. The site of interaction with the tumour suppressor protein p53 and the oncoprotein E1A with CBP/P300 is a Cys-rich region that incorporates two zinc-binding motifs: ZZ-type and TAZ2-type. The ZZ-type zinc finger of CBP contains two twisted anti-parallel β-sheets and a short α-helix, and binds two zinc ions [[cite:PUB00031525]]. One zinc ion is coordinated by four cysteine residues via 2 Cys-X2-Cys motifs, and the third zinc ion via a third Cys-X-Cys motif and a His-X-His motif. The first zinc cluster is strictly conserved, whereas the second zinc cluster displays variability in the position of the two His residues.</p>
<p>In Arabidopsis thaliana (Mouse-ear cress), the hypersensitive to red and blue 1 (Hrb1) protein, which regulating both red and blue light responses, contains a ZZ-type zinc finger domain [[cite:PUB00042936]].</p>
<p>ZZ-type zinc finger domains have also been identified in the testis-specific E3 ubiquitin ligase MEX that promotes death receptor-induced apoptosis [[cite:PUB00035845]]. MEX has four putative zinc finger domains: one ZZ-type, one SWIM-type and two RING-type. The region containing the ZZ-type and RING-type zinc fingers is required for interaction with UbcH5a and MEX self-association, whereas the SWIM domain was critical for MEX ubiquitination.</p>
<p>In addition, the Cys-rich domains of dystrophin, utrophin and an 87kDa post-synaptic protein contain a ZZ-type zinc finger with high sequence identity to P300/CBP ZZ-type zinc fingers. In dystrophin and utrophin, the ZZ-type zinc finger lies between a WW domain (flanked by and EF hand) and the C-terminal coiled-coil domain. Dystrophin is thought to act as a link between the actin cytoskeleton and the extracellular matrix, and perturbations of the dystrophin-associated complex, for example, between dystrophin and the transmembrane glycoprotein beta-dystroglycan, may lead to muscular dystrophy. Dystrophin and its autosomal homologue utrophin interact with beta-dystroglycan via their C-terminal regions, which are comprised of a WW domain, an EF hand domain and a ZZ-type zinc finger domain [[cite:PUB00042937]]. The WW domain is the primary site of interaction between dystrophin or utrophin and dystroglycan, while the EF hand and ZZ-type zinc finger domains stabilise and strengthen this interaction.</p>; <p>Zinc finger (Znf) domains are relatively small protein motifs which contain multiple finger-like protrusions that make tandem contacts with their target molecule. Some of these domains bind zinc, but many do not; instead, they bind other metals, such as iron, or no metal at all. For example, some family members form salt bridges to stabilise the finger-like folds. They were first identified as a DNA-binding motif in transcription factor TFIIIA from Xenopus laevis (African clawed frog); however, they are now recognised to bind DNA, RNA, protein and/or lipid substrates [[cite:PUB00035807], [cite:PUB00035805], [cite:PUB00035806], [cite:PUB00035804], [cite:PUB00014077]]. Their binding properties depend on the amino acid sequence of the finger domains and of the linker between fingers, as well as on the higher-order structures and the number of fingers. Znf domains are often found in clusters, where fingers can have different binding specificities. There are many superfamilies of Znf motifs, varying in both sequence and structure. They display considerable versatility in binding modes, even between members of the same class (e.g., some bind DNA, others protein), suggesting that Znf motifs are stable scaffolds that have evolved specialised functions. For example, Znf-containing proteins function in gene transcription, translation, mRNA trafficking, cytoskeleton organisation, epithelial development, cell adhesion, protein folding, chromatin remodelling and zinc sensing, to name but a few [[cite:PUB00035812]]. Zinc-binding motifs are stable structures, and they rarely undergo conformational changes upon binding their target.</p>"
1;IPR018359;"imex:IM-15364
pubmed:21988832";Bromodomain, conserved site;"<p>Bromodomains are found in a variety of mammalian, invertebrate and yeast DNA-binding proteins [[cite:PUB00004405]]. Bromodomains are highly conserved α-helical motifs that can specifically interact with acetylated lysine residues on histone tails [[cite:PUB00005462], [cite:PUB00097275]]. In some proteins, the classical bromodomain has diverged to such an extent that parts of the region are either missing or contain an insertion (e.g., mammalian protein HRX, Caenorhabditis elegans hypothetical protein ZK783.4, yeast protein YTA7). The bromodomain may occur as a single copy, or in duplicate.</p>

<p>This domain is present in proteins involved in a wide range of functions such as acetylating histones, remodelling chromatin, and recruiting other factors necessary for transcription, thus playing a critical role in the regulation of transcription [[cite:PUB00097276]].</p>"
1;IPR009110;"imex:IM-15364
pubmed:21988832";Nuclear receptor coactivator, interlocking;"<p>This superfamily represents the interlocking domain of various eukaryotic nuclear receptor coactivators, including CREBP, P300, Ncoa1, Ncoa2 and Ncoa3. The interlocking domain forms a 3-helical non-globular array that forms interlocked heterodimers with its target.</p>
<p>Nuclear receptors are ligand-activated transcription factors involved in the regulation of many processes, including development, reproduction and homeostasis. Nuclear receptor coactivators act to modulate the function of nuclear receptors. Coactivators associate with promoters and enhancers primarily through protein-protein contacts to facilitate the interaction between DNA-bound transcription factors and the transcription machinery. Many of these coactivators are structurally related, including CBP (CREB-binding protein), P300 and ACTR (activator for thyroid and retinoid receptors) [[cite:PUB00013275]]. CBP and P300 both have histone acetyltransferase activity ([ec:2.3.1.48]). CBP/P300 proteins function synergistically to activate transcription, acting to remodel chromatin and to recruit RNA polymerase II and the basal transcription machinery. CBP is required for proper cell cycle control, differentiation and apoptosis. The interaction of CBP/P300 with transcription factors involves several small domains. The IBiD domain in the C-terminal of CBP is responsible for CBP interaction with IRF-3, as well as with the adenoviral oncoprotein E1A, TIF-2 coactivator, and the IRF homologue KSHV IRF-1 [[cite:PUB00013276]].</p>
<p>Ncoa1, Ncoa2 and Ncoa3 are all coactivators of various nuclear receptors. In addition, Ncoa1 and Ncoa3 both have histone acetyltransferase activity, but Ncoa2 does not [[cite:PUB00029464], [cite:PUB00035991]].</p>"
1;IPR001487;"imex:IM-15364
pubmed:21988832";Bromodomain;"<p>Bromodomains are found in a variety of mammalian, invertebrate and yeast DNA-binding proteins [[cite:PUB00004405]]. Bromodomains are highly conserved α-helical motifs that can specifically interact with acetylated lysine residues on histone tails [[cite:PUB00005462], [cite:PUB00097275]]. In some proteins, the classical bromodomain has diverged to such an extent that parts of the region are either missing or contain an insertion (e.g., mammalian protein HRX, Caenorhabditis elegans hypothetical protein ZK783.4, yeast protein YTA7). The bromodomain may occur as a single copy, or in duplicate.</p>

<p>This domain is present in proteins involved in a wide range of functions such as acetylating histones, remodelling chromatin, and recruiting other factors necessary for transcription, thus playing a critical role in the regulation of transcription [[cite:PUB00097276]].</p>"
1;IPR038547;"imex:IM-15364
pubmed:21988832";CBP/p300, atypical RING domain superfamily;"<p>CBP (CREB-binding protein) and p300 (also known as CREBBP or KAT3A and EP300 or KAT3B, respectively) are two histone acetyltransferases (HATs) that associate with and acetylate transcriptional regulators and chromatin. The catalytic core of animal CBP-p300 contains a bromodomain, a CH2 region containing a discontinuous PHD domain interrupted by this RING domain, and a HAT domain. Bromodomain-RING-PHD forms a compact module in which the RING domain is juxtaposed with the HAT substrate-binding site. This ring domain contains only a single zinc ion-binding cluster instead of two; instead of a second zinc atom, a network of hydrophobic interactions stabilizes the domain. The RING domain has an inhibitory role. Disease mutations that disrupt RING attachment lead to upregulation of HAT activity. HAT regulation may require repositioning of the RING domain to facilitate access to an otherwise partially occluded HAT active site. Plant CBP-p300 type HATs lack a bromodomain whose role in the animal animal CBP-p300's is to bind acetylated histones; it has been suggested that these plant proteins may utilize a different domain or another bromodomain protein to perform this function [[cite:PUB00074827]].</p>"
1;IPR010303;"imex:IM-15364
pubmed:21988832";CREB-binding protein/p300, atypical RING domain;"<p>CBP (CREB-binding protein) and p300 (also known as CREBBP or KAT3A and EP300 or KAT3B, respectively) are two histone acetyltransferases (HATs) that associate with and acetylate transcriptional regulators and chromatin. The catalytic core of animal CBP-p300 contains a bromodomain, a CH2 region containing a discontinuous PHD domain interrupted by this RING domain, and a HAT domain. Bromodomain-RING-PHD forms a compact module in which the RING domain is juxtaposed with the HAT substrate-binding site. This ring domain contains only a single zinc ion-binding cluster instead of two; instead of a second zinc atom, a network of hydrophobic interactions stabilizes the domain. The RING domain has an inhibitory role. Disease mutations that disrupt RING attachment lead to upregulation of HAT activity. HAT regulation may require repositioning of the RING domain to facilitate access to an otherwise partially occluded HAT active site. Plant CBP-p300 type HATs lack a bromodomain whose role in the animal animal CBP-p300's is to bind acetylated histones; it has been suggested that these plant proteins may utilize a different domain or another bromodomain protein to perform this function [[cite:PUB00074827]]. This RING domain has also been referred to as DUF902.</p>"
1;IPR013178;"imex:IM-15364
pubmed:21988832";Histone acetyltransferase CBP/p300;"<p>Histone acetylation is required in many cellular processes including transcription, DNA repair, and chromatin assembly. This family contains human Histone acetyltransferase p300 (EP300), mouse Histone lysine acetyltransferase CREBBP (CPB) and similar plant and animal proteins.</p>

<p>EP300 functions as a histone acetyltransferase and regulates transcription via chromatin remodelling [[cite:PUB00158862], [cite:PUB00074827]]. CPB is a transcriptional co-activator that acetylates both histones and non-histone proteins [[cite:PUB00074833], [cite:PUB00074834], [cite:PUB00074835]]. CBP binds specifically to phosphorylated CREB and enhances its transcriptional activity toward cAMP-responsive genes [[cite:PUB00053723], [cite:PUB00053724]].I t gives histones a specific tag for transcriptional activation [[cite:PUB00158861], [cite:PUB00158863]]. It mediates acetylation of histone H3 at 'Lys-18' and 'Lys-27' (H3K18ac and H3K27ac, respectively) [[cite:PUB00158861]]. This protein also acetylates non-histone proteins, like DDX21, FBL, IRF2, MAFG, NCOA3, POLR1E/PAF53 and FOXO1 [[cite:PUB00100520], [cite:PUB00158864]].</p>"
1;IPR031162;"imex:IM-15364
pubmed:21988832";CBP/p300-type histone acetyltransferase domain;"<p>Histone acetyltransferase (HAT) enzymes play important roles in the regulation of chromatin assembly, RNA transcription, DNA repair and other DNA-templated reactions through the lysine side-chain acetylation of histones and other transcription factors. HATs fall into at least four different families based on sequence conservation within the HAT domain. This includes Gcn5/PCAF, CBP/p300, Rtt109 and MYST families. The different HAT families contain a structurally conserved central region associated with acetyl-Coenzyme A (Ac-CoA) cofactor binding but distinct catalytic mechanisms and structurally divergent flanking regions that mediate different chromatin regulatory functions. Protein acetylation extends beyond histones to other nuclear proteins and even cytoplasmic proteins to regulate diverse biological processes including the regulation of cell cycle, vesicular trafficking, cytoskeleton reorganisation and metabolism.</p>

<p>CREB-binding protein (CBP)/p300 proteins are involved in various physiological events including proliferation, differentiation and apoptosis. CBP/p300 proteins contain several well-defined protein-interaction domains as well as a centrally located 380-residue HAT domain [[cite:PUB00050646], [cite:PUB00074827], [cite:PUB00074828], [cite:PUB00074829]].</p>

<p>The overall fold of the CBP/p300-type HAT domain consists of a central β-sheet comprising seven β-strands surrounded by nine α-helices and several loops [[cite:PUB00050646], [cite:PUB00074827]].</p>

<p>Some proteins known to contain a cBP/p300-type HAT domain are listed below:</p>

<ul>
<li>Animal CBP (also known as KAT3A), a coactivator for the cAMP-responsive transcription factor CREB.</li>
<li>Animal p300 (also known as KAT3B), binds to the adenoviral oncoprotein E1A.</li>
<li>Arabidopsis thaliana HACs, involved in the ethylene signaling pathway (HAC1, HAC2, HAC4, HAC5 and HAC12). All the HAC members share the CBP/p300- type HAT domain; however, the HAT domain of HAC1 but not that of HAC2 possesses acetyltransferase activity, while the situation had not been tested in the other HAC members [[cite:PUB00074829]].</li>
</ul>; <p>This entry is specific to animals and plants.</p>"
1;IPR036529;"imex:IM-15364
pubmed:21988832";Coactivator CBP, KIX domain superfamily;"<p>Transcriptional activators are believed to stimulate gene expression via protein-protein interactions with the basal machinery. The cAMP-regulated transcription factor CREB has been shown to stimulate target gene expression, in part by associating with the coactivator paralogues p300 and CREB binding protein (CBP). CBP and P300 bind to the Ser-133-phosphorylated kinase-inducible domain (KID) of CREB via a region of approximately 90 residues referred to as the KIX domain, which is highly conserved in CBP homologues from Caenorhabditis elegans and Drosophila melanogaster. In addition to CREB, the KIX domain of CBP also recognises the transactivation domains of other nuclear factors, including Myb, Jun, cubitus interruptus, and HTLV-1 virally encoded Tax protein. Thus the KIX domain appears to be a common docking site on CBP for many transcriptional activators. The KIX domain is found in association with other domains, such as the bromodomain, the ZZ-type zinc finger, or the TAZ-type zinc finger [[cite:PUB00018422], [cite:PUB00006396]].</p>

<p>The KIX domain of CBP is composed of three mutually interacting α helices, designated alpha1, alpha2 and alpha3, and two short 3(10) helices G1 and G2, that together with the interconnecting loops define a compact structural domain with an extensive hydrophobic core. Helices alpha1 and alpha3 constitute the primary interacting surface for the phosphorylated KID domain (pKID), forming a hydrophobic patch on the protein surface that is large enough to accommodate up to 3 turns of an amphipathic α helix, designated alphaB, in pKID. A second α helix in pKID, referred to as alphaA, interacts with a different face of the alpha3 helix of KIX. The two helices of pKID are arranged at an angle of about 90 degree and essentially wrap around the alpha3 helix of KIX [[cite:PUB00018422], [cite:PUB00006396]].</p>"
1;IPR037073;"imex:IM-15364
pubmed:21988832";Nuclear receptor coactivator, CREB-bp-like, interlocking domain superfamily;"<p>This entry represents the interlocking domain superfamily of the eukaryotic nuclear receptor coactivators CREBP and p300. The interlocking domain forms a 3-helical non-globular array that forms interlocked heterodimers with its target.</p>
<p>Nuclear receptors are ligand-activated transcription factors involved in the regulation of many processes, including development, reproduction and homeostasis. Nuclear receptor coactivators act to modulate the function of nuclear receptors. Coactivators associate with promoters and enhancers primarily through protein-protein contacts to facilitate the interaction between DNA-bound transcription factors and the transcription machinery. Many of these coactivators are structurally related, including CBP (CREB-binding protein) and p300 [[cite:PUB00013275]]. CBP and p300 both have histone acetyltransferase activity ([ec:2.3.1.48]). CBP/p300 proteins function synergistically to activate transcription, acting to remodel chromatin and to recruit RNA polymerase II and the basal transcription machinery. CBP is required for proper cell cycle control, differentiation and apoptosis. The interaction of CBP/p300 with transcription factors involves several small domains. The IBiD domain in the C-terminal of CBP is responsible for CBP interaction with IRF-3, as well as with the adenoviral oncoprotein E1A, TIF-2 coactivator, and the IRF homologue KSHV IRF-1 [[cite:PUB00013276]].</p>"
1;IPR014744;"imex:IM-15364
pubmed:21988832";Nuclear receptor coactivator, CREB-bp-like, interlocking;"<p>This entry represents the interlocking domain of the eukaryotic nuclear receptor coactivators CREBP and p300. The interlocking domain forms a 3-helical non-globular array that forms interlocked heterodimers with its target.</p>
<p>Nuclear receptors are ligand-activated transcription factors involved in the regulation of many processes, including development, reproduction and homeostasis. Nuclear receptor coactivators act to modulate the function of nuclear receptors. Coactivators associate with promoters and enhancers primarily through protein-protein contacts to facilitate the interaction between DNA-bound transcription factors and the transcription machinery. Many of these coactivators are structurally related, including CBP (CREB-binding protein) and p300 [[cite:PUB00013275]]. CBP and p300 both have histone acetyltransferase activity ([ec:2.3.1.48]). CBP/p300 proteins function synergistically to activate transcription, acting to remodel chromatin and to recruit RNA polymerase II and the basal transcription machinery. CBP is required for proper cell cycle control, differentiation and apoptosis. The interaction of CBP/p300 with transcription factors involves several small domains. The IBiD domain in the C-terminal of CBP is responsible for CBP interaction with IRF-3, as well as with the adenoviral oncoprotein E1A, TIF-2 coactivator, and the IRF homologue KSHV IRF-1 [[cite:PUB00013276]].</p>"
1;IPR036427;"imex:IM-15364
pubmed:21988832";Bromodomain-like superfamily;"<p>Bromodomains are found in a variety of mammalian, invertebrate and yeast DNA-binding proteins [[cite:PUB00004405]]. Bromodomains are highly conserved α-helical motifs that can specifically interact with acetylated lysine residues on histone tails [[cite:PUB00005462], [cite:PUB00097275]]. In some proteins, the classical bromodomain has diverged to such an extent that parts of the region are either missing or contain an insertion (e.g., mammalian protein HRX, Caenorhabditis elegans hypothetical protein ZK783.4, yeast protein YTA7). The bromodomain may occur as a single copy, or in duplicate.</p>

<p>This domain is present in proteins involved in a wide range of functions such as acetylating histones, remodelling chromatin, and recruiting other factors necessary for transcription, thus playing a critical role in the regulation of transcription [[cite:PUB00097276]].</p>"
1;IPR008717;"doi:10.1016/j.cell.2021.04.011
imex:IM-29278
pubmed:33961781";Noggin;"<p>Noggin was first discovered by its ability to induce secondary axis formation in Xenopus embryos [[cite:PUB00074874]]. It is a secreted homodimeric glycoprotein that serves as a BMP (bone morphogenetic protein) antagonist [[cite:PUB00074875], [cite:PUB00074876]]. It has been found that noggin arrests the differentiation of stromal cells, preventing cellular maturation [[cite:PUB00011403]]. In humans increased noggin activity results in skeletal dysplasia such as proximal symphalangism (SYM1) and multiple synostosis syndrome 1 (SYNS1) [[cite:PUB00074875]]. Noggin maintains prolonged growth of human embryonic stem cells in vitro and regulates the stem cell niche during neurogenesis [[cite:PUB00074878], [cite:PUB00074879]].</p>; <p>This entry also includes the Trunk protein. In Drosophila, it is a secreted growth factor critical for anterior-posterior embryonic patterning. It activates the Torso (Tor) receptor tyrosine kinase pathway, which determines terminal structures like the head and tail. Trunk undergoes proteolytic cleavage to release its active C-terminal fragment, enabling localised Tor signaling despite its uniform distribution in the embryo. This cleavage is essential for its function but does not depend on Torso-like (Tsl), a perforin-like protein that instead regulates Trunk secretion [[cite:PUB00160729]]. Trunk is not a direct orthologue of Noggin but shares a distant evolutionary relationship within the cysteine knot protein superfamily [[cite:PUB00160729], [cite:PUB00160730]].</p>"
1;IPR029034;"doi:10.1016/j.cell.2021.04.011
imex:IM-29278
pubmed:33961781";Cystine-knot cytokine;<p>This cystine-knot cytokine domain is a disulfide-rich, all-β core domain that is found in glycoprotein hormones [[cite:PUB00069774]], in members of the TGF-beta family [[cite:PUB00069773]], IL-17 family [[cite:PUB00069776]] and VEGF growth factor family [[cite:PUB00069775]] among others.</p>
1;IPR051483;"doi:10.1016/j.cell.2021.04.011
imex:IM-29278
pubmed:33961781";Microtubule-associated protein 7 domain-containing protein;<p>This family of proteins is involved in the stabilization and assembly of microtubules. Members are known to associate dynamically with microtubules and may play significant roles during the polarization and differentiation of epithelial cells. They are also implicated in the formation of intercellular contacts and may interact with other proteins, such as TRPV4, to mediate their redistribution towards the cell membrane, potentially linking cytoskeletal microfilaments and influencing cell shape and signaling.</p>
1;IPR008604;"doi:10.1016/j.cell.2021.04.011
imex:IM-29278
pubmed:33961781";Microtubule-associated protein 7 family;"<p>MAP7 (also known as E-MAP-115 or Ensconsin) is a microtubule-stabilising protein that may play an important role in microtubule reorganisation during polarisation and differentiation of epithelial cells [[cite:PUB00068052]]. It may play a role in the formation of intercellular contacts [[cite:PUB00068052], [cite:PUB00068053]].</p>; <p>The MAP7 family has three other members: MAP7 domain containing proteins 1 (MAP7D1), 2 (MAP7D2) and 3 (MAP7D3) [[cite:PUB00073824]]. MAP7D3 has been identified as a critical regulator of microtubule stability, probably through its binding to tubulin and microtubules, as well as its regulation of histone deacetylase 6 activity [[cite:PUB00073826], [cite:PUB00073827]].</p>"
1;IPR036013;"doi:10.1016/j.cell.2021.04.011
doi:10.1038/nature22366
imex:IM-25778
imex:IM-29278
pubmed:28514442
pubmed:33961781";Band 7/SPFH domain superfamily;"<p>The band-7 protein family comprises a diverse set of membrane-bound proteins characterised by the presence of a conserved domain, the band-7 domain, also known as SPFH or PHB domain [[cite:PUB00019208]]. The exact function of the band-7 domain is not known, but examples from animal and bacterial stomatin-type proteins demonstrate binding to lipids and the ability to assemble into membrane-bound oligomers that form putative scaffolds [[cite:PUB00076124]]. A variety of proteins belong to this family. These include the prohibitins, cytoplasmic anti-proliferative proteins and stomatin, an erythrocyte membrane protein. Bacterial HflC protein also belongs to this family.</p>

<p>Note: Band 4.1 and Band 7 proteins refer to human erythrocyte membrane proteins separated by SDS polyacrylamide gels and stained with coomassie blue [[cite:PUB00055449]].</p>"
1;IPR043023;"doi:10.1016/j.cell.2021.04.011
doi:10.1038/nature22366
imex:IM-25778
imex:IM-29278
pubmed:28514442
pubmed:33961781";Major vault protein repeat domain superfamily;<p>This superfamily represents a repeated domain found in the amino terminal half of the Major Vault Protein (MVP). Vaults are one of the largest cytoplasmic ribonucleoprotein particles, found in numerous eukaryotic species. The cellular function carried out by these ribonucleoproteins remains unclear, although roles in multidrug resistance and innate immunity have been suggested [[cite:PUB00050447]]. The primary sequence of MVP consists of seven short sequence repeats of ~55 amino acid residues followed by a central region and a coiled-coil protein association domain, which mediates the interactions between MVP molecules [[cite:PUB00035319]].</p>
1;IPR039059;"doi:10.1016/j.cell.2021.04.011
doi:10.1038/nature22366
imex:IM-25778
imex:IM-29278
pubmed:28514442
pubmed:33961781";Major vault protein;<p>The major vault protein is the major polypeptide component of a large cellular ribonuclear protein complex found in the cytoplasm of eukaryotic cells (known as vaults). Several roles for vaults have been proposed. Vault proteins have been associated with development of multi-drug resistance [[cite:PUB00080565]]. They have also being implicated in the regulation of several cellular processes including transport mechanisms, signal transmission and immune responses [[cite:PUB00080571], [cite:PUB00080566]].</p>
1;IPR043179;"doi:10.1016/j.cell.2021.04.011
doi:10.1038/nature22366
imex:IM-25778
imex:IM-29278
pubmed:28514442
pubmed:33961781";Major vault protein repeat domain 2 superfamily;"<p>The vault complex is the largest ribonucleoprotein particle found in eukaryotes [[cite:PUB00057759]]. Although several functions have been proposed for vaults since their discovery in 1986, including roles in multidrug resistance, cell signaling, and innate immunity, their cellular function remains unclear [[cite:PUB00050447]]. In mammals, vaults contain three proteins: the 100kDa major vault protein (MVP), the 193kDa vault poly(ADP-ribosyl)ating polymerase VPARP and the 240kDa telomerase-associated protein TEP1. Approximately 75% of the vault particle mass is due to MVP [[cite:PUB00057759]]. The MVP monomer folds to form structural repeat domains at the N terminus, a shoulder domain, a cap-helix and cap-ring domains.</p>; <p>This superfamily represents the major vault protein repeat domain 2, found at the N terminus.</p>"
1;IPR040989;"doi:10.1016/j.cell.2021.04.011
doi:10.1038/nature22366
imex:IM-25778
imex:IM-29278
pubmed:28514442
pubmed:33961781";Major vault protein repeat domain 3;"<p>This domain is found in the major vault protein.</p>; <p>The major vault protein is the major polypeptide component of a large cellular ribonuclear protein complex found in the cytoplasm of eukaryotic cells (known as vaults). Several roles for vaults have been proposed. Vault proteins have been associated with development of multi-drug resistance [[cite:PUB00080565]]. They have also being implicated in the regulation of several cellular processes including transport mechanisms, signal transmission and immune responses [[cite:PUB00080571], [cite:PUB00080566]].</p>"
1;IPR021870;"doi:10.1016/j.cell.2021.04.011
doi:10.1038/nature22366
imex:IM-25778
imex:IM-29278
pubmed:28514442
pubmed:33961781";Major vault protein, shoulder domain;"<p>The major vault protein is the major polypeptide component of a large cellular ribonuclear protein complex found in the cytoplasm of eukaryotic cells. Several roles for vaults have been proposed. Vault proteins have been associated with development of multi-drug resistance [[cite:PUB00080565]]. They have also being implicated in the regulation of several cellular processes including transport mechanisms, signal transmission and immune responses [[cite:PUB00080571]].</p>

<p>This domain is found in the Major Vault Protein and has been called the shoulder domain [[cite:PUB00050447]]. This family includes two bacterial proteins [swissprot:A6FXE2] and [swissprot:A1ZGE7]. This suggests that some bacteria may possess vault particles.</p>"
1;IPR041139;"doi:10.1016/j.cell.2021.04.011
doi:10.1038/nature22366
imex:IM-25778
imex:IM-29278
pubmed:28514442
pubmed:33961781";Major vault protein repeat domain;<p>The vault is a ubiquitous and highly conserved ribonucleoprotein particle of approximately 13 mDa of unknown function [[cite:PUB00005308]]. This entry corresponds to a repeated domain found in the amino terminal half of the major vault protein.</p>
1;IPR041136;"doi:10.1016/j.cell.2021.04.011
doi:10.1038/nature22366
imex:IM-25778
imex:IM-29278
pubmed:28514442
pubmed:33961781";Major vault protein repeat domain 4;"<p>This domain is found in the major vault protein.</p>; <p>The major vault protein is the major polypeptide component of a large cellular ribonuclear protein complex found in the cytoplasm of eukaryotic cells (known as vaults). Several roles for vaults have been proposed. Vault proteins have been associated with development of multi-drug resistance [[cite:PUB00080565]]. They have also being implicated in the regulation of several cellular processes including transport mechanisms, signal transmission and immune responses [[cite:PUB00080571], [cite:PUB00080566]].</p>"
1;IPR041134;"doi:10.1016/j.cell.2021.04.011
doi:10.1038/nature22366
imex:IM-25778
imex:IM-29278
pubmed:28514442
pubmed:33961781";Major vault protein repeat domain 2;<p>This short domain is found repeated numerous times in the Major vault protein.</p>
1;IPR002499;"doi:10.1016/j.cell.2021.04.011
doi:10.1038/nature22366
imex:IM-25778
imex:IM-29278
pubmed:28514442
pubmed:33961781";Major vault protein, N-terminal;"<p>Vaults are the largest ribonucleoprotein particles known, having a mass of approximately 13 MDa. They are multi-subunit structures that may act as scaffolds for proteins involved in signal transduction and may also play a role in nucleo-cytoplasmic transport. Vaults are present in most normal tissues, but are more highly expressed in epithelial cells with secretory and excretory functions, as well as in cells chronically exposed to xenobiotics, such as bronchial cells and cells lining the intestine [[cite:PUB00035318]]. Overexpression of these proteins is linked with multidrug-resistance in cancer cells.</p>

<p>The mammalian vault structure is highly regular and consists of approximately 96 molecules of the 100kDa major vault protein (MVP), 2 molecules of the 240kDa minor vault protein TEP1, 8 molecules of the 193kDa minor vault protein VPARP and at least 6 copies of a small untranslated RNA of 88-141 bases. The MVP molecules form the core of the complex, which is a barrel-like structure with an invaginated waist and two protruding caps. The complex can unfold into two symmetrical flower-like structures with 8 petals each supposedly consisting of 6 MVP molecules [[cite:PUB00005308]].</p>"
1;IPR042495;"doi:10.1016/j.cell.2021.04.011
imex:IM-29278
pubmed:33961781";Platelet-derived growth factor receptor-like protein;<p>The function of the platelet-derived growth factor receptor-like protein (PDGFRL) is not clear.</p>
1;IPR000558;"doi:10.1074/mcp.ra118.000924
imex:IM-26653
pubmed:30021884";Histone H2B;<p>Histone H2B is one of the five histones, along with H1/H5, H2A, H3 and H4. Two copies of each of the H2A, H2B, H3, and H4 histones ensemble to form the core of the nucleosome [[cite:PUB00066796]]. The nucleosome forms octameric structure that wraps DNA in a left-handed manner. Histones can undergo several different types of post-translational modifications that affect transcription, DNA repair, DNA replication and chromosomal stability.</p>
1;IPR055333;"doi:10.1074/mcp.ra118.000924
imex:IM-26653
pubmed:30021884";Histone H2B, conserved site;"<p>This entry represents a conserved region in the C-terminal part of H2B [[cite:PUB00004388], [cite:PUB00004448]].</p>; <p>Histone H2B is one of the five histones, along with H1/H5, H2A, H3 and H4. Two copies of each of the H2A, H2B, H3, and H4 histones ensemble to form the core of the nucleosome [[cite:PUB00066796]]. The nucleosome forms octameric structure that wraps DNA in a left-handed manner. Histones can undergo several different types of post-translational modifications that affect transcription, DNA repair, DNA replication and chromosomal stability.</p>"
1;IPR040313;"imex:IM-25472
pubmed:32296183";Keratin-associated protein 6;<p>This entry represents a group of animal keratin-associated proteins, including KAP6.1/6.2/6.3 from humans. Hair keratin-associated proteins (KAP) are a major component of the hair fibre and play crucial roles in forming a strong hair shaft through a cross-linked network with keratin intermediate filaments (KIF) [[cite:PUB00090807]].</p>
1;IPR002453;"doi:10.1016/j.cell.2021.04.011
imex:IM-29278
pubmed:33961781";Beta tubulin;"<p>Microtubules are polymers of tubulin, a dimer of two 55kDa subunits, designated alpha and beta [[cite:PUB00000039], [cite:PUB00000978]]. Within the microtubule lattice, α-β heterodimers associate in a head-to-tail fashion, giving rise to microtubule polarity. Fluorescent labelling studies have suggested that tubulin is oriented in microtubules with beta-tubulin toward the plus end [[cite:PUB00006112]]. For maximal rate and extent of polymerisation into microtubules, tubulin requires GTP. Two molecules of GTP are bound at different sites, termed N and E. At the E (Exchangeable) site, GTP is hydrolysed during incorporation into the microtubule. Close to the E site is an invariant region rich in glycine residues, which is found in both chains and is thought to control access of the nucleotide to its binding site [[cite:PUB00002443]].</p>

<p>Most species, excepting simple eukaryotes, express a variety of closely related alpha- and beta-isotypes. A third family member, gamma tubulin, has also been identified in a number of species [[cite:PUB00000721]].</p>

<p>British type familial amyloidosis is an autosomal dominant disease characterised by progressive dementia, spastic paralysis and ataxia. Amyloid deposits from the brain tissue of an individual who died with this disease have been characterised. Trypsin digestion and subsequent N-terminal sequence analysis yielded a number of short sequences, all of which are tryptic fragments of the C-termini of human alpha- and beta-tubulin [[cite:PUB00006090]]. Consistent with the definition of amyloid, synthetic peptides based on the sequences of these fragments formed fibrils in vitro, suggesting that the C-termini of both alpha- and beta-tubulin are closely associated with the amyloid deposits of this type of amyloidosis [[cite:PUB00006090]].</p>

<p>This entry represents beta tubulin.</p>"
1;IPR036525;"doi:10.1016/j.cell.2021.04.011
imex:IM-29278
pubmed:33961781";Tubulin/FtsZ, GTPase domain superfamily;"<p>This entry represents a GTPase domain found in all tubulin chains, such as tubulin alpha, beta and gamma chains, plant ARC3 and prokaryotic FtsZ and CetZ proteins [[cite:PUB00003961], [cite:PUB00096948]]. These proteins are involved in polymer formation. Tubulin is the major component of microtubules, while FtsZ (homologue of eukaryotic tubulin) is the polymer-forming protein of bacterial cell division, it is part of a ring in the middle of the dividing cell that is required for constriction of cell membrane and cell envelope to yield two daughter cells [[cite:PUB00044363], [cite:PUB00004272]]. FtsZ can polymerise into tubes, sheets, and rings in vitro and is ubiquitous in bacteria and archaea. CetZ co-exists with FtsZ in many archaea. Cetz does not affect cell division, instead, it is involved in cell shape control [[cite:PUB00074278]]. Arabidopsis chloroplast protein ARC3 (At1g75010) is a Z-ring accessory protein involved in the initiation of plastid division and division site placement [[cite:PUB00074279], [cite:PUB00074280]].</p>; <p>The structure of the GTPase domain has a three layers (α/β/α) with a parallel β-sheet of six strands.</p>"
1;IPR018316;"doi:10.1016/j.cell.2021.04.011
imex:IM-29278
pubmed:33961781";Tubulin/FtsZ, 2-layer sandwich domain;<p>This domain is found in the tubulin alpha, beta and gamma chains, as well as the bacterial FtsZ family of proteins. These proteins are GTPases and are involved in polymer formation. Tubulin is the major component of microtubules, while FtsZ is the polymer-forming protein of bacterial cell division, it is part of a ring in the middle of the dividing cell that is required for constriction of cell membrane and cell envelope to yield two daughter cells. FtsZ can polymerise into tubes, sheets, and rings<i>in vitro</i>and is ubiquitous in bacteria and archaea. This is the C-terminal domain.</p>
1;IPR000217;"doi:10.1016/j.cell.2021.04.011
imex:IM-29278
pubmed:33961781";Tubulin;"<p>Microtubules are polymers of tubulin, a dimer of two 55kDa subunits, designated alpha and beta [[cite:PUB00000039], [cite:PUB00000978]]. Within the microtubule lattice, α-β heterodimers associate in a head-to-tail fashion, giving rise to microtubule polarity. Fluorescent labelling studies have suggested that tubulin is oriented in microtubules with beta-tubulin toward the plus end [[cite:PUB00006112]].</p>

<p>For maximal rate and extent of polymerisation into microtubules, tubulin requires GTP. Two molecules of GTP are bound at different sites, termed N and E. At the E (Exchangeable) site, GTP is hydrolysed during incorporation into the microtubule. Close to the E site is an invariant region rich in glycine residues, which is found in both chains and is thought to control access of the nucleotide to its binding site [[cite:PUB00002443]].</p>

<p>Most species, excepting simple eukaryotes, express a variety of closely-related alpha- and beta-isotypes. A third family member, gamma tubulin, has also been identified in a number of species. Gamma tubulin is found at microtubule-organising centres, such as the spindle poles or the centrosome, 
suggesting that it is involved in minus-end nucleation of microtubule assembly [[cite:PUB00000721]]. Further eukaryotic tubulins (gamma, epsilon, zeta) that are restricted to certain lineages or species have been reported [[cite:PUB00072959], [cite:PUB00099927]].</p>

<p>Bacterial and archaeal homologues of tubulin have been discovered. BtubA and BtubB, two bacterial homologues in the genus Prosthecobacter, have probably been derived by horizontal gene transfer [[cite:PUB00072957], [cite:PUB00039756]].</p>"
1;IPR013838;"doi:10.1016/j.cell.2021.04.011
imex:IM-29278
pubmed:33961781";Beta tubulin, autoregulation binding site;"<p>The stability of beta-tubulin mRNAs are autoregulated by their own translation product [[cite:PUB00005335]]. Unpolymerised tubulin subunits bind directly (or activate a factor(s) which binds co-translationally) to the nascent N terminus of beta-tubulin. This binding is transduced through the adjacent ribosomes to activate an RNAse that degrades the polysome-bound mRNA. The recognition element has been shown to be the first four amino acids of beta-tubulin: Met-Arg-Glu-Ile. Mutations to this sequence abolish the autoregulation effect (except for the replacement of Glu by Asp); transposition of this sequence to an internal region of a polypeptide also suppresses the autoregulatory effect.</p>"
1;IPR003008;"doi:10.1016/j.cell.2021.04.011
imex:IM-29278
pubmed:33961781";Tubulin/FtsZ, GTPase domain;<p>This entry represents a GTPase domain found in all tubulin chains, such as tubulin alpha, beta and gamma chains, plant ARC3 and prokaryotic FtsZ and CetZ proteins [[cite:PUB00003961], [cite:PUB00096948]]. These proteins are involved in polymer formation. Tubulin is the major component of microtubules, while FtsZ (homologue of eukaryotic tubulin) is the polymer-forming protein of bacterial cell division, it is part of a ring in the middle of the dividing cell that is required for constriction of cell membrane and cell envelope to yield two daughter cells [[cite:PUB00044363], [cite:PUB00004272]]. FtsZ can polymerise into tubes, sheets, and rings in vitro and is ubiquitous in bacteria and archaea. CetZ co-exists with FtsZ in many archaea. Cetz does not affect cell division, instead, it is involved in cell shape control [[cite:PUB00074278]]. Arabidopsis chloroplast protein ARC3 (At1g75010) is a Z-ring accessory protein involved in the initiation of plastid division and division site placement [[cite:PUB00074279], [cite:PUB00074280]].</p>
1;IPR023123;"doi:10.1016/j.cell.2021.04.011
imex:IM-29278
pubmed:33961781";Tubulin, C-terminal;"<p>Microtubules are polymers of tubulin, a dimer of two 55kDa subunits, designated alpha and beta [[cite:PUB00000039], [cite:PUB00000978]]. Within the microtubule lattice, α-β heterodimers associate in a head-to-tail fashion, giving rise to microtubule polarity. Fluorescent labelling studies have suggested that tubulin is oriented in microtubules with beta-tubulin toward the plus end [[cite:PUB00006112]].</p>

<p>For maximal rate and extent of polymerisation into microtubules, tubulin requires GTP. Two molecules of GTP are bound at different sites, termed N and E. At the E (Exchangeable) site, GTP is hydrolysed during incorporation into the microtubule. Close to the E site is an invariant region rich in glycine residues, which is found in both chains and is thought to control access of the nucleotide to its binding site [[cite:PUB00002443]].</p>

<p>Most species, excepting simple eukaryotes, express a variety of closely-related alpha- and beta-isotypes. A third family member, gamma tubulin, has also been identified in a number of species. Gamma tubulin is found at microtubule-organising centres, such as the spindle poles or the centrosome, 
suggesting that it is involved in minus-end nucleation of microtubule assembly [[cite:PUB00000721]]. Further eukaryotic tubulins (gamma, epsilon, zeta) that are restricted to certain lineages or species have been reported [[cite:PUB00072959], [cite:PUB00099927]].</p>

<p>Bacterial and archaeal homologues of tubulin have been discovered. BtubA and BtubB, two bacterial homologues in the genus Prosthecobacter, have probably been derived by horizontal gene transfer [[cite:PUB00072957], [cite:PUB00039756]].</p>; <p>This entry represents the extreme C-terminal structural domain of both alpha and beta tubulin. It forms a helix hairpin [[cite:PUB00020380]].</p>"
1;IPR037103;"doi:10.1016/j.cell.2021.04.011
imex:IM-29278
pubmed:33961781";Tubulin/FtsZ-like, C-terminal domain;<p>This domain superfamily is found in the tubulin alpha, beta and gamma chains, as well as the bacterial FtsZ family of proteins and other Tubulin-like proteins. These proteins are GTPases and are involved in polymer formation. Tubulin is the major component of microtubules, while FtsZ is the polymer-forming protein of bacterial cell division, it is part of a ring in the middle of the dividing cell that is required for constriction of cell membrane and cell envelope to yield two daughter cells. FtsZ can polymerise into tubes, sheets, and rings<i>in vitro</i>and is ubiquitous in bacteria and archaea. This is the C-terminal domain.</p>
1;IPR008280;"doi:10.1016/j.cell.2021.04.011
imex:IM-29278
pubmed:33961781";Tubulin/FtsZ, C-terminal;<p>This domain superfamily is found in the tubulin alpha, beta and gamma chains, as well as the bacterial FtsZ family of proteins. These proteins are GTPases and are involved in polymer formation. Tubulin is the major component of microtubules, while FtsZ is the polymer-forming protein of bacterial cell division, it is part of a ring in the middle of the dividing cell that is required for constriction of cell membrane and cell envelope to yield two daughter cells. FtsZ can polymerise into tubes, sheets, and rings<i>in vitro</i>and is ubiquitous in bacteria and archaea. This is the C-terminal domain.</p>
1;IPR017975;"doi:10.1016/j.cell.2021.04.011
imex:IM-29278
pubmed:33961781";Tubulin, conserved site;"<p>Microtubules are polymers of tubulin, a dimer of two 55kDa subunits, designated alpha and beta [[cite:PUB00000039], [cite:PUB00000978]]. Within the microtubule lattice, α-β heterodimers associate in a head-to-tail fashion, giving rise to microtubule polarity. Fluorescent labelling studies have suggested that tubulin is oriented in microtubules with beta-tubulin toward the plus end [[cite:PUB00006112]].</p>

<p>For maximal rate and extent of polymerisation into microtubules, tubulin requires GTP. Two molecules of GTP are bound at different sites, termed N and E. At the E (Exchangeable) site, GTP is hydrolysed during incorporation into the microtubule. Close to the E site is an invariant region rich in glycine residues, which is found in both chains and is thought to control access of the nucleotide to its binding site [[cite:PUB00002443]].</p>

<p>Most species, excepting simple eukaryotes, express a variety of closely- related alpha- and beta-isotypes. A third family member, gamma tubulin, has also been identified in a number of species. Gamma tubulin is found at microtubule-organising centres, such as the spindle poles or the centrosome, suggesting that it is involved in minus-end nucleation of microtubule assembly [[cite:PUB00000721]].</p>

<p>This entry represents the glycine-rich conserved site near the E (Exchangeable) site that controls the access of the nucleotide to its binding site.</p>"
1;IPR011993;"imex:IM-25472
pubmed:32296183";PH-like domain superfamily;"<p>This superfamily represents the PH domain and structurally related domains.</p>

<p>Pleckstrin homology (PH) domains are small modular domains that occur in a large variety of signalling proteins, where they serve as simple targeting domains that bind lipids [[cite:PUB00014130], [cite:PUB00014131], [cite:PUB00057291]].</p>

<p>PH domains have a partly opened β-barrel topology that is capped by an α-helix. The structure of PH domains is similar to the phosphotyrosine-binding domain (PTB) found in IRS-1 (insulin receptor substrate 1) [[cite:PUB00000936]], Shc adaptor and Numb [[cite:PUB00018031]]; to the Ran-binding domain, found in Nup nuclear pore complex and Ranbp1 [[cite:PUB00006171]]; to the Enabled/VASP homology domain 1 (EVH1 domain), found in Enabled, VASP (vasodilator-stimulated phosphoprotein), Homer and WASP actin regulatory protein [[cite:PUB00018222]]; and to the third domain of FERM, found in moesin, radixin, ezrin, merlin and talin [[cite:PUB00029080]].</p>"
1;IPR006020;"imex:IM-25472
pubmed:32296183";PTB/PI domain;"<p>Proteins encoding phosphotyrosine binding (PTB) domains function as adaptors or scaffolds to organise the signaling complexes involved in wide-ranging physiological processes including neural development, immunity, tissue homeostasis and cell growth. Due to structural differences, PTB domains are divided into three groups represented by phosphotyrosine-dependent IRS-like, phosphotyrosine-dependent Shc-like, and phosphotyrosine-independent Dab-like PTBs. The last two PTBs have been named as phosphotyrosine interaction domain (PID or PI domain). PID domain has an average length of about 160 amino acids [[cite:PUB00018031]].</p>; <p>The Shc-like PID specifically binds to the Asn-Pro-Xaa-Tyr(P) motif found in many tyrosine-phosphorylated proteins including growth factor receptors. On the other hand the Dab-like PID domain binds to non-phosphorylated tyrosine residue or even a phenylalanine at the same position [[cite:PUB00000914]]. Most of the ligands for Shc-like PID domains are RTK or cytokine, whereas phosphotyrosine independent Dab-like PID domains seems to mediate other types of signaling pathways, like endocytosis/processing or exocytosis. This domain binds both peptides and headgroups of phosphatidylinositides, utilising two distinct binding motifs to mediate spatial organisation and localisation within cells [[cite:PUB00018031], [cite:PUB00000914], [cite:PUB00005190], [cite:PUB00002884]].</p>

<p>The 3D structure of PID domain has been solved [[cite:PUB00018032]]. It shares a folding pattern, commonly referred to as the PH-domain ""superfold"". The core ""superfold"" consists of seven antiparallel β strands forming two orthogonal β sheets. This β sandwich is capped at the C terminus by an α helix. It contains a peptide binding pocket (formed by the β strand 5 and C-terminal α helix) and a highly basic phospholipid binding ""crown"" (largely composed of residues from loop regions near the N terminus). Both Shc and Dab1 have two additional α helices, one of which is located at the N terminus and the other between β1 and β2 strands.</p>"
1;IPR041882;"imex:IM-25472
pubmed:32296183";Ankyrin repeat and SAM domain-containing protein 1, SAM repeat 2;"<p>This SAM (sterile alpha motif) domain repeat 2 of ANKS1 (also known as AIDA-1) is a protein-protein interaction domain.</p>; <p>Proteins contain this domain include ANKS1A (also known as Odin) and ANKS1B (also known as AIDA-1 or EB-1). ANKS1A modulates EGF receptor recycling and stability [[cite:PUB00079361]]. ANKS1B may participate in the regulation of nucleoplasmic coilin protein interactions [[cite:PUB00056626]]. Structurally, ANKS1 consist of N-terminal ankyrin motifs followed by two tandem sterile alpha motif (SAM) domains and a carboxyl phosphotyrosine binding (PTB) domain [[cite:PUB00079361]]. SAM domains of ANKS1 can directly bind ubiquitin and participate in regulating the degradation of ubiquitinated EphA receptors, particularly EPH-A8 receptor [[cite:PUB00079366]]. SAM1 domain has a potential phosphorylation site for CMGC group of serine/threonine kinases. The second SAM domain may decouple from the first SAM domain to facilitate translocation of AIDA-1 to the nucleus [[cite:PUB00052690]].</p>"
1;IPR033635;"imex:IM-25472
pubmed:32296183";Ankyrin repeat and SAM domain-containing protein 1/Caskin;"<p>This entry represents a family of multi-SAM containing proteins (MSCPs) predominantly found in animals, including 
Ankyrin repeat and SAM domain-containing protein 1A (ANKS1A, also known as Odin), Ankyrin repeat and sterile alpha motif domain-containing protein 1B (ANKS1B, also known as AIDA-1 or EB-1) and Caskin-1/2. Structurally, ANKS1 proteins consist of N-terminal ankyrin motifs followed by tandem sterile alpha motif (SAM) domains and a carboxyl phosphotyrosine binding (PTB) domain while Caskin-1/2 show N-terminal ankyrin repeats, an SH3 domain, two SAM domains, and an extended Proline-rich C-terminal tail [[cite:PUB00079361], [cite:PUB00153025]].</p>"
1;IPR041880;"imex:IM-25472
pubmed:32296183";Ankyrin repeat and SAM domain-containing protein 1, SAM repeat 1;"<p>This SAM (sterile alpha motif) domain repeat 1 of ANKS1 (also known as AIDA-1) is a protein-protein interaction domain.</p>; <p>Proteins contain this domain include ANKS1A (also known as Odin) and ANKS1B (also known as AIDA-1 or EB-1). ANKS1A modulates EGF receptor recycling and stability [[cite:PUB00079361]]. ANKS1B may participate in the regulation of nucleoplasmic coilin protein interactions [[cite:PUB00056626]]. Structurally, ANKS1 consist of N-terminal ankyrin motifs followed by two tandem sterile alpha motif (SAM) domains and a carboxyl phosphotyrosine binding (PTB) domain [[cite:PUB00079361]]. SAM domains of ANKS1 can directly bind ubiquitin and participate in regulating the degradation of ubiquitinated EphA receptors, particularly EPH-A8 receptor [[cite:PUB00079366]]. SAM1 domain has a potential phosphorylation site for CMGC group of serine/threonine kinases. The second SAM domain may decouple from the first SAM domain to facilitate translocation of AIDA-1 to the nucleus [[cite:PUB00052690]].</p>"
1;IPR051569;"doi:10.1038/nn.4594
imex:IM-26285
pubmed:28671696";;
1;IPR001478;"doi:10.1038/nn.4594
imex:IM-26285
pubmed:28671696";PDZ domain;<p>PDZ domains (also known as Discs-large homologous regions (DHR) or GLGF)) are found in diverse signalling proteins in bacteria, yeasts, plants, insects and vertebrates [[cite:PUB00005049], [cite:PUB00000735]]. PDZ domains can occur in one or multiple copies and are nearly always found in cytoplasmic proteins. They bind either the carboxyl-terminal sequences of proteins or internal peptide sequences [[cite:PUB00000735]]. In most cases, interaction between a PDZ domain and its target is constitutive, with a binding affinity of 1 to 10 microns. However, agonist-dependent activation of cell surface receptors is sometimes required to promote interaction with a PDZ protein. PDZ domain proteins are frequently associated with the plasma membrane, a compartment where high concentrations of phosphatidylinositol 4,5-bisphosphate (PIP2) are found. Direct interaction between PIP2 and a subset of class II PDZ domains (syntenin, CASK, Tiam-1) has been demonstrated.</p>
1;IPR041489;"doi:10.1038/nn.4594
imex:IM-26285
pubmed:28671696";PDZ domain 6;<p>This entry represents the PDZ domain from a wide variety of proteins. It is part of the Pfam clan PDZ-like (CL0466). PDZ domains are peptide binding sites.</p>
1;IPR002110;"doi:10.1038/nn.4594
imex:IM-26285
pubmed:28671696";Ankyrin repeat;"<p>The ankyrin repeat is one of the most common protein-protein interaction motifs in nature. Ankyrin repeats are tandemly repeated modules of about 33 amino acids. They occur in a large number of functionally diverse proteins mainly from eukaryotes. The few known examples from prokaryotes and viruses may be the result of horizontal gene transfers. The repeat has been found in proteins of diverse function such as transcriptional initiators, cell-cycle regulators [[cite:PUB00094371]], cytoskeletal, ion transporters and signal transducers [[cite:PUB00094372], [cite:PUB00006219]]. The ankyrin fold appears to be defined by its structure rather than its function since there is no specific sequence or structure which is universally recognised by it.</p>

<p>The conserved fold of the ankyrin repeat unit is known from several crystal and solution structures [[cite:PUB00006220], [cite:PUB00006221], [cite:PUB00006222], [cite:PUB00006223]]. Each repeat folds into a helix-loop-helix structure with a β-hairpin/loop region projecting out from the helices at a 90<sup>o</sup>angle. The repeats stack together to form an L-shaped structure [[cite:PUB00006220], [cite:PUB00009776]].</p>"
1;IPR036034;"doi:10.1038/nn.4594
imex:IM-26285
pubmed:28671696";PDZ superfamily;<p>PDZ domains (also known as Discs-large homologous regions (DHR) or GLGF)) are found in diverse signalling proteins in bacteria, yeasts, plants, insects and vertebrates [[cite:PUB00005049], [cite:PUB00000735]]. PDZ domains can occur in one or multiple copies and are nearly always found in cytoplasmic proteins. They bind either the carboxyl-terminal sequences of proteins or internal peptide sequences [[cite:PUB00000735]]. In most cases, interaction between a PDZ domain and its target is constitutive, with a binding affinity of 1 to 10 microns. However, agonist-dependent activation of cell surface receptors is sometimes required to promote interaction with a PDZ protein. PDZ domain proteins are frequently associated with the plasma membrane, a compartment where high concentrations of phosphatidylinositol 4,5-bisphosphate (PIP2) are found. Direct interaction between PIP2 and a subset of class II PDZ domains (syntenin, CASK, Tiam-1) has been demonstrated.</p>
1;IPR012337;"imex:IM-30341
pubmed:40739040";Ribonuclease H-like superfamily;"<p>The catalytic domain of several polynucleotidyl transferases shares a similar structure, consisting of a 3-layer α/β/α fold that contains mixed β-sheets, suggesting that they share a similar mechanism of catalysis. Polynucleotidyl transferases containing this domain include ribonuclease H class I (RNase HI) and class II (RNase HII), HIV RNase (reverse transcriptase domain), retroviral integrase (catalytic domain), Mu transposase (core domain), transposase inhibitor Tn5 (containing additional all-α subdomains), DnaQ-like 3'-5' exonucleases (exonuclease domains), RuvC resolvase, and mitochondrial resolvase ydc2 (catalytic domain) [[cite:PUB00016296], [cite:PUB00016297], [cite:PUB00016298]].</p>; <p>This superfamily also includes the YqgF domain, described as RNase H-like and typified by the Escherichia coli protein YqgF [[cite:PUB00029612], [cite:PUB00009701]]. YqgF domain-containing proteins are predicted to be ribonucleases or resolvases based on homology to RuvC Holliday junction resolvases.</p>"
1;IPR006133;"imex:IM-30341
pubmed:40739040";DNA-directed DNA polymerase, family B, exonuclease domain;<p>DNA is the biological information that instructs cells how to exist in an ordered fashion: accurate replication is thus one of the most important events in the life cycle of a cell. This function is performed by DNA- directed DNA-polymerases [ec:2.7.7.7]) by adding nucleotide triphosphate (dNTP) residues to the 5'-end of the growing chain of DNA, using a complementary DNA chain as a template. Small RNA molecules are generally used as primers for chain elongation, although terminal proteins may also be used for the de novo synthesis of a DNA chain. Even though there are 2 different methods of priming, these are mediated by 2 very similar polymerases classes, A and B, with similar methods of chain elongation. A number of DNA polymerases have been grouped under the designation of DNA polymerase family B. Six regions of similarity (numbered from I to VI) are found in all or a subset of the B family polymerases. The most conserved region (I) includes a conserved tetrapeptide with two aspartate residues. Its function is not yet known. However, it has been suggested that it may be involved in binding a magnesium ion. All sequences in the B family contain a characteristic DTDS motif, and possess many functional domains, including a 5'-3' elongation domain, a 3'-5' exonuclease domain [[cite:PUB00000436]], a DNA binding domain, and binding domains for both dNTP's and pyrophosphate [[cite:PUB00010600]].</p>
1;IPR042087;"imex:IM-30341
pubmed:40739040";DNA polymerase family B, thumb domain;"<p>DNA is the biological information that instructs cells how to exist in an ordered fashion: accurate replication is thus one of the most important events in the life cycle of a cell. This function is performed by DNA- directed DNA-polymerases [ec:2.7.7.7]) by adding nucleotide triphosphate (dNTP) residues to the 5'-end of the growing chain of DNA, using a complementary DNA chain as a template. Small RNA molecules are generally used as primers for chain elongation, although terminal proteins may also be used for the de novo synthesis of a DNA chain. Even though there are 2 different methods of priming, these are mediated by 2 very similar polymerases classes, A and B, with similar methods of chain elongation. 
A number of DNA polymerases have been grouped under the designation of DNA polymerase family B. Six regions of similarity (numbered from I to VI) are found in all or a subset of the B family polymerases. The most conserved region (I) includes a conserved tetrapeptide with two aspartate residues. Its function is not yet known, however, it has been suggested that it may be involved in binding a magnesium ion. All sequences in the B family contain a characteristic DTDS motif, and possess many functional domains, including a 5'-3' elongation domain, a 3'-5' exonuclease domain [[cite:PUB00000436]], a DNA binding domain, and binding domains for both dNTP's and pyrophosphate [[cite:PUB00010600]].</p>; <p>This superfamily represents the thumb domain found at the C-terminal of the DNA polymerase family B proteins.</p>"
1;IPR036397;"imex:IM-30341
pubmed:40739040";Ribonuclease H superfamily;<p>The catalytic domain of several polynucleotidyl transferases shares a similar structure, consisting of a 3-layer α/β/α fold that contains mixed β-sheets, suggesting that they share a similar mechanism of catalysis. Polynucleotidyl transferases containing this domain include ribonuclease H class I (RNase HI) and class II (RNase HII), HIV RNase (reverse transcriptase domain), retroviral integrase (catalytic domain), Mu transposase (core domain), transposase inhibitor Tn5 (containing additional all-α subdomains), DnaQ-like 3'-5' exonucleases (exonuclease domains), RuvC resolvase, and mitochondrial resolvase ydc2 (catalytic domain) [[cite:PUB00016296], [cite:PUB00016297], [cite:PUB00016298]].</p>
1;IPR017964;"imex:IM-30341
pubmed:40739040";DNA-directed DNA polymerase, family B, conserved site;<p>DNA is the biological information that instructs cells how to exist in an ordered fashion: accurate replication is thus one of the most important events in the life cycle of a cell. This function is performed by DNA- directed DNA-polymerases ([ec:2.7.7.7]) by adding nucleotide triphosphate (dNTP) residues to the 5'-end of the growing chain of DNA, using a complementary DNA chain as a template. Small RNA molecules are generally used as primers for chain elongation, although terminal proteins may also be used for the<i>de novo</i>synthesis of a DNA chain. Even though there are 2 different methods of priming, these are mediated by 2 very similar polymerases classes, A and B, with similar methods of chain elongation.</p>
1;IPR023211;"imex:IM-30341
pubmed:40739040";DNA polymerase, palm domain superfamily;"<p>DNA is the biological information that instructs cells how to exist in an ordered fashion: accurate replication is thus one of the most important events in the life cycle of a cell. This function is performed by DNA- directed DNA-polymerases [ec:2.7.7.7]) by adding nucleotide triphosphate (dNTP) residues to the 5'-end of the growing chain of DNA, using a complementary DNA chain as a template. Small RNA molecules are generally used as primers for chain elongation, although terminal proteins may also be used for the de novo synthesis of a DNA chain. Even though there are 2 different methods of priming, these are mediated by 2 very similar polymerases classes, A and B, with similar methods of chain elongation. 

A number of DNA polymerases have been grouped under the designation of DNA polymerase family B. Six regions of similarity (numbered from I to VI) are found in all or a subset of the B family polymerases. The most conserved region (I) includes a conserved tetrapeptide with two aspartate residues. Its function is not yet known, however, it has been suggested that it may be involved in binding a magnesium ion. All sequences in the B family contain a characteristic DTDS motif, and possess many functional domains, including a 5'-3' elongation domain, a 3'-5' exonuclease domain [[cite:PUB00000436]], a DNA binding domain, and binding domains for both dNTP's and pyrophosphate [[cite:PUB00010600]].</p>"
1;IPR043502;"imex:IM-30341
pubmed:40739040";DNA/RNA polymerase superfamily;<p>This entry represents the DNA/RNA polymerase superfamily, which includes DNA polymerase I, reverse transcriptase, T7 RNA polymerase, lesion bypass DNA polymerase (Y-family), RNA-dependent RNA-polymerase and dsRNA phage RNA-dependent RNA-polymerase. These enzymes share a similar protein fold at their active site, which resembles the palm subdomain of the right-hand-shaped polymerases [[cite:PUB00094074]].</p>
1;IPR006172;"imex:IM-30341
pubmed:40739040";DNA-directed DNA polymerase, family B;<p>DNA is the biological information that instructs cells how to exist in an ordered fashion: accurate replication is thus one of the most important events in the life cycle of a cell. This function is performed by DNA- directed DNA-polymerases ([ec:2.7.7.7]) by adding nucleotide triphosphate (dNTP) residues to the 5'-end of the growing chain of DNA, using a complementary DNA chain as a template. Small RNA molecules are generally used as primers for chain elongation, although terminal proteins may also be used for the<i>de novo</i>synthesis of a DNA chain. Even though there are 2 different methods of priming, these are mediated by 2 very similar polymerases classes, A and B, with similar methods of chain elongation.</p>
1;IPR050240;"imex:IM-30341
pubmed:40739040";DNA polymerase type-B;<p>The DNA polymerase type-B family is characterized by its essential role in DNA replication and repair. Members of this family exhibit DNA-directed DNA polymerase activity, often coupled with a 3' to 5' exonuclease proofreading function, which enhances the fidelity of DNA synthesis. The family includes both cellular and viral polymerases. Viral DNA polymerases are typically involved in the replication of viral genomic DNA and are part of a replication complex that may include additional viral proteins such as processivity factors, primase, helicase, and ssDNA-binding proteins. Some viral polymerases also possess an intrinsic ribonuclease H (RNase H) activity for the degradation of RNA/DNA heteroduplexes. Cellular DNA polymerases within this family, such as DNA polymerase delta, play a crucial role in high-fidelity genome replication, including lagging strand synthesis, and are involved in DNA repair processes. They often require accessory proteins like PCNA for full activity and can be regulated by various factors, including quaternary structure alterations and interaction with other proteins.</p>
1;IPR006134;"imex:IM-30341
pubmed:40739040";DNA-directed DNA polymerase, family B, multifunctional domain;"<p>DNA is the biological information that instructs cells how to exist in an ordered fashion: accurate replication is thus one of the most important events in the life cycle of a cell. This function is performed by DNA- directed DNA-polymerases [ec:2.7.7.7]) by adding nucleotide triphosphate (dNTP) residues to the 5'-end of the growing chain of DNA, using a complementary DNA chain as a template. Small RNA molecules are generally used as primers for chain elongation, although terminal proteins may also be used for the de novo synthesis of a DNA chain. Even though there are 2 different methods of priming, these are mediated by 2 very similar polymerases classes, A and B, with similar methods of chain elongation. 
A number of DNA polymerases have been grouped under the designation of DNA polymerase family B. Six regions of similarity (numbered from I to VI) are found in all or a subset of the B family polymerases. The most conserved region (I) includes a conserved tetrapeptide with two aspartate residues. Its function is not yet known, however, it has been suggested that it may be involved in binding a magnesium ion. All sequences in the B family contain a characteristic DTDS motif, and possess many functional domains, including a 5'-3' elongation domain, a 3'-5' exonuclease domain [[cite:PUB00000436]], a DNA binding domain, and binding domains for both dNTP's and pyrophosphate [[cite:PUB00010600]].</p>; <p>This domain of DNA polymerase B appears to consist of more than one activities, possibly including elongation, DNA-binding and dNTP binding [[cite:PUB00010600]].</p>"
1;IPR010918;"imex:IM-13779
pubmed:20711500";PurM-like, C-terminal domain;"<p>This domain is found in carbamoyl dehydratase HypE, which is involved in the maturation of NifE hydrogenase; AIR synthase (PurM) and FGAM synthase (PurL), which are involved in de novo purine biosynthesis; and selenide, water dikinase, an enzyme which synthesizes selenophosphate from selenide and ATP.</p>

<p>In PurM this domain, which has an α-β-type fold, is found at the C terminus of the protein [[cite:PUB00014643]].</p>"
1;IPR041609;"imex:IM-13779
pubmed:20711500";Phosphoribosylformylglycinamidine synthase, linker domain;<p>This is the linker domain found in Formylglycinamide ribonucleotide amidotransferase (FGAR-AT), also known as Phosphoribosylformylglycinamidine synthase ([ec:6.3.5.3]), PurL and formylglycinamidine ribonucleotide (FGAM) synthase. This enzyme catalyzes the ATP-dependent conversion of formylglycinamide ribonucleotide (FGAR) and glutamine to formylglycinamidine ribonucleotide (FGAM), ADP, Pi, and glutamate in the fourth step of the purine biosynthetic pathway.  The structure analysis of Salmonella typhimurium FGAR-AT reveals that this linker domain is made up of a long hydrophilic belt with an extended conformation [[cite:PUB00016818]].</p>
1;IPR055181;"imex:IM-13779
pubmed:20711500";FGAR-AT, PurM N-terminal-like domain;<p>This entry represents the PurM_N-like domain of Phosphoribosylformylglycinamidine synthase from Schizosaccharomyces pombe (FGAR-AT) and related proteins from eukaryotes and bacteria. FGAR-AT catalyses the ATP-dependent conversion of formylglycinamide ribonucleotide (FGAR) to formylglycinamidine ribonucleotide (FGAM) in the fourth step of the purine biosynthetic pathway. This domain consists of an antiparallel β-sheet with two α-helices packed on one side [[cite:PUB00037958], [cite:PUB00041488], [cite:PUB00043267], [cite:PUB00051253], [cite:PUB00058401]].</p>
1;IPR036676;"imex:IM-13779
pubmed:20711500";PurM-like, C-terminal domain superfamily;"<p>This domain superfamily is found in carbamoyl dehydratase HypE, which is involved in the maturation of NifE hydrogenase; AIR synthase (PurM) and FGAM synthase (PurL), which are involved in de novo purine biosynthesis; and selenide, water dikinase, an enzyme which synthesizes selenophosphate from selenide and ATP.</p>

<p>In PurM this domain, which has an α-β-type fold, is found at the C terminus of the protein [[cite:PUB00014643]].</p>"
1;IPR036921;"imex:IM-13779
pubmed:20711500";PurM-like, N-terminal domain superfamily;"<p>This entry represents a structural domain superfamily with a core structure consisting of β-α-β-α-β(2), which is found in two enzymes of the purine biosynthetic pathway: at the N-terminal of phosphoribosylformylglycinamidine cyclo-ligase (also known as aminoimidazole ribonucleotide (AIR) synthetase, PurM) [[cite:PUB00014643]], as well as the N1 and N2 domains of phosphoribosylformylglycinamidine synthase subunit PurL (also known as formylglycinamide ribonucleotide (FGAR) amidotransferase) (PurM-like module) [[cite:PUB00016818]]. PurM and PurL utilise ATP to activate the oxygen of an amide within their substrate toward nucleophilic attack by a nitrogen. PurM uses the product of PurL, formylglycinamidine ribonucleotide (FGAM) and ATP to make AIR, ADP and P(i). It is also found as domains 1 and 3 in phosphoribosylformylglycinamidine synthase II (smPurL) ([ec:6.3.5.3]) (carries a duplication: tandem repeats of two PurM-like units arranged like the PurM subunits in the dimer) [[cite:PUB00037958]].</p>

<p>This domain is also found at the N-terminal of thiamine monophosphate kinase ([ec:2.7.4.16]) (ThiL) [[cite:PUB00016093]]. ThiL phosphorylates thiamin monophosphate to form thiamin pyrophosphate, an essential cofactor that is synthesised de novo by Salmonella typhimurium.</p>"
1;IPR040707;"imex:IM-13779
pubmed:20711500";Phosphoribosylformylglycinamidine synthase, N-terminal;<p>This is the N-terminal domain found in formylglycinamide ribonucleotide amidotransferase (FGAR-AT), also known as phosphoribosylformylglycinamidine synthase ([ec:6.3.5.3]), PurL and formylglycinamidine ribonucleotide (FGAM) synthase. This enzyme catalyzes the ATP-dependent conversion of formylglycinamide ribonucleotide and glutamine to formylglycinamidine ribonucleotide, ADP, Pi, and glutamate in the fourth step of the purine biosynthetic pathway [[cite:PUB00091229]].</p>
1;IPR029062;"imex:IM-13779
pubmed:20711500";Class I glutamine amidotransferase-like;"<p>This superfamily represents the class I glutamine amidotransferase-like domain.</p>; <p>Glutamine amidotransferase (GATase) enzymes catalyse the removal of the ammonia group from glutamine and then transfer this group to a substrate to form a new carbon-nitrogen group [[cite:PUB00000003]]. The GATase domain exists either as a separate polypeptidic subunit or as part of a larger polypeptide fused in different ways to a synthase domain. Two classes of GATase domains have been identified [[cite:PUB00002062], [cite:PUB00002406]]: class-I (also known as trpG-type or triad) and class-II (also known as purF-type or Ntn). In class I glutamine amidotransferases, a triad of conserved Cys-His-Glu forms the active site, wherein the catalytic cysteine is essential for the amidotransferase activity [[cite:PUB00003933], [cite:PUB00043761]]. Different structures show that the active site Cys of type 1 GATase is located at the tip of a nucleophile elbow.</p>

<p>This entry also include the DJ-1/PfpI protein that contains a catalytic triad or dyad different from the class I GAT triad.</p>"
1;IPR036604;"imex:IM-13779
pubmed:20711500";Phosphoribosylformylglycinamidine synthase subunit PurS-like superfamily;"<p>Phosphoribosylformylglycinamidine(FGAM) synthetase, [ec:6.3.5.3], catalyses the fourth step in the de novo purine biosynthetic pathway [[cite:PUB00016817]].</p> <reaction> 5-phosphoribosylformylglycinamide (FGAR) + glutamine + ATP = FGAM + glutamate + ADP + Pi </reaction> <p>In eukaryotes and many bacterial systems (including Escherichia coli and Salmonella typhimurium), the FGAM synthetase is encoded by the large form of PurL (lgPurL), which contains an N-terminal ATPase domain and a C-terminal glutamine-binding domain. In archaeal and other bacterial systems, however, FGAM synthetase is encoded by separate genes, making it a multisubunit (rather than multidomain) enzyme. The protein is composed of the small form of PurL (smPurL), which is homologus to the ATPase domain of lgPurL, PurQ which is homologous to the glutamine-binding domain of of lgPurL, and PurS, whose function is not known.</p>

<p>This entry represents the PurS subunit (also known as YexA) of the multisubunit FGAM synthetase. Recent studies showed that disruption of the purS gene in Bacillus subtilis resulted in a purine auxotrophic phenotype, due to defective FGAM synthetase activity [[cite:PUB00014926]]. Therefore, the PurS protein appears to be required for the function of the PurL and PurQ subunits of the FGAM synthetase, but the molecular mechanism for the functional role of PurS is currently not known.</p>"
1;IPR010073;"imex:IM-13779
pubmed:20711500";Phosphoribosylformylglycinamidine synthase PurL;<p>This entry represents a single-molecule form of phosphoribosylformylglycinamidine synthase, also called FGAM synthase, an enzyme of purine de novo biosynthesis. This form is known as large PurL and is found mostly in eukaryotes and proteobacteria. In Bacillus subtilis PurL (FGAM synthase II), PurQ (FGAM synthase I) and PurS, of unknown function, perform the equivalent function [[cite:PUB00014926]].</p>
1;IPR011989;"imex:IM-26684
pubmed:31046837";Armadillo-like helical;<p>This superfamily represents a domain consisting of a multi-helical fold comprising two curved layers of α-helices arranged in a regular right-handed superhelix, where the repeats that make up this structure are arranged about a common axis [[cite:PUB00015442]]. These superhelical structures present an extensive solvent-accessible surface that is well suited to binding large substrates such as proteins and nucleic acids. This topology has been found with a number of repeats and domains, including the armadillo repeat (found in beta-catenins and importins), the HEAT repeat (found in protein phosphatase 2a and initiation factor eIF4G), the PHAT domain (found in Smaug RNA-binding protein), the leucine-rich repeat variant, the Pumilo repeat, and in the H regulatory subunit of V-type ATPases. The sequence similarity among these different repeats or domains is low, however they exhibit considerable structural similarity. Furthermore, the number of repeats present in the superhelical structure can vary between orthologues, indicating that rapid loss/gain of repeats has occurred frequently in evolution. A common phylogenetic origin has been proposed for the armadillo and HEAT repeats [[cite:PUB00015443]].</p>
1;IPR056597;"imex:IM-26684
pubmed:31046837";LRRK2, ARM repeat domain;"<p>This entry represents the armadillo repeat (ARM) found at the N-terminal end of Leucine-rich repeat serine/threonine-protein kinase 2 (LRRK2) from eukaryotes. The domain adopts an ARM-like fold, consisting of a right-handed superhelix formed by two curved layers of repeated helical structural units [[cite:PUB00015442]]. A patch of negatively charged residues within the ARM domain has been pointed to contribute to complex formation by binding a positive residue in Rab switch 1 region [[cite:PUB00155498], [cite:PUB00155499], [cite:PUB00155504]]. ARM domain is also suggested to form connections between adjacent microtubules [[cite:PUB00155500]]. Also included in this entry is the armadillo repeat domain of Protein aardvark from Dictyostelium discoideum, a component of the junctional complex, both involved in cell adhesion and signalling [[cite:PUB00094041]].</p>; <p>LRRK2 is a serine/threonine-protein kinase which phosphorylates a broad range of proteins involved in multiple processes such as neuronal plasticity, primary ciliogenesis, autophagy, and vesicle trafficking [[cite:PUB00155495], [cite:PUB00155496], [cite:PUB00155497], [cite:PUB00155498]]. Mutations in LRRK2 are the most common genetic cause of Parkinson's disease [[cite:PUB00155495]]. LRRK2 phosphorylates a group of Rab GTPase proteins, including Rab29.</p>"
1;IPR057263;"imex:IM-26684
pubmed:31046837";C-terminal of Roc, COR-B domain;"<p>This entry corresponds to COR-B, located at the C-terminal of COR. COR-B serves as the main dimerisation interface in the full-length LRRK2 structure [[cite:PUB00160125]]. It interacts with the kinase domain, which is essential for LRRK2 kinase activity [[cite:PUB00160124]]. COR-B consists of four flanked helices, a central seven-stranded antiparallel β-sheet, and a hairpin motif [[cite:PUB00160125]]. This entry also describes related serine/theronine-protein kinases and cyclic GMP-binding protein C.</p>; <p>The C-terminal of Roc domain, COR, along with Roc functions as the putative regulator of kinase activity. It functions as a proper GTP-binding protein with a low GTPase activity somehow stimulating the kinase activity [[cite:PUB00051458]]. COR is divided in two subdomains: COR-A and COR-B. The Roc-COR tandem is found in Roco-containing proteins from bacterias and eukaryotes. Its most prominent member is the leucine-rich repeat kinase 2 LRRK2 [[cite:PUB00050311]]. It also contains Leucine-rich repeat kinase 1 LRKK1, Death-associated protein kinase 1 DAPK1 and Malignant fibrous histiocytoma amplified sequence 1 MFHAS1 [[cite:PUB00124639], [cite:PUB00160280]].</p>"
1;IPR056593;"imex:IM-26684
pubmed:31046837";LRRK2, ANK repeat domain;"<p>This entry represents the ankyrin repeat (ANK) found towards the N-terminal end of the Leucine-rich repeat serine/threonine-protein kinase 2 (LRRK2) from eukaryotes, between the ARM repeat domain ([interpro:IPR056597]) and the LRR domain ([interpro:IPR001611]). The ANK domain plays a key role in this process, as conserved leucine residues within the ANK domain are required for Rab29 binding, which mediates Golgi recruitment and kinase activation [[cite:PUB00155498], [cite:PUB00155499], [cite:PUB00155500]].</p>; <p>LRRK2 is a serine/threonine-protein kinase which phosphorylates a broad range of proteins involved in multiple processes such as neuronal plasticity, primary ciliogenesis, autophagy, and vesicle trafficking [[cite:PUB00155495], [cite:PUB00155496], [cite:PUB00155497], [cite:PUB00155498]]. Mutations in LRRK2 are the most common genetic cause of Parkinson's disease [[cite:PUB00155495]]. LRRK2 phosphorylates a group of Rab GTPase proteins, including Rab29.</p>"
1;IPR032171;"imex:IM-26684
pubmed:31046837";C-terminal of Roc, COR-A domain;"<p>This entry corresponds to COR-A, located at the N-terminal of COR. It interacts with the Roc domain stabilising the GTPase activity of LRRK2 [[cite:PUB00160124]]. COR-A consists of multiple α-helices and a short three-stranded antiparallel sheet [[cite:PUB00160125]].</p>; <p>The C-terminal of Roc domain, COR, along with Roc functions as the putative regulator of kinase activity. It functions as a proper GTP-binding protein with a low GTPase activity somehow stimulating the kinase activity [[cite:PUB00051458]]. COR is divided in two subdomains: COR-A and COR-B. The Roc-COR tandem is found in Roco-containing proteins from bacterias and eukaryotes. Its most prominent member is the leucine-rich repeat kinase 2 LRRK2 [[cite:PUB00050311]]. It also contains Leucine-rich repeat kinase 1 LRKK1, Death-associated protein kinase 1 DAPK1 and Malignant fibrous histiocytoma amplified sequence 1 MFHAS1 [[cite:PUB00124639], [cite:PUB00160280]].</p>"
1;IPR051420;"imex:IM-26684
pubmed:31046837";Ser/Thr Protein Kinases with Diverse Regulatory Roles;<p>The protein family includes serine/threonine-protein kinases with diverse functions in plants and animals. In plants, members are involved in hormone perception, such as brassinosteroids and phytosulfokines, regulating development and defense responses. Some act as receptors for peptide hormones, maintaining root stem cell niches or mediating systemic nitrogen-demand signaling. In animals, one member is a multifunctional kinase implicated in neuronal plasticity, innate immunity, autophagy, and vesicle trafficking. It regulates RAB GTPases, affecting processes like synaptic vesicle trafficking, ciliogenesis, and Golgi apparatus function. It also plays roles in apoptosis and innate immunity, independent of its kinase activity. Some members have predicted inactive kinase domains, suggesting possible regulatory or scaffolding roles rather than catalytic functions.</p>
1;IPR020859;"imex:IM-26684
pubmed:31046837";Roc domain;"<p>This entry represents the Roc domain found in small GTPase.</p>; <p>Small GTPases form an independent superfamily within the larger class of regulatory GTP hydrolases. This superfamily contains proteins that control a vast number of important processes and possess a common, structurally preserved GTP-binding domain [[cite:PUB00052600], [cite:PUB00004087]]. Sequence comparisons of small G proteins from various species have revealed that they are conserved in primary structures at the level of 30-55% similarity [[cite:PUB00000348]].</p>

<p>Crystallographic analysis of various small G proteins revealed the presence of a 20kDa catalytic domain that is unique for the whole superfamily [[cite:PUB00004087], [cite:PUB00023196]]. The domain is built of five α helices (A1-A5), six β-strands (B1-B6) and five polypeptide loops (G1-G5). A structural comparison of the GTP- and GDP-bound form, allows one to distinguish two functional loop regions: switch I and switch II that surround the gamma-phosphate group of the nucleotide. The G1 loop (also called the P-loop) that connects the B1 strand and the A1 helix is responsible for the binding of the phosphate groups. The G3 loop provides residues for Mg(2+) and phosphate binding and is located at the N terminus of the A2 helix. The G1 and G3 loops are sequentially similar to Walker A and Walker B boxes that are found in other nucleotide binding motifs. The G2 loop connects the A1 helix and the B2 strand and contains a conserved Thr residue responsible for Mg(2+) binding. The guanine base is recognised by the G4 and G5 loops. The consensus sequence NKXD of the G4 loop contains Lys and Asp residues directly interacting with the nucleotide. Part of the G5 loop located between B6 and A5 acts as a recognition site for the guanine base [[cite:PUB00015117]].</p>

<p>The small GTPase superfamily can be divided in 8 different families:</p>

<ul>
<li>Arf small GTPases. GTP-binding proteins involved in protein trafficking by modulating vesicle budding and un-coating within the Golgi apparatus.</li>
<li>Ran small GTPases. GTP-binding proteins involved in nucleocytoplasmic transport. Required for the import of proteins into the nucleus and also for RNA export.</li>
<li>Rab small GTPases. GTP-binding proteins involved in vesicular traffic.</li>
<li>Rho small GTPases. GTP-binding proteins that control cytoskeleton reorganisation.</li>
<li>Ras small GTPases. GTP-binding proteins involved in signaling pathways.</li>
<li>Sar1 small GTPases. Small GTPase component of the coat protein complex II (COPII) which promotes the formation of transport vesicles from the endoplasmic reticulum (ER).</li>
<li>Mitochondrial Rho (Miro). Small GTPase domain found in mitochondrial proteins involved in mitochondrial trafficking.</li>
<li>Roc small GTPases domain. Small GTPase domain always found associated with the COR domain.</li>
</ul>"
1;IPR056602;"imex:IM-26684
pubmed:31046837";LRRK2, beta-propeller;"<p>This entry represents the β-propeller found at the C-terminal end of the Leucine-rich repeat serine/threonine-protein kinase 2 (LRRK2) from eukaryotes. The β-propeller domain is suggested to mediate LRRK2 dimerisation and autophosphorylation, and plays an important role in neurotoxicity associated to LRRK2 PD mutations [[cite:PUB00130288], [cite:PUB00155499], [cite:PUB00155500]].</p>; <p>LRRK2 is a serine/threonine-protein kinase which phosphorylates a broad range of proteins involved in multiple processes such as neuronal plasticity, primary ciliogenesis, autophagy, and vesicle trafficking [[cite:PUB00155495], [cite:PUB00155496], [cite:PUB00155497], [cite:PUB00155498]]. Mutations in LRRK2 are the most common genetic cause of Parkinson's disease [[cite:PUB00155495]]. LRRK2 phosphorylates a group of Rab GTPase proteins, including Rab29.</p>"
1;IPR052881;"imex:IM-25472
pubmed:32296183";Keratinocyte Proline-Rich;<p>This family of proteins is involved in the structural organization of keratinocytes, which are the predominant cell type in the epidermis, the outermost layer of the skin. They are characterized by a proline-rich region that suggests a role in protein-protein interactions. These interactions are crucial for the formation of the cytoskeleton and cell-cell adhesion structures, contributing to the integrity and barrier function of the skin. The proteins may also be involved in the regulation of keratinocyte proliferation and differentiation.</p>
1;IPR000608;"doi:10.1016/j.cell.2021.04.011
imex:IM-29278
pubmed:33961781";Ubiquitin-conjugating (UBC), catalytic core domain;"<p>This entry represents the catalytic core domain of E2 ubiquitin-conjugating enzymes and similar sequences mainly found in eukaryotes. It is an α/β domain.</p>; <p>Ubiquitin-conjugating enzymes (UBC or E2 enzymes) ([ec:2.3.2.23]) [[cite:PUB00005354], [cite:PUB00000623], [cite:PUB00005373]]
catalyse the covalent attachment of ubiquitin to target proteins. Ubiquitinylation is an ATP-dependent process that involves the action of at least three enzymes: a ubiquitin-activating enzyme (E1, [interpro:IPR000011]), a ubiquitin-conjugating enzyme (E2), and a ubiquitin ligase (E3, [interpro:IPR000569], [interpro:IPR003613]), which work sequentially in a cascade [[cite:PUB00015620]]. The E1 enzyme mediates an ATP-dependent transfer of a thioester-linked ubiquitin molecule to a cysteine residue on the E2 enzyme. The E2 enzyme then either transfers the ubiquitin moiety directly to a substrate, or to an E3 ligase, which can also ubiquitinylate a substrate.</p>

<p>There are several different E2 enzymes (over 30 in humans), which are broadly grouped into four classes, all of which have a core catalytic domain (containing the active site cysteine), and some of which have short N- and C-terminal amino acid extensions: class I enzymes consist of just the catalytic core domain (UBC), class II possess a UBC and a C-terminal extension, class III possess a UBC and an N-terminal extension, and class IV possess a  UBC and both N- and C-terminal extensions. These extensions appear to be important for some subfamily function, including E2 localisation and protein-protein interactions [[cite:PUB00015626]]. In addition, there are proteins with an E2-like fold that are devoid of catalytic activity (such as protein crossbronx from flies), but which appear to assist in poly-ubiquitin chain formation.</p>"
1;IPR050113;"doi:10.1016/j.cell.2021.04.011
imex:IM-29278
pubmed:33961781";Ubiquitin-conjugating enzyme E2-like;<p>The ubiquitin-conjugating enzyme family is involved in the post-translational modification process known as ubiquitination, which tags proteins for various cellular processes. Members of this family accept ubiquitin from E1 activating enzymes and transfer it to target proteins, often with the help of E3 ligases. This modification can signal for protein degradation, alter protein function or localization, and affect protein-protein interactions. Ubiquitination plays a critical role in cell cycle regulation, DNA repair, signal transduction, and immune responses. Some family members also work with ubiquitin-like proteins such as NEDD8 and SUMO, expanding the functional repertoire to processes like nuclear architecture, chromosome segregation, and vesicle trafficking.</p>
1;IPR023313;"doi:10.1016/j.cell.2021.04.011
imex:IM-29278
pubmed:33961781";Ubiquitin-conjugating enzyme, active site;<p>Ubiquitin-conjugating enzymes ([ec:2.3.2.23], UBC or E2 enzymes) catalyse the covalent attachment of ubiquitin to target proteins. Ubiquitin is conjugated to the target protein through the coordinated action of three enzyme activities designated E1, E2, and E3. The E1 or ubiquitin-activating enzyme forms, in an ATP-dependent manner, a thioester linkage between its active site cysteine and the carboxy terminus of ubiquitin. The activated ubiquitin moiety is then transferred from E1 to the active site cysteine in E2 through a trans-thiol esterification reaction. The UBC enzyme later ligates ubiquitin directly to substrate proteins with or without the assistance of 'N-end' recognizing proteins (E3) [[cite:PUB00005354], [cite:PUB00000623], [cite:PUB00005373]]. In most species there are many forms of UBC (at least 9 in yeast) which are implicated in diverse cellular functions.</p>
1;IPR016135;"doi:10.1016/j.cell.2021.04.011
imex:IM-29278
pubmed:33961781";Ubiquitin-conjugating enzyme/RWD-like;"<p>This superfamily represents a structural domain with an α-β(4)-α(3) core fold. Domains of this structure are found in:</p>

<ul>
<li>Ubiquitin conjugating enzyme E2, as well as related proteins such as ubiquitin carrier protein 4 and ubiquitin-protein ligase W [[cite:PUB00026321]].</li>
<li>The UEV domain in tumour susceptibility gene 101 [[cite:PUB00040485]] and vacuolar protein sorting-associated protein [[cite:PUB00031958]].</li>
<li>RWD domain, found in RING finger and WD repeat-containing proteins, such as EIF-2 kinase 4 (GCN2-like protein) [[cite:PUB00020283]].</li>
<li>UFC1-like domain found in Ufm1-conjugating enzyme 1 [[cite:PUB00042603]].</li>
</ul>"
1;IPR035766;"doi:10.1016/j.cell.2021.04.011
imex:IM-29278
pubmed:33961781";SPRY domain-containing protein 7;<p>This family contains SPRY domain-containing protein 7 (also known as SPRY domain-containing protein 7, CLL deletion region gene 6 protein homologue, CLLD6 or chronic lymphocytic leukemia deletion region gene 6 protein homologue). In humans, CLLD6 is highly expressed in heart, skeletal muscle, and testis as well as cancer cell lines. It also has cross-species conservation, suggesting that it is likely to carry out important cellular processes [[cite:PUB00086145], [cite:PUB00086146]].</p>
1;IPR004686;"doi:10.1016/j.cell.2021.04.011
imex:IM-29278
pubmed:33961781";Tricarboxylate/iron carrier;<p>The MTC family consists of a limited number of homologues, all from eukaryotes. One member of the family has been functionally characterised as a tricarboxylate carrier from rat liver mitochondria. The rat liver mitochondrial tricarboxylate carrier has been reported to transport citrate, cis-aconitate, threo-D-isocitrate, D- and L-tartrate, malate, succinate and phosphoenolpyruvate. It presumably functions by a proton symport mechanism. The rest of the characterised proteins appear to be sideroflexins involved in iron transport.</p>
1;IPR024152;"doi:10.1016/j.cell.2021.04.011
imex:IM-29278
pubmed:33961781";Inhibitor of nuclear factor kappa-B kinase-interacting protein;<p>IKIP (I kappa B kinase interacting protein) is a p53 target gene with proapoptotic function [[cite:PUB00055491]].</p>
1;IPR000241;"imex:IM-13779
pubmed:20711500";Ribosomal RNA large subunit methyltransferase K/L-like, methyltransferase domain;<p>This entry represents the methyltransferase domain found in ribosomal RNA large subunit methyltransferase K/L from Escherichia coli (RmlKL) and tRNA (guanine(10)-N2)-dimethyltransferase from Methanocaldococcus jannaschii which is associated with the THUMP domain ([interpro:IPR004114]) RmlKL specifically methylates the guanine in positions 2445 and 2069 of 23S rRNA before its assembly into 50S subunits [[cite:PUB00039897], [cite:PUB00100799], [cite:PUB00100798], [cite:PUB00039897]].</p>
1;IPR029063;"imex:IM-13779
pubmed:20711500";S-adenosyl-L-methionine-dependent methyltransferase superfamily;"<p>This entry represents  S-adenosyl-L-methionine-dependent methyltransferases (SAM MTase). Methyltransferases transfer a methyl group from a donor to an acceptor. SAM-binding methyltransferases utilise the ubiquitous methyl donor SAM as a cofactor to methylate proteins, small molecules, lipids, and nucleic acids. All SAM MTases contain a structurally conserved SAM-binding domain consisting of a central seven-stranded β-sheet that is flanked by three α-helices per side of the sheet [[cite:PUB00045026]].</p>

<p>A review published in 2003 [[cite:PUB00054125]] divides all methyltransferases into 5 classes based on the structure of their catalytic domain (fold):</p>

<ul>
<li>class I: Rossmann-like α/β</li>
<li>class II: TIM β/α-barrel α/β</li>
<li>class III: tetrapyrrole methylase α/β</li>
<li>class IV: SPOUT α/β</li>
<li>class V: SET domain all β</li></ul>

<p>Another paper [[cite:PUB00057958]] based on a study of the Saccharomyces cerevisiae methyltransferome argues for four more folds:</p>

<ul>
<li>class VI: transmembrane all-α</li>
<li>class VII: DNA/RNA-binding 3-helical bundle all-α</li>
<li>class VIII: SSo0622-like α+β</li>
<li>class IX: thymidylate synthetase α+β</li></ul>

<p>The vast majority of methyltransferases belong to the Rossmann-like fold (Class I) which consists in a seven-stranded β-sheet adjoined by α-helices. The β-sheet contains a central topological switch-point resulting in a deep cleft in which SAM binds. Class I methyltransferases display two conserved positions, the first one is a GxGxG motif (or at least a GxG motif) at the end of the first β-strand which is characteristic of a nucleotide-binding site and is hence used to bind the adenosyl part of SAM, the second conserved position is an acidic residue at the end of the second β-strand that forms one hydrogen bond to each hydroxyl of the SAM ribose part. The core of these enzymes is composed by about 150 amino acids that show very strong spatial conservation [[cite:PUB00054125]].</p>"
1;IPR023214;"imex:IM-13779
pubmed:20711500";HAD superfamily;"<p>The haloacid dehydrogenase (HAD) superfamily includes phosphatases, phosphonatases, P-type ATPases, beta-phosphoglucomutases, phosphomannomutases, and dehalogenases, which are involved in a variety of cellular processes ranging from amino acid biosynthesis to detoxification [[cite:PUB00003337]].</p>

<p>Crystal structures of proteins from the HAD superfamily show that these proteins all share a conserved α/β-domain classified as a hydrolase fold, which is similar to the Rossmann fold [[cite:PUB00026943]]. This conserved domain usually contains an insertion (sub)domain.  For example, the crystal structure of a phosphoglycolate phosphatase from Thermoplasma acidophilum [[cite:PUB00026943]] revealed two distinct domains, a larger core domain and a smaller cap domain. The large domain is composed of a centrally located five-stranded parallel β-sheet with strand order S10, S9, S8, S1, S2 and a small β-hairpin, strands S3 and S4. This central sheet is flanked by a set of three α-helices on one side and two helices on the other. The topology of the large domain is conserved; however, structural variation is observed in the smaller domain among the different functional classes of the haloacid dehalogenase superfamily.</p>"
1;IPR000150;"imex:IM-13779
pubmed:20711500";Cof family;"<p>The Haloacid Dehydrogenase (HAD) superfamily includes phosphatases, phosphonatases, P-type ATPases, beta-phosphoglucomutases, phosphomannomutases, and dehalogenases, which are involved in a variety of cellular processes ranging from amino acid biosynthesis to detoxification [[cite:PUB00003337]]. Proteins in this entry are mostly uncharacterised, though they form a distinct subgroup within the HAD superfamily. Members are found almost exclusively in bacteria and many species contain several paralogs, for example Escherichia coli contains a total of six proteins from this entry. Sequence similarities suggest that these enzymes are phosphatases which work on phosphorylated sugars.</p>

<p>This entry represents a family belonging to the HAD superfamily. It is named after E. coli Cof and is notable for the large number of paralogues in many species. Cof is a phosphatase that catalyzes the hydrolysis of HMP-PP (4-amino-2-methyl-5-hydroxymethylpyrimidine pyrophosphate) to HMP-P (4-amino-2-methyl-5-hydroxymethylpyrimidine phosphate) [[cite:PUB00053972]].</p>

<p>E. coli YbiV ([swissprot:P75792]) also belongs to this group and has been experimentally characterised [[cite:PUB00028115]]. This enzyme catalyzes the hydrolysis of sugar phosphate to sugar and inorganic phosphate. It has a wide substrate specificity, catalyzing the hydrolysis of ribose-5-phosphate and glucose-6-phosphate most efficiently, but it is not known if these are the real substrates in vivo. The protein appears to be a monomer that contains two domains, an α-β hydrolase domain that forms a Rossman fold, and an α-β domain. The active site is found in a negatively charged cavity found at the interface between the two domains.</p>"
1;IPR036412;"imex:IM-13779
pubmed:20711500";HAD-like superfamily;"<p>The large HAD-like superfamily of hydrolases comprises P-type ATPases, phosphatases, epoxide hydrolases and L-2-haloacid dehalogenases [[cite:PUB00086550]].</p>; <p>The haloacid dehydrogenase (HAD) superfamily includes phosphatases, phosphonatases, P-type ATPases, beta-phosphoglucomutases, phosphomannomutases, and dehalogenases, which are involved in a variety of cellular processes ranging from amino acid biosynthesis to detoxification [[cite:PUB00003337]].</p>

<p>Crystal structures of proteins from the HAD superfamily show that these proteins all share a conserved α/β-domain classified as a hydrolase fold, which is similar to the Rossmann fold [[cite:PUB00026943]]. This conserved domain usually contains an insertion (sub)domain.  For example, the crystal structure of a phosphoglycolate phosphatase from Thermoplasma acidophilum [[cite:PUB00026943]] revealed two distinct domains, a larger core domain and a smaller cap domain. The large domain is composed of a centrally located five-stranded parallel β-sheet with strand order S10, S9, S8, S1, S2 and a small β-hairpin, strands S3 and S4. This central sheet is flanked by a set of three α-helices on one side and two helices on the other. The topology of the large domain is conserved; however, structural variation is observed in the smaller domain among the different functional classes of the haloacid dehalogenase superfamily.</p>"
1;IPR006379;"imex:IM-13779
pubmed:20711500";HAD-superfamily hydrolase, subfamily IIB;<p>This subfamily falls within the Haloacid Dehalogenase (HAD) superfamily of aspartate-nucleophile hydrolases. The Class II subfamilies are characterised by a domain that is located between the second and third conserved catalytic motifs of the superfamily domain. The IIB subfamily is distinguished from the IIA subfamily ([interpro:IPR006357]) by homology and the predicted secondary structure of this domain by PSI-PRED. The IIB subfamilys Class II domain has the following predicted structure: Helix-Sheet-Sheet-(Helix or Sheet)-Helix-Sheet-(variable)-Helix-Sheet-Sheet. The IIB subfamily consists of trehalose-6-phosphatase, plant and cyanobacterial sucrose-phosphatase and a closely related group of bacterial and archaeal sequences, eukaryotic phosphomannomutase, a large subfamily of Cof-like hydrolases, containing many closely related bacterial sequences, a hypothetical equivalog containing the Escherichia coli YedP protein, as well as two other small clusters whose relationship to the other groups is unclear.</p>
1;IPR000015;"imex:IM-13779
pubmed:20711500";Outer membrane usher protein;"<p>In Gram-negative bacteria the biogenesis of fimbriae (or pili) requires a two-component assembly and transport system which is composed of a periplasmic chaperone and an outer membrane protein which has been termed a molecular 'usher' [[cite:PUB00002841], [cite:PUB00002237], [cite:PUB00005083]].</p>

<p>The usher protein is rather large (from 86 to 100kDa) and seems to be mainly composed of membrane-spanning β-sheets, a structure reminiscent of porins. Although the degree of sequence similarity of these proteins is not very high, they share a number of characteristics. One of these is the presence of two pairs of cysteines, the first one located in the N-terminal part and the second at the C-terminal extremity that are probably involved in disulphide bonds. The best conserved region is located in the central part of these proteins [[cite:PUB00052911], [cite:PUB00049856]].</p>"
1;IPR018030;"imex:IM-13779
pubmed:20711500";Fimbrial membrane usher, conserved site;<p>In Gram-negative bacteria the biogenesis of fimbriae (or pili) requires a two- component assembly and transport system which is composed of a periplasmic chaperone (see [prositedoc:PDOC00552]) and an outer membrane protein which has been termed a molecular 'usher' [[cite:PUB00002841], [cite:PUB00002237], [cite:PUB00005083]].</p>
1;IPR025885;"imex:IM-13779
pubmed:20711500";PapC, N-terminal domain;<p>Bacteiral pili are assembled using the chaperone usher system. In E. coli this is composed of the chaperone PapD and the usher PapC. This domain represents the N-terminal domain from PapC and its homologues. This domain is involved in substrate binding [[cite:PUB00038856]].</p>
1;IPR037224;"imex:IM-13779
pubmed:20711500";PapC, N-terminal domain superfamily;<p>Bacteiral pili are assembled using the chaperone usher system. In E. coli this is composed of the chaperone PapD and the usher PapC. This domain represents the N-terminal domain from PapC and its homologues. This domain is involved in substrate binding [[cite:PUB00038856]].</p>
1;IPR009581;"imex:IM-25629
pubmed:22582013";FAM20, C-terminal;<p>This entry represents the C-terminal of the eukaryotic secreted Golgi casein kinase protein FAM20C. FAM20C is the Golgi casein kinase that phosphorylates secretory pathway proteins within Ser-x-Glu/pSer motifs. Mutations in the FAM20C gene cause Raine syndrome, an autosomal recessive osteosclerotic bone dysplasia [[cite:PUB00075539]].</p>
1;IPR024869;"imex:IM-25629
pubmed:22582013";FAM20;<p>FAM20 is a family of secreted proteins with a potential role in regulating differentiation and function of hematopoietic and other tissues. Proteins in this family include FAM20A [[cite:PUB00056706]], FAM20B or glycosaminoglycan xylosylkinase [[cite:PUB00056707]], and FAM20C or dentin matrix protein 4 [[cite:PUB00056708], [cite:PUB00056705]].</p>
1;IPR047008;pubmed:15231747;5'-3' exoribonuclease 1, SH3-like domain superfamily;<p>This is the C-terminal SH3-like domain which can be found in the exoribonuclease Xrn1. Xrn1 is a 175kDa processive exoribonuclease that is conserved from yeast to mammals which targets cytoplasmic RNA substrates marked by a 5' monophosphate for processive 5'-to-3' degradation.  The Sh3-like domain in Xrn1 lacks the canonical SH3 residues normally involved in binding proline-rich peptide motifs and instead engages in non-canonical interactions with the catalytic domain. Additionally it is essential in maintaining the structural integrity of Xrn1, since partial truncation of this domain in yeast Xrn1 yields an inactive protein. There is a long loop projecting from the SH3-like domain that contacts the PAZ/Tudor domain, occluding the functional surface that binds RNA or peptide motifs containing methylated arginines, respectively, in canonical PAZ and Tudor domain [[cite:PUB00091553]].</p>
1;IPR027073;pubmed:15231747;5'-3' exoribonuclease;<p>This entry includes 5'-3'exoribonuclease type 1 and type 2. Putative viral exonucleases 059L and 012L, plant Xrn3 and Xrn4 also belong to this family. 5'-3'-exoribonucleases are enzymes that degrade RNA by removing terminal nucleotides from the 5' end. An exosome and a 5'-3'-exoribonuclease are important in the degradation of very unstable transcripts [[cite:PUB00043318]].</p>
1;IPR041412;pubmed:15231747;Xrn1, helical domain;<p>This helical domain is part of the Xrn1 catalytic core [[cite:PUB00091553]]. Xrn1 is a cytoplasmic 5'-3' exonuclease that degrades decapped mRNAs. This domain can also be found in Xrn2 [[cite:PUB00063330]].</p>
1;IPR016494;pubmed:15231747;5'-3' exoribonuclease 1;<p>5'-3'-exoribonucleases are enzymes that degrade RNA by removing terminal nucleotides from the 5' end. 5'-3'exoribonuclease type 1 (Xrn1, also known as kem1) occurs in animal and fungal lineages. In Saccharomyces cerevisiae, Xrn1 can be activated by Dcs1, a non-essential hydrolase that involved in mRNA decapping. The activation of Xrn1 by Dcs1 is important for respiration [[cite:PUB00063332]].</p>
1;IPR041106;pubmed:15231747;Exoribonuclease Xrn1, D2/D3 domain;<p>This domain can be found in 5' to 3' exoribonuclease 1 (XRN1) which belong to a family of conserved enzymes in eukaryotes and have important functions in transcription, RNA metabolism, and RNA interference. Xrn1 in fungi and animals is primarily cytosolic, involved in degradation of decapped mRNAs, nonsense mediated decay, microRNA decay and is essential for proper development. The Xrn1 homologue in Drosophila, known as Pacman, is required for male fertility [[cite:PUB00091127]]. This entry relates to domain 2 and 3 combined which can be found in the 510-residue C-terminal extension found in XRN1 and not in XRN2/Rat1.  Domain D2 is formed by two stretches of Xrn1, residues 915-960 and 1134-1151. The presence of domain (D3) is suggested based on structure. This domain is formed by residues 979-1109, in the insert of domain D2. It is suggested that domains D2-D4 may help maintain domain D1 in the correct conformation, thereby indirectly stabilising the conformation of the N-terminal segment [[cite:PUB00091127]].</p>
1;IPR004859;pubmed:15231747;Xrn1, N-terminal;<p>This is the N-terminal domain of 5'-3' exoribonuclease 1/2 (Xrn1/2) [ec:3.1.11], which may be necessary for 5'-3' exonuclease function.</p>
1;IPR040992;pubmed:15231747;5'-3' exoribonuclease 1, D1 domain;<p>This domain can be found in 5' to 3' exoribonuclease 1 (XRN1) which belong to a family of conserved enzymes in eukaryotes and have important functions in transcription, RNA metabolism, and RNA interference. Xrn1 in fungi and animals is primarily cytosolic and is involved in degradation of decapped mRNAs, nonsense mediated decay, microRNA decay and is essential for proper development. The Xrn1 homologue in Drosophila, known as Pacman, is required for male fertility [[cite:PUB00091127]]. This domain (D1) along with 3 other domains, make up a 510-residue segment following the conserved regions found in XRNs but they are only present in XRN1 and are absent in Rat1/XRN2. The amino acid sequences of these four domains contain an excess of basic residues, suggesting that these domains might help in binding the RNA substrate. Mutational studies carried out in D1 domain show that the mutant forms had dramatically reduced nuclease activity towards ssDNA substrate indicating that domain D1 is required for Xrn1 nuclease activity [[cite:PUB00091127]].</p>
1;IPR047007;pubmed:15231747;5'-3' exoribonuclease 1, D1 domain superfamily;<p>This domain can be found in 5' to 3' exoribonuclease 1 (XRN1) which belong to a family of conserved enzymes in eukaryotes and have important functions in transcription, RNA metabolism, and RNA interference. Xrn1 in fungi and animals is primarily cytosolic and is involved in degradation of decapped mRNAs, nonsense mediated decay, microRNA decay and is essential for proper development. The Xrn1 homologue in Drosophila, known as Pacman, is required for male fertility [[cite:PUB00091127]]. This domain (D1) along with 3 other domains, make up a 510-residue segment following the conserved regions found in XRNs but they are only present in XRN1 and are absent in Rat1/XRN2. The amino acid sequences of these four domains contain an excess of basic residues, suggesting that these domains might help in binding the RNA substrate. Mutational studies carried out in D1 domain show that the mutant forms had dramatically reduced nuclease activity towards ssDNA substrate indicating that domain D1 is required for Xrn1 nuclease activity [[cite:PUB00091127]].</p>
1;IPR041385;pubmed:15231747;5'-3' exoribonuclease 1, SH3-like domain;<p>This is the C-terminal SH3-like domain which can be found in the exoribonuclease Xrn1. Xrn1 is a 175kDa processive exoribonuclease that is conserved from yeast to mammals which targets cytoplasmic RNA substrates marked by a 5' monophosphate for processive 5'-to-3' degradation.  The Sh3-like domain in Xrn1 lacks the canonical SH3 residues normally involved in binding proline-rich peptide motifs and instead engages in non-canonical interactions with the catalytic domain. Additionally it is essential in maintaining the structural integrity of Xrn1, since partial truncation of this domain in yeast Xrn1 yields an inactive protein. There is a long loop projecting from the SH3-like domain that contacts the PAZ/Tudor domain, occluding the functional surface that binds RNA or peptide motifs containing methylated arginines, respectively, in canonical PAZ and Tudor domain [[cite:PUB00091553]].</p>
1;IPR021852;"doi:10.1016/j.cell.2021.04.011
imex:IM-29278
pubmed:33961781";Domain of unknown function DUF3456;<p>This presumed domain is functionally uncharacterised. It is found in a number of proteins, including protein canopy homologues and CRELD1 and 2.</p>
1;IPR005146;"doi:10.1016/j.cell.2021.04.011
imex:IM-29278
pubmed:33961781";B3/B4 tRNA-binding domain;<p>This entry represents the B3/B4 domain found in tRNA synthetase beta subunits as well as in some non-tRNA synthetase proteins. This domain has a 3-layer structure, and contains a β-sandwich fold of unusual topology, and contains a putative tRNA-binding structural motif [[cite:PUB00020104]]. In Thermus thermophilus, both the catalytic alpha- and the non-catalytic beta-subunits comprise the characteristic fold of the class II active-site domains. The presence of an RNA-binding domain, similar to that of the U1A spliceosomal protein, in the beta-subunit of tRNA synthetase indicates structural relationships among different families of RNA-binding proteins.</p>
1;IPR020825;"doi:10.1016/j.cell.2021.04.011
imex:IM-29278
pubmed:33961781";Phenylalanyl-tRNA synthetase-like, B3/B4;<p>This entry represents the B3/B4 domain found in tRNA synthetase beta subunits as well as in some non-tRNA synthetase proteins. This domain has a 3-layer structure, and contains a β-sandwich fold of unusual topology, and contains a putative tRNA-binding structural motif [[cite:PUB00020104]]. In Thermus thermophilus, both the catalytic alpha- and the non-catalytic beta-subunits comprise the characteristic fold of the class II active-site domains. The presence of an RNA-binding domain, similar to that of the U1A spliceosomal protein, in the beta-subunit of tRNA synthetase indicates structural relationships among different families of RNA-binding proteins.</p>
1;IPR025875;"doi:10.1016/j.cell.2021.04.011
imex:IM-29278
pubmed:33961781";Leucine rich repeat 4;<p>This entry represents 2 copies of a leucine rich repeat.</p>
1;IPR045060;"doi:10.1016/j.cell.2021.04.011
imex:IM-29278
pubmed:33961781";Phenylalanine-tRNA ligase, class IIc, beta subunit;"<p>Phenylalanine-tRNA ligase ([ec:6.1.1.20]) is an alpha2/beta2 tetramer composed of 2 subunits that belongs to class IIc. In eubacteria, a small subunit (pheS gene) can be designated as beta (E. coli) or alpha subunit (see [interpro:IPR002319]). Reciprocally the large subunit (pheT gene) can be designated as alpha (E. coli) or beta. In all other kingdoms the two subunits have equivalent length in eukaryota, and can be identified by specific signatures. The enzyme from Thermus thermophilus has an alpha2 beta2 type quaternary structure and is one of the most complicated members of the synthetase family.  Identification of phenylalanine-tRNA ligase as a member of class II aaRSs was based only on sequence alignment of the small alpha-subunit with other ligases [[cite:PUB00006305]].</p>

<p>This family describes the beta subunit. The beta subunits break into two subfamilies that are considerably different in sequence, length, and pattern of gaps. This family includes both subfamilies.</p>"
1;IPR001876;"imex:IM-29168
pubmed:34316702";Zinc finger, RanBP2-type;"<p>This entry represents the zinc finger domain found in RanBP2 proteins. Ran is an evolutionary conserved member of the Ras superfamily that regulates all receptor-mediated transport between the nucleus and the cytoplasm. Ran binding protein 2 (RanBP2) from human ([swissprot:P49792]), is a 358 kDa nucleoporin located on the cytoplasmic side of the nuclear pore complex which plays a role in nuclear protein import [[cite:PUB00007086]]. RanBP2 contains multiple zinc fingers that mediate binding to RanGDP [[cite:PUB00006217]].</p>; <p>Zinc finger (Znf) domains are relatively small protein motifs which contain multiple finger-like protrusions that make tandem contacts with their target molecule. Some of these domains bind zinc, but many do not; instead, they bind other metals, such as iron, or no metal at all. For example, some family members form salt bridges to stabilise the finger-like folds. They were first identified as a DNA-binding motif in transcription factor TFIIIA from Xenopus laevis (African clawed frog); however, they are now recognised to bind DNA, RNA, protein and/or lipid substrates [[cite:PUB00035807], [cite:PUB00035805], [cite:PUB00035806], [cite:PUB00035804], [cite:PUB00014077]]. Their binding properties depend on the amino acid sequence of the finger domains and of the linker between fingers, as well as on the higher-order structures and the number of fingers. Znf domains are often found in clusters, where fingers can have different binding specificities. There are many superfamilies of Znf motifs, varying in both sequence and structure. They display considerable versatility in binding modes, even between members of the same class (e.g., some bind DNA, others protein), suggesting that Znf motifs are stable scaffolds that have evolved specialised functions. For example, Znf-containing proteins function in gene transcription, translation, mRNA trafficking, cytoskeleton organisation, epithelial development, cell adhesion, protein folding, chromatin remodelling and zinc sensing, to name but a few [[cite:PUB00035812]]. Zinc-binding motifs are stable structures, and they rarely undergo conformational changes upon binding their target.</p>"
1;IPR039958;"imex:IM-29168
pubmed:34316702";RING1 and YY1-binding protein/YY1-associated factor 2;"<p>Proteins included in this entry have an N-terminal RanBP2-type zinc finger and a Yaf2/RYBP C-terminal binding motif.  Proteins with these regions include Yaf2 and RYBP proteins, which are homologous parts of the PRC1 complex [[cite:PUB00058599]].</p>

<p>RYBP is a zinc finger protein with an essential role during embryonic development, which binds transcriptional factors, Polycomb products, and mediators of apoptosisis [[cite:PUB00081263]].  RYBP also binds ubiquitin and Cbx proteins via the C-terminal docking module [[cite:PUB00081261], [cite:PUB00057727]].  RYBP is natively unstructured until it binds to the C-terminal region of the Polycomb protein Ring1B or to DNA [[cite:PUB00081263]].  Yaf2 binds to MYC and inhibits MYC-mediated transactivation [[cite:PUB00081262]].</p>"
1;IPR033774;"imex:IM-29168
pubmed:34316702";Yaf2/RYBP C-terminal binding motif;"<p>This motif is found in the C-terminal region of the Yaf2 and RYBP proteins, which are homologous parts of the PRC1 complex [[cite:PUB00058599]].</p>
<p>RYBP is a zinc finger protein with an essential role during embryonic development, which binds transcriptional factors, Polycomb products, and mediators of apoptosisis [[cite:PUB00081263]].  RYBP also binds ubiquitin and Cbx proteins via the C-terminal docking module [[cite:PUB00081261], [cite:PUB00057727]].  RYBP is natively unstructured until it binds to the C-terminal region of the Polycomb protein Ring1B or to DNA [[cite:PUB00081263]].  Yaf2 binds to MYC and inhibits MYC-mediated transactivation [[cite:PUB00081262]].</p>"
1;IPR036443;"imex:IM-29168
pubmed:34316702";Zinc finger, RanBP2-type superfamily;"<p>Zinc finger (Znf) domains are relatively small protein motifs which contain multiple finger-like protrusions that make tandem contacts with their target molecule. Some of these domains bind zinc, but many do not; instead, they bind other metals, such as iron, or no metal at all. For example, some family members form salt bridges to stabilise the finger-like folds. They were first identified as a DNA-binding motif in transcription factor TFIIIA from Xenopus laevis (African clawed frog); however, they are now recognised to bind DNA, RNA, protein and/or lipid substrates [[cite:PUB00035807], [cite:PUB00035805], [cite:PUB00035806], [cite:PUB00035804], [cite:PUB00014077]]. Their binding properties depend on the amino acid sequence of the finger domains and of the linker between fingers, as well as on the higher-order structures and the number of fingers. Znf domains are often found in clusters, where fingers can have different binding specificities. There are many superfamilies of Znf motifs, varying in both sequence and structure. They display considerable versatility in binding modes, even between members of the same class (e.g., some bind DNA, others protein), suggesting that Znf motifs are stable scaffolds that have evolved specialised functions. For example, Znf-containing proteins function in gene transcription, translation, mRNA trafficking, cytoskeleton organisation, epithelial development, cell adhesion, protein folding, chromatin remodelling and zinc sensing, to name but a few [[cite:PUB00035812]]. Zinc-binding motifs are stable structures, and they rarely undergo conformational changes upon binding their target.</p>; <p>This entry represents the zinc finger domain superfamily found in RanBP2 proteins. Ran is an evolutionary conserved member of the Ras superfamily that regulates all receptor-mediated transport between the nucleus and the cytoplasm. Ran binding protein 2 (RanBP2) is a 358kDa nucleoporin located on the cytoplasmic side of the nuclear pore complex which plays a role in nuclear protein import [[cite:PUB00007086]]. RanBP2 contains multiple zinc fingers which mediate binding to RanGDP [[cite:PUB00006217]].</p>"
1;IPR017946;"doi:10.1016/j.cell.2021.04.011
imex:IM-29278
pubmed:33961781";PLC-like phosphodiesterase, TIM beta/alpha-barrel domain superfamily;"<p>This superfamily represents a structural domain consisting of a TIM β/α-barrel. These domains are found in several phospholipase C (PLC) like phosphodiesterases, including:</p>

<ul><li>Mammalian phospholipase C isozyme D1 [[cite:PUB00030187]].</li>
<li>Bacterial phosphatidylinositol-specific phospholipase C [[cite:PUB00023203]].</li>
<li>Glycerophosphodiester phosphodiesterases, such as GlpQ from Escherichia coli and UgpQ from Agrobacterium tumefaciens [[cite:PUB00038838]].</li></ul>

<p>Phospholipase C (PLC) isozymes are directly activated by heterotrimeric G proteins and Ras-like GTPases to hydrolyse phosphatidylinositol 4,5-bisphosphate into the second messengers diacylglycerol and inositol 1,4,5-trisphosphate. PLC enzymes often play central roles in various signalling cascades [[cite:PUB00043827]].</p>"
1;IPR052271;"doi:10.1016/j.cell.2021.04.011
imex:IM-29278
pubmed:33961781";Glycerophosphoryl Diester Phosphodiesterase-Related;"<p>This family of proteins is involved in the hydrolysis of lysoglycerophospholipids to generate lysophosphatidic acid (LPA) and corresponding amines. Members of this family exhibit lysophospholipase D activity, with a preference for substrates such as 1-O-alkyl-sn-glycero-3-phosphocholine, lysophosphatidylcholine, and N-acylethanolamine lysophospholipids. They play a role in the biosynthesis of bioactive N-acylethanolamines. These enzymes are regulated by divalent cations; magnesium and manganese can stimulate activity, while calcium can have an inhibitory effect, depending on the concentration. The presence of EDTA, a chelating agent, results in the loss of lysophospholipase D activity. These proteins do not possess glycerophosphodiester phosphodiesterase activity, as they are unable to hydrolyze glycerophosphoinositol or glycerophosphocholine.</p>"
1;IPR030395;"doi:10.1016/j.cell.2021.04.011
imex:IM-29278
pubmed:33961781";Glycerophosphodiester phosphodiesterase domain;"<p>This entry represents the GP-PDE domain.</p>

<p>The glycerophosphodiester phosphodiesterases (GD-PDEs) were initially characterised in bacteria, where they have functional roles for production of metabolic carbon and phosphate sources from glycerophosphodiesters and in adherence to and degradation of mammalian host-cell membranes. Mammalian GP- GDEs have been identified more recently and shown to be implicated in several physiological functions. GD-PDEs are involved in glycerol metabolism and catalyze the reaction of glycerophosphodiester and water to alcohol and sn-glycerol-3-phosphate. They display broad specificity for glycerophosphodiesters, such as glycerophosphocholine, glycerophosphoethanolamine, glycerophosphoglycerol and bis(glycerophosphoglycerol).</p>

<p>The GP-PDE domain adopts the ubiquitous triosephosphate isomerase (TIM) barrel α/β fold. The TIM barrel is comprised of an eight-stranded parallel β-sheet barrel surrounded by eight α-helices. There is a small insertion to the conventional TIM barrel structure referred to as the GDPD-insertion (GDPD-I). The GDPD-I is comprised of β strands, α-helices (H3 and H4), and 3/10 helices. Although the TIM barrel and a small insertion are unique for GP-PDE family, there are subtle differences in size and topology of each domain [[cite:PUB00037299], [cite:PUB00038838]].</p>

<p>Some proteins known to contain a GP-PDE domain are listed below:</p>

<ul>

<li>Bacterial glycerophosphoryl diester phosphodiesterase GlpQ (EC 3.1.4.46).</li>
<li>Bacterial gylcerophosphoryl diester phosphodiesterase UgpQ (EC 3.1.4.46).</li>
<li>Mammalian glycerophosphodiester phosphodiesterase 1 (GDE1) (EC 3.1.4.44) (or MMIR16) [[cite:PUB00072564]], an integral membrane glycoprotein that interacts with regulator of G protein signaling proteins. It hydrolyzes glycerophosphoinositols (GPIs) producing inositol and glycerol 3-phosphate.</li>
<li>Mammalian glycerophosphodiester phosphodiesterase domain-containing protein 5 (GDPD5) (EC 3.1.-.-) (or GDE2) [[cite:PUB00072565]].</li>
<li>Mammalian glycerophosphoinositol inositolphosphodiesterase GDPD2 (or GDE3) (EC 3.1.4.43) [[cite:PUB00072566]], up-regulated during osteoblast differentiation and can affect cell morpholgy. It hydrolyzes glycerophosphoinositol (GroPIns), producing inositol 1-phosphate and glycerol.</li>
<li>Mammalian glycerophosphodiester phosphodiesterase domain-containing protein 1 (GDPD1) (EC 3.1.-.-) (or GDE4) [[cite:PUB00072567]].</li>
<li>Mammalian glycerophosphocholine phosphodiesterase GPCPD1 (EC 3.1.4.2) (or GDE5), selectively hydrolyzes glycerophosphocholine (GroPCho) and controls skeletal muscle development [[cite:PUB00072568]].</li>
<li>Mammalian glycerophosphodiester phosphodiesterase domain-containing protein 4 (GDPD4) (EC 3.1.-.-) (or GDE6) [[cite:PUB00072565]].</li></ul>"
1;IPR042755;"doi:10.1016/j.cell.2021.04.011
imex:IM-29278
pubmed:33961781";E3 ubiquitin-protein ligase COP1;<p>COP1 is a RING finger-type ubiquitin E3 ligase. In Arabidopsis, it is a central switch for the transition from plant growth underground in darkness (etiolation) to growth under light exposure (photomorphogenesis) [[cite:PUB00089441]]. In mammals, it functions as an E3 ubiquitin-protein ligase involved in tumorigenesis, gluconeogenesis, and lipid metabolism. It is regulated by the COP9 signalosome [[cite:PUB00093280]] and is involved in 14-3-3 delta ubiquitin-mediated degradation [[cite:PUB00093281]]. COP1 contains a classic leucine-rich NES and a novel bipartite NLS bridged by a RING finger domain [[cite:PUB00078401]].</p>
1;IPR056551;"doi:10.1016/j.cell.2021.04.011
imex:IM-29278
pubmed:33961781";Nucleolar protein 10-like, N-terminal domain;"<p>This domain is found at the N-terminal of human Nucleolar protein 10 (NOL10) and similar eukaryotic sequences including the orthologue from yeast Ribosome biogenesis protein (ENP2). This domain is normally found N-terminal to [interpro:IPR056550]. This entry includes a entire β-propeller structure and two α-helices.</p>; <p>NOL10 (also known as Polyglutamine binding protein 5 (PQBP5)) binds to polyglutamine tract sequences and is expressed in the nucleolus. It makes up the skeletal structure of the nucleolus, constituting the granule meshwork in the granular component area, and functions as an anchor for reassembly of other nucleolar proteins [[cite:PUB00158898]].</p>

<p>ENP2 was identified in a set of proteins involved in rRNA-processing and ribosome biosynthesis [[cite:PUB00075792]].</p>"
1;IPR001680;"doi:10.1016/j.cell.2021.04.011
imex:IM-29278
pubmed:33961781";WD40 repeat;<p>WD-40 repeats (also known as WD or β-transducin repeats) are short ~40 amino acid motifs, often terminating in a Trp-Asp (W-D) dipeptide. WD40 repeats usually assume a 7-8 bladed β-propeller fold, but proteins have been found with 4 to 16 repeated units, which also form a circularised β-propeller structure. WD-repeat proteins are a large family found in all eukaryotes and are implicated in a variety of functions ranging from signal transduction and transcription regulation to cell cycle control and apoptosis. Repeated WD40 motifs act as a site for protein-protein or protein-DNA  interaction, and proteins containing WD40 repeats are known to serve as platforms for the assembly of protein complexes or mediators of transient interplay among other proteins [[cite:PUB00094364]]. The specificity of the proteins is determined by the sequences outside the repeats themselves. Examples of such complexes are G proteins (beta subunit is a β-propeller), TAFII transcription factor, and E3 ubiquitin ligase [[cite:PUB00015237], [cite:PUB00005491]]. In Arabidopsis spp., several WD40-containing proteins act as key regulators of plant-specific developmental events.</p>
1;IPR019775;"doi:10.1016/j.cell.2021.04.011
imex:IM-29278
pubmed:33961781";WD40 repeat, conserved site;"<p>This entry represents a conserved site found in the WD40 repeat.</p>; <p>WD-40 repeats (also known as WD or β-transducin repeats) are short ~40 amino acid motifs, often terminating in a Trp-Asp (W-D) dipeptide. WD40 repeats usually assume a 7-8 bladed β-propeller fold, but proteins have been found with 4 to 16 repeated units, which also form a circularised β-propeller structure. WD-repeat proteins are a large family found in all eukaryotes and are implicated in a variety of functions ranging from signal transduction and transcription regulation to cell cycle control and apoptosis. Repeated WD40 motifs act as a site for protein-protein or protein-DNA  interaction, and proteins containing WD40 repeats are known to serve as platforms for the assembly of protein complexes or mediators of transient interplay among other proteins [[cite:PUB00094364]]. The specificity of the proteins is determined by the sequences outside the repeats themselves. Examples of such complexes are G proteins (beta subunit is a β-propeller), TAFII transcription factor, and E3 ubiquitin ligase [[cite:PUB00015237], [cite:PUB00005491]]. In Arabidopsis spp., several WD40-containing proteins act as key regulators of plant-specific developmental events.</p>"
1;IPR022764;"doi:10.1016/j.cell.2021.04.011
imex:IM-29278
pubmed:33961781";Peptidase S54, rhomboid domain;"<p>This entry represents a six transmembrane helix rhomboid domain.</p>; <p>This domain is found in serine peptidases belonging to the MEROPS peptidase family S54 (Rhomboid, clan ST). They are integral membrane proteins related to the Drosophila melanogaster (Fruit fly) rhomboid protein [swissprot:P20350]. Members of this family are found in archaea, bacteria and eukaryotes.</p>

<p>The rhomboid protease cleaves type-1 transmembrane domains using a catalytic dyad composed of serine and histidine.  The active site is embedded within the membrane and the active site residues are on different transmembrane regions.  From the tertiary structure of the Escherichia coli homologue GlpG [[cite:PUB00041666]] it was shown that hydrolysis occurs in a fluid filled cavity within the membrane.  Initially, a catalytic triad including a highly conserved asparagine had been proposed, but this residue has been shown not to be essential [[cite:PUB00079038]].  Drosophila rhomboid cleaves the transmembrane proteins Spitz, Gurken and Keren within their transmembrane domains to release a soluble TGFalpha-like growth factor. Cleavage occurs in the Golgi, following translocation of the substrates from the endoplasmic reticulum membrane by Star, another transmembrane protein. The growth factors are then able to activate the epidermal growth factor receptor [[cite:PUB00001897], [cite:PUB00011885]].</p>

<p>Few substrates of mammalian rhomboid homologues have been determined, but rhomboid-like protein 2 has been shown to cleave ephrin B3 [[cite:PUB00033263]]. Parasite-encoded rhomboid enzymes are also important for invasion of host cells by Toxoplasma and the malaria parasite. Invasion of host cells first requires their recognition and this is achieved by parasite transmembrane adhesins interacting with host cell receptors.  Before the parasite can enter a host cell the adhesins must be released by cleavage.  In Toxoplasma rhomboid TgROM5 cleaves the adhesins, and in Plasmodium, which lacks a TgROM5 orthologue, PfROMs 1 and 4 cleave the diverse array of malaria parasite adhesins [[cite:PUB00079039]].</p>

<p>This entry also includes catalytically inactive rhomboid protease homologues, iRhom1/2, which are metazoan-specific and play crucial roles within the secretory pathway, including protein degradation, trafficking regulation, and inflammatory signaling [[cite:PUB00101384]]. They regulate ADAM17 protease, acting as trafficking factors that escort ADAM17 from the ER to the later secretory pathway. They are required for the cleavage and release of a variety of membrane-associated proteins [[cite:PUB00101383], [cite:PUB00101384]]. iRhombs have been linked to the development and progression of several autoimmune diseases including rheumatoid arthritis, lupus nephritis, as well as hemophilic arthropathy [[cite:PUB00101383]] and also in neurological disorders such as Alzheimer's and Parkinson's diseases, inflammation, cancer and skin diseases [[cite:PUB00101385]].</p>"
1;IPR035952;"doi:10.1016/j.cell.2021.04.011
imex:IM-29278
pubmed:33961781";Rhomboid-like superfamily;"<p>This entry represents a six transmembrane helix rhomboid domain. This entry also includes derlins, inactive members of the rhomboid family of intramembrane proteases which lack an active site Ser-His dyad but retain the overall rhomboid architecture [[cite:PUB00097338]].</p>; <p>This domain is found in serine peptidases belonging to the MEROPS peptidase family S54 (Rhomboid, clan ST). They are integral membrane proteins related to the Drosophila melanogaster (Fruit fly) rhomboid protein [swissprot:P20350]. Members of this family are found in archaea, bacteria and eukaryotes.</p>

<p>The rhomboid protease cleaves type-1 transmembrane domains using a catalytic dyad composed of serine and histidine.  The active site is embedded within the membrane and the active site residues are on different transmembrane regions.  From the tertiary structure of the Escherichia coli homologue GlpG [[cite:PUB00041666]] it was shown that hydrolysis occurs in a fluid filled cavity within the membrane.  Initially, a catalytic triad including a highly conserved asparagine had been proposed, but this residue has been shown not to be essential [[cite:PUB00079038]].  Drosophila rhomboid cleaves the transmembrane proteins Spitz, Gurken and Keren within their transmembrane domains to release a soluble TGFalpha-like growth factor. Cleavage occurs in the Golgi, following translocation of the substrates from the endoplasmic reticulum membrane by Star, another transmembrane protein. The growth factors are then able to activate the epidermal growth factor receptor [[cite:PUB00001897], [cite:PUB00011885]].</p>

<p>Few substrates of mammalian rhomboid homologues have been determined, but rhomboid-like protein 2 has been shown to cleave ephrin B3 [[cite:PUB00033263]]. Parasite-encoded rhomboid enzymes are also important for invasion of host cells by Toxoplasma and the malaria parasite. Invasion of host cells first requires their recognition and this is achieved by parasite transmembrane adhesins interacting with host cell receptors.  Before the parasite can enter a host cell the adhesins must be released by cleavage.  In Toxoplasma rhomboid TgROM5 cleaves the adhesins, and in Plasmodium, which lacks a TgROM5 orthologue, PfROMs 1 and 4 cleave the diverse array of malaria parasite adhesins [[cite:PUB00079039]].</p>

<p>This entry also includes catalytically inactive rhomboid protease homologues, iRhom1/2, which are metazoan-specific and play crucial roles within the secretory pathway, including protein degradation, trafficking regulation, and inflammatory signaling [[cite:PUB00101384]]. They regulate ADAM17 protease, acting as trafficking factors that escort ADAM17 from the ER to the later secretory pathway. They are required for the cleavage and release of a variety of membrane-associated proteins [[cite:PUB00101383], [cite:PUB00101384]]. iRhombs have been linked to the development and progression of several autoimmune diseases including rheumatoid arthritis, lupus nephritis, as well as hemophilic arthropathy [[cite:PUB00101383]] and also in neurological disorders such as Alzheimer's and Parkinson's diseases, inflammation, cancer and skin diseases [[cite:PUB00101385]].</p>"
1;IPR000527;"imex:IM-13779
pubmed:20711500";Flagellar L-ring protein;<p>The flgH, flgI and fliF genes of Salmonella typhimurium encode the major proteins for the L, P and M rings of the flagellar basal body [[cite:PUB00002086]]. In fact, the basal body consists of four rings (L,P,S and M) surrounding the flagellar rod, which is believed to transmit motor rotation to the filament [[cite:PUB00003254]]. The M ring is integral to the inner membrane of the cell, and may be connected to the rod via the S (supramembrane) ring, which lies just distal to it. The L and P rings reside in the outer membrane and periplasmic space, respectively. FlgH and FlgI, which are exported across the cell membrane to their destinations in the outer membrane and periplasmic space, have typical N-terminal cleaved signal-peptide sequences. FlgH is predicted to have an extensive β-sheet structure, in keeping with other outer membrane proteins [[cite:PUB00002086]].</p>
1;IPR005176;"doi:10.1016/j.cell.2021.04.011
imex:IM-29278
pubmed:33961781";Potentiating neddylation domain;"<p>This domain is found in the eukaryotic family defective in cullin neddylation, which includes DCN1 and DCN1-like proteins. Proteins of the DCN family may contribute to neddylation of cullin components of SCF-type E3 ubiquitin ligase complexes, which are multi-protein complexes required for polyubiquitination and subsequent degradation of target proteins by the 26S proteasome [[cite:PUB00021043], [cite:PUB00057468]].</p>

<p>The structure of this domain is composed entirely of α helices [[cite:PUB00047735], [cite:PUB00050725]]. It has been referred to as potentiating neddylation domain (PONY) and can be found in association with an N-terminal UBA domain. The PONY domain contains a cullin-binding surface within its C-terminal region and is sufficient to promote neddylation [[cite:PUB00050725], [cite:PUB00064019]].</p>"
1;IPR042460;"doi:10.1016/j.cell.2021.04.011
imex:IM-29278
pubmed:33961781";DCN1-like, PONY binding domain;"<p>This superfamily represents a domain is found in DCN1-like proteins. Proteins of the DCN family may contribute to neddylation of cullin components of SCF-type E3 ubiquitin ligase complexes, which are multi-protein complexes required for polyubiquitination and subsequent degradation of target proteins by the 26S proteasome [[cite:PUB00021043], [cite:PUB00057468]].</p>

<p>The structure of this domain is composed entirely of α helices [[cite:PUB00047735], [cite:PUB00050725]]. It has been referred to as potentiating neddylation domain (PONY) and can be found in association with an N-terminal UBA domain. The PONY domain contains a cullin-binding surface within its C-terminal region and is sufficient to promote neddylation [[cite:PUB00050725], [cite:PUB00064019]].</p>"
1;IPR014764;"doi:10.1016/j.cell.2021.04.011
imex:IM-29278
pubmed:33961781";Defective-in-cullin neddylation protein;"<p>The eukaryotic defective in cullin neddylation (DCN) protein family, contributes to neddylation of cullin components of SCF-type E3 ubiquitin ligase complexes. These multi-protein complexes are required for polyubiquitination and subsequent degradation of target proteins by the 26S proteasome [[cite:PUB00021043], [cite:PUB00064019], [cite:PUB00097937]]. Proteins in the DCN family include:</p>

<ul>
<li>Yeast DCN1.</li>
<li>Vertebrate DCN1-like protein 1-5.</li>
<li>Plant Defective in cullin neddylation protein AAR3 [[cite:PUB00097939]].</li>
</ul>

<p>DCN family proteins all contain a Potentiating neddylation (PONY) domain ([interpro:IPR005176]), contains a cullin-binding surface within its C-terminal region and is sufficient to promote neddylation [[cite:PUB00050725], [cite:PUB00064019]]. The N-terminal region of the protein often contains a UBA-like domain.</p>"
1;IPR036051;"doi:10.1016/j.cell.2021.04.011
imex:IM-29278
pubmed:33961781";Krueppel-associated box domain superfamily;"<p>The Krueppel-associated box (KRAB) is a domain of around 75 amino acids that is found in the N-terminal part of about one third of eukaryotic Krueppel-type C2H2 zinc finger proteins (ZFPs) [[cite:PUB00011911]]. It is enriched in charged amino acids and can be divided into subregions A and B, which are predicted to fold into two amphipathic α-helices. The KRAB A and B boxes can be separated by variable spacer segments and many KRAB proteins contain only the A box [[cite:PUB00007161]].</p>

<p>The functions currently known for members of the KRAB-containing protein family include transcriptional repression of RNA polymerase I, II and III promoters, binding and splicing of RNA, and control of nucleolus function. The KRAB domain functions as a transcriptional repressor when tethered to the template DNA by a DNA-binding domain. A sequence of 45 amino acids in the KRAB A subdomain has been shown to be necessary and sufficient for transcriptional repression. The B box does not repress by itself but does potentiate the repression exerted by the KRAB A subdomain [[cite:PUB00007162], [cite:PUB00007163]]. Gene silencing requires the binding of the KRAB domain to the RING-B box-coiled coil (RBCC) domain of the KAP-1/TIF1-beta corepressor. As KAP-1 binds to the heterochromatin proteins HP1, it has been proposed that the KRAB-ZFP-bound target gene could be silenced following recruitment to heterochromatin [[cite:PUB00007164], [cite:PUB00007165]].</p>

<p>KRAB-ZFPs probably constitute the single largest class of transcription factors within the human genome [[cite:PUB00007166]]. The KRAB domain is generally encoded by two exons. The regions coded by the two exons are known as KRAB-A and KRAB-B. Although the function of KRAB-ZFPs is largely unknown, they appear to play important roles during cell differentiation and development. These proteins have been shown to play important roles in cell differentiation and organ development, and in regulating viral replication and transcription. A KRAB domain may consist of an A-box, or of an A-box plus either a B-box, a divergent B-box (b), or a C-box. Only the A-box is included in this model. The A-box is needed for repression, the B- and C- boxes are not. KRAB-ZFPs have one or two KRAB domains at their amino-terminal end, and multiple C2H2 zinc finger motifs at their C-termini. Some KRAB-ZFPs also contain a SCAN domain which mediates homo- and hetero-oligomerization. The KRAB domain is a protein-protein interaction module which represses transcription through recruiting corepressors. A key mechanism appears to be the following: KRAB-AFPs tethered to DNA recruit, via their KRAB domain, the repressor KAP1 (KRAB-associated protein-1, also known as transcription intermediary factor 1 beta, KRAB-A interacting protein and tripartite motif protein 28). The KAP1/ KRAB-AFP complex in turn recruits the heterochromatin protein 1 (HP1) family, and other chromatin modulating proteins, leading to transcriptional repression through heterochromatin formation [[cite:PUB00097514]].</p>"
1;IPR038269;"doi:10.1016/j.cell.2021.04.011
imex:IM-29278
pubmed:33961781";SCAN domain superfamily;"<p>A number of C2H2-zinc finger proteins contain a highly conserved N-terminal motif termed the SCAN (named after SRE-ZBP, CTfin51, AW-1 and Number 18 cDNA) domain. The SCAN domain has been shown to be able to mediate homo- and hetero-oligomerisation [[cite:PUB00008090]]. These proteins can either activate or repress transcription, although isolated recombinant SCAN domains do not modulate significantly the transcription [[cite:PUB00018272], [cite:PUB00018273]]. In addition to these zinc finger transcription factors, an isolated SCAN domain without adjacent zinc finger motifs has been identified in some proteins [[cite:PUB00018274], [cite:PUB00018275]]. It has been noted that the SCAN domain resembles a domain-swapped version of the C-terminal domain of the HIV capsid protein [[cite:PUB00032595]].</p>; <p>The SCAN domain is enriched in hydrophobic and negatively charged residues with a L-X(6)-L motif at its core. This core is flanked by A, E, L, M, H and C residues that are frequently found in α-helices [[cite:PUB00018273]]. Predictions of the secondary structure of the domain suggest the presence of at least three α-helices that are separated from one another by short looped regions bounded by proline residues [[cite:PUB00008090]]. It has been shown to be a selective oligomerization domain that mediates homotypic and heterotypic interactions between SCAN box containing proteins [[cite:PUB00018275], [cite:PUB00008090]].</p>"
1;IPR036236;"doi:10.1016/j.cell.2021.04.011
imex:IM-29278
pubmed:33961781";Zinc finger C2H2 superfamily;"<p>C2H2-type (classical) zinc fingers (Znf) were the first class to be characterised. They contain a short β-hairpin and an α-helix (β/β/α structure), where a single zinc atom is held in place by Cys(2)His(2) (C2H2) residues in a tetrahedral array. C2H2 Znf's can be divided into three groups based on the number and pattern of fingers: triple-C2H2 (binds single ligand), multiple-adjacent-C2H2 (binds multiple ligands), and separated paired-C2H2 [[cite:PUB00035808]]. C2H2 Znf's are the most common DNA-binding motifs found in eukaryotic transcription factors, and have also been identified in prokaryotes [[cite:PUB00035809]].  Transcription factors usually contain several Znf's (each with a conserved β/β/α structure) capable of making multiple contacts along the DNA, where the C2H2 Znf motifs recognise DNA sequences by binding to the major groove of DNA via a short α-helix in the Znf, the Znf spanning 3-4 bases of the DNA [[cite:PUB00035811]]. C2H2 zinc fingers can also bind to RNA and protein targets [[cite:PUB00043274]].</p>; <p>Zinc finger (Znf) domains are relatively small protein motifs which contain multiple finger-like protrusions that make tandem contacts with their target molecule. Some of these domains bind zinc, but many do not; instead, they bind other metals, such as iron, or no metal at all. For example, some family members form salt bridges to stabilise the finger-like folds. They were first identified as a DNA-binding motif in transcription factor TFIIIA from Xenopus laevis (African clawed frog); however, they are now recognised to bind DNA, RNA, protein and/or lipid substrates [[cite:PUB00035807], [cite:PUB00035805], [cite:PUB00035806], [cite:PUB00035804], [cite:PUB00014077]]. Their binding properties depend on the amino acid sequence of the finger domains and of the linker between fingers, as well as on the higher-order structures and the number of fingers. Znf domains are often found in clusters, where fingers can have different binding specificities. There are many superfamilies of Znf motifs, varying in both sequence and structure. They display considerable versatility in binding modes, even between members of the same class (e.g., some bind DNA, others protein), suggesting that Znf motifs are stable scaffolds that have evolved specialised functions. For example, Znf-containing proteins function in gene transcription, translation, mRNA trafficking, cytoskeleton organisation, epithelial development, cell adhesion, protein folding, chromatin remodelling and zinc sensing, to name but a few [[cite:PUB00035812]]. Zinc-binding motifs are stable structures, and they rarely undergo conformational changes upon binding their target.</p>"
1;IPR003309;"doi:10.1016/j.cell.2021.04.011
imex:IM-29278
pubmed:33961781";SCAN domain;"<p>A number of C2H2-zinc finger proteins contain a highly conserved N-terminal motif termed the SCAN (named after SRE-ZBP, CTfin51, AW-1 and Number 18 cDNA) domain. The SCAN domain has been shown to be able to mediate homo- and hetero-oligomerisation [[cite:PUB00008090]]. These proteins can either activate or repress transcription, although isolated recombinant SCAN domains do not modulate significantly the transcription [[cite:PUB00018272], [cite:PUB00018273]]. In addition to these zinc finger transcription factors, an isolated SCAN domain without adjacent zinc finger motifs has been identified in some proteins [[cite:PUB00018274], [cite:PUB00018275]]. It has been noted that the SCAN domain resembles a domain-swapped version of the C-terminal domain of the HIV capsid protein [[cite:PUB00032595]].</p>; <p>The SCAN domain is enriched in hydrophobic and negatively charged residues with a L-X(6)-L motif at its core. This core is flanked by A, E, L, M, H and C residues that are frequently found in α-helices [[cite:PUB00018273]]. Predictions of the secondary structure of the domain suggest the presence of at least three α-helices that are separated from one another by short looped regions bounded by proline residues [[cite:PUB00008090]]. It has been shown to be a selective oligomerization domain that mediates homotypic and heterotypic interactions between SCAN box containing proteins [[cite:PUB00018275], [cite:PUB00008090]].</p>"
1;IPR001909;"doi:10.1016/j.cell.2021.04.011
imex:IM-29278
pubmed:33961781";Krueppel-associated box;"<p>The Krueppel-associated box (KRAB) is a domain of around 75 amino acids that is found in the N-terminal part of about one third of eukaryotic Krueppel-type C2H2 zinc finger proteins (ZFPs) [[cite:PUB00011911]]. It is enriched in charged amino acids and can be divided into subregions A and B, which are predicted to fold into two amphipathic α-helices. The KRAB A and B boxes can be separated by variable spacer segments and many KRAB proteins contain only the A box [[cite:PUB00007161]].</p>

<p>The functions currently known for members of the KRAB-containing protein family include transcriptional repression of RNA polymerase I, II and III promoters, binding and splicing of RNA, and control of nucleolus function. The KRAB domain functions as a transcriptional repressor when tethered to the template DNA by a DNA-binding domain. A sequence of 45 amino acids in the KRAB A subdomain has been shown to be necessary and sufficient for transcriptional repression. The B box does not repress by itself but does potentiate the repression exerted by the KRAB A subdomain [[cite:PUB00007162], [cite:PUB00007163]]. Gene silencing requires the binding of the KRAB domain to the RING-B box-coiled coil (RBCC) domain of the KAP-1/TIF1-beta corepressor. As KAP-1 binds to the heterochromatin proteins HP1, it has been proposed that the KRAB-ZFP-bound target gene could be silenced following recruitment to heterochromatin [[cite:PUB00007164], [cite:PUB00007165]].</p>

<p>KRAB-ZFPs probably constitute the single largest class of transcription factors within the human genome [[cite:PUB00007166]]. The KRAB domain is generally encoded by two exons. The regions coded by the two exons are known as KRAB-A and KRAB-B. Although the function of KRAB-ZFPs is largely unknown, they appear to play important roles during cell differentiation and development. These proteins have been shown to play important roles in cell differentiation and organ development, and in regulating viral replication and transcription. A KRAB domain may consist of an A-box, or of an A-box plus either a B-box, a divergent B-box (b), or a C-box. Only the A-box is included in this model. The A-box is needed for repression, the B- and C- boxes are not. KRAB-ZFPs have one or two KRAB domains at their amino-terminal end, and multiple C2H2 zinc finger motifs at their C-termini. Some KRAB-ZFPs also contain a SCAN domain which mediates homo- and hetero-oligomerization. The KRAB domain is a protein-protein interaction module which represses transcription through recruiting corepressors. A key mechanism appears to be the following: KRAB-AFPs tethered to DNA recruit, via their KRAB domain, the repressor KAP1 (KRAB-associated protein-1, also known as transcription intermediary factor 1 beta, KRAB-A interacting protein and tripartite motif protein 28). The KAP1/ KRAB-AFP complex in turn recruits the heterochromatin protein 1 (HP1) family, and other chromatin modulating proteins, leading to transcriptional repression through heterochromatin formation [[cite:PUB00097514]].</p>"
1;IPR009567;"doi:10.1016/j.cell.2021.04.011
imex:IM-29278
pubmed:33961781";Store-operated calcium entry-associated regulatory factor;<p>SARAF is an endoplasmic reticulum membrane resident protein that serves as a negative regulator of store-operated Ca2+ entry (SOCE) involved in protecting cells from Ca2+ overfilling. It is a single pass ER membrane protein whose systolic-facing domain is responsible for activity and whose luminary-facing domain carries out a regulatory function in conjunction with another membrane protein STIM, an ER single pass membrane protein that detects changes in ER Ca2+ levels through its EF-hand, conserved Ca2+ binding domain. STIM is the major target for SARAF regulation, and thus SARAF negatively regulates the SOCE entry of calcium into cells protecting them from overfilling [[cite:PUB00075537]].</p>
1;IPR036404;"doi:10.1016/j.cell.2021.04.011
doi:10.1038/nature22366
imex:IM-25778
imex:IM-29278
pubmed:28514442
pubmed:33961781";Jacalin-like lectin domain superfamily;"<p>The jacalin-like mannose-binding lectin domain has a β-prism fold consisting of three 4-stranded β-sheets, with an internal pseudo 3-fold symmetry. Some proteins with this domain stimulate distinct T- and B- cell functions, such as the plant lectin jacalin, which binds to the T-antigen and acts as an agglutinin. The domain can occur in tandem-repeat arrangements with up to six copies, and in architectures combined with a variety of other functional domains. While the family was initially named after an abundant protein found in the jackfruit seed, taxonomic distribution is not restricted to plants. The domain is also found in the salt-stress induced protein from rice and an animal prostatic spermine-binding protein. Proteins containing this domain include:</p>
<ul>
<li>Jacalin, a tetrameric plant seed lectin and agglutinin from Artocarpus heterophyllus (jackfruit), which is specific for galactose [[cite:PUB00013978]].</li>
<li>Artocarpin, a tetrameric plant seed lectin from A. heterophyllus [[cite:PUB00022824]].</li>
<li>Lectin MPA, a tetrameric plant seed lectin and agglutinin from Maclura pomifera (Osage orange), [[cite:PUB00026468]].</li>
<li>Heltuba lectin, a plant seed lectin and agglutinin from Helianthus tuberosus (Jerusalem artichoke) [[cite:PUB00023843]].</li>
<li>Agglutinin from Calystegia sepium (Hedge bindweed) [[cite:PUB00029602]].</li>
<li>Griffithsin, an anti-viral lectin from red algae (Griffithsia species) [[cite:PUB00041180]].</li>
</ul>"
1;IPR001229;"doi:10.1016/j.cell.2021.04.011
doi:10.1038/nature22366
imex:IM-25778
imex:IM-29278
pubmed:28514442
pubmed:33961781";Jacalin-like lectin domain;"<p>The jacalin-like mannose-binding lectin domain has a β-prism fold consisting of three 4-stranded β-sheets, with an internal pseudo 3-fold symmetry. Some proteins with this domain stimulate distinct T- and B- cell functions, such as the plant lectin jacalin, which binds to the T-antigen and acts as an agglutinin. The domain can occur in tandem-repeat arrangements with up to six copies, and in architectures combined with a variety of other functional domains. While the family was initially named after an abundant protein found in the jackfruit seed, taxonomic distribution is not restricted to plants. The domain is also found in the salt-stress induced protein from rice and an animal prostatic spermine-binding protein. Proteins containing this domain include:</p>
<ul>
<li>Jacalin, a tetrameric plant seed lectin and agglutinin from Artocarpus heterophyllus (jackfruit), which is specific for galactose [[cite:PUB00013978]].</li>
<li>Artocarpin, a tetrameric plant seed lectin from A. heterophyllus [[cite:PUB00022824]].</li>
<li>Lectin MPA, a tetrameric plant seed lectin and agglutinin from Maclura pomifera (Osage orange), [[cite:PUB00026468]].</li>
<li>Heltuba lectin, a plant seed lectin and agglutinin from Helianthus tuberosus (Jerusalem artichoke) [[cite:PUB00023843]].</li>
<li>Agglutinin from Calystegia sepium (Hedge bindweed) [[cite:PUB00029602]].</li>
<li>Griffithsin, an anti-viral lectin from red algae (Griffithsia species) [[cite:PUB00041180]].</li>
</ul>"
1;IPR052321;"doi:10.1016/j.cell.2021.04.011
doi:10.1038/nature22366
imex:IM-25778
imex:IM-29278
pubmed:28514442
pubmed:33961781";Polyamine Binding and Protein Trafficking;<p>The protein family includes members that are involved in polyamine binding and protein trafficking. Some members, like the prostatic spermine-binding proteins from mouse and rat, are glycoproteins that bind various polyamines and are regulated by androgens in the prostate. These proteins are functionally equivalent across species and are implicated in the binding of polyamines. Other members, such as the pancreatic adenocarcinoma up-regulated factor in humans, play a crucial role in tumor progression and metastasis in pancreatic cancer, influencing cell migration and invasion via specific signaling pathways. Additionally, the zymogen granule membrane protein 16 from humans, rats, and mice, which belongs to the jacalin lectin family, is suggested to have a role in the formation of zymogen granules by acting as a linker molecule in the trans-Golgi network. This family's diverse functions reflect its involvement in both intracellular trafficking and extracellular interactions.</p>
1;IPR039882;"imex:IM-25472
pubmed:32296183";Zinc finger protein 414;<p>The function of zinc finger protein 414 (ZN414) is not known.  ZN414 contains a C2H2-type zinc ribbon.  Homologues are known only from vertebrates.</p>
1;IPR031799;"imex:IM-25472
pubmed:32296183";C2H2-type zinc ribbon;<p>This domain consists of three zinc-fingers in tandem.</p>
1;IPR042418;"doi:10.1016/j.cell.2021.04.011
imex:IM-29278
pubmed:33961781";Thioredoxin domain-containing protein 15;<p>The function of Thioredoxin domain-containing protein 15 (TXNDC15) is not clear.</p>
1;IPR019828;"doi:10.1016/j.cell.2021.04.011
imex:IM-29278
pubmed:33961781";Lysyl oxidase, conserved site;"<p>Lysyl oxidase ([ec:1.4.3.13]) (LOX) [[cite:PUB00000655]] is an extracellular copper-dependent enzyme that catalyses the oxidative deamination of peptidyl lysine residues in precursors of various collagens and elastins, yielding alpha-aminoadipic-delta-semialdehyde. The deaminated lysines are then able to form semialdehyde cross-links, resulting in the formation of insoluble collagen and elastin fibres in the extracellular matrix [[cite:PUB00003553]].</p>
<p>LOX binds a single copper atom which seems to reside within an octahedral coordination complex which includes at least three histidine ligands. Four histidine residues are clustered in a central region of the enzyme. This region is thought to be involved in cooper-binding and is called the 'copper-talon' [[cite:PUB00000655]]. The signature pattern for this entry covers the four histidines that make up the putative 'copper-binding-talon'.</p>"
1;IPR001695;"doi:10.1016/j.cell.2021.04.011
imex:IM-29278
pubmed:33961781";Lysyl oxidase;"<p>Lysyl oxidase ([ec:1.4.3.13]) (LOX) [[cite:PUB00000655]] is an extracellular copper-dependent enzyme that catalyses the oxidative deamination of peptidyl lysine residues in precursors of various collagens and elastins, yielding alpha-aminoadipic-delta-semialdehyde. The deaminated lysines are then able to form semialdehyde cross-links, resulting in the formation of insoluble collagen and elastin fibres in the extracellular matrix [[cite:PUB00003553]].</p>
<p>The active site of LOX resides towards the C terminus: this region also binds a single copper atom in an octahedral coordination complex involving at least 3 His residues [[cite:PUB00002724]]. Four histidine residues are clustered in a central region of the enzyme. This region is thought to be involved in cooper-binding and is called the 'copper-talon' [[cite:PUB00000655]].</p>"
1;IPR050912;"doi:10.1016/j.cell.2021.04.011
imex:IM-29278
pubmed:33961781";;
1;IPR000725;"doi:10.1016/j.cell.2021.04.011
imex:IM-29278
pubmed:33961781";Olfactory receptor;"<p>The olfactory system is a highly specialised chemical recognition system that, like the immune system, is capable of discriminating with tremendous sensitivity between numerous foreign molecules in the environment. Olfactory transduction is believed to be initiated by the binding of odorants to specific receptor proteins in the cilia of olfactory receptor cells. Although little is known about the precise mechanism by which odorant binding might initiate membrane depolarisation, it is believed that cyclic AMP may serve as an intracellular messenger for olfactory transduction [[cite:PUB00001028]].</p>

<p>Olfactory receptors are integral membrane proteins that belong to the seven transmembrane (TM) rhodopsin-like G-protein coupled receptor family. Although the sequences of these proteins are very diverse, reflecting to some extent their broad range of activating ligands, nevertheless, motifs have been identified in the TM regions that are characteristic of virtually the entire superfamily [[cite:PUB00004960], [cite:PUB00004961]]. Amongst the exceptions are the olfactory receptors, which cluster together in a subfamily that lacks significant matches with TM domains 2, 4, and 6 [[cite:PUB00004961]].</p>

<p>Olfactory receptor genes form the largest known multigene family in the human genome [[cite:PUB00066999]]. Each olfactory receptor can only interact with a subset of all potential odorants and a single odorant can activate multiple olfactory receptors, which enables a central neural logic of olfaction where the perception of smell arises from the combinatorial activity of multiple unique olfactory receptors that respond to an individual odorant [[cite:PUB00067000], [cite:PUB00158910]]. The structure of the human odorant receptor OR51E2 has been determined to be bound to the fatty acid propionate, which is bound within an occluded pocket in OR51E2 and makes specific contacts critical to receptor activation. Therefore, it is suggested that odorant selectivity is controlled by tight packing interactions between an odorant and an odorant receptor [[cite:PUB00158910]].</p>"
1;IPR050402;"doi:10.1016/j.cell.2021.04.011
imex:IM-29278
pubmed:33961781";Olfactory receptor 51/52/56-like;<p>The olfactory receptor family is comprised of G-protein coupled receptors with a primary function as odorant receptors. These receptors detect and bind specific molecules from the environment, initiating a signal transduction pathway that results in the perception of smell. Activation of these receptors typically leads to the elevation of intracellular Ca2, cAMP, and the activation of protein kinases such as PKA and MAPK3/MAPK1. Some members of the family, such as Olfactory receptor 51E2, respond to short-chain fatty acids [[cite:PUB00158910]] and L-lactate [[cite:PUB00158912]], influencing physiological processes such as melanocyte function, blood pressure regulation, and cell proliferation and migration, particularly in retinal pigment epithelial cells.</p>
1;IPR037340;"doi:10.1016/j.cell.2021.04.011
imex:IM-29278
pubmed:33961781";SSB2, SOCS box domain;"<p>This entry represents the SOCS (suppressors of cytokine signaling) box of SSB2 (SPRY domain-containing SOCS box proteins). SSB proteins contain a central SPRY domain and a C-terminal SOCS. SSB2 has been shown to interact with c-Met, the hepatocyte growth factor receptor  [[cite:PUB00086126], [cite:PUB00051721]].  It also regulates inducible nitric oxide synthase (iNOS) by targeting it for proteasomal degradation [[cite:PUB00086775]].</p>; <p>The general function of the SOCS box is the recruitment of the ubiquitin-transferase system. The SOCS box interacts with Elongins B and C, Cullin-5 or Cullin-2, Rbx-1, and E2. Therefore, SOCS-box-containing proteins probably function as E3 ubiquitin ligases and mediate the degradation of proteins associated through their N-terminal regions [[cite:PUB00006613], [cite:PUB00047170]].</p>"
1;IPR002123;"doi:10.1016/j.cell.2021.04.011
imex:IM-29278
pubmed:33961781";Phospholipid/glycerol acyltransferase;"<p>This family is found in diverse acyltransferases involved in phospholipid biosynthesis [[cite:PUB00006582]]. This domain is found in tafazzins, phospholipid transacylases involved in the remodeling of cardiolipin, a mitochondrial phospholipid required for oxidative phosphorylation and whose defects cause of Barth syndrome; a severe inherited disorder which is often fatal in childhood and is characterised by cardiac and skeletal abnormalities [[cite:PUB00097282]]. Phospholipid/glycerol acyltransferase is not found in the viruses or the archaea and is under represented in the bacteria. Bacterial glycerol-phosphate acyltransferases are involved in membrane biogenesis since they use fatty acid chains to form the first membrane phospholipids [[cite:PUB00043329]].</p>"
1;IPR004552;"doi:10.1016/j.cell.2021.04.011
imex:IM-29278
pubmed:33961781";1-acyl-sn-glycerol-3-phosphate acyltransferase;<p>This domain describes the core homologous region of a collection of related proteins, several of which are known to act as 1-acyl-sn-glycerol-3-phosphate acyltransferases ([ec:2.3.1.51]). Proteins scoring above the trusted cut-off are likely to have the same general activity, which is to convert acyl-CoA and 1-acyl-SN-glycerol 3-phosphate to CoA and 1,2-diacyl-SN-glycerol 3-phosphate. However, there is variation among characterised members as to whether the acyl group can be donated by acyl carrier protein or coenzyme A, and in the length and saturation of the donated acyl group [[cite:PUB00092800], [cite:PUB00057466], [cite:PUB00092801]]. 1-acyl-sn-glycerol-3-phosphate acyltransferase is also called 1-AGP acyltransferase, lysophosphatidic acid acyltransferase, and LPA acyltransferase.</p>
1;IPR052643;"doi:10.1016/j.cell.2021.04.011
imex:IM-29278
pubmed:33961781";Endoplasmic reticulum resident protein 44;<p>This family of proteins is involved in the regulation of the early secretory pathway by mediating thiol-dependent retention. They interact with substrate proteins through a conserved CRFS motif to form mixed disulfides. Additionally, these proteins can inhibit the calcium channel activity of ITPR1 and are implicated in the control of oxidative protein folding within the endoplasmic reticulum. They are essential for retaining certain oxidoreductases like ERO1A and ERO1B in the endoplasmic reticulum, suggesting a role in the maintenance of the redox environment.</p>
1;IPR041862;"doi:10.1016/j.cell.2021.04.011
imex:IM-29278
pubmed:33961781";Endoplasmic reticulum resident protein 44, second TRX-like domain b;"<p>This entry represents the second redox inactive TRX-like domain b found in endoplasmic reticulum resident protein 44 (ERp44).</p>; <p>ERp44 is an endoplasmic reticulum (ER)-resident protein that is induced during stress and retrieves some ER-resident enzymes and immature oligomers of secretory proteins from the Golgi [4]. It contains three thioredoxin (Trx)-like domains (a, b, and b'), followed by a C-terminal extension (C tail), with the domain a containing a unique CRFS motif whose cysteine (Cys29) forms mixed disulfide bonds with client proteins to promote their thiol-dependent retention [[cite:PUB00049229]]. Through these reversible mixed disulfides, ERp44 mediates the ER localisation of Ero1alpha, a protein that oxidizes protein disulfide isomerases into their active form [[cite:PUB00091989], [cite:PUB00092008]], and prevents the secretion of unassembled cargo proteins with unpaired cysteines. Additionally, ERp44 modulates the activity of inositol 1,4,5-triphosphate type I receptor (IP3R1), an intracellular channel protein that mediates calcium release from the ER to the cytosol [[cite:PUB00033487]]. Similar to PDI, the b domain of ERp44 is likely involved in binding to substrates. Interestingly, the interactions between ERp44 and client proteins are pH-dependent [[cite:PUB00091990]].</p>"
1;IPR041870;"doi:10.1016/j.cell.2021.04.011
imex:IM-29278
pubmed:33961781";Endoplasmic reticulum resident protein 44, first TRX-like domain b;"<p>This entry represents the first redox inactive TRX-like domain b found in endoplasmic reticulum resident protein 44 (ERp44).</p>; <p>ERp44 is an endoplasmic reticulum (ER)-resident protein that is induced during stress and retrieves some ER-resident enzymes and immature oligomers of secretory proteins from the Golgi [4]. It contains three thioredoxin (Trx)-like domains (a, b, and b'), followed by a C-terminal extension (C tail), with the domain a containing a unique CRFS motif whose cysteine (Cys29) forms mixed disulfide bonds with client proteins to promote their thiol-dependent retention [[cite:PUB00049229]]. Through these reversible mixed disulfides, ERp44 mediates the ER localisation of Ero1alpha, a protein that oxidizes protein disulfide isomerases into their active form [[cite:PUB00091989], [cite:PUB00092008]], and prevents the secretion of unassembled cargo proteins with unpaired cysteines. Additionally, ERp44 modulates the activity of inositol 1,4,5-triphosphate type I receptor (IP3R1), an intracellular channel protein that mediates calcium release from the ER to the cytosol [[cite:PUB00033487]]. Similar to PDI, the b domain of ERp44 is likely involved in binding to substrates. Interestingly, the interactions between ERp44 and client proteins are pH-dependent [[cite:PUB00091990]].</p>"
1;IPR037579;"doi:10.1038/nature22366
imex:IM-25778
pubmed:28514442";Fibrinogen/angiopoietin-like;"<p>This entry includes the alpha, beta and gamma chains of fibrinogen (FGA/B/G), Angiopoietin-1/2 (ANGPT1/2) and similar animal proteins.</p>

<p>This entry also includes Fibrinogen-like Protein 1 that is a major immune inhibitory ligand of Lymphocyte-activation gene 3  (LAG-3). Blockade of the FGL1-LAG-3 interaction by monoclonal antibodies was shown to stimulate tumor immunity and is therapeutic against established mouse tumors [[cite:PUB00153023]].</p>; <p>Fibrinogens are cleaved by thrombin to yield fibrins, which polymerize to form the insoluble fibrin clot which blocks sites of vascular injury, preventing further blood loss.  The clot is subsequently degraded by plasmin (fibrinolysis). There are three fibrinogens, alpha, beta and gamma [[cite:PUB00087268]].  Thrombin activates fibrinogen to release a fibrinopeptide [[cite:PUB00087270]].  The newly exposed N terminus forms an Glu-Lys isopeptide bond, which is stabilized by factor XIIIA [[cite:PUB00087271]].  Fibrinogen is also required for successful pregnancy, and in knockout mice fatal uterine bleeding occurs around the tenth day of gestation [[cite:PUB00087268]].</p>; <p>Several diseases are a result of mutations in the FGA gene, including congenital afibrinogenemia, resulting in a hemophilia which can be mild to severe [[cite:PUB00087272]]; amyloidosis 8, which causes extensive visceral amyloid deposits, renal amyloidosis and hypertension [[cite:PUB00087273]] and congenital dysfibrinogenemia [[cite:PUB00087274]].</p>; <p>ANGPT1 binds and activates the tyrosine kinase receptor TEK/TIE2 by inducing its dimerisation and tyrosine phosphorylation. It plays an important role in the regulation of angiogenesis, endothelial cell survival, proliferation, migration, adhesion and cell spreading, reorganization of the actin cytoskeleton, but also maintenance of vascular quiescence [[cite:PUB00155211], [cite:PUB00155213], [cite:PUB00155212], [cite:PUB00069531]]. ANGPT2 binds to TEK/TIE2, competing for the ANGPT1 binding site, and modulating ANGPT1 signalling [[cite:PUB00069531], [cite:PUB00142717], [cite:PUB00069451], [cite:PUB00155214]].</p>"
1;IPR020837;"doi:10.1038/nature22366
imex:IM-25778
pubmed:28514442";Fibrinogen, conserved site;"<p>Fibrinogen plays key roles in both blood clotting and platelet aggregation. During blood clot formation, the conversion of soluble fibrinogen to insoluble fibrin is triggered by thrombin, resulting in the polymerisation of fibrin, which forms a soft clot; this is then converted to a hard clot by factor XIIIA, which cross-links fibrin molecules. Platelet aggregation involves the binding of the platelet protein receptor integrin α(IIb)-β(3) to the C-terminal D domain of fibrinogen [[cite:PUB00016231]].  In addition to platelet aggregation, platelet-fibrinogen interaction mediates both adhesion and fibrin clot retraction.</p>; <p>This entry represents a conserved site in the C-terminal globular D domain of the alpha, beta and gamma chains.  These domains are related to domains in other proteins: in the Parastichopus parvimensis (Sea cucumber) fibrogen-like FreP-A and FreP-B proteins; in the C terminus of the Drosophila scabrous protein that is involved in the regulation of neurogenesis, possibly through the inhibition of R8 cell differentiation; and in ficolin proteins, which display lectin activity towards N-acetylglucosamine through their fibrogen-like domains [[cite:PUB00016234]].</p>"
1;IPR014716;"doi:10.1038/nature22366
imex:IM-25778
pubmed:28514442";Fibrinogen, alpha/beta/gamma chain, C-terminal globular, subdomain 1;"<p>Fibrinogen plays key roles in both blood clotting and platelet aggregation. During blood clot formation, the conversion of soluble fibrinogen to insoluble fibrin is triggered by thrombin, resulting in the polymerisation of fibrin, which forms a soft clot; this is then converted to a hard clot by factor XIIIA, which cross-links fibrin molecules. Platelet aggregation involves the binding of the platelet protein receptor integrin α(IIb)-β(3) to the C-terminal D domain of fibrinogen [[cite:PUB00016231]].  In addition to platelet aggregation, platelet-fibrinogen interaction mediates both adhesion and fibrin clot retraction.</p>; <p>This superfamily represents a subdomain of the C-terminal globular D domain found in fibrinogen alpha, beta and gamma chains, and related domains found in protein involved in protein or cell binding.</p>"
1;IPR036056;"doi:10.1038/nature22366
imex:IM-25778
pubmed:28514442";Fibrinogen-like, C-terminal;"<p>Fibrinogen plays key roles in both blood clotting and platelet aggregation. During blood clot formation, the conversion of soluble fibrinogen to insoluble fibrin is triggered by thrombin, resulting in the polymerisation of fibrin, which forms a soft clot; this is then converted to a hard clot by factor XIIIA, which cross-links fibrin molecules. Platelet aggregation involves the binding of the platelet protein receptor integrin α(IIb)-β(3) to the C-terminal D domain of fibrinogen [[cite:PUB00016231]].  In addition to platelet aggregation, platelet-fibrinogen interaction mediates both adhesion and fibrin clot retraction.</p>; <p>This entry represents the C-terminal globular D domain of the alpha, beta and gamma chains.  These domains are related to domains in other proteins: in the Parastichopus parvimensis (Sea cucumber) fibrogen-like FreP-A and FreP-B proteins; in the C terminus of the Drosophila scabrous protein that is involved in the regulation of neurogenesis, possibly through the inhibition of R8 cell differentiation; and in ficolin proteins, which display lectin activity towards N-acetylglucosamine through their fibrogen-like domains [[cite:PUB00016234]].</p>"
1;IPR002181;"doi:10.1038/nature22366
imex:IM-25778
pubmed:28514442";Fibrinogen, alpha/beta/gamma chain, C-terminal globular domain;"<p>This entry represents the C-terminal globular D domain of the alpha, beta and gamma chains.  These domains are related to domains in other proteins: in the Parastichopus parvimensis (Sea cucumber) fibrogen-like FreP-A and FreP-B proteins; in the C terminus of the Drosophila scabrous protein that is involved in the regulation of neurogenesis, possibly through the inhibition of R8 cell differentiation; and in ficolin proteins, which display lectin activity towards N-acetylglucosamine through their fibrogen-like domains [[cite:PUB00016234]].</p>; <p>Fibrinogen plays key roles in both blood clotting and platelet aggregation. During blood clot formation, the conversion of soluble fibrinogen to insoluble fibrin is triggered by thrombin, resulting in the polymerisation of fibrin, which forms a soft clot; this is then converted to a hard clot by factor XIIIA, which cross-links fibrin molecules. Platelet aggregation involves the binding of the platelet protein receptor integrin α(IIb)-β(3) to the C-terminal D domain of fibrinogen [[cite:PUB00016231]].  In addition to platelet aggregation, platelet-fibrinogen interaction mediates both adhesion and fibrin clot retraction.</p>"
1;IPR050209;"imex:IM-24977
pubmed:26885862";Membrane trafficking Rab GTPases;<p>The Rab family of small GTPases are key regulators of intracellular membrane trafficking, which encompasses the movement of vesicles between different cellular organelles and the plasma membrane. Members of this family cycle between an active GTP-bound state and an inactive GDP-bound state, enabling them to recruit various effectors responsible for vesicle formation, movement, tethering, and fusion [[cite:PUB00161368], [cite:PUB00163325], [cite:PUB00085174], [cite:PUB00163326]]. These proteins are involved in processes such as vesicular traffic, protein transport, endocytic recycling, cytokinesis, cell polarisation, and ciliogenesis initiation [[cite:PUB00163323], [cite:PUB00163324]]. They also play roles in the regulation of cell survival, invasive migration, epithelial morphogenesis, and the maintenance of organelle identity and morphology. Additionally, they are implicated in the maturation and acidification of phagosomes, autophagy, and the oxidative stress response.</p>
1;IPR005026;"doi:10.1038/nn.4594
imex:IM-26285
pubmed:28671696";SAPAP family;"<p>This entry represents the SAPAP family, whose members include mars from fruit flies and disks large-associated proteins from vertebrates.</p>

<p>Mars binds to microtubules and protein phosphatase 1. It is involved in cell signalling, mitotic spindle organisation and regulation of mitotic cell cycle [[cite:PUB00073095], [cite:PUB00073096]]. It is essential for the early development of Drosophila embryos [[cite:PUB00073095]].</p>"
1;IPR037357;"doi:10.1016/j.cell.2021.04.011
imex:IM-29278
pubmed:33961781";COMM domain-containing protein 5;<p>COMMD5 (also known as HCaRG) is a member of the COMMD family defined by the presence of a conserved and unique motif termed the COMM (copper metabolism gene MURR1) domain, which functions as an interface for protein-protein interactions [[cite:PUB00043133]]. It is a nuclear protein involved in the regulation of cell proliferation [[cite:PUB00013065]]. It is also a regulator of renal epithelial cell growth and differentiation causing G(2)M cell cycle arrest [[cite:PUB00086806]].</p>
1;IPR017920;"doi:10.1016/j.cell.2021.04.011
imex:IM-29278
pubmed:33961781";COMM domain;"<p>The leucine-rich, 70-85 amino acid long COMM domain is predicted to form a β-sheet [[cite:PUB00043133]].</p>; <p>COMM (copper metabolism gene MURR1) domain proteins constitute a family initially identified as interacting partners of COMMD1 (previously known as MURR1), the prototype member of this protein family. COMMD1 is a multifunctional protein that has been shown to participate in two apparently distinct activities, regulation of the transcription factor NF-kappa-B and control of copper metabolism. The family is defined by the presence of a C-terminal motif termed COMM domain, which functions as an interface for protein-protein interactions. The proteins designated as COMMD or COMM domain containing 1-10 are extensively conserved in multicellular eukaryotic organisms [[cite:PUB00043133], [cite:PUB00043745]].</p>"
1;IPR055409;"doi:10.1016/j.cell.2021.04.011
imex:IM-29278
pubmed:33961781";FAM234A/B, beta-propeller;<p>This entry represents the β-propeller domain found in FAM234A/B proteins from mammals and related sequences, whose function is unknown.</p>
1;IPR045232;"doi:10.1016/j.cell.2021.04.011
imex:IM-29278
pubmed:33961781";Protein FAM234;<p>This entry includes FAM234A/B from animals and Protein DEFECTIVE IN EXINE FORMATION 1 (DEX1) from Arabidopsis. The function of FAM234A/B is not clear. DEX1 is required for exine pattern formation during pollen development [[cite:PUB00098326]]. Rice DEX1 is a Ca2+ binding protein involved in regulating rice tapetal cell degradation and pollen formation [[cite:PUB00098579]].</p>
1;IPR011047;"doi:10.1016/j.cell.2021.04.011
imex:IM-29278
pubmed:33961781";Quinoprotein alcohol dehydrogenase-like superfamily;"<p>Quinoprotein alcohol dehydrogenases are a family of proteins found in methylotrophic or autotrophic bacteria. These quinoproteins use pyrroloquinoline quinone as their prosthetic group. There are three types of alcohol dehydrogenases: type I includes methanol dehydrogenase and ethanol dehydrogenase; type II includes soluble quinohaemoprotein with a C-terminal containing haem C; and type III includes quinoprotein alcohol dehydrogenase with a C-terminal cytochrome C domain [[cite:PUB00014164]]. These quinoproteins contain an 8-bladed β-propeller motif, which is present in the N-terminal domain of quinoprotein alcohol dehydrogenase, ethanol dehydrogenase, and the heavy chain (alpha subunit) of methanol dehydrogenase ([ec:1.1.99.8]) [[cite:PUB00014163], [cite:PUB00014162], [cite:PUB00014161]].</p>

<p>This entry represents quinoprotein alcohol dehydrogenases as well as some other proteins that share a similar structure, including WD repeat-containing protein and echinoderm microtubule-associated protein-like proteins.</p>"
1;IPR042921;"doi:10.1016/j.cell.2021.04.011
imex:IM-29278
pubmed:33961781";Cystatin-like 1;<p>The function of Cystatin-like 1 (CSTL1) is not clear.</p>
1;IPR012346;"imex:IM-15364
pubmed:21988832";p53/RUNT-type transcription factor, DNA-binding domain superfamily;<p>This DNA-binding domain superfamily is found in the p53 and the RUNT families of transcription factors. The DNA-binding domain acts to clamp or encircle the DNA target in order to stabilise the protein-DNA complex. This domain has an immunoglobulin-like fold consisting of a β-sandwich of 9 strands in two sheets with a Greek key topology [[cite:PUB00016331]].</p>
1;IPR008967;"imex:IM-15364
pubmed:21988832";p53-like transcription factor, DNA-binding domain superfamily;"<p>This domain superfamily is found in a number of transcription factors, including p53, NFATC, TonEBP, STAT-1, and NFkappaB, where it is responsible for DNA-binding.  These transcription factors play diverse roles in the regulation of cellular functions: the p53 tumour suppressor upregulates the expression of genes involved in cell cycle arrest and apoptosis [[cite:PUB00011797]]; NFATC regulates the production of effector proteins involved in coordinating the immune response [[cite:PUB00011799]]; TonEBP regulates gene expression induced by osmotic stress and helps regulate intracellular volume during cell growth [[cite:PUB00011802]]; STAT-1 plays an important role in B lymphocyte growth and function [[cite:PUB00011801]]; and NFkappaB is involved in the inflammatory response [[cite:PUB00011803]].  The DNA-binding domain acts to clamp, or in the case of TonEBP, encircle the DNA target in order to stabilise the protein-DNA complex [[cite:PUB00011800]].  Protein interactions may also serve to stabilise the protein-DNA complex, for example in the STAT-1 dimer the SH2 (Src homology 2) domain in each monomer is coupled to the DNA-binding domain to increase stability [[cite:PUB00011807]].  The DNA-binding domain consists of a β-sandwich formed of 9 strands in 2 sheets with a Greek-key topology. This structure is found in many transcription factors, often within the DNA-binding domain.</p>"
1;IPR057064;"imex:IM-15364
pubmed:21988832";p53, central conserved site;"<p>This entry represents a conserved stretch of 13 residues located in the central region of the p53. This region, known as domain IV in [[cite:PUB00004490]], is involved (along with an adjacent region) in the binding of the large T antigen of SV40. In homo sapiens, this region is the focus of a variety of point mutations in cancerous tumours. This entry also represents the central conserved site in related tumour proteins.</p>; <p>The p53 tumour suppressor [[cite:PUB00004096], [cite:PUB00000596], [cite:PUB00004490], [cite:PUB00001893], [cite:PUB00002729]] is a protein found in increased amounts in a wide variety of transformed cells. It is also detectable in many proliferating non-transformed cells, but it is undetectable or present at low levels in resting cells. It is frequently mutated or inactivated in many types of cancer. p53 seems to act as a tumour suppressor in some, but probably not all, tumour types. p53 has been implicated in cell cycle regulation, particularly in the monitoring of genomic DNA integrity prior to replication; for this reason it has been dubbed 'guardian of the genome'. p53 can be divided into different functional domains: an N-terminal transactivation domain ([interpro:IPR013872]), a proline-rich domain, a DNA-binding domain ([interpro:IPR008967]) which contains a conserved site ([interpro:IPR057064]), a tetramerisation domain ([interpro:IPR010991]) and a C-terminal regulatory region.</p>"
1;IPR002117;"imex:IM-15364
pubmed:21988832";p53 tumour suppressor family;"<p>This entry also includes the p53 family members p63 [[cite:PUB00059264]], p73 [[cite:PUB00059265]] and transcription factor cep-1 [[cite:PUB00059266]].</p>; <p>The p53 tumour suppressor [[cite:PUB00004096], [cite:PUB00000596], [cite:PUB00004490], [cite:PUB00001893], [cite:PUB00002729]] is a protein found in increased amounts in a wide variety of transformed cells. It is also detectable in many proliferating non-transformed cells, but it is undetectable or present at low levels in resting cells. It is frequently mutated or inactivated in many types of cancer. p53 seems to act as a tumour suppressor in some, but probably not all, tumour types. p53 has been implicated in cell cycle regulation, particularly in the monitoring of genomic DNA integrity prior to replication; for this reason it has been dubbed 'guardian of the genome'. p53 can be divided into different functional domains: an N-terminal transactivation domain ([interpro:IPR013872]), a proline-rich domain, a DNA-binding domain ([interpro:IPR008967]) which contains a conserved site ([interpro:IPR057064]), a tetramerisation domain ([interpro:IPR010991]) and a C-terminal regulatory region.</p>"
1;IPR037611;"imex:IM-15364
pubmed:21988832";Tumour protein p63, SAM domain;"<p>The transcription factor p63 shares protein sequence similarity with the tumour suppressor p53 [[cite:PUB00076567]]. It plays an important part in maintaining the progenitor basal cell populations in stratified epithelium [[cite:PUB00076568]]. It is also involved in heart development and human reproduction [[cite:PUB00076569]]. Two p63 isoforms, the ""trans-activating"" isoforms and ""truncated"" isoforms, have been identified in humans. These isoforms may have different roles in skin, heart and germ line [[cite:PUB00076569]].</p>; <p>This entry represents the SAM domain of tumour protein p63. SAM domain is a putative protein-protein interaction domain. Mutations in the SAM domain of p63 are found in AEC (ankyloblepharonectodermal dysplasia-clefting) syndrome patients [[cite:PUB00087382]].</p>"
1;IPR036674;"imex:IM-15364
pubmed:21988832";p53-like tetramerisation domain superfamily;"<p>This entry represents the tetramerisation domain of p53. The tetramerisation domain of human p53 extends from residues 325 to 356, and has a 4-helical bundle fold. The tetramerisation domain is essential for DNA binding, protein-protein interactions, post-translational modifications, and p53 degradation [[cite:PUB00014037], [cite:PUB00054382]].</p>; <p>This superfamily also includes the structural-related C-terminal SARAH (Salvador-RassF-Hippo) domain found in tumor suppressors such as Serine/threonine-protein kinase 4 (human Hippo homologue, Mst), Serine/threonine-protein kinase 3, Serine/threonine-protein kinase cst-1 and  Serine/threonine-protein kinase hippo, which is involved in dimerisation [[cite:PUB00097384]].</p>"
1;IPR011615;"imex:IM-15364
pubmed:21988832";p53, DNA-binding domain;"<p>This domain is found in p53 transcription factors, where it is responsible for DNA-binding.  The DNA-binding domain acts to clamp, or in the case of TonEBP, encircle the DNA target in order to stabilise the protein-DNA complex [[cite:PUB00011800]].  Protein interactions may also serve to stabilise the protein-DNA complex, for example in the STAT-1 dimer the SH2 (Src homology 2) domain in each monomer is coupled to the DNA-binding domain to increase stability [[cite:PUB00011807]].  The DNA-binding domain consists of a β-sandwich formed of 9 strands in 2 sheets with a Greek-key topology. This structure is found in many transcription factors, often within the DNA-binding domain.</p>; <p>The p53 tumour suppressor [[cite:PUB00004096], [cite:PUB00000596], [cite:PUB00004490], [cite:PUB00001893], [cite:PUB00002729]] is a protein found in increased amounts in a wide variety of transformed cells. It is also detectable in many proliferating non-transformed cells, but it is undetectable or present at low levels in resting cells. It is frequently mutated or inactivated in many types of cancer. p53 seems to act as a tumour suppressor in some, but probably not all, tumour types. p53 has been implicated in cell cycle regulation, particularly in the monitoring of genomic DNA integrity prior to replication; for this reason it has been dubbed 'guardian of the genome'. p53 can be divided into different functional domains: an N-terminal transactivation domain ([interpro:IPR013872]), a proline-rich domain, a DNA-binding domain ([interpro:IPR008967]) which contains a conserved site ([interpro:IPR057064]), a tetramerisation domain ([interpro:IPR010991]) and a C-terminal regulatory region.</p>"
1;IPR010991;"imex:IM-15364
pubmed:21988832";p53, tetramerisation domain;"<p>This entry represents the tetramerisation domain of p53. The tetramerisation domain of human p53 extends from residues 325 to 356, and has a 4-helical bundle fold. The tetramerisation domain is essential for DNA binding, protein-protein interactions, post-translational modifications, and p53 degradation [[cite:PUB00014037], [cite:PUB00054382]].</p>; <p>The p53 tumour suppressor [[cite:PUB00004096], [cite:PUB00000596], [cite:PUB00004490], [cite:PUB00001893], [cite:PUB00002729]] is a protein found in increased amounts in a wide variety of transformed cells. It is also detectable in many proliferating non-transformed cells, but it is undetectable or present at low levels in resting cells. It is frequently mutated or inactivated in many types of cancer. p53 seems to act as a tumour suppressor in some, but probably not all, tumour types. p53 has been implicated in cell cycle regulation, particularly in the monitoring of genomic DNA integrity prior to replication; for this reason it has been dubbed 'guardian of the genome'. p53 can be divided into different functional domains: an N-terminal transactivation domain ([interpro:IPR013872]), a proline-rich domain, a DNA-binding domain ([interpro:IPR008967]) which contains a conserved site ([interpro:IPR057064]), a tetramerisation domain ([interpro:IPR010991]) and a C-terminal regulatory region.</p>"
1;IPR051559;"imex:IM-22750
pubmed:26972000";Hypoxia-inducible factor prolyl hydroxylases;<p>The protein family includes prolyl hydroxylases that function as cellular oxygen sensors, catalyzing the post-translational formation of 4-hydroxyproline in hypoxia-inducible factor (HIF) alpha proteins under normoxic conditions. These enzymes hydroxylate specific proline residues within the oxygen-dependent degradation domains of HIF1A and HIF2A, leading to their proteasomal degradation via the von Hippel-Lindau ubiquitination complex. Under hypoxic conditions, the hydroxylation reaction is reduced, allowing HIFs to avoid degradation, translocate to the nucleus, heterodimerize with HIF1B, and increase the expression of hypoxia-inducible genes. The family plays a critical role in various physiological processes including hypoxia tolerance, apoptosis regulation in cardiac and skeletal muscle, neuronal death, cell cycle regulation, primary cilia formation, and the DNA damage response. Substrate selectivity is attributed to a characteristic Beta(2)beta(3) 'finger-like' loop domain.</p>
1;IPR006620;"imex:IM-22750
pubmed:26972000";Prolyl 4-hydroxylase, alpha subunit;<p>Mammalian prolyl 4-hydroxylase alpha catalyses the posttranslational formation of 4-hydroxyproline in -xaa-pro-gly-sequences in collagens and other proteins. Prokaryotic enzymes might catalyse hydroxylation of antibiotic peptides. These are 2-oxoglutarate-dependent dioxygenases, requiring 2-oxoglutarate and dioxygen as cosubstrates and ferrous iron as a cofactor [[cite:PUB00007742]].</p>
1;IPR044862;"imex:IM-22750
pubmed:26972000";Prolyl 4-hydroxylase alpha subunit, Fe(2+) 2OG dioxygenase domain;"<p>This entry represents the Fe(2) 2-oxoglutarate dioxygenase domain found in prolyl 4-hydroxylase alpha subunit 1/2/3 from animals and related proteins such as PKHD-type hydroxylase YbiX from bacteria.</p>

<p>The iron 2OG dioxygenase domain has a conserved β-barrel structure [[cite:PUB00040896]], which forms a double-stranded β-helix core fold that forms the predominant class of the cupin superfamily ('cupa' means a small barrel in Latin) [[cite:PUB00016787]]. Two histidines and an aspartate residue catalytically bind a metal ion, in general iron but in some cases another metal, directly involved in catalysis. A conserved arginine or lysine residue further near the C-terminal part acts as the basic residue that interacts with the acidic substrate.</p>; <p>Mammalian prolyl 4-hydroxylase alpha catalyses the posttranslational formation of 4-hydroxyproline in -xaa-pro-gly-sequences in collagens and other proteins. Prokaryotic enzymes might catalyse hydroxylation of antibiotic peptides. These are 2-oxoglutarate-dependent dioxygenases, requiring 2-oxoglutarate and dioxygen as cosubstrates and ferrous iron as a cofactor [[cite:PUB00007742]].</p>"
1;IPR005123;"imex:IM-22750
pubmed:26972000";Oxoglutarate/iron-dependent dioxygenase domain;"<p>Enzymes with the Fe(2+) and 2-oxoglutarate (2OG)-dependent dioxygenase domain typically catalyse the oxidation of an organic substrate using a dioxygen molecule, mostly by using ferrous iron as the active site cofactor and 2OG as a co-substrate which is decarboxylated to succinate and CO2 [[cite:PUB00007742]]. Iron 2OG dioxygenase domain proteins are widespread among eukaryotes and bacteria. In metazoans, prolyl hydroxylases containing the domain act as oxygen sensors and catalyse the hydroxylation of conserved prolyl residues in hypoxia-inducible transcription factor (HIF) alpha [[cite:PUB00040896], [cite:PUB00054927]]. In plants, Fe(II) 2OG dioxygenase domain enzymes catalyse the formation of plant hormones, such as ethylene, gibberellins, anthocyanidins and pigments such as flavones. In bacteria and fungi Fe(II) 2OG dioxygenase domain enzymes participate in the biosynthesis of antibiotics such as penicillin and cephalosporin. The eukaryotic and bacterial protein AlkB that also shows this structural domain is involved in DNA-repair [[cite:PUB00007742], [cite:PUB00057910]].</p>

<p>The iron 2OG dioxygenase domain has a conserved β-barrel structure [[cite:PUB00040896]], which forms a double-stranded β-helix core fold that forms the predominant class of the cupin superfamily ('cupa' means a small barrel in Latin) [[cite:PUB00016787]]. Two histidines and an aspartate residue catalytically bind a metal ion, in general iron but in some cases another metal, directly involved in catalysis. A conserved arginine or lysine residue further near the C-terminal part acts as the basic residue that interacts with the acidic substrate.</p>"
1;IPR018202;"doi:10.1016/j.cell.2021.04.011
imex:IM-29278
pubmed:33961781";Serine carboxypeptidase, serine active site;"<p>All known carboxypeptidases are either metallo carboxypeptidases or serine carboxypeptidases ([ec:3.4.16.5] and [ec:3.4.16.6]). The catalytic activity of the serine carboxypeptidases, like that of the trypsin family serine proteases, is provided by a charge relay system involving an aspartic acid residue hydrogen-bonded to a histidine, which is itself hydrogen-bonded to a serine [[cite:PUB00002615]]. Proteins known to be serine carboxypeptidases include:</p>

<ul>

<li>Barley and wheat serine carboxypeptidases I, II, and III [[cite:PUB00000792]].</li>

<li>Yeast carboxypeptidase Y (YSCY) (gene PRC1), a vacuolar protease involved in degrading small peptides.</li>

<li>Yeast KEX1 protease, involved in killer toxin and alpha-factor precursor processing.</li>

<li>Fission yeast sxa2, a probable carboxypeptidase involved in degrading or processing mating pheromones [[cite:PUB00003678]].</li>

<li>Penicillium janthinellum carboxypeptidase S1 [[cite:PUB00001667]].</li>

<li>Aspergullus niger carboxypeptidase pepF.</li>

<li>Aspergullus satoi carboxypeptidase cpdS.</li>

<li>Vertebrate protective protein / cathepsin A [[cite:PUB00002648]], a lysosomal protein which is not only a carboxypeptidase but also essential for the activity of both beta-galactosidase and neuraminidase.</li>

<li>Mosquito vitellogenic carboxypeptidase (VCP) [[cite:PUB00004727]].</li>

<li>Naegleria fowleri virulence-related protein Nf314 [[cite:PUB00002027]].</li>

<li>Yeast hypothetical protein YBR139w.</li>

<li>Caenorhabditis elegans hypothetical proteins C08H9.1, F13D12.6, F32A5.3, F41C3.5 and K10B2.2.</li>

</ul>

<p>In higher plants and fungi serine carboxypeptidases are found in the cell vacuoles. In animal cells serine carboxypeptidases are found lysosomes [[cite:PUB00094584]].</p>

<p>The sequences surrounding the active site histidine residue are highly conserved in all these serine carboxypeptidases.</p>"
1;IPR001563;"doi:10.1016/j.cell.2021.04.011
imex:IM-29278
pubmed:33961781";Peptidase S10, serine carboxypeptidase;"<p>This group of serine peptidases belong to MEROPS peptidase family S10 (clan SC). The type example is carboxypeptidase Y from Saccharomyces cerevisiae (Baker's yeast) [[cite:PUB00003576]].</p>

<p>All known carboxypeptidases are either metallo carboxypeptidases or serine carboxypeptidases ([ec:3.4.16.5] and [ec:3.4.16.6]). The catalytic activity of the serine carboxypeptidases, like that of the trypsin family serine proteases, is provided by a charge relay system involving an aspartic acid residue hydrogen-bonded to a histidine, which is itself hydrogen-bonded to a serine [[cite:PUB00002615]]. The sequences surrounding the active site serine and histidine residues are highly conserved in all the serine carboxypeptidases.</p>"
1;IPR013098;"doi:10.1016/j.cell.2021.04.011
imex:IM-29278
pubmed:33961781";Immunoglobulin I-set;"<p>This entry represents I-set domains, which are found in several cell adhesion molecules, including vascular (VCAM), intercellular (ICAM), neural (NCAM) and mucosal addressin (MADCAM) cell adhesion molecules, as well as junction adhesion molecules (JAM). I-set domains are also present in several other diverse protein families, including several tyrosine-protein kinase receptors, the hemolymph protein hemolin, the muscle proteins titin, telokin, and twitchin, the neuronal adhesion molecule axonin-1 [[cite:PUB00024043]], and the Zwei Ig domain proteins zig involved in the postembriogenic neuronal soma and axon position maintenance [[cite:PUB00094313], [cite:PUB00086969]].</p>; <p>The basic structure of immunoglobulin (Ig) molecules is a tetramer of two light chains and two heavy chains linked by disulphide bonds. There are two types of light chains: kappa and lambda, each composed of a constant domain (CL) and a variable domain (VL). There are five types of heavy chains: alpha, delta, epsilon, gamma and mu, all consisting of a variable domain (VH) and three (in alpha, delta and gamma) or four (in epsilon and mu) constant domains (CH1 to CH4). Ig molecules are highly modular proteins, in which the variable and constant domains have clear, conserved sequence patterns. The domains in Ig and Ig-like molecules are grouped into four types: V-set (variable; [interpro:IPR013106]), C1-set (constant-1; [interpro:IPR003597]), C2-set (constant-2; [interpro:IPR008424]) and I-set (intermediate; [interpro:IPR013098]) [[cite:PUB00014840]]. Structural studies have shown that these domains share a common core Greek-key β-sandwich structure, with the types differing in the number of strands in the β-sheets as well as in their sequence patterns [[cite:PUB00015110], [cite:PUB00010610]].</p>

<p>Immunoglobulin-like domains that are related in both sequence and structure can be found in several diverse protein families. Ig-like domains are involved in a variety of functions, including cell-cell recognition, cell-surface receptors, muscle structure and the immune system [[cite:PUB00027656]].</p>"
1;IPR050541;"doi:10.1016/j.cell.2021.04.011
imex:IM-29278
pubmed:33961781";Leucine-rich repeat and transmembrane domain-containing protein;<p>This family of proteins includes a variety of members with diverse functions, primarily involved in cellular signaling, synaptic adhesion, and regulation of neuronal activity. Some act as inhibitors, such as those that inhibit TGF-beta signaling or phospholipase A2 activity. Others are involved in the immune response, bone homeostasis, and regulation of the JAK/STAT pathway. Notably, several members function as receptors that mediate axonal growth inhibition and neuronal plasticity, interacting with ligands like RTN4, OMG, and MAG, and are implicated in brain development and synaptic organization. Additionally, some proteins in this family are involved in the negative regulation of viral infection and in the formation of platelet plugs.</p>
1;IPR026081;"imex:IM-26801
pubmed:31413325";Disrupted in schizophrenia 1;"<p>Disrupted-In-Schizophrenia 1 (DISC1) was identified as a novel gene disrupted by a (1;11)(q42.1;q14.3) translocation segregating with schizophrenia, bipolar disorder and other major mental illnesses in a Scottish family [[cite:PUB00059972], [cite:PUB00059973]].</p>"
1;IPR011992;"doi:10.1016/j.cell.2021.04.011
imex:IM-29278
pubmed:33961781";EF-hand domain pair;"<p>This domain superfamily consists of a duplication of two EF-hand units, where each unit is composed of two helices connected by a twelve-residue calcium-binding loop. The calcium ion in the EF-hand loop is coordinated in a pentagonal bipyramidal configuration. Many calcium-binding proteins contain an EF-hand-type calcium-binding domain [[cite:PUB00014021], [cite:PUB00014022]]. These include calbindin D9K; S100 proteins such as calcyclin, polcalcin phl p 7 (a calcium-binding pollen allergen), osteonectin, parvalbumin, and calmodulin [[cite:PUB00014032]] family of proteins (troponin C, caltractin, cdc4p, myosin essential chain, calcineurin, recoverin, and neurocalcin); the plasmodial-specific CaII-binding protein Cbp40; penta-EF-Hand proteins [[cite:PUB00014023]] (sorcin, grancalcin, and calpain); as well as multidomain proteins such as phosphoinositide-specific phospholipase C, dystrophin, Cb1, and alpha-actinin. The fold consists of four helices and an open array of two hairpins.</p>"
1;IPR046357;"doi:10.1016/j.cell.2021.04.011
imex:IM-29278
pubmed:33961781";Peptidyl-prolyl cis-trans isomerase domain superfamily;"<p>This superfamily represents the peptidyl-prolyl cis-trans isomerase domain found in a wide range of proteins, including trigger factor [[cite:PUB00038013], [cite:PUB00099906]], FK506-binding proteins [[cite:PUB00025822], [cite:PUB00034622]], proteins from the parvulin family such as Par10 from E.coli, Pin1 and Par14 from human or Pin from plants [[cite:PUB00028754]], chaperone SurA [[cite:PUB00028929], [cite:PUB00099907]] and foldase protein PrsA [[cite:PUB00053986]]. This domain catalyses cis/trans isomerization of peptidyl-prolyl bonds, which is often rate-limiting for protein folding.</p>

<p>This domain consists of a flattened β-barrel of four/six-stranded, antiparallel sheets, surrounded by four/six α-helices.</p>"
1;IPR052273;"doi:10.1016/j.cell.2021.04.011
imex:IM-29278
pubmed:33961781";Peptidyl-prolyl cis-trans isomerase FKBP;<p>This family of proteins functions as peptidyl-prolyl cis-trans isomerases (PPIases) that catalyze the isomerization of proline imidic peptide bonds in oligopeptides, which is a rate-limiting step in protein folding. These enzymes are known to facilitate the proper folding of proteins during synthesis. Members of this family exhibit a specificity for substrates that have proline or hydroxyproline residues, such as certain types of collagen. They are also subject to inhibition by immunosuppressive drugs like tacrolimus, also known as FK506.</p>
1;IPR002048;"doi:10.1016/j.cell.2021.04.011
imex:IM-29278
pubmed:33961781";EF-hand domain;"<p>Many calcium-binding proteins belong to the same evolutionary family and share a type of calcium-binding domain known as the EF-hand. This type of domain consists of a twelve residue loop flanked on both sides by a twelve residue α-helical domain. In an EF-hand loop the calcium ion is coordinated in a pentagonal bipyramidal configuration. The six residues involved in the binding are in positions 1, 3, 5, 7, 9 and 12; these residues are denoted by X, Y, Z, -Y, -X and -Z. The invariant Glu or Asp at position 12 provides two oxygens for liganding Ca (bidentate ligand). Ca2 binding induces a conformational change in the EF-hand motif, leading to the activation or inactivation of target proteins. EF-hands tend to occur in pairs or higher copy numbers [[cite:PUB00023349], [cite:PUB00081528], [cite:PUB00004973], [cite:PUB00081532], [cite:PUB00081536]].</p>"
1;IPR018247;"doi:10.1016/j.cell.2021.04.011
imex:IM-29278
pubmed:33961781";EF-Hand 1, calcium-binding site;"<p>This entry represents the complete EF-hand loop as well as the first residue which follows the loop and which seem to always be hydrophobic. Interestingly, positions 1 (X), 3 (Y) and 12 (-Z) are the most conserved. The 6th residue in an EF-hand loop is, in most cases a Gly, but the number of exceptions to this 'rule' has gradually increased, therefore, this signature pattern includes all the different residues which have been shown to exist in this position in functional Ca-binding sites. The pattern is known, in some cases, to miss one of the EF-hand regions in some proteins with multiple EF-hand domains.</p>; <p>Many calcium-binding proteins belong to the same evolutionary family and share a type of calcium-binding domain known as the EF-hand. This type of domain consists of a twelve residue loop flanked on both sides by a twelve residue α-helical domain. In an EF-hand loop the calcium ion is coordinated in a pentagonal bipyramidal configuration. The six residues involved in the binding are in positions 1, 3, 5, 7, 9 and 12; these residues are denoted by X, Y, Z, -Y, -X and -Z. The invariant Glu or Asp at position 12 provides two oxygens for liganding Ca (bidentate ligand). Ca2 binding induces a conformational change in the EF-hand motif, leading to the activation or inactivation of target proteins. EF-hands tend to occur in pairs or higher copy numbers [[cite:PUB00023349], [cite:PUB00081528], [cite:PUB00004973], [cite:PUB00081532], [cite:PUB00081536]].</p>"
1;IPR001179;"doi:10.1016/j.cell.2021.04.011
imex:IM-29278
pubmed:33961781";FKBP-type peptidyl-prolyl cis-trans isomerase domain;"<p>FKBP-type peptidylprolyl isomerases ([ec:5.2.1.8]) in vertebrates, are receptors for the two immunosuppressants, FK506 and rapamycin. The drugs inhibit T cell proliferation by arresting two distinct cytoplasmic signal transmission pathways. Peptidylprolyl isomerases accelerate protein folding by catalysing the cis-trans isomerisation of proline imidic peptide bonds in oligopeptides. These proteins are found in a variety of organisms [[cite:PUB00083171]].</p>

<p>This entry represents a domain found in FKBP-type peptidylprolyl isomerases.</p>"
1;IPR040694;"doi:10.1038/nature22366
imex:IM-25778
pubmed:28514442";UGGT, thioredoxin-like domain 2;<p>This is the second out of four TRXL (thioredoxin-like) domains found in UDP-glucose:glycoprotein glucosyltransferase (UGGT)[[cite:PUB00091129]].</p>
1;IPR029044;"doi:10.1038/nature22366
imex:IM-25778
pubmed:28514442";Nucleotide-diphospho-sugar transferases;<p>The biosynthesis of disaccharides, oligosaccharides and polysaccharides involves the action of hundreds of different glycosyltransferases. These enzymes catalyse the transfer of sugar moieties from activated donor molecules to specific acceptor molecules, forming glycosidic bonds. A classification of glycosyltransferases using nucleotide diphospho-sugar, nucleotide monophospho-sugar and sugar phosphates ([ec:2.4.1.-]) and related proteins into distinct sequence-based families has been described [[cite:PUB00009409]]. This classification is available on the CAZy (CArbohydrate-Active EnZymes) website. The same three-dimensional fold is expected to occur within each of the families. Because 3-D structures are better conserved than sequences, several of the families defined on the basis of sequence similarities may have similar 3-D structures and therefore form 'clans'.</p>
1;IPR009448;"doi:10.1038/nature22366
imex:IM-25778
pubmed:28514442";UDP-glucose:Glycoprotein Glucosyltransferase;<p>The N-terminal region of this group of proteins is required for correct folding of the ER UDP-Glc: glucosyltransferase. These proteins selectively reglucosylates unfolded glycoproteins, thus providing quality control for protein transport out of the ER. Unfolded, denatured glycoproteins are substantially better substrates for glucosylation by this enzyme than are the corresponding native proteins. This protein and transient glucosylation may be involved in monitoring and/or assisting the folding and assembly of newly made glycoproteins, in order to identify glycoproteins that need assistance in folding from chaperones</p>
1;IPR040692;"doi:10.1038/nature22366
imex:IM-25778
pubmed:28514442";UGGT, thioredoxin-like domain 3;<p>This is the third out of four TRXL (thioredoxin-like) domains found in UDP-glucose:glycoprotein glucosyltransferase (UGGT)[[cite:PUB00091129]].</p>
1;IPR040525;"doi:10.1038/nature22366
imex:IM-25778
pubmed:28514442";UDP-glucose:glycoprotein glucosyltransferase, thioredoxin-like domain 4;<p>This is the fourth TRXL (thioredoxin-like) domain found in UDP-glucose:glycoprotein glucosyltransferase (UGGT) [[cite:PUB00091129]].</p>
1;IPR040497;"doi:10.1038/nature22366
imex:IM-25778
pubmed:28514442";Glucosyltransferase 24, catalytic domain;<p>This is the catalytic domain found in UDP-glucose:glycoprotein glucosyltransferase (UGGT). This domain belongs to glucosyltransferase 24 family (GT24) A-type domain. The GT domain displays the expected glycosyltransferase type A (GT-A) fold [[cite:PUB00091129]].</p>
1;IPR040693;"doi:10.1038/nature22366
imex:IM-25778
pubmed:28514442";UGGT, thioredoxin-like domain 1;<p>This is one of four TRXL (thioredoxin-like) domains found in UDP-glucose:glycoprotein glucosyltransferase (UGGT) [[cite:PUB00091129]].</p>
1;IPR024845;"doi:10.1016/j.cell.2021.04.011
imex:IM-29278
pubmed:33961781";Actin remodeling regulator NHS-like;"<p>Nance-Horan syndrome is an X-linked disorder characterised by congenital cataracts, dental anomalies, dysmorphic features, and, in some cases, mental disabilities [[cite:PUB00056664]]. The syndrome is caused by defects in the NHS gene [[cite:PUB00056663]], which appears to play a key role in the regulation of eye, tooth, brain, and craniofacial development [[cite:PUB00056664]]. It may function in cell morphology by maintaining the integrity of the circumferential actin ring and controlling lamellipodia formation [[cite:PUB00101114]]. However, the protein's exact function is unknown.</p>

<p>This entry represents the NHS protein family, which includes Actin remodeling regulator NHS, as well as NHS-like proteins 1, 2 and 3. NHSL3, also known as KIAA1522, has been proposed as a novel prognostic biomarker in patients with non-small cell lung cancer [[cite:PUB00151901]].</p>"
1;IPR021109;"imex:IM-17346
psi-mi:""MI:0007""
pubmed:22190034";Aspartic peptidase domain superfamily;"<p>This domain superfamily is found in aspartic peptidases, including pepsin A and other peptidase A1 family members, the yeast DNA-damage inducible protein 1 (Ddi1) (MEROPS peptidase subfamily A28A), animal retroviral-like aspartic protease (SASPase; MEROPS peptidase subfamily A28B) and Caulobacter PerP peptidase (MEROPS peptidase family A32). The tertiary structure shows a retropepsin-like fold and the peptidase is active as a homodimer [[cite:PUB00041573]].</p>; <p>Aspartic peptidases, also known as aspartyl proteases ([ec:3.4.23.-]), are widely distributed proteolytic enzymes [[cite:PUB00001330], [cite:PUB00000093], [cite:PUB00000349]] known to exist in vertebrates, fungi, plants, protozoa, bacteria, archaea, retroviruses and some plant viruses. All known aspartic peptidases are endopeptidases. A water molecule, activated by two aspartic acid residues, acts as the nucleophile in catalysis. Aspartic peptidases can be grouped into five clans, each of which shows a unique structural fold [[cite:PUB00000522]].</p>

<ul>
<li>Peptidases in clan AA are either bilobed (family A1 or the pepsin family) or are a homodimer (all other families in the clan, including retropepsin from HIV-1/AIDS) [[cite:PUB00042504]]. Each lobe consists of a single domain with a closed β-barrel and each lobe contributes one Asp to form the active site. Most peptidases in the clan are inhibited by the naturally occurring small-molecule inhibitor pepstatin [[cite:PUB00076784]].</li>
<li>Clan AC contains the single family A8: the signal peptidase 2 family. Members of the family are found in all bacteria. Signal peptidase 2 processes the premurein precursor, removing the signal peptide. The peptidase has four transmembrane domains and the active site is on the periplasmic side of the cell membrane. Cleavage occurs on the amino side of a cysteine where the thiol group has been substituted by a diacylglyceryl group. Site-directed mutagenesis has identified two essential aspartic acid residues which occur in the motifs GNXXDRX and FNXAD (where X is a hydrophobic residue) [[cite:PUB00076785]]. No tertiary structures have been solved for any member of the family, but because of the intramembrane location, the structure is assumed not to be pepsin-like.</li>
<li>Clan AD contains two families of transmembrane endopeptidases: A22 and A24. These are also known as ""GXGD peptidases"" because of a common GXGD motif which includes one of the pair of catalytic aspartic acid residues. Structures are known for members of both families and show a unique, common fold with up to nine transmembrane regions [[cite:PUB00066803]]. The active site aspartic acids are located within a large cavity in the membrane into which water can gain access [[cite:PUB00065205]].</li>
<li>Clan AE contains two families, A25 and A31. Tertiary structures have been solved for members of both families and show a common fold consisting of an α-β-α sandwich, in which the β sheet is five stranded [[cite:PUB00011023], [cite:PUB00021296]].</li>
<li>Clan AF contains the single family A26. Members of the clan are membrane-proteins with a unique fold. Homologues are known only from bacteria. The structure of omptin (also known as OmpT) shows a cylindrical barrel containing ten β strands inserted in the membrane with the active site residues on the outer surface [[cite:PUB00011707]].</li>
<li>There are two families of aspartic peptidases for which neither structure nor active site residues are known and these are not assigned to clans. Family A5 includes thermopsin, an endopeptidase found only in thermophilic archaea. Family A36 contains sporulation factor SpoIIGA, which is known to process and activate sigma factor E, one of the transcription factors that controls sporulation in bacteria [[cite:PUB00076786]].</li>
</ul>"
1;IPR001969;"imex:IM-17346
psi-mi:""MI:0007""
pubmed:22190034";Aspartic peptidase, active site;"<p>This entry represents the active site residues which are conserved in eukaryotic and viral aspartyl proteases.</p>; <p>Aspartic peptidase, also known as aspartyl proteases ([ec:3.4.23.-]) are a widely distributed family of proteolytic enzymes [[cite:PUB00001330], [cite:PUB00000093], [cite:PUB00000349]] known to exist in vertebrates, fungi, plants, retroviruses and some plant viruses. Aspartate proteases of eukaryotes are monomeric enzymes which consist of two domains. Each domain contains an active site centred on a catalytic aspartyl residue. The two domains most probably evolved from the duplication of an ancestral gene encoding a primordial domain. Currently known eukaryotic aspartyl proteases are:</p>
<ul>
<li>Vertebrate gastric pepsins A and C (also known as gastricsin).
    Vertebrate chymosin (rennin), involved in digestion and used for making cheese.</li>
<li>Vertebrate lysosomal cathepsins D (EC 3.4.23.5) and E (EC 3.4.23.34).</li>
<li>Mammalian renin (EC 3.4.23.15) whose function is to generate angiotensin I from angiotensinogen in the plasma.</li>
<li>Fungal proteases such as aspergillopepsin A (EC 3.4.23.18), candidapepsin (EC 3.4.23.24), mucoropepsin (EC 3.4.23.23) (mucor rennin), endothiapepsin (EC 3.4.23.22), polyporopepsin (EC 3.4.23.29), and rhizopuspepsin (EC 3.4.23.21).</li>
<li>Yeast saccharopepsin (EC 3.4.23.25) (proteinase A) (gene PEP4). PEP4 is implicated in posttranslational regulation of vacuolar hydrolases.</li>
<li>Yeast barrierpepsin (EC 3.4.23.35) (gene BAR1); a protease that cleaves alpha-factor and thus acts as an antagonist of the mating pheromone.</li>
<li>Fission yeast sxa1 which is involved in degrading or processing the mating pheromones.</li>
</ul>; <p>Aspartic peptidases, also known as aspartyl proteases ([ec:3.4.23.-]), are widely distributed proteolytic enzymes [[cite:PUB00001330], [cite:PUB00000093], [cite:PUB00000349]] known to exist in vertebrates, fungi, plants, protozoa, bacteria, archaea, retroviruses and some plant viruses. All known aspartic peptidases are endopeptidases. A water molecule, activated by two aspartic acid residues, acts as the nucleophile in catalysis. Aspartic peptidases can be grouped into five clans, each of which shows a unique structural fold [[cite:PUB00000522]].</p>

<ul>
<li>Peptidases in clan AA are either bilobed (family A1 or the pepsin family) or are a homodimer (all other families in the clan, including retropepsin from HIV-1/AIDS) [[cite:PUB00042504]]. Each lobe consists of a single domain with a closed β-barrel and each lobe contributes one Asp to form the active site. Most peptidases in the clan are inhibited by the naturally occurring small-molecule inhibitor pepstatin [[cite:PUB00076784]].</li>
<li>Clan AC contains the single family A8: the signal peptidase 2 family. Members of the family are found in all bacteria. Signal peptidase 2 processes the premurein precursor, removing the signal peptide. The peptidase has four transmembrane domains and the active site is on the periplasmic side of the cell membrane. Cleavage occurs on the amino side of a cysteine where the thiol group has been substituted by a diacylglyceryl group. Site-directed mutagenesis has identified two essential aspartic acid residues which occur in the motifs GNXXDRX and FNXAD (where X is a hydrophobic residue) [[cite:PUB00076785]]. No tertiary structures have been solved for any member of the family, but because of the intramembrane location, the structure is assumed not to be pepsin-like.</li>
<li>Clan AD contains two families of transmembrane endopeptidases: A22 and A24. These are also known as ""GXGD peptidases"" because of a common GXGD motif which includes one of the pair of catalytic aspartic acid residues. Structures are known for members of both families and show a unique, common fold with up to nine transmembrane regions [[cite:PUB00066803]]. The active site aspartic acids are located within a large cavity in the membrane into which water can gain access [[cite:PUB00065205]].</li>
<li>Clan AE contains two families, A25 and A31. Tertiary structures have been solved for members of both families and show a common fold consisting of an α-β-α sandwich, in which the β sheet is five stranded [[cite:PUB00011023], [cite:PUB00021296]].</li>
<li>Clan AF contains the single family A26. Members of the clan are membrane-proteins with a unique fold. Homologues are known only from bacteria. The structure of omptin (also known as OmpT) shows a cylindrical barrel containing ten β strands inserted in the membrane with the active site residues on the outer surface [[cite:PUB00011707]].</li>
<li>There are two families of aspartic peptidases for which neither structure nor active site residues are known and these are not assigned to clans. Family A5 includes thermopsin, an endopeptidase found only in thermophilic archaea. Family A36 contains sporulation factor SpoIIGA, which is known to process and activate sigma factor E, one of the transcription factors that controls sporulation in bacteria [[cite:PUB00076786]].</li>
</ul>"
1;IPR034170;"imex:IM-17346
psi-mi:""MI:0007""
pubmed:22190034";Retropepsin-like catalytic domain;"<p>This entry represents the peptidase domain found in a group of retropepsin-like aspartic endopeptidases from retroviruses, retrotransposons and retroelements. This group of aspartic peptidases is classified by MEROPS as the peptidase family A2 (retropepsin family, clan AA), subfamily A2A [[cite:PUB00003578]]. Proteins containing this domain include retropepsins from human immunodeficiency viruses (MEROPS identifiers A02.001, A02.002) [[cite:PUB00038904]], Mason-Pfizer leukemia virus (A02.009), Rous sarcoma virus (A02.015), intracisternal A-particle (A02.016) [[cite:PUB00082805]], and ""endogenous viruses"" from human (A02.011) [[cite:PUB00081351]], rabbit (A02.024) and mouse (A02.060).</p>"
1;IPR018061;"imex:IM-17346
psi-mi:""MI:0007""
pubmed:22190034";Retropepsins;"<p>This group of aspartic peptidases belong to the peptidase clan AA.  The clan includes the single domain aspartic proteases from retroviruses, retrotransposons, and badnaviruses (plant dsDNA viruses) which are active as homodimers.   While fungal and mammalian pepsins are bilobal proteins with structurally related N- and C-termini, retropepsins are half as long as their fungal and mammalian counterparts. The monomers are structurally related to one lobe of the pepsin molecule and retropepsins function as homodimers. The active site aspartate occurs within a motif (Asp-Thr/Ser-Gly), as it does in pepsin [[cite:PUB00000349], [cite:PUB00032703]].</p>; <p>Aspartic peptidases, also known as aspartyl proteases ([ec:3.4.23.-]), are widely distributed proteolytic enzymes [[cite:PUB00001330], [cite:PUB00000093], [cite:PUB00000349]] known to exist in vertebrates, fungi, plants, protozoa, bacteria, archaea, retroviruses and some plant viruses. All known aspartic peptidases are endopeptidases. A water molecule, activated by two aspartic acid residues, acts as the nucleophile in catalysis. Aspartic peptidases can be grouped into five clans, each of which shows a unique structural fold [[cite:PUB00000522]].</p>

<ul>
<li>Peptidases in clan AA are either bilobed (family A1 or the pepsin family) or are a homodimer (all other families in the clan, including retropepsin from HIV-1/AIDS) [[cite:PUB00042504]]. Each lobe consists of a single domain with a closed β-barrel and each lobe contributes one Asp to form the active site. Most peptidases in the clan are inhibited by the naturally occurring small-molecule inhibitor pepstatin [[cite:PUB00076784]].</li>
<li>Clan AC contains the single family A8: the signal peptidase 2 family. Members of the family are found in all bacteria. Signal peptidase 2 processes the premurein precursor, removing the signal peptide. The peptidase has four transmembrane domains and the active site is on the periplasmic side of the cell membrane. Cleavage occurs on the amino side of a cysteine where the thiol group has been substituted by a diacylglyceryl group. Site-directed mutagenesis has identified two essential aspartic acid residues which occur in the motifs GNXXDRX and FNXAD (where X is a hydrophobic residue) [[cite:PUB00076785]]. No tertiary structures have been solved for any member of the family, but because of the intramembrane location, the structure is assumed not to be pepsin-like.</li>
<li>Clan AD contains two families of transmembrane endopeptidases: A22 and A24. These are also known as ""GXGD peptidases"" because of a common GXGD motif which includes one of the pair of catalytic aspartic acid residues. Structures are known for members of both families and show a unique, common fold with up to nine transmembrane regions [[cite:PUB00066803]]. The active site aspartic acids are located within a large cavity in the membrane into which water can gain access [[cite:PUB00065205]].</li>
<li>Clan AE contains two families, A25 and A31. Tertiary structures have been solved for members of both families and show a common fold consisting of an α-β-α sandwich, in which the β sheet is five stranded [[cite:PUB00011023], [cite:PUB00021296]].</li>
<li>Clan AF contains the single family A26. Members of the clan are membrane-proteins with a unique fold. Homologues are known only from bacteria. The structure of omptin (also known as OmpT) shows a cylindrical barrel containing ten β strands inserted in the membrane with the active site residues on the outer surface [[cite:PUB00011707]].</li>
<li>There are two families of aspartic peptidases for which neither structure nor active site residues are known and these are not assigned to clans. Family A5 includes thermopsin, an endopeptidase found only in thermophilic archaea. Family A36 contains sporulation factor SpoIIGA, which is known to process and activate sigma factor E, one of the transcription factors that controls sporulation in bacteria [[cite:PUB00076786]].</li>
</ul>"
1;IPR001995;"imex:IM-17346
psi-mi:""MI:0007""
pubmed:22190034";Peptidase A2A, retrovirus, catalytic;"<p>This group of aspartic peptidases belong to the peptidase clan AA.  The clan includes the single domain aspartic proteases from retroviruses, retrotransposons, and badnaviruses (plant dsDNA viruses) which are active as homodimers.   While fungal and mammalian pepsins are bilobal proteins with structurally related N- and C-termini, retropepsins are half as long as their fungal and mammalian counterparts. The monomers are structurally related to one lobe of the pepsin molecule and retropepsins function as homodimers. The active site aspartate occurs within a motif (Asp-Thr/Ser-Gly), as it does in pepsin [[cite:PUB00000349], [cite:PUB00032703]].</p>; <p>Aspartic peptidases, also known as aspartyl proteases ([ec:3.4.23.-]), are widely distributed proteolytic enzymes [[cite:PUB00001330], [cite:PUB00000093], [cite:PUB00000349]] known to exist in vertebrates, fungi, plants, protozoa, bacteria, archaea, retroviruses and some plant viruses. All known aspartic peptidases are endopeptidases. A water molecule, activated by two aspartic acid residues, acts as the nucleophile in catalysis. Aspartic peptidases can be grouped into five clans, each of which shows a unique structural fold [[cite:PUB00000522]].</p>

<ul>
<li>Peptidases in clan AA are either bilobed (family A1 or the pepsin family) or are a homodimer (all other families in the clan, including retropepsin from HIV-1/AIDS) [[cite:PUB00042504]]. Each lobe consists of a single domain with a closed β-barrel and each lobe contributes one Asp to form the active site. Most peptidases in the clan are inhibited by the naturally occurring small-molecule inhibitor pepstatin [[cite:PUB00076784]].</li>
<li>Clan AC contains the single family A8: the signal peptidase 2 family. Members of the family are found in all bacteria. Signal peptidase 2 processes the premurein precursor, removing the signal peptide. The peptidase has four transmembrane domains and the active site is on the periplasmic side of the cell membrane. Cleavage occurs on the amino side of a cysteine where the thiol group has been substituted by a diacylglyceryl group. Site-directed mutagenesis has identified two essential aspartic acid residues which occur in the motifs GNXXDRX and FNXAD (where X is a hydrophobic residue) [[cite:PUB00076785]]. No tertiary structures have been solved for any member of the family, but because of the intramembrane location, the structure is assumed not to be pepsin-like.</li>
<li>Clan AD contains two families of transmembrane endopeptidases: A22 and A24. These are also known as ""GXGD peptidases"" because of a common GXGD motif which includes one of the pair of catalytic aspartic acid residues. Structures are known for members of both families and show a unique, common fold with up to nine transmembrane regions [[cite:PUB00066803]]. The active site aspartic acids are located within a large cavity in the membrane into which water can gain access [[cite:PUB00065205]].</li>
<li>Clan AE contains two families, A25 and A31. Tertiary structures have been solved for members of both families and show a common fold consisting of an α-β-α sandwich, in which the β sheet is five stranded [[cite:PUB00011023], [cite:PUB00021296]].</li>
<li>Clan AF contains the single family A26. Members of the clan are membrane-proteins with a unique fold. Homologues are known only from bacteria. The structure of omptin (also known as OmpT) shows a cylindrical barrel containing ten β strands inserted in the membrane with the active site residues on the outer surface [[cite:PUB00011707]].</li>
<li>There are two families of aspartic peptidases for which neither structure nor active site residues are known and these are not assigned to clans. Family A5 includes thermopsin, an endopeptidase found only in thermophilic archaea. Family A36 contains sporulation factor SpoIIGA, which is known to process and activate sigma factor E, one of the transcription factors that controls sporulation in bacteria [[cite:PUB00076786]].</li>
</ul>"
1;IPR039244;"doi:10.1016/j.cell.2021.04.011
imex:IM-29278
pubmed:33961781";Galanin-like peptide;<p>The galanin-like peptide (GALP) exists in two isoforms which have different physiological functions. Isoform 1 is a neuropeptide from the hypothalamus that binds to the G-protein-coupled galanin receptors and is required for regulation of gonadotropin-releasing hormone secretion amongst other central nervous system homeostatic processes [[cite:PUB00018000]]. Isoform 2 (also known as alarin), produced by alternative splicing and sharing only the N-terminal pentapeptide with mature isoform 1, is a vasoconstrictor in the microvasculature of the skin and does not bind to G-protein-coupled galanin receptors. It also has antimicrobial activity against Gram-negative bacteria [[cite:PUB00089351]].</p>
1;IPR008174;"doi:10.1016/j.cell.2021.04.011
imex:IM-29278
pubmed:33961781";Galanin;"<p>Galanin is a peptide hormone that controls various biological activities [[cite:PUB00001611]]. Galanin-like immuno-reactivity has been found in the central and peripheral nervous systems of mammals, with high concentrations demonstrated in discrete regions of the central nervous system, including the median eminence, hypothalamus, arcuate nucleus, septum, neuro-intermediate lobe of the pituitary, and the spinal cord. Its localisation within neurosecretory granules suggests that galanin may function as a neurotransmitter, and it has been shown to coexist with a variety of other peptide and amine neurotransmitters within individual neurons [[cite:PUB00004652]].</p>
<p>Although the precise physiological role of galanin is uncertain, it has a number of pharmacological properties: it stimulates food intake, when injected into the third ventricle of rats; it increases levels of plasma growth hormone and prolactin, and decreases dopamine levels in the median eminence [[cite:PUB00004652]]; and infusion into humans results in hyperglycemia and glucose intolerance, and inhibits pancreatic release of insulin, somatostatin and pancreatic peptide. Galanin also modulates smooth muscle contractility within the gastro-intestinal and genito-urinary tracts, all such activities suggesting that the hormone may play an important role in the nervous modulation of endocrine and smooth muscle function [[cite:PUB00004652]].</p>
<p>Galanin is a 29 amino acid peptide processed from a larger precursor protein. Except in human, galanin is C-terminally amidated. Its sequence is highly conserved and the first 14 residues are identical in all currently known sequences.</p>"
1;IPR043547;"doi:10.1016/j.cell.2021.04.011
imex:IM-29278
pubmed:33961781";Mimecan/Epiphycan/Opticin;"<p>Proteoglycans are heavily glycosylated proteins that can be divided into large hyaluronan-binding proteoglycans like aggrecan, and small proteoglycans including the small leucine-rich repeat protein (SLRP) superfamily. The SLRP family is divided into five classes (class I-V) of structurally and genetically related molecules [[cite:PUB00101409]] which may play a role in the regulation of the extracellular matrix architecture [[cite:PUB00101407]]. This entry includes SLRP family class III proteins, which includes mimecan, epiphycan and opticin which are characterised by a relatively low number of LRRs [[cite:PUB00101409]].</p>

<p>Mimecan, also known as osteoglycin, induces bone formation in conjunction with TGF-beta-1 or TGF-beta-2 [[cite:PUB00063211]]. Its expression can be modulated by growth factors and cytokines. It may play roles in many biological processes, including cellular growth, angiogenesis, and inflammation [[cite:PUB00063209], [cite:PUB00063210], [cite:PUB00063212]].</p>

<p>Epiphycan may have a role in bone formation and also in establishing the ordered structure of cartilage through matrix organisation [[cite:PUB00063220], [cite:PUB00063221]].</p>

<p>Opticin inhibits angiogenesis in the vitreous humor of the eye, and therefore represses neovascularization [[cite:PUB00101408]] and may be involved in collagen fibre organisation via regulation of other members of the SLRP superfamily [[cite:PUB00101407]].</p>"
1;IPR013055;"doi:10.1016/j.cell.2021.04.011
imex:IM-29278
pubmed:33961781";Tachykinin/Neurokinin-like, conserved site;<p>Tachykinins [[cite:PUB00000127], [cite:PUB00001502], [cite:PUB00003623]] are a group of biologically active peptides which excite neurons, evoke behavioral responses, are potent vasodilatators and contract (directly or indirectly) many smooth muscles. This family includes many other peptides. Tachykinins, like most other active peptides, are synthesized as larger protein precursors that are enzymatically converted to their mature forms. Tachykinins are from ten to twelve residues long.</p>
1;IPR003635;"doi:10.1016/j.cell.2021.04.011
imex:IM-29278
pubmed:33961781";Neurokinin-B/Tachykinin-3;<p>Tachykinins [[cite:PUB00000127], [cite:PUB00001502], [cite:PUB00003623]] are a group of biologically active peptides which excite neurons, evoke behavioral responses, are potent vasodilatators and contract (directly or indirectly) many smooth muscles. This family includes neurokinin B (also known as Tachykinin-3), as well as many other peptides. Like other tachykinins, neurokinins are synthesized as larger protein precursors that are enzymatically converted to their mature forms. Neurokinin B is a critical central regulator of human gonadal function [[cite:PUB00068040]].</p>
1;IPR051188;"doi:10.1016/j.cell.2021.04.011
imex:IM-29278
pubmed:33961781";PHD-type Zinc Finger Domain-Containing Protein;<p>This family of proteins includes regulators of transcription and ubiquitination processes. Members are involved in the regulation of Th1-type cytokine gene expression, which suggests a role in immune response modulation. Some proteins within this family function as E3 ubiquitin-protein ligases, accepting ubiquitin from E2 enzymes and transferring it to substrates, which is essential for preventing apoptotic cell death during early embryogenesis. Other members act as transcriptional regulators, with specific proteins suppressing ribosomal RNA transcription, potentially influencing ribosome biogenesis. Additionally, certain proteins may be involved in spermatogenesis, indicating a role in reproductive biology. The presence of PHD-type zinc fingers in these proteins suggests a role in chromatin-mediated transcriptional regulation, DNA binding, or protein-protein interactions.</p>
1;IPR034732;"doi:10.1016/j.cell.2021.04.011
imex:IM-29278
pubmed:33961781";Extended PHD (ePHD) domain;"<p>The extended plant homeodomain (ePHD) domain contains an N-terminal pre-PHD (C2HC zinc finger), a long linker, and a noncanonical PHD finger (C4HC3 zinc finger). The ePHD domain can bind dsDNA but not histones [[cite:PUB00084236], [cite:PUB00084237], [cite:PUB00084238], [cite:PUB00084239]].</p>

<p>The pre-PHD-type C2HC zinc finger and the PHD finger in the ePHD domain are associated with each other via extensive hydrophobic interactions and numerous hydrogen bonding interactions and folded as an intact structural module. The pre-PHD-type C2HC zinc finger consists of two α-helices separated by an anti-parallel β-sheet. Three cysteine residues and one histidine residue from the N-terminal loop, β2-strand, and α2-helix coordinate one zinc ion (designated Zn1). The C-terminal part of the ePHD domain is a PHD finger, consisting of one short antiparallel β-sheet and one long antiparallel β-sheet that are linked by one α-helix. Like other PHD fingers, the PHD finger of the ePHD domain consists of two interleaved zinc fingers. A pair of bound zinc ions (designated Zn2 and Zn3) specifically stabilizes the characteristic cross-braced folding topology of the PHD finger. Each zinc ion is coordinated by a combination of four cysteine and histidine residues in which the Zn3 ion is coordinated by a C3H motif instead of a C4 motif [[cite:PUB00084236], [cite:PUB00084237]].</p>

<p>Some proteins known to contain a ePHD domain are listed below:</p>

<ul>

<li>Vertebrate plant homeodomain finger 6 (PHF6), a multidomain protein that comprises four nuclear localization signals and two ePHD domains. It is implicated in chromatin regulation and neural development.</li>

<li>Vertebrate MLL1/2/3/4, histone methyltransferases.</li>

<li>Vertebrate JMJD2A/B/C, histone demethylases.</li>

<li>Vertebrate Bromodomain- and PHD finger-containing protein 1, 2, and 3 (BRPF1/2/3), a component of MOZ (monocytic leukemia zinc finger)/MORF (MOZ- related factor) histone acetyltransferase complex.</li>

<li>Vertebrate JADE1/2/3, components of the HBO1 complex which has a histone H4-specific acetyltransferase activity.</li>

<li>AF10/17, subunits of the multimeric DOT1L complex that mediates H3K79 methylation.</li>

<li><i>Caenorhabditis elegans</i>protein lin-49, a component of a histone modifying complex.</li>

<li>Yeast NuA3 HAT complex component NTO1.</li>

</ul>"
1;IPR011011;"doi:10.1016/j.cell.2021.04.011
imex:IM-29278
pubmed:33961781";Zinc finger, FYVE/PHD-type;"<p>The FYVE zinc finger domain is conserved from yeast to man and is named after four proteins that it has been found in: Fab1, YOTB/ZK632.12, Vac1, and EEA 1. It functions in the membrane recruitment of cytosolic proteins by binding to phosphatidylinositol 3-phosphate (PI3P), which is found mainly on endosomes [[cite:PUB00014078], [cite:PUB00014077]].</p>

<p>The plant homeodomain (PHD) zinc finger domain has a C4HC3-type motif and is widely distributed in eukaryotes, being found in many chromatin regulatory factors [[cite:PUB00014079]].</p>

<p>Both the FYVE and the PHD zinc finger motifs display strikingly similar dimetal (zinc)-bound α+β folds.</p>; <p>Zinc finger (Znf) domains are relatively small protein motifs which contain multiple finger-like protrusions that make tandem contacts with their target molecule. Some of these domains bind zinc, but many do not; instead, they bind other metals, such as iron, or no metal at all. For example, some family members form salt bridges to stabilise the finger-like folds. They were first identified as a DNA-binding motif in transcription factor TFIIIA from Xenopus laevis (African clawed frog); however, they are now recognised to bind DNA, RNA, protein and/or lipid substrates [[cite:PUB00035807], [cite:PUB00035805], [cite:PUB00035806], [cite:PUB00035804], [cite:PUB00014077]]. Their binding properties depend on the amino acid sequence of the finger domains and of the linker between fingers, as well as on the higher-order structures and the number of fingers. Znf domains are often found in clusters, where fingers can have different binding specificities. There are many superfamilies of Znf motifs, varying in both sequence and structure. They display considerable versatility in binding modes, even between members of the same class (e.g., some bind DNA, others protein), suggesting that Znf motifs are stable scaffolds that have evolved specialised functions. For example, Znf-containing proteins function in gene transcription, translation, mRNA trafficking, cytoskeleton organisation, epithelial development, cell adhesion, protein folding, chromatin remodelling and zinc sensing, to name but a few [[cite:PUB00035812]]. Zinc-binding motifs are stable structures, and they rarely undergo conformational changes upon binding their target.</p>"
1;IPR001965;"doi:10.1016/j.cell.2021.04.011
imex:IM-29278
pubmed:33961781";Zinc finger, PHD-type;"<p>This entry represents the PHD (homeodomain) zinc finger domain [[cite:PUB00005446]], which is a C4HC3 zinc-finger-like motif found in nuclear proteins thought to be involved in chromatin-mediated transcriptional regulation. The PHD finger motif is reminiscent of, but distinct from the C3HC4 type RING finger.</p>
<p>The function of this domain is not yet known but in analogy with the LIM domain it could be involved in protein-protein interaction and be important for the assembly or activity of multicomponent complexes involved in transcriptional activation or repression. Alternatively, the interactions could be intra-molecular and be important in maintaining the structural integrity of the protein. In similarity to the RING finger and the LIM domain, the PHD finger is thought to bind two zinc ions.</p>; <p>Zinc finger (Znf) domains are relatively small protein motifs which contain multiple finger-like protrusions that make tandem contacts with their target molecule. Some of these domains bind zinc, but many do not; instead, they bind other metals, such as iron, or no metal at all. For example, some family members form salt bridges to stabilise the finger-like folds. They were first identified as a DNA-binding motif in transcription factor TFIIIA from Xenopus laevis (African clawed frog); however, they are now recognised to bind DNA, RNA, protein and/or lipid substrates [[cite:PUB00035807], [cite:PUB00035805], [cite:PUB00035806], [cite:PUB00035804], [cite:PUB00014077]]. Their binding properties depend on the amino acid sequence of the finger domains and of the linker between fingers, as well as on the higher-order structures and the number of fingers. Znf domains are often found in clusters, where fingers can have different binding specificities. There are many superfamilies of Znf motifs, varying in both sequence and structure. They display considerable versatility in binding modes, even between members of the same class (e.g., some bind DNA, others protein), suggesting that Znf motifs are stable scaffolds that have evolved specialised functions. For example, Znf-containing proteins function in gene transcription, translation, mRNA trafficking, cytoskeleton organisation, epithelial development, cell adhesion, protein folding, chromatin remodelling and zinc sensing, to name but a few [[cite:PUB00035812]]. Zinc-binding motifs are stable structures, and they rarely undergo conformational changes upon binding their target.</p>"
1;IPR036284;"doi:10.1016/j.cell.2021.04.011
imex:IM-29278
pubmed:33961781";G-protein gamma-like domain superfamily;"<p>This entry represents the G protein gamma subunit and the GGL (G protein gamma-like) domain superfamily, which are related in sequence and are comprised of an extended α-helical polypeptide. The G protein gamma subunit forms a stable dimer with the beta subunit, but it does not make any contact with the alpha subunit, which contacts the opposite face of the beta subunit. The GGL domain is found in several RGS (regulators of G protein signaling) proteins. GGL domains can interact with beta subunits to form novel dimers that prevent gamma subunit binding, and may prevent heterotrimer formation by inhibiting alpha subunit binding. The interaction between G protein beta-5 neuro-specific isoforms and RGS GGL domains may represent a general mode of binding between β-propeller proteins and their partners [[cite:PUB00015235]].</p>
<p>The G protein structure consists of a long α-helix interrupted in the middle.</p>"
1;IPR001770;"doi:10.1016/j.cell.2021.04.011
imex:IM-29278
pubmed:33961781";G-protein, gamma subunit;"<p>This entry represents the G protein gamma subunit.</p>; <p>Guanine nucleotide binding proteins (G-proteins) are membrane-associated, heterotrimeric proteins composed of three subunits: alpha ([interpro:IPR001019]), beta ([interpro:IPR001632]) and gamma ([interpro:IPR001770]) [[cite:PUB00015169]]. G proteins and their receptors (GPCRs) form one of the most prevalent signalling systems in mammalian cells, regulating systems as diverse as sensory perception, cell growth and hormonal regulation [[cite:PUB00015166]]. At the cell surface, the binding of ligands such as hormones and neurotransmitters to a GPCR activates the receptor by causing a conformational change, which in turn activates the bound G protein on the intracellular-side of the membrane. The activated receptor promotes the exchange of bound GDP for GTP on the G protein alpha subunit. GTP binding changes the conformation of switch regions within the alpha subunit, which allows the bound trimeric G protein (inactive) to be released from the receptor, and to dissociate into active alpha subunit (GTP-bound) and beta/gamma dimer. The alpha subunit and the beta/gamma dimer go on to activate distinct downstream effectors, such as adenylyl cyclase, phosphodiesterases, phospholipase C, and ion channels. These effectors in turn regulate the intracellular concentrations of secondary messengers, such as cAMP, diacylglycerol, sodium or calcium cations, which ultimately lead to a physiological response, usually via the downstream regulation of gene transcription. The cycle is completed by the hydrolysis of alpha subunit-bound GTP to GDP, resulting in the re-association of the alpha and beta/gamma subunits and their binding to the receptor, which terminates the signal [[cite:PUB00015168]]. The length of the G protein signal is controlled by the duration of the GTP-bound alpha subunit, which can be regulated by RGS (regulator of G protein signalling) proteins or by covalent modifications [[cite:PUB00015170]].</p>

<p>G protein alpha subunits are 350-400 amino acids in length and have molecular weights in the range 40-45kDa. Seventeen distinct types of alpha subunit have been identified in mammals. These fall into 4 main groups on the basis of both sequence similarity and function: alpha-S ([interpro:IPR000367]), alpha-Q ([interpro:IPR000654]), alpha-I ([interpro:IPR001408])and alpha-12([interpro:IPR000469]) [[cite:PUB00005142]].</p>

<p>The specific combination of subunits in heterotrimeric G proteins affects not only which receptor it can bind to, but also which downstream target is affected, providing the means to target specific physiological processes in response to specific external stimuli [[cite:PUB00015171], [cite:PUB00015172]]. G proteins carry lipid modifications on one or more of their subunits to target them to the plasma membrane and to contribute to protein interactions.</p>"
1;IPR015898;"doi:10.1016/j.cell.2021.04.011
imex:IM-29278
pubmed:33961781";G-protein, gamma subunit-like domain;"<p>This entry represents the G protein gamma subunit and the GGL (G protein gamma-like) domain, which are related in sequence and are comprised of an extended α-helical polypeptide. The G protein gamma subunit forms a stable dimer with the beta subunit, but it does not make any contact with the alpha subunit, which contacts the opposite face of the beta subunit. The GGL domain is found in several RGS (regulators of G protein signaling) proteins. GGL domains can interact with beta subunits to form novel dimers that prevent gamma subunit binding, and may prevent heterotrimer formation by inhibiting alpha subunit binding. The interaction between G protein beta-5 neuro-specific isoforms and RGS GGL domains may represent a general mode of binding between β-propeller proteins and their partners [[cite:PUB00015235]].</p>; <p>Guanine nucleotide binding proteins (G-proteins) are membrane-associated, heterotrimeric proteins composed of three subunits: alpha ([interpro:IPR001019]), beta ([interpro:IPR001632]) and gamma ([interpro:IPR001770]) [[cite:PUB00015169]]. G proteins and their receptors (GPCRs) form one of the most prevalent signalling systems in mammalian cells, regulating systems as diverse as sensory perception, cell growth and hormonal regulation [[cite:PUB00015166]]. At the cell surface, the binding of ligands such as hormones and neurotransmitters to a GPCR activates the receptor by causing a conformational change, which in turn activates the bound G protein on the intracellular-side of the membrane. The activated receptor promotes the exchange of bound GDP for GTP on the G protein alpha subunit. GTP binding changes the conformation of switch regions within the alpha subunit, which allows the bound trimeric G protein (inactive) to be released from the receptor, and to dissociate into active alpha subunit (GTP-bound) and beta/gamma dimer. The alpha subunit and the beta/gamma dimer go on to activate distinct downstream effectors, such as adenylyl cyclase, phosphodiesterases, phospholipase C, and ion channels. These effectors in turn regulate the intracellular concentrations of secondary messengers, such as cAMP, diacylglycerol, sodium or calcium cations, which ultimately lead to a physiological response, usually via the downstream regulation of gene transcription. The cycle is completed by the hydrolysis of alpha subunit-bound GTP to GDP, resulting in the re-association of the alpha and beta/gamma subunits and their binding to the receptor, which terminates the signal [[cite:PUB00015168]]. The length of the G protein signal is controlled by the duration of the GTP-bound alpha subunit, which can be regulated by RGS (regulator of G protein signalling) proteins or by covalent modifications [[cite:PUB00015170]].</p>

<p>G protein alpha subunits are 350-400 amino acids in length and have molecular weights in the range 40-45kDa. Seventeen distinct types of alpha subunit have been identified in mammals. These fall into 4 main groups on the basis of both sequence similarity and function: alpha-S ([interpro:IPR000367]), alpha-Q ([interpro:IPR000654]), alpha-I ([interpro:IPR001408])and alpha-12([interpro:IPR000469]) [[cite:PUB00005142]].</p>

<p>The specific combination of subunits in heterotrimeric G proteins affects not only which receptor it can bind to, but also which downstream target is affected, providing the means to target specific physiological processes in response to specific external stimuli [[cite:PUB00015171], [cite:PUB00015172]]. G proteins carry lipid modifications on one or more of their subunits to target them to the plasma membrane and to contribute to protein interactions.</p>"
1;IPR006671;"doi:10.1016/j.cell.2021.04.011
imex:IM-29278
pubmed:33961781";Cyclin, N-terminal;"<p>Cyclins contain two domains of similar all-α fold, of which this entry is associated with the N-terminal domain.</p>; <p>Cyclins are eukaryotic proteins that play an active role in controlling nuclear cell division cycles [[cite:PUB00014103]], and regulate cyclin dependent kinases (CDKs). Cyclins, together with the p34 (cdc2) or cdk2 kinases, form the Maturation Promoting Factor (MPF). There are two main groups of cyclins, G1/S cyclins, which are essential for the control of the cell cycle at the G1/S (start) transition, and G2/M cyclins, which are essential for the control of the cell cycle at the G2/M (mitosis) transition. G2/M cyclins accumulate steadily during G2 and are abruptly destroyed as cells exit from mitosis (at the end of the M-phase). In most species, there are multiple forms of G1 and G2 cyclins. For example, in vertebrates, there are two G2 cyclins, A and B, and at least three G1 cyclins, C, D, and E.</p>
<p>Cyclin homologues have been found in various viruses, including Saimiriine herpesvirus 2 (Herpesvirus saimiri) and Human herpesvirus 8 (HHV-8) (Kaposi's sarcoma-associated herpesvirus). These viral homologues differ from their cellular counterparts in that the viral proteins have gained new functions and eliminated others to harness the cell and benefit the virus [[cite:PUB00014101]].</p>"
1;IPR043198;"doi:10.1016/j.cell.2021.04.011
imex:IM-29278
pubmed:33961781";Cyclin/Cyclin-like subunit Ssn8;"<p>Cyclins are eukaryotic proteins that play an active role in controlling nuclear cell division cycles, and regulate cyclin dependent kinases (CDKs) [[cite:PUB00014103]].</p>; <p>This entry represents several Cyclin families (C, L, Q, T1, T2, and H/Ccl1) and yeast RNA polymerase II holoenzyme cyclin-like subunit (also known as Ssn8/Srb11).</p>

<ul><li>Cyclin C can regulate both cell cycle progression and gene transcription. The Cdk8-cyclin C complex is a component of the RNA polymerase II holoenzyme [[cite:PUB00055077]].</li>
<li>Cyclin L is a transcriptional regulator involved in the regulation of RNA polymerase II transcription and participating in regulating the pre-mRNA splicing process [[cite:PUB00034807], [cite:PUB00068054]].</li>
<li>Cyclin Q (also known as Cyclin M) consists of cyclin-related protein FAM58A [[cite:PUB00087326]].</li>
<li>Cyclin-T2 is a regulatory subunit of the cyclin-dependent kinase pair (CDK9/cyclin T) complex [[cite:PUB00016032]].</li>
<li>Cyclin-H from vertebrates, mcs2 from fission yeast and Ccl1 from budding yeasts are cyclins that play a role in cell cycle [[cite:PUB00069500]].</li>
<li>Cyclin-T associates with CDK9 which are subunits of the positive-transcription elongation factor (P-TEFb) [[cite:PUB00069674]].</li></ul>; <p>Ssn8/Srb11 is a component of the SRB8-11 complex (consists of SRB8, SSN2/SRB9, SSN3/SRB10 and SSN8/SRB11), which is a regulatory module of the mediator complex that is involved in regulation of basal and activated RNA polymerase II-dependent transcription [[cite:PUB00062858], [cite:PUB00062859]].</p>"
1;IPR013763;"doi:10.1016/j.cell.2021.04.011
imex:IM-29278
pubmed:33961781";Cyclin-like domain;<p>This cyclin-like domain is found in cyclins, but it is also found as the core domain in transcription factor IIB (TFIIB) [[cite:PUB00022837]] and in the retinoblastoma tumour suppressor [[cite:PUB00049281]]. It consists of a duplication of a fold consisting of 5 helices, one of them surrounded by the others.</p>
1;IPR004367;"doi:10.1016/j.cell.2021.04.011
imex:IM-29278
pubmed:33961781";Cyclin, C-terminal domain;"<p>Cyclins are eukaryotic proteins that play an active role in controlling nuclear cell division cycles [[cite:PUB00014103]], and regulate cyclin dependent kinases (CDKs). Cyclins, together with the p34 (cdc2) or cdk2 kinases, form the Maturation Promoting Factor (MPF). There are two main groups of cyclins, G1/S cyclins, which are essential for the control of the cell cycle at the G1/S (start) transition, and G2/M cyclins, which are essential for the control of the cell cycle at the G2/M (mitosis) transition. G2/M cyclins accumulate steadily during G2 and are abruptly destroyed as cells exit from mitosis (at the end of the M-phase). In most species, there are multiple forms of G1 and G2 cyclins. For example, in vertebrates, there are two G2 cyclins, A and B, and at least three G1 cyclins, C, D, and E.</p>
<p>Cyclin homologues have been found in various viruses, including Saimiriine herpesvirus 2 (Herpesvirus saimiri) and Human herpesvirus 8 (HHV-8) (Kaposi's sarcoma-associated herpesvirus). These viral homologues differ from their cellular counterparts in that the viral proteins have gained new functions and eliminated others to harness the cell and benefit the virus [[cite:PUB00014101]].</p>; <p>This is the C-terminal domain of cyclins.</p>"
1;IPR036915;"doi:10.1016/j.cell.2021.04.011
imex:IM-29278
pubmed:33961781";Cyclin-like superfamily;<p>This cyclin-like domain superfamily is found in cyclins, but it is also found as the core domain in transcription factor IIB (TFIIB) [[cite:PUB00022837]] and in the retinoblastoma tumour suppressor [[cite:PUB00049281]]. It consists of a duplication of a fold consisting of 5 helices, one of them surrounded by the others.</p>
1;IPR039863;"doi:10.1016/j.cell.2021.04.011
doi:10.1038/nature22366
imex:IM-25778
imex:IM-29278
pubmed:28514442
pubmed:33961781";Dickkopf related protein 1-4;<p>This entry includes Dickkopf-related proteins 1-4 (DKK1-4). The Dickkopf (Dkk) proteins are cysteine-rich secretory proteins and highly conserved inhibitors of the canonical Wnt signalling pathway, which play key roles in many essential biological processes [[cite:PUB00090238], [cite:PUB00153047]].</p>
1;IPR049632;"doi:10.1016/j.cell.2021.04.011
doi:10.1038/nature22366
imex:IM-25778
imex:IM-29278
pubmed:28514442
pubmed:33961781";Dickkopf-like protein 1;<p>This entry represents the human Dickkopf-like protein 1 (DKKL1, also known as soggy-1 (SGY-1), [swissprot:Q9UK85]) and related mammalian proteins. DKKL1 is an acrosomal protein that affects in vitro fertilisation by facilitating sperm penetration of the zona pellucida [[cite:PUB00110038], [cite:PUB00090239]].</p>
1;IPR003879;"doi:10.1016/j.cell.2021.04.011
imex:IM-29278
pubmed:33961781";Butyrophylin-like, SPRY domain;"<p>Several proteins that contain RING fingers also contain a well-conserved 40-residue cysteine-rich domain termed a B-box zinc finger. Often, one or two copies of the B-box are associated with a coiled coil domain ([interpro:IPR003649]) in addition to the ring finger ([interpro:IPR001841]), forming a tripartite motif. The tripartite motif is found in transcription factors, ribonucleoproteins and proto-oncoproteins, but no function has yet been ascribed to the domain [[cite:PUB00006153]].</p>

<p>The solution structure of the B-box motif has been determined by NMR. The protein is a monomer, with 2 β-strands, 2 helical turns and 3 extended loop regions packed in a novel topology [[cite:PUB00006018]]. Of 7 potential zinc ligands, only 4 are used, binding a single zinc atom in a C2-H2 tetrahedral arrangement. The B-box structure differs in tertiary fold from all other known zinc-binding motifs.</p>

<p>A group of proteins that contain the B-box motif also host a well conserved domain of unknown function. Proteins that include this domain are, e.g.: butyrophilin, the RET finger protein, the 52kDa Ro protein and the Xenopus nuclear factor protein. The C-terminal portion of this region has been termed the SPRY domain (after SPla and the RYanodine Receptor) [[cite:PUB00006153]].</p>"
1;IPR006574;"doi:10.1016/j.cell.2021.04.011
imex:IM-29278
pubmed:33961781";SPRY-associated;"<p>PRY is a 50-60 amino acids domain associated with SPRY domains, adjacent to its N-terminal. The SPRY domain ([interpro:IPR003877]) is a protein-protein interaction module involved in many important signaling pathways [[cite:PUB00085899], [cite:PUB00041714]]. Distant homologues are domains in butyrophilin/marenostrin/pyrin, evolutionarily more ancient than SPRY/B30.2 counterpart. PRY and SPRY domains are structurally very similar and consist of a β sandwich fold [[cite:PUB00085899], [cite:PUB00041714]]. Ca2+-release from the sarcoplasmic or endoplasmic reticulum, the intracellular Ca2+ store, is mediated by the ryanodine receptor (RyR) and/or the inositol trisphosphate receptor (IP3R).</p>

<p>The proteins identified by the PRY domain, clearly fall into 3 sets which can be defined by their combination of signatures:</p>

<ul><li>This group contains an immunoglobulin domain N-terminal to the PRY and butyrophilin domains. Butyrophilins are glycoproteins that are expressed on the apical surfaces of secretory cells in lactating mammary tissue and which may function in the secretion of milk-fat droplets.</li>
<li>This group contain a RING-finger domain N-terminal to the PRY domain. The RING-finger is a specialised type of Zn-finger of 40 to 60 residues that binds two atoms of zinc, and is probably involved in mediating protein-protein interactions. There are two different variants, the C3HC4-type and a C3H2C3-type, which is clearly related despite the different cysteine/histidine pattern. The latter type is sometimes referred to as 'RING-H2 finger' is not found associated with this group of proteins. This set of proteins are described as TRIM (TRIpartite Motif) family members and are involved in cellular compartmentalisation [[cite:PUB00009682]]. The TRIM family sequences are defined by a Ring finger domain, a B-box type1 (B1) and a B-box type 2 (B2) followed by a coiled-coil (CC) region [[cite:PUB00009683]]. Genes belonging to this family are implicated in a variety of processes such as development and cell growth and are involved in human disease.</li></ul>

<p>Many of these proteins, with the PRY domain have a number of C-terminal signatures, SPRY, RFP-like (also known as B30.2 domain or PRYSPRY) and butyrophilin domain [[cite:PUB00009560]].</p>

<p>The third set of proteins have the C-terminal signatures but have no N-terminal RING-finger or immunoglobulin domain signatures. These proteins have not been functionally described.</p>"
1;IPR027370;"doi:10.1016/j.cell.2021.04.011
imex:IM-29278
pubmed:33961781";Zinc finger, RING-type, eukaryotic;<p>This zinc-finger is typical of ubiquitin ligases from eukaryotes [[cite:PUB00064253], [cite:PUB00068569]]. This domain can also be found in Tripartite motif-containing proteins (TRIM), including TRIM5 from humans, a capsid-specific restriction factor that prevents infection from non-host-adapted retroviruses [[cite:PUB00086278], [cite:PUB00077164]].</p>
1;IPR000315;"doi:10.1016/j.cell.2021.04.011
imex:IM-29278
pubmed:33961781";B-box-type zinc finger;"<p>This entry represents B-box-type zinc finger domains, which are around 40 residues in length.</p>; <p>B-box zinc fingers can be divided into two groups, where types 1 and 2 B-box domains differ in their consensus sequence and in the spacing of the 7-8 zinc-binding residues. Several proteins contain both types 1 and 2 B-boxes, suggesting some level of cooperativity between these two domains. B-box domains are found in over 1500 proteins from a variety of organisms. They are found in TRIM (tripartite motif) proteins that consist of an N-terminal RING finger (originally called an A-box), followed by 1-2 B-box domains and a coiled-coil domain (also called RBCC for Ring, B-box, Coiled-Coil). TRIM proteins contain a type 2 B-box domain, and may also contain a type 1 B-box. In proteins that do not contain RING or coiled-coil domains, the B-box domain is primarily type 2. Many type 2 B-box proteins are involved in ubiquitination. Proteins containing a B-box zinc finger domain include transcription factors, ribonucleoproteins and proto-oncoproteins; for example, MID1, MID2, TRIM9, TNL, TRIM36, TRIM63, TRIFIC, NCL1 and CONSTANS-like proteins [[cite:PUB00042940]].</p>; <p>The microtubule-associated E3 ligase MID1 ([ec:6.3.2]) contains a type 1 B-box zinc finger domain. MID1 specifically binds Alpha-4, which in turn recruits the catalytic subunit of phosphatase 2A (PP2Ac). This complex is required for targeting of PP2Ac for proteasome-mediated degradation. The MID1 B-box coordinates two zinc ions and adopts a β/β/α cross-brace structure similar to that of ZZ, PHD, RING and FYVE zinc fingers [[cite:PUB00040284], [cite:PUB00040653]].</p>"
1;IPR050143;"doi:10.1016/j.cell.2021.04.011
imex:IM-29278
pubmed:33961781";Tripartite motif-containing;<p>The TRIM/RBCC protein family is involved in various biological processes, including innate and adaptive immunity, cell cycle regulation, apoptosis, autophagy, and cellular differentiation. Members of this family function as E3 ubiquitin ligases, mediating the ubiquitination of target proteins for proteasomal degradation or other fates. They play key roles in antiviral defense by targeting viral proteins and regulating immune signaling pathways. Some TRIM proteins are involved in the regulation of cell proliferation, tumor suppression, and DNA damage response. Others participate in muscle cell differentiation and repair, as well as the regulation of calcium transport in epithelial cells. The family is characterized by a conserved tripartite motif comprising a RING-type zinc finger, one or two B-box-type zinc fingers, and a coiled-coil region, often followed by a variable C-terminal domain.</p>
1;IPR050108;"doi:10.1016/j.molcel.2020.07.001
imex:IM-29257
pubmed:32707033";Cyclin-dependent kinase;<p>The Cyclin-dependent kinase (CDK) family is crucial for cell cycle regulation, transcription, and other cellular processes. CDKs are serine/threonine protein kinases that, when activated by binding to cyclins, phosphorylate a variety of substrates to mediate cell cycle progression. Different CDK-cyclin complexes control specific transitions between cell cycle phases. Some family members also play roles in transcription regulation by phosphorylating the RNA polymerase II C-terminal domain, affecting elongation. Others are involved in developmental processes, DNA repair, apoptosis, and neuronal functions. Dysregulation of CDK activity is linked to cancer and other diseases.</p>
1;IPR045267;"doi:10.1016/j.molcel.2020.07.001
imex:IM-29257
pubmed:32707033";Cyclin-dependent kinase 11/PITSLRE, catalytic domain;<p>This entry represents the catalytic domain found in a group of cyclin-dependent kinases, including CDK11A/B from humans, CDKG1 from Arabidopsis, Ppk23 from fission yeasts and PITSLRE from Drosophila melanogaster. CDK11 has three isoforms that show peculiar expression patterns: the largest, mid-sized, and smallest isoforms of CDK11 are designated as CDK11/p110, CDK11/p58, and CDK11/p46, respectively.  CDK11/p58, included in this entry, is translated from the same mRNA as CDK11/p110 and is expressed only during G2 and M phases. CDK11/p58 facilitates M phase progression by promoting centrosome maturation and bipolar spindle formation [[cite:PUB00098417], [cite:PUB00098418]]. CDKG1 regulates pre-mRNA splicing of CALLOSE SYNTHASE5 (CalS5) and, therefore, pollen wall formation [[cite:PUB00098420]]. It is also part of the CDKG1/CYCLINL complex is essential for synapsis and recombination during male meiosis [[cite:PUB00098419]].</p>
1;IPR011936;"doi:10.1016/j.cell.2021.04.011
imex:IM-29278
pubmed:33961781";Myxococcus cysteine-rich repeat;<p>This entry represents a sequence region shared between several proteins of Myxococcus xanthus (strain DK 1622) and some eukaryotic proteins that include human pappalysin-1. The region of about 40 amino acids contains several conserved Cys residues presumed to form disulphide bonds. The region appears in up to 13 repeats in Myxococcus.</p>
1;IPR050149;"doi:10.1016/j.cell.2021.04.011
imex:IM-29278
pubmed:33961781";;
1;IPR007084;"imex:IM-29868
pubmed:34446781";BRICHOS domain;"<p>The BRICHOS domain is found in a variety of proteins implicated in dementia, respiratory distress and cancer, including BRI-2, chondromodulin-I (ChM-I), CA11, and surfactant protein C [[cite:PUB00014776]]. Its exact function is unknown; roles that have been proposed for it include (a) targeting the protein to the secretory pathway, (b) an intramolecular chaperone-like function, and (c) assisting the specialised intracellular protease processing system [[cite:PUB00014776]].</p>"
1;IPR040145;"imex:IM-29868
pubmed:34446781";Integral membrane protein 2;"<p>The family of type 2 integral membrane protein (ITM2) consists of three members, ITM2A, ITM2B and ITM2C [[cite:PUB00090586]]. Members of this family contain a BRICHOS domain, which possesses chaperone activity [[cite:PUB00090587], [cite:PUB00090588]].</p>


<p>ITM2A is a target gene of GATA-3, a T cell-specific transcription factor [[cite:PUB00090589]].</p>

<p>ITM2B is proteolytically cleaved at three locations; cleavage by furin in the C-terminal region generates a 23-residue peptide (ABri23), processing by ADAM10 results in release of the BRICHOS domain from the membrane-bound N-terminal part and intramembrane cleavage by SPPL2a/2b liberates the intracellular domain [[cite:PUB00077868]]. ITM2B (BRI2) is a target of BCL6 transcriptional repression and a short form of the ITM2B protein, similarly to other targets of BCL6, induces apoptosis in hematopoietic cell lines [[cite:PUB00090590]]. ITM2B interacts with amyloid precursor protein (APP) and regulates amyloid beta (Abeta) production [[cite:PUB00090591], [cite:PUB00090592]]. ITM2C (BRI3) also inhibits amyloid precursor protein processing, but through a different mechanism to ITM2B [[cite:PUB00090593]].</p>"
1;IPR036392;"doi:10.1038/nature22366
imex:IM-25778
pubmed:28514442";PLAT/LH2 domain superfamily;<p>This entry represents a domain superfamily found in a variety of membrane or lipid associated proteins. It is known as the PLAT (Polycystin-1, Lipoxygenase, Alpha-Toxin) domain or LH2 (Lipoxygenase homology) domain, is found in a variety of membrane or lipid associated proteins. Structurally, this domain forms a β-sandwich composed of two sheets of four strands each [[cite:PUB00018111], [cite:PUB00018112], [cite:PUB00016270]]. The most highly conserved regions coincide with the β-strands, with most of the highly conserved residues being buried within the protein. An exception to this is a surface lysine or arginine that occurs on the surface of the fifth β-strand of the eukaryotic domains. In pancreatic lipase, the lysine in this position forms a salt bridge with the procolipase protein. The conservation of a charged surface residue may indicate the location of a conserved ligand-binding site. It is thought that this domain may mediate membrane attachment via other protein binding partners.</p>
1;IPR001024;"doi:10.1038/nature22366
imex:IM-25778
pubmed:28514442";PLAT/LH2 domain;<p>This entry represents a domain found in a variety of membrane or lipid associated proteins. It is known as the PLAT (Polycystin-1, Lipoxygenase, Alpha-Toxin) domain or LH2 (Lipoxygenase homology) domain, is found in a variety of membrane or lipid associated proteins. Structurally, this domain forms a β-sandwich composed of two sheets of four strands each [[cite:PUB00018111], [cite:PUB00018112], [cite:PUB00016270]]. The most highly conserved regions coincide with the β-strands, with most of the highly conserved residues being buried within the protein. An exception to this is a surface lysine or arginine that occurs on the surface of the fifth β-strand of the eukaryotic domains. In pancreatic lipase, the lysine in this position forms a salt bridge with the procolipase protein. The conservation of a charged surface residue may indicate the location of a conserved ligand-binding site. It is thought that this domain may mediate membrane attachment via other protein binding partners.</p>
1;IPR002330;"doi:10.1038/nature22366
imex:IM-25778
pubmed:28514442";Lipoprotein lipase;"<p>Lipoprotein lipase (LPL) is a key enzyme of lipid metabolism that hydrolyses triglycerides, providing free fatty acids for cells and affecting the maturation of circulating lipoproteins [[cite:PUB00005099]]. The enzyme is thought to play a role in the development of obesity and atherosclerosis [[cite:PUB00005099]]. Human LPL contains 448 amino acids; sequence comparison indicates that human LPL, hepatic lipase, and pancreatic lipase are members of a gene family [[cite:PUB00005099]]. Defects in LPL are a cause of familial chylomicronemia syndrome (or type I hyperlipoproteinemia) and also of a form of deficiency characterised by hypertriglyceridemia. Familial chylomicronemia is a recessive disorder usually manifesting in childhood. On a normal diet, patients often present with abdominal pain, hepatosplenomegaly, lipemia retinalis, eruptive xanthomata, and massive hypertriglyceridemia, sometimes complicated with acute pancreatitis. LPL and pancreatic lipase share ~30% sequence identity, suggesting a similar tertiary fold [[cite:PUB00002888]]. Molecular models of LPL have been constructed, based on X-ray crystal structures of pancreatic lipase [[cite:PUB00003189]]. These models allowed the authors to propose hypotheses on the structural determinants of LPL that are responsible for heparin binding, dimer formation, and phospholipase activity.</p>"
1;IPR000863;"doi:10.1016/j.cell.2021.04.011
imex:IM-29278
pubmed:33961781";Sulfotransferase domain;"<p>This entry includes a range of sulfotransferase proteins including flavonol 3-sulfotransferase, aryl sulfotransferases, alcohol sulfotransferases, estrogen sulfotransferases and phenol-sulphate phenol sulfotransferase. These enzymes are responsible for the transfer of sulphate groups to specific compounds [[cite:PUB00020390]] and function via an SN2-like mechanism through a trigonal bipyramidal transition state and have important roles in detoxification, hormone regulation, and cell signaling across all kingdoms of life [[cite:PUB00160471]].</p>; <p>The domain adopts a characteristic fold consisting of a central β-sheet flanked by α-helices, with conserved PAPS-binding loop (PSB) and 3' phosphate binding (PB) regions [[cite:PUB00160471], [cite:PUB00160472]]. The domain contains a highly conserved catalytic lysine in the PSB region and a conserved serine in the PB helix [[cite:PUB00160472]].</p>"
1;IPR037359;"doi:10.1016/j.cell.2021.04.011
imex:IM-29278
pubmed:33961781";Heparan sulfate sulfotransferase;"<p>Seven 3-O-sulfotransferase isoforms in the human genome are involved in the biosynthesis of 3-O-sulfated heparan sulfate  [[cite:PUB00086807]]. These enzymes catalyze the transfer of a sulfo group from the sulfo donor, 3'-phosphoadenosine-5'-phosphosulfate (PAPS), to the 3-OH position of a glucosamine unit of heparin sulfate (HS). 3-O-sulfation is critically important for anticoagulant activity [[cite:PUB00086808]]. The key control of anticoagulant HS synthesis is regulation of the expression of 3-O-sulfotransferase isoforms 1 and 5 (3-OST-1 and 3-OST-5). 3-O-sulfation is also involved in the regulation of neural development [[cite:PUB00086809], [cite:PUB00086810], [cite:PUB00086811]].</p>

<p>3-OST proteins exhibit similarity with the heparan biosynthetic enzyme NST (bifunctional HS N-deacetylase/N-sulfotransferase). It appears that a common sulfotransferase structure is shared by these two types of heparan biosynthetic enzyme [[cite:PUB00086812]]. The bifunctional enzyme catalyzes both the N-deacetylation and the N-sulfation of glucosamine (GlcNAc) of the glycosaminoglycan in HS [[cite:PUB00086813]].</p>"
