Count;InterProID;pubmeds;Name;ShortDescription
11;IPR011598;"doi:10.1016/j.cell.2010.01.044
doi:10.1016/j.cell.2021.04.011
doi:10.1016/j.celrep.2020.108050
doi:10.1038/nature22366
doi:10.1242/jcs.233395
imex:IM-14939
imex:IM-15364
imex:IM-19434
imex:IM-22632
imex:IM-24272
imex:IM-25472
imex:IM-25778
imex:IM-25805
imex:IM-28217
imex:IM-28774
imex:IM-29278
pubmed:10915743
pubmed:15694377
pubmed:17855368
pubmed:17891176
pubmed:20211142
pubmed:21988832
pubmed:25814554
pubmed:26496610
pubmed:28514442
pubmed:31391242
pubmed:32296183
pubmed:32814053
pubmed:33961781";Myc-type, basic helix-loop-helix (bHLH) domain;"<p>This domain is found in a number of eukaryotic proteins, which probably are sequence specific DNA-binding proteins that act as transcription factors, share a conserved domain of 40 to 50 amino acid residues. It has been proposed [[cite:PUB00000825]] that this domain is formed of two amphipathic helices joined by a variable length linker region that could form a loop. This 'helix-loop-helix' (HLH) domain mediates protein dimerisation and has been found in the proteins listed below [[cite:PUB00001514]]. Most of these proteins have an extra basic region of about 15 amino acid residues that is adjacent to the HLH domain and specifically binds to DNA. They are referred as basic helix-loop-helix proteins (bHLH), and are classified in two groups: class A (ubiquitous) and class B (tissue-specific). Members of the bHLH family bind variations on the core sequence 'CANNTG', also referred to as
the E-box motif. The homo- or heterodimerisation mediated by the HLH domain is independent of, but necessary for DNA binding, as two basic regions are required for DNA binding activity. The HLH proteins lacking the basic domain (Emc, Id) function as negative regulators, since they form heterodimers, but fail to bind DNA. The hairy-related proteins (hairy, E(spl), deadpan) also repress transcription although they can bind DNA. The proteins of this subfamily act together with co-repressor proteins, like groucho, through their -terminal motif WRPW.</p>; <p>Proteins containing a HLH domain include:
<ul>
<li>The myc family of cellular oncogenes [[cite:PUB00000846]], which is currently known to contain four members: c-myc, N-myc, L-myc, and B-myc. The myc genes are thought to play a role in cellular differentiation and proliferation.</li>
<li>Proteins involved in myogenesis (the induction of muscle cells). In mammals MyoD1 (Myf-3), myogenin (Myf-4), Myf-5, and Myf-6 (Mrf4 or herculin), in birds CMD1 (QMF-1), in Xenopus MyoD and MF25, in Caenorhabditis elegans CeMyoD, and in Drosophila nautilus (nau).</li>
<li>Vertebrate proteins that bind specific DNA sequences ('E boxes') in various immunoglobulin chains enhancers: E2A or ITF-1 (E12/pan-2 and E47/pan-1), ITF-2 (tcf4), TFE3, and TFEB.</li>
<li>Vertebrate neurogenic differentiation factor 1 that acts as differentiation factor during neurogenesis.</li>
<li>Vertebrate MAX protein, a transcription regulator that forms a sequence- specific DNA-binding protein complex with myc or mad.</li>
<li>Vertebrate Max Interacting Protein 1 (MXI1 protein) which acts as a transcriptional repressor and may antagonize myc transcriptional activity by competing for max.</li>
<li>Proteins of the bHLH/PAS superfamily which are transcriptional activators. In mammals, AH receptor nuclear translocator (ARNT), single-minded homologues (SIM1 and SIM2), hypoxia-inducible factor 1 alpha (HIF1A), AH receptor (AHR), neuronal pas domain proteins (NPAS1 and NPAS2), endothelial pas domain protein 1 (EPAS1), mouse ARNT2, and human BMAL1. In Drosophila, single-minded (SIM), AH receptor nuclear translocator (ARNT), trachealess protein (TRH), and similar protein (SIMA).</li>
<li>Mammalian transcription factors HES, which repress transcription by acting on two types of DNA sequences, the E box and the N box.</li>
<li>Mammalian MAD protein (max dimerizer) which acts as transcriptional repressor and may antagonize myc transcriptional activity by competing for max.</li>
<li>Mammalian Upstream Stimulatory Factor 1 and 2 (USF1 and USF2), which bind to a symmetrical DNA sequence that is found in a variety of viral and cellular promoters.</li>
<li>Human lyl-1 protein; which is involved, by chromosomal translocation, in T- cell leukemia.</li>
<li>Human transcription factor AP-4.</li>
<li>Mouse helix-loop-helix proteins MATH-1 and MATH-2 which activate E box- dependent transcription in collaboration with E47.</li>
<li>Mammalian stem cell protein (SCL) (also known as tal1), a protein which may play an important role in hemopoietic differentiation. SCL is involved, by chromosomal translocation, in stem-cell leukemia.</li>
<li>Mammalian proteins Id1 to Id4 [[cite:PUB00004457]]. Id (inhibitor of DNA binding) proteins lack a basic DNA-binding domain but are able to form heterodimers with other HLH proteins, thereby inhibiting binding to DNA.</li>
<li>Drosophila extra-macrochaetae (emc) protein, which participates in sensory organ patterning by antagonizing the neurogenic activity of the achaete- scute complex. Emc is the homologue of mammalian Id proteins.</li>
<li>Human Sterol Regulatory Element Binding Protein 1 (SREBP-1), a transcriptional activator that binds to the sterol regulatory element 1 (SRE-1) found in the flanking region of the LDLR gene and in other genes.</li>
<li>Drosophila achaete-scute (AS-C) complex proteins T3 (l'sc), T4 (scute), T5 (achaete) and T8 (asense). The AS-C proteins are involved in the determination of the neuronal precursors in the peripheral nervous system and the central nervous system.</li>
<li>Mammalian homologues of achaete-scute proteins, the MASH-1 and MASH-2 proteins.</li>
<li>Drosophila atonal protein (ato) which is involved in neurogenesis.</li>
</ul>"
11;IPR036638;"doi:10.1016/j.cell.2010.01.044
doi:10.1016/j.cell.2021.04.011
doi:10.1016/j.celrep.2020.108050
doi:10.1038/nature22366
doi:10.1242/jcs.233395
imex:IM-14939
imex:IM-15364
imex:IM-19434
imex:IM-22632
imex:IM-24272
imex:IM-25472
imex:IM-25778
imex:IM-25805
imex:IM-28217
imex:IM-28774
imex:IM-29278
pubmed:10915743
pubmed:15694377
pubmed:17855368
pubmed:17891176
pubmed:20211142
pubmed:21988832
pubmed:25814554
pubmed:26496610
pubmed:28514442
pubmed:31391242
pubmed:32296183
pubmed:32814053
pubmed:33961781";Helix-loop-helix DNA-binding domain superfamily;"<p>This domain is found in a number of eukaryotic proteins, which probably are sequence specific DNA-binding proteins that act as transcription factors, share a conserved domain of 40 to 50 amino acid residues. It has been proposed [[cite:PUB00000825]] that this domain is formed of two amphipathic helices joined by a variable length linker region that could form a loop. This 'helix-loop-helix' (HLH) domain mediates protein dimerisation and has been found in the proteins listed below [[cite:PUB00001514]]. Most of these proteins have an extra basic region of about 15 amino acid residues that is adjacent to the HLH domain and specifically binds to DNA. They are referred as basic helix-loop-helix proteins (bHLH), and are classified in two groups: class A (ubiquitous) and class B (tissue-specific). Members of the bHLH family bind variations on the core sequence 'CANNTG', also referred to as
the E-box motif. The homo- or heterodimerisation mediated by the HLH domain is independent of, but necessary for DNA binding, as two basic regions are required for DNA binding activity. The HLH proteins lacking the basic domain (Emc, Id) function as negative regulators, since they form heterodimers, but fail to bind DNA. The hairy-related proteins (hairy, E(spl), deadpan) also repress transcription although they can bind DNA. The proteins of this subfamily act together with co-repressor proteins, like groucho, through their -terminal motif WRPW.</p>"
8;IPR027417;"doi:10.1016/j.cell.2021.04.011
imex:IM-24272
imex:IM-29278
pubmed:15694377
pubmed:26496610
pubmed:33961781";P-loop containing nucleoside triphosphate hydrolase;"<p>The P-loop NTPase fold is the most prevalent domain of the several distinct nucleotide-binding protein folds.</p>

<p>The most common reaction catalysed by enzymes of the P-loop NTPase fold is the hydrolysis of the beta-gamma phosphate bond of a bound nucleoside triphosphate (NTP). The energy from NTP hydrolysis is typically utilised to induce conformational changes in other molecules, which constitutes the basis of the biological functions of most P-loop NTPases. P-loop NTPases show substantial substrate preference for either ATP or GTP [[cite:PUB00064266]].</p>"
7;IPR009057;"doi:10.1016/j.cell.2021.04.011
imex:IM-25472
imex:IM-29278
pubmed:32296183
pubmed:33961781";Homeodomain-like superfamily;"<p>Homeodomain (HD)-containing proteins are transcription factors that share a related DNA binding domain [[cite:PUB00013192]]. HD was first identified in a number of Drosophila homeotic and segmentation proteins, but is now known to be well conserved in organisms from all domains in life. The domain binds DNA through a helix-turn-helix (HTH) structure. The HTH motif is characterised by two α-helices, which make intimate contacts with the DNA and are joined by a short turn. The second helix binds to DNA via a number of hydrogen bonds and hydrophobic interactions, which occur between specific side chains and the exposed bases and thymine methyl groups within the major groove of the DNA. The first helix helps to stabilise the structure. Many proteins contain homeodomains, including Drosophila Engrailed, yeast mating type proteins, hepatocyte nuclear factor 1a and HOX proteins.</p>

<p>The homeodomain motif is very similar in sequence and structure to domains in a wide range of DNA-binding proteins, including recombinases, Myb proteins, GARP response regulators, human telomeric proteins (hTRF1), paired domain proteins (PAX), yeast RAP1, centromere-binding proteins CENP-B and ABP-1, transcriptional regulators (TyrR), AraC-type transcriptional activators, and tetracycline repressor-like proteins (TetR, QacR, YcdC) [[cite:PUB00013193], [cite:PUB00013194], [cite:PUB00003347]].</p>"
6;IPR001356;"doi:10.1016/j.cell.2021.04.011
imex:IM-25472
imex:IM-29278
pubmed:32296183
pubmed:33961781";Homeodomain;<p>This entry represents the homeodomain (HD), a protein domain of approximately 60 residues that usually binds DNA. It is encoded by the homeobox sequence [[cite:PUB00126359], [cite:PUB00075496], [cite:PUB00153777]], which was first identified in a number of Drosophila homeotic and segmentation proteins, but is now known to be well-conserved in many other animals, including vertebrates [[cite:PUB00000591], [cite:PUB00005390]], as well as plants [[cite:PUB00153787]], fungi [[cite:PUB00071003]] and some species of lower eukaryotes. Many members of this group are transcriptional regulators, some of which operate differential genetic programs along the anterior-posterior axis of animal bodies [[cite:PUB00010002]]. This domain folds into a globular structure with three α-helices connected by two short loops that harbour a hydrophobic core. The second and third form a helix-turn-helix (HTH) motif, which make intimate contacts with the DNA: while the first helix of this motif helps to stabilise the structure, the second helix binds to DNA via a number of hydrogen bonds and hydrophobic interactions, which occur between specific side chains and the exposed bases and thymine methyl groups within the major groove of the DNA. One particularity of the HTH motif in some of these proteins arises from the stereo-chemical requirement for glycine in the turn which is needed to avoid steric interference of the β-carbon with the main chain: for cro and repressor proteins the glycine appears to be mandatory, while for many of the homeotic and other DNA-binding proteins the requirement is relaxed.</p>
5;IPR050224;"doi:10.1016/j.cell.2021.04.011
imex:IM-29278
pubmed:33961781";;
5;IPR008422;"doi:10.1016/j.cell.2021.04.011
imex:IM-29278
pubmed:33961781";KN homeodomain;<p>This entry represents a homeodomain (HD) present in transcription factors conserved from fungi to human and plants [[cite:PUB00053798]]. Genes encoding these proteins were first identified as TALE homeobox proteins in eukaryotes, (including KNOX and MEIS genes) [[cite:PUB00053798], [cite:PUB00075494], [cite:PUB00020003]]. They have been classified [[cite:PUB00075495], [cite:PUB00075496], [cite:PUB00075497]].</p>
4;IPR051098;"doi:10.1016/j.cell.2010.01.044
doi:10.1016/j.cell.2021.04.011
doi:10.1038/nature22366
imex:IM-15364
imex:IM-24272
imex:IM-25778
imex:IM-28774
imex:IM-29278
pubmed:20211142
pubmed:21988832
pubmed:26496610
pubmed:28514442
pubmed:33961781";Neuronal Differentiation E-box Binding Transcription Factors;<p>The protein family is comprised of transcription factors involved in the initiation of neuronal differentiation and various developmental processes. Members of the family are characterized by their ability to bind to E-box motifs (5'-CANNTG-3') in the promoter regions of target genes, thereby activating transcription. They play roles in the development of the GnRH axis, neuronal plasticity, and tissue-specific cell fate determination during embryogenesis, such as muscle or early B-cell differentiation. Some family members also participate in mesenchymal to epithelial transition and may interact with other proteins like ATOH7, MYOD1, and CDP2 to regulate gene expression. The presence of a 9aaTAD motif suggests a transactivation function. The family is also implicated in sex determination and may influence lifespan and metabolism.</p>
4;IPR000719;"doi:10.1016/j.cell.2021.04.011
doi:10.1016/j.celrep.2020.108050
imex:IM-19867
imex:IM-28217
imex:IM-29278
pubmed:15694377
pubmed:16512683
pubmed:32814053
pubmed:33961781";Protein kinase domain;"<p>This entry represents the protein kinase domain containing the catalytic function of protein kinases [[cite:PUB00003569]]. This domain is found in serine/threonine-protein kinases, tyrosine-protein kinases and dual specificity protein kinases.</p>; <p>Eukaryotic protein kinases [[cite:PUB00003569], [cite:PUB00005115], [cite:PUB00015293], [cite:PUB00001530], [cite:PUB00003568]] are enzymes that belong to a very extensive family of proteins which share a conserved catalytic core common with both serine/threonine and tyrosine protein kinases. There are a number of conserved regions in the catalytic domain of protein kinases. In the N-terminal extremity of the catalytic domain there is a glycine-rich stretch of residues in the vicinity of a lysine residue, which has been shown to be involved in ATP binding. In the central part of the catalytic domain there is a conserved aspartic acid residue which is important for the catalytic activity of the enzyme [[cite:PUB00005145]].</p>; <p>Protein phosphorylation, which plays a key role in most cellular activities, is a reversible process mediated by protein kinases and phosphoprotein phosphatases. Protein kinases catalyse the transfer of the gamma phosphate from nucleotide triphosphates (often ATP) to one or more amino acid residues in a protein substrate side chain, resulting in a conformational change affecting protein function. Phosphoprotein phosphatases catalyse the reverse process. 
Protein kinases fall into three broad classes, characterised with respect to substrate specificity [[cite:PUB00005115]]:</p>

<ul>
<li>Serine/threonine-protein kinases</li>
<li>Tyrosine-protein kinases</li>
<li>Dual specificity protein kinases (e.g. MEK -phosphorylates both Thr and Tyr on target proteins)</li>
</ul>

<p>Protein kinase function is evolutionarily conserved from Escherichia coli to human [[cite:PUB00020114]]. Protein kinases play a role in a multitude of cellular processes, including division, proliferation, apoptosis, and differentiation [[cite:PUB00015362]]. Phosphorylation usually results in a functional change of the target protein by changing enzyme activity, cellular location, or association with other proteins. The catalytic subunits of protein kinases are highly conserved, and several structures have been solved [[cite:PUB00034898]], leading to large screens to develop kinase-specific inhibitors for the treatments of a number of diseases [[cite:PUB00034899]].</p>"
4;IPR011009;"doi:10.1016/j.cell.2021.04.011
doi:10.1016/j.celrep.2020.108050
imex:IM-19867
imex:IM-28217
imex:IM-29278
pubmed:15694377
pubmed:16512683
pubmed:32814053
pubmed:33961781";Protein kinase-like domain superfamily;"<p>This entry represents the protein kinase domain superfamily containing the catalytic function of protein kinases. This domain is found in serine/threonine-protein kinases, tyrosine-protein kinases and dual-specificity protein kinases. Protein kinases ([interpro:IPR000719]) modify other proteins by chemically adding phosphate groups to them. This process is fundamental to most signalling and regulatory processes in the eukaryotic cell [[cite:PUB00014025]].</p>; <p>Eukaryotic protein kinases [[cite:PUB00003569], [cite:PUB00005115], [cite:PUB00015293], [cite:PUB00001530], [cite:PUB00003568]] are enzymes that belong to a very extensive family of proteins which share a conserved catalytic core common with both serine/threonine and tyrosine protein kinases. There are a number of conserved regions in the catalytic domain of protein kinases. In the N-terminal extremity of the catalytic domain there is a glycine-rich stretch of residues in the vicinity of a lysine residue, which has been shown to be involved in ATP binding. In the central part of the catalytic domain there is a conserved aspartic acid residue which is important for the catalytic activity of the enzyme [[cite:PUB00005145]].</p>; <p>Protein phosphorylation, which plays a key role in most cellular activities, is a reversible process mediated by protein kinases and phosphoprotein phosphatases. Protein kinases catalyse the transfer of the gamma phosphate from nucleotide triphosphates (often ATP) to one or more amino acid residues in a protein substrate side chain, resulting in a conformational change affecting protein function. Phosphoprotein phosphatases catalyse the reverse process. 
Protein kinases fall into three broad classes, characterised with respect to substrate specificity [[cite:PUB00005115]]:</p>

<ul>
<li>Serine/threonine-protein kinases</li>
<li>Tyrosine-protein kinases</li>
<li>Dual specificity protein kinases (e.g. MEK -phosphorylates both Thr and Tyr on target proteins)</li>
</ul>

<p>Protein kinase function is evolutionarily conserved from Escherichia coli to human [[cite:PUB00020114]]. Protein kinases play a role in a multitude of cellular processes, including division, proliferation, apoptosis, and differentiation [[cite:PUB00015362]]. Phosphorylation usually results in a functional change of the target protein by changing enzyme activity, cellular location, or association with other proteins. The catalytic subunits of protein kinases are highly conserved, and several structures have been solved [[cite:PUB00034898]], leading to large screens to develop kinase-specific inhibitors for the treatments of a number of diseases [[cite:PUB00034899]].</p>"
4;IPR013083;"doi:10.1242/jcs.233395
imex:IM-24272
imex:IM-25805
pubmed:26496610
pubmed:31391242";Zinc finger, RING/FYVE/PHD-type;"<p>This superfamily represents RING-, PHD-, and FYVE-type zinc finger domains, which share a common dimetal (zinc)-bound α/β structural fold, as well as the non-zinc-containing U-box domain, which is similar to the RING zinc finger only lacking the metal ion-binding residues (U-box associated with multi-ubiquitination).</p>; <p>Zinc finger (Znf) domains are relatively small protein motifs which contain multiple finger-like protrusions that make tandem contacts with their target molecule. Some of these domains bind zinc, but many do not; instead, they bind other metals, such as iron, or no metal at all. For example, some family members form salt bridges to stabilise the finger-like folds. They were first identified as a DNA-binding motif in transcription factor TFIIIA from Xenopus laevis (African clawed frog); however, they are now recognised to bind DNA, RNA, protein and/or lipid substrates [[cite:PUB00035807], [cite:PUB00035805], [cite:PUB00035806], [cite:PUB00035804], [cite:PUB00014077]]. Their binding properties depend on the amino acid sequence of the finger domains and of the linker between fingers, as well as on the higher-order structures and the number of fingers. Znf domains are often found in clusters, where fingers can have different binding specificities. There are many superfamilies of Znf motifs, varying in both sequence and structure. They display considerable versatility in binding modes, even between members of the same class (e.g., some bind DNA, others protein), suggesting that Znf motifs are stable scaffolds that have evolved specialised functions. For example, Znf-containing proteins function in gene transcription, translation, mRNA trafficking, cytoskeleton organisation, epithelial development, cell adhesion, protein folding, chromatin remodelling and zinc sensing, to name but a few [[cite:PUB00035812]]. Zinc-binding motifs are stable structures, and they rarely undergo conformational changes upon binding their target.</p>"
4;IPR017970;"doi:10.1016/j.cell.2021.04.011
imex:IM-25472
imex:IM-29278
pubmed:32296183
pubmed:33961781";Homeobox, conserved site;"<p>This entry represents a conserved site found in the homeodomain (HD), a protein domain of approximately 60 residues that usually binds DNA. It is encoded by the homeobox sequence [[cite:PUB00126359], [cite:PUB00075496], [cite:PUB00153777]], which was first identified in a number of Drosophila homeotic and segmentation proteins, but is now known to be well-conserved in many other animals, including vertebrates [[cite:PUB00000591], [cite:PUB00005390]]. Members of this group are transcriptional regulators that operate differential genetic programs along the anterior-posterior axis of animal bodies [[cite:PUB00010002]]. The domain binds DNA through a helix-turn-helix (HTH) structure. The HTH motif is characterised by two α-helices, which make intimate contacts with the DNA and are joined by a short turn. The second helix binds to DNA via a number of hydrogen bonds and hydrophobic interactions, which occur between specific side chains and the exposed bases and thymine methyl groups within the major groove of the DNA. The first helix helps to stabilise the structure.</p>

<p>The motif is very similar in sequence and structure in a wide range of DNA-binding proteins (e.g., cro and repressor proteins, homeotic proteins, etc.). One of the principal differences between HTH motifs in these different proteins arises from the stereo-chemical requirement for glycine in the turn which is needed to avoid steric interference of the β-carbon with the main chain: for cro and repressor proteins the glycine appears to be mandatory, while for many of the homeotic and other DNA-binding proteins the requirement is relaxed.</p>"
3;IPR036465;"doi:10.1016/j.cell.2021.04.011
imex:IM-14939
imex:IM-24272
imex:IM-25472
imex:IM-29278
pubmed:17891176
pubmed:26496610
pubmed:32296183
pubmed:33961781";von Willebrand factor A-like domain superfamily;"<p>The von Willebrand factor is a large multimeric glycoprotein found in blood plasma. Mutant forms are involved in the aetiology of bleeding disorders 
[[cite:PUB00001522]]. In von Willebrand factor, the type A domain (vWF) is the prototype for a protein superfamily. The vWF domain is found in various plasma proteins: complement factors B, C2, CR3 and CR4; the integrins (I-domains); collagen types VI, VII, XII and XIV; and other extracellular proteins [[cite:PUB00003554], [cite:PUB00003322], [cite:PUB00001619]]. Although the majority of VWA-containing proteins are extracellular, the most ancient ones present in all eukaryotes are all intracellular proteins involved in functions such as transcription, DNA repair, ribosomal and membrane transport and the proteasome. A common feature appears to be involvement in multiprotein complexes. Proteins that incorporate vWF domains participate in numerous biological events (e.g. cell adhesion, migration, homing, pattern formation, and signal transduction), involving interaction with a large array of ligands [[cite:PUB00003554]]. A number of human diseases arise from mutations in VWA domains.</p>"
3;IPR002035;"doi:10.1016/j.cell.2021.04.011
imex:IM-14939
imex:IM-24272
imex:IM-25472
imex:IM-29278
pubmed:17891176
pubmed:26496610
pubmed:32296183
pubmed:33961781";von Willebrand factor, type A;"<p>The von Willebrand factor is a large multimeric glycoprotein found in blood plasma. Mutant forms are involved in the aetiology of bleeding disorders 
[[cite:PUB00001522]]. In von Willebrand factor, the type A domain (vWF) is the prototype for a protein superfamily. The vWF domain is found in various plasma proteins: complement factors B, C2, CR3 and CR4; the integrins (I-domains); collagen types VI, VII, XII and XIV; and other extracellular proteins [[cite:PUB00003554], [cite:PUB00003322], [cite:PUB00001619]]. Although the majority of VWA-containing proteins are extracellular, the most ancient ones present in all eukaryotes are all intracellular proteins involved in functions such as transcription, DNA repair, ribosomal and membrane transport and the proteasome. A common feature appears to be involvement in multiprotein complexes. Proteins that incorporate vWF domains participate in numerous biological events (e.g. cell adhesion, migration, homing, pattern formation, and signal transduction), involving interaction with a large array of ligands [[cite:PUB00003554]]. A number of human diseases arise from mutations in VWA domains.</p>"
3;IPR029057;"doi:10.1016/j.cell.2021.04.011
imex:IM-25472
imex:IM-29278
pubmed:32296183
pubmed:33961781";Phosphoribosyltransferase-like;<p>This superfamily represents a phosphoribosyltransferase-like domain. Proteins containing this domain include phosphoribosyltransferases (PRTases) [[cite:PUB00037289]], phosphoribosylpyrophosphate synthetase-like proteins [[cite:PUB00024226]] and some uncharacterised proteins.</p>
3;IPR000836;"doi:10.1016/j.cell.2021.04.011
imex:IM-25472
imex:IM-29278
pubmed:32296183
pubmed:33961781";Phosphoribosyltransferase domain;<p>This entry refers to the phosphoribosyl transferase (PRT) type I domain. PRTases catalyze the displacement of the alpha-1'-pyrophosphate of 5-phosphoribosyl-alpha1-pyrpphosphate (PRPP) by a nitrogen-containing nucleophile. The reaction products are an alpha-1 substituted ribose-5'-phosphate and a free pyrophosphate (PP).  PRPP, an activated form of ribose-5-phosphate, is a key metabolite connecting nucleotide synthesis and salvage pathways. The type I PRTases are identified by a conserved PRPP binding motif which features two adjacent acidic residues surrounded by one or more hydrophobic residue. This domain is found in a range of diverse phosphoribosyl transferase enzymes and regulatory proteins of the nucleotide synthesis and salvage pathways, including adenine phosphoribosyltransferase [ec:2.4.2.7], hypoxanthine-guanine-xanthine phosphoribosyltransferase, hypoxanthine phosphoribosyltransferase [ec:2.4.2.8], ribose-phosphate pyrophosphokinase [ec:2.7.6.1], amidophosphoribosyltransferase [ec:2.4.2.14], orotate phosphoribosyltransferase [ec:2.4.2.10], uracil phosphoribosyltransferase [ec:2.4.2.9], and xanthine-guanine phosphoribosyltransferase [ec:2.4.2.22]. In Arabidopsis, at the very N terminus of this domain is the P-Loop NTPase domain [[cite:PUB00060940], [cite:PUB00028083], [cite:PUB00080233], [cite:PUB00038074], [cite:PUB00046981], [cite:PUB00080234], [cite:PUB00080235], [cite:PUB00060925], [cite:PUB00080236], [cite:PUB00080237], [cite:PUB00080238], [cite:PUB00080239], [cite:PUB00080240]].</p>
3;IPR005542;"doi:10.1016/j.cell.2021.04.011
imex:IM-29278
pubmed:33961781";PBX, PBC domain;"<p>Pbx proteins are members of the TALE (three-amino-acid loop extension) family of atypical homeodomain proteins, whose members
are characterised by a three-residue insertion between helix 1 and 2 and plays essential roles during embryonic development by participating in interactive TF networks. The heterodimerization of TALE proteins serves as a trigger for precise execution of developmental programs. Examination
of Pbx1 has shown that, in addition to the homeodomain, a short 16-residue C-terminal tail is essential for maximal cooperative interactions with
Hox partners as well as for maximal monomeric binding of Pbx1 to DNA.</p>"
3;IPR011989;"doi:10.1016/j.cell.2021.04.011
imex:IM-15364
imex:IM-24272
imex:IM-29278
pubmed:21988832
pubmed:26496610
pubmed:33961781";Armadillo-like helical;<p>This superfamily represents a domain consisting of a multi-helical fold comprising two curved layers of α-helices arranged in a regular right-handed superhelix, where the repeats that make up this structure are arranged about a common axis [[cite:PUB00015442]]. These superhelical structures present an extensive solvent-accessible surface that is well suited to binding large substrates such as proteins and nucleic acids. This topology has been found with a number of repeats and domains, including the armadillo repeat (found in beta-catenins and importins), the HEAT repeat (found in protein phosphatase 2a and initiation factor eIF4G), the PHAT domain (found in Smaug RNA-binding protein), the leucine-rich repeat variant, the Pumilo repeat, and in the H regulatory subunit of V-type ATPases. The sequence similarity among these different repeats or domains is low, however they exhibit considerable structural similarity. Furthermore, the number of repeats present in the superhelical structure can vary between orthologues, indicating that rapid loss/gain of repeats has occurred frequently in evolution. A common phylogenetic origin has been proposed for the armadillo and HEAT repeats [[cite:PUB00015443]].</p>
3;IPR016024;"doi:10.1016/j.cell.2021.04.011
imex:IM-15364
imex:IM-24272
imex:IM-29278
pubmed:21988832
pubmed:26496610
pubmed:33961781";Armadillo-type fold;"<p>This entry represents a structural domain with an armadillo (ARM)-like fold, consisting of a multi-helical fold comprised of two curved layers of α-helices arranged in a regular right-handed superhelix, where the repeats that make up this structure are arranged about a common axis [[cite:PUB00015442]]. These superhelical structures present an extensive solvent-accessible surface that is well suited to binding large substrates such as proteins and nucleic acids.</p>

<p>The sequence similarity among these different repeats or domains is low, however they exhibit considerable structural similarity. Furthermore, the number of repeats present in the superhelical structure can vary between orthologues, indicating that rapid loss/gain of repeats has occurred frequently in evolution. A common phylogenetic origin has been proposed for the armadillo and HEAT repeats [[cite:PUB00015443]].</p>"
3;IPR036249;"doi:10.1016/j.cell.2021.04.011
imex:IM-24272
imex:IM-29278
pubmed:26496610
pubmed:33961781";Thioredoxin-like superfamily;"<p>This entry represents the Thioredoxin-like superfamily which brings together a diverse group of proteins that play crucial roles in various cellular processes, particularly in redox reactions [[cite:PUB00160392], [cite:PUB00160393]]. This superfamily is characterised by two key features:</p>

<ul><li>A conserved Cys-X-X-Cys (CXXC) motif at the active site, located at the N-terminal of an α-helix.</li>
<li>A distinctive structural fold known as the ""thioredoxin fold,"" consisting of a central four-stranded mixed β-sheet, surrounded by α-helices, with a strand order: 2134 in which strand 3 is antiparallel to the others.</li></ul>

<p>In a redox reaction, the side chains of the two cysteines in this active site motif can switch from the free thiol (SH) form to a disulphide bond (S-S) and/or back and hence donate or accept electrons. The preference for electron donation or acceptance, along with the cellular redox context, determines the biological function of each protein.</p>; <p>Several biological processes regulate the activity of target proteins through changes in the redox state of thiol groups (S2 to SH2), where a hydrogen donor is linked to an intermediary disulphide protein. Such processes include the ferredoxin/thioredoxin system, the NADP/thioredoxin system, and the glutathione/glutaredoxin system [[cite:PUB00016292]]. Several of these disulphide proteins share a common structure, consisting of a three-layer α/β/α core. Proteins that contain domains with a thioredoxin-like fold include:</p>

<ul>
<li>Arsenate reductase (ArsC) [[cite:PUB00025947]]</li>
<li>Calsequestrin (contains three tandem repeats of this fold) [[cite:PUB00023289]]</li>
<li>Circadian oscillation regulator KaiB [[cite:PUB00015216]]</li>
<li>Disulphide bond isomerase DsbC and DsbG (C-terminal domain) [[cite:PUB00013324], [cite:PUB00031997]]</li>
<li>Disulphide bond facilitator DsbA (contains an α-helical insertion) [[cite:PUB00023314]]</li>
<li>Endoplasmic reticulum protein ERP29 (N-terminal domain) [[cite:PUB00014099]]</li>
<li>Glutathione S-transferase (GST) (N-terminal domain) [[cite:PUB00039118]]</li>
<li>Mitochondrial ribosomal protein L51/S25/CI-B8 domain (variable positions for Cys residues in active site) [[cite:PUB00030888]]</li>
<li>Phosducin [[cite:PUB00032922]]</li>
<li>Protein disulphide isomerase (PDI) (contains two tandem repeats of this fold) [[cite:PUB00032776]]</li>
<li>Glutathione peroxidase-like enzymes [[cite:PUB00001337]]</li>
<li>Selenoprotein W-related [[cite:PUB00035459]]</li>
<li>SH3-binding glutamic acid-rich protein like (SH3BGR) (lacks both conserved Cys residues) [[cite:PUB00031286]]</li>
<li>Spliceosomal protein U5-15Kd [[cite:PUB00007371]]</li>
<li>Thioltransferases, including thioredoxin [[cite:PUB00032923]], glutaredoxin [[cite:PUB00024544]], hybrid peroxiredoxin hyPrx5 [[cite:PUB00029121]]</li>
<li>Thioredoxin-like 2Fe-2S ferredoxin [[cite:PUB00027201]]</li>
</ul>"
3;IPR012340;"doi:10.1016/j.cell.2021.04.011
imex:IM-24272
imex:IM-29278
pubmed:26496610
pubmed:33961781";Nucleic acid-binding, OB-fold;"<p>A five-stranded β-barrel was first noted as a common structure among four proteins binding single-stranded nucleic acids (staphylococcal nuclease and aspartyl-tRNA synthetase) or oligosaccharides (B subunits of enterotoxin and verotoxin-1), and has been termed the oligonucleotide/oligosaccharide binding motif, or OB fold, a five-stranded β-sheet coiled to form a closed β-barrel capped by an α helix located between the third and fourth strands [[cite:PUB00016307]]. Two ribosomal proteins, S17 and S1, are members of this class and have different variations of the OB fold theme. Comparisons with other OB fold nucleic acid binding proteins suggest somewhat different mechanisms of nucleic acid recognition in each case [[cite:PUB00011768]].</p>

<p>There are many nucleic acid-binding proteins that contain domains with this OB-fold structure, including:</p>

<ul><li>Large ribosomal subunit protein uL2</li>
  <li>Small ribosomal subunit protein uS12</li>
  <li>DNA ligase</li>
  <li>Polyribonucleotide nucleotidyltransferase</li>
  <li>Phage ssDNA-binding proteins (gp32, gp2.5, gpV)</li>
  <li>Holliday junction branch migration complex subunit RuvA</li>
  <li>Elongation factor P</li></ul>"
2;IPR013783;"doi:10.1016/j.celrep.2020.108050
imex:IM-24272
imex:IM-28217
pubmed:26496610
pubmed:32814053";Immunoglobulin-like fold;"<p>This superfamily represents domains with an immunoglobulin-like (Ig-like) fold, which consists of a β-sandwich of seven or more strands in two sheets with a Greek-key topology. Ig-like domains are one of the most common protein modules found in animals, occurring in a variety of different proteins. These domains are often involved in interactions, commonly with other Ig-like domains via their β-sheets [[cite:PUB00003330], [cite:PUB00018310], [cite:PUB00015110], [cite:PUB00027656]].  Domains within this fold-family share the same structure, but can diverge with respect to their sequence. Based on sequence, Ig-like domains can be classified as V-set domains (antibody variable domain-like), C1-set domains (antibody constant domain-like), C2-set domains, and I-set domains (antibody intermediate domain-like). Proteins can contain more than one of these types of Ig-like domains. For example, in the human T-cell receptor antigen CD2, domain 1 (D1) is a V-set domain, while domain 2 (D2) is a C2-set domain, both domains having the same Ig-like fold [[cite:PUB00027700]].</p>
<p>Domains with an Ig-like fold can be found in many, diverse proteins in addition to immunoglobulin molecules. For example, Ig-like domains occur in several different types of receptors (such as various T-cell antigen receptors), several cell adhesion molecules, MHC class I and II antigens, as well as the hemolymph protein hemolin, and the muscle proteins titin, telokin and twitchin.</p>"
2;IPR013320;"imex:IM-24272
imex:IM-25472
pubmed:26496610
pubmed:32296183";Concanavalin A-like lectin/glucanase domain superfamily;"<p>This superfamily represents the concanavalin A-like domain, which has a sandwich structure of 12-14 β-strands in two sheets with a complex topology. Proteins containing this domain include:</p>

<ul>
<li>Legume lectins</li>
<li>Glycosyl hydrolases family 16</li>
<li>Galectin (animal S-lectin)</li>
<li>Laminin G-like module</li>
<li>Pentraxin</li>
<li>Clostridium neurotoxins</li>
<li>Exotoxin A</li>
<li>Vibrio cholera sialidase</li>
<li>Leech intramolecular trans-sialidase</li>
<li>Glycosyl hydrolase family 7</li>
<li>Xylanase/endoglucanase</li>
<li>Calnexin/calreticulin</li>
<li>Lectin leg-like</li>
<li>vp4 sialic acid binding protein</li>
<li>Trypanosoma sialidase</li>
<li>Thrombospondin</li>
<li>Hypothetical protein YesU</li>
<li>Alginate lyase</li>
<li>Glycosyl hydrolases family 32</li>
<li>Peptidase A4</li>
<li>Alpha-L-arabinofuranosidase B</li>
<li>SPRY domain containing proteins</li>
<li>Beta-D-xylosidase</li>
<li>SO2946-like</li>
<li>MAM domain containing proteins</li>
</ul>"
2;IPR029071;"doi:10.1016/j.cell.2021.04.011
imex:IM-24272
imex:IM-29278
pubmed:26496610
pubmed:33961781";Ubiquitin-like domain superfamily;<p>Ubiquitin (Ub) and Ub-like proteins are typified by a β-grasp fold. Ub-like proteins (Ubl) such as Nedd8 [[cite:PUB00069793]] and SUMO [[cite:PUB00053766]] are also covalently linked to target polypeptides, just as Ub itself. This fold is also found in Ub-related domains, such as the UBX domain [[cite:PUB00018088]] and Ras-binding domain (RBD) [[cite:PUB00018368]].</p>
2;IPR002546;"imex:IM-25472
pubmed:32296183";Myogenic muscle-specific protein, N-terminal;"<p>Members of the bHLH family of transcription factors share homology within a basic domain and an adjacent helix-loop-helix motif. Myogenic factor MyoD belongs to the bHLH family [[cite:PUB00004903]].</p>

<p>This domain can be found at the N terminus of MyoD, which is muscle specific protein that control muscle development. This domain includes the predicted N-terminal transcription activation domain and part of the basic domain [[cite:PUB00003705], [cite:PUB00075517]].</p>"
2;IPR039704;"imex:IM-25472
pubmed:32296183";Myogenic factor;<p>Myogenic factors are involved in muscle differentiation, inducing fibroblasts to differentiate into myoblasts.  Myogenic factor 5 (Myf5) is responsible for directing cells to the skeletal myocyte lineage during development [[cite:PUB00075517]]. Myf5 and Myod (myoblast determination protein 1) are predominantly expressed in proliferating myoblasts while Myf4 and Myf6 are involved in differentiation of myotubes [[cite:PUB00090005]].  Myogenin (MYOG) is a transcriptional activator that promotes transcription of muscle-specific target genes and plays a role in muscle differentiation, cell cycle exit and muscle atrophy [[cite:PUB00090006], [cite:PUB00075518]].</p>
2;IPR017441;"doi:10.1016/j.celrep.2020.108050
imex:IM-19867
imex:IM-28217
pubmed:16512683
pubmed:32814053";Protein kinase, ATP binding site;"<p>Eukaryotic protein kinases [[cite:PUB00015293], [cite:PUB00001530], [cite:PUB00003568], [cite:PUB00003569], [cite:PUB00005115]] are enzymes that belong to a very extensive family of proteins which share a conserved catalytic core common with both serine/threonine and tyrosine protein kinases. There are a number of conserved regions in the catalytic domain of protein kinases.</p>
<p>This entry represents a conserved site, which is located in the N-terminal extremity of the catalytic domain, where there is a glycine-rich stretch of residues in the vicinity of a lysine residue. It is this lysine residue that has been shown to be involved in ATP binding.</p>; <p>Protein phosphorylation, which plays a key role in most cellular activities, is a reversible process mediated by protein kinases and phosphoprotein phosphatases. Protein kinases catalyse the transfer of the gamma phosphate from nucleotide triphosphates (often ATP) to one or more amino acid residues in a protein substrate side chain, resulting in a conformational change affecting protein function. Phosphoprotein phosphatases catalyse the reverse process. 
Protein kinases fall into three broad classes, characterised with respect to substrate specificity [[cite:PUB00005115]]:</p>

<ul>
<li>Serine/threonine-protein kinases</li>
<li>Tyrosine-protein kinases</li>
<li>Dual specificity protein kinases (e.g. MEK -phosphorylates both Thr and Tyr on target proteins)</li>
</ul>

<p>Protein kinase function is evolutionarily conserved from Escherichia coli to human [[cite:PUB00020114]]. Protein kinases play a role in a multitude of cellular processes, including division, proliferation, apoptosis, and differentiation [[cite:PUB00015362]]. Phosphorylation usually results in a functional change of the target protein by changing enzyme activity, cellular location, or association with other proteins. The catalytic subunits of protein kinases are highly conserved, and several structures have been solved [[cite:PUB00034898]], leading to large screens to develop kinase-specific inhibitors for the treatments of a number of diseases [[cite:PUB00034899]].</p>"
2;IPR008266;"doi:10.1016/j.cell.2021.04.011
doi:10.1016/j.celrep.2020.108050
imex:IM-28217
imex:IM-29278
pubmed:32814053
pubmed:33961781";Tyrosine-protein kinase, active site;"<p>This entry represents the tyrosine protein kinase active site. It also matches a number of proteins belonging to the atypical serine/threonine protein kinase BUD32 family, which lack the conventional structural elements necessary for the substrate recognition and also lack the lysine residue that in all other serine/threonine kinases participates in the catalytic event.</p>; <p>Tyrosine-protein kinases can transfer a phosphate group from ATP to a tyrosine residue in a protein. These enzymes can be divided into two main groups [[cite:PUB00020114]]:</p>

<ul>
<li>Receptor tyrosine kinases (RTK), which are transmembrane proteins involved in signal transduction; they play key roles in growth, differentiation, metabolism, adhesion, motility, death and oncogenesis [[cite:PUB00052410]]. RTKs are composed of 3 domains: an extracellular domain (binds ligand), a transmembrane (TM) domain, and an intracellular catalytic domain (phosphorylates substrate). The TM domain plays an important role in the dimerisation process necessary for signal transduction [[cite:PUB00052411]].</li>
<li>Cytoplasmic/non-receptor tyrosine kinases, which act as regulatory proteins, playing key roles in cell differentiation, motility, proliferation, and survival. For example, the Src-family of protein-tyrosine kinases [[cite:PUB00052412]].</li>
</ul>; <p>Protein phosphorylation, which plays a key role in most cellular activities, is a reversible process mediated by protein kinases and phosphoprotein phosphatases. Protein kinases catalyse the transfer of the gamma phosphate from nucleotide triphosphates (often ATP) to one or more amino acid residues in a protein substrate side chain, resulting in a conformational change affecting protein function. Phosphoprotein phosphatases catalyse the reverse process. 
Protein kinases fall into three broad classes, characterised with respect to substrate specificity [[cite:PUB00005115]]:</p>

<ul>
<li>Serine/threonine-protein kinases</li>
<li>Tyrosine-protein kinases</li>
<li>Dual specificity protein kinases (e.g. MEK -phosphorylates both Thr and Tyr on target proteins)</li>
</ul>

<p>Protein kinase function is evolutionarily conserved from Escherichia coli to human [[cite:PUB00020114]]. Protein kinases play a role in a multitude of cellular processes, including division, proliferation, apoptosis, and differentiation [[cite:PUB00015362]]. Phosphorylation usually results in a functional change of the target protein by changing enzyme activity, cellular location, or association with other proteins. The catalytic subunits of protein kinases are highly conserved, and several structures have been solved [[cite:PUB00034898]], leading to large screens to develop kinase-specific inhibitors for the treatments of a number of diseases [[cite:PUB00034899]].</p>"
2;IPR032453;"doi:10.1016/j.cell.2021.04.011
imex:IM-29278
pubmed:33961781";Homeobox protein PKNOX/Meis, N-terminal;<p>This domain is found towards the N terminus of the TALE/MEIS homeobox family members, including homeobox protein PKNOX and Meis.</p>
2;IPR004123;"doi:10.1016/j.cell.2021.04.011
imex:IM-24272
imex:IM-29278
pubmed:26496610
pubmed:33961781";Dim1 family;"<p>This entry represents fission yeast Dim1 and its homologues, including Dib1 from budding yeasts, YLS8 from plants and TXNL4 from animals. Dim1 was originally identified as a mitosis protein [[cite:PUB00075149]]. Later, it was found to interact with spliceosome component Prp6, which is involved in pre-mRNA splicing [[cite:PUB00075151]]. Dim1 may act at the level of mRNA, which impacts the functioning of the APC/C, a critical complex in controlling mitotic progression [[cite:PUB00075152]].</p>

<p>It's worth noting that although the Dim proteins exhibit a thioredoxin-like fold, they lack the disulfide bond required for the thioredoxin redox activity [[cite:PUB00075153]].</p>"
2;IPR050283;"doi:10.1016/j.cell.2021.04.011
imex:IM-25472
imex:IM-29278
pubmed:32296183
pubmed:33961781";E-box Binding Transcriptional Regulators;<p>The protein family functions as transcriptional regulators with diverse roles in development, differentiation, and metabolism. Members of the family are characterized by their ability to bind E-box consensus sequences (5'-CANNTG-3') and modulate gene expression. They are involved in processes such as myogenesis inhibition, neurogenesis, cardiac morphogenesis, pancreas development, limb development, and epithelial-mesenchymal interactions. Some act as transcriptional repressors, while others form heterodimers with E proteins to activate or repress transcription. They play roles in cell fate determination, maintenance of stem cell pluripotency, and regulation of metabolic pathways. The family includes factors that are essential for the development of specific tissues and organs, and for the maintenance of homeostasis in adult tissues.</p>
2;IPR036322;"doi:10.1016/j.cell.2021.04.011
imex:IM-24272
imex:IM-29278
pubmed:26496610
pubmed:33961781";WD40-repeat-containing domain superfamily;"<p>This entry identifies a domain superfamily containing adjacent WD repeats. These WD repeats are located on β-sheets (blades) that fold into a higher order  structure called β-propeller.</p>; <p>WD-40 repeats (also known as WD or β-transducin repeats) are short ~40 amino acid motifs, often terminating in a Trp-Asp (W-D) dipeptide. WD40 repeats usually assume a 7-8 bladed β-propeller fold, but proteins have been found with 4 to 16 repeated units, which also form a circularised β-propeller structure. WD-repeat proteins are a large family found in all eukaryotes and are implicated in a variety of functions ranging from signal transduction and transcription regulation to cell cycle control and apoptosis. Repeated WD40 motifs act as a site for protein-protein or protein-DNA  interaction, and proteins containing WD40 repeats are known to serve as platforms for the assembly of protein complexes or mediators of transient interplay among other proteins [[cite:PUB00094364]]. The specificity of the proteins is determined by the sequences outside the repeats themselves. Examples of such complexes are G proteins (beta subunit is a β-propeller), TAFII transcription factor, and E3 ubiquitin ligase [[cite:PUB00015237], [cite:PUB00005491]]. In Arabidopsis spp., several WD40-containing proteins act as key regulators of plant-specific developmental events.</p>"
2;IPR015943;"doi:10.1016/j.cell.2021.04.011
imex:IM-24272
imex:IM-29278
pubmed:26496610
pubmed:33961781";WD40/YVTN repeat-like-containing domain superfamily;<p>This superfamily represents a WD40/YVTN repeat-like domain. Both the WD40 and the YVTN repeated motifs consist of about 40 residues, and although they consist of distinct sequences, they do share a similar structure. Structurally, both the WD40 and the YVTN repeated motifs form seven-bladed propellers (although some members can contain eight blades), which consist of seven 4-stranded β-sheets.</p>
2;IPR014001;"doi:10.1016/j.cell.2021.04.011
imex:IM-24272
imex:IM-29278
pubmed:26496610
pubmed:33961781";Helicase superfamily 1/2, ATP-binding domain;"<p>This entry represents the DNA-binding domain of classical SF1 and SF2 helicases. It does not recognise bacterial DinG and eukaryotic Rad3 which differ from other SF1-SF2 helicases by the presence of a large insert after the Walker A (see [interpro:IPR014013]).</p>; <p>Helicases have been classified in 5 superfamilies (SF1-SF5). All of the proteins bind ATP and, consequently, all of them carry the classical Walker A (phosphate-binding loop or P-loop) and Walker B (Mg2+-binding aspartic acid) motifs. For the two largest groups, commonly referred to as SF1 and SF2, a total of seven characteristic motifs has been identified [[cite:PUB00004361]]. These two superfamilies encompass a large number of DNA and RNA helicases from archaea, eubacteria, eukaryotes and viruses that seem to be active as monomers or dimers. RNA and DNA helicases are considered to be enzymes that catalyse the separation of double-stranded nucleic acids in an energy-dependent manner [[cite:PUB00033619]].</p>

<p>The various structures of SF1 and SF2 helicases present a common core with two α-β RecA-like domains [[cite:PUB00033619], [cite:PUB00025034]]. The structural homology with the RecA recombination protein covers the five contiguous parallel β-strands and the tandem α-helices. ATP binds to the amino proximal α-β domain, where the Walker A (motif I) and Walker B (motif II) are found. The N-terminal domain also contains motif III (S-A-T) which was proposed to participate in linking ATPase and helicase activities. The carboxy-terminal α-β domain is structurally very similar to the proximal one even though it is bereft of an ATP-binding site, suggesting that it may have originally arisen through gene duplication of the first one.</p>

<p>Some members of helicase superfamilies 1 and 2 are listed below:</p>

<ul><li>DEAD-box RNA helicases. The prototype of DEAD-box proteins is the translation initiation factor eIF4A. The eIF4A protein is an RNA-dependent ATPase which functions together with eIF4B as an RNA helicase [[cite:PUB00033620]].</li>
<li>DEAH-box RNA helicases. Mainly pre-mRNA-splicing factor ATP-dependent RNA helicases [[cite:PUB00033620]].</li>
<li>Eukaryotic DNA repair helicase RAD3/ERCC-2, an ATP-dependent 5'-3' DNA helicase involved in nucleotide excision repair of UV-damaged DNA.</li>
<li>Eukaryotic TFIIH basal transcription factor complex helicase XPB subunit. An ATP-dependent 3'-5' DNA helicase which is a component of the core-TFIIH basal transcription factor, involved in nucleotide excision repair (NER) of DNA and, when complexed to CAK, in RNA transcription by RNA polymerase II. It acts by opening DNA either around the RNA transcription start site or the DNA.</li>
<li>Eukaryotic ATP-dependent DNA helicase Q. A DNA helicase that may play a role in the repair of DNA that is damaged by ultraviolet light or other mutagens.</li>
<li>Bacterial and eukaryotic antiviral SKI2-like helicase. SKI2 has a role in the 3'-mRNA degradation pathway, repressing dsRNA virus propagation by specifically blocking translation of viral mRNAs, perhaps recognizing the absence of CAP or poly(A).</li>
<li>Bacterial DNA-damage-inducible protein G (DinG). A probable helicase involved in DNA repair and perhaps also replication [[cite:PUB00033621]].</li>
<li>Bacterial primosomal protein N' (PriA). PriA protein is one of seven proteins that make up the restart primosome, an apparatus that promotes assembly of replisomes at recombination intermediates and stalled replication forks.</li>
<li>Bacterial ATP-dependent DNA helicase RecG. It has a critical role in recombination and DNA repair, helping process Holliday junction intermediates to mature products by catalysing branch migration. It has a DNA unwinding activity characteristic of helicases with a 3' to 5' polarity.</li>
<li>A variety of DNA and RNA virus helicases and transcription factors</li></ul>"
2;IPR013087;"doi:10.1016/j.cell.2021.04.011
imex:IM-24272
imex:IM-29278
pubmed:26496610
pubmed:33961781";Zinc finger C2H2-type;"<p>This entry represents the classical C2H2 zinc finger domain.</p>; <p>C2H2-type (classical) zinc fingers (Znf) were the first class to be characterised. They contain a short β-hairpin and an α-helix (β/β/α structure), where a single zinc atom is held in place by Cys(2)His(2) (C2H2) residues in a tetrahedral array. C2H2 Znf's can be divided into three groups based on the number and pattern of fingers: triple-C2H2 (binds single ligand), multiple-adjacent-C2H2 (binds multiple ligands), and separated paired-C2H2 [[cite:PUB00035808]]. C2H2 Znf's are the most common DNA-binding motifs found in eukaryotic transcription factors, and have also been identified in prokaryotes [[cite:PUB00035809]].  Transcription factors usually contain several Znf's (each with a conserved β/β/α structure) capable of making multiple contacts along the DNA, where the C2H2 Znf motifs recognise DNA sequences by binding to the major groove of DNA via a short α-helix in the Znf, the Znf spanning 3-4 bases of the DNA [[cite:PUB00035811]]. C2H2 zinc fingers can also bind to RNA and protein targets [[cite:PUB00043274]].</p>; <p>Zinc finger (Znf) domains are relatively small protein motifs which contain multiple finger-like protrusions that make tandem contacts with their target molecule. Some of these domains bind zinc, but many do not; instead, they bind other metals, such as iron, or no metal at all. For example, some family members form salt bridges to stabilise the finger-like folds. They were first identified as a DNA-binding motif in transcription factor TFIIIA from Xenopus laevis (African clawed frog); however, they are now recognised to bind DNA, RNA, protein and/or lipid substrates [[cite:PUB00035807], [cite:PUB00035805], [cite:PUB00035806], [cite:PUB00035804], [cite:PUB00014077]]. Their binding properties depend on the amino acid sequence of the finger domains and of the linker between fingers, as well as on the higher-order structures and the number of fingers. Znf domains are often found in clusters, where fingers can have different binding specificities. There are many superfamilies of Znf motifs, varying in both sequence and structure. They display considerable versatility in binding modes, even between members of the same class (e.g., some bind DNA, others protein), suggesting that Znf motifs are stable scaffolds that have evolved specialised functions. For example, Znf-containing proteins function in gene transcription, translation, mRNA trafficking, cytoskeleton organisation, epithelial development, cell adhesion, protein folding, chromatin remodelling and zinc sensing, to name but a few [[cite:PUB00035812]]. Zinc-binding motifs are stable structures, and they rarely undergo conformational changes upon binding their target.</p>"
2;IPR036236;"doi:10.1016/j.cell.2021.04.011
imex:IM-24272
imex:IM-29278
pubmed:26496610
pubmed:33961781";Zinc finger C2H2 superfamily;"<p>C2H2-type (classical) zinc fingers (Znf) were the first class to be characterised. They contain a short β-hairpin and an α-helix (β/β/α structure), where a single zinc atom is held in place by Cys(2)His(2) (C2H2) residues in a tetrahedral array. C2H2 Znf's can be divided into three groups based on the number and pattern of fingers: triple-C2H2 (binds single ligand), multiple-adjacent-C2H2 (binds multiple ligands), and separated paired-C2H2 [[cite:PUB00035808]]. C2H2 Znf's are the most common DNA-binding motifs found in eukaryotic transcription factors, and have also been identified in prokaryotes [[cite:PUB00035809]].  Transcription factors usually contain several Znf's (each with a conserved β/β/α structure) capable of making multiple contacts along the DNA, where the C2H2 Znf motifs recognise DNA sequences by binding to the major groove of DNA via a short α-helix in the Znf, the Znf spanning 3-4 bases of the DNA [[cite:PUB00035811]]. C2H2 zinc fingers can also bind to RNA and protein targets [[cite:PUB00043274]].</p>; <p>Zinc finger (Znf) domains are relatively small protein motifs which contain multiple finger-like protrusions that make tandem contacts with their target molecule. Some of these domains bind zinc, but many do not; instead, they bind other metals, such as iron, or no metal at all. For example, some family members form salt bridges to stabilise the finger-like folds. They were first identified as a DNA-binding motif in transcription factor TFIIIA from Xenopus laevis (African clawed frog); however, they are now recognised to bind DNA, RNA, protein and/or lipid substrates [[cite:PUB00035807], [cite:PUB00035805], [cite:PUB00035806], [cite:PUB00035804], [cite:PUB00014077]]. Their binding properties depend on the amino acid sequence of the finger domains and of the linker between fingers, as well as on the higher-order structures and the number of fingers. Znf domains are often found in clusters, where fingers can have different binding specificities. There are many superfamilies of Znf motifs, varying in both sequence and structure. They display considerable versatility in binding modes, even between members of the same class (e.g., some bind DNA, others protein), suggesting that Znf motifs are stable scaffolds that have evolved specialised functions. For example, Znf-containing proteins function in gene transcription, translation, mRNA trafficking, cytoskeleton organisation, epithelial development, cell adhesion, protein folding, chromatin remodelling and zinc sensing, to name but a few [[cite:PUB00035812]]. Zinc-binding motifs are stable structures, and they rarely undergo conformational changes upon binding their target.</p>"
2;IPR017903;"doi:10.1242/jcs.233395
imex:IM-25805
pubmed:31391242";COS domain;"<p>N-terminal RING finger/B-box/coiled coil (RBCC) or tripartite motif (TRIM) proteins, which are found in metazoa, are involved in a vast array of intracellular functions. They appear to function as part of large protein complexes and possess ubiquitin-protein isopeptide ligase activity. The following RBCC proteins contain an ~60-residue COS (C-terminal subgroup one signature) domain, which is also found in a distantly related non-RBCC microtubule-binding protein, GLFND:</p>

<ul>
<li>Vertebrate MID1 and MID2, which associate with microtubules through homo- and heterodimerization</li>
<li>Animal TRIM9, which plays a regulatory role in synaptic vesicle exocytosis</li>
<li>Mammalian TRIM nine-like (TNL)</li>
<li>Mammalian TRIM36, which could play a regulatory role in exocytosis of the sperm vesicle</li>
<li>Mammalian tripartite, fibronectin type III and C-terminal B30.2/SPRY (TRIFIC)</li>
<li>Mammalian muscle-specific RING finger (MURF) family. MURF proteins have an ability to form both homo- and heterodimers with each other and to associate with the microtubule cytoskeleton</li>
</ul>

<p>In addition to RBCC, the COS domain is also found in association with B30.2/SPRY or fibronectin type-III (FN3) domains.</p>

<p>The COS domain is predicted to consist of two α-helical coils [[cite:PUB00042940]].</p>"
2;IPR050617;"doi:10.1242/jcs.233395
imex:IM-25805
pubmed:31391242";E3 ubiquitin-protein ligases and FN3/SPRY domain-containing proteins;<p>This family of proteins includes E3 ubiquitin-protein ligases and proteins with fibronectin type III and SPRY domains. Members of this family are involved in various cellular processes, including ubiquitination and proteasomal degradation of target proteins, which can influence cell cycle regulation and chromosome segregation. Some proteins within this family mediate spermatid-Sertoli adhesion during spermatogenesis, potentially affecting fertility. Others may act as regulators of adipogenesis, microtubule organization, and stabilization, or serve as anchoring proteins for protein kinase A, influencing muscle function and regeneration. Additionally, certain family members are implicated in neuronal functions, such as synaptic vesicle exocytosis, axonal projections, and neuronal migration, by interacting with components like SNAP25 or through ubiquitin ligase activity.</p>
2;IPR000315;"doi:10.1242/jcs.233395
imex:IM-25805
pubmed:31391242";B-box-type zinc finger;"<p>This entry represents B-box-type zinc finger domains, which are around 40 residues in length.</p>; <p>B-box zinc fingers can be divided into two groups, where types 1 and 2 B-box domains differ in their consensus sequence and in the spacing of the 7-8 zinc-binding residues. Several proteins contain both types 1 and 2 B-boxes, suggesting some level of cooperativity between these two domains. B-box domains are found in over 1500 proteins from a variety of organisms. They are found in TRIM (tripartite motif) proteins that consist of an N-terminal RING finger (originally called an A-box), followed by 1-2 B-box domains and a coiled-coil domain (also called RBCC for Ring, B-box, Coiled-Coil). TRIM proteins contain a type 2 B-box domain, and may also contain a type 1 B-box. In proteins that do not contain RING or coiled-coil domains, the B-box domain is primarily type 2. Many type 2 B-box proteins are involved in ubiquitination. Proteins containing a B-box zinc finger domain include transcription factors, ribonucleoproteins and proto-oncoproteins; for example, MID1, MID2, TRIM9, TNL, TRIM36, TRIM63, TRIFIC, NCL1 and CONSTANS-like proteins [[cite:PUB00042940]].</p>; <p>The microtubule-associated E3 ligase MID1 ([ec:6.3.2]) contains a type 1 B-box zinc finger domain. MID1 specifically binds Alpha-4, which in turn recruits the catalytic subunit of phosphatase 2A (PP2Ac). This complex is required for targeting of PP2Ac for proteasome-mediated degradation. The MID1 B-box coordinates two zinc ions and adopts a β/β/α cross-brace structure similar to that of ZZ, PHD, RING and FYVE zinc fingers [[cite:PUB00040284], [cite:PUB00040653]].</p>"
2;IPR017907;"doi:10.1242/jcs.233395
imex:IM-25805
pubmed:31391242";Zinc finger, RING-type, conserved site;"<p>A number of eukaryotic and viral proteins contain a conserved cysteine-rich domain of 40 to 60 residues (called C3HC4 zinc-finger or 'RING' finger) [[cite:PUB00001094]] that binds two atoms of zinc. There are two different variants, the C3HC4-type and the C3H2C3-type, which is clearly related despite the different cysteine/histidine pattern. The latter type is sometimes referred to as ""RING-H2 finger"". The 3D structure [[cite:PUB00017951]] of the zinc ligation system is referred to as the ""cross-brace"" motif. This atypical conformation is also shared by the FYVE (see [prositedoc:PDOC50178]) and PHD (see [prositedoc:PDOC50016]) domains. Many proteins containing a RING finger play a key role in the ubiquitination pathway. The ubiquitination pathway generally involves three types of enzyme, know as E1, E2 and E3. E1 and E2 are ubiquitin conjugating enzymes. E1 acts first and passes ubiquitin to E2. E3 are ubiquitin protein ligases, responsible for substrate recognition. It has been shown [[cite:PUB00017952], [cite:PUB00017953]] that several RING fingers act as E3 enzymes in the ubiquitination process.</p>; <p>Zinc finger (Znf) domains are relatively small protein motifs which contain multiple finger-like protrusions that make tandem contacts with their target molecule. Some of these domains bind zinc, but many do not; instead, they bind other metals, such as iron, or no metal at all. For example, some family members form salt bridges to stabilise the finger-like folds. They were first identified as a DNA-binding motif in transcription factor TFIIIA from Xenopus laevis (African clawed frog); however, they are now recognised to bind DNA, RNA, protein and/or lipid substrates [[cite:PUB00035807], [cite:PUB00035805], [cite:PUB00035806], [cite:PUB00035804], [cite:PUB00014077]]. Their binding properties depend on the amino acid sequence of the finger domains and of the linker between fingers, as well as on the higher-order structures and the number of fingers. Znf domains are often found in clusters, where fingers can have different binding specificities. There are many superfamilies of Znf motifs, varying in both sequence and structure. They display considerable versatility in binding modes, even between members of the same class (e.g., some bind DNA, others protein), suggesting that Znf motifs are stable scaffolds that have evolved specialised functions. For example, Znf-containing proteins function in gene transcription, translation, mRNA trafficking, cytoskeleton organisation, epithelial development, cell adhesion, protein folding, chromatin remodelling and zinc sensing, to name but a few [[cite:PUB00035812]]. Zinc-binding motifs are stable structures, and they rarely undergo conformational changes upon binding their target.</p>"
2;IPR001841;"doi:10.1242/jcs.233395
imex:IM-25805
pubmed:31391242";Zinc finger, RING-type;"<p>This entry represents RING-type zinc finger domains. The RING-finger is a specialised type of Zn-finger of 40 to 60 residues that binds two atoms of zinc, and is probably involved in mediating protein-protein interactions [[cite:PUB00005712], [cite:PUB00001094], [cite:PUB00006216]]. There are two different variants, the C3HC4-type and a C3H2C3-type, which are clearly related despite the different cysteine/histidine pattern. The latter type is sometimes referred to as 'RING-H2 finger'. The RING domain is a protein interaction domain that has been implicated in a range of diverse biological processes. E3 ubiquitin-protein ligase, in Homo sapiens [swissprot:Q06587], activity is intrinsic to the RING domain of c-Cbl and is likely to be a general function of this domain. E3 ubiquitin-protein ligases determine the substrate specificity for ubiquitylation and have been classified into HECT and RING-finger families. Various RING fingers also exhibit binding to E2 ubiquitin-conjugating enzymes (Ubc's) [[cite:PUB00006474], [cite:PUB00006565], [cite:PUB00006516]].</p>

<p>Several 3D-structures for RING-fingers are known [[cite:PUB00001094], [cite:PUB00006216]]. The 3D structure of the zinc ligation system is unique to the RING domain and is referred to as the 'cross-brace' motif. The spacing of the cysteines in such a domain is C-x(2)-C-x(9 to 39)-C-x(1 to 3)-H-x(2 to 3)-C-x(2)-C-x(4 to 48)-C-x(2)-C. Metal ligand pairs one and three co-ordinate to bind one zinc ion, whilst pairs two and four bind the second.</p>

<p>Note that in the older literature, some RING-fingers are denoted as LIM-domains. The LIM-domain Zn-finger is a fundamentally different family, albeit with similar Cys-spacing (see [interpro:IPR001781]).</p>; <p>Zinc finger (Znf) domains are relatively small protein motifs which contain multiple finger-like protrusions that make tandem contacts with their target molecule. Some of these domains bind zinc, but many do not; instead, they bind other metals, such as iron, or no metal at all. For example, some family members form salt bridges to stabilise the finger-like folds. They were first identified as a DNA-binding motif in transcription factor TFIIIA from Xenopus laevis (African clawed frog); however, they are now recognised to bind DNA, RNA, protein and/or lipid substrates [[cite:PUB00035807], [cite:PUB00035805], [cite:PUB00035806], [cite:PUB00035804], [cite:PUB00014077]]. Their binding properties depend on the amino acid sequence of the finger domains and of the linker between fingers, as well as on the higher-order structures and the number of fingers. Znf domains are often found in clusters, where fingers can have different binding specificities. There are many superfamilies of Znf motifs, varying in both sequence and structure. They display considerable versatility in binding modes, even between members of the same class (e.g., some bind DNA, others protein), suggesting that Znf motifs are stable scaffolds that have evolved specialised functions. For example, Znf-containing proteins function in gene transcription, translation, mRNA trafficking, cytoskeleton organisation, epithelial development, cell adhesion, protein folding, chromatin remodelling and zinc sensing, to name but a few [[cite:PUB00035812]]. Zinc-binding motifs are stable structures, and they rarely undergo conformational changes upon binding their target.</p>"
2;IPR027370;"doi:10.1242/jcs.233395
imex:IM-25805
pubmed:31391242";Zinc finger, RING-type, eukaryotic;<p>This zinc-finger is typical of ubiquitin ligases from eukaryotes [[cite:PUB00064253], [cite:PUB00068569]]. This domain can also be found in Tripartite motif-containing proteins (TRIM), including TRIM5 from humans, a capsid-specific restriction factor that prevents infection from non-host-adapted retroviruses [[cite:PUB00086278], [cite:PUB00077164]].</p>
2;IPR003593;"doi:10.1016/j.cell.2021.04.011
imex:IM-29278
pubmed:33961781";AAA+ ATPase domain;"<p>This entry represents the AAA+ ATPase domain found in a range of proteins, including Holliday junction ATP-dependent DNA helicase RuvB from Mycobacterium sp, ATP synthases, and related ATP-dependent proteins.</p>; <p>The proteins in this superfamily are characterised by the structural conservation of a central ATPase domain of about 250 amino acids called the AAA  module. Typically, the AAA  domain can be divided into two structural subdomains, an N-terminal P-loop NTPase α-β-α subdomain that is connected to a smaller C-terminal all-α subdomain. The α-β-α subdomain adopts a Rossman fold and contains several motifs involved in ATP binding and hydrolysis, including classical motifs Walker A and Walker B [[cite:PUB00057226], [cite:PUB00057227]]. The all-α subdomain [[cite:PUB00005841]], is much less conserved across AAA  proteins.</p>; <p>The AAA+ superfamily of ATPases is found in all kingdoms of living organisms where they participate in diverse cellular processes including membrane fusion, proteolysis and DNA replication. Although the terms AAA+ and AAA are often used loosely and interchangeably, the classical AAA family members are distinguished by their possession of the SRH region in the AAA module. Many AAA+ proteins are involved in similar processes to those of AAA proteins (facilitation of protein folding and unfolding, assembly or disassembly of proteins complexes, protein transport and degradation), but others function in replication, recombination, repair and transcription. For a review see [[cite:PUB00057226]].</p>"
2;IPR041562;"doi:10.1016/j.cell.2021.04.011
imex:IM-29278
pubmed:33961781";MCM, AAA-lid domain;"<p>This entry represents the AAA-lid domain found in MCM proteins.</p>

<p>MCM proteins are DNA-dependent ATPases required for the initiation of eukaryotic DNA replication [[cite:PUB00004410], [cite:PUB00004436], [cite:PUB00005507]]. In eukaryotes there is a family of six proteins, MCM2 to MCM7. They were first identified in yeast where most of them have a direct role in the initiation of chromosomal DNA replication by interacting directly with autonomously replicating sequences (ARS). They were thus called minichromosome maintenance proteins, MCM proteins [[cite:PUB00004422]].</p>"
2;IPR031327;"doi:10.1016/j.cell.2021.04.011
imex:IM-29278
pubmed:33961781";Mini-chromosome maintenance protein;"<p>MCM proteins are DNA-dependent ATPases required for the initiation of eukaryotic DNA replication [[cite:PUB00004410], [cite:PUB00004436], [cite:PUB00005507]]. In eukaryotes there is a family of eight proteins, MCM2 to MCM9. They were first identified in yeast where most of them have a
direct role in the initiation of chromosomal DNA replication by interacting directly with autonomously replicating sequences (ARS). They were thus called minichromosome maintenance proteins, MCM proteins [[cite:PUB00004422]]. These proteins are evolutionarily related and belong to the AAA+ superfamily. They contain the Mcm family domain, which includes motifs that are required for ATP hydrolysis (such as the Walker A and B, and R-finger motifs). Mcm2-7 forms a hexameric complex [[cite:PUB00006390]] in which individual subunits associate with different affinities, and there is a tightly associated core of Mcm4 (Cdc21), Mcm6 (Mis5) and Mcm7 [[cite:PUB00006498]]. Mcm2-7 complex is the replicative helicase involved in replication initiation and elongation [[cite:PUB00006384]], whereas Mcm8 and Mcm9 from and separate one, conserved among many eukaryotes except yeast and C. elegans. Mcm8/9 complex play a role during replication elongation or recombination, being involved in the repair of double-stranded DNA breaks and DNA interstrand cross-links by homologous recombination. Drosophila is the only organism that has MCM8 without MCM9, involved in meiotic recombination [[cite:PUB00094697], [cite:PUB00094698]].</p>
<p>This family is also present in the archebacteria in 1 to 4 copies. Methanocaldococcus jannaschii (Methanococcus jannaschii) has four members, MJ0363, MJ0961, MJ1489 and MJECL13.</p>

<p>Schizosaccharomyces pombe (Fission yeast) MCMs, like those in metazoans, are found in the nucleus throughout the cell cycle.  This is in contrast to the Saccharomyces cerevisiae (Baker's yeast) in which MCM proteins move in and out of the nucleus during each cell cycle.  The assembly of the MCM complex in S. pombe is required for MCM localisation, ensuring that only intact MCM complexes remain in the nucleus [[cite:PUB00006510]].</p>"
2;IPR033762;"doi:10.1016/j.cell.2021.04.011
imex:IM-29278
pubmed:33961781";MCM OB domain;<p>This OB-fold domain is found within MCM (mini-chromosome maintenance) proteins, which are components if the MCM complex involved in chromosome replication [[cite:PUB00081243]]. This domain, found at the N terminus, contains an insertion at the zinc binding motif [[cite:PUB00081234]].</p>
2;IPR001208;"doi:10.1016/j.cell.2021.04.011
imex:IM-29278
pubmed:33961781";MCM domain;"<p>Proteins shown to be required for the initiation of eukaryotic DNA replication share a highly conserved domain of about 210 amino-acid residues [[cite:PUB00004410], [cite:PUB00004436], [cite:PUB00005507]]. The latter shows some similarities [[cite:PUB00004422]] with that of various other families of DNA-dependent ATPases. Eukaryotes seem to possess a family of eight proteins that contain this domain. They were first identified in yeast where most of them have a direct role in the initiation of chromosomal DNA replication by interacting directly with autonomously replicating sequences (ARS). They were thus called 'minichromosome maintenance proteins' with gene symbols prefixed by MCM. These six proteins are:</p>

<ul>
<li>MCM2, also known as cdc19 (in S.pombe).</li>
<li>MCM3, also known as DNA polymerase alpha holoenzyme-associated protein P1, RLF beta subunit or ROA.</li>
<li>MCM4, also known as CDC54, cdc21 (in S.pombe) or dpa (in Drosophila).</li>
<li>MCM5, also known as CDC46 or nda4 (in S.pombe).</li>
<li>MCM6, also known as mis5 (in S.pombe).</li>
<li>MCM7, also known as CDC47 or Prolifera (in A.thaliana).</li>
<li>MCM8, also known as as REC (in Drosophila).</li>
<li>MCM</li>
</ul>

<p>These proteins are evolutionarily related and belong to the AAA+ superfamily. They contain the Mcm family domain, which includes motifs that are required for ATP hydrolysis (such as the Walker A and B, and R-finger motifs). Mcm2-7 forms a hexameric complex which is the replicative helicase involved in replication initiation and elongation, whereas Mcm8 and Mcm9 from and separate one, conserved among many eukaryotes except yeast and C. elegans. Mcm8/9 complex play a role during replication elongation or recombination, being involved in the repair of double-stranded DNA breaks and DNA interstrand cross-links by homologous recombination. Drosophila is the only organism that has MCM8 without MCM9, involved in meiotic recombination [[cite:PUB00094697], [cite:PUB00094698]].</p>"
1;IPR040259;"imex:IM-25472
pubmed:32296183";Mesogenin/MesP;<p>This class C basic helix-loop-helix (bHLH) family of transcription factors consists of mesogenin and orthologues MesP1 (mesoderm posterior protein 1) and MesP2. Mesogenin is involved in specifying the paraxial mesoderm, which gives rise to all future trunk and limb skeletal muscles in vertebrates [[cite:PUB00090768]]. MesP1 is expressed in the posterior part of the embryonic mesoderm and is expressed in cardiac progenitors during embryogenesis and required for cardiovascular development [[cite:PUB00090769], [cite:PUB00090770]]. Mesp2 plays a critical role in establishing the rostro-caudal patterning of each somite, as well as somite boundary formation [[cite:PUB00090771], [cite:PUB00090772]].</p>
1;IPR036116;"imex:IM-24272
pubmed:26496610";Fibronectin type III superfamily;"<p>Fibronectin is a dimeric glycoprotein composed of disulfide-linked subunits
with a molecular weight of 220-250kDa each. It is involved in cell adhesion,
cell morphology, thrombosis, cell migration, and embryonic differentiation. Fibronectin is a modular protein composed of homologous repeats of three
prototypical types of domains known as types I, II, and III [[cite:PUB00072954]].</p>

<p>Fibronectin type-III (FN3) repeats are both the largest and the most common of the fibronectin subdomains. Domains homologous to FN3 repeats have been found
in various animal protein families including other extracellular-matrix
molecules, cell-surface receptors, enzymes, and muscle proteins [[cite:PUB00018327]]. Structures of individual FN3 domains have revealed a conserved β-sandwich fold with one β-sheet containing four strands and the other sheet containing three strands (see for example [pdbe:1TEN]) [[cite:PUB00018328]]. This fold is topologically very similar to that of Ig-like domains, with a notable difference being the lack of a conserved disulfide bond in FN3 domains. Distinctive hydrophobic core packing and the lack of detectable
sequence homology between immunoglobulin and FN3 domains suggest, however,
that these domains are not evolutionarily related [[cite:PUB00018328]].</p>

<p>FN3 exhibits functional as well as structural modularity. Sites of interaction with other molecules have been mapped to short stretch of amino acids such as the Arg-Gly-Asp (RGD) sequence found in various FN3 domains. The RGD sequences is involved in interactions with integrin. Small peptides containing the RGD sequence can modulate a variety of cell adhesion invents associated with thrombosis, inflammation, and tumour metastasis. These properties have led to the investigation of RGD peptides and RGD peptide analogues as potential therapeutic agents [[cite:PUB00018329]].</p>"
1;IPR048287;"imex:IM-24272
pubmed:26496610";Thrombospondin-like, N-terminal domain;"<p>This entry represents the heparin-binding and cell adhesion domain of thrombospondin and related proteins such as protein kinase C-binding protein NELL1 and NELL2, and collagen alpha.</p>

<p>Thrombospondins (TSPs) are secreted, calcium-binding glycoproteins that play an essential role in regulating cell-cell and cell-matrix interactions. They are divided into trimeric subgroup A (TSP-1 and TSP-2) and pentameric subgroup B (TSP-3-5). The actions of TSPs depend on their binding partners in a given environment. The N-terminal domain of TSPs plays an integral role in the interaction of TSPs with other secreted and transmembrane proteins, and proteoglycans. This domain folds into a β-sandwich typical for concanavalin A-like lectins/glucanases superfamily ([pdbe:1Z78]) [[cite:PUB00038770], [cite:PUB00047401]].</p>"
1;IPR008160;"imex:IM-24272
pubmed:26496610";Collagen triple helix repeat;"<p>Collagens are generally extracellular structural proteins involved in formation of connective tissue structure. The sequence is predominantly repeats of the G-X-Y and the polypeptide chains form a triple helix. The first position of the repeat is glycine, the second and third positions can be any residue but are frequently proline and hydroxyproline. Collagens are post-translationally modified by proline hydroxylase to form the hydroxyproline residues. Defective hydroxylation is the cause of scurvy [[cite:PUB00100841], [cite:PUB00076482], [cite:PUB00100842]].</p>

<p>Members of this family belong to the collagen superfamily [[cite:PUB00001059]]. Some of them are not involved in connective tissue structure but share the same triple helical structure.</p>"
1;IPR003961;"imex:IM-24272
pubmed:26496610";Fibronectin type III;"<p>Fibronectin is a dimeric glycoprotein composed of disulfide-linked subunits
with a molecular weight of 220-250kDa each. It is involved in cell adhesion,
cell morphology, thrombosis, cell migration, and embryonic differentiation. Fibronectin is a modular protein composed of homologous repeats of three
prototypical types of domains known as types I, II, and III [[cite:PUB00072954]].</p>

<p>Fibronectin type-III (FN3) repeats are both the largest and the most common of the fibronectin subdomains. Domains homologous to FN3 repeats have been found
in various animal protein families including other extracellular-matrix
molecules, cell-surface receptors, enzymes, and muscle proteins [[cite:PUB00018327]]. Structures of individual FN3 domains have revealed a conserved β-sandwich fold with one β-sheet containing four strands and the other sheet containing three strands (see for example [pdbe:1TEN]) [[cite:PUB00018328]]. This fold is topologically very similar to that of Ig-like domains, with a notable difference being the lack of a conserved disulfide bond in FN3 domains. Distinctive hydrophobic core packing and the lack of detectable
sequence homology between immunoglobulin and FN3 domains suggest, however,
that these domains are not evolutionarily related [[cite:PUB00018328]].</p>

<p>FN3 exhibits functional as well as structural modularity. Sites of interaction with other molecules have been mapped to short stretch of amino acids such as the Arg-Gly-Asp (RGD) sequence found in various FN3 domains. The RGD sequences is involved in interactions with integrin. Small peptides containing the RGD sequence can modulate a variety of cell adhesion invents associated with thrombosis, inflammation, and tumour metastasis. These properties have led to the investigation of RGD peptides and RGD peptide analogues as potential therapeutic agents [[cite:PUB00018329]].</p>"
1;IPR050525;"imex:IM-24272
pubmed:26496610";Extracellular Matrix Assembly and Organization;<p>The protein family is involved in the structural integrity and organization of extracellular matrices in various tissues. Members of this family are major components of cartilage extracellular matrix and are involved in matrix assembly, promoting cell adhesion and playing roles in the formation of filamentous networks. Some proteins within the family interact with collagen, integrating collagen bundles and contributing to cell-binding. Others are involved in the organization of skeletal muscles and the formation of neuromuscular junctions. Additionally, certain members have roles in hemostasis, acting as molecular bridges in platelet adhesion or as chaperones for coagulation factors. The family also includes proteins that regulate cell shape and motility, as well as the proliferation and differentiation of neural stem cells, indicating a broader significance in tissue development and maintenance.</p>
1;IPR013694;"doi:10.1016/j.cell.2021.04.011
imex:IM-25472
imex:IM-29278
pubmed:32296183
pubmed:33961781";VIT domain;"<p>The inter-alpha-trypsin inhibitor (ITI) family is composed of protease inhibitors that are assembled from two precursor proteins: a light chain and different homologous heavy chains (ITIHs). Originally identified as plasma inhibitors, recent data indicate that ITI plays a role in extracellular matrix stabilisation and in prevention of tumour metastasis [[cite:PUB00020822]].</p>

<p>Two domains are conserved in all known ITIHs, the vault protein inter-alpha- trypsin (VIT) domain and a von Willebrand type A (vWA) domain. The VIT domain is less widespread than the vWA domain and is not genetically mobile. Therefore, it can be regarded as the characteristic domain of the ITIH family. The VIT domain is approximately 135 amino acids long. Its N-terminal part contains a pattern of hydrophobic residues, interrupted by a conserved arginine. The C terminus is best characterised by its conserved aromatic residues. In the central part, an acidic amino acid resides between two basic residues [[cite:PUB00020822]].</p>"
1;IPR036892;pubmed:15694377;L27 domain superfamily;"<p>The L27 domain is a ~50-amino acid module, initially identified in the Lin-2 and Lin-7 proteins, that exists in a large family of animal scaffold proteins [[cite:PUB00018473]]. The L27 domain is a specific protein-protein interaction module capable of forming heteromeric complexes that can integrate multiple scaffold proteins into supramolecular assemblies required for establishment and maintenance of cell polarity. The L27 domain can be found as a single occurrence or as a duplication in association with other domains such as PDZ, SH3, the guanylate kinase domain or the serine/threonine protein kinase domain.</p>

<p>The main features of the L27 domain are conserved negatively charged residues and a conserved aromatic amino acid [[cite:PUB00018473]]. Study of individual L27 domains revealed largely unfolded domains that require the formation of obligate heterodimers to achieve well-folded structures. Each L27 domain is composed of three helices. The two L27 domains heterodimerize by building a compact structure consisting of a four-helix bundle formed by the first two helices of each L27 domain and one coiled-coil formed by the third helix of each domain [[cite:PUB00018474], [cite:PUB00018475]].</p>"
1;IPR035473;pubmed:15694377;CASK, SH3 domain;<p>CASK is a scaffolding protein that is highly expressed in the mammalian nervous system and plays roles in synaptic protein targeting, neural development, and gene expression regulation. CASK interacts with many different binding partners including parkin, neurexin, syndecans, calcium channel proteins, caskin, among others, to perform specific functions in different subcellular locations [[cite:PUB00085419]]. Disruption of the CASK gene in mice results in neonatal lethality [[cite:PUB00085420]] while mutations in the human gene have been associated with X-linked mental retardation [[cite:PUB00085421]]. Drosophila CASK is associated with both pre- and postsynaptic membranes and is crucial in synaptic transmission and vesicle cycling [[cite:PUB00085422]].</p>
1;IPR008145;pubmed:15694377;Guanylate kinase/L-type calcium channel beta subunit;"<p>This entry represents a domain found in guanylate kinase ([ec:2.7.4.8]) and in L-type calcium channel.</p>
<p>Guanylate kinase ([ec:2.7.4.8]) (GK) [[cite:PUB00003284]] catalyzes the ATP-dependent phosphorylation of GMP into GDP. It is essential for recycling GMP and indirectly, cGMP. In prokaryotes (such as Escherichia coli), lower eukaryotes
(such as yeast) and in vertebrates, GK is a highly conserved monomeric protein of about 200 amino acids. GK has been shown [[cite:PUB00000870], [cite:PUB00001440], [cite:PUB00005396]] to be structurally similar to protein A57R (or SalG2R) from various strains of Vaccinia virus.</p>
<p>L-type calcium channnels are formed from different alpha-1 subunit isoforms that determine the pharmacological properties of the channel, since they form the drug binding domain. Other properties, such as gating voltage-dependence, G protein modulation and kinase susceptibility, are influenced by alpha-2, delta and beta subunits.</p>"
1;IPR036028;pubmed:15694377;SH3-like domain superfamily;"<p>SH3 (src Homology-3) domains are small protein modules containing approximately 50 amino acid residues [[cite:PUB00001025], [cite:PUB00007145]]. They are found in a great variety of intracellular or membrane-associated proteins [[cite:PUB00001644], [cite:PUB00005506], [cite:PUB00004203]] for example, in a variety of proteins with enzymatic activity, in adaptor proteins, such as fodrin and yeast actin binding protein ABP-1.</p>

<p>The SH3 domain has a characteristic fold which consists of five or six β-strands arranged as two tightly packed anti-parallel β-sheets. The linker regions may contain short helices. The surface of the SH3-domain bears a flat, hydrophobic ligand-binding pocket which consists of three shallow grooves defined by conservative aromatic residues in which the ligand adopts an extended left-handed helical arrangement. The ligand binds with low affinity but this may be enhanced by multiple interactions. The region bound by the SH3 domain is in all cases proline-rich and contains PXXP as a core-conserved binding motif. The function of the SH3 domain is not well understood but they may mediate many diverse processes such as increasing local concentration of proteins, altering their subcellular location and mediating the assembly of large multiprotein complexes [[cite:PUB00001031]].</p>; <p>The crystal structure of the SH3 domain of the cytoskeletal protein spectrin, and the solution structures of SH3 domains of phospholipase C (PLC-y) and phosphatidylinositol 3-kinase p85 alpha-subunit, have been determined [[cite:PUB00004135], [cite:PUB00000895], [cite:PUB00000887]]. In spite of relatively limited sequence similarity, their overall structures are similar. The domains belong to the α+β structural class, with five to eight β-strands forming 2 tightly-packed, anti-parallel β-sheets arranged in a barrel-like structure, and intervening loops sometimes forming helices. Conserved aliphatic and aromatic residues form a hydrophobic core (A11, L23, A29, V34, W42, L52 and V59 in PLC-y [[cite:PUB00000887]]) and a hydrophobic pocket on the molecular surface (L12, F13, W53 and P55 in PLC-y). The conserved core is believed to stabilise the fold, while the pocket is thought to serve as a binding site for target proteins. Conserved carboxylic amino acids located in the loops, on the periphery of the pocket (D14 and E22), may be involved in protein-protein interactions via proline-rich regions. The N- and C-terminal are packed in close proximity, indicating that they are independent structural modules.</p>"
1;IPR014775;pubmed:15694377;L27 domain, C-terminal;<p>The L27 domain is found, among others, in receptor targeting proteins Lin-2 and Lin-7 [[cite:PUB00018473]].</p>
1;IPR004172;pubmed:15694377;L27 domain;"<p>The L27 domain is a ~50-amino acid module, initially identified in the Lin-2 and Lin-7 proteins, that exists in a large family of animal scaffold proteins [[cite:PUB00018473]]. The L27 domain is a specific protein-protein interaction module capable of forming heteromeric complexes that can integrate multiple scaffold proteins into supramolecular assemblies required for establishment and maintenance of cell polarity. The L27 domain can be found as a single occurrence or as a duplication in association with other domains such as PDZ, SH3, the guanylate kinase domain or the serine/threonine protein kinase domain.</p>

<p>The main features of the L27 domain are conserved negatively charged residues and a conserved aromatic amino acid [[cite:PUB00018473]]. Study of individual L27 domains revealed largely unfolded domains that require the formation of obligate heterodimers to achieve well-folded structures. Each L27 domain is composed of three helices. The two L27 domains heterodimerize by building a compact structure consisting of a four-helix bundle formed by the first two helices of each L27 domain and one coiled-coil formed by the third helix of each domain [[cite:PUB00018474], [cite:PUB00018475]].</p>"
1;IPR020590;pubmed:15694377;Guanylate kinase, conserved site;"<p>Guanylate kinase ([ec:2.7.4.8]) (GK) [[cite:PUB00003284]] catalyzes the ATP-dependent phosphorylation of GMP into GDP. It is essential for recycling GMP and indirectly, cGMP. In prokaryotes (such as Escherichia coli), lower eukaryotes (such as yeast) and in vertebrates, GK is a highly conserved monomeric protein of about 200 amino acids. GK has been shown [[cite:PUB00000870], [cite:PUB00001440], [cite:PUB00005396]] to be structurally similar to protein A57R (or SalG2R) from various strains of Vaccinia virus.</p>

<p>Proteins containing one or more copies of the DHR domain, an SH3 domain as well as a C-terminal GK-like domain, are collectively termed MAGUKs (membrane-associated guanylate kinase homologues) [[cite:PUB00003556]], and include Drosophila lethal(1)discs large-1 tumor suppressor protein (gene dlg1); mammalian tight junction protein Zo-1; a family of mammalian synaptic proteins that seem to interact with the cytoplasmic tail of NMDA receptor subunits (SAP90/PSD-95, CHAPSYN-110/PSD-93, SAP97/DLG1 and SAP102); vertebrate 55kDa erythrocyte membrane protein (p55); Caenorhabditis elegans protein lin-2; rat protein CASK; and human proteins DLG2 and DLG3. There is an ATP-binding site (P-loop) in the N-terminal section of GK, which is not conserved in the GK-like domain of the above proteins. However these proteins retain the residues known, in GK, to be involved in the binding of GMP.</p>; <p>This signature pattern covers a highly conserved region that contains two arginine and a tyrosine which are involved in GMP-binding.</p>"
1;IPR001452;pubmed:15694377;SH3 domain;"<p>SH3 (src Homology-3) domains are small protein modules containing approximately 50 amino acid residues [[cite:PUB00001025], [cite:PUB00007145]]. They are found in a great variety of intracellular or membrane-associated proteins [[cite:PUB00001644], [cite:PUB00005506], [cite:PUB00004203]] for example, in a variety of proteins with enzymatic activity, in adaptor proteins, such as fodrin and yeast actin binding protein ABP-1.</p>

<p>The SH3 domain has a characteristic fold which consists of five or six β-strands arranged as two tightly packed anti-parallel β-sheets. The linker regions may contain short helices. The surface of the SH3-domain bears a flat, hydrophobic ligand-binding pocket which consists of three shallow grooves defined by conservative aromatic residues in which the ligand adopts an extended left-handed helical arrangement. The ligand binds with low affinity but this may be enhanced by multiple interactions. The region bound by the SH3 domain is in all cases proline-rich and contains PXXP as a core-conserved binding motif. The function of the SH3 domain is not well understood but they may mediate many diverse processes such as increasing local concentration of proteins, altering their subcellular location and mediating the assembly of large multiprotein complexes [[cite:PUB00001031]].</p>; <p>The crystal structure of the SH3 domain of the cytoskeletal protein spectrin, and the solution structures of SH3 domains of phospholipase C (PLC-y) and phosphatidylinositol 3-kinase p85 alpha-subunit, have been determined [[cite:PUB00004135], [cite:PUB00000895], [cite:PUB00000887]]. In spite of relatively limited sequence similarity, their overall structures are similar. The domains belong to the α+β structural class, with five to eight β-strands forming 2 tightly-packed, anti-parallel β-sheets arranged in a barrel-like structure, and intervening loops sometimes forming helices. Conserved aliphatic and aromatic residues form a hydrophobic core (A11, L23, A29, V34, W42, L52 and V59 in PLC-y [[cite:PUB00000887]]) and a hydrophobic pocket on the molecular surface (L12, F13, W53 and P55 in PLC-y). The conserved core is believed to stabilise the fold, while the pocket is thought to serve as a binding site for target proteins. Conserved carboxylic amino acids located in the loops, on the periphery of the pocket (D14 and E22), may be involved in protein-protein interactions via proline-rich regions. The N- and C-terminal are packed in close proximity, indicating that they are independent structural modules.</p>"
1;IPR001478;pubmed:15694377;PDZ domain;<p>PDZ domains (also known as Discs-large homologous regions (DHR) or GLGF)) are found in diverse signalling proteins in bacteria, yeasts, plants, insects and vertebrates [[cite:PUB00005049], [cite:PUB00000735]]. PDZ domains can occur in one or multiple copies and are nearly always found in cytoplasmic proteins. They bind either the carboxyl-terminal sequences of proteins or internal peptide sequences [[cite:PUB00000735]]. In most cases, interaction between a PDZ domain and its target is constitutive, with a binding affinity of 1 to 10 microns. However, agonist-dependent activation of cell surface receptors is sometimes required to promote interaction with a PDZ protein. PDZ domain proteins are frequently associated with the plasma membrane, a compartment where high concentrations of phosphatidylinositol 4,5-bisphosphate (PIP2) are found. Direct interaction between PIP2 and a subset of class II PDZ domains (syntenin, CASK, Tiam-1) has been demonstrated.</p>
1;IPR008144;pubmed:15694377;Guanylate kinase-like domain;"<p>Guanylate kinase ([ec:2.7.4.8]) (GK) [[cite:PUB00003284]] catalyzes the ATP-dependent phosphorylation of GMP into GDP. It is essential for recycling GMP and indirectly, cGMP. In prokaryotes (such as Escherichia coli), lower eukaryotes (such as yeast) and in vertebrates, GK is a highly conserved monomeric protein of about 200 amino acids. GK has been shown [[cite:PUB00000870], [cite:PUB00001440], [cite:PUB00005396]] to be structurally similar to protein A57R (or SalG2R) from various strains of Vaccinia virus.</p>

<p>Proteins containing one or more copies of the DHR domain, an SH3 domain as well as a C-terminal GK-like domain, are collectively termed MAGUKs (membrane-associated guanylate kinase homologues) [[cite:PUB00003556]], and include Drosophila lethal(1)discs large-1 tumor suppressor protein (gene dlg1); mammalian tight junction protein Zo-1; a family of mammalian synaptic proteins that seem to interact with the cytoplasmic tail of NMDA receptor subunits (SAP90/PSD-95, CHAPSYN-110/PSD-93, SAP97/DLG1 and SAP102); vertebrate 55kDa erythrocyte membrane protein (p55); Caenorhabditis elegans protein lin-2; rat protein CASK; and human proteins DLG2 and DLG3.</p>

<p>There is an ATP-binding site (P-loop) in the N-terminal section of GK, which is not conserved in the GK-like domain of the above proteins. However these proteins retain the residues known, in GK, to be involved in the binding of GMP.</p>"
1;IPR036034;pubmed:15694377;PDZ superfamily;<p>PDZ domains (also known as Discs-large homologous regions (DHR) or GLGF)) are found in diverse signalling proteins in bacteria, yeasts, plants, insects and vertebrates [[cite:PUB00005049], [cite:PUB00000735]]. PDZ domains can occur in one or multiple copies and are nearly always found in cytoplasmic proteins. They bind either the carboxyl-terminal sequences of proteins or internal peptide sequences [[cite:PUB00000735]]. In most cases, interaction between a PDZ domain and its target is constitutive, with a binding affinity of 1 to 10 microns. However, agonist-dependent activation of cell surface receptors is sometimes required to promote interaction with a PDZ protein. PDZ domain proteins are frequently associated with the plasma membrane, a compartment where high concentrations of phosphatidylinositol 4,5-bisphosphate (PIP2) are found. Direct interaction between PIP2 and a subset of class II PDZ domains (syntenin, CASK, Tiam-1) has been demonstrated.</p>
1;IPR050716;pubmed:15694377;Membrane-associated guanylate kinase;<p>The MAGUK family proteins are multifunctional scaffolding proteins that play pivotal roles in cell polarity, tight junction biogenesis, and synaptic transmembrane protein anchoring. They are involved in various cellular processes including the regulation of neutrophil polarity, epithelial cell polarity, vascular lumen formation, and neuronal progenitor cell survival. These proteins are essential for the correct localization and trafficking of various cellular components, such as adherens junction proteins, myelin proteins, and vesicular markers. They also participate in signal transduction pathways, potentially influencing mTOR signaling and NF-kappa-B activation. Additionally, they have a role in the maintenance and organization of cerebellar progenitor cells and retinal development. The MAGUK family members contain characteristic domains such as PDZ, L27, and PRBH, which mediate their interactions with other proteins and membranes.</p>
1;IPR042108;"doi:10.1016/j.cell.2021.04.011
imex:IM-29278
pubmed:33961781";GTPase HflX, N-terminal domain superfamily;<p>This domain represents the N-terminal region of GTP-binding HflX-like proteins [[cite:PUB00057298], [cite:PUB00056762]]. These proteins interact with the 50S ribosome and are GTPases, hydrolysing GTP/GDP/ATP/ADP [[cite:PUB00056761]]. The N-terminal region is necessary for stability of the whole protein, its structure is composed of four parallel β-strand and four α-helices.</p>
1;IPR006073;"doi:10.1016/j.cell.2021.04.011
imex:IM-29278
pubmed:33961781";GTP binding domain;"<p>Several proteins have recently been shown to contain the 5 structural motifs characteristic of GTP-binding proteins [[cite:PUB00000217]]. These include murine DRG protein; GTP1 protein from Schizosaccharomyces pombe; OBG protein from Bacillus subtilis [[cite:PUB00027072]]; ferrous iron transport protein B [[cite:PUB00054426]] and several others.</p>"
1;IPR025121;"doi:10.1016/j.cell.2021.04.011
imex:IM-29278
pubmed:33961781";GTPase HflX, N-terminal;<p>This domain represents the N-terminal region of GTP-binding HflX-like proteins [[cite:PUB00057298], [cite:PUB00056762]]. These proteins interact with the 50S ribosome and are GTPases, hydrolysing GTP/GDP/ATP/ADP [[cite:PUB00056761]]. The N-terminal region is necessary for stability of the whole protein.</p>
1;IPR030394;"doi:10.1016/j.cell.2021.04.011
imex:IM-29278
pubmed:33961781";HflX-type guanine nucleotide-binding (G) domain;"<p>This entry represents the HflX-type G domain.</p>

<p>The P-loop guanosine triphosphatases (GTPases) control a multitude of biological processes, ranging from cell division, cell cycling, and signal transduction, to ribosome assembly and protein synthesis. GTPases exert their control by interchanging between an inactive GDP-bound state and an active GTP-bound state, thereby acting as molecular switches. The common denominator of GTPases is the highly conserved guanine nucleotide-binding (G) domain that is responsible for binding and hydrolysis of guanine nucleotides [[cite:PUB00013952], [cite:PUB00056841], [cite:PUB00056762]].</p>

<p>Within the translation factor-related (TRAFAC) class of P-loop GTPases, the HflX-type is a widely distributed family of GTPases that interact with the large ribosomal subunit. The broad phylogenetic distribution pattern of HflX GTPases in Bacteria, Archaea, and Eukaryotes (including human) suggests a basic cellular function for this protein family.</p>

<p>The HflX-type G domain is composed of six β-strands and five α-helices [[cite:PUB00056841]]. It consists of the following conserved sequence motifs: the G1 motif (or P-loop), consensus GX4GK(S/T), which is responsible for interacting with the alpha and beta-phosphates of nucleotide di- and triphosphates; the G2 variable effector loop (DXnT); the G3 motif (DX2G), which interacts with the gamma-phosphate of nucleotide triphosphates; and the G4 motif (NKXD), which conveys specificity for guanine nucleotides through hydrogen bonding to the base [[cite:PUB00056762]].</p>"
1;IPR016496;"doi:10.1016/j.cell.2021.04.011
imex:IM-29278
pubmed:33961781";GTPase HflX;<p>This protein family is one of a number of homologous small, well-conserved GTP-binding proteins with pleiotropic effects. Bacterial family members are designated HflX, following the naming convention in Escherichia coli, where HflX is encoded immediately downstream of the RNA chaperone Hfq, and immediately upstream of HflKC, a membrane-associated protease pair with an important housekeeping function [[cite:PUB00043068]].</p>
1;IPR032305;"doi:10.1016/j.cell.2021.04.011
imex:IM-29278
pubmed:33961781";GTP-binding protein, middle domain;<p>This entry represents a domain found in a group of GTP-binding proteins. Proteins containing this domain includes GTPase HflX, which associates with the 50S ribosomal subunit and may have a role during protein synthesis or ribosome biogenesis [[cite:PUB00056839]]. This function of this domain is not known.</p>
1;IPR007889;"doi:10.1016/j.cell.2021.04.011
imex:IM-29278
pubmed:33961781";DNA binding HTH domain, Psq-type;<p>The psq-type HTH domain is a DNA-binding, helix-turn-helix (HTH) domain of about 50 amino acids present in eukaryotic proteins of the Pipsqueak family. This family is named after the Drosophila pipsqueak protein, containing a DNA-binding domain that consists of four tandem repeats of the psq motif [[cite:PUB00010427]]. Proteins of the Pipsqueak family occur in vertebrates, insects, nematodes, and fungi.</p>
1;IPR050863;"doi:10.1016/j.cell.2021.04.011
imex:IM-29278
pubmed:33961781";Centromere and Transposable Element-Derived Protein;<p>This family of proteins includes members that are involved in centromere and heterochromatin binding, DNA binding, and may play roles in centromere formation, kinetochore assembly, and DNA transposition. Some proteins within this family are known to bind specific DNA sequences, such as the CENP-B box in alphoid satellite DNA, and may organize these sequences into higher-order structures. Others are derived from tigger transposable elements and may retain functions related to transposition. Additionally, certain family members are implicated in biosynthetic pathways, such as the production of chaetoglobosin A, and may perform enzymatic functions like epoxidation, dehydrogenation, and Diels-Alder cyclization. The family also includes proteins that may regulate gene expression, as seen in the control of pyruvate decarboxylase synthesis.</p>
1;IPR006600;"doi:10.1016/j.cell.2021.04.011
imex:IM-29278
pubmed:33961781";HTH CenpB-type DNA-binding domain;"<p>The CENPB-type HTH domain is a DNA-binding, helix-turn-helix (HTH) domain of about 70-75 amino acids, present in eukaryotic centromere proteins and transposases. The domain is named after the mammalian major centromere autoantigen B or centromere protein B (CENP-B), which is a fundamental centromere component of chromosomes. The N terminus of CENP-B contains two DNA-binding HTH domains, which bind to adjacent major grooves of DNA. The N terminus of CENP-B is formed by a psq-type HTH domain and C-terminal to this domain lies the CENPB-type HTH domain. These two HTH domains together bind specifically to a 17-base-pair sequence, the CENP-B box, which occurs in alpha-satellite DNA in human centromeres [[cite:PUB00035346]].</p>

<p>The structure of the CENPB-type HTH domain is composed of three α-helices. The second and third helices connected via a turn comprise the helix-turn-helix motif. Helix 3 is termed the recognition helix as it binds the DNA major groove, like in other HTHs. In CENP-B this domain recognises site 3 of the CENP-B box, while the preceding psq-type HTH binds site 1 of the CENP-B box, and a connecting linker loop binds in the minor groove of DNA and recognises site 2 [[cite:PUB00025705]].</p>

<p>Some proteins known to contain a CENPB-type HTH domain:</p>

<ul>
<li>Mammalian centromere protein B (CENP-B), associated with the centromere and specifically binding DNA to the CENP-B box.</li>
<li>Mammalian jerky protein, involved in epileptic seizures in mice [[cite:PUB00053389]].</li>
<li>Mammalian Pogo transposases [[cite:PUB00053388]] and tigger transposable elements [[cite:PUB00053387]].</li>
<li>Fission yeast ARS-binding protein 1 (abp1) [[cite:PUB00059157]] and CENP-B homologue proteins (CBHP-1 and 2), which are centromere proteins [[cite:PUB00059158], [cite:PUB00059159]].</li>
<li>Candida albicans protein PDC2 (Pyruvate DeCarboxylase 2) [[cite:PUB00053390], [cite:PUB00053391]].</li>
<li>Fungal transposases.</li>
</ul>"
1;IPR004875;"doi:10.1016/j.cell.2021.04.011
imex:IM-29278
pubmed:33961781";DDE superfamily endonuclease domain;<p>Proteins containing this domain are probably endonucleases of the DDE superfamily. This domain contains three carboxylate residues that are believed to be responsible for coordinating metal ions needed for catalysis. The catalytic activity of this enzyme involves DNA cleavage at a specific site followed by a strand transfer reaction. Proteins containing this domain include tigger transposable element derived proteins from mammals [[cite:PUB00053389]] and protein Pdc2 from budding yeasts [[cite:PUB00077576]]. Interestingly, proteins conatining this domain also includes the Centromere Protein B (CENP-B) protein, which appears to have lost the metal binding residues in this domain and is unlikely to have endonuclease activity. CENP-B is a an inner kinetochore protein that binds to a specific centromere sequence [[cite:PUB00077575]].</p>
1;IPR023321;"imex:IM-24272
pubmed:26496610";PINIT domain;<p>This entry represents the PINIT domain found in the Siz/PIAS RING family of SUMO E3 ligases [[cite:PUB00054206]]. These proteins present a tripartite architecture with an N-terminal PINIT domain, a central zinc-containing RING-like SP-RING domain, and a C-terminal domain desginated SP-CTD. Structural and biochemical studies have shown that both SP-RING and SP-CTD are required for activation of the E2-SUMO thioester while the PINIT domain is required for redirecting SUMO conjugation to the proliferating cell nuclear antigen (PCNA) at lysine 164, a non-consensus lysine residue that is not modified by the SUMO E2 in the absence of Siz1 [[cite:PUB00054205]].</p>
1;IPR004181;"imex:IM-24272
pubmed:26496610";Zinc finger, MIZ-type;"<p>This entry represents MIZ-type zinc finger domains. Miz1 (Msx-interacting-zinc finger) is a zinc finger-containing protein with homology to the yeast protein, Nfi-1. Miz1 is a sequence specific DNA binding protein that can function as a positive-acting transcription factor. Miz1 binds to the homeobox protein Msx2, enhancing the specific DNA-binding ability of Msx2 [[cite:PUB00007410]]. Other proteins containing this domain include the human pias family (protein inhibitor of activated STAT protein).</p>; <p>Zinc finger (Znf) domains are relatively small protein motifs which contain multiple finger-like protrusions that make tandem contacts with their target molecule. Some of these domains bind zinc, but many do not; instead, they bind other metals, such as iron, or no metal at all. For example, some family members form salt bridges to stabilise the finger-like folds. They were first identified as a DNA-binding motif in transcription factor TFIIIA from Xenopus laevis (African clawed frog); however, they are now recognised to bind DNA, RNA, protein and/or lipid substrates [[cite:PUB00035807], [cite:PUB00035805], [cite:PUB00035806], [cite:PUB00035804], [cite:PUB00014077]]. Their binding properties depend on the amino acid sequence of the finger domains and of the linker between fingers, as well as on the higher-order structures and the number of fingers. Znf domains are often found in clusters, where fingers can have different binding specificities. There are many superfamilies of Znf motifs, varying in both sequence and structure. They display considerable versatility in binding modes, even between members of the same class (e.g., some bind DNA, others protein), suggesting that Znf motifs are stable scaffolds that have evolved specialised functions. For example, Znf-containing proteins function in gene transcription, translation, mRNA trafficking, cytoskeleton organisation, epithelial development, cell adhesion, protein folding, chromatin remodelling and zinc sensing, to name but a few [[cite:PUB00035812]]. Zinc-binding motifs are stable structures, and they rarely undergo conformational changes upon binding their target.</p>"
1;IPR038654;"imex:IM-24272
pubmed:26496610";PINIT domain superfamily;<p>This entry represents the PINIT domain found in the Siz/PIAS RING family of SUMO E3 ligases [[cite:PUB00054206]]. These proteins present a tripartite architecture with an N-terminal PINIT domain, a central zinc-containing RING-like SP-RING domain, and a C-terminal domain desginated SP-CTD. Structural and biochemical studies have shown that both SP-RING and SP-CTD are required for activation of the E2-SUMO thioester while the PINIT domain is required for redirecting SUMO conjugation to the proliferating cell nuclear antigen (PCNA) at lysine 164, a non-consensus lysine residue that is not modified by the SUMO E2 in the absence of Siz1 [[cite:PUB00054205]].</p>
1;IPR003034;"imex:IM-24272
pubmed:26496610";SAP domain;"<p>The SAP motif is a 35-residue motif, which has been named after SAF-A/B, Acinus and PIAS, three proteins known to contain it. The SAP motif is found in a variety of nuclear proteins involved in transcription, DNA repair, RNA processing or apoptotic chromatin degradation. As the sap motif of SAF-A has been shown to be essential for specific DNA binding activity, it has been proposed that it could be a DNA-binding motif [[cite:PUB00006479]].</p>

<p>A multiple alignment of the SAP motif reveals a bipartite distribution of strongly conserved hydrophobic, polar and bulky amino acids separated by a region that contains a glycine. Secondary structure predictions suggest that the SAP motif could form two α helices separated by a turn [[cite:PUB00006479]].</p>

<p>Some proteins known to contain a SAP motif are listed below:</p>

<ul>

<li>Vertebrate scaffold attachment factors A and B (SAF-A/B). These two proteins are heterogeneous nuclear ribonucleoproteins (hnRNPs) that bind to AT-rich chromosomal region. It has been proposed that they couple RNA metabolism to nuclear organisation [[cite:PUB00018259], [cite:PUB00018260]]. The SAF-A protein is cleaved by caspase-3 during apoptosis [[cite:PUB00018261]].</li>
<li>Mammalian Acinus, a protein which induces apoptotic chromatin condensation after cleavage by caspase-3 [[cite:PUB00018262]]. Acinus also contains a RNA-recognition motif.</li>
<li>Eukaryotic proteins of the PIAS (protein inhibitor of activated STAT) family. These proteins interact with phosphorylated STAT dimers and inhibit STAT mediated gene activation. Deletion of the first 50 amino acid residues containing the SAP domain allows the interaction of PIAS1 with STAT1 monomer [[cite:PUB00018264]].</li>
<li>Plant poly(ADP-ribose) polymerase (PARP). PARP is a nuclear protein that catalyzes the poly(ADP-ribosyl)ation of proteins. It is involved in responses to mild and severe oxidative stresses, by mediating DNA repair and programmed cell death processes, respectively [[cite:PUB00018265]]. PARP is tightly bound to chromatin or nuclear matrix.</li>
<li>Arabidopsis thaliana Arp, an apurinic endonuclease-redox protein.</li>
<li>Yeast THO1 protein. It could be involved in the regulation of transcriptional elongation by RNA polymerase II [[cite:PUB00018266]].</li>
<li>Animal Ku70. Together with Ku86, it forms a DNA ends binding complex that is involved in repairing DNA double-strand breaks.</li>
<li>Yeast RAD18, a protein involved in DNA repair.</li>
<li>Neurospora crassa UVS-2, the homologue of RAD18.</li></ul>"
1;IPR036361;"imex:IM-24272
pubmed:26496610";SAP domain superfamily;"<p>The SAP motif is a 35-residue motif, which has been named after SAF-A/B, Acinus and PIAS, three proteins known to contain it. The SAP motif is found in a variety of nuclear proteins involved in transcription, DNA repair, RNA processing or apoptotic chromatin degradation. As the sap motif of SAF-A has been shown to be essential for specific DNA binding activity, it has been proposed that it could be a DNA-binding motif [[cite:PUB00006479]].</p>

<p>A multiple alignment of the SAP motif reveals a bipartite distribution of strongly conserved hydrophobic, polar and bulky amino acids separated by a region that contains a glycine. Secondary structure predictions suggest that the SAP motif could form two α helices separated by a turn [[cite:PUB00006479]].</p>

<p>Some proteins known to contain a SAP motif are listed below:</p>

<ul>

<li>Vertebrate scaffold attachment factors A and B (SAF-A/B). These two proteins are heterogeneous nuclear ribonucleoproteins (hnRNPs) that bind to AT-rich chromosomal region. It has been proposed that they couple RNA metabolism to nuclear organisation [[cite:PUB00018259], [cite:PUB00018260]]. The SAF-A protein is cleaved by caspase-3 during apoptosis [[cite:PUB00018261]].</li>
<li>Mammalian Acinus, a protein which induces apoptotic chromatin condensation after cleavage by caspase-3 [[cite:PUB00018262]]. Acinus also contains a RNA-recognition motif.</li>
<li>Eukaryotic proteins of the PIAS (protein inhibitor of activated STAT) family. These proteins interact with phosphorylated STAT dimers and inhibit STAT mediated gene activation. Deletion of the first 50 amino acid residues containing the SAP domain allows the interaction of PIAS1 with STAT1 monomer [[cite:PUB00018264]].</li>
<li>Plant poly(ADP-ribose) polymerase (PARP). PARP is a nuclear protein that catalyzes the poly(ADP-ribosyl)ation of proteins. It is involved in responses to mild and severe oxidative stresses, by mediating DNA repair and programmed cell death processes, respectively [[cite:PUB00018265]]. PARP is tightly bound to chromatin or nuclear matrix.</li>
<li>Arabidopsis thaliana Arp, an apurinic endonuclease-redox protein.</li>
<li>Yeast THO1 protein. It could be involved in the regulation of transcriptional elongation by RNA polymerase II [[cite:PUB00018266]].</li>
<li>Animal Ku70. Together with Ku86, it forms a DNA ends binding complex that is involved in repairing DNA double-strand breaks.</li>
<li>Yeast RAD18, a protein involved in DNA repair.</li>
<li>Neurospora crassa UVS-2, the homologue of RAD18.</li></ul>"
1;IPR009053;"doi:10.1016/j.cell.2021.04.011
imex:IM-29278
pubmed:33961781";Prefoldin;"<p>The Prefoldin/GimC family of proteins are found in eukaryotes and archaea [[cite:PUB00015158]]. Prefoldin is part of a molecular chaperone system that promotes the correct folding of nascent polypeptide chains. Prefoldin/GimC interacts with the nascent chain to stabilise it prior to its folding within the central cavity of a chaperonin. Prefoldin/GimC is a hexamer consisting of two types of subunits, alpha and beta. Archaeal prefoldin contains one type of alpha and one type of beta subunit [[cite:PUB00013306]], while eukaryotic prefoldin/GimC contains two different but related alpha subunits and four related beta subunits [[cite:PUB00013187]].</p>
<p>The unconventional prefoldin RPB5 interactor-like protein from Drosophila (also known as URI) is a serine/threonine phosphatase inhibitor and required for germ line cell viability and differentiation.  It binds to protein phosphatase 1 alpha subunits with higher affinity than the beta subunits [[cite:PUB00080715]].</p>"
1;IPR052255;"doi:10.1016/j.cell.2021.04.011
imex:IM-29278
pubmed:33961781";RNA polymerase II subunit 5-mediating protein;<p>This family of proteins is involved in the regulation of gene transcription and cellular growth signaling pathways. Members act as transcriptional repressors, working with corepressors to regulate transcription factors such as androgen receptors. Some family members are implicated in tumor suppression by inhibiting gene transcription that promotes anchorage-independent growth in cancer cells. They are also essential for cell survival in certain cancer types. These proteins play a role in maintaining signaling pathways that are critical for cell survival under normal conditions, by mediating negative feedback mechanisms that prevent excessive signaling. They can inhibit the activity of specific phosphatases in mitochondria, and are involved in the coordination of nutrient-sensitive gene expression in a manner dependent on the mTOR pathway. Additionally, they have a scaffolding function, capable of assembling a complex with prefoldin and other proteins involved in transcription and ubiquitination processes.</p>
1;IPR004127;"doi:10.1016/j.cell.2021.04.011
imex:IM-29278
pubmed:33961781";Prefoldin alpha-like;"<p>This entry represents prefoldin subunit alpha-like proteins. Prefoldin (PFD) is a chaperone that interacts exclusively with type II chaperonins, hetero-oligomers lacking an obligate co-chaperonin that are found only in eukaryotes (chaperonin-containing T-complex polypeptide-1 (CCT)) and archaea. Eukaryotic PFD is a multi-subunit complex containing six polypeptides in the molecular mass range of 14-23kDa. In archaea, on the other hand, PFD is composed of two types of subunits, two alpha and four beta. The six subunits associate to form two back-to-back up-and-down eight-stranded barrels, from which hang six coiled coils. Each subunit contributes one (beta subunits) or two (alpha subunits) β hairpin turns to the barrels. The coiled coils are formed by the N and C termini of an individual subunit. Overall, this unique arrangement resembles a jellyfish. The eukaryotic PFD hexamer is composed of six different subunits; however, these can be grouped into two alpha-like (PFD3 and -5) and four beta-like (PFD1, -2, -4, and -6) subunits based on amino acid sequence similarity with their archaeal counterparts. Eukaryotic PFD has a six-legged structure similar to that seen in the archaeal homologue [[cite:PUB00013306], [cite:PUB00013187]]. This family contains the archaeal alpha subunit, eukaryotic prefoldin subunits 3 and 5 and the UXT (ubiquitously expressed transcript) family.</p>

<p>Eukaryotic PFD has been shown to bind both actin and tubulin co-translationally. The chaperone then delivers the target protein to CCT, interacting with the chaperonin through the tips of the coiled coils. No authentic target proteins of any archaeal PFD have been identified, to date.</p>"
1;IPR007123;"doi:10.1016/j.celrep.2020.108050
imex:IM-28217
pubmed:32814053";Gelsolin-like domain;"<p>Gelsolin is a cytoplasmic, calcium-regulated, actin-modulating protein that binds to the barbed ends of actin filaments, preventing monomer exchange (end-blocking or capping) [[cite:PUB00001347]]. It can promote nucleation (the assembly of monomers into filaments), as well as sever existing filaments. In addition, this protein binds with high affinity to fibronectin. Plasma gelsolin and cytoplasmic gelsolin are derived from a single gene by alternate initiation sites and differential splicing.</p>

<p>Sequence comparisons indicate an evolutionary relationship between gelsolin,
villin, fragmin and severin [[cite:PUB00003232]]. Six large repeating segments occur in gelsolin and villin, and 3 similar segments in severin and fragmin. While the multiple repeats have yet to be related to any known function of the actin-severing proteins, the superfamily appears to have evolved from an ancestral sequence of 120 to 130 amino acid residues [[cite:PUB00003232]].</p>

<p>This gelsolin-like domain can also be found in the C-terminal of the members of Sec23/Sec24 family. They are components of the coat protein complex II (COPII) which promotes the formation of transport vesicles from the endoplasmic reticulum (ER).</p>"
1;IPR029006;"doi:10.1016/j.celrep.2020.108050
imex:IM-28217
pubmed:32814053";ADF-H/Gelsolin-like domain superfamily;<p>This superfamily represents an ~150-amino acid ADF-H (actin-depolymerising factor homology) domain found in three phylogenetically distinct classes of eukaryotic actin-binding proteins [[cite:PUB00043718], [cite:PUB00022142], [cite:PUB00043719]].  This domain shares structural similarity with another set of actin binding proteins, villin and gelsolin, and the C-terminal of the Sec23/Sec24 proteins. It consists of a mixed β-sheet structure.</p>
1;IPR007122;"doi:10.1016/j.celrep.2020.108050
imex:IM-28217
pubmed:32814053";Villin/Gelsolin;<p>Gelsolin is an actin-modulating protein that severs F-actin, caps the barbed ends of actin filaments preventing monomer exchange, and promotes the nucleation step of actin polymerisation [[cite:PUB00071423], [cite:PUB00001347]]. It can be regulated by Ca2+ and phosphoinositides [[cite:PUB00071430]]. The interaction between gelsolin and tropomyosin modulates actin dynamics [[cite:PUB00071424]]. Gelsolin also plays a role in ciliogenesis [[cite:PUB00071425]]. The structure of gelsolin has been solved [[cite:PUB00000950]].</p>
1;IPR019956;"doi:10.1016/j.cell.2021.04.011
imex:IM-29278
pubmed:33961781";Ubiquitin domain;"<p>Ubiquitinylation is an ATP-dependent process that involves the action of at least three enzymes: a ubiquitin-activating enzyme (E1, [interpro:IPR000011]), a ubiquitin-conjugating enzyme (E2, [interpro:IPR000608]), and a ubiquitin ligase (E3, [interpro:IPR000569], [interpro:IPR003613]), which work sequentially in a cascade. There are many different E3 ligases, which are responsible for the type of ubiquitin chain formed, the specificity of the target protein, and the regulation of the ubiquitinylation process [[cite:PUB00015623]]. Ubiquitinylation is an important regulatory tool that controls the concentration of key signalling proteins, such as those involved in cell cycle control, as well as removing misfolded, damaged or mutant proteins that could be harmful to the cell. Several ubiquitin-like molecules have been discovered, such as Ufm1 ([interpro:IPR005375]), SUMO1 ([interpro:IPR003653]), NEDD8, Rad23 ([interpro:IPR004806]), Elongin B and Parkin ([interpro:IPR003977]), the latter being involved in Parkinson's disease [[cite:PUB00015624]].</p>; <p>Ubiquitin is a protein of 76 amino acid residues, found in all eukaryotic cells and whose sequence is extremely well conserved from protozoan to vertebrates. Ubiquitin acts through its post-translational attachment (ubiquitinylation) to other proteins, where these modifications alter the function, location or trafficking of the protein, or targets it for destruction by the 26S proteasome [[cite:PUB00015619]]. The terminal glycine in the C-terminal 4-residue tail of ubiquitin can form an isopeptide bond with a lysine residue in the target protein, or with a lysine in another ubiquitin molecule to form a ubiquitin chain that attaches itself to a target protein. Ubiquitin has seven lysine residues, any one of which can be used to link ubiquitin molecules together, resulting in different structures that alter the target protein in different ways.  It appears that Lys(11)-, Lys(29) and Lys(48)-linked poly-ubiquitin chains target the protein to the proteasome for degradation, while mono-ubiquitinylated and Lys(6)- or Lys(63)-linked poly-ubiquitin chains signal reversible modifications in protein activity, location or trafficking [[cite:PUB00015620]]. For example, Lys(63)-linked poly-ubiquitinylation is known to be involved in DNA damage tolerance, inflammatory response, protein trafficking and signal transduction through kinase activation [[cite:PUB00015621]]. In addition, the length of the ubiquitin chain alters the fate of the target protein. Regulatory proteins such as transcription factors and histones are frequent targets of ubquitinylation [[cite:PUB00015622]].</p>"
1;IPR050158;"doi:10.1016/j.cell.2021.04.011
imex:IM-29278
pubmed:33961781";Ubiquitin and ubiquitin-like;<p>The ubiquitin family is characterised by its role in post-translational modification, where ubiquitin or ubiquitin-like proteins are covalently attached to target proteins, influencing their stability, localization, or activity. Ubiquitination involves the conjugation of ubiquitin to lysine residues on substrates through an isopeptide bond, often leading to proteasomal degradation. However, ubiquitin also participates in non-proteolytic functions such as DNA repair, cell cycle regulation, endocytosis, and signal transduction [[cite:PUB00155193], [cite:PUB00155194]]. Polyubiquitin chains linked through different lysine residues or linearly through the N-terminal methionine can have distinct cellular roles. Some family members are involved in ribosome biogenesis as fusion proteins with ribosomal proteins, contributing to the structure and function of ribosomes. The family includes ubiquitin-like modifiers such as NEDD8, which regulate cell cycle and embryogenesis by modifying cullins and other proteins to alter E3 ligase activity [[cite:PUB00155195]].</p>
1;IPR000626;"doi:10.1016/j.cell.2021.04.011
imex:IM-29278
pubmed:33961781";Ubiquitin-like domain;"<p>Ubiquitin is expressed as three different precursors: a polymeric head-to-tail concatemer of identical units (polyubiquitin), and two N-terminal ubiquitin moieties, UbL40 and UbS27, that are fused to the ribosomal polypeptides L40 and S27, respectively. Specific endopeptidases cleave these precursor molecules [[cite:PUB00083511]] to release ubiquitin moieties that are identical in sequence and contribute to the ubiquitin pool [[cite:PUB00083514]]. Some organisms express additional ubiquitin fusion proteins [[cite:PUB00083519]]. Furthermore, there are several ubiquitin-like proteins derived from ubiquitin [[cite:PUB00043569]].</p>

<p>This entry represents a domain characteristic of ubiquitin (Ub) and ubiquitin-like (Ubl) proteins such as SUMO [[cite:PUB00042453], [cite:PUB00032266]] and Nedd8 [[cite:PUB00020517]].</p>; <p>Ubiquitin is a protein of 76 amino acid residues, found in all eukaryotic cells and whose sequence is extremely well conserved from protozoan to vertebrates. Ubiquitin acts through its post-translational attachment (ubiquitinylation) to other proteins, where these modifications alter the function, location or trafficking of the protein, or targets it for destruction by the 26S proteasome [[cite:PUB00015619]].</p>; <p>Ubiquitin is a globular protein, the last four C-terminal residues (Leu-Arg-Gly-Gly) extending from the compact structure to form a 'tail', important for its function. The latter is mediated by the covalent conjugation of ubiquitin to target proteins, by an isopeptide linkage between the C-terminal glycine and the ε-amino group of lysine residues in the target proteins.</p>"
1;IPR019954;"doi:10.1016/j.cell.2021.04.011
imex:IM-29278
pubmed:33961781";Ubiquitin conserved site;"<p>This entry represents the conserved central region of Ubiquitin and related proteins.</p>; <p>Ubiquitin is a protein of 76 amino acid residues, found in all eukaryotic cells and whose sequence is extremely well conserved from protozoan to vertebrates. Ubiquitin acts through its post-translational attachment (ubiquitinylation) to other proteins, where these modifications alter the function, location or trafficking of the protein, or targets it for destruction by the 26S proteasome [[cite:PUB00015619]]. The terminal glycine in the C-terminal 4-residue tail of ubiquitin can form an isopeptide bond with a lysine residue in the target protein, or with a lysine in another ubiquitin molecule to form a ubiquitin chain that attaches itself to a target protein. Ubiquitin has seven lysine residues, any one of which can be used to link ubiquitin molecules together, resulting in different structures that alter the target protein in different ways.  It appears that Lys(11)-, Lys(29) and Lys(48)-linked poly-ubiquitin chains target the protein to the proteasome for degradation, while mono-ubiquitinylated and Lys(6)- or Lys(63)-linked poly-ubiquitin chains signal reversible modifications in protein activity, location or trafficking [[cite:PUB00015620]]. For example, Lys(63)-linked poly-ubiquitinylation is known to be involved in DNA damage tolerance, inflammatory response, protein trafficking and signal transduction through kinase activation [[cite:PUB00015621]]. In addition, the length of the ubiquitin chain alters the fate of the target protein. Regulatory proteins such as transcription factors and histones are frequent targets of ubquitinylation [[cite:PUB00015622]].</p>; <p>Ubiquitinylation is an ATP-dependent process that involves the action of at least three enzymes: a ubiquitin-activating enzyme (E1, [interpro:IPR000011]), a ubiquitin-conjugating enzyme (E2, [interpro:IPR000608]), and a ubiquitin ligase (E3, [interpro:IPR000569], [interpro:IPR003613]), which work sequentially in a cascade. There are many different E3 ligases, which are responsible for the type of ubiquitin chain formed, the specificity of the target protein, and the regulation of the ubiquitinylation process [[cite:PUB00015623]]. Ubiquitinylation is an important regulatory tool that controls the concentration of key signalling proteins, such as those involved in cell cycle control, as well as removing misfolded, damaged or mutant proteins that could be harmful to the cell. Several ubiquitin-like molecules have been discovered, such as Ufm1 ([interpro:IPR005375]), SUMO1 ([interpro:IPR003653]), NEDD8, Rad23 ([interpro:IPR004806]), Elongin B and Parkin ([interpro:IPR003977]), the latter being involved in Parkinson's disease [[cite:PUB00015624]].</p>"
1;IPR000842;"doi:10.1016/j.cell.2021.04.011
imex:IM-29278
pubmed:33961781";Phosphoribosyl pyrophosphate synthetase, conserved site;<p>Phosphoribosyl pyrophosphate synthetase ([ec:2.7.6.1]) (PRib-PP synthetase) catalyses the formation of PRib-PP from ATP and ribose 5-phosphate. PRib-PP is then used in various biosynthetic pathways, for example in the formation of purines, pyrimidines, histidine and tryptophan. PRib-PP synthetase requires inorganic phosphate and magnesium ions for its stability and activity. In mammals, three isozymes of PRib-PP synthetase are found, while in yeast there are at least four isozymes. A very conserved region containing two conserved aspartic acid residues as well as a histidine has been suggested to be involved in binding divalent cations [[cite:PUB00002493]]. These residues are all potential ligands for a cation such as magnesium.</p>
1;IPR029099;"doi:10.1016/j.cell.2021.04.011
imex:IM-29278
pubmed:33961781";Ribose-phosphate pyrophosphokinase, N-terminal domain;<p>This domain is found in N-terminal of ribose-phosphate pyrophosphokinase, frequently  N-terminal to  [interpro:IPR000836].</p>
1;IPR005946;"doi:10.1016/j.cell.2021.04.011
imex:IM-29278
pubmed:33961781";Ribose-phosphate pyrophosphokinase;<p>Ribose-phosphate diphosphokinase, also known as ribose-phosphate pyrophosphokinase (RPPK), or phosphoribosyldiphosphate synthetase ([ec:2.7.6.1]),  catalyses the transfer of an intact diphosphate (PP) group from ATP to ribose-5-phosphate (R-5-P), which results in the formation of AMP and 5-phospho-D-ribosyl--1-diphosphate (PRPP).</p>
1;IPR037515;"doi:10.1016/j.cell.2021.04.011
imex:IM-29278
pubmed:33961781";Ribose-phosphate pyrophosphokinase, bacterial-type;"<p>This family consists of bacterial and some eukaryotic enzymes. The crystal structure of the PRPP synthetase from Bacillus subtilis has been determined; the functional form of the enzyme is an hexamer [[cite:PUB00024226]].</p>; <p>Ribose-phosphate diphosphokinase, also known as ribose-phosphate pyrophosphokinase (RPPK), or phosphoribosyldiphosphate synthetase ([ec:2.7.6.1]),  catalyses the transfer of an intact diphosphate (PP) group from ATP to ribose-5-phosphate (R-5-P), which results in the formation of AMP and 5-phospho-D-ribosyl--1-diphosphate (PRPP).</p>"
1;IPR022032;"imex:IM-25472
pubmed:32296183";Myogenic determination factor 5;<p>This domain is found in eukaryotes, is approximately 70 amino acids in length, and contains a conserved CSD sequence motif. It is found in association with [pfam:PF00010], [pfam:PF01586]. This domain is found in Myogenic factor 5 (Myf5) and Myoblast determination protein 1 (MyoD1). Myf5 is responsible for directing cells to the skeletal myocyte lineage during development [[cite:PUB00075517]]. Myf5 is likely to act in a similar way to the other MRF4 proteins such as MyoD which perform the same function [[cite:PUB00075518]].</p>
1;IPR036179;"doi:10.1016/j.celrep.2020.108050
imex:IM-28217
pubmed:32814053";Immunoglobulin-like domain superfamily;"<p>The basic structure of immunoglobulin (Ig) molecules is a tetramer of two light chains and two heavy chains linked by disulphide bonds. There are two types of light chains: kappa and lambda, each composed of a constant domain (CL) and a variable domain (VL). There are five types of heavy chains: alpha, delta, epsilon, gamma and mu, all consisting of a variable domain (VH) and three (in alpha, delta and gamma) or four (in epsilon and mu) constant domains (CH1 to CH4). Ig molecules are highly modular proteins, in which the variable and constant domains have clear, conserved sequence patterns. The domains in Ig and Ig-like molecules are grouped into four types: V-set (variable; [interpro:IPR013106]), C1-set (constant-1; [interpro:IPR003597]), C2-set (constant-2; [interpro:IPR008424]) and I-set (intermediate; [interpro:IPR013098]) [[cite:PUB00014840]]. Structural studies have shown that these domains share a common core Greek-key β-sandwich structure, with the types differing in the number of strands in the β-sheets as well as in their sequence patterns [[cite:PUB00015110], [cite:PUB00010610]].</p>

<p>Immunoglobulin-like domains that are related in both sequence and structure can be found in several diverse protein families. Ig-like domains are involved in a variety of functions, including cell-cell recognition, cell-surface receptors, muscle structure and the immune system [[cite:PUB00027656]].</p>"
1;IPR003599;"doi:10.1016/j.celrep.2020.108050
imex:IM-28217
pubmed:32814053";Immunoglobulin domain subtype;"<p>This entry represents a subtype of the immunoglobulin domain which is found in a group of proteins that includes:</p>

<ul>
<li>Cell surface receptors containing an immunoglobulin domain.</li>
<li>Killer cell inhibitory receptors.</li>
<li>Cell adhesion molecules.</li>
</ul>; <p>The basic structure of immunoglobulin (Ig) molecules is a tetramer of two light chains and two heavy chains linked by disulphide bonds. There are two types of light chains: kappa and lambda, each composed of a constant domain (CL) and a variable domain (VL). There are five types of heavy chains: alpha, delta, epsilon, gamma and mu, all consisting of a variable domain (VH) and three (in alpha, delta and gamma) or four (in epsilon and mu) constant domains (CH1 to CH4). Ig molecules are highly modular proteins, in which the variable and constant domains have clear, conserved sequence patterns. The domains in Ig and Ig-like molecules are grouped into four types: V-set (variable; [interpro:IPR013106]), C1-set (constant-1; [interpro:IPR003597]), C2-set (constant-2; [interpro:IPR008424]) and I-set (intermediate; [interpro:IPR013098]) [[cite:PUB00014840]]. Structural studies have shown that these domains share a common core Greek-key β-sandwich structure, with the types differing in the number of strands in the β-sheets as well as in their sequence patterns [[cite:PUB00015110], [cite:PUB00010610]].</p>

<p>Immunoglobulin-like domains that are related in both sequence and structure can be found in several diverse protein families. Ig-like domains are involved in a variety of functions, including cell-cell recognition, cell-surface receptors, muscle structure and the immune system [[cite:PUB00027656]].</p>"
1;IPR050122;"doi:10.1016/j.celrep.2020.108050
imex:IM-28217
pubmed:32814053";Receptor Tyrosine Kinase;<p>The receptor tyrosine kinase family plays a crucial role in various cellular processes, including cell proliferation, differentiation, migration, and apoptosis. They act as cell-surface receptors for various ligands, such as fibroblast growth factors, insulin, and other growth factors, triggering intracellular signaling cascades that regulate embryonic development, the immune response, and the nervous system. Mutations or aberrant activation can lead to diseases like cancer. They are involved in angiogenesis, skeletal development, and maintaining vascular stability.</p>
1;IPR020635;"doi:10.1016/j.celrep.2020.108050
imex:IM-28217
pubmed:32814053";Tyrosine-protein kinase, catalytic domain;"<p>Protein phosphorylation, which plays a key role in most cellular activities, is a reversible process mediated by protein kinases and phosphoprotein phosphatases. Protein kinases catalyse the transfer of the gamma phosphate from nucleotide triphosphates (often ATP) to one or more amino acid residues in a protein substrate side chain, resulting in a conformational change affecting protein function. Phosphoprotein phosphatases catalyse the reverse process. 
Protein kinases fall into three broad classes, characterised with respect to substrate specificity [[cite:PUB00005115]]:</p>

<ul>
<li>Serine/threonine-protein kinases</li>
<li>Tyrosine-protein kinases</li>
<li>Dual specificity protein kinases (e.g. MEK -phosphorylates both Thr and Tyr on target proteins)</li>
</ul>

<p>Protein kinase function is evolutionarily conserved from Escherichia coli to human [[cite:PUB00020114]]. Protein kinases play a role in a multitude of cellular processes, including division, proliferation, apoptosis, and differentiation [[cite:PUB00015362]]. Phosphorylation usually results in a functional change of the target protein by changing enzyme activity, cellular location, or association with other proteins. The catalytic subunits of protein kinases are highly conserved, and several structures have been solved [[cite:PUB00034898]], leading to large screens to develop kinase-specific inhibitors for the treatments of a number of diseases [[cite:PUB00034899]].</p>; <p>Tyrosine-protein kinases can transfer a phosphate group from ATP to a tyrosine residue in a protein. These enzymes can be divided into two main groups [[cite:PUB00020114]]:</p>

<ul>
<li>Receptor tyrosine kinases (RTK), which are transmembrane proteins involved in signal transduction; they play key roles in growth, differentiation, metabolism, adhesion, motility, death and oncogenesis [[cite:PUB00052410]]. RTKs are composed of 3 domains: an extracellular domain (binds ligand), a transmembrane (TM) domain, and an intracellular catalytic domain (phosphorylates substrate). The TM domain plays an important role in the dimerisation process necessary for signal transduction [[cite:PUB00052411]].</li>
<li>Cytoplasmic/non-receptor tyrosine kinases, which act as regulatory proteins, playing key roles in cell differentiation, motility, proliferation, and survival. For example, the Src-family of protein-tyrosine kinases [[cite:PUB00052412]].</li>
</ul>"
1;IPR016248;"doi:10.1016/j.celrep.2020.108050
imex:IM-28217
pubmed:32814053";Fibroblast growth factor receptor family;"<p>Fibroblast growth factors (FGFs) [[cite:PUB00000068], [cite:PUB00005334]] are a family of multifunctional proteins, often referred to as 'promiscuous growth factors' due to their diverse actions on multiple cell types [[cite:PUB00067626], [cite:PUB00067627]].  FGFs are mitogens, which stimulate growth or differentiation of cells of mesodermal or neuroectodermal origin. The function of FGFs in developmental processes include mesoderm induction, anterior-posterior patterning, limb development, and neural induction and development. In mature tissues, they are involved in diverse processes including keratinocyte organisation and wound healing [[cite:PUB00021048], [cite:PUB00067628], [cite:PUB00067629], [cite:PUB00067630], [cite:PUB00067631], [cite:PUB00067632]]. FGF involvement is critical during normal development of both vertebrates and invertebrates, and irregularities in their function leads to a range of developmental defects [[cite:PUB00067633], [cite:PUB00067634], [cite:PUB00067635], [cite:PUB00067636]]. Fibroblast growth factors are heparin-binding proteins and interactions with cell-surface-associated heparan sulfate proteoglycans have been shown to be essential for FGF signal transduction. FGFs have internal pseudo-threefold symmetry (β-trefoil topology) [[cite:PUB00024683]].  There are currently over 20 different FGF family members that have been identified in mammals, all of which are structurally related signaling molecules [[cite:PUB00039267], [cite:PUB00021048]]. They exert their effects through four distinct membrane fibroblast growth factor receptors (FGFRs), FGFR1 to FGFR4 [[cite:PUB00001036]], which belong to the tyrosine kinase superfamily.  Upon binding to FGF, the receptors dimerize and their intracellular tyrosine kinase domains become active [[cite:PUB00001036]].</p>; <p>The FGFRs consist of an extracellular ligand-binding domain composed of three immunoglobulin-like domains (D1-D3), a single transmembrane helix domain, and an intracellular domain with tyrosine kinase activity [[cite:PUB00067903]].  The three immunoglobin(Ig)-like domains, D1, D2, and D3, present a stretch of acidic amino acids (known as the acid box) between D1 and D2. This acid box can participate in the regulation of FGF binding to the FGFR.  Immunoglobulin-like domains D2 and D3 are sufficient for FGF binding. FGFR family members differ from one another in their ligand affinities and tissue distribution [[cite:PUB00067692], [cite:PUB00067693]]. Most FGFs can bind to several different FGFR subtypes. Indeed, FGF1 is sometimes referred to as the universal ligand, as it is capable of activating all of the different FGFRs [[cite:PUB00067611]].  However, there are some exceptions. For example, FGF7 only interacts with FGFR2 [[cite:PUB00067612]] and FGF18 was recently shown to only activate FGFR3 [[cite:PUB00067613]].</p>; <p>This entry represents the fibroblast growth factor receptor family.</p>"
1;IPR001245;"doi:10.1016/j.celrep.2020.108050
imex:IM-28217
pubmed:32814053";Serine-threonine/tyrosine-protein kinase, catalytic domain;"<p>This entry represents the catalytic domain found in a number of serine/threonine- and tyrosine-protein kinases. It does not include catalytic domain of dual specificity kinases.</p>; <p>Protein phosphorylation, which plays a key role in most cellular activities, is a reversible process mediated by protein kinases and phosphoprotein phosphatases. Protein kinases catalyse the transfer of the gamma phosphate from nucleotide triphosphates (often ATP) to one or more amino acid residues in a protein substrate side chain, resulting in a conformational change affecting protein function. Phosphoprotein phosphatases catalyse the reverse process. 
Protein kinases fall into three broad classes, characterised with respect to substrate specificity [[cite:PUB00005115]]:</p>

<ul>
<li>Serine/threonine-protein kinases</li>
<li>Tyrosine-protein kinases</li>
<li>Dual specificity protein kinases (e.g. MEK -phosphorylates both Thr and Tyr on target proteins)</li>
</ul>

<p>Protein kinase function is evolutionarily conserved from Escherichia coli to human [[cite:PUB00020114]]. Protein kinases play a role in a multitude of cellular processes, including division, proliferation, apoptosis, and differentiation [[cite:PUB00015362]]. Phosphorylation usually results in a functional change of the target protein by changing enzyme activity, cellular location, or association with other proteins. The catalytic subunits of protein kinases are highly conserved, and several structures have been solved [[cite:PUB00034898]], leading to large screens to develop kinase-specific inhibitors for the treatments of a number of diseases [[cite:PUB00034899]].</p>"
1;IPR007110;"doi:10.1016/j.celrep.2020.108050
imex:IM-28217
pubmed:32814053";Immunoglobulin-like domain;"<p>The basic structure of immunoglobulin (Ig) molecules is a tetramer of two light chains and two heavy chains linked by disulphide bonds. There are two types of light chains: kappa and lambda, each composed of a constant domain (CL) and a variable domain (VL). There are five types of heavy chains: alpha, delta, epsilon, gamma and mu, all consisting of a variable domain (VH) and three (in alpha, delta and gamma) or four (in epsilon and mu) constant domains (CH1 to CH4). Ig molecules are highly modular proteins, in which the variable and constant domains have clear, conserved sequence patterns. The domains in Ig and Ig-like molecules are grouped into four types: V-set (variable; [interpro:IPR013106]), C1-set (constant-1; [interpro:IPR003597]), C2-set (constant-2; [interpro:IPR008424]) and I-set (intermediate; [interpro:IPR013098]) [[cite:PUB00014840]]. Structural studies have shown that these domains share a common core Greek-key β-sandwich structure, with the types differing in the number of strands in the β-sheets as well as in their sequence patterns [[cite:PUB00015110], [cite:PUB00010610]].</p>

<p>Immunoglobulin-like domains that are related in both sequence and structure can be found in several diverse protein families. Ig-like domains are involved in a variety of functions, including cell-cell recognition, cell-surface receptors, muscle structure and the immune system [[cite:PUB00027656]].</p>"
1;IPR013098;"doi:10.1016/j.celrep.2020.108050
imex:IM-28217
pubmed:32814053";Immunoglobulin I-set;"<p>This entry represents I-set domains, which are found in several cell adhesion molecules, including vascular (VCAM), intercellular (ICAM), neural (NCAM) and mucosal addressin (MADCAM) cell adhesion molecules, as well as junction adhesion molecules (JAM). I-set domains are also present in several other diverse protein families, including several tyrosine-protein kinase receptors, the hemolymph protein hemolin, the muscle proteins titin, telokin, and twitchin, the neuronal adhesion molecule axonin-1 [[cite:PUB00024043]], and the Zwei Ig domain proteins zig involved in the postembriogenic neuronal soma and axon position maintenance [[cite:PUB00094313], [cite:PUB00086969]].</p>; <p>The basic structure of immunoglobulin (Ig) molecules is a tetramer of two light chains and two heavy chains linked by disulphide bonds. There are two types of light chains: kappa and lambda, each composed of a constant domain (CL) and a variable domain (VL). There are five types of heavy chains: alpha, delta, epsilon, gamma and mu, all consisting of a variable domain (VH) and three (in alpha, delta and gamma) or four (in epsilon and mu) constant domains (CH1 to CH4). Ig molecules are highly modular proteins, in which the variable and constant domains have clear, conserved sequence patterns. The domains in Ig and Ig-like molecules are grouped into four types: V-set (variable; [interpro:IPR013106]), C1-set (constant-1; [interpro:IPR003597]), C2-set (constant-2; [interpro:IPR008424]) and I-set (intermediate; [interpro:IPR013098]) [[cite:PUB00014840]]. Structural studies have shown that these domains share a common core Greek-key β-sandwich structure, with the types differing in the number of strands in the β-sheets as well as in their sequence patterns [[cite:PUB00015110], [cite:PUB00010610]].</p>

<p>Immunoglobulin-like domains that are related in both sequence and structure can be found in several diverse protein families. Ig-like domains are involved in a variety of functions, including cell-cell recognition, cell-surface receptors, muscle structure and the immune system [[cite:PUB00027656]].</p>"
1;IPR003598;"doi:10.1016/j.celrep.2020.108050
imex:IM-28217
pubmed:32814053";Immunoglobulin subtype 2;"<p>This entry represents a subtype of the immunoglobulin domain, and is found in a diverse range of protein families that includes glycoproteins, fibroblast growth factor receptors, vascular endothelial growth factor receptors, interleukin-6 receptor, and neural cell adhesion molecules [[cite:PUB00014133]].</p>; <p>The basic structure of immunoglobulin (Ig) molecules is a tetramer of two light chains and two heavy chains linked by disulphide bonds. There are two types of light chains: kappa and lambda, each composed of a constant domain (CL) and a variable domain (VL). There are five types of heavy chains: alpha, delta, epsilon, gamma and mu, all consisting of a variable domain (VH) and three (in alpha, delta and gamma) or four (in epsilon and mu) constant domains (CH1 to CH4). Ig molecules are highly modular proteins, in which the variable and constant domains have clear, conserved sequence patterns. The domains in Ig and Ig-like molecules are grouped into four types: V-set (variable; [interpro:IPR013106]), C1-set (constant-1; [interpro:IPR003597]), C2-set (constant-2; [interpro:IPR008424]) and I-set (intermediate; [interpro:IPR013098]) [[cite:PUB00014840]]. Structural studies have shown that these domains share a common core Greek-key β-sandwich structure, with the types differing in the number of strands in the β-sheets as well as in their sequence patterns [[cite:PUB00015110], [cite:PUB00010610]].</p>

<p>Immunoglobulin-like domains that are related in both sequence and structure can be found in several diverse protein families. Ig-like domains are involved in a variety of functions, including cell-cell recognition, cell-surface receptors, muscle structure and the immune system [[cite:PUB00027656]].</p>"
1;IPR026052;"doi:10.1016/j.cell.2010.01.044
doi:10.1016/j.cell.2021.04.011
doi:10.1016/j.celrep.2020.108050
doi:10.1242/jcs.233395
imex:IM-14939
imex:IM-15364
imex:IM-19434
imex:IM-22632
imex:IM-24272
imex:IM-25472
imex:IM-25805
imex:IM-28217
imex:IM-28774
imex:IM-29278
pubmed:10915743
pubmed:15694377
pubmed:17855368
pubmed:17891176
pubmed:20211142
pubmed:21988832
pubmed:25814554
pubmed:26496610
pubmed:31391242
pubmed:32296183
pubmed:32814053
pubmed:33961781";DNA-binding protein inhibitor;"<p>Transcription factors containing basic-helix-loop-helix (bHLH) domains interact to regulate differentiation in a number of cellular systems, including myogenesis, neurogenesis and haematopoiesis [[cite:PUB00004457]]. The DNA-binding activity of these proteins is mediated via the basic region of the bHLH domain, and is dependent upon formation of homo- and/or heterodimers by these transcription factors.</p>

<p>The Id family of proteins (whose members include Id1, Id2, Id3 and the Drosophila homologue emc) contain a HLH-dimerisation domain but lack the DNA-binding basic region. Formation of heterodimers between these proteins and bHLH domain-containing transcription factors abolishes the DNA-binding ability of the latter, thus inhibiting their activity [[cite:PUB00060027]].</p>

<p>Id proteins can inhibit the differentiation of progenitors of different cell types, promoting cell-cycle progression, delaying cellular senescence, and facilitating cell migration. These properties enable them to play important roles in stem cell maintenance, vasculogenesis, tumorigenesis and metastasis, the development of the immune system, and energy metabolism [[cite:PUB00101501]].</p>"
1;IPR018230;"imex:IM-24272
pubmed:26496610";BUD31/G10-related, conserved site;<p>A Xenopus protein known as G10 [[cite:PUB00001892]] and alternatively as BUD31-homologue has been found to be highly conserved in a wide range of eukaryotic species. The function of G10 is still unknown. G10 is a protein of about 17 to 18kDa (143 to 157 residues) which is hydrophilic and whose C-terminal half is rich in cysteines and could be involved in metal-binding.</p>
1;IPR001748;"imex:IM-24272
pubmed:26496610";Pre-mRNA-splicing factor BUD31;<p>This family includes the pre-mRNA-splicing factor BUD31, also known as G10 protein, and its homologues. BUD31 is involved in the pre-mRNA splicing process [[cite:PUB00092514], [cite:PUB00097019], [cite:PUB00001892]] and it is highly conserved in a wide range of eukaryotic species. Human BUD31 may play a role as regulator of androgen receptor (AR) transcriptional activity, probably, increasing the AR transcriptional activity [[cite:PUB00101588]].</p>
1;IPR029446;"imex:IM-15364
pubmed:21988832";Coatomer beta subunit, appendage platform domain;"<p>This entry represents a domain found in the C-terminal of the coatamer beta subunit proteins (Beta-coat proteins). It is a platform domain on the appendage that carries a highly conserved tryptophan [[cite:PUB00070093], [cite:PUB00067788]].</p>; <p>Proteins synthesised on the ribosome and processed in the endoplasmic reticulum are transported from the Golgi apparatus to the trans-Golgi network (TGN), and from there via small carrier vesicles to their final destination compartment. This traffic is bidirectional, to ensure that proteins required to form vesicles are recycled. Vesicles have specific coat proteins (such as clathrin or coatomer) that are important for cargo selection and direction of transfer [[cite:PUB00035769], [cite:PUB00103198]]. While clathrin mediates endocytic protein transport, and transport from ER to Golgi, coatomers primarily mediate intra-Golgi transport, as well as the reverse Golgi to ER transport of dilysine-tagged proteins [[cite:PUB00030524]]. For example, the coatomer COP1 (coat protein complex 1) is responsible for reverse transport of recycled proteins from Golgi and pre-Golgi compartments back to the ER, while COPII buds vesicles from the ER to the Golgi [[cite:PUB00035767]]. Coatomers reversibly associate with Golgi (non-clathrin-coated) vesicles to mediate protein transport and for budding from Golgi membranes [[cite:PUB00035768]]. COPI coated vesicle assembly is initiated by recruitment of the small GTPase Arf1 which recruits the coatomer protein complex from the cytoplasm and anchors it at the membrane. Then, Arf1 is activated by a guanine exchange factor and hydrolyses GTP to mediate uncoating of the vesicle which subsequently fuses with its target membrane [[cite:PUB00103198], [cite:PUB00100149]]. As coat proteins polymerise, vesicles are formed and budded from membrane-bound organelles. Coatomer complexes also influence Golgi structural integrity, as well as the processing, activity, and endocytic recycling of LDL receptors. In mammals, coatomer complexes can only be recruited by membranes associated to ADP-ribosylation factors (ARFs), which are small GTP-binding proteins. Coatomer complexes are hetero-oligomers composed of at least an alpha, beta, beta', gamma, delta, epsilon and zeta subunits, and can be subdivided into an outer-coat and an adaptor subcomplex [[cite:PUB00103198]].</p>"
1;IPR016460;"imex:IM-15364
pubmed:21988832";Coatomer beta subunit (COPB1);"<p>Proteins synthesised on the ribosome and processed in the endoplasmic reticulum are transported from the Golgi apparatus to the trans-Golgi network (TGN), and from there via small carrier vesicles to their final destination compartment. This traffic is bidirectional, to ensure that proteins required to form vesicles are recycled. Vesicles have specific coat proteins (such as clathrin or coatomer) that are important for cargo selection and direction of transfer [[cite:PUB00035769], [cite:PUB00103198]]. While clathrin mediates endocytic protein transport, and transport from ER to Golgi, coatomers primarily mediate intra-Golgi transport, as well as the reverse Golgi to ER transport of dilysine-tagged proteins [[cite:PUB00030524]]. For example, the coatomer COP1 (coat protein complex 1) is responsible for reverse transport of recycled proteins from Golgi and pre-Golgi compartments back to the ER, while COPII buds vesicles from the ER to the Golgi [[cite:PUB00035767]]. Coatomers reversibly associate with Golgi (non-clathrin-coated) vesicles to mediate protein transport and for budding from Golgi membranes [[cite:PUB00035768]]. COPI coated vesicle assembly is initiated by recruitment of the small GTPase Arf1 which recruits the coatomer protein complex from the cytoplasm and anchors it at the membrane. Then, Arf1 is activated by a guanine exchange factor and hydrolyses GTP to mediate uncoating of the vesicle which subsequently fuses with its target membrane [[cite:PUB00103198], [cite:PUB00100149]]. As coat proteins polymerise, vesicles are formed and budded from membrane-bound organelles. Coatomer complexes also influence Golgi structural integrity, as well as the processing, activity, and endocytic recycling of LDL receptors. In mammals, coatomer complexes can only be recruited by membranes associated to ADP-ribosylation factors (ARFs), which are small GTP-binding proteins. Coatomer complexes are hetero-oligomers composed of at least an alpha, beta, beta', gamma, delta, epsilon and zeta subunits, and can be subdivided into an outer-coat and an adaptor subcomplex [[cite:PUB00103198]].</p>; <p>This entry represents the coatomer beta subunit, which forms the adaptor subcomplex together with delta, gamma and zeta subunits, homologous to the clathrin adaptor AP complexes. It has an α-solenoid 'trunk' domain with interacts with an Arf1 molecule to anchor the coat to the membrane [[cite:PUB00103198]].</p>"
1;IPR011710;"imex:IM-15364
pubmed:21988832";Coatomer beta subunit, C-terminal;"<p>This entry represents the C-terminal domain of the beta subunit from coatomer proteins (Beta-coat proteins). The C-terminal domain probably adapts the function of the N-terminal [interpro:IPR002553] domain. Coatomer protein complex I (COPI)-coated vesicles are involved in transport between the endoplasmic reticulum and the Golgi but also participate in transport from early to late endosomes within the endocytic pathway [[cite:PUB00033346]].</p>; <p>Proteins synthesised on the ribosome and processed in the endoplasmic reticulum are transported from the Golgi apparatus to the trans-Golgi network (TGN), and from there via small carrier vesicles to their final destination compartment. This traffic is bidirectional, to ensure that proteins required to form vesicles are recycled. Vesicles have specific coat proteins (such as clathrin or coatomer) that are important for cargo selection and direction of transfer [[cite:PUB00035769], [cite:PUB00103198]]. While clathrin mediates endocytic protein transport, and transport from ER to Golgi, coatomers primarily mediate intra-Golgi transport, as well as the reverse Golgi to ER transport of dilysine-tagged proteins [[cite:PUB00030524]]. For example, the coatomer COP1 (coat protein complex 1) is responsible for reverse transport of recycled proteins from Golgi and pre-Golgi compartments back to the ER, while COPII buds vesicles from the ER to the Golgi [[cite:PUB00035767]]. Coatomers reversibly associate with Golgi (non-clathrin-coated) vesicles to mediate protein transport and for budding from Golgi membranes [[cite:PUB00035768]]. COPI coated vesicle assembly is initiated by recruitment of the small GTPase Arf1 which recruits the coatomer protein complex from the cytoplasm and anchors it at the membrane. Then, Arf1 is activated by a guanine exchange factor and hydrolyses GTP to mediate uncoating of the vesicle which subsequently fuses with its target membrane [[cite:PUB00103198], [cite:PUB00100149]]. As coat proteins polymerise, vesicles are formed and budded from membrane-bound organelles. Coatomer complexes also influence Golgi structural integrity, as well as the processing, activity, and endocytic recycling of LDL receptors. In mammals, coatomer complexes can only be recruited by membranes associated to ADP-ribosylation factors (ARFs), which are small GTP-binding proteins. Coatomer complexes are hetero-oligomers composed of at least an alpha, beta, beta', gamma, delta, epsilon and zeta subunits, and can be subdivided into an outer-coat and an adaptor subcomplex [[cite:PUB00103198]].</p>"
1;IPR002553;"imex:IM-15364
pubmed:21988832";Clathrin/coatomer adaptor, adaptin-like, N-terminal;"<p>Proteins synthesized on the ribosome and processed in the endoplasmic reticulum are transported from the Golgi apparatus to the trans-Golgi network (TGN), and from there via small carrier vesicles to their final destination compartment. This traffic is bidirectional, to ensure that proteins required to form vesicles are recycled. Vesicles have specific coat proteins (such as clathrin or coatomer) that are important for cargo selection and direction of transfer [[cite:PUB00035769]].</p>; <p>This entry represents the N-terminal domain of various adaptins from different AP clathrin adaptor complexes (including AP1, AP2, AP3 and AP4), and from the beta and gamma subunits of various coatomer (COP) adaptors. This domain has a 2-layer α/α fold that forms a right-handed superhelix, and is a member of the ARM repeat superfamily [[cite:PUB00013972]]. The N-terminal region of the various AP adaptor proteins share strong sequence identity; by contrast, the C-terminal domains of different adaptins share similar structural folds, but have little sequence identity [[cite:PUB00004677]]. It has been proposed that the N-terminal domain interacts with another uniform component of the coated vesicles.</p>"
1;IPR049590;"imex:IM-14939
pubmed:17891176";PSMD4, RAZUL domain;"<p>This entry represents the C-terminal Rpn10 AZUL-binding domain (RAZUL) of PSMD4, which is responsible for binding the AZUL domain of E6AP/UBE3A. AZUL stands for amino-terminal zinc-binding domain of ubiquitin E3a ligase.</p>

<p>PSMD4 is also called 26S proteasome regulatory subunit RPN10, 26S proteasome regulatory subunit S5A, antisecretory factor 1, AF, ASF, or multiubiquitin chain-binding protein (MCB1). It acts as a ubiquitin receptor subunit through ubiquitin-interacting motifs and selects ubiquitin-conjugates for destruction. It displays a preferred selectivity for longer polyubiquitin chains. PSMD4 is a component of the 26S proteasome, a multiprotein complex involved in the ATP-dependent degradation of ubiquitinated proteins. The proteasome participates in numerous cellular processes, including cell cycle progression, apoptosis, or DNA damage repair [[cite:PUB00062757], [cite:PUB00052676], [cite:PUB00110070], [cite:PUB00085267], [cite:PUB00147865]].</p>"
1;IPR003903;"imex:IM-14939
pubmed:17891176";Ubiquitin interacting motif;<p>The Ubiquitin Interacting Motif (UIM), or 'LALAL-motif', is a stretch of about 20 amino acid residues, which was first described in the 26S proteasome subunit PSD4/RPN-10 that is known to recognise ubiquitin [[cite:PUB00007601], [cite:PUB00018255]]. In addition, the UIM is found, often in tandem or triplet arrays, in a variety of proteins either involved in ubiquitination and ubiquitin metabolism, or known to interact with ubiquitin-like modifiers. Among the UIM proteins are two different subgroups of the UBP (ubiquitin carboxy-terminal hydrolase) family of deubiquitinating enzymes, one F-box protein, one family of HECT-containing ubiquitin-ligases (E3s) from plants, and several proteins containing ubiquitin-associated UBA and/or UBX domains [[cite:PUB00018086]]. In most of these proteins, the UIM occurs in multiple copies and in association with other domains such as UBA ([interpro:IPR015940]), UBX ([interpro:IPR001012]), ENTH, EH ([interpro:IPR000261]), VHS ([interpro:IPR002014]), SH3 ([interpro:IPR001452]), HECT ([interpro:IPR000569]), VWFA ([interpro:IPR002035]), EF-hand calcium-binding, WD-40 ([interpro:IPR001680]), F-box ([interpro:IPR001810]), LIM ([interpro:IPR001781]), protein kinase ([interpro:IPR000719]), ankyrin ([interpro:IPR002110]), PX ([interpro:IPR001683]), phosphatidylinositol 3- and 4-kinase ([interpro:IPR000403]), C2 ([interpro:IPR000008]), OTU ([interpro:IPR003323]), dnaJ ([interpro:IPR001623]), RING-finger ([interpro:IPR001841]) or FYVE-finger ([interpro:IPR017455]). UIMs have been shown to bind ubiquitin and to serve as a specific targeting signal important for monoubiquitination. Thus, UIMs may have several functions in ubiquitin metabolism each of which may require different numbers of UIMs [[cite:PUB00018256], [cite:PUB00018257], [cite:PUB00044081]].</p>
1;IPR027040;"imex:IM-14939
pubmed:17891176";26S proteasome non-ATPase regulatory subunit 4;"<p>The 26S proteasome is composed of a core protease, known as the 20S proteasome, capped at one or both ends by the 19S regulatory complex (RC). The RC is composed of at least 18 different subunits in two subcomplexes, the base and the lid, which form the portions proximal and distal to the 20S proteolytic core, respectively [[cite:PUB00062757]].</p>

<p>This family consists of the RC subunit S5A or non-ATPase regulatory subunit 4 (PSMD4, also known as Rpn10). Rpn10 binds and presumably selects ubiquitin-conjugates for destruction [[cite:PUB00062754], [cite:PUB00062756]].</p>"
1;IPR010989;"doi:10.1016/j.cell.2021.04.011
imex:IM-29278
pubmed:33961781";SNARE;"<p>Soluble N-ethylmaleimide attachment protein receptor (SNARE) proteins are a family of membrane-associated proteins characterised by an α-helical coiled-coil domain called the SNARE motif [[cite:PUB00014049]]. These proteins are classified as v-SNAREs and t-SNAREs based on their localisation on the vesicle or target membrane; another classification scheme defines R-SNAREs and Q-SNAREs based on the conserved arginine or glutamine residue in the centre of the SNARE motif. SNAREs are localised to distinct membrane compartments of the secretory and endocytic trafficking pathways and contribute to the specificity of intracellular membrane fusion processes.</p>

<p>The t-SNARE domain consists of a 4-helical bundle with a coiled-coil twist. The SNARE motif contributes to the fusion of two membranes. SNARE motifs fall into four classes: homologues of syntaxin 1a (t-SNARE), VAMP-2 (v-SNARE), and the N- and C-terminal SNARE motifs of SNAP-25. It is thought that one member from each class interacts to form a SNARE complex.</p>

<p>The SNARE motif represented in this entry is found in the N-terminal domains of certain syntaxin family members: syntaxin 1a, which is required for neurotransmitter release [[cite:PUB00014050]]; syntaxin 6, which is found in endosomal transport vesicles [[cite:PUB00014055]], yeast Sso1p [[cite:PUB00014051]], and Vam3p, a yeast syntaxin essential for vacuolar fusion [[cite:PUB00014052]]. The SNARE motifs in these proteins share structural similarity, despite having a low level of sequence similarity.</p>"
1;IPR059001;"doi:10.1016/j.cell.2021.04.011
imex:IM-29278
pubmed:33961781";STX17-like, N-terminal domain;<p>This domain is found at the N-terminal end of human Syntaxin-17 (STX17), a SNARE protein (soluble N-ethylmaleimide-sensitive factor-attachment protein receptor) of the autophagosome that is involved in autophagy through the direct control of autophagosome membrane fusion with the lysosome membrane [[cite:PUB00065300], [cite:PUB00101002], [cite:PUB00091390], [cite:PUB00095356]]. This domain is predicted to form an α-helical bundle.</p>
1;IPR006012;"doi:10.1016/j.cell.2021.04.011
imex:IM-29278
pubmed:33961781";Syntaxin/epimorphin, conserved site;"<p>Syntaxins A and B are nervous system-specific proteins implicated in the docking of synaptic vesicles with the presynaptic plasma membrane. Syntaxins are a family of receptors for intracellular transport vesicles. Each target membrane may be identified by a specific member of the syntaxin family [[cite:PUB00000897]].</p>

<p>Members of the syntaxin family [[cite:PUB00005397], [cite:PUB00000891]] have a size ranging from 30 Kd to 40 Kd; a C-terminal extremity which is highly hydrophobic and anchors the protein on the cytoplasmic surface of cellular membranes; a central, well conserved region SNARE motif, which seems to be in a coiled-coil conformation. SNARE motifs assemble into parallel four helix bundles stabilised by the burial of these hydrophobic helix faces in the bundle core [[cite:PUB00014194]]. Monomeric SNARE motifs are disordered so this assembly reaction is accompanied by a dramatic increase in α-helical secondary structure. The parallel arrangement of SNARE motifs within complexes bring the transmembrane anchors, and the two membranes, into close proximity.</p>"
1;IPR045242;"doi:10.1016/j.cell.2021.04.011
imex:IM-29278
pubmed:33961781";Syntaxin;"<p>Syntaxins are the prototype family of SNARE proteins. They usually consist of three main regions - a C-terminal transmembrane region, a central SNARE domain which is characteristic of and conserved in all syntaxins [interpro:IPR000727], and an N-terminal domain which varies between syntaxin isoforms; in syntaxin 1A ([swissprot:O35526]) it is found as three α-helices with a left-handed twist. It may fold back on the SNARE domain to allow the molecule to adopt a 'closed' configuration that prevents formation of the core fusion complex - it thus has an auto-inhibitory role.</p>

<p>The function of syntaxins is determined by their localisation. They are involved in neuronal exocytosis, ER-Golgi transport and Golgi-endosome transport, for example. They also interact with other proteins as well as those involved in SNARE complexes. These include vesicle coat proteins, Rab GTPases, and tethering factors [[cite:PUB00020397]].</p>"
1;IPR028676;"doi:10.1016/j.cell.2021.04.011
imex:IM-29278
pubmed:33961781";Syntaxin-17, SNARE motif;"<p>Syntaxin-17 (STX17) belongs to the syntaxin family, which is a group of the membrane integrated proteins participating in exocytosis. Syntaxins are associated with various intracellular membrane compartments and have been implicated in various physiological processes such as axonal growth, cell division and autophagosome-lysosome fusion [[cite:PUB00101685], [cite:PUB00068996]].</p>

<p>STX17 is required to maintain the architecture of ER-Golgi intermediate compartment and Golgi [[cite:PUB00068997]]. STX17 is also involved in the fusion of autophagosomes with endosomes/lysosomes. Its unique C-terminal hairpin structure mediated by two tandem transmembrane domains is essential for its association with the autophagosomal membrane [[cite:PUB00065300], [cite:PUB00095356]].</p>; <p>This entry represents the SNARE (soluble N-ethylmaleimide-sensitive factor attachment protein receptor) motif of STX17, which consist of coiled-coil helices.</p>"
1;IPR000727;"doi:10.1016/j.cell.2021.04.011
imex:IM-29278
pubmed:33961781";Target SNARE coiled-coil homology domain;"<p>The process of vesicular fusion with target membranes depends on a set of SNAREs (SNAP-Receptors), which are associated with the fusing membranes [[cite:PUB00005793], [cite:PUB00005792]]. These proteins are classified as v-SNAREs and t-SNAREs based on their localisation on vesicle or target membrane while another classification scheme defines R-SNAREs and Q-SNAREs, as based on the conserved arginine or glutamine residue in the centre of the SNARE motif [[cite:PUB00018360]]. Target SNAREs (t-SNAREs) are localised on the target membrane and belong to two different families, the syntaxin-like family and the SNAP-25 like family. One member of each family, together with a v-SNARE localised on the vesicular membrane, are required for fusion.</p>

<p>The N- and C-terminal coiled-coil domains of members of the SNAP-25 family and the most C-terminal coiled-coil domain of the syntaxin family are related to each other and form a new homology domain of approximately 60 amino acids. This domain is also found in other known proteins involved in vesicular membrane traffic, some of which belong to different protein families [[cite:PUB00005782]].</p>"
1;IPR027482;"imex:IM-24272
pubmed:26496610";Sec1-like, domain 2;"<p>This entry represents domain 2 from the Sec1 family which includes Sec1, Sly1,  Slp1/Vps33, yeast Vps45/Stt10, Unc-18 from nematodes, Munc-18b/muSec1, Munc-18c from mouse, Rop from Drosophila, Munc-18/n-Sec1/rbSec1A and rbSec1B from rat [[cite:PUB00027426], [cite:PUB00097356], [cite:PUB00097357], [cite:PUB00058518]].</p>; <p>Sec1-like molecules have been implicated in a variety of eukaryotic vesicle transport processes including neurotransmitter release by exocytosis [[cite:PUB00003457]]. They regulate vesicle transport by binding to a t-SNARE from the syntaxin family. This process is thought to prevent SNARE complex formation, a protein complex required for membrane fusion. Whereas Sec1 molecules are essential for neurotransmitter release and other secretory events, their interaction with syntaxin molecules seems to represent a negative regulatory step in secretion [[cite:PUB00007149]].</p>; <p>The nSec1 polypeptide chain can be divided into three domains. The first domain, consists of a five-stranded parallel β-sheet flanked by five α-helices. The second domain, like the first one, has an α-β-α fold, however the β-sheet of domain 2 features five parallel strands with an additional antiparallel strand on one edge. The third domain is a large insertion between the third and fourth parallel strands of domain 2, and can be subdivided in two [[cite:PUB00024251]].</p>"
1;IPR001619;"imex:IM-24272
pubmed:26496610";Sec1-like protein;<p>Sec1-like molecules have been implicated in a variety of eukaryotic vesicle transport processes including neurotransmitter release by exocytosis [[cite:PUB00003457]]. They regulate vesicle transport by binding to a t-SNARE from the syntaxin family. This process is thought to prevent SNARE complex formation, a protein complex required for membrane fusion. Whereas Sec1 molecules are essential for neurotransmitter release and other secretory events, their interaction with syntaxin molecules seems to represent a negative regulatory step in secretion [[cite:PUB00007149]].</p>
1;IPR036045;"imex:IM-24272
pubmed:26496610";Sec1-like superfamily;"<p>Sec1-like molecules have been implicated in a variety of eukaryotic vesicle transport processes including neurotransmitter release by exocytosis [[cite:PUB00003457]]. They regulate vesicle transport by binding to a t-SNARE from the syntaxin family. This process is thought to prevent SNARE complex formation, a protein complex required for membrane fusion. Whereas Sec1 molecules are essential for neurotransmitter release and other secretory events, their interaction with syntaxin molecules seems to represent a negative regulatory step in secretion [[cite:PUB00007149]].</p>; <p>Mutations in vacuolar protein sorting-associated protein 33B (VPS33B) account for most cases of arthrogryposis, renal dysfunction and cholestasis syndrome (ARC) [[cite:PUB00086463]]. 
It is proposed that the VPS33 may play a role in vesicle-mediated protein trafficking to lysosomal compartments and in membrane docking/fusion reactions of late endosomes/lysosomes [[cite:PUB00086461]].</p>"
1;IPR043154;"imex:IM-24272
pubmed:26496610";Sec1-like, domain 1;"<p>This superfamily represents the domain 1 of Sec1 and related proteins.</p>; <p>Sec1-like molecules have been implicated in a variety of eukaryotic vesicle transport processes including neurotransmitter release by exocytosis [[cite:PUB00003457]]. They regulate vesicle transport by binding to a t-SNARE from the syntaxin family. This process is thought to prevent SNARE complex formation, a protein complex required for membrane fusion. Whereas Sec1 molecules are essential for neurotransmitter release and other secretory events, their interaction with syntaxin molecules seems to represent a negative regulatory step in secretion [[cite:PUB00007149]].</p>; <p>The nSec1 polypeptide chain can be divided into three domains. The first domain, consists of a five-stranded parallel β-sheet flanked by five α-helices. The second domain, like the first one, has an α-β-α fold, however the β-sheet of domain 2 features five parallel strands with an additional antiparallel strand on one edge. The third domain is a large insertion between the third and fourth parallel strands of domain 2, and can be subdivided in two [[cite:PUB00024251]].</p>; <p>Members of the Sec1 family include Sec1, Sly1, Slp1/Vps33, Vps45/Stt10 (yeast), Unc-18 (nematode), Munc-18b/muSec1, Munc-18c (mouse), Rop (Drosophila), Munc-18/n-Sec1/rbSec1A and rbSec1B (rat) [[cite:PUB00003457]].</p>"
1;IPR043127;"imex:IM-24272
pubmed:26496610";Sec1-like, domain 3a;"<p>This superfamily represents the N-terminal region of domain 3 (called domain 3a) found in Sec1 and related proteins.</p>; <p>Sec1-like molecules have been implicated in a variety of eukaryotic vesicle transport processes including neurotransmitter release by exocytosis [[cite:PUB00003457]]. They regulate vesicle transport by binding to a t-SNARE from the syntaxin family. This process is thought to prevent SNARE complex formation, a protein complex required for membrane fusion. Whereas Sec1 molecules are essential for neurotransmitter release and other secretory events, their interaction with syntaxin molecules seems to represent a negative regulatory step in secretion [[cite:PUB00007149]].</p>; <p>The nSec1 polypeptide chain can be divided into three domains. The first domain, consists of a five-stranded parallel β-sheet flanked by five α-helices. The second domain, like the first one, has an α-β-α fold, however the β-sheet of domain 2 features five parallel strands with an additional antiparallel strand on one edge. The third domain is a large insertion between the third and fourth parallel strands of domain 2, and can be subdivided in two [[cite:PUB00024251]].</p>; <p>Members of the Sec1 family include Sec1, Sly1, Slp1/Vps33, Vps45/Stt10 (yeast), Unc-18 (nematode), Munc-18b/muSec1, Munc-18c (mouse), Rop (Drosophila), Munc-18/n-Sec1/rbSec1A and rbSec1B (rat) [[cite:PUB00003457]].</p>"
1;IPR040238;"doi:10.1016/j.cell.2021.04.011
imex:IM-29278
pubmed:33961781";Helix-loop-helix protein TAL-like;<p>This entry includes highly related proteins with a Myc-type, basic helix-loop-helix (bHLH) domain, including T-cell acute lymphocytic leukemia proteins 1 and 2 (TAL1 and TAL2), helix-loop-helix proteins 1 and 2 (NHLH1/HEN1 and NHLH2/HEN2), and protein lyl-1 (LYL1).  The bHLH domain is required for protein dimerization and DNA binding [[cite:PUB00090735]].  TAL1 may be a positive regulator of erythroid differentiation [[cite:PUB00090736]].  The TAL1 and TAL2 genes are altered in T-cell acute lymphoblastic leukemia [[cite:PUB00090735]].  The NHLH1 and NHLH2 genes are expressed in the developing nervous system, especially cell lines derived from neuroblastoma, PNET, and small cell lung cancer [[cite:PUB00090737]], and the proteins may have regulatory functions in the developing nervous system [[cite:PUB00090738]]. LYL1 has a role in primitive erythropoiesis [[cite:PUB00091110]]. A chromosomal aberration involving the LYL1 gene may be a cause of a form of T-cell acute lymphoblastic leukemia [[cite:PUB00090739]].</p>
1;IPR018361;pubmed:17855368;Caveolin, conserved site;"<p>Caveolae are 50-100 nm invaginations located at the plasma membrane of many cell types and are known to transport molecules across endothelial cells [[cite:PUB00074862]]. Caveolae require the caveolin protein for formation. Caveolins may act as scaffolding proteins within caveolar membranes by compartmentalizing and concentrating signalling molecules. Mammals have three caveolin proteins:caveolin-1 (Cav-1, or VIP21), caveolin-2 and caveolin-3 (or M-caveolin). Various classes of signalling molecules, including G-protein subunits, receptor and non-receptor tyrosine kinases, endothelial nitric oxide synthase (eNOS), and small GTPases, bind Cav-1 through its 'caveolin-scaffolding domain' [[cite:PUB00074863]].</p>

<p>Caveolins are proteins of about 20 Kd, they form high molecular mass homo-oligomers. Structurally they seem to have N-terminal and C-terminal hydrophilic segments and a long central transmembrane domain that probably forms a hairpin in the membrane. Both extremities are known to face the cytoplasm. Caveolae are enriched with cholesterol and Cav-1 is one of the few proteins that binds cholesterol tightly and specifically.</p>"
1;IPR001612;pubmed:17855368;Caveolin;"<p>Caveolae are 50-100 nm invaginations located at the plasma membrane of many cell types and are known to transport molecules across endothelial cells [[cite:PUB00074862]]. Caveolae require the caveolin protein for formation. Caveolins may act as scaffolding proteins within caveolar membranes by compartmentalizing and concentrating signalling molecules. Mammals have three caveolin proteins:caveolin-1 (Cav-1, or VIP21), caveolin-2 and caveolin-3 (or M-caveolin). Various classes of signalling molecules, including G-protein subunits, receptor and non-receptor tyrosine kinases, endothelial nitric oxide synthase (eNOS), and small GTPases, bind Cav-1 through its 'caveolin-scaffolding domain' [[cite:PUB00074863]].</p>

<p>Caveolins are proteins of about 20 Kd, they form high molecular mass homo-oligomers. Structurally they seem to have N-terminal and C-terminal hydrophilic segments and a long central transmembrane domain that probably forms a hairpin in the membrane. Both extremities are known to face the cytoplasm. Caveolae are enriched with cholesterol and Cav-1 is one of the few proteins that binds cholesterol tightly and specifically.</p>"
1;IPR019538;"imex:IM-24272
pubmed:26496610";26S proteasome non-ATPase regulatory subunit 5;"<p>The 26S proteasome is an enzymatic complex that degrades ubiquitinated proteins in eukaryotic cells. 26S proteasome non-ATPase regulatory subunit 5 (PSMD5) is one of a number of chaperones that are involved in the assembly of the proteasome. The chaperones dissociate before 26S proteasome formation is complete [[cite:PUB00055592]].</p>

<p>TNF-alpha/NFkB inhibits 26S proteasome assembly via abnormal expression of PSMD5, establishing a link between inflammation and chronic neurodegenerative diseases with altered ubiquitin-proteasome system function [[cite:PUB00072163]].</p>"
1;IPR036855;"imex:IM-24272
pubmed:26496610";Zinc finger, CCCH-type superfamily;"<p>Zinc finger (Znf) domains are relatively small protein motifs which contain multiple finger-like protrusions that make tandem contacts with their target molecule. Some of these domains bind zinc, but many do not; instead, they bind other metals, such as iron, or no metal at all. For example, some family members form salt bridges to stabilise the finger-like folds. They were first identified as a DNA-binding motif in transcription factor TFIIIA from Xenopus laevis (African clawed frog); however, they are now recognised to bind DNA, RNA, protein and/or lipid substrates [[cite:PUB00035807], [cite:PUB00035805], [cite:PUB00035806], [cite:PUB00035804], [cite:PUB00014077]]. Their binding properties depend on the amino acid sequence of the finger domains and of the linker between fingers, as well as on the higher-order structures and the number of fingers. Znf domains are often found in clusters, where fingers can have different binding specificities. There are many superfamilies of Znf motifs, varying in both sequence and structure. They display considerable versatility in binding modes, even between members of the same class (e.g., some bind DNA, others protein), suggesting that Znf motifs are stable scaffolds that have evolved specialised functions. For example, Znf-containing proteins function in gene transcription, translation, mRNA trafficking, cytoskeleton organisation, epithelial development, cell adhesion, protein folding, chromatin remodelling and zinc sensing, to name but a few [[cite:PUB00035812]]. Zinc-binding motifs are stable structures, and they rarely undergo conformational changes upon binding their target.</p>; <p>This entry represents C-x8-C-x5-C-x3-H (CCCH) type Zinc finger (Znf) domains superfamily. Proteins containing CCCH Znf domains include Znf proteins from eukaryotes involved in cell cycle or growth phase-related regulation, e.g. human TIS11B (butyrate response factor 1), a probable regulatory protein involved in regulating the response to growth factors, and the mouse TTP growth factor-inducible nuclear protein, which has the same function. The mouse TTP protein is induced by growth factors. Another protein containing this domain is the human splicing factor U2AF 35kDa subunit, which plays a critical role in both constitutive and enhancer-dependent splicing by mediating essential protein-protein interactions and protein-RNA interactions required for 3' splice site selection. It has been shown that different CCCH-type Znf proteins interact with the 3'-untranslated region of various mRNA [[cite:PUB00005945], [cite:PUB00005946]]. This type of Znf is very often present in two copies.</p>"
1;IPR052824;"imex:IM-24272
pubmed:26496610";N6-methyladenosine RNA Methylation Regulator;<p>This family of proteins includes components involved in the post-transcriptional modification of RNA, specifically through N6-methyladenosine (m6A) methylation. Members of this family play a crucial role in the efficiency of mRNA splicing and RNA processing. They are key regulators of m6A methylation, particularly influencing the modification of mRNAs at the 3'-UTR. These proteins are also implicated in maintaining the pluripotency of embryonic stem cells by modulating m6A methylation levels. Additionally, they are essential for the assembly and nuclear localization of certain RNA-modifying complexes, serving as a scaffold for other components and facilitating interactions with RNA-binding proteins.</p>
1;IPR000571;"imex:IM-24272
pubmed:26496610";Zinc finger, CCCH-type;"<p>This entry represents C-x8-C-x5-C-x3-H (CCCH) type Zinc finger (Znf) domains.</p>; <p>Proteins containing CCCH Znf domains include Znf proteins from eukaryotes involved in cell cycle or growth phase-related regulation, e.g. human TIS11B (butyrate response factor 1, also known as mRNA decay activator protein ZFP36L1), a probable regulatory protein involved in regulating the response to growth factors, and the mouse TTP growth factor-inducible nuclear protein, which has the same function. The mouse TTP protein is induced by growth factors. Another protein containing this domain is the human splicing factor U2AF 35kDa subunit, which plays a critical role in both constitutive and enhancer-dependent splicing by mediating essential protein-protein interactions and protein-RNA interactions required for 3' splice site selection. It has been shown that different CCCH-type Znf proteins interact with the 3'-untranslated region of various mRNA [[cite:PUB00005945], [cite:PUB00005946]]. This type of Znf is very often present in two copies.</p>; <p>Zinc finger (Znf) domains are relatively small protein motifs which contain multiple finger-like protrusions that make tandem contacts with their target molecule. Some of these domains bind zinc, but many do not; instead, they bind other metals, such as iron, or no metal at all. For example, some family members form salt bridges to stabilise the finger-like folds. They were first identified as a DNA-binding motif in transcription factor TFIIIA from Xenopus laevis (African clawed frog); however, they are now recognised to bind DNA, RNA, protein and/or lipid substrates [[cite:PUB00035807], [cite:PUB00035805], [cite:PUB00035806], [cite:PUB00035804], [cite:PUB00014077]]. Their binding properties depend on the amino acid sequence of the finger domains and of the linker between fingers, as well as on the higher-order structures and the number of fingers. Znf domains are often found in clusters, where fingers can have different binding specificities. There are many superfamilies of Znf motifs, varying in both sequence and structure. They display considerable versatility in binding modes, even between members of the same class (e.g., some bind DNA, others protein), suggesting that Znf motifs are stable scaffolds that have evolved specialised functions. For example, Znf-containing proteins function in gene transcription, translation, mRNA trafficking, cytoskeleton organisation, epithelial development, cell adhesion, protein folding, chromatin remodelling and zinc sensing, to name but a few [[cite:PUB00035812]]. Zinc-binding motifs are stable structures, and they rarely undergo conformational changes upon binding their target.</p>"
1;IPR042634;"imex:IM-25472
pubmed:32296183";Homeobox protein MOX-1/MOX-2;<p>MEOX1 and MEOX2 are homeodomain transcription factors that have been shown to be partially functionally redundant during development. They regulate the cyclin dependent kinase inhibitors p21 and p16 in vascular endothelial cells [[cite:PUB00093128]]. Nevertheless, MEOX1 also plays important, non-redundant roles in maintaining sclerotome polarity and the formation of cranio-cervical joints [[cite:PUB00093130]]. Mutations in the MEOX1 gene cause Klippel-Feil syndrome 2, autosomal recessive (KFS2), a skeletal disorder characterised by congenital fusion of cervical vertebrae [[cite:PUB00093130], [cite:PUB00093129]].</p>
1;IPR020479;"imex:IM-25472
pubmed:32296183";Homeodomain, metazoa;<p>This entry represents the homeodomain (HD), a protein domain of approximately 60 residues that usually binds DNA. It is encoded by the homeobox sequence [[cite:PUB00126359], [cite:PUB00153777]], which was first identified in a number of Drosophila homeotic and segmentation proteins, but is now known to be well-conserved in many other animals, including vertebrates [[cite:PUB00000591], [cite:PUB00005390]]. Proteins containing HDs are likely to play an important role in development - most are known to be sequence-specific DNA-binding transcription factors. This domain folds into a globular structure with three α-helices connected by two short loops that harbour a hydrophobic core. The second and third form a helix-turn-helix (HTH) motif, which make intimate contacts with the DNA: while the first helix of this motif helps to stabilise the structure, the second helix binds to DNA via a number of hydrogen bonds and hydrophobic interactions, which occur between specific side chains and the exposed bases and thymine methyl groups within the major groove of the DNA [[cite:PUB00126359],  [cite:PUB00153777]]. One particularity of the HTH motif in some of these proteins arises from the stereo-chemical requirement for glycine in the turn (position 9 of the motif), which is needed to avoid steric interference of the β-carbon with the main chain: for cro and repressor proteins the glycine appears to be mandatory, while for many of the homeotic and other DNA-binding proteins the requirement is relaxed.</p>
1;IPR013761;"doi:10.1016/j.cell.2021.04.011
imex:IM-29278
pubmed:33961781";Sterile alpha motif/pointed domain superfamily;"<p>Sterile alpha motif (SAM) domains are known to be involved in diverse protein-protein interactions, associating with both SAM-containing and non-SAM-containing proteins pathway [[cite:PUB00014041]]. SAM domains exhibit a conserved structure, consisting of a 4-5-helical bundle of two orthogonally packed α-hairpins. However, SAM domains display a diversity of function, being involved in interactions with proteins, DNA and RNA [[cite:PUB00014042]]. The name 'sterile alpha motif' arose from its presence in proteins that are essential for yeast sexual differentiation. The SAM domain has had various names, including SPM, PTN (pointed), SEP (yeast sterility, Ets-related, PcG proteins), NCR (N-terminal conserved region) and HLH (helix-loop-helix) domains, all of which are related and can be classified as SAM domains.</p>

<p>SAM domains occur in eukaryotic and in some bacterial proteins. Structures have been determined for several proteins that contain SAM domains, including the Ets-1 transcription factor, which plays a role in the development and invasion of tumour cells by regulating the expression of matrix-degrading proteases [[cite:PUB00014043]]; Etv6 transcription factor, gene rearrangements of which have been demonstrated in several malignancies [[cite:PUB00014044]]; EphA4 receptor tyrosine kinase, which is believed to be important for the correct localisation of a motoneuron pool to a specific position in the spinal cord [[cite:PUB00014045]]; EphB2 receptor, which is involved in spine morphogenesis via intersectin, Cdc42 and N-Wasp [[cite:PUB00014046]]; p73, a p53 homologue involved in neuronal development [[cite:PUB00014047]]; and polyhomeotic, which is a member of the Polycomb group of genes (Pc-G) required for the maintenance of the spatial expression pattern of homeotic genes [[cite:PUB00014048]].</p>"
1;IPR001660;"doi:10.1016/j.cell.2021.04.011
imex:IM-29278
pubmed:33961781";Sterile alpha motif domain;"<p>The sterile alpha motif (SAM) domain is a protein interaction module present in a wide variety of proteins [[cite:PUB00005047], [cite:PUB00101140]] involved in many biological processes. The SAM domain that spreads over around 70 residues and one of the most common protein modules found in eukaryotic genomes [[cite:PUB00003966]]. SAM domains have been shown to form homo- and hetero-oligomers, forming multiple self-association architectures and also binding to various non-SAM domain-containing proteins [[cite:PUB00006191]], nevertheless with a low affinity constant [[cite:PUB00006192]]. SAM domains also appear to possess the ability to bind RNA [[cite:PUB00014041]]. Smaug, a protein that helps to establish a morphogen gradient in Drosophila embryos by repressing the translation of nanos (nos) mRNA, binds to the 3' untranslated region (UTR) of nos mRNA via two similar hairpin structures. The 3D crystal structure of the Smaug RNA-binding region shows a cluster of positively charged residues on the Smaug-SAM domain, which could be the RNA-binding surface. This electropositive potential is unique among all previously determined SAM-domain structures and is conserved among Smaug-SAM homologues. These results suggest that the SAM domain might have a primary role in RNA binding.</p>

<p>Structural analyses show that the SAM domain is arranged in a small five-helix bundle with two large interfaces [[cite:PUB00006191]]. In the case of the SAM domain of EphB2, each of these interfaces is able to form dimers. The presence of these two distinct intermonomers binding surface suggest that SAM could form extended polymeric structures [[cite:PUB00006192]].</p>"
1;IPR048589;"doi:10.1016/j.cell.2021.04.011
imex:IM-29278
pubmed:33961781";SAM domain-containing protein 1-like, WH domain;"<p>This entry represents a novel distinct group of WH domains [[cite:PUB00151825]].</p>

<p>SAM domain-containing protein 1 (SAMD1, also known as Atherin) is an unmethylated CpG island (CGI)-binding protein that acts as a repressive chromatin regulator. It consists of a C-terminal SAM domain ([interpro:IPR001660]), a central unstructured region and an atypical winged helix N-terminal domain that directly recognises unmethylated CpG-containing DNA. This domain has also been found in the transcriptional regulators KAT6A, KAT6B, and ZMYND11 which were grouped together as a novel class of WH domains (represented here).</p>"
1;IPR056983;"doi:10.1016/j.cell.2021.04.011
imex:IM-29278
pubmed:33961781";SAMD1-like, small helical domain;<p>This domain is found in the human Sterile alpha motif domain-containing protein 1 (SAMD1) and its homologues from vertebrates. SAMD1 directly recognises and binds unmethylated CpG-containing DNA via simultaneous interactions with both the major and the minor groove [[cite:PUB00151825]]. SAMD1 acts as a transcriptional repressor and chromatin regulator [[cite:PUB00151825], [cite:PUB00159931]].</p>
1;IPR028564;"doi:10.1016/j.cell.2021.04.011
imex:IM-29278
pubmed:33961781";tRNA methyltransferase TRM10-type domain;"<p>This entry represents a domain found in TRM10-type methyltransferases, which belong to class IV SAM-dependent methyltransferases (SPOUT family) [[cite:PUB00068732]]. These enzymes function as homodimers and exclusively methylate RNA substrates. The SPOUT fold comprises a five-stranded β-sheet flanked by two layers of α-helices, organised into two α/β subdomains: an N-terminal Rossmann-like fold and a C-terminal region containing a characteristic topological trefoil knot where SAM binding occurs. The active site is located at the dimer interface and is formed by residues from both monomers [[cite:PUB00054125], [cite:PUB00044735]]. TRM10-type methyltransferases, which include tRNA (guanine(9)-N1)-methyltransferase, tRNA (adenine(9)-N1)-methyltransferase and related enzymes, are widely distributed in eukaryotes and archaea but are absent from bacteria.</p>; <p>Transfer RNA molecules contain numerous modified nucleosides, particularly within the anticodon region, which are introduced by various tRNA-modifying enzymes prior to the formation of mature tRNA. Among these modifications, N1-methylguanine (m1G) at position 37 is catalysed by tRNA (guanine-N1)-methyltransferase [ec:2.1.1.31], which transfers a methyl group from S-adenosyl-L-methionine (SAM) to guanosine, yielding S-adenosyl-L-homocysteine and m1G37-containing tRNA. This modification occurs in tRNAs that decode CUN (leucine), CCN (proline) and CGG (arginine) codons. The presence of m1G37 enhances cellular growth rate and polypeptide synthesis efficiency while preventing ribosomal frameshifting [[cite:PUB00006251]]. Studies have demonstrated that the conformation of the anticodon loop may be a major determinant for m1G37 formation in vivo [[cite:PUB00006365], [cite:PUB00006289]].</p>"
1;IPR025812;"doi:10.1016/j.cell.2021.04.011
imex:IM-29278
pubmed:33961781";tRNA methyltransferase 10 homolog C, TRM10-type domain;"<p>Mitochondrial RNase P (mtRNase P) cleaves tRNA molecules in their 5'-ends and consists of 3 components: a tRNA methyltransferase (MRPP1/TRMT10), a dehydrogenase/reductase-family member (MRPP2/HSD17B10), and MRPP3 (KIAA03910) [[cite:PUB00058130]].</p>

<p>This entry includesTRMT10C, which is a metazoa homologue to yeast TRM10, a tRNA m1G methyltransferase responsible for modification at position 9. In humans there are three TRM10 orthologues. Mutations in TRMT10C cause mitochondrial disease [[cite:PUB00088047]]. Mitochondrial ribonuclease P protein 1 homolog from Drosophila melanogaster is also included in this group.</p>; <p>This entry represents the SAM-dependent methyltransferase TRM10-type domain.</p>"
1;IPR038459;"doi:10.1016/j.cell.2021.04.011
imex:IM-29278
pubmed:33961781";tRNA methyltransferase TRM10-type domain superfamily;"<p>This entry represents a domain found in TRM10-type methyltransferases, which belong to class IV SAM-dependent methyltransferases (SPOUT family) [[cite:PUB00068732]]. These enzymes function as homodimers and exclusively methylate RNA substrates. The SPOUT fold comprises a five-stranded β-sheet flanked by two layers of α-helices, organised into two α/β subdomains: an N-terminal Rossmann-like fold and a C-terminal region containing a characteristic topological trefoil knot where SAM binding occurs. The active site is located at the dimer interface and is formed by residues from both monomers [[cite:PUB00054125], [cite:PUB00044735]]. TRM10-type methyltransferases, which include tRNA (guanine(9)-N1)-methyltransferase, tRNA (adenine(9)-N1)-methyltransferase and related enzymes, are widely distributed in eukaryotes and archaea but are absent from bacteria.</p>; <p>Transfer RNA molecules contain numerous modified nucleosides, particularly within the anticodon region, which are introduced by various tRNA-modifying enzymes prior to the formation of mature tRNA. Among these modifications, N1-methylguanine (m1G) at position 37 is catalysed by tRNA (guanine-N1)-methyltransferase [ec:2.1.1.31], which transfers a methyl group from S-adenosyl-L-methionine (SAM) to guanosine, yielding S-adenosyl-L-homocysteine and m1G37-containing tRNA. This modification occurs in tRNAs that decode CUN (leucine), CCN (proline) and CGG (arginine) codons. The presence of m1G37 enhances cellular growth rate and polypeptide synthesis efficiency while preventing ribosomal frameshifting [[cite:PUB00006251]]. Studies have demonstrated that the conformation of the anticodon loop may be a major determinant for m1G37 formation in vivo [[cite:PUB00006365], [cite:PUB00006289]].</p>"
1;IPR007356;"doi:10.1016/j.cell.2021.04.011
imex:IM-29278
pubmed:33961781";tRNA (guanine(9)-N1)-methyltransferase, eukaryotic;<p>Transfer RNA molecules contain numerous modified nucleosides, particularly within the anticodon region, which are introduced by various tRNA-modifying enzymes prior to the formation of mature tRNA. Among these modifications, N1-methylguanine (m1G) at position 37 is catalysed by tRNA (guanine-N1)-methyltransferase [ec:2.1.1.31], which transfers a methyl group from S-adenosyl-L-methionine (SAM) to guanosine, yielding S-adenosyl-L-homocysteine and m1G37-containing tRNA. This modification occurs in tRNAs that decode CUN (leucine), CCN (proline) and CGG (arginine) codons. The presence of m1G37 enhances cellular growth rate and polypeptide synthesis efficiency while preventing ribosomal frameshifting [[cite:PUB00006251]]. Studies have demonstrated that the conformation of the anticodon loop may be a major determinant for m1G37 formation in vivo [[cite:PUB00006365], [cite:PUB00006289]].</p>
1;IPR041679;"doi:10.1016/j.cell.2021.04.011
imex:IM-29278
pubmed:33961781";DNA2/NAM7 helicase-like, C-terminal;"<p>This domain contains a P-loop motif that is characteristic of the AAA superfamily. Proteins containing this domain are DEAD-like helicases belonging to superfamily (SF)1, a diverse family of proteins involved in ATP-dependent RNA or DNA unwinding. Similar to SF2 helicases, SF1 helicases do not form toroidal structures like SF3-6 helicases. Their helicase core consists of two similar protein domains that resemble the fold of the recombination protein RecA [[cite:PUB00005492], [cite:PUB00003826], [cite:PUB00094062]].</p>

<p>Proteins containing this domain include helicases, such as Dna2 and Nam7. Dna2 is a DNA replication factor with single-stranded DNA-dependent ATPase, ATP-dependent nuclease, (5'-flap endonuclease) and helicase activities [[cite:PUB00035381], [cite:PUB00062306]]. Nam7 (also known as Upf1) is an ATP-dependent RNA helicase involved in the nonsense-mediated mRNA decay (NMD) pathway [[cite:PUB00091668]].</p>"
1;IPR047187;"doi:10.1016/j.cell.2021.04.011
imex:IM-29278
pubmed:33961781";Upf1-like, C-terminal helicase domain;"<p>This entry represents the C-terminal helicase domain of Upf1-like family helicases.</p>; <p>The Upf1-like helicase family includes UPF1, HELZ, Mov10L1, Aquarius, IGHMBP2 (SMUBP2), and similar proteins [[cite:PUB00095913], [cite:PUB00041079]]. They are DEAD-like helicases belonging to superfamily (SF)1, a diverse family of proteins involved in ATP-dependent RNA or DNA unwinding. Similar to SF2 helicases, SF1 helicases do not form toroidal structures like SF3-6 helicases. Their helicase core consists of two similar protein domains that resemble the fold of the recombination protein RecA [[cite:PUB00094062], [cite:PUB00079379], [cite:PUB00102122], [cite:PUB00102121]].</p>"
1;IPR045055;"doi:10.1016/j.cell.2021.04.011
imex:IM-29278
pubmed:33961781";DNA2/NAM7-like helicase;"<p>This entry represents a group of helicases, including DNA2 and Nam7. Proteins in this family contain a conserved domain with is a P-loop motif that is characteristic of the AAA superfamily. They are DEAD-like helicases belonging to superfamily (SF)1, a diverse family of proteins involved in ATP-dependent RNA or DNA unwinding. Similar to SF2 helicases, SF1 helicases do not form toroidal structures like SF3-6 helicases. Their helicase core consists of two similar protein domains that resemble the fold of the recombination protein RecA [[cite:PUB00005492], [cite:PUB00003826], [cite:PUB00094062]].</p>

<p>DNA2 is a DNA replication factor with single-stranded DNA-dependent ATPase, ATP-dependent nuclease, (5'-flap endonuclease) and helicase activities [[cite:PUB00035381], [cite:PUB00062306]]. Nam7 (also known as Upf1) is an ATP-dependent RNA helicase involved in the nonsense-mediated mRNA decay (NMD) pathway [[cite:PUB00091668]].</p>"
1;IPR041677;"doi:10.1016/j.cell.2021.04.011
imex:IM-29278
pubmed:33961781";DNA2/NAM7 helicase, helicase domain;<p>This domain contains the ATP-binding region of DNA2. DNA2 is a member of the DEAD-like helicase superfamily, a diverse family of proteins involved in ATP-dependent RNA or DNA unwinding. Proteins containing this domain also include Nam7 and other helicases. Dna2 is a DNA replication factor with single-stranded DNA-dependent ATPase, ATP-dependent nuclease, (5'-flap endonuclease) and helicase activities [[cite:PUB00035381], [cite:PUB00062306]]. Nam7 (also known as Upf1 and RENT1, for Regulator of nonsense transcripts 1) is an ATP-dependent RNA helicase involved in the nonsense-mediated mRNA decay (NMD) pathway [[cite:PUB00091668]].</p>
1;IPR019775;"imex:IM-24272
pubmed:26496610";WD40 repeat, conserved site;"<p>This entry represents a conserved site found in the WD40 repeat.</p>; <p>WD-40 repeats (also known as WD or β-transducin repeats) are short ~40 amino acid motifs, often terminating in a Trp-Asp (W-D) dipeptide. WD40 repeats usually assume a 7-8 bladed β-propeller fold, but proteins have been found with 4 to 16 repeated units, which also form a circularised β-propeller structure. WD-repeat proteins are a large family found in all eukaryotes and are implicated in a variety of functions ranging from signal transduction and transcription regulation to cell cycle control and apoptosis. Repeated WD40 motifs act as a site for protein-protein or protein-DNA  interaction, and proteins containing WD40 repeats are known to serve as platforms for the assembly of protein complexes or mediators of transient interplay among other proteins [[cite:PUB00094364]]. The specificity of the proteins is determined by the sequences outside the repeats themselves. Examples of such complexes are G proteins (beta subunit is a β-propeller), TAFII transcription factor, and E3 ubiquitin ligase [[cite:PUB00015237], [cite:PUB00005491]]. In Arabidopsis spp., several WD40-containing proteins act as key regulators of plant-specific developmental events.</p>"
1;IPR042626;"imex:IM-24272
pubmed:26496610";THO complex subunit 6;<p>In humans, THOC6 is a component of the THO subcomplex of the TREX complex [[cite:PUB00090563]]. The THO complex is a conserved RNA binding complex that has been implicated in mRNA export of subsets of mRNAs.It plays an essential role in dopamine synaptogenesis [[cite:PUB00093124]]. Mutations in the THOC6 genes have been linked to intellectual disability [[cite:PUB00093123]]. In flies, THO complex is required for cell proliferation and for proper export of heat-shock mRNAs under heat stress [[cite:PUB00044694]].</p>
1;IPR001680;"imex:IM-24272
pubmed:26496610";WD40 repeat;<p>WD-40 repeats (also known as WD or β-transducin repeats) are short ~40 amino acid motifs, often terminating in a Trp-Asp (W-D) dipeptide. WD40 repeats usually assume a 7-8 bladed β-propeller fold, but proteins have been found with 4 to 16 repeated units, which also form a circularised β-propeller structure. WD-repeat proteins are a large family found in all eukaryotes and are implicated in a variety of functions ranging from signal transduction and transcription regulation to cell cycle control and apoptosis. Repeated WD40 motifs act as a site for protein-protein or protein-DNA  interaction, and proteins containing WD40 repeats are known to serve as platforms for the assembly of protein complexes or mediators of transient interplay among other proteins [[cite:PUB00094364]]. The specificity of the proteins is determined by the sequences outside the repeats themselves. Examples of such complexes are G proteins (beta subunit is a β-propeller), TAFII transcription factor, and E3 ubiquitin ligase [[cite:PUB00015237], [cite:PUB00005491]]. In Arabidopsis spp., several WD40-containing proteins act as key regulators of plant-specific developmental events.</p>
1;IPR056551;"imex:IM-24272
pubmed:26496610";Nucleolar protein 10-like, N-terminal domain;"<p>This domain is found at the N-terminal of human Nucleolar protein 10 (NOL10) and similar eukaryotic sequences including the orthologue from yeast Ribosome biogenesis protein (ENP2). This domain is normally found N-terminal to [interpro:IPR056550]. This entry includes a entire β-propeller structure and two α-helices.</p>; <p>NOL10 (also known as Polyglutamine binding protein 5 (PQBP5)) binds to polyglutamine tract sequences and is expressed in the nucleolus. It makes up the skeletal structure of the nucleolus, constituting the granule meshwork in the granular component area, and functions as an anchor for reassembly of other nucleolar proteins [[cite:PUB00158898]].</p>

<p>ENP2 was identified in a set of proteins involved in rRNA-processing and ribosome biosynthesis [[cite:PUB00075792]].</p>"
1;IPR000330;"imex:IM-24272
pubmed:26496610";SNF2, N-terminal domain;<p>This domain is found in proteins involved in a variety of processes including transcription regulation (e.g., SNF2, STH1, brahma, MOT1), DNA repair (e.g., ERCC6, RAD16, RAD5), DNA recombination (e.g., RAD54) and chromatin unwinding (e.g., ISWI), as well as several other proteins with limited functional information (e.g., lodestar, ETL1) [[cite:PUB00014473], [cite:PUB00014474], [cite:PUB00095659]]. SNF2 functions as the ATPase component of the SNF2/SWI multisubunit complex, which utilises energy derived from ATP hydrolysis to disrupt histone-DNA interactions, resulting in increased accessibility of DNA to transcription factors [[cite:PUB00096999]]. Proteins containing this domain appear to be distantly related to the DEAD/DEAH box helicases.</p>
1;IPR001650;"imex:IM-24272
pubmed:26496610";Helicase, C-terminal domain-like;"<p>Helicases have been classified in 5 superfamilies (SF1-SF5). For the two largest groups, commonly referred to as SF1 and SF2, a total of seven characteristic motifs has been identified [[cite:PUB00004361]]. These two superfamilies encompass a large number of DNA and RNA helicases from archaea, eubacteria, eukaryotes and viruses.</p>

<p>This entry represents the C-terminal domain found in proteins belonging to the helicase superfamilies 1 and 2. Included in this group is the eukaryotic translation initiation factor 4A (eIF4A), a member of the DEA(D/H)-box RNA helicase family. The structure of the carboxyl-terminal domain of eIF4A has been determined; it has a parallel α-β topology that superimposes, with minor variations, on the structures and conserved motifs of the equivalent domain in other, distantly related helicases [[cite:PUB00025034]].</p>"
1;IPR049730;"imex:IM-24272
pubmed:26496610";SNF2/RAD5-like, C-terminal helicase domain;"<p>This entry represents the C-terminal helicase domain of yeast DNA repair and recombination protein RAD54 [[cite:PUB00153096], [cite:PUB00153095]] and similar sequences from all domains in life.</p>; <p>The Sucrose Non-Fermenting (SNF) family includes chromatin-remodeling factors, such as CHD proteins and SMARCA proteins, recombination proteins Rad54, and many others. They are DEAD-like helicases belonging to superfamily (SF)2, a diverse family of proteins involved in ATP-dependent RNA or DNA unwinding. Similar to SF1 helicases, SF2 helicases do not form toroidal structures like SF3-6 helicases. Their helicase core consists of two similar protein domains that resemble the fold of the recombination protein RecA [[cite:PUB00086839], [cite:PUB00138636], [cite:PUB00071645], [cite:PUB00138637], [cite:PUB00096999], [cite:PUB00138638]].</p>"
1;IPR002589;"imex:IM-24272
pubmed:26496610";Macro domain;"<p>The Macro or A1pp domain is a module of about 180 amino acids which can bind ADP-ribose (an NAD metabolite) or related ligands. Binding to ADP-ribose could be either covalent or non-covalent [[cite:PUB00052327]]: in certain cases it is believed to bind non-covalently [[cite:PUB00052325]]; while in other cases (such as Aprataxin) it appears to bind both non-covalently through a zinc finger motif, and covalently through a separate region of the protein [[cite:PUB00052328]]. The domain was described originally in association with ADP-ribose 1''-phosphate (Appr-1''-P) processing activity (A1pp) of the yeast YBR022W protein [[cite:PUB00019075]]. The domain is also called Macro domain as it is the C-terminal domain of mammalian core histone macro-H2A [[cite:PUB00018391], [cite:PUB00021744]]. Macro domain proteins can be found in eukaryotes, in (mostly pathogenic) bacteria, in archaea and in ssRNA viruses, such as coronaviruses [[cite:PUB00094075], [cite:PUB00094076]], Rubella and Hepatitis E viruses. In vertebrates the domain occurs e.g. in histone macroH2A, in predicted poly-ADP-ribose polymerases (PARPs) and in B aggressive lymphoma (BAL) protein. The macro domain can be associated with catalytic domains, such as PARP, or sirtuin. The Macro domain can recognise ADP-ribose or in some cases poly-ADP-ribose, which can be involved in ADP-ribosylation reactions that occur in important processes, such as chromatin biology, DNA repair and transcription regulation [[cite:PUB00021032]]. The human macroH2A1.1 Macro domain binds an NAD metabolite O-acetyl-ADP-ribose [[cite:PUB00033734]]. The Macro domain has been suggested to play a regulatory role in ADP-ribosylation, which is involved in inter- and intracellular signaling, transcriptional regulation, DNA repair pathways and maintenance of genomic stability, telomere dynamics, cell differentiation and proliferation, and necrosis and apoptosis.</p>

<p>The 3D structure of the SARS-CoV Macro domain has a mixed α/β fold consisting of a central seven-stranded twisted mixed β-sheet sandwiched between two α-helices on one face, and three on the other. The final α-helix, located on the edge of the central β-sheet, forms the C terminus of the protein [[cite:PUB00043976]]. The crystal structure of AF1521 (a Macro domain-only protein from Archaeoglobus fulgidus) has also been reported and compared with other Macro domain containing proteins. Several Macro domain only proteins are shorter than AF1521, and appear to lack either the first strand of the β-sheet or the C-terminal helix 5. Well conserved residues form a hydrophobic cleft and cluster around the AF1521-ADP-ribose binding site [[cite:PUB00021744], [cite:PUB00021032], [cite:PUB00033734], [cite:PUB00043976]].</p>"
1;IPR043472;"imex:IM-24272
pubmed:26496610";Macro domain-like;"<p>This superfamily represents the Macro domain as well as the N-terminal domain of Leucine aminopeptidase.</p>; <p>The Macro or A1pp domain is a module of about 180 amino acids which can bind ADP-ribose (an NAD metabolite) or related ligands. Binding to ADP-ribose could be either covalent or non-covalent [[cite:PUB00052327]]: in certain cases it is believed to bind non-covalently [[cite:PUB00052325]]; while in other cases (such as Aprataxin) it appears to bind both non-covalently through a zinc finger motif, and covalently through a separate region of the protein [[cite:PUB00052328]]. The domain was described originally in association with ADP-ribose 1''-phosphate (Appr-1''-P) processing activity (A1pp) of the yeast YBR022W protein [[cite:PUB00019075]]. The domain is also called Macro domain as it is the C-terminal domain of mammalian core histone macro-H2A [[cite:PUB00018391], [cite:PUB00021744]]. Macro domain proteins can be found in eukaryotes, in (mostly pathogenic) bacteria, in archaea and in ssRNA viruses, such as coronaviruses [[cite:PUB00094075], [cite:PUB00094076]], Rubella and Hepatitis E viruses. In vertebrates the domain occurs e.g. in histone macroH2A, in predicted poly-ADP-ribose polymerases (PARPs) and in B aggressive lymphoma (BAL) protein. The macro domain can be associated with catalytic domains, such as PARP, or sirtuin. The Macro domain can recognise ADP-ribose or in some cases poly-ADP-ribose, which can be involved in ADP-ribosylation reactions that occur in important processes, such as chromatin biology, DNA repair and transcription regulation [[cite:PUB00021032]]. The human macroH2A1.1 Macro domain binds an NAD metabolite O-acetyl-ADP-ribose [[cite:PUB00033734]]. The Macro domain has been suggested to play a regulatory role in ADP-ribosylation, which is involved in inter- and intracellular signaling, transcriptional regulation, DNA repair pathways and maintenance of genomic stability, telomere dynamics, cell differentiation and proliferation, and necrosis and apoptosis.</p>

<p>The 3D structure of the SARS-CoV Macro domain has a mixed α/β fold consisting of a central seven-stranded twisted mixed β-sheet sandwiched between two α-helices on one face, and three on the other. The final α-helix, located on the edge of the central β-sheet, forms the C terminus of the protein [[cite:PUB00043976]]. The crystal structure of AF1521 (a Macro domain-only protein from Archaeoglobus fulgidus) has also been reported and compared with other Macro domain containing proteins. Several Macro domain only proteins are shorter than AF1521, and appear to lack either the first strand of the β-sheet or the C-terminal helix 5. Well conserved residues form a hydrophobic cleft and cluster around the AF1521-ADP-ribose binding site [[cite:PUB00021744], [cite:PUB00021032], [cite:PUB00033734], [cite:PUB00043976]].</p>; <p>Aminopeptidases are exopeptidases involved in the processing and regular turnover of intracellular proteins, although their precise role in cellular metabolism is unclear [[cite:PUB00001416], [cite:PUB00004713]].</p>

<p>Leucine aminopeptidases cleave leucine residues from the N-terminal of polypeptide chains; in general they are involved in the processing, catabolism and degradation of intracellular proteins [[cite:PUB00011211], [cite:PUB00001416], [cite:PUB00004713]]. Leucyl aminopeptidase forms a homohexamer containing two trimers stacked on top of one another [[cite:PUB00004713]]. Each monomer binds two zinc ions. The zinc-binding and catalytic sites are located within the C-terminal catalytic domain [[cite:PUB00004713]]. Leucine aminopeptidase has been shown to be identical with prolyl aminopeptidase ([ec:3.4.11.5]) in mammals [[cite:PUB00000202]].</p>

<p>The N-terminal domain of these proteins has been shown in Escherichia coli PepA to function as a DNA-binding protein in Xer site-specific recombination and in transcriptional control of the carAB operon [[cite:PUB00011212], [cite:PUB00011213]].</p>"
1;IPR031053;"imex:IM-24272
pubmed:26496610";Chromodomain-helicase-DNA-binding protein 1-like;"<p>Chromodomain-helicase-DNA-binding protein 1-like (also known as amplified in liver cancer 1, ALC1) is a SNF2 family ATPase and a chromatin-remodeling enzyme that interacts with poly(ADP-ribose) and catalyses PARP1-stimulated nucleosome sliding [[cite:PUB00074393], [cite:PUB00074392]]. ALC1 is involved in DNA repair and in controlling the expression of several genes implicated in tumorigenesis and metastasis in mammals [[cite:PUB00074393]].</p>

<p>This entry also includes the probable helicase CHR10 from Arabidopsis.</p>"
1;IPR002464;"imex:IM-24272
pubmed:26496610";DNA/RNA helicase, ATP-dependent, DEAH-box type, conserved site;"<p>A number of eukaryotic and prokaryotic proteins have been characterised [[cite:PUB00003826], [cite:PUB00004037], [cite:PUB00004089]] on the basis of their structural similarity. They all seem to be involved in ATP-dependent, nucleic-acid unwinding. There are two subfamilies of such proteins, the D-E-A-D-box and D-E-A-H-box families. Proteins that belong to the subfamily which have His instead of the second Asp are said to be 'D-E-A-H-box' proteins [[cite:PUB00004089], [cite:PUB00004395], [cite:PUB00003151]].</p>

<p>Proteins currently known to belong to this subfamily include yeast PRP2, PRP16, PRP22 and PRP43, involved in various ATP-requiring steps of the pre-mRNA splicing process; fission yeast prh1, which my be involved in pre-mRNA splicing; Drosophila male-less (mle) protein required in males for dosage compensation of X chromosome linked genes; yeast RAD3, a DNA helicase involved in excision repair of DNA damaged by UV light, bulky adducts or cross-linking agents; fission yeast rad15 (rhp3) and mammalian DNA excision repair protein XPD (ERCC-2); yeast CHL1 (or CTF1), which is important for chromosome transmission and normal cell cycle progression in G(2)/M; yeast TPS1, Caenorhabditis elegans hypothetical proteins C06E1.10 and K03H1.2; Poxviruses' early transcription factor 70kDa subunit which acts with RNA polymerase to initiate transcription from early gene promoters; Vaccinia virus putative helicase I8; and Escherichia coli putative RNA helicase hrpA. All these proteins share a number of conserved sequence motifs. Some of them are specific to this family while others are shared by other ATP-binding proteins or by proteins belonging to the helicases 'superfamily' [[cite:PUB00004021]].</p>"
1;IPR038718;"imex:IM-24272
pubmed:26496610";SNF2-like, N-terminal domain superfamily;<p>This domain is found in proteins involved in a variety of processes including transcription regulation (e.g., SNF2, STH1, brahma, MOT1), DNA repair (e.g., ERCC6, RAD16, RAD5), DNA recombination (e.g., RAD54) and chromatin unwinding (e.g., ISWI), as well as several other proteins with limited functional information (e.g., lodestar, ETL1) [[cite:PUB00014473], [cite:PUB00014474], [cite:PUB00095659]]. SNF2 functions as the ATPase component of the SNF2/SWI multisubunit complex, which utilises energy derived from ATP hydrolysis to disrupt histone-DNA interactions, resulting in increased accessibility of DNA to transcription factors [[cite:PUB00096999]]. Proteins containing this domain appear to be distantly related to the DEAD/DEAH box helicases.</p>
1;IPR008271;"imex:IM-19867
pubmed:16512683";Serine/threonine-protein kinase, active site;"<p>Eukaryotic protein kinases [[cite:PUB00001530], [cite:PUB00003568], [cite:PUB00003569], [cite:PUB00005115]] are enzymes that belong to a very extensive family of proteins which share a conserved catalytic core common with both serine/threonine and tyrosine protein kinases. There are a number of conserved regions in the catalytic domain of protein kinases. In the N-terminal extremity of the catalytic domain there is a glycine-rich stretch of residues in the vicinity of a lysine residue, which has been shown to be involved in ATP binding. In the central part of the catalytic domain there is a conserved aspartic acid residue, which is important for the catalytic activity of the enzyme [[cite:PUB00005145]].</p>

<p>This entry represents a conserved region that surrounds the active site aspartate residue and it is more specific for serine/threonine protein kinases. It also matches several dual-specificity protein kinases and members of WEE kinase family that are bona fide tyrosine protein kinases.</p>; <p>Protein phosphorylation, which plays a key role in most cellular activities, is a reversible process mediated by protein kinases and phosphoprotein phosphatases. Protein kinases catalyse the transfer of the gamma phosphate from nucleotide triphosphates (often ATP) to one or more amino acid residues in a protein substrate side chain, resulting in a conformational change affecting protein function. Phosphoprotein phosphatases catalyse the reverse process. 
Protein kinases fall into three broad classes, characterised with respect to substrate specificity [[cite:PUB00005115]]:</p>

<ul>
<li>Serine/threonine-protein kinases</li>
<li>Tyrosine-protein kinases</li>
<li>Dual specificity protein kinases (e.g. MEK -phosphorylates both Thr and Tyr on target proteins)</li>
</ul>

<p>Protein kinase function is evolutionarily conserved from Escherichia coli to human [[cite:PUB00020114]]. Protein kinases play a role in a multitude of cellular processes, including division, proliferation, apoptosis, and differentiation [[cite:PUB00015362]]. Phosphorylation usually results in a functional change of the target protein by changing enzyme activity, cellular location, or association with other proteins. The catalytic subunits of protein kinases are highly conserved, and several structures have been solved [[cite:PUB00034898]], leading to large screens to develop kinase-specific inhibitors for the treatments of a number of diseases [[cite:PUB00034899]].</p>"
1;IPR028784;"doi:10.1016/j.cell.2021.04.011
imex:IM-29278
pubmed:33961781";BBSome complex member BBS1;"<p>Bardet-Biedl syndrome is characterised by usually severe pigmentary retinopathy, early-onset obesity, polydactyly, hypogenitalism, renal malformation and mental retardation [[cite:PUB00069263]]. Bardet-Biedl syndrome proteins (BBS1, BBS2, BBS4, BBS5, BBS7, BBS8/TTC8, BBS9 and BBIP10) form the BBSome complex, which functions as a coat complex required for sorting of specific membrane proteins to the primary cilia [[cite:PUB00153355], [cite:PUB00153353], [cite:PUB00060532], [cite:PUB00153354]]. The ciliary trafficking function of BBSome is regulated by LZTFL1 (Leucine-zipper transcription factor-like 1)  [[cite:PUB00069264]].</p>

<p>Primary cilia are ubiquitous cellular appendages that provide important sensory and signalling functions and their dysfunction underlies numerous human genetic disorders. The proteins disrupted in the human ciliary disorder Bardet-Biedl syndrome (BBS) are required for the localisation of G protein-coupled receptors to primary cilia on central neurons. The alteration of signalling caused by mislocalisation of ciliary signalling proteins underlies the BBS phenotype [[cite:PUB00043592]]. Of the 12 known BBS genes, BBS1 is the most commonly mutated [[cite:PUB00043593]].</p>

<p>This entry includes BBS1, is the most important BBSome subunit for cargo recognition as it mediates the interaction of the GTP-bound Arf-like GTPase ARL6 with the BBSome, a critical step in the recruitment of the BBSome to membranes [[cite:PUB00153355]].</p>"
1;IPR011047;"doi:10.1016/j.cell.2021.04.011
imex:IM-29278
pubmed:33961781";Quinoprotein alcohol dehydrogenase-like superfamily;"<p>Quinoprotein alcohol dehydrogenases are a family of proteins found in methylotrophic or autotrophic bacteria. These quinoproteins use pyrroloquinoline quinone as their prosthetic group. There are three types of alcohol dehydrogenases: type I includes methanol dehydrogenase and ethanol dehydrogenase; type II includes soluble quinohaemoprotein with a C-terminal containing haem C; and type III includes quinoprotein alcohol dehydrogenase with a C-terminal cytochrome C domain [[cite:PUB00014164]]. These quinoproteins contain an 8-bladed β-propeller motif, which is present in the N-terminal domain of quinoprotein alcohol dehydrogenase, ethanol dehydrogenase, and the heavy chain (alpha subunit) of methanol dehydrogenase ([ec:1.1.99.8]) [[cite:PUB00014163], [cite:PUB00014162], [cite:PUB00014161]].</p>

<p>This entry represents quinoprotein alcohol dehydrogenases as well as some other proteins that share a similar structure, including WD repeat-containing protein and echinoderm microtubule-associated protein-like proteins.</p>"
1;IPR032728;"doi:10.1016/j.cell.2021.04.011
imex:IM-29278
pubmed:33961781";Bardet-Biedl syndrome 1, N-terminal;"<p>This entry represents the N-terminal β-propeller domain of the Bardet-Biedl syndrome 1 protein (BBS1) which interacts with the small GTPase Arl6 and recruits the BBSome to membranes [[cite:PUB00153355], [cite:PUB00153353]].</p>; <p>Bardet-Biedl syndrome is characterised by usually severe pigmentary retinopathy, early-onset obesity, polydactyly, hypogenitalism, renal malformation and mental retardation [[cite:PUB00069263]]. Bardet-Biedl syndrome proteins (BBS1, BBS2, BBS4, BBS5, BBS7, BBS8/TTC8, BBS9 and BBIP10) form the BBSome complex, which functions as a coat complex required for sorting of specific membrane proteins to the primary cilia [[cite:PUB00153355], [cite:PUB00153353], [cite:PUB00060532], [cite:PUB00153354]]. The ciliary trafficking function of BBSome is regulated by LZTFL1 (Leucine-zipper transcription factor-like 1)  [[cite:PUB00069264]].</p>

<p>Primary cilia are ubiquitous cellular appendages that provide important sensory and signalling functions and their dysfunction underlies numerous human genetic disorders. The proteins disrupted in the human ciliary disorder Bardet-Biedl syndrome (BBS) are required for the localisation of G protein-coupled receptors to primary cilia on central neurons. The alteration of signalling caused by mislocalisation of ciliary signalling proteins underlies the BBS phenotype [[cite:PUB00043592]]. Of the 12 known BBS genes, BBS1 is the most commonly mutated [[cite:PUB00043593]].</p>

<p>This entry includes BBS1, is the most important BBSome subunit for cargo recognition as it mediates the interaction of the GTP-bound Arf-like GTPase ARL6 with the BBSome, a critical step in the recruitment of the BBSome to membranes [[cite:PUB00153355]].</p>"
1;IPR056419;"doi:10.1016/j.cell.2021.04.011
imex:IM-29278
pubmed:33961781";Bardet-Biedl syndrome 1 protein, GAE domain;"<p>This entry represents the GAE domain of BBS1, found at the C terminus. It adopts a β-sandwich fold [[cite:PUB00153355]]. This domain mediates interactions with other subunits (BBS8 and BBS9) of the complex.</p>; <p>Bardet-Biedl syndrome is characterised by usually severe pigmentary retinopathy, early-onset obesity, polydactyly, hypogenitalism, renal malformation and mental retardation [[cite:PUB00069263]]. Bardet-Biedl syndrome proteins (BBS1, BBS2, BBS4, BBS5, BBS7, BBS8/TTC8, BBS9 and BBIP10) form the BBSome complex, which functions as a coat complex required for sorting of specific membrane proteins to the primary cilia [[cite:PUB00153355], [cite:PUB00153353], [cite:PUB00060532], [cite:PUB00153354]]. The ciliary trafficking function of BBSome is regulated by LZTFL1 (Leucine-zipper transcription factor-like 1)  [[cite:PUB00069264]].</p>

<p>Primary cilia are ubiquitous cellular appendages that provide important sensory and signalling functions and their dysfunction underlies numerous human genetic disorders. The proteins disrupted in the human ciliary disorder Bardet-Biedl syndrome (BBS) are required for the localisation of G protein-coupled receptors to primary cilia on central neurons. The alteration of signalling caused by mislocalisation of ciliary signalling proteins underlies the BBS phenotype [[cite:PUB00043592]]. Of the 12 known BBS genes, BBS1 is the most commonly mutated [[cite:PUB00043593]].</p>

<p>This entry includes BBS1, is the most important BBSome subunit for cargo recognition as it mediates the interaction of the GTP-bound Arf-like GTPase ARL6 with the BBSome, a critical step in the recruitment of the BBSome to membranes [[cite:PUB00153355]].</p>"
1;IPR011011;"imex:IM-24272
pubmed:26496610";Zinc finger, FYVE/PHD-type;"<p>The FYVE zinc finger domain is conserved from yeast to man and is named after four proteins that it has been found in: Fab1, YOTB/ZK632.12, Vac1, and EEA 1. It functions in the membrane recruitment of cytosolic proteins by binding to phosphatidylinositol 3-phosphate (PI3P), which is found mainly on endosomes [[cite:PUB00014078], [cite:PUB00014077]].</p>

<p>The plant homeodomain (PHD) zinc finger domain has a C4HC3-type motif and is widely distributed in eukaryotes, being found in many chromatin regulatory factors [[cite:PUB00014079]].</p>

<p>Both the FYVE and the PHD zinc finger motifs display strikingly similar dimetal (zinc)-bound α+β folds.</p>; <p>Zinc finger (Znf) domains are relatively small protein motifs which contain multiple finger-like protrusions that make tandem contacts with their target molecule. Some of these domains bind zinc, but many do not; instead, they bind other metals, such as iron, or no metal at all. For example, some family members form salt bridges to stabilise the finger-like folds. They were first identified as a DNA-binding motif in transcription factor TFIIIA from Xenopus laevis (African clawed frog); however, they are now recognised to bind DNA, RNA, protein and/or lipid substrates [[cite:PUB00035807], [cite:PUB00035805], [cite:PUB00035806], [cite:PUB00035804], [cite:PUB00014077]]. Their binding properties depend on the amino acid sequence of the finger domains and of the linker between fingers, as well as on the higher-order structures and the number of fingers. Znf domains are often found in clusters, where fingers can have different binding specificities. There are many superfamilies of Znf motifs, varying in both sequence and structure. They display considerable versatility in binding modes, even between members of the same class (e.g., some bind DNA, others protein), suggesting that Znf motifs are stable scaffolds that have evolved specialised functions. For example, Znf-containing proteins function in gene transcription, translation, mRNA trafficking, cytoskeleton organisation, epithelial development, cell adhesion, protein folding, chromatin remodelling and zinc sensing, to name but a few [[cite:PUB00035812]]. Zinc-binding motifs are stable structures, and they rarely undergo conformational changes upon binding their target.</p>"
1;IPR019787;"imex:IM-24272
pubmed:26496610";Zinc finger, PHD-finger;"<p>This entry represents the PHD (homeodomain) zinc finger domain [[cite:PUB00005446]], which is a C4HC3 zinc-finger-like motif found in nuclear proteins thought to be involved in chromatin-mediated transcriptional regulation. The PHD finger motif is reminiscent of, but distinct from the C3HC4 type RING finger.</p>
<p>The function of this domain is not yet known but in analogy with the LIM domain it could be involved in protein-protein interaction and be important for the assembly or activity of multicomponent complexes involved in transcriptional activation or repression. Alternatively, the interactions could be intra-molecular and be important in maintaining the structural integrity of the protein. In similarity to the RING finger and the LIM domain, the PHD finger is thought to bind two zinc ions.</p>; <p>Zinc finger (Znf) domains are relatively small protein motifs which contain multiple finger-like protrusions that make tandem contacts with their target molecule. Some of these domains bind zinc, but many do not; instead, they bind other metals, such as iron, or no metal at all. For example, some family members form salt bridges to stabilise the finger-like folds. They were first identified as a DNA-binding motif in transcription factor TFIIIA from Xenopus laevis (African clawed frog); however, they are now recognised to bind DNA, RNA, protein and/or lipid substrates [[cite:PUB00035807], [cite:PUB00035805], [cite:PUB00035806], [cite:PUB00035804], [cite:PUB00014077]]. Their binding properties depend on the amino acid sequence of the finger domains and of the linker between fingers, as well as on the higher-order structures and the number of fingers. Znf domains are often found in clusters, where fingers can have different binding specificities. There are many superfamilies of Znf motifs, varying in both sequence and structure. They display considerable versatility in binding modes, even between members of the same class (e.g., some bind DNA, others protein), suggesting that Znf motifs are stable scaffolds that have evolved specialised functions. For example, Znf-containing proteins function in gene transcription, translation, mRNA trafficking, cytoskeleton organisation, epithelial development, cell adhesion, protein folding, chromatin remodelling and zinc sensing, to name but a few [[cite:PUB00035812]]. Zinc-binding motifs are stable structures, and they rarely undergo conformational changes upon binding their target.</p>"
1;IPR025750;"imex:IM-24272
pubmed:26496610";DPF1-3, N-terminal domain;<p>This putative domain has been detected on requiem/DPF family proteins. It was identified as an adaptor molecule that links nuclear factor kappa-light-chain-enhancer of activated B cells (NF-kappa-B) dimer RelB/p52 and switch/sucrose-nonfermentable (SWI/SNF) chromatin remodeling factor [[cite:PUB00057942]].</p>
1;IPR001965;"imex:IM-24272
pubmed:26496610";Zinc finger, PHD-type;"<p>This entry represents the PHD (homeodomain) zinc finger domain [[cite:PUB00005446]], which is a C4HC3 zinc-finger-like motif found in nuclear proteins thought to be involved in chromatin-mediated transcriptional regulation. The PHD finger motif is reminiscent of, but distinct from the C3HC4 type RING finger.</p>
<p>The function of this domain is not yet known but in analogy with the LIM domain it could be involved in protein-protein interaction and be important for the assembly or activity of multicomponent complexes involved in transcriptional activation or repression. Alternatively, the interactions could be intra-molecular and be important in maintaining the structural integrity of the protein. In similarity to the RING finger and the LIM domain, the PHD finger is thought to bind two zinc ions.</p>; <p>Zinc finger (Znf) domains are relatively small protein motifs which contain multiple finger-like protrusions that make tandem contacts with their target molecule. Some of these domains bind zinc, but many do not; instead, they bind other metals, such as iron, or no metal at all. For example, some family members form salt bridges to stabilise the finger-like folds. They were first identified as a DNA-binding motif in transcription factor TFIIIA from Xenopus laevis (African clawed frog); however, they are now recognised to bind DNA, RNA, protein and/or lipid substrates [[cite:PUB00035807], [cite:PUB00035805], [cite:PUB00035806], [cite:PUB00035804], [cite:PUB00014077]]. Their binding properties depend on the amino acid sequence of the finger domains and of the linker between fingers, as well as on the higher-order structures and the number of fingers. Znf domains are often found in clusters, where fingers can have different binding specificities. There are many superfamilies of Znf motifs, varying in both sequence and structure. They display considerable versatility in binding modes, even between members of the same class (e.g., some bind DNA, others protein), suggesting that Znf motifs are stable scaffolds that have evolved specialised functions. For example, Znf-containing proteins function in gene transcription, translation, mRNA trafficking, cytoskeleton organisation, epithelial development, cell adhesion, protein folding, chromatin remodelling and zinc sensing, to name but a few [[cite:PUB00035812]]. Zinc-binding motifs are stable structures, and they rarely undergo conformational changes upon binding their target.</p>"
1;IPR042667;"doi:10.1242/jcs.233395
imex:IM-25805
pubmed:31391242";E3 ubiquitin-protein ligase TRIM63, RING finger, HC subclass;<p>Tripartite motif-containing protein 63 (TRIM63), also known as MURF-1 is an E3 ubiquitin-protein ligase involved in ubiquitin-mediated muscle protein turnover [[cite:PUB00093149], [cite:PUB00093150]]. It is predominantly fast (type II) fibre-associated in skeletal muscle and can bind to many myofibrillar proteins, including titin, nebulin, the nebulin-related protein NRAP, troponin-I (TnI), troponin-T (TnT), myosin light chain 2 (MLC-2), myotilin, and T-cap. The early and robust upregulation of MuRF-1 is triggered by disuse, denervation, starvation, sepsis, or steroid administration resulting in skeletal muscle atrophy. It also plays a role in maintaining titin M-line integrity [[cite:PUB00093153]]. It associates with the periphery of the M-line lattice and may be involved in the regulation of the titin kinase domain  [[cite:PUB00093148]]. It also participates in muscle stress response pathways and gene expression [[cite:PUB00093151], [cite:PUB00093152]].</p>
1;IPR001870;"imex:IM-25472
pubmed:32296183";B30.2/SPRY domain;"<p>The B30.2 domain was first identified as a protein domain encoded by an exon (named B30-2) in the Homo sapiens class I major histocompatibility complex region [[cite:PUB00033710]], whereas the SPRY domain was first identified in a Dictyostelium discoideum kinase splA and mammalian calcium-release channels ryanodine receptors [[cite:PUB00005467]].  B30.2 domain consists of PRY and SPRY subdomains. The SPRY domains  (after SPla and the RYanodine Receptor) are shorter at the N terminus than the B30.2 domains. The ~200-residue B30.2/SPRY (for B30.2 and/or SPRY) domain is present in a large number of proteins with diverse individual functions in different biological processes. The B30.2/SPRY domain in these proteins is likely to function through protein-protein interaction [[cite:PUB00033711]].
The N-terminal ~60 residues of B30.2/SPRY domains are poorly conserved and, as a consequence, a new domain name PRY was coined for a group of similar sequence segments N-terminal to the SPRY domains [[cite:PUB00033711]]. The B30.2/SPRY domain contains three highly conserved motifs (LDP, WEVE and LDYE) [[cite:PUB00033712]]. The B30.2/SPRY domain adopts a highly distorted, compact β-sandwich fold with two additional short β-helices at the N terminus. The β-sandwich of the B30.2/SPRY domain consists of two layers of β-sheets: sheet A composed of eight strands and sheet B composed of seven strands. All the β-strands are in antiparallel arrangement [[cite:PUB00033711]]. The 5th β-strand corresponding to WEVE motif [[cite:PUB00033713]]. Both the N- and C-terminal ends of the B30.2/SPRY domains in general are close to each other [[cite:PUB00033711]].</p>"
1;IPR050672;"imex:IM-25472
pubmed:32296183";F-box/SPRY and SOCS box protein families;<p>The FBXO45/Fsn and SPSB protein families are involved in various cellular processes through their roles in the ubiquitin-proteasome system. Members of these families function as components of E3 ubiquitin ligase complexes, which are crucial for the ubiquitination and subsequent proteasomal degradation of target proteins. These proteins play key roles in synaptic development and function, including the regulation of synaptic terminal growth at the neuromuscular junction, neuron migration, neurotransmission, and the maintenance of axon integrity. They are also implicated in the negative regulation of nitric oxide production in macrophages, and in the modulation of immune responses to viral infections. The FBXO45/Fsn family members are characterized by the presence of an F-box and SPRY domain, while the SPSB family members contain a SPRY domain and a SOCS box domain, which mediates interaction with the Elongin BC complex.</p>
1;IPR001496;"imex:IM-25472
pubmed:32296183";SOCS box domain;"<p>The SOCS box was first identified in SH2-domain-containing proteins of the suppressor of cytokines signalling (SOCS) family [[cite:PUB00006611]] but was later also found in:</p>

<ul><li>the WSB (WD-40-repeat-containing proteins with a SOCS box) family,</li>
<li>the SSB (SPRY domain-containing proteins with a SOCS box) family,</li>
<li>the ASB (ankyrin-repeat-containing proteins with a SOCS box) family,</li>
<li>and ras and ras-like GTPases [[cite:PUB00006612]].</li></ul>

<p>The SOCS box found in these proteins is an about 50 amino acid C-terminal domain composed of two blocks of well-conserved residues separated by between 2 and 10 non-conserved residues [[cite:PUB00006612]]. The C-terminal conserved region is an L/P-rich sequence of unknown function, whereas the N-terminal conserved region is a consensus BC box [[cite:PUB00006613]], which binds to the Elongin BC complex [[cite:PUB00006613], [cite:PUB00006614]]. It has been demonstrated that this association couple bound proteins to the ubiquitination or proteasomal compartments [[cite:PUB00006614], [cite:PUB00060101]].</p>"
1;IPR003877;"imex:IM-25472
pubmed:32296183";SPRY domain;"<p>The SPRY domain is a ~140-amino-acid protein interaction module involved in many important signalling pathways like RNA processing, regulation of histone H3 methylation, innate immunity, or embryonic development [[cite:PUB00041714], [cite:PUB00085899], [cite:PUB00095661]]. It can be divided into 11 subfamilies based on amino acid sequence similarity or the presence of additional protein domains. Functionally, SPRY domains mediate critical interactions in diverse pathways: SSB-2 binds Par-4 to regulate apoptosis, RanBPM/SSB-1 interact with c-Met for signalling modulation, and SPSB proteins target iNOS for ubiquitination in immune regulation [[cite:PUB00039269], [cite:PUB00086126], [cite:PUB00130360]].</p>; <p>The B30.2 domain was first identified as a protein domain encoded by an exon (named B30-2) in the Homo sapiens class I major histocompatibility complex region [[cite:PUB00033710]], whereas the SPRY domain was first identified in a Dictyostelium discoideum kinase splA and mammalian calcium-release channels ryanodine receptors [[cite:PUB00005467]].  B30.2 domain consists of PRY and SPRY subdomains. The SPRY domains  (after SPla and the RYanodine Receptor) are shorter at the N terminus than the B30.2 domains. The ~200-residue B30.2/SPRY (for B30.2 and/or SPRY) domain is present in a large number of proteins with diverse individual functions in different biological processes. The B30.2/SPRY domain in these proteins is likely to function through protein-protein interaction [[cite:PUB00033711]].
The N-terminal ~60 residues of B30.2/SPRY domains are poorly conserved and, as a consequence, a new domain name PRY was coined for a group of similar sequence segments N-terminal to the SPRY domains [[cite:PUB00033711]]. The B30.2/SPRY domain contains three highly conserved motifs (LDP, WEVE and LDYE) [[cite:PUB00033712]]. The B30.2/SPRY domain adopts a highly distorted, compact β-sandwich fold with two additional short β-helices at the N terminus. The β-sandwich of the B30.2/SPRY domain consists of two layers of β-sheets: sheet A composed of eight strands and sheet B composed of seven strands. All the β-strands are in antiparallel arrangement [[cite:PUB00033711]]. The 5th β-strand corresponding to WEVE motif [[cite:PUB00033713]]. Both the N- and C-terminal ends of the B30.2/SPRY domains in general are close to each other [[cite:PUB00033711]].</p>"
1;IPR043136;"imex:IM-25472
pubmed:32296183";B30.2/SPRY domain superfamily;"<p>This superfamily also matches diverse E3 ubiquitin-protein ligases. This protein is involved in the apoptosis process [[cite:PUB00084879], [cite:PUB00093725]].</p>; <p>The B30.2 domain was first identified as a protein domain encoded by an exon (named B30-2) in the Homo sapiens class I major histocompatibility complex region [[cite:PUB00033710]], whereas the SPRY domain was first identified in a Dictyostelium discoideum kinase splA and mammalian calcium-release channels ryanodine receptors [[cite:PUB00005467]].  B30.2 domain consists of PRY and SPRY subdomains. The SPRY domains  (after SPla and the RYanodine Receptor) are shorter at the N terminus than the B30.2 domains. The ~200-residue B30.2/SPRY (for B30.2 and/or SPRY) domain is present in a large number of proteins with diverse individual functions in different biological processes. The B30.2/SPRY domain in these proteins is likely to function through protein-protein interaction [[cite:PUB00033711]].
The N-terminal ~60 residues of B30.2/SPRY domains are poorly conserved and, as a consequence, a new domain name PRY was coined for a group of similar sequence segments N-terminal to the SPRY domains [[cite:PUB00033711]]. The B30.2/SPRY domain contains three highly conserved motifs (LDP, WEVE and LDYE) [[cite:PUB00033712]]. The B30.2/SPRY domain adopts a highly distorted, compact β-sandwich fold with two additional short β-helices at the N terminus. The β-sandwich of the B30.2/SPRY domain consists of two layers of β-sheets: sheet A composed of eight strands and sheet B composed of seven strands. All the β-strands are in antiparallel arrangement [[cite:PUB00033711]]. The 5th β-strand corresponding to WEVE motif [[cite:PUB00033713]]. Both the N- and C-terminal ends of the B30.2/SPRY domains in general are close to each other [[cite:PUB00033711]].</p>"
1;IPR047288;"doi:10.1016/j.cell.2021.04.011
imex:IM-29278
pubmed:33961781";SAGA-associated factor 29, first Tudor domain;"<p>This entry represents the first Tudor domain of SGF29 and similar eukaryotic proteins.</p>; <p>SAGA-associated factor 29 (SGF29) is a chromatin reader and a component of the transcription regulatory histone acetylation (HAT) complexes SAGA and SLIK [[cite:PUB00062949], [cite:PUB00063472]]. In the SAGA complex, SGF29 binds histone H3 that has been methylated at Lys-4 (H3K4me), and preferably binds the trimethylated form (H3K4me3) [[cite:PUB00058697]]. SGF29 also acts as a boundary, preventing the spread of heterochromatin into neighbouring genes [[cite:PUB00087645]]. SGF29 contains two Tudor domains.</p>"
1;IPR037802;"doi:10.1016/j.cell.2021.04.011
imex:IM-29278
pubmed:33961781";SAGA-associated factor 29;"<p>SAGA-associated factor 29 (SGF29) is a chromatin reader and a component of the transcription regulatory histone acetylation (HAT) complexes SAGA and SLIK [[cite:PUB00062949], [cite:PUB00063472]]. In the SAGA complex, SGF29 binds histone H3 that has been methylated at Lys-4 (H3K4me), and preferably binds the trimethylated form (H3K4me3) [[cite:PUB00058697]]. SGF29 also acts as a boundary, preventing the spread of heterochromatin into neighbouring genes [[cite:PUB00087645]]. SGF29 contains two Tudor domains.</p>; <p>The transcription regulatory histone acetylation complex Spt-Ada-Gcn5 acetyltransferase (SAGA) is involved in RNA polymerase II-dependent transcriptional regulation of approximately 10% of yeast genes.  SAGA preferentially acetylates histones H3 and H2B and deubiquitinates histone H2B [[cite:PUB00063472]].  SAGA is known as PCAF in vertebrates and PCAF  acetylates nucleosomal histone H3 [[cite:PUB00087672]].  The SAGA complex consists of at least TRA1, CHD1, SPT7, TAF5, ADA3, SGF73, SPT20/ADA5, SPT8, TAF12, TAF6, HFI1/ADA1, UBP8, GCN5, ADA2, SPT3, SGF29, TAF10, TAF9, SGF11 and SUS1, and some of these components are present as two copies.  The complex is built up from distinct modules, each of which has a separate function and crosslinks with either other proteins or other modules in the complex [[cite:PUB00087619]].</p>; <p>SLIK (SAGA-like) is a multi-subunit histone acetyltransferase complex that preferentially acetylates histones H3 and H2B and deubiquitinates histone H2B. It is an embellishment of the SAGA complex.  The yeast SLIK complex consists of at least TRA1, CHD1, SPT7, CC  TAF5, ADA3, SPT20, RTG2, TAF12, TAF6, HFI1, UBP8 (a deubiquitinase), GCN5, ADA2, SPT3, SGF29, TAF10 and TAF9 [[cite:PUB00063472], [cite:PUB00087618]].</p>"
1;IPR047287;"doi:10.1016/j.cell.2021.04.011
imex:IM-29278
pubmed:33961781";SAGA-associated factor 29, second Tudor domain;"<p>This entry represents the second Tudor domain of SGF29 and similar eukaryotic proteins.</p>; <p>SAGA-associated factor 29 (SGF29) is a chromatin reader and a component of the transcription regulatory histone acetylation (HAT) complexes SAGA and SLIK [[cite:PUB00062949], [cite:PUB00063472]]. In the SAGA complex, SGF29 binds histone H3 that has been methylated at Lys-4 (H3K4me), and preferably binds the trimethylated form (H3K4me3) [[cite:PUB00058697]]. SGF29 also acts as a boundary, preventing the spread of heterochromatin into neighbouring genes [[cite:PUB00087645]]. SGF29 contains two Tudor domains.</p>"
1;IPR010750;"doi:10.1016/j.cell.2021.04.011
imex:IM-29278
pubmed:33961781";SGF29 tudor-like domain;"<p>SAGA-associated factor 29 (SGF29) is involved in transcriptional regulation as a chromatin reader component of some histone acetyltransferase (HAT) SAGA-type complexes like the TFTC-HAT, ATAC or STAGA complexes [[cite:PUB00053704], [cite:PUB00088833], [cite:PUB00099984], [cite:PUB00058697], [cite:PUB00099985]]. SGF29 specifically recognises and binds methylated 'Lys-4' of histone H3 (H3K4me), with a preference for the trimethylated form (H3K4me3). It also may be involved in MYC-mediated oncogenic transformation [[cite:PUB00053704]].</p>

<p>This entry represents the two tandem tudor-like domains found at the C-terminal of yeast and human SAGA-associated factor 29 proteins and the plant homologues. Each of them has a negatively-charged pocket capable of binding H3A1 and an aromatic cage for the recognition of H3K4me2/3 residues [[cite:PUB00099984], [cite:PUB00058697]].</p>"
1;IPR011333;"doi:10.1016/j.cell.2021.04.011
imex:IM-29278
pubmed:33961781";SKP1/BTB/POZ domain superfamily;"<p>The BTB (for BR-C, ttk and bab) [[cite:PUB00004829]] or POZ (for Pox virus and Zinc finger) [[cite:PUB00001918], [cite:PUB00035688]] domain is a versatile protein-protein interaction motif involved in many cellular functions, including transcriptional regulation, cytoskeleton dynamics, ion channel assembly and gating, and targeting proteins for ubiquitination [[cite:PUB00033636]]. The BTB domain can occur alongside other domains: BTB-zinc finger (BTB-ZF), BTB-BACK-Kelch (BBK), voltage-gated potassium channel T1 (T1-Kv) [[cite:PUB00035689]], MATH-BTB, BTB-NPH3 and BTB-BACK-PHR (BBP). Other proteins, such as Skp1 and ElonginC, consist almost exclusively of the core BTB fold. In all of these protein families, the BTB core fold is structurally conserved, consisting of a 2-layer α/β topology where a cluster of α-helices is flanked by short β-sheets [[cite:PUB00004917]]. POZ domains from several zinc finger proteins have been shown to mediate transcriptional repression and to interact with components of histone deacetylase co-repressor complexes including N-CoR and SMRT [[cite:PUB00000971], [cite:PUB00004499], [cite:PUB00003026]]. The POZ or BTB domain is also known as BR-C/Ttk or ZiN.</p>

<p>This entry includes the BTB/POZ domain, as well as  Skp1 N-terminal region which has an α/β structure similar to that of the BTB/POZ domain fold [[cite:PUB00035689], [cite:PUB00010628]].</p>"
1;IPR000210;"doi:10.1016/j.cell.2021.04.011
imex:IM-29278
pubmed:33961781";BTB/POZ domain;"<p>The BTB domain (Broad-Complex, Tramtrack and Bric a brac) is also known as the POZ domain (POxvirus and Zinc finger). It is a homodimerisation domain occurring at the N terminus of proteins containing multiple copies of either zinc fingers of the C2H2 type or Kelch repeats [[cite:PUB00004829], [cite:PUB00001918]]. Many BTB proteins are transcriptional regulators that are thought to act through the control of chromatin structure.</p>

<p>The structure of the BTB domain of the promyelocytic leukaemia zinc finger (PLZF) protein has been determined by X-ray crystallography and reveals a tightly intertwined dimer with an extensive hydrophobic interface [[cite:PUB00004917]]. A surface-exposed groove lined with conserved amino acids is formed at the dimer interface, suggesting a peptide-binding site.</p>"
1;IPR024872;"doi:10.1016/j.cell.2021.04.011
imex:IM-29278
pubmed:33961781";HEXIM;"<p>Hexamethylene bisacetamide-inducible proteins (HEXIMs) are transcriptional regulators that function as general RNA polymerase II transcription inhibitors. HEXIMs, aided by the 7SK snRNA, sequester positive transcriptional elongation factor b (P-TEFb) into a large inactive 7SK snRNP complex [[cite:PUB00056716], [cite:PUB00056712]]. This prevents P-TEFb from phosphorylating RNA polymerase II and blocks subsequent transcriptional elongation.</p>; <p>Two HEXIM family members have been identified in mammals, termed HEXIM1 and HEXIM2, which exhibit distinct expression patterns [[cite:PUB00056712]].</p>"
1;IPR006652;"doi:10.1016/j.cell.2021.04.011
imex:IM-29278
pubmed:33961781";Kelch repeat type 1;"<p>This entry represents a type of kelch sequence motif that comprises one β-sheet blade.</p>; <p>Kelch is a 50-residue motif, named after the Drosophila mutant in which it was first identified [[cite:PUB00000885]]. This sequence motif represents one β-sheet blade, and several of these repeats can associate to form a β-propeller. For instance, the motif appears 6 times in Drosophila egg-chamber regulatory protein (also known as ring canal kelch protein), creating a 6-bladed β-propeller. The motif is also found in mouse protein MIPP [[cite:PUB00000885]] and in a number of poxviruses. In addition, kelch repeats have been recognised in alpha-and beta-scruin [[cite:PUB00003094], [cite:PUB00003079]], and in galactose oxidase from the fungus Dactylium dendroides [[cite:PUB00003318], [cite:PUB00004093]]. The structure of galactose oxidase reveals that the repeated sequence corresponds to a 4-stranded antiparallel β-sheet motif that forms the repeat unit in a super-barrel structural fold [[cite:PUB00003324]].</p>

<p>The known functions of kelch-containing proteins are diverse: scruin is an actin cross-linking protein; galactose oxidase catalyses the oxidation of the hydroxyl group at the C6 position in D-galactose; and kelch may have a cytoskeletal function, as it is localised to the actin-rich ring canals that connect the 15 nurse cells to the developing oocyte in Drosophila [[cite:PUB00003094]]. Nevertheless, based on the location of the kelch pattern in the catalytic unit in galactose oxidase, functionally important residues have been predicted in glyoxal oxidase [[cite:PUB00003318]].</p>"
1;IPR015915;"doi:10.1016/j.cell.2021.04.011
imex:IM-29278
pubmed:33961781";Kelch-type beta-propeller;"<p>This entry represents the 6-bladed Kelch β-propeller, which consists of six 4-stranded β-sheet motifs (or six Kelch repeats).</p>; <p>Kelch is a 50-residue motif, named after the Drosophila mutant in which it was first identified [[cite:PUB00000885]]. This sequence motif represents one β-sheet blade, and several of these repeats can associate to form a β-propeller. For instance, the motif appears 6 times in Drosophila egg-chamber regulatory protein (also known as ring canal kelch protein), creating a 6-bladed β-propeller. The motif is also found in mouse protein MIPP [[cite:PUB00000885]] and in a number of poxviruses. In addition, kelch repeats have been recognised in alpha-and beta-scruin [[cite:PUB00003094], [cite:PUB00003079]], and in galactose oxidase from the fungus Dactylium dendroides [[cite:PUB00003318], [cite:PUB00004093]]. The structure of galactose oxidase reveals that the repeated sequence corresponds to a 4-stranded antiparallel β-sheet motif that forms the repeat unit in a super-barrel structural fold [[cite:PUB00003324]].</p>

<p>The known functions of kelch-containing proteins are diverse: scruin is an actin cross-linking protein; galactose oxidase catalyses the oxidation of the hydroxyl group at the C6 position in D-galactose; and kelch may have a cytoskeletal function, as it is localised to the actin-rich ring canals that connect the 15 nurse cells to the developing oocyte in Drosophila [[cite:PUB00003094]]. Nevertheless, based on the location of the kelch pattern in the catalytic unit in galactose oxidase, functionally important residues have been predicted in glyoxal oxidase [[cite:PUB00003318]].</p>"
1;IPR052637;"doi:10.1016/j.cell.2021.04.011
imex:IM-29278
pubmed:33961781";Kelch domain-containing protein 3-like;<p>This entry represents human Kelch domain-containing protein 3 (KLHDC3) and similar proteins mainly found in animals. KLHDC3, also known as Testis intracellular mediator protein or PEAS, is the substrate-recognition component of a Cul2-RING (CRL2) E3 ubiquitin-protein ligase complex of the DesCEND (destruction via C-end degrons) pathway, which recognises a C-degron located at the extreme C terminus of target proteins, leading to their ubiquitination and degradation. This C-degron ris usually a motif of less than ten residues and can be present in full-length proteins, truncated proteins or proteolytically cleaved forms [[cite:PUB00155310], [cite:PUB00155311]]. The degradation process is particularly relevant for truncated selenoproteins that result from unsuccessful decoding events [[cite:PUB00155309]]. Additionally, these proteins may play a role in the meiotic recombination process [[cite:PUB00155308]]. Members of this family contain a Kelch-type β-propeller domain.</p>
1;IPR041870;"imex:IM-24272
pubmed:26496610";Endoplasmic reticulum resident protein 44, first TRX-like domain b;"<p>This entry represents the first redox inactive TRX-like domain b found in endoplasmic reticulum resident protein 44 (ERp44).</p>; <p>ERp44 is an endoplasmic reticulum (ER)-resident protein that is induced during stress and retrieves some ER-resident enzymes and immature oligomers of secretory proteins from the Golgi [4]. It contains three thioredoxin (Trx)-like domains (a, b, and b'), followed by a C-terminal extension (C tail), with the domain a containing a unique CRFS motif whose cysteine (Cys29) forms mixed disulfide bonds with client proteins to promote their thiol-dependent retention [[cite:PUB00049229]]. Through these reversible mixed disulfides, ERp44 mediates the ER localisation of Ero1alpha, a protein that oxidizes protein disulfide isomerases into their active form [[cite:PUB00091989], [cite:PUB00092008]], and prevents the secretion of unassembled cargo proteins with unpaired cysteines. Additionally, ERp44 modulates the activity of inositol 1,4,5-triphosphate type I receptor (IP3R1), an intracellular channel protein that mediates calcium release from the ER to the cytosol [[cite:PUB00033487]]. Similar to PDI, the b domain of ERp44 is likely involved in binding to substrates. Interestingly, the interactions between ERp44 and client proteins are pH-dependent [[cite:PUB00091990]].</p>"
1;IPR052643;"imex:IM-24272
pubmed:26496610";Endoplasmic reticulum resident protein 44;<p>This family of proteins is involved in the regulation of the early secretory pathway by mediating thiol-dependent retention. They interact with substrate proteins through a conserved CRFS motif to form mixed disulfides. Additionally, these proteins can inhibit the calcium channel activity of ITPR1 and are implicated in the control of oxidative protein folding within the endoplasmic reticulum. They are essential for retaining certain oxidoreductases like ERO1A and ERO1B in the endoplasmic reticulum, suggesting a role in the maintenance of the redox environment.</p>
1;IPR013766;"imex:IM-24272
pubmed:26496610";Thioredoxin domain;"<p>This entry represents the thioredoxin domain.</p>; <p>Thioredoxins [[cite:PUB00000038], [cite:PUB00002504], [cite:PUB00005258], [cite:PUB00005259]] are small disulphide-containing redox proteins that have been found in all the kingdoms of living organisms. Thioredoxin serves as a general protein disulphide oxidoreductase. It interacts with a broad range of proteins by a redox mechanism based on reversible oxidation of two cysteine thiol groups to a disulphide, accompanied by the transfer of two electrons and two protons. The net result is the covalent interconversion of a disulphide and a dithiol. In the NADPH-dependent protein disulphide reduction, thioredoxin reductase (TR) catalyses the reduction of oxidised thioredoxin (trx) by NADPH using FAD and its redox-active disulphide; reduced thioredoxin then directly reduces the disulphide in the substrate protein  [[cite:PUB00000038]].</p>

<p>Thioredoxin is present in prokaryotes and eukaryotes and the sequence around the redox-active disulphide bond is well conserved. All thioredoxins contain a cis-proline located in a loop preceding β-strand 4, which makes contact with the active site cysteines, and is important for stability and function [[cite:PUB00005250]]. Thioredoxin belongs to a structural family that includes glutaredoxin, glutathione peroxidase, bacterial protein disulphide isomerase DsbA, and the N-terminal domain of glutathione transferase [[cite:PUB00005259]]. Thioredoxins have a β-α unit preceding the motif common to all these proteins.</p>

<p>A number of eukaryotic proteins contain domains evolutionary related to thioredoxin, most of them are protein disulphide isomerases (PDI). PDI ([ec:5.3.4.1]) [[cite:PUB00000561], [cite:PUB00001495], [cite:PUB00005423]] is an endoplasmic reticulum multi-functional enzyme that catalyses the formation and rearrangement of disulphide bonds during protein folding [[cite:PUB00002862]]. All PDI contains two or three (ERp72) copies of the thioredoxin domain, each of which contributes to disulphide isomerase activity, but which are functionally non-equivalent [[cite:PUB00002883]]. Moreover, PDI exhibits chaperone-like activity towards proteins that contain no disulphide bonds, i.e. behaving independently of its disulphide isomerase activity [[cite:PUB00001458]]. The various forms of PDI which are currently known are:</p>


<ul><li>PDI major isozyme; a multifunctional protein that also function as the beta subunit of prolyl 4-hydroxylase ([ec:1.14.11.2]), as a component of oligosaccharyl transferase ([ec:2.4.1.119]), as thyroxine deiodinase ([ec:3.8.1.4]), as glutathione-insulin transhydrogenase ([ec:1.8.4.2]) and as a thyroid hormone-binding protein</li>
<li>ERp60 (ER-60; 58 Kd microsomal protein). ERp60 was originally thought to be a phosphoinositide-specific phospholipase C isozyme and later to be a protease.</li>
<li>ERp72.</li>
<li>ERp5.</li></ul>

<p>Bacterial proteins that act as thiol:disulphide interchange proteins that allows disulphide bond formation in some periplasmic proteins also contain a thioredoxin domain. These proteins include:</p>


<ul><li>Escherichia coli DsbA (or PrfA) and its orthologs in Vibrio cholerae (TtcpG) and Haemophilus influenzae (Por).</li>
<li>E. coli DsbC (or XpRA) and its orthologues in Erwinia chrysanthemi and H. influenzae.</li>
<li>E. coli DsbD (or DipZ) and its H. influenzae orthologue.</li>
<li>E. coli DsbE  (or CcmG) and orthologues in H. influenzae.</li>
<li>Rhodobacter capsulatus (Rhodopseudomonas capsulata) (HelX), Rhiziobiacae (CycY and TlpA).</li></ul>"
1;IPR041862;"imex:IM-24272
pubmed:26496610";Endoplasmic reticulum resident protein 44, second TRX-like domain b;"<p>This entry represents the second redox inactive TRX-like domain b found in endoplasmic reticulum resident protein 44 (ERp44).</p>; <p>ERp44 is an endoplasmic reticulum (ER)-resident protein that is induced during stress and retrieves some ER-resident enzymes and immature oligomers of secretory proteins from the Golgi [4]. It contains three thioredoxin (Trx)-like domains (a, b, and b'), followed by a C-terminal extension (C tail), with the domain a containing a unique CRFS motif whose cysteine (Cys29) forms mixed disulfide bonds with client proteins to promote their thiol-dependent retention [[cite:PUB00049229]]. Through these reversible mixed disulfides, ERp44 mediates the ER localisation of Ero1alpha, a protein that oxidizes protein disulfide isomerases into their active form [[cite:PUB00091989], [cite:PUB00092008]], and prevents the secretion of unassembled cargo proteins with unpaired cysteines. Additionally, ERp44 modulates the activity of inositol 1,4,5-triphosphate type I receptor (IP3R1), an intracellular channel protein that mediates calcium release from the ER to the cytosol [[cite:PUB00033487]]. Similar to PDI, the b domain of ERp44 is likely involved in binding to substrates. Interestingly, the interactions between ERp44 and client proteins are pH-dependent [[cite:PUB00091990]].</p>"
1;IPR045028;"doi:10.1016/j.cell.2021.04.011
imex:IM-29278
pubmed:33961781";Helicase superfamily 1/2, DinG/Rad3-like;"<p>Helicases have been classified in 5 superfamilies (SF1-SF5). All of the proteins bind ATP and, consequently, all of them carry the classical Walker A (phosphate-binding loop or P-loop) and Walker B (Mg2+-binding aspartic acid) motifs. For the two largest groups, commonly referred to as SF1 and SF2, a total of seven characteristic motifs has been identified [[cite:PUB00004361]]. These two superfamilies encompass a large number of DNA and RNA helicases from archaea, eubacteria, eukaryotes and viruses that seem to be active as monomers or dimers. RNA and DNA helicases are considered to be enzymes that catalyse the separation of double-stranded nucleic acids in an energy-dependent manner [[cite:PUB00033619]].</p>

<p>The various structures of SF1 and SF2 helicases present a common core with two α-β RecA-like domains [[cite:PUB00033619], [cite:PUB00025034]]. The structural homology with the RecA recombination protein covers the five contiguous parallel β-strands and the tandem α-helices. ATP binds to the amino proximal α-β domain, where the Walker A (motif I) and Walker B (motif II) are found. The N-terminal domain also contains motif III (S-A-T) which was proposed to participate in linking ATPase and helicase activities. The carboxy-terminal α-β domain is structurally very similar to the proximal one even though it is bereft of an ATP-binding site, suggesting that it may have originally arisen through gene duplication of the first one.</p>

<p>Some members of helicase superfamilies 1 and 2 are listed below:</p>

<ul><li>DEAD-box RNA helicases. The prototype of DEAD-box proteins is the translation initiation factor eIF4A. The eIF4A protein is an RNA-dependent ATPase which functions together with eIF4B as an RNA helicase [[cite:PUB00033620]].</li>
<li>DEAH-box RNA helicases. Mainly pre-mRNA-splicing factor ATP-dependent RNA helicases [[cite:PUB00033620]].</li>
<li>Eukaryotic DNA repair helicase RAD3/ERCC-2, an ATP-dependent 5'-3' DNA helicase involved in nucleotide excision repair of UV-damaged DNA.</li>
<li>Eukaryotic TFIIH basal transcription factor complex helicase XPB subunit. An ATP-dependent 3'-5' DNA helicase which is a component of the core-TFIIH basal transcription factor, involved in nucleotide excision repair (NER) of DNA and, when complexed to CAK, in RNA transcription by RNA polymerase II. It acts by opening DNA either around the RNA transcription start site or the DNA.</li>
<li>Eukaryotic ATP-dependent DNA helicase Q. A DNA helicase that may play a role in the repair of DNA that is damaged by ultraviolet light or other mutagens.</li>
<li>Bacterial and eukaryotic antiviral SKI2-like helicase. SKI2 has a role in the 3'-mRNA degradation pathway, repressing dsRNA virus propagation by specifically blocking translation of viral mRNAs, perhaps recognizing the absence of CAP or poly(A).</li>
<li>Bacterial DNA-damage-inducible protein G (DinG). A probable helicase involved in DNA repair and perhaps also replication [[cite:PUB00033621]].</li>
<li>Bacterial primosomal protein N' (PriA). PriA protein is one of seven proteins that make up the restart primosome, an apparatus that promotes assembly of replisomes at recombination intermediates and stalled replication forks.</li>
<li>Bacterial ATP-dependent DNA helicase RecG. It has a critical role in recombination and DNA repair, helping process Holliday junction intermediates to mature products by catalysing branch migration. It has a DNA unwinding activity characteristic of helicases with a 3' to 5' polarity.</li>
<li>A variety of DNA and RNA virus helicases and transcription factors</li></ul>; <p>This entry includes bacterial DinG and eukaryotic Rad3 proteins, differing from other SF1 and SF2 helicases by the presence of a large insert after the Walker A motif [[cite:PUB00033621]].</p>"
1;IPR014013;"doi:10.1016/j.cell.2021.04.011
imex:IM-29278
pubmed:33961781";Helicase superfamily 1/2, ATP-binding domain, DinG/Rad3-type;"<p>This entry represents the ATP-binding domain found within bacterial DinG and eukaryotic Rad3 proteins, differing from other SF1 and SF2 helicases by the presence of a large insert after the Walker A motif [[cite:PUB00033621]].</p>; <p>Helicases have been classified in 5 superfamilies (SF1-SF5). All of the proteins bind ATP and, consequently, all of them carry the classical Walker A (phosphate-binding loop or P-loop) and Walker B (Mg2+-binding aspartic acid) motifs. For the two largest groups, commonly referred to as SF1 and SF2, a total of seven characteristic motifs has been identified [[cite:PUB00004361]]. These two superfamilies encompass a large number of DNA and RNA helicases from archaea, eubacteria, eukaryotes and viruses that seem to be active as monomers or dimers. RNA and DNA helicases are considered to be enzymes that catalyse the separation of double-stranded nucleic acids in an energy-dependent manner [[cite:PUB00033619]].</p>

<p>The various structures of SF1 and SF2 helicases present a common core with two α-β RecA-like domains [[cite:PUB00033619], [cite:PUB00025034]]. The structural homology with the RecA recombination protein covers the five contiguous parallel β-strands and the tandem α-helices. ATP binds to the amino proximal α-β domain, where the Walker A (motif I) and Walker B (motif II) are found. The N-terminal domain also contains motif III (S-A-T) which was proposed to participate in linking ATPase and helicase activities. The carboxy-terminal α-β domain is structurally very similar to the proximal one even though it is bereft of an ATP-binding site, suggesting that it may have originally arisen through gene duplication of the first one.</p>

<p>Some members of helicase superfamilies 1 and 2 are listed below:</p>

<ul><li>DEAD-box RNA helicases. The prototype of DEAD-box proteins is the translation initiation factor eIF4A. The eIF4A protein is an RNA-dependent ATPase which functions together with eIF4B as an RNA helicase [[cite:PUB00033620]].</li>
<li>DEAH-box RNA helicases. Mainly pre-mRNA-splicing factor ATP-dependent RNA helicases [[cite:PUB00033620]].</li>
<li>Eukaryotic DNA repair helicase RAD3/ERCC-2, an ATP-dependent 5'-3' DNA helicase involved in nucleotide excision repair of UV-damaged DNA.</li>
<li>Eukaryotic TFIIH basal transcription factor complex helicase XPB subunit. An ATP-dependent 3'-5' DNA helicase which is a component of the core-TFIIH basal transcription factor, involved in nucleotide excision repair (NER) of DNA and, when complexed to CAK, in RNA transcription by RNA polymerase II. It acts by opening DNA either around the RNA transcription start site or the DNA.</li>
<li>Eukaryotic ATP-dependent DNA helicase Q. A DNA helicase that may play a role in the repair of DNA that is damaged by ultraviolet light or other mutagens.</li>
<li>Bacterial and eukaryotic antiviral SKI2-like helicase. SKI2 has a role in the 3'-mRNA degradation pathway, repressing dsRNA virus propagation by specifically blocking translation of viral mRNAs, perhaps recognizing the absence of CAP or poly(A).</li>
<li>Bacterial DNA-damage-inducible protein G (DinG). A probable helicase involved in DNA repair and perhaps also replication [[cite:PUB00033621]].</li>
<li>Bacterial primosomal protein N' (PriA). PriA protein is one of seven proteins that make up the restart primosome, an apparatus that promotes assembly of replisomes at recombination intermediates and stalled replication forks.</li>
<li>Bacterial ATP-dependent DNA helicase RecG. It has a critical role in recombination and DNA repair, helping process Holliday junction intermediates to mature products by catalysing branch migration. It has a DNA unwinding activity characteristic of helicases with a 3' to 5' polarity.</li>
<li>A variety of DNA and RNA virus helicases and transcription factors</li></ul>"
1;IPR010614;"doi:10.1016/j.cell.2021.04.011
imex:IM-29278
pubmed:33961781";RAD3-like helicase, DEAD;"<p>This domain is found in the RAD3-like DNA-binding helicase Regulator of telomere elongation helicase 1 homolog from Drosophila melanogaster (Rtel1), General transcription and DNA repair factor IIH helicase subunit XPD from Saccharomyces cerevisiae (RAD3) and similar proteins that are seemingly ubiquitous, including members of eukaryotic, bacterial and archaeal origin.</p>; <p>Regulator of telomere elongation helicase 1 (Rtel1) is the animal functional analogue of yeast Srs2, which is a DNA helicase and DNA-dependent ATPase involved in DNA repair and checkpoint recovery [[cite:PUB00074223]]. Rtel1 is an essential DNA helicase that disassembles a variety of DNA secondary structures to facilitate DNA replication, repair, and recombination processes, and to maintain both telomeric and genomic stability [[cite:PUB00153326], [cite:PUB00074226], [cite:PUB00074118], [cite:PUB00103976]]. It is recruited by Trf2 to telomeres in S phase to promote T-Loop unwinding [[cite:PUB00074228]]. It is also required for the export and the correct cytoplasmic trafficking of the small nuclear (sn) RNA pre-U2, a component of the major spliceosome complex [[cite:PUB00074225]]. Human Rtel1 is implicated in the etiology of Dyskeratosis congenital (DC, is an inherited bone marrow failure and cancer predisposition syndrome) [[cite:PUB00133413]]. Point mutations in its helicase domains, and truncations which result in loss of its C terminus have been discovered in DC families. It acts as anti-recombinase and antagonises homologous recombination by promoting the disassembly of D loop recombination intermediates in a reaction dependent upon ATP hydrolysis [[cite:PUB00074223]]. Rtel1 is also a candidate gene influencing glioma susceptibility [[cite:PUB00074223], [cite:PUB00133415], [cite:PUB00133416]].</p>; <p>RAD3 is involved in nucleotide excision repair, and forms part of the transcription factor TFIIH in yeast [[cite:PUB00007684]].</p>"
1;IPR013020;"doi:10.1016/j.cell.2021.04.011
imex:IM-29278
pubmed:33961781";ATP-dependent helicase Rad3/Chl1-like;<p>This entry includes a group of ATP-dependent helicases, including Rad3/XPD (ERCC2), Chl1/DDX11, DDX12, RTEL1 and BRIP1. Rad3/XPD is a subunit of RNA polII initiation factor TFIIH and of Nucleotide Excision Repair Factor 3 (NEF3) [[cite:PUB00062838], [cite:PUB00056880]]. DDX11/Chl1 is required for sister-chromatid cohesion [[cite:PUB00062839], [cite:PUB00062840], [cite:PUB00062845]].</p>
1;IPR006554;"doi:10.1016/j.cell.2021.04.011
imex:IM-29278
pubmed:33961781";Helicase-like, DEXD box c2 type;<p>This domain of unknown function is found in the Xeroderma pigmentosum group D (XPD) proteins which belong to a family of ATP-dependent helicases characterised by a 'D-E-A-H' motif. This resembles the 'D-E-A-D-box' of other known helicases, which represents a special version of the B motif of ATP-binding proteins. In XPD, His replaces the second Asp. The DEAD box helicases are involved in various aspects of RNA metabolism, including nuclear transcription, pre-mRNA splicing, ribosome biogenesis, nucleocytoplasmic transport, translation, RNA decay and organellar gene expression.</p>
1;IPR006555;"doi:10.1016/j.cell.2021.04.011
imex:IM-29278
pubmed:33961781";ATP-dependent helicase, C-terminal;"<p>This domain of unknown function is found at the C terminus of some
                ATP-dependent helicases characterised by a 'D-E-A-H' motif. This resembles the 'D-E-A-D-box' of other known helicases,
                a special version of the B motif of ATP-binding proteins however His replaces the second Asp. The DEAD
                box helicases are involved in various aspects of RNA metabolism, including nuclear transcription, pre-mRNA splicing,
                ribosome biogenesis, nucleocytoplasmic transport, translation, RNA decay and organellar gene expression.</p>"
1;IPR038499;"doi:10.1016/j.cell.2021.04.011
imex:IM-29278
pubmed:33961781";BRO1 domain superfamily;"<p>The BRO1 domain is a protein domain of ~390 residues in length. It occurs in a number of eukaryotic proteins, such as yeast BRO1 and human PDCD6IP/Alix, which are involved in protein targeting to the vacuole or lysosome. The BRO1 domain of fungal and mammalian proteins binds with multivesicular body components (ESCRT-III proteins) such as yeast Snf7 and mammalian CHMP4b, and can function to target BRO1 domain-containing proteins to endosomes [[cite:PUB00021037], [cite:PUB00019524], [cite:PUB00033714]].</p>
<p>The BRO1 domain has a boomerang shape composed of 14 α-helices and 3 β-sheets. It contains a TPR-like substructure in the central part [[cite:PUB00021037]]. The C terminus is less conserved.</p>"
1;IPR025304;"doi:10.1016/j.cell.2021.04.011
imex:IM-29278
pubmed:33961781";ALIX V-shaped domain;<p>The binding of the LYPxL motif of late HIV p6Gag and EIAV p9Gag to this domain is necessary for viral budding. In ALIX, a component of the ESCRT pathway, this domain is central between an N-terminal Bro1 domain ([pfam:PF03097]) and a C-terminal proline-rich domain. The ALIX central domain is formed by two three-helix bundles disposed in a V shape [[cite:PUB00042168], [cite:PUB00042214]]. Retroviruses thus used this domain to hijack the ESCRT system of the cell [[cite:PUB00049203]].</p>
1;IPR003595;"doi:10.1016/j.cell.2021.04.011
imex:IM-29278
pubmed:33961781";Protein-tyrosine phosphatase, catalytic;"<p>This entry represents the PTP-signature motif that characterises the catalytic site, and which encompasses only part of the PTPase domain structure.</p>; <p>Protein tyrosine (pTyr) phosphorylation is a common post-translational modification which can create novel recognition motifs for protein interactions and cellular localisation, affect protein stability, and regulate enzyme activity. Consequently, maintaining an appropriate level of protein tyrosine phosphorylation is essential for many cellular functions. Tyrosine-specific protein phosphatases (PTPase; [ec:3.1.3.48]) catalyse the removal of a phosphate group attached to a tyrosine residue, using a cysteinyl-phosphate enzyme intermediate. These enzymes are key regulatory components in signal transduction pathways (such as the MAP kinase pathway) and cell cycle control, and are important in the control of cell growth, proliferation, differentiation and transformation [[cite:PUB00035793], [cite:PUB00035794]]. The PTP superfamily can be divided into four subfamilies [[cite:PUB00035795]]:</p>

<ul>
<li>(1) pTyr-specific phosphatases</li>
<li>(2) dual specificity phosphatases (dTyr and dSer/dThr)</li>
<li>(3) Cdc25 phosphatases (dTyr and/or dThr)</li>
<li>(4) LMW (low molecular weight) phosphatases</li>
</ul>

<p>Based on their cellular localisation, PTPases are also classified as:</p>

<ul>
<li>Receptor-like, which are transmembrane receptors that contain PTPase domains [[cite:PUB00035796]]</li>
<li>Non-receptor (intracellular) PTPases [[cite:PUB00035797]]</li>
</ul>

<p>All PTPases carry the highly conserved active site motif C(X)5R (PTP signature motif), employ a common catalytic mechanism, and share a similar core structure made of a central parallel β-sheet with flanking α-helices containing a β-loop-α-loop that encompasses the PTP signature motif [[cite:PUB00035798]]. Functional diversity between PTPases is endowed by regulatory domains and subunits.</p>"
1;IPR029021;"doi:10.1016/j.cell.2021.04.011
imex:IM-29278
pubmed:33961781";Protein-tyrosine phosphatase-like;"<p>This superfamily represents a domain found in some protein-tyrosine phosphatases, including dual specificity phosphatases, myotubularin-like phosphatases [[cite:PUB00039007]], receptor-type tyrosine-protein phosphatases and non receptor-type tyrosine-protein phosphatases. This domain also shares structure similarity with the lipid phosphatase domain in tensin [[cite:PUB00070217]] and tensin like proteins, such as cyclin G-associated kinase (GAK) [[cite:PUB00070216]] and phoshphoinositide phosphatase PTEN (phosphatase and tensin homologue) [[cite:PUB00028325]].</p>; <p>Protein tyrosine (pTyr) phosphorylation is a common post-translational modification which can create novel recognition motifs for protein interactions and cellular localisation, affect protein stability, and regulate enzyme activity. Consequently, maintaining an appropriate level of protein tyrosine phosphorylation is essential for many cellular functions. Tyrosine-specific protein phosphatases (PTPase; [ec:3.1.3.48]) catalyse the removal of a phosphate group attached to a tyrosine residue, using a cysteinyl-phosphate enzyme intermediate. These enzymes are key regulatory components in signal transduction pathways (such as the MAP kinase pathway) and cell cycle control, and are important in the control of cell growth, proliferation, differentiation and transformation [[cite:PUB00035793], [cite:PUB00035794]]. The PTP superfamily can be divided into four subfamilies [[cite:PUB00035795]]:</p>

<ul>
<li>(1) pTyr-specific phosphatases</li>
<li>(2) dual specificity phosphatases (dTyr and dSer/dThr)</li>
<li>(3) Cdc25 phosphatases (dTyr and/or dThr)</li>
<li>(4) LMW (low molecular weight) phosphatases</li>
</ul>

<p>Based on their cellular localisation, PTPases are also classified as:</p>

<ul>
<li>Receptor-like, which are transmembrane receptors that contain PTPase domains [[cite:PUB00035796]]</li>
<li>Non-receptor (intracellular) PTPases [[cite:PUB00035797]]</li>
</ul>

<p>All PTPases carry the highly conserved active site motif C(X)5R (PTP signature motif), employ a common catalytic mechanism, and share a similar core structure made of a central parallel β-sheet with flanking α-helices containing a β-loop-α-loop that encompasses the PTP signature motif [[cite:PUB00035798]]. Functional diversity between PTPases is endowed by regulatory domains and subunits.</p>"
1;IPR004328;"doi:10.1016/j.cell.2021.04.011
imex:IM-29278
pubmed:33961781";BRO1 domain;"<p>The BRO1 domain is a protein domain of ~390 residues in length. It occurs in a number of eukaryotic proteins, such as yeast BRO1 and human PDCD6IP/Alix, which are involved in protein targeting to the vacuole or lysosome. The BRO1 domain of fungal and mammalian proteins binds with multivesicular body components (ESCRT-III proteins) such as yeast Snf7 and mammalian CHMP4b, and can function to target BRO1 domain-containing proteins to endosomes [[cite:PUB00021037], [cite:PUB00019524], [cite:PUB00033714]].</p>
<p>The BRO1 domain has a boomerang shape composed of 14 α-helices and 3 β-sheets. It contains a TPR-like substructure in the central part [[cite:PUB00021037]]. The C terminus is less conserved.</p>"
1;IPR016130;"doi:10.1016/j.cell.2021.04.011
imex:IM-29278
pubmed:33961781";Protein-tyrosine phosphatase, active site;"<p>This entry includes proteins of two subfamilies: Ser/Thr ([ec:3.1.3.16]) and Tyr dual specificity protein phosphatase and tyrosine specific protein phosphatase ([ec:3.1.3.48]). Both of these subfamilies may also have inactive phosphatase domains, and dependent on the domain composition this loss of catalytic activity has different effects on protein function. Inactive single domain phosphatases can still specifically bind substrates, and protect against dephosphorylation, while the inactive domains of tandem phosphatases can be further subdivided into two classes. Those which bind phosphorylated tyrosine residues may recruit multi-phosphorylated substrates for the adjacent active domains and are more conserved, while the other class have accumulated several variable amino acid substitutions and have a complete loss of tyrosine binding capability. The second class shows a release of evolutionary constraint for the sites around the catalytic centre, which emphasises a difference in function from the first group. There is a region of higher conservation common to both classes, suggesting a regulatory centre [[cite:PUB00014502]].</p>

<p>Ser/Thr and Tyr dual specificity phosphatases are a group of enzymes with both Ser/Thr ([ec:3.1.3.16]) and tyrosine specific protein phosphatase ([ec:3.1.3.48]) activity able to remove both the serine/threonine or tyrosine-bound phosphate group from a wide range of phosphoproteins, including a number of enzymes which have been phosphorylated under the action of a kinase. Dual specificity protein phosphatases (DSPs) regulate mitogenic signal transduction and control the cell cycle. Tyrosine specific protein phosphatases catalyze the removal of a phosphate group attached to a tyrosine residue. They are also very important in the control of cell growth, proliferation, differentiation and transformation.</p>"
1;IPR000242;"doi:10.1016/j.cell.2021.04.011
imex:IM-29278
pubmed:33961781";Tyrosine-specific protein phosphatase, PTPase domain;"<p>This entry represents the PTPase domain found in several tyrosine-specific protein phosphatases (PTPases).</p>

<p>Structurally, all known receptor PTPases, are made up of a variable length extracellular domain, followed by a transmembrane region and a C-terminal catalytic cytoplasmic domain. Some of the receptor PTPases contain fibronectin type III (FN-III) repeats, immunoglobulin-like domains, MAM domains or carbonic anhydrase-like domains in their extracellular region. The cytoplasmic region generally contains two copies of the PTPase domain. The first seems to have enzymatic activity, while the second is inactive. The inactive domains of tandem phosphatases can be divided into two classes. Those which bind phosphorylated tyrosine residues may recruit multi-phosphorylated substrates for the adjacent active domains and are more conserved, while the other class have accumulated several variable amino acid substitutions and have a complete loss of tyrosine binding capability. The second class shows a release of evolutionary constraint for the sites around the catalytic centre, which emphasises a difference in function from the first group. There is a region of higher conservation common to both classes, suggesting a new regulatory centre [[cite:PUB00014502]]. PTPase domains consist of about 300 amino acids. There are two conserved cysteines, the second one has been shown to be absolutely required for activity. Furthermore, a number of conserved residues in its immediate vicinity have also been shown to be important.</p>; <p>Protein tyrosine (pTyr) phosphorylation is a common post-translational modification which can create novel recognition motifs for protein interactions and cellular localisation, affect protein stability, and regulate enzyme activity. Consequently, maintaining an appropriate level of protein tyrosine phosphorylation is essential for many cellular functions. Tyrosine-specific protein phosphatases (PTPase; [ec:3.1.3.48]) catalyse the removal of a phosphate group attached to a tyrosine residue, using a cysteinyl-phosphate enzyme intermediate. These enzymes are key regulatory components in signal transduction pathways (such as the MAP kinase pathway) and cell cycle control, and are important in the control of cell growth, proliferation, differentiation and transformation [[cite:PUB00035793], [cite:PUB00035794]]. The PTP superfamily can be divided into four subfamilies [[cite:PUB00035795]]:</p>

<ul>
<li>(1) pTyr-specific phosphatases</li>
<li>(2) dual specificity phosphatases (dTyr and dSer/dThr)</li>
<li>(3) Cdc25 phosphatases (dTyr and/or dThr)</li>
<li>(4) LMW (low molecular weight) phosphatases</li>
</ul>

<p>Based on their cellular localisation, PTPases are also classified as:</p>

<ul>
<li>Receptor-like, which are transmembrane receptors that contain PTPase domains [[cite:PUB00035796]]</li>
<li>Non-receptor (intracellular) PTPases [[cite:PUB00035797]]</li>
</ul>

<p>All PTPases carry the highly conserved active site motif C(X)5R (PTP signature motif), employ a common catalytic mechanism, and share a similar core structure made of a central parallel β-sheet with flanking α-helices containing a β-loop-α-loop that encompasses the PTP signature motif [[cite:PUB00035798]]. Functional diversity between PTPases is endowed by regulatory domains and subunits.</p>"
1;IPR000387;"doi:10.1016/j.cell.2021.04.011
imex:IM-29278
pubmed:33961781";Tyrosine-specific protein phosphatases domain;"<p>Tyrosine specific protein phosphatases (PTPases) contain two conserved cysteines, the second one has been shown to be absolutely required for activity. This entry represents the PTPase domain that centre on the active site cysteine. A number of conserved residues in its immediate vicinity have also been shown to be important.</p>; <p>Protein tyrosine (pTyr) phosphorylation is a common post-translational modification which can create novel recognition motifs for protein interactions and cellular localisation, affect protein stability, and regulate enzyme activity. Consequently, maintaining an appropriate level of protein tyrosine phosphorylation is essential for many cellular functions. Tyrosine-specific protein phosphatases (PTPase; [ec:3.1.3.48]) catalyse the removal of a phosphate group attached to a tyrosine residue, using a cysteinyl-phosphate enzyme intermediate. These enzymes are key regulatory components in signal transduction pathways (such as the MAP kinase pathway) and cell cycle control, and are important in the control of cell growth, proliferation, differentiation and transformation [[cite:PUB00035793], [cite:PUB00035794]]. The PTP superfamily can be divided into four subfamilies [[cite:PUB00035795]]:</p>

<ul>
<li>(1) pTyr-specific phosphatases</li>
<li>(2) dual specificity phosphatases (dTyr and dSer/dThr)</li>
<li>(3) Cdc25 phosphatases (dTyr and/or dThr)</li>
<li>(4) LMW (low molecular weight) phosphatases</li>
</ul>

<p>Based on their cellular localisation, PTPases are also classified as:</p>

<ul>
<li>Receptor-like, which are transmembrane receptors that contain PTPase domains [[cite:PUB00035796]]</li>
<li>Non-receptor (intracellular) PTPases [[cite:PUB00035797]]</li>
</ul>

<p>All PTPases carry the highly conserved active site motif C(X)5R (PTP signature motif), employ a common catalytic mechanism, and share a similar core structure made of a central parallel β-sheet with flanking α-helices containing a β-loop-α-loop that encompasses the PTP signature motif [[cite:PUB00035798]]. Functional diversity between PTPases is endowed by regulatory domains and subunits.</p>"
1;IPR045142;"doi:10.1016/j.cell.2021.04.011
imex:IM-29278
pubmed:33961781";BCAS3-like;"<p>This entry includes BCAS3 microtubule associated cell migration factor (BCAS3) from animals and AT18F/G/H from Arabidopsis. BCAS3 is a microtubule associated cell migration factor that has been linked to the development of breast cancer and angiogenesis [[cite:PUB00089259]]. It forms a complex with PHAF1 and associates with the preautophagosomal structure during both non-selective and selective autophagy [[cite:PUB00097858]].</p>

<p>AT18F/G/H are linked to autophagy [[cite:PUB00098125]].</p>"
1;IPR022175;"doi:10.1016/j.cell.2021.04.011
imex:IM-29278
pubmed:33961781";BCAS3 domain;"<p>This domain is found towards the C-terminal of BCAS3 and ATG18-like proteins from plants. In BCAS3, this domain seems to be important for PHAF1 interactions [[cite:PUB00097858]].</p>; <p>This entry includes BCAS3 microtubule associated cell migration factor (BCAS3) from animals and AT18F/G/H from Arabidopsis. BCAS3 is a microtubule associated cell migration factor that has been linked to the development of breast cancer and angiogenesis [[cite:PUB00089259]]. It forms a complex with PHAF1 and associates with the preautophagosomal structure during both non-selective and selective autophagy [[cite:PUB00097858]].</p>

<p>AT18F/G/H are linked to autophagy [[cite:PUB00098125]].</p>"
1;IPR048382;"doi:10.1016/j.cell.2021.04.011
imex:IM-29278
pubmed:33961781";BCAS3, WD40 domain;"<p>This is the WD40 repeat domain of BCAS3, which directly binds phosphatidylinositol-3-phosphate [[cite:PUB00097858]]. This domain is also found in ATG18-like proteins from Arabidopsis.</p>; <p>BCAS3 microtubule associated cell migration factor (BCAS3, also known as Rhudira in mice) is involved in angiogenesis and metastasis [[cite:PUB00097858], [cite:PUB00151587]]. It participates in the regulation of cell polarity and directional endothelial cell migration by mediating both the activation and recruitment of CDC42 and and the reorganisation of the actin cytoskeleton at the cell leading edge [[cite:PUB00151587]]. BCAS3 plays a regulatory role in autophagic activity; it forms a complex with PHAF1 (C16orf70) which associates with the  preautophagosomal structure during both non-selective and selective autophagy [[cite:PUB00097858]].</p>"
1;IPR051511;"doi:10.1016/j.cell.2021.04.011
imex:IM-29278
pubmed:33961781";Mitochondrial Quality Control and Scaffold Kinases;<p>The protein family includes both catalytically inactive kinases acting as scaffold proteins and active serine/threonine-protein kinases involved in mitochondrial quality control. The inactive kinases function as effectors of small GTPases, regulate cell morphology and motility, and coactivate Notch signaling. The active kinases protect against mitochondrial dysfunction by phosphorylating mitochondrial proteins, coordinating removal and replacement of damaged components, and facilitating mitophagy. They also regulate mitochondrial dynamics, promote mitochondrial fission, and are involved in mitochondrial biogenesis and localized repair.</p>
1;IPR050408;"imex:IM-25472
pubmed:32296183";Hypoxanthine-guanine phosphoribosyltransferase;<p>The Hypoxanthine-guanine phosphoribosyltransferase (HGPRT) family includes enzymes that play a central role in the purine salvage pathway. Members of this family catalyze the transfer of the ribosyl-5-phosphate group from 5-phospho-alpha-D-ribose 1-diphosphate (PRPP) to the N9 position of the 6-oxopurines hypoxanthine and guanine, resulting in the formation of the ribonucleotides inosine 5'-monophosphate (IMP) and guanosine 5'-monophosphate (GMP), respectively, with the concurrent release of pyrophosphate (PPi). Some family members also act on xanthine to produce xanthine monophosphate (XMP). These reactions are essential for recycling purines and contribute to the nucleotide pool necessary for DNA and RNA synthesis. The activity of these enzymes is critical for organisms that rely on purine salvage due to the absence of de novo purine synthesis pathways.</p>
1;IPR005904;"imex:IM-25472
pubmed:32296183";Hypoxanthine phosphoribosyl transferase;<p>Phosphoribosyltransferases (PRT) are enzymes that catalyze the synthesis of beta-n-5'-monophosphates from phosphoribosylpyrophosphate (PRPP) and an enzyme specific amine. A number of PRT's are involved in the biosynthesis of purine, pyrimidine, and pyridine nucleotides, or in the salvage of purines and pyrimidines. Purine nucleotides are synthesized both via the de novo pathway and via the salvage pathway and are vital for cell functions and cell proliferation through DNA and RNA syntheses and ATP energy supply.</p>
1;IPR046347;"doi:10.1016/j.cell.2021.04.011
imex:IM-29278
pubmed:33961781";Basic-leucine zipper domain superfamily;"<p>The basic-leucine zipper (bZIP) domain transcription factors [[cite:PUB00004967]] of eukaryotic are proteins that contain a basic region mediating sequence-specific DNA-binding followed by a leucine zipper region required for dimerisation.</p>

<p>Several structure of bZIP have been solved. The basic region and the leucine zipper form a contiguous α-helix where the four hydrophobic residues of the leucine zipper are oriented on one side. This conformation allows dimerisation in parallel and it bends the helices so that the newly functional dimer forms a flexible fork where the basic domains, at the N-terminal open end, can then interact with DNA. The two leucine zipper are therefore oriented perpendicular to the DNA [[cite:PUB00017872]].</p>"
1;IPR004827;"doi:10.1016/j.cell.2021.04.011
imex:IM-29278
pubmed:33961781";Basic-leucine zipper domain;"<p>The basic-leucine zipper (bZIP) domain transcription factors [[cite:PUB00004967]] of eukaryotic are proteins that contain a basic region mediating sequence-specific DNA-binding followed by a leucine zipper region required for dimerisation.</p>

<p>Several structure of bZIP have been solved. The basic region and the leucine zipper form a contiguous α-helix where the four hydrophobic residues of the leucine zipper are oriented on one side. This conformation allows dimerisation in parallel and it bends the helices so that the newly functional dimer forms a flexible fork where the basic domains, at the N-terminal open end, can then interact with DNA. The two leucine zipper are therefore oriented perpendicular to the DNA [[cite:PUB00017872]].</p>"
1;IPR015341;"doi:10.1016/j.cell.2021.04.011
imex:IM-29278
pubmed:33961781";Glycoside hydrolase family 38, central domain;"<p>This entry represents a domain found in members of the glycosyl hydrolases families 38. This domain is found in the central region that adopts a structure consisting of three α helices, in an immunoglobulin/albumin-binding domain-like fold. The domain is predominantly found in the enzyme alpha-mannosidase [[cite:PUB00022319]].</p>; <p>Glycoside hydrolase family 38 [cazy:GH38]  comprises enzymes with only one known activity; alpha-mannosidase ([ec:3.2.1.24]) ([ec:3.2.1.114]).</p>

<p>Lysosomal alpha-mannosidase is necessary for the catabolism of N-linked carbohydrates released during glycoprotein turnover. The enzyme catalyses the hydrolysis of terminal, non-reducing alpha-D-mannose residues in alpha-D-mannosides, and can cleave all known types of alpha-mannosidic linkages. Defects in the gene cause lysosomal alpha-mannosidosis (AM), a lysosomal storage disease characterised by the accumulation of unbranched oligo-saccharide chains.</p>"
1;IPR027291;"doi:10.1016/j.cell.2021.04.011
imex:IM-29278
pubmed:33961781";Glycoside hydrolase 38, N-terminal domain superfamily;"<p>This superfamily represents a structural domain found in glycoside hydrolase families 38 ([cazy:GH38], e.g. alpha-mannosidase) [[cite:PUB00030417]].</p>; <p>O-Glycosyl hydrolases ([ec:3.2.1.]) are a widespread group of enzymes that hydrolyse the glycosidic bond between two or more carbohydrates, or between a carbohydrate and a non-carbohydrate moiety. A classification system for glycosyl hydrolases, based on sequence similarity, has led to the definition of 85 different families [[cite:PUB00004870], [cite:PUB00005266]]. This classification is available on the CAZy (CArbohydrate-Active EnZymes) website.</p>; <p>Glycoside hydrolase family 38 [cazy:GH38]  comprises enzymes with only one known activity; alpha-mannosidase ([ec:3.2.1.24]) ([ec:3.2.1.114]).</p>

<p>Lysosomal alpha-mannosidase is necessary for the catabolism of N-linked carbohydrates released during glycoprotein turnover. The enzyme catalyses the hydrolysis of terminal, non-reducing alpha-D-mannose residues in alpha-D-mannosides, and can cleave all known types of alpha-mannosidic linkages. Defects in the gene cause lysosomal alpha-mannosidosis (AM), a lysosomal storage disease characterised by the accumulation of unbranched oligo-saccharide chains.</p>"
1;IPR011013;"doi:10.1016/j.cell.2021.04.011
imex:IM-29278
pubmed:33961781";Galactose mutarotase-like domain superfamily;"<p>Proteins with this domain belong to the galactose mutarotase-like structural superfamily.
The domain has a distorted supersandwich structure consisting of 18 strands in two sheets, and probably functions to bind carbohydrates in enzymes that act on sugars. Domains with this structure occur in several protein families, including galactose mutarotase ([ec:5.1.3.3]) [[cite:PUB00010717]]; domain 5 of beta-galactosidase ([ec:3.2.1.23]); domain 2 of Isomaltosyltransferase ([ec:2.4.1.387]); the central domain of hyaluronate lyase-like enzymes, such as chondroitinase AC ([ec:4.2.2.5]), xanthan lyase ([ec:4.2.2.12]), chrondroitin ABC lyase I, and hyaluronate lyase ([ec:4.2.2.1]) itself [[cite:PUB00014072]]; the N-terminal domain of lactobacillus maltose phosphorylase ([ec:2.4.1.8]), 6-glucosyltransferase ([ec:2.4.1.24]) and bacterial glucoamylase ([ec:3.2.1.3]) [[cite:PUB00008368], [cite:PUB00014073]]; the C-terminal domain of eukaryotic alpha-mannosidase ([ec:3.2.1.24]) and archaeon 4-alpha-glucanotransferase ([ec:2.4.1.25]) [[cite:PUB00014074]].</p>"
1;IPR011330;"doi:10.1016/j.cell.2021.04.011
imex:IM-29278
pubmed:33961781";Glycoside hydrolase/deacetylase, beta/alpha-barrel;<p>This superfamily represents a structural domain found in glycoside hydrolase family 38 ([cazy:GH38], e.g. alpha-mannosidase) [[cite:PUB00030417]] and 57 ([cazy:GH57], e.g. 4-alpha-glucanotransferase, N-terminal) [[cite:PUB00014074]], as well as in NodB-like polysaccharide deacetylase and in some hypothetical proteins (e.g. TT1467, N-terminal domain). This domain consists of a 7-stranded β/α barrel, although in some families the β-barrels may be distorted and may vary in the number of strands.</p>
1;IPR037094;"doi:10.1016/j.cell.2021.04.011
imex:IM-29278
pubmed:33961781";Glycoside hydrolase family 38, central domain superfamily;"<p>This entry represents a domain superfamily found in members of the glycosyl hydrolases families 38. This domain is found in the central region that adopts a structure consisting of three α helices, in an immunoglobulin/albumin-binding domain-like fold. The domain is predominantly found in the enzyme alpha-mannosidase [[cite:PUB00022319]].</p>; <p>Glycoside hydrolase family 38 [cazy:GH38]  comprises enzymes with only one known activity; alpha-mannosidase ([ec:3.2.1.24]) ([ec:3.2.1.114]).</p>

<p>Lysosomal alpha-mannosidase is necessary for the catabolism of N-linked carbohydrates released during glycoprotein turnover. The enzyme catalyses the hydrolysis of terminal, non-reducing alpha-D-mannose residues in alpha-D-mannosides, and can cleave all known types of alpha-mannosidic linkages. Defects in the gene cause lysosomal alpha-mannosidosis (AM), a lysosomal storage disease characterised by the accumulation of unbranched oligo-saccharide chains.</p>"
1;IPR000602;"doi:10.1016/j.cell.2021.04.011
imex:IM-29278
pubmed:33961781";Glycoside hydrolase family 38, N-terminal domain;"<p>O-Glycosyl hydrolases ([ec:3.2.1.]) are a widespread group of enzymes that hydrolyse the glycosidic bond between two or more carbohydrates, or between a carbohydrate and a non-carbohydrate moiety. A classification system for glycosyl hydrolases, based on sequence similarity, has led to the definition of 85 different families [[cite:PUB00004870], [cite:PUB00005266]]. This classification is available on the CAZy (CArbohydrate-Active EnZymes) website.</p>; <p>Glycoside hydrolase family 38 [cazy:GH38]  comprises enzymes with only one known activity; alpha-mannosidase ([ec:3.2.1.24]) ([ec:3.2.1.114]).</p>

<p>Lysosomal alpha-mannosidase is necessary for the catabolism of N-linked carbohydrates released during glycoprotein turnover. The enzyme catalyses the hydrolysis of terminal, non-reducing alpha-D-mannose residues in alpha-D-mannosides, and can cleave all known types of alpha-mannosidic linkages. Defects in the gene cause lysosomal alpha-mannosidosis (AM), a lysosomal storage disease characterised by the accumulation of unbranched oligo-saccharide chains.</p>; <p>This entry represents the N-terminal domain of the glycoside hydrolase 38 family protein.</p>"
1;IPR028995;"doi:10.1016/j.cell.2021.04.011
imex:IM-29278
pubmed:33961781";Glycoside hydrolase families 57/38, central domain superfamily;<p>This superfamily represents a domain found in members of the glycosyl hydrolases families 57 and 38 [[cite:PUB00014074], [cite:PUB00022319]]. This central domain adopts a structure consisting of three α helices and forms an immunoglobulin/albumin-binding domain-like fold. This domain can also be found in the C-terminal of the Alpha-amylase AmyC protein.</p>
1;IPR041147;"doi:10.1016/j.cell.2021.04.011
imex:IM-29278
pubmed:33961781";Glycosyl hydrolases family 38, C-terminal domain;<p>This domain is found at the C-terminal end of various glycosyl hydrolases belonging to family 38. The domain has a β sandwich fold.</p>
1;IPR011682;"doi:10.1016/j.cell.2021.04.011
imex:IM-29278
pubmed:33961781";Glycosyl hydrolase family 38, C-terminal;"<p>Glycoside hydrolase family 38 [cazy:GH38]  comprises enzymes with only one known activity; alpha-mannosidase ([ec:3.2.1.24]) ([ec:3.2.1.114]). This domain is found at the C terminus of glycosyl hydrolases from family 38.</p>; <p>O-Glycosyl hydrolases ([ec:3.2.1.]) are a widespread group of enzymes that hydrolyse the glycosidic bond between two or more carbohydrates, or between a carbohydrate and a non-carbohydrate moiety. A classification system for glycosyl hydrolases, based on sequence similarity, has led to the definition of 85 different families [[cite:PUB00004870], [cite:PUB00005266]]. This classification is available on the CAZy (CArbohydrate-Active EnZymes) website.</p>"
1;IPR054723;"doi:10.1016/j.cell.2021.04.011
imex:IM-29278
pubmed:33961781";Alpha-mannosidase Ams1-like, N-terminal;"<p>This domain is found at the N-terminal of Alpha-mannosidase from Schizosaccharomyces pombe (Ams1) and its orthologues from eukaryotes including alpha-mannosidase 2C1 [[cite:PUB00129147]] from vertebrates and alpha-mannosidase G from Dictyostelium discoideum. Ams1 hydrolyses terminal alpha-linked mannoses in free oligosaccharides released from misfolded glycoproteins or lipid-linked oligosaccharide donors. This entry represents the jelly-roll domain [[cite:PUB00153805]].</p>

<p>This entry also includes domains from a number of uncharacterised bacterial proteins that share very similar domain composition with the aforementioned proteins.</p>"
1;IPR048953;"imex:IM-24272
pubmed:26496610";Protection of telomeres protein 1, C-terminal insertion domain;<p>Protection of telomeres protein 1 (POT1) is responsible for binding to and protecting the 3' single-stranded DNA (ssDNA) overhang at most eukaryotic telomeres [[cite:PUB00149711], [cite:PUB00149706]]. This entry represents an insertion domain found at the C-terminal of POT1 and similar sequences from vertebrates. It is described as Holliday junction resolvase-like domain (HJRL) in [[cite:PUB00149711]].</p>
1;IPR028389;"imex:IM-24272
pubmed:26496610";Protection of telomeres protein 1;"<p>In most eukaryotes, their chromosome ends are composed of a single stranded overhang that contains GT-rich repeats and are bound by telomerase ribonucleoproteins (RNPs).</p>

<p>This entry represents a group of telomere binding proteins, including the protection of telomeres protein 1 (POT1) from humans/fission yeast/plants, the telomere end binding proteins (TEBP) alpha from the hypotrichous ciliate Oxytricha nova and Cdc13 from Saccharomyces cerevisiae. They are ribonucleoproteins (RNPs) that play an important role in telomere maintenance, but the precise roles played in end protection and telomere length regulation seem to vary considerably between organisms [[cite:PUB00066665], [cite:PUB00068276]].</p>"
1;IPR011564;"imex:IM-24272
pubmed:26496610";Telomeric single stranded DNA binding POT1/Cdc13;<p>This domain binds single stranded telomeric DNA and adopts an OB fold [[cite:PUB00026858]].  It includes the proteins POT1 and Cdc13 which have been shown to regulate telomere length, replication and capping [[cite:PUB00053824], [cite:PUB00053825], [cite:PUB00053826]].  POT1 is one component of the shelterin complex that protects telomere-ends from attack by DNA-repair mechanisms [[cite:PUB00066756], [cite:PUB00066757]].</p>
1;IPR032042;"imex:IM-24272
pubmed:26496610";Protection of telomeres protein 1, ssDNA-binding domain;<p>This entry represents the ssDNA-binding domain found in telomere protection protein 1 (Pot1). This domain is able to accommodate heterogeneous ssDNA ligands. Pot1 is responsible for binding to and protecting the 3' single-stranded DNA (ssDNA) overhang at most eukaryotic telomeres [[cite:PUB00064049]].</p>
1;IPR006083;"doi:10.1016/j.cell.2021.04.011
imex:IM-29278
pubmed:33961781";Phosphoribulokinase/uridine kinase;<p>Phosphoribulokinase (PRK) [ec:2.7.1.19] catalyses the ATP-dependent phosphorylation of ribulose-5-phosphate to ribulose-1,5-phosphate, a key step in the pentose phosphate pathway where carbon dioxide is assimilated by autotrophic organisms [[cite:PUB00000332]]. In general, plant enzymes are light-activated by the thioredoxin/ferredoxin system, while those from photosynthetic bacteria are regulated by a system that has an absolute requirement for NADH. Thioredoxin/ferredoxin regulation is mediated by the reversible oxidation/reduction of sulphydryl and disulphide groups.</p>
1;IPR000764;"doi:10.1016/j.cell.2021.04.011
imex:IM-29278
pubmed:33961781";Uridine kinase-like;<p>This entry represents the uridine kinase like proteins.</p>
1;IPR058768;"doi:10.1016/j.cell.2021.04.011
imex:IM-29278
pubmed:33961781";MCM9, N-terminal domain;"<p>This domain is found N-terminal in the DNA helicase MCM9 and related proteins.</p>; <p>MCM9 is a component of MCM8/MCM9 complex which is involved in homologous recombination repair pathway. Its dysfunction can cause genome instability. MCM8/MCM9 complex forms a 3:3 hetero-hexamer in an alternating pattern [[cite:PUB00161335]]. The MCM8/MCM9 complex is dispensable for DNA replication and S phase progression [[cite:PUB00141337]].</p>"
1;IPR051017;"doi:10.1016/j.cell.2021.04.011
imex:IM-29278
pubmed:33961781";Aldolase class II Adducin subfamily;<p>The Aldolase class II, Adducin subfamily, consists of membrane-cytoskeleton-associated proteins that promote the assembly of the spectrin-actin network, which is crucial for maintaining cell shape and integrity. Members of this family are involved in various cellular processes including actin filament capping, cell migration, cell adhesion, and regulation of ion channels. They play significant roles in the structural and functional organization of the podocyte in the kidney, affecting glomerular filtration and blood flow autoregulation. Adducins bind to calmodulin and can interact with erythrocyte membrane receptors, linking the cytoskeleton to the plasma membrane. Some members are implicated in the biosynthesis of antibiotics by mediating oxidative decarboxylation steps. The family also includes proteins with roles in meiosis and memory retention.</p>
1;IPR001303;"doi:10.1016/j.cell.2021.04.011
imex:IM-29278
pubmed:33961781";Class II aldolase/adducin N-terminal;<p>This entry represents the α/β/α domain found in class II aldolases and in adducin (usually at the N terminus of adducin). Proteins containing this domain include: rhamnulose-1-phosphate aldolase ([ec:4.1.2.19]), L-fuculose phosphate aldolase ([ec:4.1.2.17]) [[cite:PUB00003307], [cite:PUB00003364]] that is involved in the third step in fucose metabolism, L-ribulose- 5-phosphate 4-epimerase ([ec:5.1.3.4]) involved in the third step of L-arabinose catabolism, a probable sugar isomerase SgbE and the metazoan adducins, which have not been ascribed any enzymatic function but which play a role in cell membrane cytoskeleton organisation [[cite:PUB00056872]]. It also includes ribulose-1-phosphate aldolase that catalyses the cleavage of ribulose 1-phosphate to dihydroxyacetone phosphate and glycolaldehyde [[cite:PUB00153682]].</p>
1;IPR036409;"doi:10.1016/j.cell.2021.04.011
imex:IM-29278
pubmed:33961781";Class II aldolase/adducin N-terminal domain superfamily;"<p>This entry represents the α/β/α domain found in class II aldolases and in adducin (usually at the N terminus of adducin). Proteins containing this domain include: rhamnulose-1-phosphate aldolase ([ec:4.1.2.19]), L-fuculose phosphate aldolase ([ec:4.1.2.17]) [[cite:PUB00003307], [cite:PUB00003364]] that is involved in the third step in fucose metabolism, L-ribulose- 5-phosphate 4-epimerase ([ec:5.1.3.4]) involved in the third step of L-arabinose catabolism, a probable sugar isomerase SgbE and the metazoan adducins, which have not been ascribed any enzymatic function but which play a role in cell membrane cytoskeleton organisation [[cite:PUB00056872]]. It also includes ribulose-1-phosphate aldolase that catalyses the cleavage of ribulose 1-phosphate to dihydroxyacetone phosphate and glycolaldehyde [[cite:PUB00153682]].</p>; <p>This entry also includes the methylthioribulose-1-phosphate dehydratase of the methionine salvage pathway. This pathway allows methylthioadenosine, left over from polyamine biosynthesis, to be recycled to methionine.</p>"
1;IPR006911;"doi:10.1016/j.cell.2021.04.011
imex:IM-29278
pubmed:33961781";Armadillo repeat-containing domain;<p>This domain contains armadillo-like repeats [[cite:PUB00057475]]. Proteins containing this domain interact with numerous other proteins, through these interactions they are involved in a wide variety of processes including carcinogenesis [[cite:PUB00057476]], control of cellular ageing and survival [[cite:PUB00057475]], regulation of circadian rhythm [[cite:PUB00057477]] and lysosomal sorting of G protein-coupled receptors [[cite:PUB00057478]].</p>
1;IPR051303;"doi:10.1016/j.cell.2021.04.011
imex:IM-29278
pubmed:33961781";Armadillo repeat-containing X-linked regulator;<p>This family of proteins is involved in the regulation of mitochondrial dynamics, particularly affecting the distribution and transport of mitochondria within neural cells. Members of this family may interact with components of the Trak-kinesin motor complex, linking mitochondria to motor proteins and influencing their movement along axons. The proteins are implicated in processes such as axon regeneration, neuronal survival, and neurite growth. Some family members may also play a role in transcriptional regulation, influencing the expression of genes related to neuronal function. Additionally, certain proteins within this family may have a role in modulating cell survival and growth, and could interact with cellular pathways that involve tumor suppressor proteins.</p>
1;IPR000225;"doi:10.1016/j.cell.2021.04.011
imex:IM-29278
pubmed:33961781";Armadillo;"<p>This entry represents proteins that contain the Armadillo repeat mainly from eukaryotes. These proteins include: Vacuolar protein 8, Importins, Catenins, Junction plakoglobin and related proteins.</p>; <p>The armadillo (Arm) repeat is an approximately 40 amino acid long tandemly repeated sequence motif first identified in the Drosophila melanogaster segment polarity gene armadillo involved in signal transduction through wingless. Animal Arm-repeat proteins function in various processes, including intracellular signalling and cytoskeletal regulation, and include such proteins as beta-catenin, the junctional plaque protein plakoglobin, the adenomatous polyposis coli (APC) tumour suppressor protein, and the nuclear transport factor importin-alpha, amongst others [[cite:PUB00015440]]. A subset of these proteins is conserved across eukaryotic kingdoms. In higher plants, some Arm-repeat proteins function in intracellular signalling like their mammalian counterparts, while others have novel functions [[cite:PUB00015441]]. The 3-dimensional fold of an armadillo repeat is known from the crystal structure of beta-catenin, where the 12 repeats form a superhelix of α helices with three helices per unit [[cite:PUB00000951]]. The cylindrical structure features a positively charged grove, which presumably interacts with the acidic surfaces of the known interaction partners of beta-catenin.</p>"
1;IPR058767;"doi:10.1016/j.cell.2021.04.011
imex:IM-29278
pubmed:33961781";MCM8, N-terminal domain;"<p>This domain is found N-terminal in the DNA helicase MCM8 and related proteins.</p>; <p>Minichromosome maintenance 8 (MCM8) is a member of the minichromosome maintenance family, which possesses helicase and ATPase activity. It interacts with MCM9 and participates in homologous recombination repair [[cite:PUB00141337]] and (HR) repair pathway. MCM8/9 dysfunction can cause genome instability. MCM8/9 complex forms a 3:3 hetero-hexamer in an alternating pattern [[cite:PUB00161335]].</p>"
1;IPR056875;"doi:10.1016/j.cell.2021.04.011
imex:IM-29278
pubmed:33961781";MCM8/REC, winged helix domain;"<p>The domain represented by this entry is located at the C-terminal of MCM8. It adopts a winged helix fold, and it has a DNA binding activity [[cite:PUB00148272]]. This domain is also found in DNA replication licensing factor REC, a distant MCM homologue, which has no, or only a minor, role in DNA repair and recombination in somatic cells [[cite:PUB00159999]].</p>; <p>Minichromosome maintenance 8 (MCM8) is a member of the minichromosome maintenance family, which possesses helicase and ATPase activity. It interacts with MCM9 and participates in homologous recombination repair [[cite:PUB00141337]] and (HR) repair pathway. MCM8/9 dysfunction can cause genome instability. MCM8/9 complex forms a 3:3 hetero-hexamer in an alternating pattern [[cite:PUB00161335]].</p>"
1;IPR047236;"imex:IM-22632
pubmed:25814554";DCC-interacting protein 13-alpha/beta, PH domain;"<p>This entry represents the PH domain of DP13A/B.</p>; <p>This entry includes DCC-interacting protein 13-alpha/beta from humans (DIP13A/B, also known as APPL1/2) and similar proteins predominantly found in vertebrates. DIP13A/B are multifunctional adapter proteins that bind to various membrane receptors, nuclear factors and signalling proteins to regulate many processes, such as cell proliferation, immune response, endosomal trafficking and cell metabolism [[cite:PUB00102108], [cite:PUB00102104], [cite:PUB00102105], [cite:PUB00102109], [cite:PUB00102103]]. DIP13B may also affect adult neurogenesis in hippocampus and olfactory system via regulating the sensitivity of glucocorticoid receptor [[cite:PUB00102106], [cite:PUB00102107]].</p>"
1;IPR011993;"imex:IM-22632
pubmed:25814554";PH-like domain superfamily;"<p>This superfamily represents the PH domain and structurally related domains.</p>

<p>Pleckstrin homology (PH) domains are small modular domains that occur in a large variety of signalling proteins, where they serve as simple targeting domains that bind lipids [[cite:PUB00014130], [cite:PUB00014131], [cite:PUB00057291]].</p>

<p>PH domains have a partly opened β-barrel topology that is capped by an α-helix. The structure of PH domains is similar to the phosphotyrosine-binding domain (PTB) found in IRS-1 (insulin receptor substrate 1) [[cite:PUB00000936]], Shc adaptor and Numb [[cite:PUB00018031]]; to the Ran-binding domain, found in Nup nuclear pore complex and Ranbp1 [[cite:PUB00006171]]; to the Enabled/VASP homology domain 1 (EVH1 domain), found in Enabled, VASP (vasodilator-stimulated phosphoprotein), Homer and WASP actin regulatory protein [[cite:PUB00018222]]; and to the third domain of FERM, found in moesin, radixin, ezrin, merlin and talin [[cite:PUB00029080]].</p>"
1;IPR047237;"imex:IM-22632
pubmed:25814554";DCC-interacting protein 13-alpha/beta, PTB domain;"<p>This entry represents the PTB domain of DPA13A/B. PTB domains have a common PH-like fold and are found in various eukaryotic signalling molecules.</p>; <p>This entry includes DCC-interacting protein 13-alpha/beta from humans (DIP13A/B, also known as APPL1/2) and similar proteins predominantly found in vertebrates. DIP13A/B are multifunctional adapter proteins that bind to various membrane receptors, nuclear factors and signalling proteins to regulate many processes, such as cell proliferation, immune response, endosomal trafficking and cell metabolism [[cite:PUB00102108], [cite:PUB00102104], [cite:PUB00102105], [cite:PUB00102109], [cite:PUB00102103]]. DIP13B may also affect adult neurogenesis in hippocampus and olfactory system via regulating the sensitivity of glucocorticoid receptor [[cite:PUB00102106], [cite:PUB00102107]].</p>"
1;IPR001849;"imex:IM-22632
pubmed:25814554";Pleckstrin homology domain;"<p>Pleckstrin homology (PH) domains are small modular domains that occur in a large variety of proteins and they have diverse functions, but in general are involved in targeting proteins to the appropriate cellular location or in the interaction with a binding partner, enabling them to interact with other components of signal transduction pathways. They share little sequence conservation, but all have a common fold, which is electrostatically polarised. The domains can bind phosphatidylinositol within biological membranes and proteins such as the beta/gamma subunits of heterotrimeric G proteins [[cite:PUB00057292]] and protein kinase C [[cite:PUB00057293]]. PH domains are distinguished from other PIP-binding domains by their specific high-affinity binding to phosphoinositide phosphates (PIPs) with two vicinal phosphate groups: PtdIns(3,4)P2, PtdIns(4,5)P2 or PtdIns(3,4,5)P3 which results in targeting some PH domain proteins to the plasma membrane. A few display strong specificity in lipid binding. Any specificity is usually determined by loop regions or insertions in the N-terminal of the domain, which are not conserved across all PH domains [[cite:PUB00014130], [cite:PUB00080401], [cite:PUB00080402]].</p>

<p>PH domains have been found to possess inserted domains (such as in PLC gamma, syntrophins) and to be inserted within other domains. Mutations in Brutons tyrosine kinase (Btk) within its PH domain cause X-linked agammaglobulinaemia (XLA) in patients. Point mutations cluster into the positively charged end of the molecule around the predicted binding site for phosphatidylinositol lipids.</p>

<p>The 3D structure of several PH domains has been determined [[cite:PUB00003918]]. All known cases have a common structure consisting of two perpendicular anti-parallel β-sheets, followed by a C-terminal amphipathic helix. The loops connecting the β-strands differ greatly in length, making the PH domain relatively difficult to detect. There are no totally invariant residues within the PH domain.</p>

<p>Proteins reported to contain one more PH domains belong to the following families:</p>

<ul>
<li>Pleckstrin, the protein where this domain was first detected, is the major substrate of protein kinase C in platelets. Pleckstrin is one of the rare proteins to contains two PH domains.</li>
<li>Ser/Thr protein kinases such as the Akt/Rac family, the beta-adrenergic receptor kinases, the mu isoform of PKC and the trypanosomal NrkA family.</li>
<li>Tyrosine protein kinases belonging to the Btk/Itk/Tec subfamily.</li>
<li>Insulin Receptor Substrate 1 (IRS-1).</li>
<li>Regulators of small G-proteins like guanine nucleotide releasing factor GNRP (Ras-GRF) (which contains 2 PH domains), guanine nucleotide exchange proteins like vav, dbl, SoS and Saccharomyces cerevisiae CDC24, GTPase activating proteins like rasGAP and BEM2/IPL2, and the human break point cluster protein bcr.</li>
<li>Cytoskeletal proteins such as dynamin (see [interpro:IPR001401]), Caenorhabditis elegans kinesin-like protein unc-104 (see [interpro:IPR001752]), spectrin beta-chain, syntrophin (2 PH domains) and S. cerevisiae nuclear migration protein NUM1.</li>
<li>Mammalian phosphatidylinositol-specific phospholipase C (PI-PLC) (see [interpro:IPR000909]) isoforms gamma and delta. Isoform gamma contains two PH domains, the second one is split into two parts separated by about 400 residues.</li>
<li>Oxysterol binding proteins OSBP, S. cerevisiae OSH1 and YHR073w.</li>
<li>Mouse protein citron, a putative rho/rac effector that binds to the GTP-bound forms of rho and rac.</li>
<li>Several S. cerevisiae proteins involved in cell cycle regulation and bud formation like BEM2, BEM3, BUD4 and the BEM1-binding proteins BOI2 (BEB1) and BOI1 (BOB1).</li>
<li>C. elegans protein MIG-10.</li>
<li>C. elegans hypothetical proteins C04D8.1, K06H7.4 and ZK632.12.</li>
<li>S. cerevisiae hypothetical proteins YBR129c and YHR155w.</li>
</ul>"
1;IPR004148;"imex:IM-22632
pubmed:25814554";BAR domain;"<p>Endocytosis and intracellular transport involve several mechanistic steps:</p>

<ol>
<li>For the internalisation of cargo molecules, the membrane needs to bend to form a vesicular structure, which requires membrane curvature and a rearrangement of the cytoskeleton;</li>
<li>Following its formation, the vesicle has to be pinched off the membrane;</li>
<li>The cargo has to be subsequently transported through the cell and the vesicle must fuse with the correct cellular compartment.</li>
</ol>

<p>Members of the Amphiphysin protein family are key regulators in the early steps of endocytosis, involved in the formation of clathrin-coated vesicles by promoting the assembly of a protein complex at the plasma membrane and directly assist in the induction of the high curvature of the membrane at the neck of the vesicle. Amphiphysins contain a characteristic domain, known as the BAR (Bin-Amphiphysin-Rvs)-domain, which is required for their<i>in vivo</i>function and their ability to tubulate membranes [[cite:PUB00014978]].</p>

<p>The crystal structure of these proteins suggest the domain forms a crescent-shaped dimer of a three-helix coiled coil with a characteristic set of conserved hydrophobic, aromatic and hydrophilic amino acids. Proteins containing this domain have been shown to homodimerise, heterodimerise or, in a few cases, interact with small GTPases.</p>"
1;IPR037929;"imex:IM-22632
pubmed:25814554";DCC-interacting protein 13-alpha, BAR domain;<p>Adaptor protein, Phosphotyrosine interaction, PH domain and Leucine zipper containing (APPL) proteins are effectors of the small GTPase Rab5 that function in endosome-mediated signaling [[cite:PUB00048835], [cite:PUB00102108]]. They contain BAR, pleckstrin homology (PH) and phosphotyrosine binding (PTB) domains. They form homo- and hetero-oligomers that are mediated by their BAR domains [[cite:PUB00040403]]. Vertebrates contain two APPL proteins, DCC-interacting protein 13-alpha and beta (DP13A and B, also known as APPL1 and APPL2, respectively). DP13A interacts with diverse receptors (e.g. NGF receptor TrkA, FSHR, adiponectin receptors) and signaling proteins (e.g. Akt, PI3K), and function as an adaptor linked to to regulate many processes such as cell proliferation, immune response, endosomal trafficking and cell metabolism [[cite:PUB00102108], [cite:PUB00087882], [cite:PUB00102105]].</p>
1;IPR027267;"imex:IM-22632
pubmed:25814554";AH/BAR domain superfamily;"<p>This superfamily represents a structural domain which consists of three α-helices, including the arfaptin homology (AH) domain and the BAR (Bin-Amphiphysin-Rvs) domain.</p>; <p>The arfaptin homology (AH) domain is a protein domain found in a range of proteins, including arfaptins, protein kinase C-binding protein PICK1 [[cite:PUB00018335]] and mammalian 69kDa islet cell autoantigen (ICA69) [[cite:PUB00012613]]. The AH domain of arfaptin has been shown to dimerise and to bind Arf and Rho family GTPases [[cite:PUB00012612], [cite:PUB00018336]], including ARF1, a small GTPase involved in vesicle budding at the Golgi complex and immature secretory granules. The AH domain consists of three α-helices arranged as an extended antiparallel α-helical bundle. Two arfaptin AH domains associate to form a highly elongated, crescent-shaped dimer [[cite:PUB00012612], [cite:PUB00018336]].</p>; <p>Members of the Amphiphysin protein family are key regulators in the early steps of endocytosis, involved in the formation of clathrin-coated vesicles by promoting the assembly of a protein complex at the plasma membrane and directly assist in the induction of the high curvature of the membrane at the neck of the vesicle. Amphiphysins contain a characteristic domain, known as the BAR (Bin-Amphiphysin-Rvs) domain, which is required for their<i>in vivo</i>function and their ability to tubulate membranes [[cite:PUB00014978]]. 
The crystal structure of these proteins suggest the domain forms a crescent-shaped dimer of a three-helix coiled coil with a characteristic set of conserved hydrophobic, aromatic and hydrophilic amino acids. Proteins containing this domain have been shown to homodimerise, heterodimerise or, in a few cases, interact with small GTPases.</p>"
1;IPR006020;"imex:IM-22632
pubmed:25814554";PTB/PI domain;"<p>Proteins encoding phosphotyrosine binding (PTB) domains function as adaptors or scaffolds to organise the signaling complexes involved in wide-ranging physiological processes including neural development, immunity, tissue homeostasis and cell growth. Due to structural differences, PTB domains are divided into three groups represented by phosphotyrosine-dependent IRS-like, phosphotyrosine-dependent Shc-like, and phosphotyrosine-independent Dab-like PTBs. The last two PTBs have been named as phosphotyrosine interaction domain (PID or PI domain). PID domain has an average length of about 160 amino acids [[cite:PUB00018031]].</p>; <p>The Shc-like PID specifically binds to the Asn-Pro-Xaa-Tyr(P) motif found in many tyrosine-phosphorylated proteins including growth factor receptors. On the other hand the Dab-like PID domain binds to non-phosphorylated tyrosine residue or even a phenylalanine at the same position [[cite:PUB00000914]]. Most of the ligands for Shc-like PID domains are RTK or cytokine, whereas phosphotyrosine independent Dab-like PID domains seems to mediate other types of signaling pathways, like endocytosis/processing or exocytosis. This domain binds both peptides and headgroups of phosphatidylinositides, utilising two distinct binding motifs to mediate spatial organisation and localisation within cells [[cite:PUB00018031], [cite:PUB00000914], [cite:PUB00005190], [cite:PUB00002884]].</p>

<p>The 3D structure of PID domain has been solved [[cite:PUB00018032]]. It shares a folding pattern, commonly referred to as the PH-domain ""superfold"". The core ""superfold"" consists of seven antiparallel β strands forming two orthogonal β sheets. This β sandwich is capped at the C terminus by an α helix. It contains a peptide binding pocket (formed by the β strand 5 and C-terminal α helix) and a highly basic phospholipid binding ""crown"" (largely composed of residues from loop regions near the N terminus). Both Shc and Dab1 have two additional α helices, one of which is located at the N terminus and the other between β1 and β2 strands.</p>"
1;IPR047181;"imex:IM-22632
pubmed:25814554";DCC-interacting protein 13-alpha/beta;<p>This entry includes DCC-interacting protein 13-alpha/beta from humans (DIP13A/B, also known as APPL1/2) and similar proteins predominantly found in vertebrates. DIP13A/B are multifunctional adapter proteins that bind to various membrane receptors, nuclear factors and signalling proteins to regulate many processes, such as cell proliferation, immune response, endosomal trafficking and cell metabolism [[cite:PUB00102108], [cite:PUB00102104], [cite:PUB00102105], [cite:PUB00102109], [cite:PUB00102103]]. DIP13B may also affect adult neurogenesis in hippocampus and olfactory system via regulating the sensitivity of glucocorticoid receptor [[cite:PUB00102106], [cite:PUB00102107]].</p>
1;IPR029336;"imex:IM-24272
pubmed:26496610";Protein of unknown function DUF4594;<p>This entry represents a group of eukaryotic proteins that are typically between 170 and 183 amino acids in length. In humans, the gene encoding this protein lies in the position, chromosome 15 open reading frame 52.</p>
1;IPR018200;"imex:IM-24272
pubmed:26496610";Ubiquitin specific protease, conserved site;"<p>Protein ubiquitination is a reversible posttranslational modification that affects a large number of cellular processes, including protein degradation, trafficking, cell signalling, and the DNA damage response. Ubiquitination is reversible, and dedicated deubiquitinases exist that hydrolyse isopeptide bonds. Ubiquitin-specific proteases (USPs) [ec:3.4.19.12] are the largest family of deubiquitinating enzymes. USP domains consist of a common conserved catalytic core that is interspersed at five points with insertions, some of which are as large as the catalytic domain itself. The insertions can fold into independent domains that can be involved in the regulation of deubiquitinase activity. As commonly found in signalling proteins, many USP deubiquitinases have a modular architecture and not only contain a catalytic domain but also additional protein-protein interaction and localisation domains. Most USP domains cleave the isopeptide linkage between two ubiquitin molecules and hence contain (at least) two ubiquitin-binding sites, one for the distal ubiquitin, the C terminus of which is linked to the Lys residue on the proximal ubiquitin in a second, proximal binding site [[cite:PUB00072483]]. The USP domain forms the peptidase family C19 [[cite:PUB00003577]].</p>

<p>The USP catalytic core can be divided into six conserved boxes that are present in all USP domains. Box 1 contains the catalytic Cys residue, box 5 contains the catalytic His, and box 6 contains the catalytic Asp/Asn residue. All boxes show several additional conserved features and residues. Boxes 3 and 4 contain a Cys-X-X-Cys motif each, which have been shown to constitute a functional zinc-binding motif. Potentially, zinc-binding facilitates folding of the USP core, helping the interaction of sequence motifs some few hundred residues apart. USP domains share a common conserved fold. The USP domain resembles an open hand containing Thumb, Palm and Fingers subdomains. The catalytic triad resides between the Thumb (Cys) and Palm subdomains (His/Asp) [[cite:PUB00072483]].</p>

<p>This entry represents two conserved sites for the USP domain. The first one is around the catalytic cysteine in box 1, and the second around the catalytic histidine in box 5.</p>"
1;IPR028889;"imex:IM-24272
pubmed:26496610";Ubiquitin specific protease UPS, catalytic domain;"<p>This entry represents the entire USP domain.
The USP catalytic core can be divided into six conserved boxes that are present in all USP domains. Box 1 contains the catalytic Cys residue, box 5 contains the catalytic His [interpro:IPR018200], and box 6 contains the catalytic Asp/Asn residue. All boxes show several additional conserved features and residues. Boxes 3 and 4 contain a Cys-X-X-Cys motif each, which have been shown to constitute a functional zinc-binding motif. Potentially, zinc-binding facilitates folding of the USP core, helping the interaction of sequence motifs some few hundred residues apart. USP domains share a common conserved fold. The USP domain resembles an open hand containing Thumb, Palm and Fingers subdomains. The catalytic triad resides between the Thumb (Cys) and Palm subdomains (His/Asp) [[cite:PUB00072483]].</p>; <p>Protein ubiquitination is a reversible posttranslational modification, which affects a large number of cellular processes including protein degradation, trafficking, cell signaling and the DNA damage response. Ubiquitination is reversible, and dedicated deubiquitinases exist which hydrolyze isopeptide bonds. Ubiquitin specific proteases (USPs) ([ec:3.4.19.12]) are the largest family of deubiquitinating enzymes. USP domains consist of a common conserved catalytic core which is interspersed at five points with insertions, some of which as large as the catalytic domain itself. The insertions can fold into independent domains that can be involved in the regulation of deubiquitinase activity. As commonly found in signaling proteins, many USP deubiquitinases have a modular architecture, and not only contain a catalytic domain but also additional protein-protein interaction and localisation domains. Most USP domains cleave the isopeptide linkage between two ubiquitin molecules, and hence contain (at least) two ubiquitin-binding sites, one for the distal ubiquitin, the C terminus of which is linked to the Lys residue on the proximal ubiquitin in a second, proximal binding site [[cite:PUB00072483]]. The USP domain forms the peptidase family C19 [[cite:PUB00003577]].</p>"
1;IPR050185;"imex:IM-24272
pubmed:26496610";Ubiquitin carboxyl-terminal hydrolase;<p>The ubiquitin carboxyl-terminal hydrolase family, also known as deubiquitinating enzymes (DUBs), plays a crucial role in various cellular processes by cleaving ubiquitin from ubiquitinated proteins, thus regulating protein turnover and preventing degradation [[cite:PUB00163319], [cite:PUB00163320], [cite:PUB00163321]].. Members of this family are involved in cell cycle regulation, DNA repair, transcriptional regulation, autophagy, and signal transduction [[cite:PUB00163321], [cite:PUB00163322]]. They exhibit specificity for different ubiquitin linkages and substrates, including histones, signalling receptors, and structural proteins, thereby influencing pathways such as NF-kappa-B activation, TGF-beta receptor signaling, and the spindle assembly checkpoint. Their activities contribute to the maintenance of protein homeostasis, genomic stability, and cellular response to stress and damage.</p>
1;IPR035927;"imex:IM-24272
pubmed:26496610";DUSP-like superfamily;<p>Deubiquitinating enzymes (DUB) form a large family of cysteine protease that can deconjugate ubiquitin or ubiquitin-like proteins (see [prositedoc:PDOC00271]) from ubiquitin-conjugated proteins. All DUBs contain a catalytic domain surrounded by one or more subdomains, some of which contribute to target recognition. The ~120-residue DUSP (domain present in ubiquitin-specific proteases) domain is one of these specific subdomains. Single or tandem DUSP domains are located both N- and C-terminal to the ubiquitin carboxyl-terminal hydrolase catalytic core domain (see [prositedoc:PDOC00750]) [[cite:PUB00038034]].</p>
1;IPR029346;"imex:IM-24272
pubmed:26496610";Ubiquitin carboxyl-terminal hydrolase, C-terminal;<p>This domain is found in the C-terminal of the ubiquitin carboxyl-terminal hydrolases (USPs) [[cite:PUB00056219]]. The structure from C-terminal USP7 revealed that it can positively regulate deubiquitinating activity [[cite:PUB00101929]].</p>
1;IPR001394;"imex:IM-24272
pubmed:26496610";Peptidase C19, ubiquitin carboxyl-terminal hydrolase;"<p>Ubiquitin carboxyl-terminal hydrolases (UCH) ([ec:3.4.19.12]) [[cite:PUB00000623]] are thiol proteases that recognise and hydrolyse the peptide bond at the C-terminal glycine of ubiquitin. These enzymes are involved in the processing of poly-ubiquitin precursors as well as that of ubiquinated proteins. The deubiquitinsing proteases can be split into 2 size ranges, 20-30kDa
([interpro:IPR001578]) and 100-200kDa [[cite:PUB00003577]]: the second class consist of large proteins (800 to 2000 residues) that belong to the peptidase family C19, and this group is currently represented by yeast UBP1 [[cite:PUB00069572]].</p>; <p>A cysteine peptidase is a proteolytic enzyme that hydrolyses a peptide bond using the thiol group of a cysteine residue as a nucleophile.  Hydrolysis involves usually a catalytic triad consisting of the thiol group of the cysteine, the imidazolium ring of a histidine, and a third residue, usually asparagine or aspartic acid, to orientate and activate the imidazolium ring.  In only one family of cysteine peptidases, is the role of the general base assigned to a residue other than a histidine: in peptidases from family C89 (acid ceramidase) an arginine is the general base.  Cysteine peptidases can be grouped into fourteen different clans, with members of each clan possessing a tertiary fold unique to the clan.  Four clans of cysteine peptidases share structural similarities with serine and threonine peptidases and asparagine lyases.  From sequence similarities, cysteine peptidases can be clustered into over 80 different families [[cite:PUB00011704]].  Clans CF, CM, CN, CO, CP and PD contain only one family.</p>

<p>Cysteine peptidases are often active at acidic pH and are therefore confined to acidic environments, such as the animal lysosome or plant vacuole.  Cysteine peptidases can be endopeptidases, aminopeptidases, carboxypeptidases, dipeptidyl-peptidases or omega-peptidases.  They are inhibited by thiol chelators such as iodoacetate, iodoacetic acid,<i>N</i>-ethylmaleimide or<i>p</i>-chloromercuribenzoate.</p>

<p>Clan CA includes proteins with a papain-like fold. There is a catalytic triad which occurs in the order: Cys/His/Asn (or Asp).  A fourth residue, usually Gln, is important for stabilising the acyl intermediate that forms during catalysis, and this precedes the active site Cys. The fold consists of two subdomains with the active site between them.  One subdomain consists of a bundle of helices, with the catalytic Cys at the end of one of them, and the other subdomain is a β-barrel with the active site His and Asn (or Asp). There are over thirty families in the clan, and tertiary structures have been solved for members of most of these. Peptidases in clan CA are usually sensitive to the small molecule inhibitor E64, which is ineffective against peptidases from other clans of cysteine peptidases [[cite:PUB00076953]].</p>

<p>Clan CD includes proteins with a caspase-like fold.  Proteins in the clan have an α/β/α sandwich structure. There is a catalytic dyad which occurs in the order His/Cys. The active site His occurs in a His-Gly motif and the active site Cys occurs in an Ala-Cys motif; both motifs are preceded by a block of hydrophobic residues [[cite:PUB00020025]]. Specificity is predominantly directed towards residues that occupy the S1 binding pocket, so that caspases cleave aspartyl bonds, legumains cleave asparaginyl bonds, and gingipains cleave lysyl or arginyl bonds.</p>

<p>Clan CE includes proteins with an adenain-like fold.  The fold consists of two subdomains with the active site between them.  One domain is a bundle of helices, and the other a β-barrel. The subdomains are in the opposite order to those found in peptidases from clan CA, and this is reflected in the order of active site residues: His/Asn/Gln/Cys.  This has prompted speculation that proteins in clans CA and CE are related, and that members of one clan are derived from a circular permutation of the structure of the other.</p>

<p>Clan CL includes proteins with a sortase B-like fold.  Peptidases in the clan hydrolyse and transfer bacterial cell wall peptides.  The fold shows a closed β-barrel decorated with helices with the active site at one end of the barrel [[cite:PUB00030423]].  The active site consists of a His/Cys catalytic dyad.</p>; <p>Cysteine peptidases with a chymotrypsin-like fold are included in clan PA, which also includes serine peptidases.  Cysteine peptidases that are N-terminal nucleophile hydrolases are included in clan PB.  Cysteine peptidases with a tertiary structure similar to that of the serine-type aspartyl dipeptidase are included in clan PC.  Cysteine peptidases with an intein-like fold are included in clan PD, which also includes asparagine lyases.</p>"
1;IPR028135;"imex:IM-24272
pubmed:26496610";Ubiquitin-like domain, USP-type;<p>This ubiquitin-like (UBL) domain is found in several ubiquitin carboxyl-terminal hydrolases, also known as ubiquitin specific proteases (USP) [[cite:PUB00067552]], and in gametogenetin-binding protein.</p>
1;IPR006615;"imex:IM-24272
pubmed:26496610";Peptidase C19, ubiquitin-specific peptidase, DUSP domain;<p>Deubiquitinating enzymes (DUB) form a large family of cysteine protease that can deconjugate ubiquitin or ubiquitin-like proteins (see [prositedoc:PDOC00271]) from ubiquitin-conjugated proteins. All DUBs contain a catalytic domain surrounded by one or more subdomains, some of which contribute to target recognition. The ~120-residue DUSP (domain present in ubiquitin-specific proteases) domain is one of these specific subdomains. Single or tandem DUSP domains are located both N- and C-terminal to the ubiquitin carboxyl-terminal hydrolase catalytic core domain (see [prositedoc:PDOC00750]) [[cite:PUB00038034]].</p>
1;IPR013792;"imex:IM-24272
pubmed:26496610";RNA 3'-terminal phosphate cyclase/enolpyruvate transferase, alpha/beta;"<p>This superfamily represents an α/β domain consisting of alternating β-strands and α helices in two layer. This domain is found in RNA 3'-terminal phosphate cyclase (RPTC), where it occurs as a duplication of three repeats of this fold packed together around a pseudo three-fold axis [[cite:PUB00006476]]. RNA cyclases are a family of RNA-modifying enzymes that catalyse the ATP-dependent conversion of the 3'-phosphate to the 2',3'-cyclic phosphodiester at the end of RNA. These cyclases contain an insert α/β domain with a thioredoxin topology ([interpro:IPR013791]).</p>
<p>This domain is also found in enolpyruvate transferase, where it occurs as a duplication of six repeats of this fold organised into two RPTC-like domains [[cite:PUB00028019], [cite:PUB00028020]]. Enolpyruvate transferase is the first enzyme in bacterial peptidoglycan biosynthesis, catalysing the transfer of enolpyruvate from phosphoenolpyruvate to UDP-N-acetyl-glucosamine.</p>"
1;IPR038765;"imex:IM-24272
pubmed:26496610";Papain-like cysteine peptidase superfamily;<p>This entry represents the papain-like cysteine peptidase superfamily. Its members typically consist of one α-helix and 4 strands of antiparallel β-sheet and contain the catalytic triad Cys-His-Asn.</p>
1;IPR021063;"doi:10.1016/j.cell.2010.01.044
imex:IM-28774
pubmed:20211142";NF-kappa-B essential modulator NEMO, N-terminal;<p>This entry represents a conserved domain found at the N-terminal of NF-kappa-B essential modulator (NEMO) and optineurin proteins. NEMO is a regulatory protein which is part of the IKK complex along with the catalytic IKKalpha and beta kinases. The IKK complex phosphorylates IkappaB targeting it for degradation which results in the release of NF-kappaB which initiates the inflammatory response, cell proliferation or cell differentiation [[cite:PUB00050744]]. NEMO activates the IKK complex's activity by associating with the unphosphorylated IKK kinase C termini. The core domain of NEMO is a dimer which binds to two fragments of IKK [[cite:PUB00050744]].</p>
1;IPR051301;"doi:10.1016/j.cell.2010.01.044
imex:IM-28774
pubmed:20211142";Optineurin/NF-kappa-B Essential Modulator;<p>The Optineurin/NF-kappa-B essential modulator family is involved in various cellular processes including the maintenance of the Golgi complex, membrane trafficking, exocytosis, and the activation of innate immune responses. Family members interact with myosin VI and Rab8 to facilitate Golgi ribbon formation and regulate endocytic trafficking. They play a role in neuroprotection, particularly within the eye and optic nerve. Additionally, they function in the TNF-alpha signaling pathway, potentially influencing cell death induction. Members of this family serve as autophagy receptors, targeting ubiquitin-coated bacteria for degradation. They are also implicated in antiviral responses by recruiting TBK1 to phosphorylate IRF3, leading to IFN-beta production. The family's ability to bind polyubiquitin chains is crucial for the activation of NF-kappa-B, a key factor in cell survival and immune response signaling. The family's involvement in these pathways suggests a broad role in cellular homeostasis and defense mechanisms.</p>
1;IPR034735;"doi:10.1016/j.cell.2010.01.044
imex:IM-28774
pubmed:20211142";NEMO, Zinc finger;<p>This entry represents the C-terminal CCHC-type Zinc Finger (ZF) domain of NEMO. This domain can also be found in other regulators of NF-kappaB, such as Optineurin and ABIN2 [[cite:PUB00084249]].</p>
1;IPR032419;"doi:10.1016/j.cell.2010.01.044
imex:IM-28774
pubmed:20211142";NF-kappa-B essential modulator NEMO, CC2-LZ domain;<p>NF-kappa-B essential modulator NEMO comprises two coiled-coil regions, denoted as CC1 and CC2, a leucine zipper (LZ), and a zinc finger (ZF). This entry represents the CC2-LZ domain that plays a regulatory role. It contains a ubiquitin-binding domain (UBD) and represents one region that contributes to NEMO oligomerisation. NEMO itself is an integral part of the IkappaB kinase complex and serves as a molecular switch via which the NF-kappaB signalling pathway is regulated [[cite:PUB00054356]].</p>
