Count;InterProID;pubmeds;Name;ShortDescription
4;IPR013087;"doi:10.1016/j.cell.2021.04.011
imex:IM-16517
imex:IM-24995
imex:IM-25472
imex:IM-29278
mint:MINT-5217955
pubmed:16169070
pubmed:27107014
pubmed:32296183
pubmed:33961781";Zinc finger C2H2-type;"<p>This entry represents the classical C2H2 zinc finger domain.</p>; <p>C2H2-type (classical) zinc fingers (Znf) were the first class to be characterised. They contain a short β-hairpin and an α-helix (β/β/α structure), where a single zinc atom is held in place by Cys(2)His(2) (C2H2) residues in a tetrahedral array. C2H2 Znf's can be divided into three groups based on the number and pattern of fingers: triple-C2H2 (binds single ligand), multiple-adjacent-C2H2 (binds multiple ligands), and separated paired-C2H2 [[cite:PUB00035808]]. C2H2 Znf's are the most common DNA-binding motifs found in eukaryotic transcription factors, and have also been identified in prokaryotes [[cite:PUB00035809]].  Transcription factors usually contain several Znf's (each with a conserved β/β/α structure) capable of making multiple contacts along the DNA, where the C2H2 Znf motifs recognise DNA sequences by binding to the major groove of DNA via a short α-helix in the Znf, the Znf spanning 3-4 bases of the DNA [[cite:PUB00035811]]. C2H2 zinc fingers can also bind to RNA and protein targets [[cite:PUB00043274]].</p>; <p>Zinc finger (Znf) domains are relatively small protein motifs which contain multiple finger-like protrusions that make tandem contacts with their target molecule. Some of these domains bind zinc, but many do not; instead, they bind other metals, such as iron, or no metal at all. For example, some family members form salt bridges to stabilise the finger-like folds. They were first identified as a DNA-binding motif in transcription factor TFIIIA from Xenopus laevis (African clawed frog); however, they are now recognised to bind DNA, RNA, protein and/or lipid substrates [[cite:PUB00035807], [cite:PUB00035805], [cite:PUB00035806], [cite:PUB00035804], [cite:PUB00014077]]. Their binding properties depend on the amino acid sequence of the finger domains and of the linker between fingers, as well as on the higher-order structures and the number of fingers. Znf domains are often found in clusters, where fingers can have different binding specificities. There are many superfamilies of Znf motifs, varying in both sequence and structure. They display considerable versatility in binding modes, even between members of the same class (e.g., some bind DNA, others protein), suggesting that Znf motifs are stable scaffolds that have evolved specialised functions. For example, Znf-containing proteins function in gene transcription, translation, mRNA trafficking, cytoskeleton organisation, epithelial development, cell adhesion, protein folding, chromatin remodelling and zinc sensing, to name but a few [[cite:PUB00035812]]. Zinc-binding motifs are stable structures, and they rarely undergo conformational changes upon binding their target.</p>"
3;IPR036236;"imex:IM-16517
imex:IM-24995
imex:IM-25472
mint:MINT-5217955
pubmed:16169070
pubmed:27107014
pubmed:32296183";Zinc finger C2H2 superfamily;"<p>C2H2-type (classical) zinc fingers (Znf) were the first class to be characterised. They contain a short β-hairpin and an α-helix (β/β/α structure), where a single zinc atom is held in place by Cys(2)His(2) (C2H2) residues in a tetrahedral array. C2H2 Znf's can be divided into three groups based on the number and pattern of fingers: triple-C2H2 (binds single ligand), multiple-adjacent-C2H2 (binds multiple ligands), and separated paired-C2H2 [[cite:PUB00035808]]. C2H2 Znf's are the most common DNA-binding motifs found in eukaryotic transcription factors, and have also been identified in prokaryotes [[cite:PUB00035809]].  Transcription factors usually contain several Znf's (each with a conserved β/β/α structure) capable of making multiple contacts along the DNA, where the C2H2 Znf motifs recognise DNA sequences by binding to the major groove of DNA via a short α-helix in the Znf, the Znf spanning 3-4 bases of the DNA [[cite:PUB00035811]]. C2H2 zinc fingers can also bind to RNA and protein targets [[cite:PUB00043274]].</p>; <p>Zinc finger (Znf) domains are relatively small protein motifs which contain multiple finger-like protrusions that make tandem contacts with their target molecule. Some of these domains bind zinc, but many do not; instead, they bind other metals, such as iron, or no metal at all. For example, some family members form salt bridges to stabilise the finger-like folds. They were first identified as a DNA-binding motif in transcription factor TFIIIA from Xenopus laevis (African clawed frog); however, they are now recognised to bind DNA, RNA, protein and/or lipid substrates [[cite:PUB00035807], [cite:PUB00035805], [cite:PUB00035806], [cite:PUB00035804], [cite:PUB00014077]]. Their binding properties depend on the amino acid sequence of the finger domains and of the linker between fingers, as well as on the higher-order structures and the number of fingers. Znf domains are often found in clusters, where fingers can have different binding specificities. There are many superfamilies of Znf motifs, varying in both sequence and structure. They display considerable versatility in binding modes, even between members of the same class (e.g., some bind DNA, others protein), suggesting that Znf motifs are stable scaffolds that have evolved specialised functions. For example, Znf-containing proteins function in gene transcription, translation, mRNA trafficking, cytoskeleton organisation, epithelial development, cell adhesion, protein folding, chromatin remodelling and zinc sensing, to name but a few [[cite:PUB00035812]]. Zinc-binding motifs are stable structures, and they rarely undergo conformational changes upon binding their target.</p>"
3;IPR013783;"doi:10.1016/j.cell.2021.04.011
imex:IM-14135
imex:IM-29278
pubmed:19738201
pubmed:33961781";Immunoglobulin-like fold;"<p>This superfamily represents domains with an immunoglobulin-like (Ig-like) fold, which consists of a β-sandwich of seven or more strands in two sheets with a Greek-key topology. Ig-like domains are one of the most common protein modules found in animals, occurring in a variety of different proteins. These domains are often involved in interactions, commonly with other Ig-like domains via their β-sheets [[cite:PUB00003330], [cite:PUB00018310], [cite:PUB00015110], [cite:PUB00027656]].  Domains within this fold-family share the same structure, but can diverge with respect to their sequence. Based on sequence, Ig-like domains can be classified as V-set domains (antibody variable domain-like), C1-set domains (antibody constant domain-like), C2-set domains, and I-set domains (antibody intermediate domain-like). Proteins can contain more than one of these types of Ig-like domains. For example, in the human T-cell receptor antigen CD2, domain 1 (D1) is a V-set domain, while domain 2 (D2) is a C2-set domain, both domains having the same Ig-like fold [[cite:PUB00027700]].</p>
<p>Domains with an Ig-like fold can be found in many, diverse proteins in addition to immunoglobulin molecules. For example, Ig-like domains occur in several different types of receptors (such as various T-cell antigen receptors), several cell adhesion molecules, MHC class I and II antigens, as well as the hemolymph protein hemolin, and the muscle proteins titin, telokin and twitchin.</p>"
3;IPR015943;"doi:10.1016/j.cell.2021.04.011
imex:IM-29278
pubmed:12150911
pubmed:16429126
pubmed:33961781";WD40/YVTN repeat-like-containing domain superfamily;<p>This superfamily represents a WD40/YVTN repeat-like domain. Both the WD40 and the YVTN repeated motifs consist of about 40 residues, and although they consist of distinct sequences, they do share a similar structure. Structurally, both the WD40 and the YVTN repeated motifs form seven-bladed propellers (although some members can contain eight blades), which consist of seven 4-stranded β-sheets.</p>
2;IPR036638;"doi:10.1016/j.cell.2021.04.011
imex:IM-29278
pubmed:33961781";Helix-loop-helix DNA-binding domain superfamily;"<p>This domain is found in a number of eukaryotic proteins, which probably are sequence specific DNA-binding proteins that act as transcription factors, share a conserved domain of 40 to 50 amino acid residues. It has been proposed [[cite:PUB00000825]] that this domain is formed of two amphipathic helices joined by a variable length linker region that could form a loop. This 'helix-loop-helix' (HLH) domain mediates protein dimerisation and has been found in the proteins listed below [[cite:PUB00001514]]. Most of these proteins have an extra basic region of about 15 amino acid residues that is adjacent to the HLH domain and specifically binds to DNA. They are referred as basic helix-loop-helix proteins (bHLH), and are classified in two groups: class A (ubiquitous) and class B (tissue-specific). Members of the bHLH family bind variations on the core sequence 'CANNTG', also referred to as
the E-box motif. The homo- or heterodimerisation mediated by the HLH domain is independent of, but necessary for DNA binding, as two basic regions are required for DNA binding activity. The HLH proteins lacking the basic domain (Emc, Id) function as negative regulators, since they form heterodimers, but fail to bind DNA. The hairy-related proteins (hairy, E(spl), deadpan) also repress transcription although they can bind DNA. The proteins of this subfamily act together with co-repressor proteins, like groucho, through their -terminal motif WRPW.</p>"
2;IPR011598;"doi:10.1016/j.cell.2021.04.011
imex:IM-29278
pubmed:33961781";Myc-type, basic helix-loop-helix (bHLH) domain;"<p>This domain is found in a number of eukaryotic proteins, which probably are sequence specific DNA-binding proteins that act as transcription factors, share a conserved domain of 40 to 50 amino acid residues. It has been proposed [[cite:PUB00000825]] that this domain is formed of two amphipathic helices joined by a variable length linker region that could form a loop. This 'helix-loop-helix' (HLH) domain mediates protein dimerisation and has been found in the proteins listed below [[cite:PUB00001514]]. Most of these proteins have an extra basic region of about 15 amino acid residues that is adjacent to the HLH domain and specifically binds to DNA. They are referred as basic helix-loop-helix proteins (bHLH), and are classified in two groups: class A (ubiquitous) and class B (tissue-specific). Members of the bHLH family bind variations on the core sequence 'CANNTG', also referred to as
the E-box motif. The homo- or heterodimerisation mediated by the HLH domain is independent of, but necessary for DNA binding, as two basic regions are required for DNA binding activity. The HLH proteins lacking the basic domain (Emc, Id) function as negative regulators, since they form heterodimers, but fail to bind DNA. The hairy-related proteins (hairy, E(spl), deadpan) also repress transcription although they can bind DNA. The proteins of this subfamily act together with co-repressor proteins, like groucho, through their -terminal motif WRPW.</p>; <p>Proteins containing a HLH domain include:
<ul>
<li>The myc family of cellular oncogenes [[cite:PUB00000846]], which is currently known to contain four members: c-myc, N-myc, L-myc, and B-myc. The myc genes are thought to play a role in cellular differentiation and proliferation.</li>
<li>Proteins involved in myogenesis (the induction of muscle cells). In mammals MyoD1 (Myf-3), myogenin (Myf-4), Myf-5, and Myf-6 (Mrf4 or herculin), in birds CMD1 (QMF-1), in Xenopus MyoD and MF25, in Caenorhabditis elegans CeMyoD, and in Drosophila nautilus (nau).</li>
<li>Vertebrate proteins that bind specific DNA sequences ('E boxes') in various immunoglobulin chains enhancers: E2A or ITF-1 (E12/pan-2 and E47/pan-1), ITF-2 (tcf4), TFE3, and TFEB.</li>
<li>Vertebrate neurogenic differentiation factor 1 that acts as differentiation factor during neurogenesis.</li>
<li>Vertebrate MAX protein, a transcription regulator that forms a sequence- specific DNA-binding protein complex with myc or mad.</li>
<li>Vertebrate Max Interacting Protein 1 (MXI1 protein) which acts as a transcriptional repressor and may antagonize myc transcriptional activity by competing for max.</li>
<li>Proteins of the bHLH/PAS superfamily which are transcriptional activators. In mammals, AH receptor nuclear translocator (ARNT), single-minded homologues (SIM1 and SIM2), hypoxia-inducible factor 1 alpha (HIF1A), AH receptor (AHR), neuronal pas domain proteins (NPAS1 and NPAS2), endothelial pas domain protein 1 (EPAS1), mouse ARNT2, and human BMAL1. In Drosophila, single-minded (SIM), AH receptor nuclear translocator (ARNT), trachealess protein (TRH), and similar protein (SIMA).</li>
<li>Mammalian transcription factors HES, which repress transcription by acting on two types of DNA sequences, the E box and the N box.</li>
<li>Mammalian MAD protein (max dimerizer) which acts as transcriptional repressor and may antagonize myc transcriptional activity by competing for max.</li>
<li>Mammalian Upstream Stimulatory Factor 1 and 2 (USF1 and USF2), which bind to a symmetrical DNA sequence that is found in a variety of viral and cellular promoters.</li>
<li>Human lyl-1 protein; which is involved, by chromosomal translocation, in T- cell leukemia.</li>
<li>Human transcription factor AP-4.</li>
<li>Mouse helix-loop-helix proteins MATH-1 and MATH-2 which activate E box- dependent transcription in collaboration with E47.</li>
<li>Mammalian stem cell protein (SCL) (also known as tal1), a protein which may play an important role in hemopoietic differentiation. SCL is involved, by chromosomal translocation, in stem-cell leukemia.</li>
<li>Mammalian proteins Id1 to Id4 [[cite:PUB00004457]]. Id (inhibitor of DNA binding) proteins lack a basic DNA-binding domain but are able to form heterodimers with other HLH proteins, thereby inhibiting binding to DNA.</li>
<li>Drosophila extra-macrochaetae (emc) protein, which participates in sensory organ patterning by antagonizing the neurogenic activity of the achaete- scute complex. Emc is the homologue of mammalian Id proteins.</li>
<li>Human Sterol Regulatory Element Binding Protein 1 (SREBP-1), a transcriptional activator that binds to the sterol regulatory element 1 (SRE-1) found in the flanking region of the LDLR gene and in other genes.</li>
<li>Drosophila achaete-scute (AS-C) complex proteins T3 (l'sc), T4 (scute), T5 (achaete) and T8 (asense). The AS-C proteins are involved in the determination of the neuronal precursors in the peripheral nervous system and the central nervous system.</li>
<li>Mammalian homologues of achaete-scute proteins, the MASH-1 and MASH-2 proteins.</li>
<li>Drosophila atonal protein (ato) which is involved in neurogenesis.</li>
</ul>"
2;IPR036612;"imex:IM-29638
pubmed:12150911
pubmed:16429126
pubmed:37070168";K Homology domain, type 1 superfamily;"<p>The K homology (KH) domain was first identified in the human heterogeneous nuclear ribonucleoprotein (hnRNP) K. It is a domain of around 70 amino acids that is present in a wide variety of quite diverse nucleic acid-binding proteins [[cite:PUB00005188]]. It has been shown to bind RNA [[cite:PUB00005961], [cite:PUB00005962]]. Like many other RNA-binding motifs, KH motifs are found in one or multiple copies (14 copies in chicken vigilin) and, at least for hnRNP K (three copies) and FMR-1 (two copies), each motif is necessary for<i>in vitro</i>RNA binding activity, suggesting that they may function cooperatively or, in the case of single KH motif proteins (for example, Mer1p), independently [[cite:PUB00005188]].</p>

<p>According to structural [[cite:PUB00005961], [cite:PUB00005962], [cite:PUB00007305]] analysis the KH domain can be separated in two groups. The first group or type-1 contain a β-α-α-β-β-α structure, whereas in the type-2 the two last β-sheet are located in the N-terminal part of the domain (α-β-β-α-α-β). Sequence similarity between these two folds are limited to a short region (VIGXXGXXI) in the RNA binding motif. This motif is located between helices 1 and 2 in type-1 and between helices 2 and 3 in type-2. Proteins known to contain a type-1 KH domain include bacterial polyribonucleotide nucleotidyltransferase ([ec:2.7.7.8]); vertebrate Fragile X messenger ribonucleoprotein 1 (FMR1); eukaryotic heterogeneous nuclear ribonucleoprotein K (hnRNP K), one of at least 20 major proteins that are part of hnRNP particles in mammalian cells; mammalian poly(rC) binding proteins; Artemia salina glycine-rich protein GRP33; yeast PAB1-binding protein 2 (PBP2); vertebrate vigilin; and human high-density lipoprotein binding protein (HDL-binding protein).</p>"
2;IPR001680;"doi:10.1016/j.cell.2021.04.011
imex:IM-29278
pubmed:12150911
pubmed:16429126
pubmed:33961781";WD40 repeat;<p>WD-40 repeats (also known as WD or β-transducin repeats) are short ~40 amino acid motifs, often terminating in a Trp-Asp (W-D) dipeptide. WD40 repeats usually assume a 7-8 bladed β-propeller fold, but proteins have been found with 4 to 16 repeated units, which also form a circularised β-propeller structure. WD-repeat proteins are a large family found in all eukaryotes and are implicated in a variety of functions ranging from signal transduction and transcription regulation to cell cycle control and apoptosis. Repeated WD40 motifs act as a site for protein-protein or protein-DNA  interaction, and proteins containing WD40 repeats are known to serve as platforms for the assembly of protein complexes or mediators of transient interplay among other proteins [[cite:PUB00094364]]. The specificity of the proteins is determined by the sequences outside the repeats themselves. Examples of such complexes are G proteins (beta subunit is a β-propeller), TAFII transcription factor, and E3 ubiquitin ligase [[cite:PUB00015237], [cite:PUB00005491]]. In Arabidopsis spp., several WD40-containing proteins act as key regulators of plant-specific developmental events.</p>
2;IPR036322;"doi:10.1016/j.cell.2021.04.011
imex:IM-29278
pubmed:12150911
pubmed:16429126
pubmed:33961781";WD40-repeat-containing domain superfamily;"<p>This entry identifies a domain superfamily containing adjacent WD repeats. These WD repeats are located on β-sheets (blades) that fold into a higher order  structure called β-propeller.</p>; <p>WD-40 repeats (also known as WD or β-transducin repeats) are short ~40 amino acid motifs, often terminating in a Trp-Asp (W-D) dipeptide. WD40 repeats usually assume a 7-8 bladed β-propeller fold, but proteins have been found with 4 to 16 repeated units, which also form a circularised β-propeller structure. WD-repeat proteins are a large family found in all eukaryotes and are implicated in a variety of functions ranging from signal transduction and transcription regulation to cell cycle control and apoptosis. Repeated WD40 motifs act as a site for protein-protein or protein-DNA  interaction, and proteins containing WD40 repeats are known to serve as platforms for the assembly of protein complexes or mediators of transient interplay among other proteins [[cite:PUB00094364]]. The specificity of the proteins is determined by the sequences outside the repeats themselves. Examples of such complexes are G proteins (beta subunit is a β-propeller), TAFII transcription factor, and E3 ubiquitin ligase [[cite:PUB00015237], [cite:PUB00005491]]. In Arabidopsis spp., several WD40-containing proteins act as key regulators of plant-specific developmental events.</p>"
2;IPR001849;"doi:10.1016/j.cell.2021.04.011
imex:IM-29278
pubmed:16429126
pubmed:33961781";Pleckstrin homology domain;"<p>Pleckstrin homology (PH) domains are small modular domains that occur in a large variety of proteins and they have diverse functions, but in general are involved in targeting proteins to the appropriate cellular location or in the interaction with a binding partner, enabling them to interact with other components of signal transduction pathways. They share little sequence conservation, but all have a common fold, which is electrostatically polarised. The domains can bind phosphatidylinositol within biological membranes and proteins such as the beta/gamma subunits of heterotrimeric G proteins [[cite:PUB00057292]] and protein kinase C [[cite:PUB00057293]]. PH domains are distinguished from other PIP-binding domains by their specific high-affinity binding to phosphoinositide phosphates (PIPs) with two vicinal phosphate groups: PtdIns(3,4)P2, PtdIns(4,5)P2 or PtdIns(3,4,5)P3 which results in targeting some PH domain proteins to the plasma membrane. A few display strong specificity in lipid binding. Any specificity is usually determined by loop regions or insertions in the N-terminal of the domain, which are not conserved across all PH domains [[cite:PUB00014130], [cite:PUB00080401], [cite:PUB00080402]].</p>

<p>PH domains have been found to possess inserted domains (such as in PLC gamma, syntrophins) and to be inserted within other domains. Mutations in Brutons tyrosine kinase (Btk) within its PH domain cause X-linked agammaglobulinaemia (XLA) in patients. Point mutations cluster into the positively charged end of the molecule around the predicted binding site for phosphatidylinositol lipids.</p>

<p>The 3D structure of several PH domains has been determined [[cite:PUB00003918]]. All known cases have a common structure consisting of two perpendicular anti-parallel β-sheets, followed by a C-terminal amphipathic helix. The loops connecting the β-strands differ greatly in length, making the PH domain relatively difficult to detect. There are no totally invariant residues within the PH domain.</p>

<p>Proteins reported to contain one more PH domains belong to the following families:</p>

<ul>
<li>Pleckstrin, the protein where this domain was first detected, is the major substrate of protein kinase C in platelets. Pleckstrin is one of the rare proteins to contains two PH domains.</li>
<li>Ser/Thr protein kinases such as the Akt/Rac family, the beta-adrenergic receptor kinases, the mu isoform of PKC and the trypanosomal NrkA family.</li>
<li>Tyrosine protein kinases belonging to the Btk/Itk/Tec subfamily.</li>
<li>Insulin Receptor Substrate 1 (IRS-1).</li>
<li>Regulators of small G-proteins like guanine nucleotide releasing factor GNRP (Ras-GRF) (which contains 2 PH domains), guanine nucleotide exchange proteins like vav, dbl, SoS and Saccharomyces cerevisiae CDC24, GTPase activating proteins like rasGAP and BEM2/IPL2, and the human break point cluster protein bcr.</li>
<li>Cytoskeletal proteins such as dynamin (see [interpro:IPR001401]), Caenorhabditis elegans kinesin-like protein unc-104 (see [interpro:IPR001752]), spectrin beta-chain, syntrophin (2 PH domains) and S. cerevisiae nuclear migration protein NUM1.</li>
<li>Mammalian phosphatidylinositol-specific phospholipase C (PI-PLC) (see [interpro:IPR000909]) isoforms gamma and delta. Isoform gamma contains two PH domains, the second one is split into two parts separated by about 400 residues.</li>
<li>Oxysterol binding proteins OSBP, S. cerevisiae OSH1 and YHR073w.</li>
<li>Mouse protein citron, a putative rho/rac effector that binds to the GTP-bound forms of rho and rac.</li>
<li>Several S. cerevisiae proteins involved in cell cycle regulation and bud formation like BEM2, BEM3, BUD4 and the BEM1-binding proteins BOI2 (BEB1) and BOI1 (BOB1).</li>
<li>C. elegans protein MIG-10.</li>
<li>C. elegans hypothetical proteins C04D8.1, K06H7.4 and ZK632.12.</li>
<li>S. cerevisiae hypothetical proteins YBR129c and YHR155w.</li>
</ul>"
2;IPR011993;"doi:10.1016/j.cell.2021.04.011
imex:IM-29278
pubmed:16429126
pubmed:33961781";PH-like domain superfamily;"<p>This superfamily represents the PH domain and structurally related domains.</p>

<p>Pleckstrin homology (PH) domains are small modular domains that occur in a large variety of signalling proteins, where they serve as simple targeting domains that bind lipids [[cite:PUB00014130], [cite:PUB00014131], [cite:PUB00057291]].</p>

<p>PH domains have a partly opened β-barrel topology that is capped by an α-helix. The structure of PH domains is similar to the phosphotyrosine-binding domain (PTB) found in IRS-1 (insulin receptor substrate 1) [[cite:PUB00000936]], Shc adaptor and Numb [[cite:PUB00018031]]; to the Ran-binding domain, found in Nup nuclear pore complex and Ranbp1 [[cite:PUB00006171]]; to the Enabled/VASP homology domain 1 (EVH1 domain), found in Enabled, VASP (vasodilator-stimulated phosphoprotein), Homer and WASP actin regulatory protein [[cite:PUB00018222]]; and to the third domain of FERM, found in moesin, radixin, ezrin, merlin and talin [[cite:PUB00029080]].</p>"
2;IPR027417;"imex:IM-29638
pubmed:16429126
pubmed:37070168";P-loop containing nucleoside triphosphate hydrolase;"<p>The P-loop NTPase fold is the most prevalent domain of the several distinct nucleotide-binding protein folds.</p>

<p>The most common reaction catalysed by enzymes of the P-loop NTPase fold is the hydrolysis of the beta-gamma phosphate bond of a bound nucleoside triphosphate (NTP). The energy from NTP hydrolysis is typically utilised to induce conformational changes in other molecules, which constitutes the basis of the biological functions of most P-loop NTPases. P-loop NTPases show substantial substrate preference for either ATP or GTP [[cite:PUB00064266]].</p>"
2;IPR011990;"imex:IM-24272
pubmed:12150911
pubmed:16429126
pubmed:26496610";Tetratricopeptide-like helical domain superfamily;"<p>This superfamily represents a domain with a multi-helical fold comprised of two curved layers of α-helices arranged in a regular right-handed superhelix, where the repeats that make up this structure are arranged about a common axis [[cite:PUB00015442]]. These superhelical structures present an extensive solvent-accessible surface that is well suited to binding large substrates such as proteins and nucleic acids. The TPR is likely to be an ancient repeat, since it is found in eukaryotes, bacteria and archaea, whereas the PPR repeat is found predominantly in higher plants. The superhelix formed from these repeats can bind ligands at a number of different regions and has the ability to acquire multiple functional roles [[cite:PUB00015443]].</p>; <p>The tetratricopeptide repeat region (TPR) is a structural motif present in a wide range of proteins [[cite:PUB00005443], [cite:PUB00001313], [cite:PUB00005695]]. It mediates protein-protein interactions and the assembly of multiprotein complexes [[cite:PUB00014195]]. The TPR motif consists of 3-16 tandem repeats of 34 amino acid residues, although individual TPR motifs can be dispersed in the protein sequence. Sequence alignment of the TPR domains reveals a consensus sequence defined by a pattern of small and large amino acids. TPR motifs have been identified in various different organisms, ranging from bacteria to humans. Proteins containing TPRs are involved in a variety of biological processes, such as cell cycle regulation, transcriptional control, mitochondrial and peroxisomal protein transport, neurogenesis and protein folding.</p>

<p>The X-ray structure of a domain containing three TPRs from protein phosphatase 5 revealed that TPR adopts a helix-turn-helix arrangement, with adjacent TPR motifs packing in a parallel fashion, resulting in a spiral of repeating anti-parallel α-helices [[cite:PUB00014195]]. The two helices are denoted helix A and helix B. The packing angle between helix A and helix B is ~24 degrees within a single TPR and generates a right-handed superhelical shape. Helix A interacts with helix B and with helix A' of the next TPR. Two protein surfaces are generated: the inner concave surface is contributed to mainly by residues on helices A, and the other surface presents residues from both helices A and B.</p>"
2;IPR012340;"imex:IM-29638
pubmed:37070168";Nucleic acid-binding, OB-fold;"<p>A five-stranded β-barrel was first noted as a common structure among four proteins binding single-stranded nucleic acids (staphylococcal nuclease and aspartyl-tRNA synthetase) or oligosaccharides (B subunits of enterotoxin and verotoxin-1), and has been termed the oligonucleotide/oligosaccharide binding motif, or OB fold, a five-stranded β-sheet coiled to form a closed β-barrel capped by an α helix located between the third and fourth strands [[cite:PUB00016307]]. Two ribosomal proteins, S17 and S1, are members of this class and have different variations of the OB fold theme. Comparisons with other OB fold nucleic acid binding proteins suggest somewhat different mechanisms of nucleic acid recognition in each case [[cite:PUB00011768]].</p>

<p>There are many nucleic acid-binding proteins that contain domains with this OB-fold structure, including:</p>

<ul><li>Large ribosomal subunit protein uL2</li>
  <li>Small ribosomal subunit protein uS12</li>
  <li>DNA ligase</li>
  <li>Polyribonucleotide nucleotidyltransferase</li>
  <li>Phage ssDNA-binding proteins (gp32, gp2.5, gpV)</li>
  <li>Holliday junction branch migration complex subunit RuvA</li>
  <li>Elongation factor P</li></ul>"
2;IPR036179;"doi:10.1016/j.cell.2021.04.011
imex:IM-29278
pubmed:33961781";Immunoglobulin-like domain superfamily;"<p>The basic structure of immunoglobulin (Ig) molecules is a tetramer of two light chains and two heavy chains linked by disulphide bonds. There are two types of light chains: kappa and lambda, each composed of a constant domain (CL) and a variable domain (VL). There are five types of heavy chains: alpha, delta, epsilon, gamma and mu, all consisting of a variable domain (VH) and three (in alpha, delta and gamma) or four (in epsilon and mu) constant domains (CH1 to CH4). Ig molecules are highly modular proteins, in which the variable and constant domains have clear, conserved sequence patterns. The domains in Ig and Ig-like molecules are grouped into four types: V-set (variable; [interpro:IPR013106]), C1-set (constant-1; [interpro:IPR003597]), C2-set (constant-2; [interpro:IPR008424]) and I-set (intermediate; [interpro:IPR013098]) [[cite:PUB00014840]]. Structural studies have shown that these domains share a common core Greek-key β-sandwich structure, with the types differing in the number of strands in the β-sheets as well as in their sequence patterns [[cite:PUB00015110], [cite:PUB00010610]].</p>

<p>Immunoglobulin-like domains that are related in both sequence and structure can be found in several diverse protein families. Ig-like domains are involved in a variety of functions, including cell-cell recognition, cell-surface receptors, muscle structure and the immune system [[cite:PUB00027656]].</p>"
1;IPR002715;"imex:IM-16518
mint:MINT-5218050
pubmed:16267556";Nascent polypeptide-associated complex NAC domain;"<p>In eukaryotes, the Nascent polypeptide-Associated Complex (NAC) is a heterodimeric cytosolic protein complex composed of NAC alpha (NACA) and NAC beta (BTF3) [[cite:PUB00061597]].  NAC binds reversibly to the ribosome where it is in contact with nascent chains as they emerge from the ribosome. But the cellular function of NAC seems to be much more diverse as it is also involved in transcription regulation and mitochondrial translocation [[cite:PUB00033736], [cite:PUB00097470]]. Alpha and beta NACs share homology with each other, both contain a NAC A/B domain. In archaea no beta NAC proteins are found; the complex is an homodimer of NAC alpha [[cite:PUB00005860], [cite:PUB00031550]].</p>

<p>The crystal structure of an archeal NAC has been solved [[cite:PUB00031550]].  The NAC A/B domain consists of six strands arranged in a β-barrel structure similar to the OB fold. Various OB folds interact with ribosomal RNA which could suggest a similar role for the NAC A/B domain.</p>"
1;IPR038187;"imex:IM-16518
mint:MINT-5218050
pubmed:16267556";NAC A/B domain superfamily;"<p>In eukaryotes, the Nascent polypeptide-Associated Complex (NAC) is a heterodimeric cytosolic protein complex composed of NAC alpha (NACA) and NAC beta (BTF3) [[cite:PUB00061597]].  NAC binds reversibly to the ribosome where it is in contact with nascent chains as they emerge from the ribosome. But the cellular function of NAC seems to be much more diverse as it is also involved in transcription regulation and mitochondrial translocation [[cite:PUB00033736], [cite:PUB00097470]]. Alpha and beta NACs share homology with each other, both contain a NAC A/B domain. In archaea no beta NAC proteins are found; the complex is an homodimer of NAC alpha [[cite:PUB00005860], [cite:PUB00031550]].</p>

<p>The crystal structure of an archeal NAC has been solved [[cite:PUB00031550]].  The NAC A/B domain consists of six strands arranged in a β-barrel structure similar to the OB fold. Various OB folds interact with ribosomal RNA which could suggest a similar role for the NAC A/B domain.</p>"
1;IPR044034;"imex:IM-16518
mint:MINT-5218050
pubmed:16267556";Nascent polypeptide-associated complex subunit alpha-like, UBA domain;"<p>This entry represents the UBA domain found at the C-terminal of the Nascent polypeptide-Associated Complex (NAC) subunit alpha. This domain is also found in HYPK (Huntingtin-interacting protein K) in which mediates a constitutively protein interaction with Naa15 auxiliary subunit from N-terminal acetyltransferase NatA. NatA associates with the ribosome and nascent polypeptides, suggesting that HYPK also interacts with these polypeptides possibly to facilitate Nt-acetylation fidelity [[cite:PUB00094668]].</p>; <p>In eukaryotes, the Nascent polypeptide-Associated Complex (NAC) is a heterodimeric cytosolic protein complex composed of alpha and beta subunits. NAC binds reversibly to the ribosome where it is in contact with nascent chains as they emerge from the ribosome and protects them against inappropriate interaction with cytosolic factors. However, the cellular function of NAC seems to be much more diverse as it is also involved in transcription regulation and mitochondrial translocation [[cite:PUB00033736]]. Alpha and beta NACs share homology with each other, both contain a NAC A/B domain, responsible for the complex dimerisation. In archaea no beta NAC proteins are found; the complex is an homodimer of NAC alpha [[cite:PUB00005860], [cite:PUB00031550]]. These proteins have an additional ubiquitin-associated (UBA) domain which suggests the involvement of NAC in the cellular protein quality control system via the ubiquitination pathway [[cite:PUB00031550]].</p>"
1;IPR016641;"imex:IM-16518
mint:MINT-5218050
pubmed:16267556";Nascent polypeptide-associated complex subunit alpha-like;"<p>In Saccharomyces cerevisiae, nascent polypeptide-associated complex subunit alpha (also known as EGD2) is a component of the nascent polypeptide-associated complex (NAC), a dynamic component of the ribosomal exit tunnel, protecting the emerging polypeptides from interaction with other cytoplasmic proteins to ensure appropriate nascent protein targeting [[cite:PUB00063125], [cite:PUB00006566], [cite:PUB00063126]].</p>

<p>In human and mouse, nascent polypeptide-associated complex subunit alpha (known as NACA) prevents inappropriate targeting of non-secretory polypeptides to the endoplasmic reticulum (ER). It binds to nascent polypeptide chains as they emerge from the ribosome and blocks their interaction with the signal recognition particle (SRP), which normally targets nascent secretory peptides to the ER  [[cite:PUB00063127], [cite:PUB00063128]].</p>"
1;IPR026201;"imex:IM-24512
pubmed:26638075";Centrosomal protein of 290kDa;<p>Centrosomal protein of 290kDa (Cep290) is part of the tectonic-like complex which is required for tissue-specific ciliogenesis and may regulate ciliary membrane composition. It activates ATF4-mediated transcription. It is required for the correct localisation of ciliary and phototransduction proteins in retinal photoreceptor cells and may play a role in ciliary transport processes [[cite:PUB00060199], [cite:PUB00060200], [cite:PUB00060201]].</p>
1;IPR032321;"imex:IM-24512
pubmed:26638075";Centrosomal protein of 290kDa, coiled-coil region;<p>Cep290 and similar centrosomal proteins carry a number of coiled-coil regions, and this is the fifth along the length of the protein. It is thought that the proteins are involved in cilia biosynthesis [[cite:PUB00076262]].</p>
1;IPR050457;"imex:IM-24995
pubmed:27107014";Zinc finger and BTB domain-containing;<p>The Zinc finger and BTB domain-containing protein family is involved in transcriptional regulation, with members acting as transcriptional repressors or activators. They bind to specific DNA sequences, regulate chromatin organization, and recruit transcription factors to gene regulatory regions. Some family members are implicated in lineage commitment of T-cell precursors, tumor suppression, metabolic regulation, and response to oxidative stress. They interact with various proteins, including HDACs, NuRD complex, and androgen receptor, influencing cell proliferation, differentiation, and immune responses. The family also plays roles in myogenesis, adipogenesis, chondrogenesis, and DNA repair.</p>
1;IPR000210;"imex:IM-24995
pubmed:27107014";BTB/POZ domain;"<p>The BTB domain (Broad-Complex, Tramtrack and Bric a brac) is also known as the POZ domain (POxvirus and Zinc finger). It is a homodimerisation domain occurring at the N terminus of proteins containing multiple copies of either zinc fingers of the C2H2 type or Kelch repeats [[cite:PUB00004829], [cite:PUB00001918]]. Many BTB proteins are transcriptional regulators that are thought to act through the control of chromatin structure.</p>

<p>The structure of the BTB domain of the promyelocytic leukaemia zinc finger (PLZF) protein has been determined by X-ray crystallography and reveals a tightly intertwined dimer with an extensive hydrophobic interface [[cite:PUB00004917]]. A surface-exposed groove lined with conserved amino acids is formed at the dimer interface, suggesting a peptide-binding site.</p>"
1;IPR011333;"imex:IM-24995
pubmed:27107014";SKP1/BTB/POZ domain superfamily;"<p>The BTB (for BR-C, ttk and bab) [[cite:PUB00004829]] or POZ (for Pox virus and Zinc finger) [[cite:PUB00001918], [cite:PUB00035688]] domain is a versatile protein-protein interaction motif involved in many cellular functions, including transcriptional regulation, cytoskeleton dynamics, ion channel assembly and gating, and targeting proteins for ubiquitination [[cite:PUB00033636]]. The BTB domain can occur alongside other domains: BTB-zinc finger (BTB-ZF), BTB-BACK-Kelch (BBK), voltage-gated potassium channel T1 (T1-Kv) [[cite:PUB00035689]], MATH-BTB, BTB-NPH3 and BTB-BACK-PHR (BBP). Other proteins, such as Skp1 and ElonginC, consist almost exclusively of the core BTB fold. In all of these protein families, the BTB core fold is structurally conserved, consisting of a 2-layer α/β topology where a cluster of α-helices is flanked by short β-sheets [[cite:PUB00004917]]. POZ domains from several zinc finger proteins have been shown to mediate transcriptional repression and to interact with components of histone deacetylase co-repressor complexes including N-CoR and SMRT [[cite:PUB00000971], [cite:PUB00004499], [cite:PUB00003026]]. The POZ or BTB domain is also known as BR-C/Ttk or ZiN.</p>

<p>This entry includes the BTB/POZ domain, as well as  Skp1 N-terminal region which has an α/β structure similar to that of the BTB/POZ domain fold [[cite:PUB00035689], [cite:PUB00010628]].</p>"
1;IPR036116;"imex:IM-14135
pubmed:19738201";Fibronectin type III superfamily;"<p>Fibronectin is a dimeric glycoprotein composed of disulfide-linked subunits
with a molecular weight of 220-250kDa each. It is involved in cell adhesion,
cell morphology, thrombosis, cell migration, and embryonic differentiation. Fibronectin is a modular protein composed of homologous repeats of three
prototypical types of domains known as types I, II, and III [[cite:PUB00072954]].</p>

<p>Fibronectin type-III (FN3) repeats are both the largest and the most common of the fibronectin subdomains. Domains homologous to FN3 repeats have been found
in various animal protein families including other extracellular-matrix
molecules, cell-surface receptors, enzymes, and muscle proteins [[cite:PUB00018327]]. Structures of individual FN3 domains have revealed a conserved β-sandwich fold with one β-sheet containing four strands and the other sheet containing three strands (see for example [pdbe:1TEN]) [[cite:PUB00018328]]. This fold is topologically very similar to that of Ig-like domains, with a notable difference being the lack of a conserved disulfide bond in FN3 domains. Distinctive hydrophobic core packing and the lack of detectable
sequence homology between immunoglobulin and FN3 domains suggest, however,
that these domains are not evolutionarily related [[cite:PUB00018328]].</p>

<p>FN3 exhibits functional as well as structural modularity. Sites of interaction with other molecules have been mapped to short stretch of amino acids such as the Arg-Gly-Asp (RGD) sequence found in various FN3 domains. The RGD sequences is involved in interactions with integrin. Small peptides containing the RGD sequence can modulate a variety of cell adhesion invents associated with thrombosis, inflammation, and tumour metastasis. These properties have led to the investigation of RGD peptides and RGD peptide analogues as potential therapeutic agents [[cite:PUB00018329]].</p>"
1;IPR000562;"imex:IM-14135
pubmed:19738201";Fibronectin type II domain;"<p>Fibronectin is a multi-domain glycoprotein, found in a soluble form in plasma, and in an insoluble form in loose connective tissue and basement membranes, that binds cell surfaces and various compounds including collagen, fibrin, heparin, DNA, and actin. Fibronectins are involved in a number of important functions e.g., wound healing; cell adhesion; blood coagulation; cell differentiation and migration; maintenance of the cellular cytoskeleton; and tumour metastasis [[cite:PUB00004633]].</p>

<p>The major part of the sequence of fibronectin consists of the repetition of three types of domains, which are called type I, II, and III (also called FN1, FN2 and FN3 respectively)[[cite:PUB00001346]]. In fibronectin the type II domain is duplicated. Type II domain is approximately forty residues long, contains four conserved cysteines involved in disulphide bonds and is part of the collagen-binding region of fibronectin. Type II domains have also been found in a range of proteins including blood coagulation factor XII; bovine seminal plasma proteins PDC-109 (BSP-A1/A2) and BSP-A3 [[cite:PUB00000461]]; cation-independent mannose-6-phosphate receptor [[cite:PUB00000084]]; mannose receptor of macrophages [[cite:PUB00002562]]; 180 Kd secretory phospholipase A2 receptor [[cite:PUB00002849]]. DEC-205 receptor [[cite:PUB00004209]]; 72 Kd and 92 Kd type IV collagenase ([ec:3.4.24.24]) [[cite:PUB00002483]]; and hepatocyte growth factor activator [[cite:PUB00002776]].</p>"
1;IPR003961;"imex:IM-14135
pubmed:19738201";Fibronectin type III;"<p>Fibronectin is a dimeric glycoprotein composed of disulfide-linked subunits
with a molecular weight of 220-250kDa each. It is involved in cell adhesion,
cell morphology, thrombosis, cell migration, and embryonic differentiation. Fibronectin is a modular protein composed of homologous repeats of three
prototypical types of domains known as types I, II, and III [[cite:PUB00072954]].</p>

<p>Fibronectin type-III (FN3) repeats are both the largest and the most common of the fibronectin subdomains. Domains homologous to FN3 repeats have been found
in various animal protein families including other extracellular-matrix
molecules, cell-surface receptors, enzymes, and muscle proteins [[cite:PUB00018327]]. Structures of individual FN3 domains have revealed a conserved β-sandwich fold with one β-sheet containing four strands and the other sheet containing three strands (see for example [pdbe:1TEN]) [[cite:PUB00018328]]. This fold is topologically very similar to that of Ig-like domains, with a notable difference being the lack of a conserved disulfide bond in FN3 domains. Distinctive hydrophobic core packing and the lack of detectable
sequence homology between immunoglobulin and FN3 domains suggest, however,
that these domains are not evolutionarily related [[cite:PUB00018328]].</p>

<p>FN3 exhibits functional as well as structural modularity. Sites of interaction with other molecules have been mapped to short stretch of amino acids such as the Arg-Gly-Asp (RGD) sequence found in various FN3 domains. The RGD sequences is involved in interactions with integrin. Small peptides containing the RGD sequence can modulate a variety of cell adhesion invents associated with thrombosis, inflammation, and tumour metastasis. These properties have led to the investigation of RGD peptides and RGD peptide analogues as potential therapeutic agents [[cite:PUB00018329]].</p>"
1;IPR013806;"imex:IM-14135
pubmed:19738201";Kringle-like fold;"<p>This entry represents proteins displaying a Kringle-like structure, which consists of a nearly all-beta, disulphide-rich fold. Proteins displaying this fold include both Kringle modules as well as fibronectin type II modules, the latter displaying a shorter two-disulphide version of the Kringle module.</p>
<p>Kringle modules occur in blood clotting and fibrinolytic proteins, such as plasminogen, prothrombin, meizothrombin, and urokinase-type plasminogen activator, as well as in apolipoprotein and hepatocyte growth factor. Kringle domains are believed to play a role in binding mediators (e.g., membranes, other proteins or phospholipids), and in the regulation of proteolytic activity [[cite:PUB00001541], [cite:PUB00003257]].</p>
<p>Fibronectin type II modules occur in fibronectin, as well as in gelatinase A (MMP-2), gelatinase B (MMP-9), and the collagen-binding domain of PDC-109. Fibronectin is a multi-domain glycoprotein, found in a soluble form in plasma, and in an insoluble form in loose connective tissue and basement membranes, that binds cell surfaces and various compounds including collagen, fibrin, heparin, DNA, and actin [[cite:PUB00001346]]. Fibronectins are involved in a number of important functions e.g., wound healing; cell adhesion; blood coagulation; cell differentiation and migration; maintenance of the cellular cytoskeleton; and tumour metastasis. Gelatinases A and B are members of the matrix metalloproteinase family that act as neutral proteinases in the breakdown and remodelling of the extracellular matrix. These gelatinases play important roles in the pathogenesis of inflammation, infection and in neoplastic diseases [[cite:PUB00028079]]. In gelatinase A, the three fibronectin-like modules are inserted within a catalytic domain, these modules acting to target the enzyme to matrix macromolecules [[cite:PUB00028080]].</p>"
1;IPR050991;"imex:IM-14135
pubmed:19738201";Extracellular Matrix Regulatory Proteins;<p>This family of proteins is involved in the composition and function of the extracellular matrix (ECM). They play a crucial role in cell-matrix interactions, influencing cellular behaviors such as adhesion, motility, differentiation, and neurite outgrowth. These proteins interact with various cells and matrix components, modulating processes like synaptic plasticity, neuronal regeneration, and angiogenesis. They are implicated in the regulation of integrin-mediated cell adhesion, affecting phosphorylation and cell detachment. Additionally, they participate in the development and maintenance of the nervous system, including the clustering and regulation of sodium channels at nodes of Ranvier. Some family members are associated with tumor growth and metastasis, acting as ligands for multiple integrins and influencing cell migration and angiogenesis.</p>
1;IPR000083;"imex:IM-14135
pubmed:19738201";Fibronectin, type I;"<p>Fibronectin type I repeats are one of the three repeats found in the fibronectin protein. Fibronectin is a plasma protein that binds cell surfaces and various compounds including collagen, fibrin, heparin, DNA, and actin. Type I domain (FN1) is approximately 40 residues in length. Four conserved cysteines are involved in disulphide bonds. The 3D structure of the FN1 domain has been determined [[cite:PUB00004065], [cite:PUB00003289], [cite:PUB00005265]]. It consists of two antiparallel β-sheets, first a double-stranded one, that is linked by a disulphide bond to a triple-stranded β-sheet. The second conserved disulphide bridge links the C-terminal adjacent strands of the domain.</p>

<p>In human tissue plasminogen activator chain A the FN1 domain together with the following epidermal growth factor (EGF)-like domain are involved in fibrin-binding [[cite:PUB00002685]]. It has been suggested that these two modules form a single structural and functional unit [[cite:PUB00005265]]. The two domains keep their specific tertiary structure, but interact intimately to bury a hydrophobic core; the inter-module linker makes up the third strand of the EGF-module's major β-sheet.</p>"
1;IPR036943;"imex:IM-14135
pubmed:19738201";Fibronectin type II domain superfamily;"<p>Fibronectin is a multi-domain glycoprotein, found in a soluble form in plasma, and in an insoluble form in loose connective tissue and basement membranes, that binds cell surfaces and various compounds including collagen, fibrin, heparin, DNA, and actin. Fibronectins are involved in a number of important functions e.g., wound healing; cell adhesion; blood coagulation; cell differentiation and migration; maintenance of the cellular cytoskeleton; and tumour metastasis [[cite:PUB00004633]].</p>

<p>The major part of the sequence of fibronectin consists of the repetition of three types of domains, which are called type I, II, and III (also called FN1, FN2 and FN3 respectively)[[cite:PUB00001346]]. In fibronectin the type II domain is duplicated. Type II domain is approximately forty residues long, contains four conserved cysteines involved in disulphide bonds and is part of the collagen-binding region of fibronectin. Type II domains have also been found in a range of proteins including blood coagulation factor XII; bovine seminal plasma proteins PDC-109 (BSP-A1/A2) and BSP-A3 [[cite:PUB00000461]]; cation-independent mannose-6-phosphate receptor [[cite:PUB00000084]]; mannose receptor of macrophages [[cite:PUB00002562]]; 180 Kd secretory phospholipase A2 receptor [[cite:PUB00002849]]. DEC-205 receptor [[cite:PUB00004209]]; 72 Kd and 92 Kd type IV collagenase ([ec:3.4.24.24]) [[cite:PUB00002483]]; and hepatocyte growth factor activator [[cite:PUB00002776]].</p>"
1;IPR001628;"imex:IM-26954
pubmed:31527615";Zinc finger, nuclear hormone receptor-type;"<p>This entry represents the two C4-type zinc finger modules involved in DNA-binding.</p>; <p>Steroid or nuclear hormone receptors constitute an important superfamily of transcription regulators that are involved in widely diverse physiological functions, including control of embryonic development, cell differentiation and homeostasis. The receptors function as dimeric molecules in nuclei to regulate the transcription of target genes in a ligand-responsive manner. Nuclear hormone receptors consist of a highly conserved DNA-binding domain that recognises specific sequences, connected via a linker region to a C-terminal ligand-binding domain ([interpro:IPR000536]). In addition, certain nuclear hormone receptors have an N-terminal modulatory domain ([interpro:IPR001292]). The DNA-binding domain can elicit either an activating or repressing effect by binding to specific regions of the DNA known as hormone-response elements [[cite:PUB00016723], [cite:PUB00016724]]. These response elements position the receptors, and the complexes recruited by them, close to the genes of which transcription is affected. The DNA-binding domains of nuclear receptors consist of two zinc-nucleated modules and a C-terminal extension, where residues in the first zinc module determine the specificity of the DNA recognition and residues in the second zinc module are involved in dimerisation. The DNA-binding domain is furthermore involved in several other functions including nuclear localisation, and interaction with transcription factors and co-activators [[cite:PUB00016724]].</p>; <p>Zinc finger (Znf) domains are relatively small protein motifs which contain multiple finger-like protrusions that make tandem contacts with their target molecule. Some of these domains bind zinc, but many do not; instead, they bind other metals, such as iron, or no metal at all. For example, some family members form salt bridges to stabilise the finger-like folds. They were first identified as a DNA-binding motif in transcription factor TFIIIA from Xenopus laevis (African clawed frog); however, they are now recognised to bind DNA, RNA, protein and/or lipid substrates [[cite:PUB00035807], [cite:PUB00035805], [cite:PUB00035806], [cite:PUB00035804], [cite:PUB00014077]]. Their binding properties depend on the amino acid sequence of the finger domains and of the linker between fingers, as well as on the higher-order structures and the number of fingers. Znf domains are often found in clusters, where fingers can have different binding specificities. There are many superfamilies of Znf motifs, varying in both sequence and structure. They display considerable versatility in binding modes, even between members of the same class (e.g., some bind DNA, others protein), suggesting that Znf motifs are stable scaffolds that have evolved specialised functions. For example, Znf-containing proteins function in gene transcription, translation, mRNA trafficking, cytoskeleton organisation, epithelial development, cell adhesion, protein folding, chromatin remodelling and zinc sensing, to name but a few [[cite:PUB00035812]]. Zinc-binding motifs are stable structures, and they rarely undergo conformational changes upon binding their target.</p>"
1;IPR001723;"imex:IM-26954
pubmed:31527615";Nuclear hormone receptor;"<p>Steroid or nuclear hormone receptors (NRs) constitute an important superfamily of transcription regulators that are involved in widely diverse physiological functions, including control of embryonic development, cell differentiation and homeostasis. Members of the superfamily include the steroid hormone receptors and receptors for thyroid hormone, retinoids, 1,25-dihydroxy-vitamin D3 and a variety of other ligands [[cite:PUB00015853]]. The proteins function as dimeric molecules in nuclei to regulate the transcription of target genes in a ligand-responsive manner [[cite:PUB00004464], [cite:PUB00006168]]. In addition to C-terminal ligand-binding domains, these nuclear receptors contain a highly-conserved, N-terminal zinc-finger that mediates specific binding to target DNA sequences, termed ligand-responsive elements. In the absence of ligand, steroid hormone receptors are thought to be weakly associated with nuclear components; hormone binding greatly increases receptor affinity.</p>

<p>NRs are extremely important in medical research, a large number of them being implicated in diseases such as cancer, diabetes, hormone resistance syndromes, etc. While several NRs act as ligand-inducible transcription factors, many do not yet have a defined ligand and are accordingly termed 'orphan' receptors. During the last decade, more than 300 NRs have been described, many of which are orphans, which cannot easily be named due to current nomenclature confusions in the literature. However, a new system has recently been introduced in an attempt to rationalise the increasingly complex set of names used to describe superfamily members.</p>"
1;IPR024736;"imex:IM-26954
pubmed:31527615";Oestrogen-type nuclear receptor final C-terminal domain;"<p>This is the very C-terminal region of a subfamily of nuclear receptors that includes oestrogen receptors and other subfamily 3 group A members. The actual function of this region is not known, but the domain is absent from all the other types of nuclear receptors. Oestrogen receptors modulate AP-1-dependent transcription [[cite:PUB00056224]] through two distinct mechanisms: via protein-protein interactions on DNA; and via non-genomic actions. The mechanism used depends on the cellular localisation of the receptor. In addition to the more extensively studied cross-talk on DNA, additional non-genomic actions might be very important in target tissues in which membrane-associated ERs are found. These non-genomic actions probably contribute to the overall physiological responses mediated by ligand-bound ERs [[cite:PUB00056225]] and might possibly be mediated via this C-terminal domain.</p>"
1;IPR001292;"imex:IM-26954
pubmed:31527615";Estrogen receptor;"<p>Steroid or nuclear hormone receptors (NRs) constitute an important superfamily of transcription regulators that are involved in widely diverse physiological functions, including control of embryonic development, cell differentiation and homeostasis. Members of the superfamily include the steroid hormone receptors and receptors for thyroid hormone, retinoids, 1,25-dihydroxy-vitamin D3 and a variety of other ligands [[cite:PUB00015853]]. The proteins function as dimeric molecules in nuclei to regulate the transcription of target genes in a ligand-responsive manner [[cite:PUB00004464], [cite:PUB00006168]]. In addition to C-terminal ligand-binding domains, these nuclear receptors contain a highly-conserved, N-terminal zinc-finger that mediates specific binding to target DNA sequences, termed ligand-responsive elements. In the absence of ligand, steroid hormone receptors are thought to be weakly associated with nuclear components; hormone binding greatly increases receptor affinity.</p>

<p>NRs are extremely important in medical research, a large number of them being implicated in diseases such as cancer, diabetes, hormone resistance syndromes, etc. While several NRs act as ligand-inducible transcription factors, many do not yet have a defined ligand and are accordingly termed 'orphan' receptors. During the last decade, more than 300 NRs have been described, many of which are orphans, which cannot easily be named due to current nomenclature confusions in the literature. However, a new system has recently been introduced in an attempt to rationalise the increasingly complex set of names used to describe superfamily members.</p>; <p>The oestrogen receptors (ERs) are steroid or nuclear hormone receptors that act as transcription regulators involved in diverse physiological functions. Oestrogen receptors function as dimeric molecules in nuclei to regulate the transcription of target genes in a ligand-responsive manner. The ER consists of three functional and structural domains: an N-terminal modulatory domain, a highly conserved DNA-binding domain that recognises specific sequences ([interpro:IPR001628]), and a C-terminal ligand-binding domain ([interpro:IPR000536]).</p>; <p>The N-terminal modulatory domain spans the first 180 residues and contains the activation function 1 (AF1) region. Nuclear receptors differ considerably with respect to AF1 activity and regulation, as it is a poorly conserved region [[cite:PUB00016727]]. There is another activation function region, namely AF2, which resides in the C-terminal end of the ligand-binding domain. Transcription activation is facilitated by both AF1 and AF2, which appear to act synergistically in the ER complex [[cite:PUB00016725], [cite:PUB00016726]]. For example, the ER can recruit TIF2 (transcription intermediary factor 2) via the AF1 and AF2 regions, whose synergistic action results in the activation of transcription.</p>"
1;IPR046944;"imex:IM-26954
pubmed:31527615";Estrogen receptor, N-terminal;"<p>The oestrogen receptors (ERs) are steroid or nuclear hormone receptors that act as transcription regulators involved in diverse physiological functions. Oestrogen receptors function as dimeric molecules in nuclei to regulate the transcription of target genes in a ligand-responsive manner. The ER consists of three functional and structural domains: an N-terminal modulatory domain, a highly conserved DNA-binding domain that recognises specific sequences ([interpro:IPR001628]), and a C-terminal ligand-binding domain ([interpro:IPR000536]).</p>; <p>This entry represents the N-terminal modulatory domain of the estrogen receptor, which spans the first 180 residues and contains the activation function 1 (AF1) region. Nuclear receptors differ considerably with respect to AF1 activity and regulation, as it is a poorly conserved region [[cite:PUB00016727]]. There is another activation function region, namely AF2, which resides in the C-terminal end of the ligand-binding domain. Transcription activation is facilitated by both AF1 and AF2, which appear to act synergistically in the ER complex [[cite:PUB00016725], [cite:PUB00016726]]. For example, the ER can recruit TIF2 (transcription intermediary factor 2) via the AF1 and AF2 regions, whose synergistic action results in the activation of transcription.</p>"
1;IPR024178;"imex:IM-26954
pubmed:31527615";Estrogen receptor/oestrogen-related receptor;"<p>Steroid or nuclear hormone receptors (NRs) constitute an important superfamily of transcription regulators that are involved in widely diverse physiological functions, including control of embryonic development, cell differentiation and homeostasis. Members of the superfamily include the steroid hormone receptors and receptors for thyroid hormone, retinoids, 1,25-dihydroxy-vitamin D3 and a variety of other ligands [[cite:PUB00015853]]. The proteins function as dimeric molecules in nuclei to regulate the transcription of target genes in a ligand-responsive manner [[cite:PUB00004464], [cite:PUB00006168]]. In addition to C-terminal ligand-binding domains, these nuclear receptors contain a highly-conserved, N-terminal zinc-finger that mediates specific binding to target DNA sequences, termed ligand-responsive elements. In the absence of ligand, steroid hormone receptors are thought to be weakly associated with nuclear components; hormone binding greatly increases receptor affinity.</p>

<p>NRs are extremely important in medical research, a large number of them being implicated in diseases such as cancer, diabetes, hormone resistance syndromes, etc. While several NRs act as ligand-inducible transcription factors, many do not yet have a defined ligand and are accordingly termed 'orphan' receptors. During the last decade, more than 300 NRs have been described, many of which are orphans, which cannot easily be named due to current nomenclature confusions in the literature. However, a new system has recently been introduced in an attempt to rationalise the increasingly complex set of names used to describe superfamily members.</p>; <p>The oestrogen receptors (ERs) are steroid or nuclear hormone receptors that act as transcription regulators involved in diverse physiological functions. Oestrogen receptors function as dimeric molecules in nuclei to regulate the transcription of target genes in a ligand-responsive manner. The ER consists of three functional and structural domains: an N-terminal modulatory domain, a highly conserved DNA-binding domain that recognises specific sequences ([interpro:IPR001628]), and a C-terminal ligand-binding domain ([interpro:IPR000536]).</p>; <p>This entry represents oestrogen receptors and oestrogen-related receptors, which are members of the subfamily 3 of nuclear receptors [[cite:PUB00054107]]. Oestrogen-related receptors (ERR-alpha, ERR-beta, and ERR-gamma) are orphan nuclear receptors whose physiological ligands have not yet been identified. Although ERRs are closely related to oestrogen receptors (ERs) they do not respond to oestrogens [[cite:PUB00055623]].</p>"
1;IPR035500;"imex:IM-26954
pubmed:31527615";Nuclear hormone receptor-like domain superfamily;"<p>Steroid or nuclear hormone receptors constitute an important superfamily of transcription regulators that are involved in widely diverse physiological functions, including control of embryonic development, cell differentiation and homeostasis. The receptors function as dimeric molecules in nuclei to regulate the transcription of target genes in a ligand-responsive manner. Nuclear hormone receptors consist of a highly conserved DNA-binding domain that recognises specific sequences ([interpro:IPR001628]), connected via a linker region to a C-terminal ligand-binding domain. In addition, certain nuclear hormone receptors have an N-terminal modulatory domain ([interpro:IPR046944]). The ligand-binding domain acts in response to ligand binding, which caused a conformational change in the receptor to induce a response, thereby acting as a molecular switch to turn on transcriptional activity [[cite:PUB00016720]]. For example, after binding of the glucocorticoid receptor to the corticosteroid ligand, the receptor is induced to perform functions ranging from nuclear translocation, oligomerization, cofactor/kinase/transcription factor association, and DNA binding [[cite:PUB00016721]]. The ligand-binding domain is a flexible unit, where the binding of a ligand stabilises its conformation, which in turn favours coactivator binding to modify receptor activity [[cite:PUB00016722]]; the coactivator can bind to the activator function 2 (AF2) site at the C-terminal end of the ligand-binding domain [[cite:PUB00016725]]. The binding of different ligands can alter the conformation of the ligand-binding domain, which ultimately affects the DNA-binding specificity of the DNA-binding domain. In the absence of ligand, steroid hormone receptors are thought to be weakly associated with nuclear components.</p>

<p>This entry represents the all helical domain involved in ligand-binding.</p>"
1;IPR000536;"imex:IM-26954
pubmed:31527615";Nuclear hormone receptor, ligand-binding domain;"<p>Nuclear receptors (NRs), such as the receptors for steroids and thyroid hormones, retinoids and vitamin D3, are one of the most abundant classes of transcriptional regulators in animals (metazoans). They regulate diverse functions, such as homeostasis, reproduction, development and metabolism. The most prominent feature differentiating them from other transcription factors is their capacity to bind small hydrophobic molecules specifically. These ligands constitute regulatory signals, which modify the NR transcriptional activity through conformational changes. Prototypical NRs share a common structural organisation with a variable N-terminal domain that contains a constitutively active activation function (AF)-1, a conserved DNA- binding domain (DBD) consisting of two zinc fingers, a linker region, and a C-terminal ligand-binding domain (LBD), also called HOLI domain [[cite:PUB00088675], [cite:PUB00088676], [cite:PUB00088677]].</p>

<p>The NR LBD plays a crucial role in ligand-mediated NR activity. In addition to its role is ligand recognition, the LBD also contains
a ligand-dependent AF-2. Conformational changes in AF-2 induced by various ligands can modulate interactions with conserved motifs of coregulatory
proteins. Specifically, the binding of ligands to the LBD determines the recruiting of transcriptional coregulators which triggers induction or repression of target genes. The coregulators include coactivators like the p160 factors also referred to as the steroid receptor coactivators (SRC) family, and corepressors such as SMART (silencing mediator for retinoid and thyroid hormone receptors) and N-CoR (nuclear corepressor) [[cite:PUB00088678], [cite:PUB00088679], [cite:PUB00088680], [cite:PUB00088681]].</p>

<p>The overall structure of NR LBD is composed of about 11-13 α-helices that are arranged into a three-layer antiparallel α-helical sandwich with the three long helices (helices 3, 7, and 10) forming the two outer layers. The middle layer of helices (helices 4, 5, 8 and 9) is present only in the top half of the domain but is missing from the bottom half, thereby creating a cavity, so called ligand-binding pocket, for ligand binding in most receptors. The bound ligands stabilize the NR conformation through direct contacts with multiple structural elements including helices H3, H5, H6, H7, H10, and the loop proceeding the AF-2 helix. The C-terminal activation region also forms an α-helix (AF-2), which can adopt multiple conformation
depending on the nature of the bound ligand. Helices 3,4 and 12 enclose a shallow hydrophobic groove which is the site for coregulator binding. Despite the conserved fold of NR LBDs, the ligand-binding pocket is the least conserved region among different NR LBDs [[cite:PUB00088679], [cite:PUB00088680], [cite:PUB00088681]].</p>"
1;IPR050200;"imex:IM-26954
pubmed:31527615";Nuclear hormone receptor family NR3 subfamily;<p>The nuclear hormone receptor family NR3 subfamily proteins are ligand-activated transcription factors that regulate gene expression affecting cellular proliferation and differentiation in target tissues. They bind to specific DNA sequences and modulate the transcription of target genes involved in a wide range of physiological processes including metabolism, development, and homeostasis. Members of this family respond to steroid hormones such as estrogens, glucocorticoids, mineralocorticoids, androgens, and progesterone, and can function as transcriptional activators or repressors. They are composed of a modulating N-terminal domain, a DNA-binding domain, and a C-terminal ligand-binding domain. Some members are known to interact with coactivator and corepressor proteins, influencing their transcriptional activity. They are also involved in various signaling pathways and may play roles in apoptosis, chromatin remodeling, and maintaining insulin sensitivity.</p>
1;IPR013088;"imex:IM-26954
pubmed:31527615";Zinc finger, NHR/GATA-type;"<p>This entry represents a zinc finger motif found in nuclear hormone receptors and in erythroid transcription factor GATA-1. Nuclear hormone receptors usually have two copies of this motif, while GATA-1 has one copy. The zinc fingers in nuclear receptors are generally regarded as DNA-binding domains [[cite:PUB00021440]], while those in GATA-1 have been implicated in protein-recognition (of FOG proteins) [[cite:PUB00021697], [cite:PUB00032561]].</p>; <p>Zinc finger (Znf) domains are relatively small protein motifs which contain multiple finger-like protrusions that make tandem contacts with their target molecule. Some of these domains bind zinc, but many do not; instead, they bind other metals, such as iron, or no metal at all. For example, some family members form salt bridges to stabilise the finger-like folds. They were first identified as a DNA-binding motif in transcription factor TFIIIA from Xenopus laevis (African clawed frog); however, they are now recognised to bind DNA, RNA, protein and/or lipid substrates [[cite:PUB00035807], [cite:PUB00035805], [cite:PUB00035806], [cite:PUB00035804], [cite:PUB00014077]]. Their binding properties depend on the amino acid sequence of the finger domains and of the linker between fingers, as well as on the higher-order structures and the number of fingers. Znf domains are often found in clusters, where fingers can have different binding specificities. There are many superfamilies of Znf motifs, varying in both sequence and structure. They display considerable versatility in binding modes, even between members of the same class (e.g., some bind DNA, others protein), suggesting that Znf motifs are stable scaffolds that have evolved specialised functions. For example, Znf-containing proteins function in gene transcription, translation, mRNA trafficking, cytoskeleton organisation, epithelial development, cell adhesion, protein folding, chromatin remodelling and zinc sensing, to name but a few [[cite:PUB00035812]]. Zinc-binding motifs are stable structures, and they rarely undergo conformational changes upon binding their target.</p>"
1;IPR008066;"doi:10.1038/nature22366
imex:IM-25778
pubmed:28514442";Cytochrome P450, E-class, group I, CYP1;"<p>Cytochrome P450 enzymes are a superfamily of haem-containing mono-oxygenases that are found in all kingdoms of life, and which show extraordinary diversity in their reaction chemistry. In mammals, these proteins are found primarily in microsomes of hepatocytes and other cell types, where they oxidise steroids, fatty acids and xenobiotics, and are important for the detoxification and clearance of various compounds, as well as for hormone synthesis and breakdown, cholesterol synthesis and vitamin D metabolism. In plants, these proteins are important for the biosynthesis of several compounds such as hormones, defensive compounds and fatty acids. In bacteria, they are important for several metabolic processes, such as the biosynthesis of antibiotic erythromycin in Saccharopolyspora erythraea (Streptomyces erythraeus).</p>
<p>Cytochrome P450 enzymes use haem to oxidise their substrates, using protons derived from NADH or NADPH to split the oxygen so a single atom can be added to a substrate.  They also require electrons, which they receive from a variety of redox partners. In certain cases, cytochrome P450 can be fused to its redox partner to produce a bi-functional protein, such as with P450BM-3 from Bacillus megaterium [[cite:PUB00033966]], which has haem and flavin domains.</p>
<p>Organisms produce many different cytochrome P450 enzymes (at least 58 in humans), which together with alternative splicing can provide a wide array of enzymes with different substrate and tissue specificities. Individual cytochrome P450 proteins follow the nomenclature: CYP, followed by a number (family), then a letter (subfamily), and another number (protein); e.g. CYP3A4 is the fourth protein in family 3, subfamily A. In general, family members should share >40% identity, while subfamily members should share >55% identity.</p>
<p>Cytochrome P450 proteins can also be grouped by two different schemes. One scheme was based on a taxonomic split: class I (prokaryotic/mitochondrial) and class II (eukaryotic microsomes). The other scheme was based on the number of components in the system: class B (3-components) and class E (2-components). These classes merge to a certain degree. Most prokaryotes and mitochondria (and fungal CYP55) have 3-component systems (class I/class B) -a FAD-containing flavoprotein (NAD(P)H-dependent reductase), an iron-sulphur protein and P450. Most eukaryotic microsomes have 2-component systems (class II/class E) -NADPH:P450 reductase (FAD and FMN-containing flavoprotein) and P450.  There are exceptions to this scheme, such as 1-component systems that resemble class E enzymes [[cite:PUB00033965], [cite:PUB00033967], [cite:PUB00033969]].  The class E enzymes can be further subdivided into five sequence clusters, groups I-V, each of which may contain more than one cytochrome P450 family (eg, CYP1 and CYP2 are both found in group I). The divergence of the cytochrome P450 superfamily into B-and E-classes, and further divergence into stable clusters within the E-class, appears to be very ancient, occurring before the appearance of eukaryotes.</p>; <p>This entry represents the CYP1 family from group I, class E, cytochrome P450 proteins. CYP1 enzymes mainly metabolise exogenous substrates and are found in mammalia (1A, 1B), bony fishes (1A), sharks, skates, rays (1A) and birds (1A). CYP1A contains five proteins, namely, CYP1A1, 1A2, 1A3, 1A4 and 1A5. CYP1 family members are closely associated with the metabolic activation of pro-carcinogens and mutagens [[cite:PUB00033983]]. For example, CYP1B1 may play an important role in susceptibility to mammary and ovarian cancer through its involvement in oestrogen metabolism [[cite:PUB00033973]], as well as with various cancers associated with the activation of polycyclic aromatic hydrocarbons in cigarette smoke [[cite:PUB00033974]].</p>"
1;IPR017972;"doi:10.1038/nature22366
imex:IM-25778
pubmed:28514442";Cytochrome P450, conserved site;"<p>This entry represents a conserved site based around a highly conserved cysteine residue involved in binding haem iron in the fifth coordination site, which is found in the C-terminal regions of P450 proteins.</p>; <p>Cytochrome P450 enzymes are a superfamily of haem-containing mono-oxygenases that are found in all kingdoms of life, and which show extraordinary diversity in their reaction chemistry. In mammals, these proteins are found primarily in microsomes of hepatocytes and other cell types, where they oxidise steroids, fatty acids and xenobiotics, and are important for the detoxification and clearance of various compounds, as well as for hormone synthesis and breakdown, cholesterol synthesis and vitamin D metabolism. In plants, these proteins are important for the biosynthesis of several compounds such as hormones, defensive compounds and fatty acids. In bacteria, they are important for several metabolic processes, such as the biosynthesis of antibiotic erythromycin in Saccharopolyspora erythraea (Streptomyces erythraeus).</p>
<p>Cytochrome P450 enzymes use haem to oxidise their substrates, using protons derived from NADH or NADPH to split the oxygen so a single atom can be added to a substrate.  They also require electrons, which they receive from a variety of redox partners. In certain cases, cytochrome P450 can be fused to its redox partner to produce a bi-functional protein, such as with P450BM-3 from Bacillus megaterium [[cite:PUB00033966]], which has haem and flavin domains.</p>
<p>Organisms produce many different cytochrome P450 enzymes (at least 58 in humans), which together with alternative splicing can provide a wide array of enzymes with different substrate and tissue specificities. Individual cytochrome P450 proteins follow the nomenclature: CYP, followed by a number (family), then a letter (subfamily), and another number (protein); e.g. CYP3A4 is the fourth protein in family 3, subfamily A. In general, family members should share >40% identity, while subfamily members should share >55% identity.</p>
<p>Cytochrome P450 proteins can also be grouped by two different schemes. One scheme was based on a taxonomic split: class I (prokaryotic/mitochondrial) and class II (eukaryotic microsomes). The other scheme was based on the number of components in the system: class B (3-components) and class E (2-components). These classes merge to a certain degree. Most prokaryotes and mitochondria (and fungal CYP55) have 3-component systems (class I/class B) -a FAD-containing flavoprotein (NAD(P)H-dependent reductase), an iron-sulphur protein and P450. Most eukaryotic microsomes have 2-component systems (class II/class E) -NADPH:P450 reductase (FAD and FMN-containing flavoprotein) and P450.  There are exceptions to this scheme, such as 1-component systems that resemble class E enzymes [[cite:PUB00033965], [cite:PUB00033967], [cite:PUB00033969]].  The class E enzymes can be further subdivided into five sequence clusters, groups I-V, each of which may contain more than one cytochrome P450 family (eg, CYP1 and CYP2 are both found in group I). The divergence of the cytochrome P450 superfamily into B-and E-classes, and further divergence into stable clusters within the E-class, appears to be very ancient, occurring before the appearance of eukaryotes.</p>"
1;IPR036396;"doi:10.1038/nature22366
imex:IM-25778
pubmed:28514442";Cytochrome P450 superfamily;"<p>The cytochrome P450 (CYP) superfamily is a diverse group of heme-thiolate proteins found in all domains of life, including Archaea. Despite their low sequence similarity, members of this superfamily share an overall common fold and topology. The conserved P450 structural core is formed by a four-helical bundle composed of three parallel α-helices and one antiparallel α-helix. The prosthetic heme group is confined between two distal and proximal  α-helices and bound to the adjacent Cys-heme-ligand loop containing the P450 signature amino acid sequence FxxGx(H/R)xCxG.</p>; <p>Cytochrome P450 has a multihelical structure.</p>; <p>Cytochrome P450 enzymes are a superfamily of haem-containing mono-oxygenases that are found in all kingdoms of life, and which show extraordinary diversity in their reaction chemistry. In mammals, these proteins are found primarily in microsomes of hepatocytes and other cell types, where they oxidise steroids, fatty acids and xenobiotics, and are important for the detoxification and clearance of various compounds, as well as for hormone synthesis and breakdown, cholesterol synthesis and vitamin D metabolism. In plants, these proteins are important for the biosynthesis of several compounds such as hormones, defensive compounds and fatty acids. In bacteria, they are important for several metabolic processes, such as the biosynthesis of antibiotic erythromycin in Saccharopolyspora erythraea (Streptomyces erythraeus).</p>
<p>Cytochrome P450 enzymes use haem to oxidise their substrates, using protons derived from NADH or NADPH to split the oxygen so a single atom can be added to a substrate.  They also require electrons, which they receive from a variety of redox partners. In certain cases, cytochrome P450 can be fused to its redox partner to produce a bi-functional protein, such as with P450BM-3 from Bacillus megaterium [[cite:PUB00033966]], which has haem and flavin domains.</p>
<p>Organisms produce many different cytochrome P450 enzymes (at least 58 in humans), which together with alternative splicing can provide a wide array of enzymes with different substrate and tissue specificities. Individual cytochrome P450 proteins follow the nomenclature: CYP, followed by a number (family), then a letter (subfamily), and another number (protein); e.g. CYP3A4 is the fourth protein in family 3, subfamily A. In general, family members should share >40% identity, while subfamily members should share >55% identity.</p>
<p>Cytochrome P450 proteins can also be grouped by two different schemes. One scheme was based on a taxonomic split: class I (prokaryotic/mitochondrial) and class II (eukaryotic microsomes). The other scheme was based on the number of components in the system: class B (3-components) and class E (2-components). These classes merge to a certain degree. Most prokaryotes and mitochondria (and fungal CYP55) have 3-component systems (class I/class B) -a FAD-containing flavoprotein (NAD(P)H-dependent reductase), an iron-sulphur protein and P450. Most eukaryotic microsomes have 2-component systems (class II/class E) -NADPH:P450 reductase (FAD and FMN-containing flavoprotein) and P450.  There are exceptions to this scheme, such as 1-component systems that resemble class E enzymes [[cite:PUB00033965], [cite:PUB00033967], [cite:PUB00033969]].  The class E enzymes can be further subdivided into five sequence clusters, groups I-V, each of which may contain more than one cytochrome P450 family (eg, CYP1 and CYP2 are both found in group I). The divergence of the cytochrome P450 superfamily into B-and E-classes, and further divergence into stable clusters within the E-class, appears to be very ancient, occurring before the appearance of eukaryotes.</p>"
1;IPR001128;"doi:10.1038/nature22366
imex:IM-25778
pubmed:28514442";Cytochrome P450;"<p>This entry represents Cytochrome P450 and closely related proteins. This family also includes germacrene A hydroxylase (GAO1; [ec:1.14.14.95]) from plants such as lettuce (Lactuca sativa). GAO1 is required for the biosynthesis of germacrene-derived sesquiterpene lactones, which are characteristic natural products in members of the Asteraceae [[cite:PUB00090178]].</p>; <p>Cytochrome P450 enzymes are a superfamily of haem-containing mono-oxygenases that are found in all kingdoms of life, and which show extraordinary diversity in their reaction chemistry. In mammals, these proteins are found primarily in microsomes of hepatocytes and other cell types, where they oxidise steroids, fatty acids and xenobiotics, and are important for the detoxification and clearance of various compounds, as well as for hormone synthesis and breakdown, cholesterol synthesis and vitamin D metabolism. In plants, these proteins are important for the biosynthesis of several compounds such as hormones, defensive compounds and fatty acids. In bacteria, they are important for several metabolic processes, such as the biosynthesis of antibiotic erythromycin in Saccharopolyspora erythraea (Streptomyces erythraeus).</p>
<p>Cytochrome P450 enzymes use haem to oxidise their substrates, using protons derived from NADH or NADPH to split the oxygen so a single atom can be added to a substrate.  They also require electrons, which they receive from a variety of redox partners. In certain cases, cytochrome P450 can be fused to its redox partner to produce a bi-functional protein, such as with P450BM-3 from Bacillus megaterium [[cite:PUB00033966]], which has haem and flavin domains.</p>
<p>Organisms produce many different cytochrome P450 enzymes (at least 58 in humans), which together with alternative splicing can provide a wide array of enzymes with different substrate and tissue specificities. Individual cytochrome P450 proteins follow the nomenclature: CYP, followed by a number (family), then a letter (subfamily), and another number (protein); e.g. CYP3A4 is the fourth protein in family 3, subfamily A. In general, family members should share >40% identity, while subfamily members should share >55% identity.</p>
<p>Cytochrome P450 proteins can also be grouped by two different schemes. One scheme was based on a taxonomic split: class I (prokaryotic/mitochondrial) and class II (eukaryotic microsomes). The other scheme was based on the number of components in the system: class B (3-components) and class E (2-components). These classes merge to a certain degree. Most prokaryotes and mitochondria (and fungal CYP55) have 3-component systems (class I/class B) -a FAD-containing flavoprotein (NAD(P)H-dependent reductase), an iron-sulphur protein and P450. Most eukaryotic microsomes have 2-component systems (class II/class E) -NADPH:P450 reductase (FAD and FMN-containing flavoprotein) and P450.  There are exceptions to this scheme, such as 1-component systems that resemble class E enzymes [[cite:PUB00033965], [cite:PUB00033967], [cite:PUB00033969]].  The class E enzymes can be further subdivided into five sequence clusters, groups I-V, each of which may contain more than one cytochrome P450 family (eg, CYP1 and CYP2 are both found in group I). The divergence of the cytochrome P450 superfamily into B-and E-classes, and further divergence into stable clusters within the E-class, appears to be very ancient, occurring before the appearance of eukaryotes.</p>"
1;IPR002401;"doi:10.1038/nature22366
imex:IM-25778
pubmed:28514442";Cytochrome P450, E-class, group I;"<p>This entry represents class E cytochrome P450 proteins that fall into sequence cluster group I. Group I is richest in members, consisting of cytochrome P450 families CYP1, CYP2, CYP17, CYP21 and CYP71. The members of the first four families are of vertebrate origin, while those from CYP71 are derived from plants. CYP1 and CYP2 enzymes mainly metabolise exogenous substrates, whereas CYP17 and CYP21 are involved in metabolism of endogenous physiologically-active compounds.</p>
<p>In the fungus Gibberella, P450 (FUS8) is a component in the biosynthetic pathway for the mycotoxin fusarin C.  FUS8 oxidizes carbon C-20 of the intermediate 20-hydroxy-fusarin to form the penultimate intermediate carboxy-fusarin C [[cite:PUB00082317]].</p>
<p>This entry also includes cytochromes P450 (Noroxomaritidine synthases and p-coumarate 3-hydroxylase) that catalyse an intramolecular para-para' C-C phenol coupling of 4'-O-methylnorbelladine in alkaloids biosynthesis, during the biosynthesis of phenylpropanoids and Amaryllidaceae alkaloids including haemanthamine- and crinamine-type alkaloids, promising anticancer agents [[cite:PUB00094546], [cite:PUB00094547]].</p>; <p>Cytochrome P450 enzymes are a superfamily of haem-containing mono-oxygenases that are found in all kingdoms of life, and which show extraordinary diversity in their reaction chemistry. In mammals, these proteins are found primarily in microsomes of hepatocytes and other cell types, where they oxidise steroids, fatty acids and xenobiotics, and are important for the detoxification and clearance of various compounds, as well as for hormone synthesis and breakdown, cholesterol synthesis and vitamin D metabolism. In plants, these proteins are important for the biosynthesis of several compounds such as hormones, defensive compounds and fatty acids. In bacteria, they are important for several metabolic processes, such as the biosynthesis of antibiotic erythromycin in Saccharopolyspora erythraea (Streptomyces erythraeus).</p>
<p>Cytochrome P450 enzymes use haem to oxidise their substrates, using protons derived from NADH or NADPH to split the oxygen so a single atom can be added to a substrate.  They also require electrons, which they receive from a variety of redox partners. In certain cases, cytochrome P450 can be fused to its redox partner to produce a bi-functional protein, such as with P450BM-3 from Bacillus megaterium [[cite:PUB00033966]], which has haem and flavin domains.</p>
<p>Organisms produce many different cytochrome P450 enzymes (at least 58 in humans), which together with alternative splicing can provide a wide array of enzymes with different substrate and tissue specificities. Individual cytochrome P450 proteins follow the nomenclature: CYP, followed by a number (family), then a letter (subfamily), and another number (protein); e.g. CYP3A4 is the fourth protein in family 3, subfamily A. In general, family members should share >40% identity, while subfamily members should share >55% identity.</p>
<p>Cytochrome P450 proteins can also be grouped by two different schemes. One scheme was based on a taxonomic split: class I (prokaryotic/mitochondrial) and class II (eukaryotic microsomes). The other scheme was based on the number of components in the system: class B (3-components) and class E (2-components). These classes merge to a certain degree. Most prokaryotes and mitochondria (and fungal CYP55) have 3-component systems (class I/class B) -a FAD-containing flavoprotein (NAD(P)H-dependent reductase), an iron-sulphur protein and P450. Most eukaryotic microsomes have 2-component systems (class II/class E) -NADPH:P450 reductase (FAD and FMN-containing flavoprotein) and P450.  There are exceptions to this scheme, such as 1-component systems that resemble class E enzymes [[cite:PUB00033965], [cite:PUB00033967], [cite:PUB00033969]].  The class E enzymes can be further subdivided into five sequence clusters, groups I-V, each of which may contain more than one cytochrome P450 family (eg, CYP1 and CYP2 are both found in group I). The divergence of the cytochrome P450 superfamily into B-and E-classes, and further divergence into stable clusters within the E-class, appears to be very ancient, occurring before the appearance of eukaryotes.</p>"
1;IPR024057;"imex:IM-24272
pubmed:26496610";Nucleoplasmin core domain;"<p>This entry represents the core structural domain for the nucleoplasmin (Np) family of histone chaperone proteins. This core domain is formed by an 8-stranded β barrel [[cite:PUB00032376]].</p>

<p>The three branches of the Np family, including nucleophosmin (NO38/B23), nucleoplasmin (Np), and nucleoplasmin-like proteins (NLP), bind core histones and assemble nucleosomes<i>in vitro</i>assays. Even though they have different histone preferences, it has been suggested that Np family members may share a general mechanism for binding histones [[cite:PUB00032376]].</p>"
1;IPR004301;"imex:IM-24272
pubmed:26496610";Nucleoplasmin family;"<p>The nucleoplasmin family includes nucleophosmin, nucleoplasmin and nucleoplasmin-like proteins. Nucleophosmin (also known as  NPM1/B23) is a multifunctional protein that is involved in a number of cellular activities, such as ribosome maturatation and export, centrosome duplication, and response to stress stimuli [[cite:PUB00076527]]. Nucleoplasmin (NPM2) is a histone chaperone for histones H2A-H2B and is highly expressed in the oocyte and through the early stages of embryogenesis [[cite:PUB00076530]].</p>


<p>Mutations of the NPM1 gene has been linked to acute myeloid leukemia [[cite:PUB00066091]].</p>"
1;IPR036824;"imex:IM-24272
pubmed:26496610";Nucleoplasmin core domain superfamily;"<p>This entry represents the core structural domain superfamily for the nucleoplasmin (Np) family of histone chaperone proteins. This core domain is formed by an 8-stranded β barrel [[cite:PUB00032376]].</p>

<p>The three branches of the Np family, including nucleophosmin (NO38/B23), nucleoplasmin (Np), and nucleoplasmin-like proteins (NLP), bind core histones and assemble nucleosomes<i>in vitro</i>assays. Even though they have different histone preferences, it has been suggested that Np family members may share a general mechanism for binding histones [[cite:PUB00032376]].</p>"
1;IPR032569;"imex:IM-24272
pubmed:26496610";Nucleophosmin, C-terminal;<p>This domain, approximately 50 residues in length, is mainly found in C-terminal region of nucleophosmin from animals [[cite:PUB00076527]]. Nucleophosmin (also known as  NPM1/B23) is a multifunctional protein that is involved in a number of cellular activities, such as ribosome maturatation and export, centrosome duplication, and response to stress stimuli [[cite:PUB00076527]]. Although it shuttles rapidly between the nucleus and the cytoplasm, a large fraction of NPM1/B23 resides in the nucleoli [[cite:PUB00076528]]. Mutations of the NPM1 gene has been linked to acute myeloid leukemia [[cite:PUB00066091]].</p>
1;IPR029048;pubmed:19536198;Heat shock protein 70kD, C-terminal domain superfamily;"<p>Members of the 70-kilodalton heat-shock protein (HSP70) family promote protein folding both constitutively and in response to stress. These proteins have two functional units: a substrate-binding unit, and an adenosine triphosphatase unit. The substrate-binding unit of DnaK consists of a β-sandwich domain followed by α-helical segments. The α-helical domain stabilises the complex, but does not contact the peptide directly [[cite:PUB00028362]].</p>; <p>This superfamily represents the C-terminal α-helical subdomain of the substrate-binding unit from DnaK and other HSP70 proteins.</p>"
1;IPR043129;pubmed:19536198;ATPase, nucleotide binding domain;<p>This superfamily comprises domains found in several ATPases, including actin, Hsp70, BadF/BadG/BcrA/BcrD, various kinases, DnaK, ROK, PilM, and Fumble. Members of this superfamily have two lobes, one with nucleotide binding activity, and a second one with substrate binding activity. The lobes can be structurally divided into 4 subdomains - 1A, 1B, 2A, 2B (or 1, 2, 3, 4). The ATP binding site in these ATPases is well conserved, and is located at the junction of the two lobes, in a deep cleft. This superfamily entry represents the nucleotide binding domain (NBD) or the first lobe (subdomains 1A and 1B), which exhibits ATPase activity.</p>
1;IPR018181;pubmed:19536198;Heat shock protein 70, conserved site;"<p>Heat shock proteins, Hsp70 chaperones help to fold many proteins. Hsp70 assisted folding involves repeated cycles of substrate binding and release. Hsp70 activity is ATP dependent. Hsp70 proteins are made up of two regions: the amino terminus is the ATPase domain and the carboxyl terminus is the substrate binding region [[cite:PUB00000958]].</p>

<p>Hsp70 proteins have an average molecular weight of 70kDa [[cite:PUB00000712], [cite:PUB00000809], [cite:PUB00004019]]. In most species,there are many proteins that belong to the hsp70 family. Some of these are only expressed under stress conditions (strictly inducible), while some are present in cells under normal growth conditions and are not heat-inducible (constitutive or cognate) [[cite:PUB00004070], [cite:PUB00001766]]. Hsp70 proteins can be found in different cellular compartments(nuclear, cytosolic, mitochondrial, endoplasmic reticulum, for example).</p>

<p>This entry represents three conserved sites of the heat shock 70 protein family.</p>"
1;IPR029047;pubmed:19536198;Heat shock protein 70kD, peptide-binding domain superfamily;"<p>This superfamily represents peptide-binding β-sandwich domain from DnaK and other
HSP70 proteins.</p>; <p>Members of the 70-kilodalton heat-shock protein (HSP70) family promote protein folding both constitutively and in response to stress. These proteins have two functional units: a substrate-binding unit, and an adenosine triphosphatase unit. The substrate-binding unit of DnaK consists of a β-sandwich domain followed by α-helical segments. The α-helical domain stabilises the complex, but does not contact the peptide directly [[cite:PUB00028362]].</p>"
1;IPR013126;pubmed:19536198;Heat shock protein 70 family;"<p>Heat shock proteins, Hsp70 chaperones help to fold many proteins. Hsp70 assisted folding involves repeated cycles of substrate binding and release. Hsp70 activity is ATP dependent. Hsp70 proteins are made up of two regions: the amino terminus is the ATPase domain and the carboxyl terminus is the substrate binding region [[cite:PUB00000958]].</p>

<p>Hsp70 proteins have an average molecular weight of 70kDa [[cite:PUB00000712], [cite:PUB00000809], [cite:PUB00004019]]. In most species, there are many proteins that belong to the Hsp70 family. Some of these are only expressed under stress conditions (strictly inducible), while some are present in cells under normal growth conditions and are not heat-inducible (constitutive or cognate) [[cite:PUB00004070], [cite:PUB00001766]]. Hsp70 proteins can be found in different cellular compartments (nuclear, cytosolic, mitochondrial, endoplasmic reticulum, for example).</p>

<p>This entry represents the Hsp70 family, and includes chaperone protein DnaK and luminal-binding proteins. It also includes heat shock protein 110 (Hsp110) from Caenorhabditis elegans which helps prevent the aggregation of denatured proteins in neurons [[cite:PUB00082583]]. Also included is endoplasmic reticulum (ER) chaperone BiP (HSPA5) which is important for protein folding and quality control in the ER [[cite:PUB00090977]].</p>; <p>The Heat Shock Protein 70 (HSP70) family is a group of highly conserved molecular chaperones involved in a variety of cellular processes. Members of this family play crucial roles in the folding of newly synthesized proteins, preventing the aggregation of denatured proteins under stress, assisting in protein translocation into organelles, and participating in the degradation of damaged proteins. They are also implicated in the assembly of multimeric protein complexes within the endoplasmic reticulum. Some HSP70 proteins act as nucleotide-exchange factors, promoting the release of ADP from other chaperones to trigger substrate release. They are essential for cellular protection against stress conditions such as heat shock and hypoxia, where they may help in cytoprotection and protein folding.</p>"
1;IPR002390;"imex:IM-16517
mint:MINT-5217955
pubmed:16169070";Annexin A3;"<p>The annexins (or lipocortins) are a family of proteins that bind to phospholipids in a calcium-dependent manner [[cite:PUB00001395]]. The 12 annexins common to vertebrates are classified in the annexin A family and named as annexins A1-A13 (or ANXA1-ANXA13), leaving A12 unassigned in the official nomenclature. Annexins outside vertebrates are classified into families B (in invertebrates), C (in fungi and some groups of unicellular eukaryotes), D (in plants), and E (in protists) [[cite:PUB00015121]]. Annexins are absent from yeasts and prokaryotes [[cite:PUB00015121]].</p>

<p>Most eukaryotic species have 1-20 annexin (ANX) genes. All annexins share a core domain made up of four similar repeats, each approximately 70 amino acids long [[cite:PUB00001395]]. Each individual annexin repeat (sometimes referred to as endonexin folds) is folded into five α-helices, and in turn are wound into a right-handed super-helix; they usually contain a characteristic 'type 2' motif for binding calcium ions with the sequence 'GxGT-[38 residues]-D/E'. Animal and fungal annexins also have variable amino-terminal domains. The core domains of most vertebrate annexins have been analysed by X-ray crystallography, revealing conservation of their secondary and tertiary structures despite only 45-55% amino-acid identity among individual members. The four repeats pack into a structure that resembles a flattened disc, with a slightly convex surface on which the Ca2+ -binding loops are located and a concave surface at which the amino and carboxyl termini come into close apposition.</p>

<p>Annexins are traditionally thought of as calcium-dependent phospholipid-binding proteins, but recent work suggests a more complex set of functions. The family has been linked with inhibition of phospholipase activity, exocytosis and endocytosis, signal transduction, organisation of the extracellular matrix, resistance to reactive oxygen species and DNA replication [[cite:PUB00013921]].</p>; <p>This entry represents Type III annexins that inhibit phospholipase A2 activity, and also play a role in inositol phosphate metabolism, cleaving the cyclic bond of inositol-1,2-cyclic phosphate to yield inositol-1-phosphate.</p>"
1;IPR037104;"imex:IM-16517
mint:MINT-5217955
pubmed:16169070";Annexin superfamily;"<p>The annexins (or lipocortins) are a family of proteins that bind to phospholipids in a calcium-dependent manner [[cite:PUB00001395]]. The 12 annexins common to vertebrates are classified in the annexin A family and named as annexins A1-A13 (or ANXA1-ANXA13), leaving A12 unassigned in the official nomenclature. Annexins outside vertebrates are classified into families B (in invertebrates), C (in fungi and some groups of unicellular eukaryotes), D (in plants), and E (in protists) [[cite:PUB00015121]]. Annexins are absent from yeasts and prokaryotes [[cite:PUB00015121]].</p>

<p>Most eukaryotic species have 1-20 annexin (ANX) genes. All annexins share a core domain made up of four similar repeats, each approximately 70 amino acids long [[cite:PUB00001395]]. Each individual annexin repeat (sometimes referred to as endonexin folds) is folded into five α-helices, and in turn are wound into a right-handed super-helix; they usually contain a characteristic 'type 2' motif for binding calcium ions with the sequence 'GxGT-[38 residues]-D/E'. Animal and fungal annexins also have variable amino-terminal domains. The core domains of most vertebrate annexins have been analysed by X-ray crystallography, revealing conservation of their secondary and tertiary structures despite only 45-55% amino-acid identity among individual members. The four repeats pack into a structure that resembles a flattened disc, with a slightly convex surface on which the Ca2+ -binding loops are located and a concave surface at which the amino and carboxyl termini come into close apposition.</p>

<p>Annexins are traditionally thought of as calcium-dependent phospholipid-binding proteins, but recent work suggests a more complex set of functions. The family has been linked with inhibition of phospholipase activity, exocytosis and endocytosis, signal transduction, organisation of the extracellular matrix, resistance to reactive oxygen species and DNA replication [[cite:PUB00013921]].</p>"
1;IPR018502;"imex:IM-16517
mint:MINT-5217955
pubmed:16169070";Annexin repeat;"<p>The annexins (or lipocortins) are a family of proteins that bind to phospholipids in a calcium-dependent manner [[cite:PUB00001395]]. The 12 annexins common to vertebrates are classified in the annexin A family and named as annexins A1-A13 (or ANXA1-ANXA13), leaving A12 unassigned in the official nomenclature. Annexins outside vertebrates are classified into families B (in invertebrates), C (in fungi and some groups of unicellular eukaryotes), D (in plants), and E (in protists) [[cite:PUB00015121]]. Annexins are absent from yeasts and prokaryotes [[cite:PUB00015121]].</p>

<p>Most eukaryotic species have 1-20 annexin (ANX) genes. All annexins share a core domain made up of four similar repeats, each approximately 70 amino acids long [[cite:PUB00001395]]. Each individual annexin repeat (sometimes referred to as endonexin folds) is folded into five α-helices, and in turn are wound into a right-handed super-helix; they usually contain a characteristic 'type 2' motif for binding calcium ions with the sequence 'GxGT-[38 residues]-D/E'. Animal and fungal annexins also have variable amino-terminal domains. The core domains of most vertebrate annexins have been analysed by X-ray crystallography, revealing conservation of their secondary and tertiary structures despite only 45-55% amino-acid identity among individual members. The four repeats pack into a structure that resembles a flattened disc, with a slightly convex surface on which the Ca2+ -binding loops are located and a concave surface at which the amino and carboxyl termini come into close apposition.</p>

<p>Annexins are traditionally thought of as calcium-dependent phospholipid-binding proteins, but recent work suggests a more complex set of functions. The family has been linked with inhibition of phospholipase activity, exocytosis and endocytosis, signal transduction, organisation of the extracellular matrix, resistance to reactive oxygen species and DNA replication [[cite:PUB00013921]].</p>"
1;IPR001464;"imex:IM-16517
mint:MINT-5217955
pubmed:16169070";Annexin;"<p>The annexins (or lipocortins) are a family of proteins that bind to phospholipids in a calcium-dependent manner [[cite:PUB00001395]]. The 12 annexins common to vertebrates are classified in the annexin A family and named as annexins A1-A13 (or ANXA1-ANXA13), leaving A12 unassigned in the official nomenclature. Annexins outside vertebrates are classified into families B (in invertebrates), C (in fungi and some groups of unicellular eukaryotes), D (in plants), and E (in protists) [[cite:PUB00015121]]. Annexins are absent from yeasts and prokaryotes [[cite:PUB00015121]].</p>

<p>Most eukaryotic species have 1-20 annexin (ANX) genes. All annexins share a core domain made up of four similar repeats, each approximately 70 amino acids long [[cite:PUB00001395]]. Each individual annexin repeat (sometimes referred to as endonexin folds) is folded into five α-helices, and in turn are wound into a right-handed super-helix; they usually contain a characteristic 'type 2' motif for binding calcium ions with the sequence 'GxGT-[38 residues]-D/E'. Animal and fungal annexins also have variable amino-terminal domains. The core domains of most vertebrate annexins have been analysed by X-ray crystallography, revealing conservation of their secondary and tertiary structures despite only 45-55% amino-acid identity among individual members. The four repeats pack into a structure that resembles a flattened disc, with a slightly convex surface on which the Ca2+ -binding loops are located and a concave surface at which the amino and carboxyl termini come into close apposition.</p>

<p>Annexins are traditionally thought of as calcium-dependent phospholipid-binding proteins, but recent work suggests a more complex set of functions. The family has been linked with inhibition of phospholipase activity, exocytosis and endocytosis, signal transduction, organisation of the extracellular matrix, resistance to reactive oxygen species and DNA replication [[cite:PUB00013921]].</p>"
1;IPR018252;"imex:IM-16517
mint:MINT-5217955
pubmed:16169070";Annexin repeat, conserved site;"<p>Annexins [[cite:PUB00000662], [cite:PUB00001395], [cite:PUB00000969], [cite:PUB00005347], [cite:PUB00000296], [cite:PUB00005527], [cite:PUB00093767], [cite:PUB00093770]] are a group of calcium-binding proteins that associate reversibly with membranes. They bind to phospholipid bilayers in the presence of micromolar free calcium concentration. The binding is specific for calcium and for acidic phospholipids. Annexins have been claimed to be involved in cytoskeletal interactions, phospholipase inhibition, intracellular signaling, anticoagulation, and membrane fusion. Annexins are widely distributed among eukaryotes but largely absent in prokaryotes and yeast. They are classified according to the evolutionary divisions of the eukaryotes into five families: A (ANXA, vertebrates, including humans), B (ANXB, invertebrates), C (ANXC, fungi), D (ANXD, true plants), E (ANXE, protists).</p>

<p>Each of these proteins consist of a unique N-terminal domain followed by four or eight copies (in annexin A6) of a conserved segment of approximately 70 residues. The tertiary structure of annexins is evolutionary conserved; a single molecule resembles a slightly curved disk with the calcium and phospholipid-binding sites located on the more convex surface and the more concave surface facing the cytoplasm. Each single annexin repeat (sometimes known as an 'endonexin fold') is comprised of five α-helices(A-E). Four of them (A, B, D and E) are arranged parallel and form a tightly packed helix-loop-helix bundle. In contrast, helix C is almost perpendicular and covers the remaining four on the surface. Each of the
repeats has the potential to have a type II Ca(2)-binding bipartite motif, located on two different α-helices (GxGT-(38-40 residues)-D/E), but
typically some of them are non-functional. The core of the helix bundle is composed largely of hydrophobic residues, while hydrophilic residues are
exposed on the surface of the protein and between the repeats. The N-terminal domain of variable length, amino acid composition, and determinants of hydrophobicity plays an important role in mediating the interaction of annexins with other intracellular protein partners, such as those of the S100
family cytoplasmic proteins [[cite:PUB00093767], [cite:PUB00093770], [cite:PUB00001198]].</p>

<p>This region spans positions 9 to 61 of the repeat and includes the only perfectly conserved residue (an arginine in position 22).</p>"
1;IPR001969;"imex:IM-16517
mint:MINT-5217955
pubmed:16169070";Aspartic peptidase, active site;"<p>This entry represents the active site residues which are conserved in eukaryotic and viral aspartyl proteases.</p>; <p>Aspartic peptidase, also known as aspartyl proteases ([ec:3.4.23.-]) are a widely distributed family of proteolytic enzymes [[cite:PUB00001330], [cite:PUB00000093], [cite:PUB00000349]] known to exist in vertebrates, fungi, plants, retroviruses and some plant viruses. Aspartate proteases of eukaryotes are monomeric enzymes which consist of two domains. Each domain contains an active site centred on a catalytic aspartyl residue. The two domains most probably evolved from the duplication of an ancestral gene encoding a primordial domain. Currently known eukaryotic aspartyl proteases are:</p>
<ul>
<li>Vertebrate gastric pepsins A and C (also known as gastricsin).
    Vertebrate chymosin (rennin), involved in digestion and used for making cheese.</li>
<li>Vertebrate lysosomal cathepsins D (EC 3.4.23.5) and E (EC 3.4.23.34).</li>
<li>Mammalian renin (EC 3.4.23.15) whose function is to generate angiotensin I from angiotensinogen in the plasma.</li>
<li>Fungal proteases such as aspergillopepsin A (EC 3.4.23.18), candidapepsin (EC 3.4.23.24), mucoropepsin (EC 3.4.23.23) (mucor rennin), endothiapepsin (EC 3.4.23.22), polyporopepsin (EC 3.4.23.29), and rhizopuspepsin (EC 3.4.23.21).</li>
<li>Yeast saccharopepsin (EC 3.4.23.25) (proteinase A) (gene PEP4). PEP4 is implicated in posttranslational regulation of vacuolar hydrolases.</li>
<li>Yeast barrierpepsin (EC 3.4.23.35) (gene BAR1); a protease that cleaves alpha-factor and thus acts as an antagonist of the mating pheromone.</li>
<li>Fission yeast sxa1 which is involved in degrading or processing the mating pheromones.</li>
</ul>; <p>Aspartic peptidases, also known as aspartyl proteases ([ec:3.4.23.-]), are widely distributed proteolytic enzymes [[cite:PUB00001330], [cite:PUB00000093], [cite:PUB00000349]] known to exist in vertebrates, fungi, plants, protozoa, bacteria, archaea, retroviruses and some plant viruses. All known aspartic peptidases are endopeptidases. A water molecule, activated by two aspartic acid residues, acts as the nucleophile in catalysis. Aspartic peptidases can be grouped into five clans, each of which shows a unique structural fold [[cite:PUB00000522]].</p>

<ul>
<li>Peptidases in clan AA are either bilobed (family A1 or the pepsin family) or are a homodimer (all other families in the clan, including retropepsin from HIV-1/AIDS) [[cite:PUB00042504]]. Each lobe consists of a single domain with a closed β-barrel and each lobe contributes one Asp to form the active site. Most peptidases in the clan are inhibited by the naturally occurring small-molecule inhibitor pepstatin [[cite:PUB00076784]].</li>
<li>Clan AC contains the single family A8: the signal peptidase 2 family. Members of the family are found in all bacteria. Signal peptidase 2 processes the premurein precursor, removing the signal peptide. The peptidase has four transmembrane domains and the active site is on the periplasmic side of the cell membrane. Cleavage occurs on the amino side of a cysteine where the thiol group has been substituted by a diacylglyceryl group. Site-directed mutagenesis has identified two essential aspartic acid residues which occur in the motifs GNXXDRX and FNXAD (where X is a hydrophobic residue) [[cite:PUB00076785]]. No tertiary structures have been solved for any member of the family, but because of the intramembrane location, the structure is assumed not to be pepsin-like.</li>
<li>Clan AD contains two families of transmembrane endopeptidases: A22 and A24. These are also known as ""GXGD peptidases"" because of a common GXGD motif which includes one of the pair of catalytic aspartic acid residues. Structures are known for members of both families and show a unique, common fold with up to nine transmembrane regions [[cite:PUB00066803]]. The active site aspartic acids are located within a large cavity in the membrane into which water can gain access [[cite:PUB00065205]].</li>
<li>Clan AE contains two families, A25 and A31. Tertiary structures have been solved for members of both families and show a common fold consisting of an α-β-α sandwich, in which the β sheet is five stranded [[cite:PUB00011023], [cite:PUB00021296]].</li>
<li>Clan AF contains the single family A26. Members of the clan are membrane-proteins with a unique fold. Homologues are known only from bacteria. The structure of omptin (also known as OmpT) shows a cylindrical barrel containing ten β strands inserted in the membrane with the active site residues on the outer surface [[cite:PUB00011707]].</li>
<li>There are two families of aspartic peptidases for which neither structure nor active site residues are known and these are not assigned to clans. Family A5 includes thermopsin, an endopeptidase found only in thermophilic archaea. Family A36 contains sporulation factor SpoIIGA, which is known to process and activate sigma factor E, one of the transcription factors that controls sporulation in bacteria [[cite:PUB00076786]].</li>
</ul>"
1;IPR033121;"imex:IM-16517
mint:MINT-5217955
pubmed:16169070";Peptidase family A1 domain;"<p>This entry represents domain found in the peptidase A1 family.</p>; <p>This entry also includes a probable inactive secreted aspartyl protease from Malassezia globosa, which may promote an inflammatory immune response in the host when the host skin barrier is breached [[cite:PUB00154588]]. It has no detectable protease activity in vitro that could be due to the active site motif diverging from the canonical Asp-X-Gly-X motif (where X is Thr or Ser) to containing a Tyr residue (Asp-Ser-Gly-Tyr) [[cite:PUB00154588]].</p>; <p>Aspartyl proteases (APs), also known as acid proteases, ([ec:3.4.23.-]) are a widely distributed family of proteolytic enzymes [[cite:PUB00001330], [cite:PUB00000093], [cite:PUB00000349], [cite:PUB00077743], [cite:PUB00077744], [cite:PUB00006548]] known to exist in vertebrates, fungi, plants, retroviruses and some plant viruses. APs use an Asp dyad to hydrolyze peptide bonds.</p>

<p>APs found in eukaryotic cells are α/β monomers composed of two asymmetric lobes (""bilobed""). Each of the lobes provides a catalytic Asp residue, positioned within the hallmark motif Asp-Thr/Ser-Gly, to the active site. The N- and C-terminal domains, although structurally related by a 2-fold axis, have only limited sequence homology except the vicinity of the active site. This suggests that the enzymes evolved by an ancient duplication event. The enzymes specifically cleave bonds in peptides which have at least six residues in length with hydrophobic residues in both the P1 and P1' positions. The active site is located at the groove formed by the two lobes, with an extended loop projecting over the cleft to form an 11-residue flap, which encloses substrates and inhibitors in the active site. Specificity is determined by nearest-neighbour hydrophobic residues surrounding the catalytic aspartates, and by three residues in the flap. The enzymes are mostly secreted from cells as inactive proenzymes that activate autocatalytically at acidic pH.  Eukaryotic APs form peptidase family A1 of clan AA.</p>"
1;IPR012848;"imex:IM-16517
mint:MINT-5217955
pubmed:16169070";Aspartic peptidase, N-terminal;<p>This entry represents the N-terminal domain of the aspartic peptidases.</p>
1;IPR021109;"imex:IM-16517
mint:MINT-5217955
pubmed:16169070";Aspartic peptidase domain superfamily;"<p>This domain superfamily is found in aspartic peptidases, including pepsin A and other peptidase A1 family members, the yeast DNA-damage inducible protein 1 (Ddi1) (MEROPS peptidase subfamily A28A), animal retroviral-like aspartic protease (SASPase; MEROPS peptidase subfamily A28B) and Caulobacter PerP peptidase (MEROPS peptidase family A32). The tertiary structure shows a retropepsin-like fold and the peptidase is active as a homodimer [[cite:PUB00041573]].</p>; <p>Aspartic peptidases, also known as aspartyl proteases ([ec:3.4.23.-]), are widely distributed proteolytic enzymes [[cite:PUB00001330], [cite:PUB00000093], [cite:PUB00000349]] known to exist in vertebrates, fungi, plants, protozoa, bacteria, archaea, retroviruses and some plant viruses. All known aspartic peptidases are endopeptidases. A water molecule, activated by two aspartic acid residues, acts as the nucleophile in catalysis. Aspartic peptidases can be grouped into five clans, each of which shows a unique structural fold [[cite:PUB00000522]].</p>

<ul>
<li>Peptidases in clan AA are either bilobed (family A1 or the pepsin family) or are a homodimer (all other families in the clan, including retropepsin from HIV-1/AIDS) [[cite:PUB00042504]]. Each lobe consists of a single domain with a closed β-barrel and each lobe contributes one Asp to form the active site. Most peptidases in the clan are inhibited by the naturally occurring small-molecule inhibitor pepstatin [[cite:PUB00076784]].</li>
<li>Clan AC contains the single family A8: the signal peptidase 2 family. Members of the family are found in all bacteria. Signal peptidase 2 processes the premurein precursor, removing the signal peptide. The peptidase has four transmembrane domains and the active site is on the periplasmic side of the cell membrane. Cleavage occurs on the amino side of a cysteine where the thiol group has been substituted by a diacylglyceryl group. Site-directed mutagenesis has identified two essential aspartic acid residues which occur in the motifs GNXXDRX and FNXAD (where X is a hydrophobic residue) [[cite:PUB00076785]]. No tertiary structures have been solved for any member of the family, but because of the intramembrane location, the structure is assumed not to be pepsin-like.</li>
<li>Clan AD contains two families of transmembrane endopeptidases: A22 and A24. These are also known as ""GXGD peptidases"" because of a common GXGD motif which includes one of the pair of catalytic aspartic acid residues. Structures are known for members of both families and show a unique, common fold with up to nine transmembrane regions [[cite:PUB00066803]]. The active site aspartic acids are located within a large cavity in the membrane into which water can gain access [[cite:PUB00065205]].</li>
<li>Clan AE contains two families, A25 and A31. Tertiary structures have been solved for members of both families and show a common fold consisting of an α-β-α sandwich, in which the β sheet is five stranded [[cite:PUB00011023], [cite:PUB00021296]].</li>
<li>Clan AF contains the single family A26. Members of the clan are membrane-proteins with a unique fold. Homologues are known only from bacteria. The structure of omptin (also known as OmpT) shows a cylindrical barrel containing ten β strands inserted in the membrane with the active site residues on the outer surface [[cite:PUB00011707]].</li>
<li>There are two families of aspartic peptidases for which neither structure nor active site residues are known and these are not assigned to clans. Family A5 includes thermopsin, an endopeptidase found only in thermophilic archaea. Family A36 contains sporulation factor SpoIIGA, which is known to process and activate sigma factor E, one of the transcription factors that controls sporulation in bacteria [[cite:PUB00076786]].</li>
</ul>"
1;IPR001461;"imex:IM-16517
mint:MINT-5217955
pubmed:16169070";Aspartic peptidase A1;"<p>Peptidase family A1, also known as the pepsin family, contains peptidases with bilobed structures [[cite:PUB00023201], [cite:PUB00042527]]. The two domains most probably evolved from the duplication of an ancestral gene encoding a primordial domain [[cite:PUB00076781]]. The active site is formed from an aspartic acid residue from each domain. Each aspartic acid occurs within a motif with the sequence D(T/S)G(T/S). Exceptionally, in the histoaspactic peptidase from Plasmodium falciparum, one of the Asp residues is replaced by His [[cite:PUB00076780]]. A third essential residue, Tyr or Phe, is found on the N-terminal domain only in a β-hairpin loop known as the ""flap""; this residue is important for substrate binding, and most members of the family have a preference for a hydrophobic residue in the S1 substrate binding pocket. Most members of the family are active at acidic pH, but renin is unusually active at neutral pH. Family A1 peptidases are found predominantly in eukaryotes (but examples are known from bacteria [[cite:PUB00076777], [cite:PUB00076778]]). Currently known eukaryotic aspartyl peptidases and homologues include the following:</p>

<ul><li>Vertebrate gastric pepsins A ([ec:3.4.23.1]), gastricsin ([ec:3.4.23.3], also known pepsin C), chymosin ([ec:3.4.23.4]; formerly known as rennin), and cathepsin E ([ec:3.4.23.34]). Pepsin A is widely used in protein sequencing because of its limited and predictable specificity.  Chymosin is used to clot milk for cheese making.</li>
<li>Lysosomal cathepsin D ([ec:3.4.23.5]).</li>
<li>Renin ([ec:3.4.23.15]) which functions in control of blood pressure by generating angiotensin I from angiotensinogen in the plasma.</li>
<li>Memapsins 1 ([ec:3.4.23.45]; also known as BACE 2) and 2 ([ec:3.4.23.46]; also known as BACE) are membrane-bound and are able to perform one of the two cleavages (the beta-cleavage, hence they are also known as beta-secretases) in the beta-amyloid precursor to release the the amyloid-beta peptide, which accumulates in the plaques of Alzheimer's disease patients.</li>
<li>Fungal peptidases such as aspergillopepsin A ([ec:3.4.23.18]), candidapepsin ([ec:3.4.23.24]), mucorpepsin ([ec:3.4.23.23]; also known as<i>Mucor</i>rennin), endothiapepsin ([ec:3.4.23.22]), polyporopepsin ([ec:3.4.23.29]), and rhizopuspepsin ([ec:3.4.23.21]) are secreted for sapprophytic protein digestion.</li>
<li>Fungal saccharopepsin ([ec:3.4.23.25]) (proteinase A) (gene PEP4) is implicated in post-translational regulation of vacuolar hydrolases.</li>
<li>Yeast barrierpepsin ([ec:3.4.23.35]) (gene BAR1); a protease that cleaves alpha-factor and thus acts as an antagonist of the mating pheromone.</li>
<li>Fission yeast Sxa1 may be involved in degrading or processing the mating pheromones [[cite:PUB00003678]].</li>
<li>In plants, phytepsin ([ec:3.4.23.40]) degrades seed storage proteins and nepenthesin (EC 3.4.23.12) from a pitcher plant digests insect proteins. Also are included Aspartic proteinase 36 and Aspartic proteinase 39, which contribute to pollen and ovule development and have an important role in plant development in Arabidopsis [[cite:PUB00094521]].</li>
<li>Plasmepsins ([ec:3.4.23.38] and [ec:3.4.23.39]) from Plasmodium species are important for the degradation of host haemoglobin.</li>
<li>Non-peptidase homologues where one or more active site residues have been replaced, include mammalian pregnancy-associated glycoproteins, an allergen from a cockroach, and a xylanase inhibitor [[cite:PUB00031354]].</li></ul>"
1;IPR034729;"imex:IM-16517
mint:MINT-5217955
pubmed:16169070";Zinc finger CCHC HIVEP-type;<p>The entry includes the HIVEP-type CCHC zinc finger. The HIVEP family of zinc finger (Znf) proteins regulates a diverse array of developmental and biological processes through direct DNA binding, as well as interaction with other transcription factors and components of signal transduction pathways. Three vertebrate paralogous genes have been identified, HIVEP (also called ZAS or Shn)-1, -2 and -3, as well as the closely related Drosophila gene, Schnurri. HIVEP and the Drosophila Schnurri proteins contain two pairs of C2H2 Znf and, with the exception of the HIVEP2 family, a conserved CCHC-type Znf. In addition, Drosophila Schnurri contains a conserved carboxyl-terminal Znf triplet that is not found in the vertebrate members. Sequence conservation between vertebrate HIVEP and the Drosophila Schnurri proteins is generally low with the exception of the two pairs of C2H2 Znf, which are highly conserved [[cite:PUB00084232]].</p>
1;IPR051969;"imex:IM-16517
mint:MINT-5217955
pubmed:16169070";;
1;IPR051098;"doi:10.1016/j.cell.2021.04.011
imex:IM-29278
pubmed:33961781";Neuronal Differentiation E-box Binding Transcription Factors;<p>The protein family is comprised of transcription factors involved in the initiation of neuronal differentiation and various developmental processes. Members of the family are characterized by their ability to bind to E-box motifs (5'-CANNTG-3') in the promoter regions of target genes, thereby activating transcription. They play roles in the development of the GnRH axis, neuronal plasticity, and tissue-specific cell fate determination during embryogenesis, such as muscle or early B-cell differentiation. Some family members also participate in mesenchymal to epithelial transition and may interact with other proteins like ATOH7, MYOD1, and CDP2 to regulate gene expression. The presence of a 9aaTAD motif suggests a transactivation function. The family is also implicated in sex determination and may influence lifespan and metabolism.</p>
1;IPR000717;"imex:IM-24272
pubmed:26496610";Proteasome component (PCI) domain;"<p>The PCI (for Proteasome, COP9, Initiation factor 3) domain (sometimes also referred to as the PINT domain, for Proteasome subunits, Int-6, Nip-1, and Trip-15) is present in six different subunits of 26 proteasome lid, COP9 signalosome (CSN) and eukaryotic translation initiation factor-3 (eIF3) complexes, as well as in subunits of certain other multiprotein complexes. The PCI domain mediates and stabilizes protein-protein interactions within the complexes. The role of the PCI domains is most likely that of a scaffold for the other complex subunits and other binding partners. The PCI domain could play a role as a universal binding domain supporting intra-complex interactions as well as recruitments of additional ligands [[cite:PUB00005480], [cite:PUB00005051], [cite:PUB00088687], [cite:PUB00077378], [cite:PUB00030855], [cite:PUB00051002]].</p>

<p>PCI is an ~190-amino acid domain, not well conserved in its primary sequence, usually located near the C terminus of the protein. It does not contain any invariant residues or any conserved pattern of charged residues that would suggest a catalytic activity. The PCI domain is comprised of two subdomains that are intimately connected, an N-terminal helical bundle (HB) subdomain and a C-terminal globular winged helix (WH) subdomain. The C- terminal half of the PCI domain is much better conserved than the N-terminal half [[cite:PUB00077378], [cite:PUB00030855], [cite:PUB00051002]].</p>"
1;IPR027512;"imex:IM-24272
pubmed:26496610";Eukaryotic translation initiation factor 3 subunit A;<p>Eukaryotic translation initiation factor 3 subunit A is a component of the eukaryotic translation initiation factor 3 (eIF-3) complex, which is required for several steps in the initiation of protein synthesis. However, the subunit is not required for the general function of eIF3 in translation initiation [[cite:PUB00064776]]. It may play a role in regulating translation of a subset of mRNAs and in regulating cell cycle progression and cell proliferation [[cite:PUB00064777]].</p>
1;IPR054711;"imex:IM-24272
pubmed:26496610";eIF3a, PCI domain, TPR-like region;<p>This entry represents the TPR-like region of the PCI domain of the Eukaryotic translation initiation factor 3 subunit A from Saccharomyces cerevisiae (eIF3a) and similar eukaryotic sequences. eIF3a is the RNA-binding component of the eukaryotic translation initiation factor 3 (eIF-3) complex, which is involved in protein synthesis of a specialized repertoire of mRNAs, stimulates binding of mRNA and methionyl-tRNAi to the 40S ribosome, and specifically targets and initiates translation of a subset of mRNAs involved in cell proliferation [[cite:PUB00154849], [cite:PUB00154848]]. This region folds into flatly arranged helical repeats [[cite:PUB00146069]].</p>
1;IPR048550;"pubmed:12150911
pubmed:16429126";KRR1 small subunit processome component, first KH domain, eukaryotes;"<p>This is the first K homology domain (KH1) found in KRR1 small subunit processome component from Saccharomyces cerevisiae and similar eukaryotic sequences.</p>; <p>Ribosomal RNA assembly protein KRR1 is required for 40S ribosome biogenesis. It is involved in nucleolar processing of pre-18S ribosomal RNA and ribosome assembly in Saccharomyces cerevisiae [[cite:PUB00055620], [cite:PUB00055621]]. In Schizosaccharomyces pombe it is known as Mis3 [[cite:PUB00055622]].</p>"
1;IPR024166;"pubmed:12150911
pubmed:16429126";Ribosomal RNA assembly KRR1;<p>This group represents ribosomal RNA assembly protein KRR1, required for 40S ribosome biogenesis. It is involved in nucleolar processing of pre-18S ribosomal RNA and ribosome assembly in Saccharomyces cerevisiae [[cite:PUB00055620], [cite:PUB00055621]]. In Schizosaccharomyces pombe it is known as Mis3 [[cite:PUB00055622]].</p>
1;IPR048548;"pubmed:12150911
pubmed:16429126";KRR1 small subunit processome component, second KH domain;"<p>This is the second K homology domain (KH2) found in KRR1 small subunit processome component from Saccharomyces cerevisiae and similar eukaryotic and archaeal sequences.</p>; <p>Ribosomal RNA assembly protein KRR1 is required for 40S ribosome biogenesis. It is involved in nucleolar processing of pre-18S ribosomal RNA and ribosome assembly in Saccharomyces cerevisiae [[cite:PUB00055620], [cite:PUB00055621]]. In Schizosaccharomyces pombe it is known as Mis3 [[cite:PUB00055622]].</p>"
1;IPR041174;"pubmed:12150911
pubmed:16429126";KRR1 small subunit processome component, first KH domain;"<p>This entry represents the first K homology domain (KH1) in the KRR1 and Dim2 (Pno1) proteins.</p>
<p>Krr1 and Dim2 are structurally related ribosomal assembly factors, present on the 90S pre-ribosome [[cite:PUB00094299]]. They both belong to the family of RNA binding domains that contain K homology (KH) domains. Dim2 and Krr1 each contain two sequential KH domains (KH1 and KH2), but the N and C-terminal extensions differ between the two proteins [[cite:PUB00094299]]. The two KH domains are evident in the structure of KKr1 from Saccharomyces Cerevisiae [[cite:PUB00091469]].</p>
<p>The KH1 domains in Krr1 and Dim2 lack the typical GXXG RNA binding motif and are involved, instead, in protein-protein interactions. The KH1 domain in Krr1 interacts with the nucleolar assembly factor Kri1 and the KH1 domain of Dim2 interacts with the endonuclease Nob1 [[cite:PUB00094299]].</p>"
1;IPR004087;"pubmed:12150911
pubmed:16429126";K Homology domain;"<p>The K homology (KH) domain was first identified in the human heterogeneous nuclear ribonucleoprotein  (hnRNP) K.  An evolutionarily conserved sequence of around 70 amino acids, the KH domain is present in a wide variety of nucleic acid-binding proteins. The KH domain binds RNA, and can function in RNA recognition [[cite:PUB00035579]]. It is found in multiple copies in several proteins, where they can function cooperatively or independently.  For example, in the AU-rich element RNA-binding protein KSRP, which has 4 KH domains, KH domains 3 and 4 behave as independent binding modules to interact with different regions of the AU-rich RNA targets [[cite:PUB00035579]]. The solution structure of the first KH domain of FMR1 [[cite:PUB00005961]] and of the C-terminal KH domain of hnRNP K [[cite:PUB00005962]] determined by nuclear magnetic resonance
(NMR) revealed a β-α-α-β-β-α structure. Proteins containing KH domains include:</p>

<ul>
<li>Bacterial and organelle PNPases [[cite:PUB00035580]].</li>
<li>Archaeal and eukaryotic exosome subunits [[cite:PUB00035581]].</li>
<li>Eukaryotic and prokaryotic small ribosomal subunit proteins uS3 [[cite:PUB00035582]].</li>
<li>Vertebrate Fragile X messenger ribonucleoprotein 1 (FMR1) [[cite:PUB00035583]].</li>
<li>Vigilin, which has 14 KH domains [[cite:PUB00035584]].</li>
<li>AU-rich element RNA-binding protein KSRP.</li>
<li>hnRNP K, which contains 3 KH domains.</li>
<li>Human onconeural ventral antigen-1 (NOVA-1) [[cite:PUB00021445]].</li>
</ul>

<p>According to structural analyses [[cite:PUB00005961], [cite:PUB00005962], [cite:PUB00007305]], the KH domain can be separated in two groups - type 1 and type 2.</p>"
1;IPR048549;"pubmed:12150911
pubmed:16429126";KRR1 small subunit processome component, second KH domain, eukaryotes;"<p>This is the second K homology domain (KH2) found in KRR1 small subunit processome component from Saccharomyces cerevisiae and similar eukaryotic sequences.</p>; <p>Ribosomal RNA assembly protein KRR1 is required for 40S ribosome biogenesis. It is involved in nucleolar processing of pre-18S ribosomal RNA and ribosome assembly in Saccharomyces cerevisiae [[cite:PUB00055620], [cite:PUB00055621]]. In Schizosaccharomyces pombe it is known as Mis3 [[cite:PUB00055622]].</p>"
1;IPR011047;"pubmed:12150911
pubmed:16429126";Quinoprotein alcohol dehydrogenase-like superfamily;"<p>Quinoprotein alcohol dehydrogenases are a family of proteins found in methylotrophic or autotrophic bacteria. These quinoproteins use pyrroloquinoline quinone as their prosthetic group. There are three types of alcohol dehydrogenases: type I includes methanol dehydrogenase and ethanol dehydrogenase; type II includes soluble quinohaemoprotein with a C-terminal containing haem C; and type III includes quinoprotein alcohol dehydrogenase with a C-terminal cytochrome C domain [[cite:PUB00014164]]. These quinoproteins contain an 8-bladed β-propeller motif, which is present in the N-terminal domain of quinoprotein alcohol dehydrogenase, ethanol dehydrogenase, and the heavy chain (alpha subunit) of methanol dehydrogenase ([ec:1.1.99.8]) [[cite:PUB00014163], [cite:PUB00014162], [cite:PUB00014161]].</p>

<p>This entry represents quinoprotein alcohol dehydrogenases as well as some other proteins that share a similar structure, including WD repeat-containing protein and echinoderm microtubule-associated protein-like proteins.</p>"
1;IPR019775;"pubmed:12150911
pubmed:16429126";WD40 repeat, conserved site;"<p>This entry represents a conserved site found in the WD40 repeat.</p>; <p>WD-40 repeats (also known as WD or β-transducin repeats) are short ~40 amino acid motifs, often terminating in a Trp-Asp (W-D) dipeptide. WD40 repeats usually assume a 7-8 bladed β-propeller fold, but proteins have been found with 4 to 16 repeated units, which also form a circularised β-propeller structure. WD-repeat proteins are a large family found in all eukaryotes and are implicated in a variety of functions ranging from signal transduction and transcription regulation to cell cycle control and apoptosis. Repeated WD40 motifs act as a site for protein-protein or protein-DNA  interaction, and proteins containing WD40 repeats are known to serve as platforms for the assembly of protein complexes or mediators of transient interplay among other proteins [[cite:PUB00094364]]. The specificity of the proteins is determined by the sequences outside the repeats themselves. Examples of such complexes are G proteins (beta subunit is a β-propeller), TAFII transcription factor, and E3 ubiquitin ligase [[cite:PUB00015237], [cite:PUB00005491]]. In Arabidopsis spp., several WD40-containing proteins act as key regulators of plant-specific developmental events.</p>"
1;IPR024977;"pubmed:12150911
pubmed:16429126";Anaphase-promoting complex subunit 4-like, WD40 domain;"<p>This entry represents the N-terminal propeller-shaped WD40 domain of the anaphase-promoting complex subunit 4 (Apc4) and similar proteins.</p>; <p>WD-40 repeats (also known as WD or β-transducin repeats) are short ~40 amino acid motifs, often terminating in a Trp-Asp (W-D) dipeptide. WD40 repeats usually assume a 7-8 bladed β-propeller fold, but proteins have been found with 4 to 16 repeated units, which also form a circularised β-propeller structure. WD-repeat proteins are a large family found in all eukaryotes and are implicated in a variety of functions ranging from signal transduction and transcription regulation to cell cycle control and apoptosis. Repeated WD40 motifs act as a site for protein-protein or protein-DNA  interaction, and proteins containing WD40 repeats are known to serve as platforms for the assembly of protein complexes or mediators of transient interplay among other proteins [[cite:PUB00094364]]. The specificity of the proteins is determined by the sequences outside the repeats themselves. Examples of such complexes are G proteins (beta subunit is a β-propeller), TAFII transcription factor, and E3 ubiquitin ligase [[cite:PUB00015237], [cite:PUB00005491]]. In Arabidopsis spp., several WD40-containing proteins act as key regulators of plant-specific developmental events.</p>"
1;IPR027145;"pubmed:12150911
pubmed:16429126";Periodic tryptophan protein 2;<p>Periodic tryptophan protein 2 (also known as UTP1) is involved in nucleolar processing of pre-18S ribosomal RNA [[cite:PUB00008496]]. In budding yeast, it is a component of the ribosomal small subunit (SSU) processome composed of at least 40 protein subunits and snoRNA U3 [[cite:PUB00008496]].</p>
1;IPR020472;"pubmed:12150911
pubmed:16429126";PAC1/LIS1-like, WD-40 repeat;"<p>This entry represents the WD-40 repeats in PAC1/LIS1 receptors, a class B G-protein-coupled receptor (GPCR) and similar GPCR related proteins. This entry also includes small ribosomal subunit proteins RACK1 and other scaffolding proteins such as CIAO1 and MDV1.</p>; <p>WD-40 repeats (also known as WD or β-transducin repeats) are short ~40 amino acid motifs, often terminating in a Trp-Asp (W-D) dipeptide. WD40 repeats usually assume a 7-8 bladed β-propeller fold, but proteins have been found with 4 to 16 repeated units, which also form a circularised β-propeller structure. WD-repeat proteins are a large family found in all eukaryotes and are implicated in a variety of functions ranging from signal transduction and transcription regulation to cell cycle control and apoptosis. Repeated WD40 motifs act as a site for protein-protein or protein-DNA  interaction, and proteins containing WD40 repeats are known to serve as platforms for the assembly of protein complexes or mediators of transient interplay among other proteins [[cite:PUB00094364]]. The specificity of the proteins is determined by the sequences outside the repeats themselves. Examples of such complexes are G proteins (beta subunit is a β-propeller), TAFII transcription factor, and E3 ubiquitin ligase [[cite:PUB00015237], [cite:PUB00005491]]. In Arabidopsis spp., several WD40-containing proteins act as key regulators of plant-specific developmental events.</p>"
1;IPR007148;"pubmed:12150911
pubmed:16429126";Small-subunit processome, Utp12;"<p>A large ribonuclear protein complex is required for the processing of the small-ribosomal-subunit rRNA -the small-subunit (SSU) processome [[cite:PUB00008496], [cite:PUB00035836]]. This preribosomal complex contains the U3 snoRNA and at least 40 proteins, which have the following properties:</p>

<ul>
<li>They are nucleolar.</li>
<li>They are able to coimmunoprecipitate with the U3 snoRNA and Mpp10 (a protein specific to the SSU processome).</li>
<li>They are required for 18S rRNA biogenesis.</li>
</ul>

<p>There appears to be a linkage between polymerase I transcription and the formation of the SSU processome; as some, but not all, of the SSU processome components are required for pre-rRNA transcription initiation. These SSU processome components have been termed t-Utps. They form a pre-complex with pre-18S rRNA in the absence of snoRNA U3 and other SSU processome components. It has been proposed that the t-Utp complex proteins are both rDNA and rRNA binding proteins that are involved in the initiation of pre18S rRNA transcription. Initially binding to rDNA then associating with the 5' end of the nascent pre18S rRNA. The t-Utpcomplex forms the nucleus around which the rest of the SSU processome components, including snoRNA U3, assemble [[cite:PUB00035837]]. From electron microscopy the SSU processome may correspond to the terminal knobs visualised at the 5' ends of nascent 18S rRNA.</p>; <p>This domain is found at the C terminus of proteins containing WD40 repeats. These proteins are part of the U3 ribonucleoprotein. In yeast, these proteins are called Utp5, Utp1 or Pwp2, Utp12 or DIP2 [swissprot:Q12220]. They interact with snoRNA U3 and with MPP10 [[cite:PUB00008496]]. Pwp2 is an essential Saccharomyces cerevisiae (Baker's yeast) protein involved in cell separation.</p>"
1;IPR001197;"imex:IM-24272
pubmed:26496610";Large ribosomal subunit protein uL16, eukaryota/archaea;"<p>This family consists of large ribosomal subunit protein uL16 from archaea and eukaryotes (in the latter were previously known as L10) [[cite:PUB00000257], [cite:PUB00080279]].</p>; <p>Ribosomes are the particles that catalyse mRNA-directed protein synthesis in all organisms. The codons of the mRNA are exposed on the ribosome to allow tRNA binding. This leads to the incorporation of amino acids into the growing polypeptide chain in accordance with the genetic information. Incoming amino acid monomers enter the ribosomal A site in the form of aminoacyl-tRNAs complexed with elongation factor Tu (EF-Tu) and GTP. The growing polypeptide chain, situated in the P site as peptidyl-tRNA, is then transferred to aminoacyl-tRNA, and the new peptidyl-tRNA, extended by one residue, is translocated to the P site with the aid of the elongation factor G (EF-G) and GTP as the deacylated tRNA is released from the ribosome through one or more exit sites [[cite:PUB00007068], [cite:PUB00007069]]. About 2/3 of the mass of the ribosome consists of RNA and 1/3 consists of protein. The proteins are named in accordance with the subunit of the ribosome which they belong to: the small (S1 to S31) and the large (L1 to L44). Usually they decorate the rRNA cores of the subunits.</p>

<p>Many ribosomal proteins, particularly those of the large subunit, are composed of a globular, surfaced-exposed domain with long finger-like projections that extend into the rRNA core to stabilise its structure. Most of the proteins interact with multiple RNA elements, often from different domains. In the large subunit, about 1/3 of the 23S rRNA nucleotides are at least in van der Waals' contact with protein, and L22 interacts with all six domains of the 23S rRNA. Proteins S4 and S7, which initiate assembly of the 16S rRNA, are located at junctions of five and four RNA helices, respectively. In this way, proteins serve to organise and stabilise the rRNA tertiary structure. While the crucial activities of decoding and peptide transfer are RNA-based, proteins play an active role in functions that may have evolved to streamline the process of protein synthesis. In addition to their function in the ribosome, many ribosomal proteins have some function 'outside' the ribosome [[cite:PUB00007069], [cite:PUB00007070]].</p>"
1;IPR016180;"imex:IM-24272
pubmed:26496610";Large ribosomal subunit protein uL16 domain;"<p>This entry represents a structural domain with an α/β-hammerhead fold,  where the β-hammerhead motif is similar to that in barrel-sandwich hybrids. Domains of this structure can be found in ribosomal proteins uL16.</p>; <p>uL16 is an essential protein in the large ribosomal subunit of bacteria, mitochondria, and chloroplasts. Large subunits that lack uL16 are defective in peptidyl transferase activity, peptidyl-tRNA hydrolysis activity, association with the 30S subunit, binding of aminoacyl-tRNA and interaction with antibiotics. uL16 is required for the function of elongation factor P (EF-P), a protein involved in peptide bond synthesis through the stimulation of peptidyl transferase activity by the ribosome. Mutations in uL16 and the adjoining bases of 23S rRNA confer antibiotic resistance in bacteria, suggesting a role for uL16 in the formation of the antibiotic binding site. The GTPase RbgA (YlqF) is essential for the assembly of the large subunit, and it is believed to regulate the incorporation of uL16. Bacterial, archaeal, and eukaryotic uL16 proteins exhibit structural differences at the N terminus [[cite:PUB00032317], [cite:PUB00079547], [cite:PUB00079548], [cite:PUB00045451], [cite:PUB00070812], [cite:PUB00079549], [cite:PUB00079550], [cite:PUB00079551]].</p>; <p>Ribosomes are the particles that catalyse mRNA-directed protein synthesis in all organisms. The codons of the mRNA are exposed on the ribosome to allow tRNA binding. This leads to the incorporation of amino acids into the growing polypeptide chain in accordance with the genetic information. Incoming amino acid monomers enter the ribosomal A site in the form of aminoacyl-tRNAs complexed with elongation factor Tu (EF-Tu) and GTP. The growing polypeptide chain, situated in the P site as peptidyl-tRNA, is then transferred to aminoacyl-tRNA, and the new peptidyl-tRNA, extended by one residue, is translocated to the P site with the aid of the elongation factor G (EF-G) and GTP as the deacylated tRNA is released from the ribosome through one or more exit sites [[cite:PUB00007068], [cite:PUB00007069]]. About 2/3 of the mass of the ribosome consists of RNA and 1/3 consists of protein. The proteins are named in accordance with the subunit of the ribosome which they belong to: the small (S1 to S31) and the large (L1 to L44). Usually they decorate the rRNA cores of the subunits.</p>

<p>Many ribosomal proteins, particularly those of the large subunit, are composed of a globular, surfaced-exposed domain with long finger-like projections that extend into the rRNA core to stabilise its structure. Most of the proteins interact with multiple RNA elements, often from different domains. In the large subunit, about 1/3 of the 23S rRNA nucleotides are at least in van der Waals' contact with protein, and L22 interacts with all six domains of the 23S rRNA. Proteins S4 and S7, which initiate assembly of the 16S rRNA, are located at junctions of five and four RNA helices, respectively. In this way, proteins serve to organise and stabilise the rRNA tertiary structure. While the crucial activities of decoding and peptide transfer are RNA-based, proteins play an active role in functions that may have evolved to streamline the process of protein synthesis. In addition to their function in the ribosome, many ribosomal proteins have some function 'outside' the ribosome [[cite:PUB00007069], [cite:PUB00007070]].</p>"
1;IPR018255;"imex:IM-24272
pubmed:26496610";Large ribosomal subunit protein uL16, conserved site, eukaryota/archaea;"<p>This entry represents a conserved site found in the central region of the large ribosomal subunit protein uL16 from archaea and eukaryotes (in the latter were previously known as L10) [[cite:PUB00000257], [cite:PUB00080279]].</p>; <p>Ribosomes are the particles that catalyse mRNA-directed protein synthesis in all organisms. The codons of the mRNA are exposed on the ribosome to allow tRNA binding. This leads to the incorporation of amino acids into the growing polypeptide chain in accordance with the genetic information. Incoming amino acid monomers enter the ribosomal A site in the form of aminoacyl-tRNAs complexed with elongation factor Tu (EF-Tu) and GTP. The growing polypeptide chain, situated in the P site as peptidyl-tRNA, is then transferred to aminoacyl-tRNA, and the new peptidyl-tRNA, extended by one residue, is translocated to the P site with the aid of the elongation factor G (EF-G) and GTP as the deacylated tRNA is released from the ribosome through one or more exit sites [[cite:PUB00007068], [cite:PUB00007069]]. About 2/3 of the mass of the ribosome consists of RNA and 1/3 consists of protein. The proteins are named in accordance with the subunit of the ribosome which they belong to: the small (S1 to S31) and the large (L1 to L44). Usually they decorate the rRNA cores of the subunits.</p>

<p>Many ribosomal proteins, particularly those of the large subunit, are composed of a globular, surfaced-exposed domain with long finger-like projections that extend into the rRNA core to stabilise its structure. Most of the proteins interact with multiple RNA elements, often from different domains. In the large subunit, about 1/3 of the 23S rRNA nucleotides are at least in van der Waals' contact with protein, and L22 interacts with all six domains of the 23S rRNA. Proteins S4 and S7, which initiate assembly of the 16S rRNA, are located at junctions of five and four RNA helices, respectively. In this way, proteins serve to organise and stabilise the rRNA tertiary structure. While the crucial activities of decoding and peptide transfer are RNA-based, proteins play an active role in functions that may have evolved to streamline the process of protein synthesis. In addition to their function in the ribosome, many ribosomal proteins have some function 'outside' the ribosome [[cite:PUB00007069], [cite:PUB00007070]].</p>"
1;IPR036920;"imex:IM-24272
pubmed:26496610";Large ribosomal subunit protein uL16 superfamily;"<p>This entry represents the large ribosomal subunit protein uL16 superfamily, which is widespread among all cellular organisms. Members of this entry contain a single structural domain with an α/β-hammerhead fold ([interpro:IPR016180]).</p>; <p>uL16 is an essential protein in the large ribosomal subunit of bacteria, mitochondria, and chloroplasts. Large subunits that lack uL16 are defective in peptidyl transferase activity, peptidyl-tRNA hydrolysis activity, association with the 30S subunit, binding of aminoacyl-tRNA and interaction with antibiotics. uL16 is required for the function of elongation factor P (EF-P), a protein involved in peptide bond synthesis through the stimulation of peptidyl transferase activity by the ribosome. Mutations in uL16 and the adjoining bases of 23S rRNA confer antibiotic resistance in bacteria, suggesting a role for uL16 in the formation of the antibiotic binding site. The GTPase RbgA (YlqF) is essential for the assembly of the large subunit, and it is believed to regulate the incorporation of uL16. Bacterial, archaeal, and eukaryotic uL16 proteins exhibit structural differences at the N terminus [[cite:PUB00032317], [cite:PUB00079547], [cite:PUB00079548], [cite:PUB00045451], [cite:PUB00070812], [cite:PUB00079549], [cite:PUB00079550], [cite:PUB00079551]].</p>; <p>Ribosomes are the particles that catalyse mRNA-directed protein synthesis in all organisms. The codons of the mRNA are exposed on the ribosome to allow tRNA binding. This leads to the incorporation of amino acids into the growing polypeptide chain in accordance with the genetic information. Incoming amino acid monomers enter the ribosomal A site in the form of aminoacyl-tRNAs complexed with elongation factor Tu (EF-Tu) and GTP. The growing polypeptide chain, situated in the P site as peptidyl-tRNA, is then transferred to aminoacyl-tRNA, and the new peptidyl-tRNA, extended by one residue, is translocated to the P site with the aid of the elongation factor G (EF-G) and GTP as the deacylated tRNA is released from the ribosome through one or more exit sites [[cite:PUB00007068], [cite:PUB00007069]]. About 2/3 of the mass of the ribosome consists of RNA and 1/3 consists of protein. The proteins are named in accordance with the subunit of the ribosome which they belong to: the small (S1 to S31) and the large (L1 to L44). Usually they decorate the rRNA cores of the subunits.</p>

<p>Many ribosomal proteins, particularly those of the large subunit, are composed of a globular, surfaced-exposed domain with long finger-like projections that extend into the rRNA core to stabilise its structure. Most of the proteins interact with multiple RNA elements, often from different domains. In the large subunit, about 1/3 of the 23S rRNA nucleotides are at least in van der Waals' contact with protein, and L22 interacts with all six domains of the 23S rRNA. Proteins S4 and S7, which initiate assembly of the 16S rRNA, are located at junctions of five and four RNA helices, respectively. In this way, proteins serve to organise and stabilise the rRNA tertiary structure. While the crucial activities of decoding and peptide transfer are RNA-based, proteins play an active role in functions that may have evolved to streamline the process of protein synthesis. In addition to their function in the ribosome, many ribosomal proteins have some function 'outside' the ribosome [[cite:PUB00007069], [cite:PUB00007070]].</p>"
1;IPR047873;"imex:IM-24272
pubmed:26496610";Large ribosomal subunit protein uL16;"<p>This entry represents the large ribosomal subunit protein uL16 family, which is widespread among all cellular organisms. Members of this entry contain a single structural domain with an α/β-hammerhead fold ([interpro:IPR016180]).</p>; <p>uL16 is an essential protein in the large ribosomal subunit of bacteria, mitochondria, and chloroplasts. Large subunits that lack uL16 are defective in peptidyl transferase activity, peptidyl-tRNA hydrolysis activity, association with the 30S subunit, binding of aminoacyl-tRNA and interaction with antibiotics. uL16 is required for the function of elongation factor P (EF-P), a protein involved in peptide bond synthesis through the stimulation of peptidyl transferase activity by the ribosome. Mutations in uL16 and the adjoining bases of 23S rRNA confer antibiotic resistance in bacteria, suggesting a role for uL16 in the formation of the antibiotic binding site. The GTPase RbgA (YlqF) is essential for the assembly of the large subunit, and it is believed to regulate the incorporation of uL16. Bacterial, archaeal, and eukaryotic uL16 proteins exhibit structural differences at the N terminus [[cite:PUB00032317], [cite:PUB00079547], [cite:PUB00079548], [cite:PUB00045451], [cite:PUB00070812], [cite:PUB00079549], [cite:PUB00079550], [cite:PUB00079551]].</p>; <p>Ribosomes are the particles that catalyse mRNA-directed protein synthesis in all organisms. The codons of the mRNA are exposed on the ribosome to allow tRNA binding. This leads to the incorporation of amino acids into the growing polypeptide chain in accordance with the genetic information. Incoming amino acid monomers enter the ribosomal A site in the form of aminoacyl-tRNAs complexed with elongation factor Tu (EF-Tu) and GTP. The growing polypeptide chain, situated in the P site as peptidyl-tRNA, is then transferred to aminoacyl-tRNA, and the new peptidyl-tRNA, extended by one residue, is translocated to the P site with the aid of the elongation factor G (EF-G) and GTP as the deacylated tRNA is released from the ribosome through one or more exit sites [[cite:PUB00007068], [cite:PUB00007069]]. About 2/3 of the mass of the ribosome consists of RNA and 1/3 consists of protein. The proteins are named in accordance with the subunit of the ribosome which they belong to: the small (S1 to S31) and the large (L1 to L44). Usually they decorate the rRNA cores of the subunits.</p>

<p>Many ribosomal proteins, particularly those of the large subunit, are composed of a globular, surfaced-exposed domain with long finger-like projections that extend into the rRNA core to stabilise its structure. Most of the proteins interact with multiple RNA elements, often from different domains. In the large subunit, about 1/3 of the 23S rRNA nucleotides are at least in van der Waals' contact with protein, and L22 interacts with all six domains of the 23S rRNA. Proteins S4 and S7, which initiate assembly of the 16S rRNA, are located at junctions of five and four RNA helices, respectively. In this way, proteins serve to organise and stabilise the rRNA tertiary structure. While the crucial activities of decoding and peptide transfer are RNA-based, proteins play an active role in functions that may have evolved to streamline the process of protein synthesis. In addition to their function in the ribosome, many ribosomal proteins have some function 'outside' the ribosome [[cite:PUB00007069], [cite:PUB00007070]].</p>"
1;IPR000014;"doi:10.1016/j.cell.2021.04.011
imex:IM-29278
pubmed:33961781";PAS domain;"<p>PAS domains are involved in many signalling proteins where they are used as a signal sensor domain [[cite:PUB00015791]]. PAS domains appear in archaea, bacteria and eukaryotes. Several PAS-domain proteins are known to detect their signal by way of an associated cofactor. Heme,
flavin, and a 4-hydroxycinnamyl chromophore are used in different proteins. The PAS domain was named after three proteins that it occurs in:</p>

<ul><li>Per- period circadian protein</li>
<li>Arnt- Ah receptor nuclear translocator protein</li>
<li>Sim-  single-minded protein.</li></ul>

<p>PAS domains are often associated with PAC motifs [interpro:IPR001610]. It appears that these domains are directly linked, and that together they form the conserved 3D PAS fold. The division between the PAS and PAC domains is caused by major differences in sequences in the region connecting these two motifs [[cite:PUB00014500]]. In human PAS kinase, this region has been shown to be very flexible, and adopts different conformations depending on the bound ligand [[cite:PUB00014501]]. Probably the most surprising identification of a PAS domain was that in EAG-like K<sup></sup>-channels [[cite:PUB00005472]].</p>"
1;IPR033348;"doi:10.1016/j.cell.2021.04.011
imex:IM-29278
pubmed:33961781";Aryl hydrocarbon receptor, basic helix-loop-helix domain;"<p>Aryl hydrocarbon receptor (AHR) is a ligand-activated transcription factor that mediates the biological and toxic effects of 2,3,7,8-tetrachlorodibenzo-p-dioxin (TCDD), dioxin-like compounds (DLC), as well as some drugs and endogenous tryptophan metabolites [[cite:PUB00078513]]. Without ligands, AHR is part of the Hsp90/XAP2 (heat shock protein 90/hepatitis B virus X-associated protein) multi-chaperone protein complex. Upon ligand binding, the receptor dissociates from the chaperone complex and translocates into the nucleus where it heterodimerises with ARNT (AHR nuclear translocator). The respective heterodimeric complex then modulates the cell's transcriptional activity by binding to specific xenobiotic response elements (XREs) in the promoters of AHR target genes [[cite:PUB00078514], [cite:PUB00095343]].</p>; <p>This entry represents the basic helix-loop-helix (bHLH) domain of AHR.</p>"
1;IPR039091;"doi:10.1016/j.cell.2021.04.011
imex:IM-29278
pubmed:33961781";Aryl hydrocarbon receptor/Aryl hydrocarbon receptor repressor;<p>Aryl hydrocarbon receptor (AHR) is a ligand-activated transcription factor that mediates the biological and toxic effects of dioxin-like compounds [[cite:PUB00153045], [cite:PUB00078513]].  Upon ligand binding, the receptor translocates into the nucleus where it heterodimerises with ARNT (AHR nuclear translocator) [[cite:PUB00078514]].  The aryl hydrocarbon receptor repressor (AHRR) competes with AHR for the binding of ARNT, and thereby repressing AHR's transcription activity [[cite:PUB00088913]].</p>
1;IPR035965;"doi:10.1016/j.cell.2021.04.011
imex:IM-29278
pubmed:33961781";PAS domain superfamily;"<p>PAS domains are involved in many signalling proteins where they are used as a signal sensor domain [[cite:PUB00015791]]. PAS domains appear in archaea, bacteria and eukaryotes. Several PAS-domain proteins are known to detect their signal by way of an associated cofactor. Heme,
flavin, and a 4-hydroxycinnamyl chromophore are used in different proteins. The PAS domain was named after three proteins that it occurs in:</p>

<ul><li>Per- period circadian protein</li>
<li>Arnt- Ah receptor nuclear translocator protein</li>
<li>Sim-  single-minded protein.</li></ul>

<p>PAS domains are often associated with PAC motifs [interpro:IPR001610]. It appears that these domains are directly linked, and that together they form the conserved 3D PAS fold. The division between the PAS and PAC domains is caused by major differences in sequences in the region connecting these two motifs [[cite:PUB00014500]]. In human PAS kinase, this region has been shown to be very flexible, and adopts different conformations depending on the bound ligand [[cite:PUB00014501]]. Probably the most surprising identification of a PAS domain was that in EAG-like K<sup></sup>-channels [[cite:PUB00005472]].</p>"
1;IPR013767;"doi:10.1016/j.cell.2021.04.011
imex:IM-29278
pubmed:33961781";PAS fold;"<p>PAS domains are involved in many signalling proteins where they are used as a signal sensor domain [[cite:PUB00015791]]. PAS domains appear in archaea, bacteria and eukaryotes. Several PAS-domain proteins are known to detect their signal by way of an associated cofactor. Heme,
flavin, and a 4-hydroxycinnamyl chromophore are used in different proteins. The PAS domain was named after three proteins that it occurs in:</p>

<ul><li>Per- period circadian protein</li>
<li>Arnt- Ah receptor nuclear translocator protein</li>
<li>Sim-  single-minded protein.</li></ul>

<p>PAS domains are often associated with PAC motifs [interpro:IPR001610]. It appears that these domains are directly linked, and that together they form the conserved 3D PAS fold. The division between the PAS and PAC domains is caused by major differences in sequences in the region connecting these two motifs [[cite:PUB00014500]]. In human PAS kinase, this region has been shown to be very flexible, and adopts different conformations depending on the bound ligand [[cite:PUB00014501]]. Probably the most surprising identification of a PAS domain was that in EAG-like K<sup></sup>-channels [[cite:PUB00005472]].</p>"
1;IPR013655;"doi:10.1016/j.cell.2021.04.011
imex:IM-29278
pubmed:33961781";PAS fold 3;"<p>The PAS fold corresponds to the structural domain that has previously been defined as PAS and PAC motifs [[cite:PUB00014500]]. The PAS fold appears in archaea, eubacteria and eukarya, and is involved in a variety of functions within sensory proteins promoting protein-protein interactions, signal transfer or as a stimuli sensor [[cite:PUB00094320]]. The PAS domain contains a sensory box, or S-box domain that occupies the central portion of the PAS domain but is more widely distributed. It is often tandemly repeated. Known prosthetic groups bound in the S-box domain include haem in the oxygen sensor FixL [[cite:PUB00033218]], FAD in the redox potential sensor NifL [[cite:PUB00033219]], and a 4-hydroxycinnamyl chromophore in photoactive yellow protein [[cite:PUB00033220]]. Proteins containing the domain often contain other regulatory domains such as response regulator or sensor histidine kinase domains. Other S-box proteins include phytochromes and the aryl hydrocarbon receptor nuclear translocator.</p>; <p>PAS domains are involved in many signalling proteins where they are used as a signal sensor domain [[cite:PUB00015791]]. PAS domains appear in archaea, bacteria and eukaryotes. Several PAS-domain proteins are known to detect their signal by way of an associated cofactor. Heme,
flavin, and a 4-hydroxycinnamyl chromophore are used in different proteins. The PAS domain was named after three proteins that it occurs in:</p>

<ul><li>Per- period circadian protein</li>
<li>Arnt- Ah receptor nuclear translocator protein</li>
<li>Sim-  single-minded protein.</li></ul>

<p>PAS domains are often associated with PAC motifs [interpro:IPR001610]. It appears that these domains are directly linked, and that together they form the conserved 3D PAS fold. The division between the PAS and PAC domains is caused by major differences in sequences in the region connecting these two motifs [[cite:PUB00014500]]. In human PAS kinase, this region has been shown to be very flexible, and adopts different conformations depending on the bound ligand [[cite:PUB00014501]]. Probably the most surprising identification of a PAS domain was that in EAG-like K<sup></sup>-channels [[cite:PUB00005472]].</p>"
1;IPR001610;"doi:10.1016/j.cell.2021.04.011
imex:IM-29278
pubmed:33961781";PAC motif;<p>PAC motifs occur C-terminal to a subset of all known PAS motifs (see [interpro:IPR000014]). It is proposed to contribute to the PAS domain fold [[cite:PUB00005472], [cite:PUB00000420], [cite:PUB00006196]].</p>
1;IPR007955;"pubmed:12150911
pubmed:16429126";Bystin;<p>Trophinin and tastin form a cell adhesion molecule complex that potentially mediates an initial attachment of the blastocyst to uterine epithelial cells at the time of implantation. Trophinin and tastin bind to an intermediary cytoplasmic protein called bystin. Bystin may be involved in implantation and trophoblast invasion because bystin is found with trophinin and tastin in the cells at human implantation sites and also in the intermediate trophoblasts at invasion front in the placenta from early pregnancy [[cite:PUB00010465]]. This family also includes the Saccharomyces cerevisiae protein ENP1. ENP1 is an essential protein in S. cerevisiae and is localised in the nucleus [[cite:PUB00010466]]. It is thought that ENP1 plays a direct role in the early steps of rRNA processing as enp1 defective S. cerevisiae cannot synthesise 20S pre-rRNA and hence 18S rRNA, which leads to reduced formation of 40S ribosomal subunits [[cite:PUB00010467]].</p>
1;IPR008936;pubmed:16429126;Rho GTPase activation protein;<p>Proteins containing a RhoGAP (Rho GTPase Activating Protein) domain usually function to catalyse the hydrolysis of GTP that is bound to Rho, Rac and/or Cdc42, inactivating these regulators of the actin cytoskeleton. The 53 known human RhoGAP domain-containing proteins are the largest known group of Rho GTPase regulators and significantly outnumber the 21 Rho GTPases they presumably regulate. This excess of GAP proteins probably indicates complex regulation of the Rho GTPases and is consistent with the existence of almost as many (48) human Dbl domain-containing Rho GEFs that act antagonistically to the RhoGAP proteins by activating the Rho GTPases. Phylogenetic analysis offers evidence for frequent domain duplication and for duplication of the entire genes containing these GAP domains [[cite:PUB00010623]].</p>
1;IPR036964;pubmed:16429126;Ras guanine-nucleotide exchange factor, catalytic domain superfamily;"<p>Ras proteins are membrane-associated molecular switches that bind GTP and GDP and slowly hydrolyze GTP to GDP [[cite:PUB00004087]] in fundamental events such as signal transduction, cytoskeleton dynamics and intracellular trafficking. The balance between the GTP bound (active) and GDP bound (inactive) states is regulated by the opposite action of proteins activating the GTPase activity and that of proteins which promote the loss of bound GDP and the uptake of fresh GTP [[cite:PUB00004162], [cite:PUB00001017]]. The latter proteins are known as guanine-nucleotide exchange (or releasing) factors (GEFs or GRFs) (or also as guanine-nucleotide dissociation stimulators (GDSs)). GEFs catalyze the dissociation of GDP from the inactive GTP-binding proteins. GTP can then bind and induce structural changes that allow interaction with effectors [[cite:PUB00081668], [cite:PUB00000728]].</p>

<p><P>The crystal structure of the GEF region of human Sos1 complexes with Ras has been solved [[cite:PUB00001237]]. The structure consists of two distinct α helical structural domains: the N-terminal domain which seems to have a purely structural role and the C-terminal domain which is sufficient for catalytic activity and contains all residues that interact with Ras. A main feature of the catalytic domain is the protrusion of a helical hairpin important for the nucleotide-exchange mechanism. The N-terminal domain is likely to be important for the stability and correct placement of the hairpin structure.</P></p>

<p>Some proteins known to contain a Ras-GEF domain are listed below:</p>

<ul>
<li>Cdc25 from yeast.</li>
<li>Scd25 from yeast.</li>
<li>Ste6 from fission yeast.</li>
<li>Son of sevenless (gene sos) from Drosophila and mammals.</li>
<li>p140-RAS GRF (cdc25Mm) from mammals. This protein possesses both a domain belonging to the CDC25 family and one belonging to the CDC24 family.</li>
<li>Bud5 from yeast, that may interact with the ras-like protein RSR1/BUD1.</li>
<li>Lte1 from yeast, whose target protein is not yet known.</li>
<li>ralGDS from mammals, which interacts with the ras-like proteins ralA and ralB [[cite:PUB00001237]].</li>
</ul>; <p>This entry represents the C-terminal catalytic domain of the Ras guanine-nucleotide exchange factors.</p>"
1;IPR000198;pubmed:16429126;Rho GTPase-activating protein domain;"<p>Members of the Rho family of small G proteins transduce signals from plasma-membrane
receptors and control cell adhesion, motility and shape by actin cytoskeleton formation.
Like all other GTPases, Rho proteins act as molecular switches, with an active
GTP-bound form and an inactive GDP-bound form. The active conformation is promoted by
guanine-nucleotide exchange factors, and the inactive state by GTPase-activating proteins
(GAPs) which stimulate the intrinsic GTPase activity of small G proteins.
This entry is a Rho/Rac/Cdc42-like GAP domain, that is found in a wide variety of large,
multi-functional proteins [[cite:PUB00004251]].
A number of structure are known for this family
[[cite:PUB00004251], [cite:PUB00004880], [cite:PUB00004258]].
The domain is composed of seven α-helices.
This domain is also known as the breakpoint cluster region-homology (BH) domain.</p>"
1;IPR050729;pubmed:16429126;Rho GTPase-activating protein;<p>This family of proteins includes Rho GTPase-activating proteins (GAPs) that are primarily involved in the regulation of Rho-type GTPases. These proteins typically inactivate GTPases by accelerating the hydrolysis of GTP to GDP, thereby switching the GTPase from an active to an inactive state. Members of this family are implicated in various cellular processes, including signal transduction pathways, cell integrity, stress responses, polarized cell growth, bud site selection, and clathrin-mediated endocytosis. Some proteins within this family are also involved in the regulation of the actin cytoskeleton, contributing to cell contraction and the formation of stress fibers. Additionally, certain members interact with phosphoinositides, which may influence their localization and activity within the cell.</p>
1;IPR001895;pubmed:16429126;Ras guanine-nucleotide exchange factors catalytic domain;"<p>This entry represents the catalytic domain of the Ras guanine-nucleotide exchange factors.</p>; <p>Ras proteins are membrane-associated molecular switches that bind GTP and GDP and slowly hydrolyze GTP to GDP [[cite:PUB00004087]] in fundamental events such as signal transduction, cytoskeleton dynamics and intracellular trafficking. The balance between the GTP bound (active) and GDP bound (inactive) states is regulated by the opposite action of proteins activating the GTPase activity and that of proteins which promote the loss of bound GDP and the uptake of fresh GTP [[cite:PUB00004162], [cite:PUB00001017]]. The latter proteins are known as guanine-nucleotide exchange (or releasing) factors (GEFs or GRFs) (or also as guanine-nucleotide dissociation stimulators (GDSs)). GEFs catalyze the dissociation of GDP from the inactive GTP-binding proteins. GTP can then bind and induce structural changes that allow interaction with effectors [[cite:PUB00081668], [cite:PUB00000728]].</p>

<p><P>The crystal structure of the GEF region of human Sos1 complexes with Ras has been solved [[cite:PUB00001237]]. The structure consists of two distinct α helical structural domains: the N-terminal domain which seems to have a purely structural role and the C-terminal domain which is sufficient for catalytic activity and contains all residues that interact with Ras. A main feature of the catalytic domain is the protrusion of a helical hairpin important for the nucleotide-exchange mechanism. The N-terminal domain is likely to be important for the stability and correct placement of the hairpin structure.</P></p>

<p>Some proteins known to contain a Ras-GEF domain are listed below:</p>

<ul>
<li>Cdc25 from yeast.</li>
<li>Scd25 from yeast.</li>
<li>Ste6 from fission yeast.</li>
<li>Son of sevenless (gene sos) from Drosophila and mammals.</li>
<li>p140-RAS GRF (cdc25Mm) from mammals. This protein possesses both a domain belonging to the CDC25 family and one belonging to the CDC24 family.</li>
<li>Bud5 from yeast, that may interact with the ras-like protein RSR1/BUD1.</li>
<li>Lte1 from yeast, whose target protein is not yet known.</li>
<li>ralGDS from mammals, which interacts with the ras-like proteins ralA and ralB [[cite:PUB00001237]].</li>
</ul>"
1;IPR000651;pubmed:16429126;Ras-like guanine nucleotide exchange factor, N-terminal;"<p>The N-terminal domain of guanine nucleotide exchange factor (GEF) for Ras-like GTPases is also called REM domain (Ras exchanger motif). REM contacts the GTPase and is assumed to participate in the catalytic activity of the exchange factor. Proteins with the REM domain include Sos1 and Sos2, which relay signals from tyrosine-kinase mediated signalling to Ras, RasGRP1-4, RasGRF1,2, CNrasGEF, and RAP-specific nucleotide exchange factors, to name a few [[cite:PUB00080062], [cite:PUB00080063], [cite:PUB00000728], [cite:PUB00004162], [cite:PUB00004150], [cite:PUB00039810], [cite:PUB00029235], [cite:PUB00006190]].</p>; <p>The crystal structure of the GEF region of human Sos1 complexes with Ras has been solved [[cite:PUB00006190]]. The structure consists of two distinct α helical structural domains: the N-terminal domain which seems to have a purely structural role and the C-terminal domain which is sufficient for catalytic activity and contains all residues that interact with Ras. A main feature of the catalytic domain is the protrusion of a helical hairpin important for the nucleotide-exchange mechanism. The N-terminal domain is likely to be important for the stability and correct placement of the hairpin structure.</p>

<p>This entry represents a domain found in several GEF for Ras-like small GTPases which lies N-terminal to the RasGef (Cdc25-like) domain.</p>"
1;IPR023578;pubmed:16429126;Ras guanine nucleotide exchange factor domain superfamily;"<p>Small GTPases of the Ras family alternate between 2 conformations induced by the binding of either GTP or GDP. Guanine nucleotide exchange factors (GEFs) induce the dissociation of GDP to allow association of the more abundant GTP. The Ras-like family of small GTPases includes, among others, Ras, Rap1, R-ras, and Ral. The family is characterised by similarities in the effector domain. The Ras GTPase Rap1 is activated rapidly in response to activation of a variety of receptors. Rap1 activation is mediated by several second messengers, including calcium, diacylglycerol, and cAMP. GEFs have been identified that mediate these effects. One such GEF is Epac, an exchange protein directly activated by cAMP, which represents a novel cAMP-induced, protein kinase A-independent pathway [[cite:PUB00010624]].</p>; <p>This superfamily represents a multihelical domain found in Ras GEFs. It can be subdivided in two domains: Ras GEF catalytic domain ([interpro:IPR001895]) and Ras GEF N-terminal domain ([interpro:IPR000651]). In the nucleotide exchange factor Son of sevenless (SOS), both of these domains are required for the Ras specific nucleotide exchange activity, and both of them together are referred to as SOS-cat [[cite:PUB00032394]].</p>"
1;IPR012954;"pubmed:12150911
pubmed:16429126";BP28, C-terminal domain;<p>This domain is found in the C-terminal of BAP28 proteins [[cite:PUB00016366]] (which are involved in nucleolar processing of pre-18S ribosomal RNA and ribosome biosynthesis [[cite:PUB00043646]]) and in other BAP28-like proteins.</p>
1;IPR022125;"pubmed:12150911
pubmed:16429126";U3 small nucleolar RNA-associated protein 10, N-terminal;<p>This entry represents the N-terminal domain of Utp10, which is a HEAT-repeat containing protein involved in nucleolar processing of pre-18S ribosomal RNA [[cite:PUB00008496]]. Utp10 is also involved in 40S ribosome maturation [[cite:PUB00090010]]. Proteins containing this domain also include HEATR1 from humans. HEATR1 is required for optimal pre-ribosomal RNA transcription by RNA polymerase I [[cite:PUB00090011]].</p>
1;IPR040191;"pubmed:12150911
pubmed:16429126";U3 small nucleolar RNA-associated protein 10;<p>Proteins in this entry contain an armadillo-type fold, and a BP28, C-terminal domain. It includes HEAT repeat -containing protein 1 (HEATR1) from human and its orthologues from fungi, U3 small nucleolar RNA-associated protein 10 (Utp10), which is a HEAT-repeat containing protein involved in nucleolar processing of pre-18S ribosomal RNA [[cite:PUB00008496]]. Utp10 is also involved in 40S ribosome maturation [[cite:PUB00090010]]. HEATR1 is a ribosome biogenesis factor required for recruitment of Myc to nucleoli [[cite:PUB00158858], [cite:PUB00151110]]. It is involved in nucleolar processing of pre-18S ribosomal RNA and it is required for optimal pre-ribosomal RNA transcription by RNA polymerase I [[cite:PUB00090011]]. HEATR1 plays a role in neuronal-lineage cell proliferation [[cite:PUB00158858]].</p>
1;IPR056473;"pubmed:12150911
pubmed:16429126";Utp10/HEAT1, HEAT-repeats domain;"<p>This entry represents a HEAT-repeats domain found in HEATR1, Utp10 and similar eukaryotic proteins.</p>; <p>Proteins in this entry contain an armadillo-type fold, and a BP28, C-terminal domain. It includes HEAT repeat -containing protein 1 (HEATR1) from human and its orthologues from fungi, U3 small nucleolar RNA-associated protein 10 (Utp10), which is a HEAT-repeat containing protein involved in nucleolar processing of pre-18S ribosomal RNA [[cite:PUB00008496]]. Utp10 is also involved in 40S ribosome maturation [[cite:PUB00090010]]. HEATR1 is a ribosome biogenesis factor required for recruitment of Myc to nucleoli [[cite:PUB00158858], [cite:PUB00151110]]. It is involved in nucleolar processing of pre-18S ribosomal RNA and it is required for optimal pre-ribosomal RNA transcription by RNA polymerase I [[cite:PUB00090011]]. HEATR1 plays a role in neuronal-lineage cell proliferation [[cite:PUB00158858]].</p>"
1;IPR011989;"pubmed:12150911
pubmed:16429126";Armadillo-like helical;<p>This superfamily represents a domain consisting of a multi-helical fold comprising two curved layers of α-helices arranged in a regular right-handed superhelix, where the repeats that make up this structure are arranged about a common axis [[cite:PUB00015442]]. These superhelical structures present an extensive solvent-accessible surface that is well suited to binding large substrates such as proteins and nucleic acids. This topology has been found with a number of repeats and domains, including the armadillo repeat (found in beta-catenins and importins), the HEAT repeat (found in protein phosphatase 2a and initiation factor eIF4G), the PHAT domain (found in Smaug RNA-binding protein), the leucine-rich repeat variant, the Pumilo repeat, and in the H regulatory subunit of V-type ATPases. The sequence similarity among these different repeats or domains is low, however they exhibit considerable structural similarity. Furthermore, the number of repeats present in the superhelical structure can vary between orthologues, indicating that rapid loss/gain of repeats has occurred frequently in evolution. A common phylogenetic origin has been proposed for the armadillo and HEAT repeats [[cite:PUB00015443]].</p>
1;IPR016024;"pubmed:12150911
pubmed:16429126";Armadillo-type fold;"<p>This entry represents a structural domain with an armadillo (ARM)-like fold, consisting of a multi-helical fold comprised of two curved layers of α-helices arranged in a regular right-handed superhelix, where the repeats that make up this structure are arranged about a common axis [[cite:PUB00015442]]. These superhelical structures present an extensive solvent-accessible surface that is well suited to binding large substrates such as proteins and nucleic acids.</p>

<p>The sequence similarity among these different repeats or domains is low, however they exhibit considerable structural similarity. Furthermore, the number of repeats present in the superhelical structure can vary between orthologues, indicating that rapid loss/gain of repeats has occurred frequently in evolution. A common phylogenetic origin has been proposed for the armadillo and HEAT repeats [[cite:PUB00015443]].</p>"
1;IPR021133;"pubmed:12150911
pubmed:16429126";HEAT, type 2;"<p>The HEAT repeat is a tandemly repeated, 37-47 amino acid long module occurring in a number of cytoplasmic proteins, including the four name-giving proteins huntingtin, elongation factor 3 (EF3), the 65 kDa alpha regulatory subunit of protein phosphatase 2A (PP2A) and the yeast PI3-kinase TOR1 [[cite:PUB00006179]]. Arrays of HEAT repeats consists of 3 to 36 units forming a rod-like helical structure and appear to function as protein-protein interaction surfaces. It has been noted that many HEAT repeat-containing proteins are involved in intracellular transport processes.</p>

<p>In the crystal structure of PP2A PR65/A [[cite:PUB00006180]], the HEAT repeats consist of pairs of antiparallel α-helices [[cite:PUB00006179]].</p>"
1;IPR012961;"imex:IM-29638
pubmed:37070168";ATP-dependent RNA helicase Ski2/MTR4, C-terminal;<p>This C-terminal domain is found in Ski2/MTR4/helY-like DEAD box helicases [[cite:PUB00016366], [cite:PUB00058447]].</p>
1;IPR014001;"imex:IM-29638
pubmed:37070168";Helicase superfamily 1/2, ATP-binding domain;"<p>This entry represents the DNA-binding domain of classical SF1 and SF2 helicases. It does not recognise bacterial DinG and eukaryotic Rad3 which differ from other SF1-SF2 helicases by the presence of a large insert after the Walker A (see [interpro:IPR014013]).</p>; <p>Helicases have been classified in 5 superfamilies (SF1-SF5). All of the proteins bind ATP and, consequently, all of them carry the classical Walker A (phosphate-binding loop or P-loop) and Walker B (Mg2+-binding aspartic acid) motifs. For the two largest groups, commonly referred to as SF1 and SF2, a total of seven characteristic motifs has been identified [[cite:PUB00004361]]. These two superfamilies encompass a large number of DNA and RNA helicases from archaea, eubacteria, eukaryotes and viruses that seem to be active as monomers or dimers. RNA and DNA helicases are considered to be enzymes that catalyse the separation of double-stranded nucleic acids in an energy-dependent manner [[cite:PUB00033619]].</p>

<p>The various structures of SF1 and SF2 helicases present a common core with two α-β RecA-like domains [[cite:PUB00033619], [cite:PUB00025034]]. The structural homology with the RecA recombination protein covers the five contiguous parallel β-strands and the tandem α-helices. ATP binds to the amino proximal α-β domain, where the Walker A (motif I) and Walker B (motif II) are found. The N-terminal domain also contains motif III (S-A-T) which was proposed to participate in linking ATPase and helicase activities. The carboxy-terminal α-β domain is structurally very similar to the proximal one even though it is bereft of an ATP-binding site, suggesting that it may have originally arisen through gene duplication of the first one.</p>

<p>Some members of helicase superfamilies 1 and 2 are listed below:</p>

<ul><li>DEAD-box RNA helicases. The prototype of DEAD-box proteins is the translation initiation factor eIF4A. The eIF4A protein is an RNA-dependent ATPase which functions together with eIF4B as an RNA helicase [[cite:PUB00033620]].</li>
<li>DEAH-box RNA helicases. Mainly pre-mRNA-splicing factor ATP-dependent RNA helicases [[cite:PUB00033620]].</li>
<li>Eukaryotic DNA repair helicase RAD3/ERCC-2, an ATP-dependent 5'-3' DNA helicase involved in nucleotide excision repair of UV-damaged DNA.</li>
<li>Eukaryotic TFIIH basal transcription factor complex helicase XPB subunit. An ATP-dependent 3'-5' DNA helicase which is a component of the core-TFIIH basal transcription factor, involved in nucleotide excision repair (NER) of DNA and, when complexed to CAK, in RNA transcription by RNA polymerase II. It acts by opening DNA either around the RNA transcription start site or the DNA.</li>
<li>Eukaryotic ATP-dependent DNA helicase Q. A DNA helicase that may play a role in the repair of DNA that is damaged by ultraviolet light or other mutagens.</li>
<li>Bacterial and eukaryotic antiviral SKI2-like helicase. SKI2 has a role in the 3'-mRNA degradation pathway, repressing dsRNA virus propagation by specifically blocking translation of viral mRNAs, perhaps recognizing the absence of CAP or poly(A).</li>
<li>Bacterial DNA-damage-inducible protein G (DinG). A probable helicase involved in DNA repair and perhaps also replication [[cite:PUB00033621]].</li>
<li>Bacterial primosomal protein N' (PriA). PriA protein is one of seven proteins that make up the restart primosome, an apparatus that promotes assembly of replisomes at recombination intermediates and stalled replication forks.</li>
<li>Bacterial ATP-dependent DNA helicase RecG. It has a critical role in recombination and DNA repair, helping process Holliday junction intermediates to mature products by catalysing branch migration. It has a DNA unwinding activity characteristic of helicases with a 3' to 5' polarity.</li>
<li>A variety of DNA and RNA virus helicases and transcription factors</li></ul>"
1;IPR011545;"imex:IM-29638
pubmed:37070168";DEAD/DEAH-box helicase domain;"<p>This entry represents the DNA-binding domain at the N-terminal in DEAD/DEAH box helicase and related proteins. This domain also contains motif III (S-A-T) which was proposed to participate in linking ATPase and helicase activities.</p>; <p>DEAD-box and DEAH-box RNA helicases are essential enzymes involved in the unwinding of nucleic acids, playing critical roles in RNA metabolism. The DEAD-box helicases, exemplified by the translation initiation factor eIF4A, are RNA-dependent ATPases that act as RNA helicases in conjunction with eIF4B. These proteins participate in a wide range of processes including nuclear transcription, pre-mRNA splicing, ribosome biogenesis, nucleocytoplasmic transport, translation, RNA decay and organellar gene expression. In contrast, DEAH-box helicases are primarily involved in pre-mRNA splicing and function as ATP-dependent RNA helicases [[cite:PUB00094062], [cite:PUB00054674], [cite:PUB00033620]].</p>"
1;IPR001650;"imex:IM-29638
pubmed:37070168";Helicase, C-terminal domain-like;"<p>Helicases have been classified in 5 superfamilies (SF1-SF5). For the two largest groups, commonly referred to as SF1 and SF2, a total of seven characteristic motifs has been identified [[cite:PUB00004361]]. These two superfamilies encompass a large number of DNA and RNA helicases from archaea, eubacteria, eukaryotes and viruses.</p>

<p>This entry represents the C-terminal domain found in proteins belonging to the helicase superfamilies 1 and 2. Included in this group is the eukaryotic translation initiation factor 4A (eIF4A), a member of the DEA(D/H)-box RNA helicase family. The structure of the carboxyl-terminal domain of eIF4A has been determined; it has a parallel α-β topology that superimposes, with minor variations, on the structures and conserved motifs of the equivalent domain in other, distantly related helicases [[cite:PUB00025034]].</p>"
1;IPR016438;"imex:IM-29638
pubmed:37070168";Circadian oscillator component FRH-like;"<p>This family represents a group of ATP-dependent RNA helicases and their homologues, including Circadian oscillator component FRH (FRH),
Superkiller complex protein 2 (SKI2) and RNA helicase Mtr4 (also known as Dob1). This entry also includes DExH-box ATP-dependent RNA helicase DExH9 from Arabidopsis thaliana which target specific subsets of nuclear transcripts for degradation by the nuclear exosome [[cite:PUB00074527]].</p>; <p>FRH is a core component of the circadian oscillator, forming the FRC complex together with FRQ proteins [[cite:PUB00163261]]. This complex functions as the negative arm of the oscillator, inhibiting the activity of the WCC complex (composed of WC1 and WC2), thereby establishing the negative feedback loop that drives circadian rhythms [[cite:PUB00163261]]. The circadian clock governs the rhythmic expression of transcription factors, such as ZAFA and CZF1, which are vital for fungal adaptation to zinc starvation stress and the production of secondary metabolites [[cite:PUB00163261]]. In Fusarium oxysporum, the circadian clock controls pathogenesis in tomato plants, with infections causing the most severe disease symptoms at dawn [[cite:PUB00163261]].</p>; <p>SKI2 is a RNA helicase that forms Ski complex, which participates in many cytoplasmic pathways of the exosome in both yeast and metazoan cells, including 3'-to-5' mRNA turnover [[cite:PUB00074525], [cite:PUB00151108], [cite:PUB00151109]].</p>; <p>Mtr4 is a ATP-dependent 3'-5' RNA helicase involved in nuclear RNA processing and degradation [[cite:PUB00074526], [cite:PUB00074528]].</p>"
1;IPR048392;"imex:IM-29638
pubmed:37070168";Exosome RNA helicase MTR4-like, stalk;"<p>This entry represents the helical stalk found at the N-terminal of KOW β-barrel from MTR4 [[cite:PUB00058447], [cite:PUB00057873], [cite:PUB00129868]]. This entry also includes Ski2-like helicases which have an overall similar structure to MTR4 proteins. However, Ski2 from yeast does not have the KOW motif and the β-barrel is tightly packed against the helical stalk [[cite:PUB00058447]].</p>; <p>Exosome RNA helicase Mtr4 is a essential RNA helicase, and is an exosome-activating cofactor. It functions together with the nuclear exosome being involved in processing of structured RNAs, including snRNAs and snoRNAs. It also plays a role in nuclear RNA surveillance pathways involving the so-called TRAMP complex [[cite:PUB00057873], [cite:PUB00129868], [cite:PUB00151589]]. It contains an arch domain, required for proper 5.8S rRNA processing, and appears to function independently of canonical helicase activity [[cite:PUB00151589]]. The arch domain comprises an helical stalk/elbow that flanks a KOW module which adopts a β-barrel fold [[cite:PUB00058447]].</p>"
1;IPR050699;"imex:IM-29638
pubmed:37070168";ATP-dependent RNA helicase SUPV3-like;"<p>This entry represents ATP-dependent RNA helicase SUPV3L1, mitochondrial and related  ATP-dependent RNA helicases found in bacteria and eukaryotes including Probable helicase HelY from bacteria.</p>; <p>SUPV3L1 is a major helicase involved in mitochondrial RNA metabolism. It is a component of the mitochondrial degradosome (mtEXO) complex, which degrades 3' overhang double-stranded RNA with 3'-to-5' directionality in an ATP-dependent manner [[cite:PUB00095346]]. SUPV3L1 functions as an ATPase and ATP-dependent multisubstrate helicase, capable of unwinding double-stranded DNA, double-stranded RNA, and RNA/DNA heteroduplexes in the 5'-to-3' direction. The protein plays a central role in the mitochondrial RNA surveillance system, regulating the stability of mature mRNAs, removing aberrantly formed mRNAs, and rapidly degrading non-coding processing intermediates, including non-coding mitochondrial transcripts (MT-ncRNA) and tRNA-like molecules [[cite:PUB00095346]]. SUPV3L1 is also implicated in recombination and chromatin maintenance pathways, associates with mitochondrial DNA, and may protect cells from apoptosis.</p>"
1;IPR011254;"imex:IM-29638
pubmed:37070168";Prismane-like superfamily;"<p>Prismane (hybrid-cluster) proteins are present in a wide range of bacteria and archaea, and are characterised by their two Fe/S centres: a [4Fe-4S] cubane cluster, and a hybrid [4Fe-2S-2O] cluster [[cite:PUB00007375]]. Prismane proteins contain four domains: two spectrin repeat-like 3-helical bundle domains, and two α/β domains with Rossmann-fold topology. Several proteins are structurally related to Prismane, including Ni-containing carbon monoxide dehydrogenase (CODH) (lack one of the N-terminal 3-helical bundle domains), the alpha and beta subunits of bifunctional CODH, and the alpha and beta subunits of acetyl-CoA synthetase.</p>
<p>This superfamily represents the spectrin repeat-like 3-helical bundle domains, as well as the two α/β domains with Rossmann-fold topology.</p>"
1;IPR025696;"imex:IM-29638
pubmed:37070168";Exosome RNA helicase MTR4-like, beta-barrel domain;"<p>This entry represents the β-barrel of MTR4 and related Ski2-like helicases. Ski2 from yeast has an overall similar structure to MTR4 proteins. However, it does not have the KOW motif [[cite:PUB00058447]] and it is not included in this entry. This entry also includes Circadian oscillator component FRH.</p>; <p>Exosome RNA helicase Mtr4 is a essential RNA helicase, and is an exosome-activating cofactor. It functions together with the nuclear exosome being involved in processing of structured RNAs, including snRNAs and snoRNAs. It also plays a role in nuclear RNA surveillance pathways involving the so-called TRAMP complex [[cite:PUB00057873], [cite:PUB00129868], [cite:PUB00151589]]. It contains an arch domain, required for proper 5.8S rRNA processing, and appears to function independently of canonical helicase activity [[cite:PUB00151589]]. The arch domain comprises an helical stalk/elbow that flanks a KOW module which adopts a β-barrel fold [[cite:PUB00058447]].</p>"
1;IPR017956;"imex:IM-23312
pubmed:26045162";AT hook, DNA-binding motif;<p>AT hooks are DNA-binding motifs with a preference for A/T rich regions. These motifs are found in a variety of proteins, including the high mobility group (HMG) proteins [[cite:PUB00044075]], in DNA-binding proteins from plants [[cite:PUB00044076]] and in hBRG1 protein, a central ATPase of the human switching/sucrose non-fermenting (SWI/SNF) remodelling complex [[cite:PUB00044077]].</p>
1;IPR000116;"imex:IM-23312
pubmed:26045162";High mobility group protein HMGA;"<p>This entry represents the HMGA family, whose members contain DNA-binding domains, also known as AT hooks due to their ability to interact with the narrow minor groove of AT-rich DNA sequences. They play an important role in chromatin organisation [[cite:PUB00074434]].</p>; <p>The high mobility group (HMG) proteins are the most abundant and ubiquitous nonhistone chromosomal proteins. They bind to DNA and to nucleosomes and are involved in the regulation of DNA-dependent processes such as transcription, replication, recombination, and DNA repair. They can be grouped into three families: HMGB (HMG 1/2), HMGN (HMG 14/17) and HMGA (HMG I/Y). The characteristic domains are: AT-hook for the HMGA family, the HMG Box for the HMGB family, and the nucleosome-binding domain (NBD) for the members of the HMGN family [[cite:PUB00074432]].</p>"
1;IPR035369;"pubmed:12150911
pubmed:16429126";Nrap protein, domain 4;"<p>This entry represents a conserved domain found in Nrap.</p>; <p>Nucleolar RNA-associated proteins (Nrap) are highly conserved from yeast  (Saccharomyces cerevisiae) to human. In the mouse, Nrap is ubiquitously expressed and is specifically localised in the nucleolus. Nrap is a large nucleolar protein (of more than 1000 amino acids). Nrap appears to be associated with ribosome biogenesis by interacting with pre-rRNA primary transcript [[cite:PUB00008443]].</p>"
1;IPR035367;"pubmed:12150911
pubmed:16429126";Nrap protein, domain 2;"<p>This entry represents a conserved domain found in Nrap.</p>; <p>Nucleolar RNA-associated proteins (Nrap) are highly conserved from yeast  (Saccharomyces cerevisiae) to human. In the mouse, Nrap is ubiquitously expressed and is specifically localised in the nucleolus. Nrap is a large nucleolar protein (of more than 1000 amino acids). Nrap appears to be associated with ribosome biogenesis by interacting with pre-rRNA primary transcript [[cite:PUB00008443]].</p>"
1;IPR035368;"pubmed:12150911
pubmed:16429126";Nrap protein, domain 3;"<p>This entry represents a conserved domain found in  Nrap.</p>; <p>Nucleolar RNA-associated proteins (Nrap) are highly conserved from yeast  (Saccharomyces cerevisiae) to human. In the mouse, Nrap is ubiquitously expressed and is specifically localised in the nucleolus. Nrap is a large nucleolar protein (of more than 1000 amino acids). Nrap appears to be associated with ribosome biogenesis by interacting with pre-rRNA primary transcript [[cite:PUB00008443]].</p>"
1;IPR005554;"pubmed:12150911
pubmed:16429126";NOL6/Upt22;<p>This entry includes NOL6 (or Nrap) from animals and Upt22 from yeasts. Upt22 is a component of the small-subunit processome [[cite:PUB00035836]]. It plays a role in channelling aminoacyl-tRNA to the nuclear tRNA export receptor exportin-t [[cite:PUB00092569]].</p>
1;IPR035082;"pubmed:12150911
pubmed:16429126";Nrap protein domain 1;"<p>Members of this family are nucleolar RNA-associated proteins (Nrap) which are highly conserved from yeast (Saccharomyces cerevisiae) to human. In the mouse, Nrap is ubiquitously expressed and is specifically localised in the nucleolus [[cite:PUB00008443]]. Nrap is a large nucleolar protein (of more than 1000 amino acids). Nrap appears to be associated with ribosome biogenesis by interacting with pre-rRNA primary transcript [[cite:PUB00008443]].</p>

<p>This domain has a nucleotidyltransferase structure.</p>"
1;IPR035370;"pubmed:12150911
pubmed:16429126";Nrap protein, domain 5;"<p>This entry represents a conserved domain found in Nrap.</p>; <p>Nucleolar RNA-associated proteins (Nrap) are highly conserved from yeast  (Saccharomyces cerevisiae) to human. In the mouse, Nrap is ubiquitously expressed and is specifically localised in the nucleolus. Nrap is a large nucleolar protein (of more than 1000 amino acids). Nrap appears to be associated with ribosome biogenesis by interacting with pre-rRNA primary transcript [[cite:PUB00008443]].</p>"
1;IPR035371;"pubmed:12150911
pubmed:16429126";Nrap protein, domain 6;"<p>This entry represents a conserved domain found in Nrap.</p>; <p>Nucleolar RNA-associated proteins (Nrap) are highly conserved from yeast  (Saccharomyces cerevisiae) to human. In the mouse, Nrap is ubiquitously expressed and is specifically localised in the nucleolus. Nrap is a large nucleolar protein (of more than 1000 amino acids). Nrap appears to be associated with ribosome biogenesis by interacting with pre-rRNA primary transcript [[cite:PUB00008443]].</p>"
1;IPR009072;"imex:IM-26301
pubmed:29568061";Histone-fold;"<p>Histones mediate DNA organisation and play a dominant role in regulating eukaryotic transcription. The histone-fold consists of a core of three helices, where the long middle helix is flanked at each end by shorter ones. The histone fold is a structural element that facilitates heterodimerisation [[cite:PUB00060941], [cite:PUB00060942], [cite:PUB00039806]]. Proteins displaying this structure include the nucleosome core histones, which form octomers composed of two copies of each of the four histones, H2A, H2B, H3 and H4; archaeal histone, which possesses only the core domain part of eukaryotic histone; and the TATA-box binding protein (TBP)-associated factors (TAF), where the histone fold is a common motif for mediating TAF-TAF interactions. TAF proteins include TAF(II)18 and TAF(II)28, which form a heterodimer, TAF(II)42 and TAF(II)62, which form a heterotetramer similar to (H3-H4)2, and the negative cofactor 2 (NC2) alpha and beta chains, which form a heterodimer. The TAF proteins are a component of transcription factor IID (TFIID), along with the TBP protein. TFIID forms part of the pre-initiation complex on core promoter elements required for RNA polymerase II-dependent transcription. The TAF subunits of TFIID mediate transcriptional activation of subsets of eukaryotic genes. The NC2 complex mediates the inhibition of TATA-dependent transcription through interactions with TBP.</p>"
1;IPR000164;"imex:IM-26301
pubmed:29568061";Histone H3/CENP-A;"<p>This entry includes histone H3 and its variant, CENP-A (Cse4 in budding yeast, Cnp1 in fission yeast, and CID/CenH3 in fruit flies). Two primate-specific forms of H3, known as H3.X and H3.Y, are found in the brain [[cite:PUB00090177]].</p>

<p>Histone H3 is one of the five histones, along with H1/H5, H2A, H2B and H4. Two copies of each of the H2A, H2B, H3, and H4 histones ensemble to form the core of the nucleosome [[cite:PUB00066796]]. The nucleosome forms octameric structure that wraps DNA in a left-handed manner. H3 is a highly conserved protein of 135 amino acid residues [[cite:PUB00004448], [cite:PUB00004388]]. Histones can undergo several different types of post-translational modifications that affect transcription, DNA repair, DNA replication and chromosomal stability.</p>

<p>Eukaryotic centromeres consists of an unique nucleosome in which CENP-A can be found [[cite:PUB00070934]]. Human CENP-A nucleosome forms a histone octamer containing two each of histones H2A, H2B, H4 and CENP-A. Similar to the H3-containing nucleosome, the CENP-A nucleosome wraps DNA in a left-handed orientation [[cite:PUB00070935], [cite:PUB00070936]]. CENP-A nucleosomes function as a scaffold on which other kinetochore proteins assemble. CENP-A may serves as an epigenetic marker for kinetochore assembly [[cite:PUB00070937]]. Deposition of CENP-A to the centromere requires histone chaperone HJURP (Holliday junction recognition protein) [[cite:PUB00070938]].</p>"
1;IPR007125;"imex:IM-26301
pubmed:29568061";Core Histone H2A/H2B/H3 domain;"<p>Five major families of histones exist: H1/H5, H2A, H2B, H3, and H4 [[cite:PUB00066796]]. Histones H2A, H2B, H3 and H4 are known as the core histones, while histones H1 and H5 are known as the linker histones. The core histones together with some other DNA binding proteins form a superfamily defined by a common fold and distant sequence similarities [[cite:PUB00005743], [cite:PUB00005777]]. Some proteins contain local homology domains related to the histone fold [[cite:PUB00004260]].</p>

<p>This entry represents a domain found in histones H2A, H2B and H3. This domain can also be found in transcription factors, such as OsNF-YC2 from rice [[cite:PUB00094278]].</p>"
1;IPR013949;"pubmed:12150911
pubmed:16429126";U3 small nucleolar RNA-associated protein 6;<p>Utp6 is a component of the small subunit (SSU) processome containing the U3 snoRNA that is involved in processing of pre-18S rRNA [[cite:PUB00008496]].</p>
1;IPR003107;"pubmed:12150911
pubmed:16429126";HAT (Half-A-TPR) repeat;"<p>This entry represents the HAT repeat in Pre-mRNA-splicing factor SYF1, CLF1 and related proteins that bind RNA from eukaryotes and prokaryotes
.</p>

<p>The HAT (Half A TPR) repeat has a repetitive pattern characterised by three aromatic residues with a conserved spacing. They are structurally and sequentially similar to TPRs (tetratricopeptide repeats), though they lack the highly conserved alanine and glycine residues found in TPRs. The number of HAT repeats found in different proteins varies between 9 and 12. HAT-repeat-containing proteins appear to be components of macromolecular complexes that are required for RNA processing [[cite:PUB00006399]]. The HAT motif has striking structural similarities to HEAT repeats ([interpro:IPR000357]), being of a similar length and consisting of two short helices connected by a loop domain, as in HEAT repeats. Some studies have suggested that the HAT repeats may be involved in protein-protein interactions [[cite:PUB00077963], [cite:PUB00077964]]. However, the HAT repeats of Arabidopsis HCF107 protein have been shown to bind RNA [[cite:PUB00077958]].</p>"
1;IPR055347;"pubmed:12150911
pubmed:16429126";U3 small nucleolar RNA-associated protein 6, N-terminal;"<p>This entry represents the N-terminal segment of UTP6 proteins. This region contains repeats related to TPR superfamily repeats [interpro:IPR011990].</p>; <p>Utp6 is a component of the small subunit (SSU) processome containing the U3 snoRNA that is involved in processing of pre-18S rRNA [[cite:PUB00008496]].</p>"
1;IPR036867;pubmed:18719252;R3H domain superfamily;"<p>The R3H domain superfamily is a conserved sequence motif found in proteins from a diverse range of organisms including eubacteria, green plants, fungi and various groups of metazoans, but not in archaea and Escherichia coli. The domain is named R3H because it contains an invariant arginine and a highly conserved histidine, that are separated by three residues. It also displays a conserved pattern of hydrophobic residues, prolines and glycines. It can be found alone, in association with AAA domain or with various DNA/RNA binding domains like DSRM, KH, G-patch, PHD, DEAD box, or RRM. The functions of these domains indicate that the R3H domain might be involved in polynucleotide-binding, including DNA, RNA and single-stranded DNA [[cite:PUB00005485]].</p>

<p>The 3D structure of the R3H domain has been solved. The fold presents a small motif, consisting of a three-stranded antiparallel β-sheet, against which two α-helices pack from one side. This fold is related to the structures of the YhhP protein and the C-terminal domain of the translational initiation factor IF3. Three conserved basic residues cluster on the same face of the R3H domain and could play a role in nucleic acid recognition. An extended hydrophobic area at a different site of the molecular surface could act as a protein-binding site [[cite:PUB00018517]].</p>"
1;IPR001374;pubmed:18719252;R3H domain;"<p>The R3H domain is a conserved sequence motif found in proteins from a diverse range of organisms including eubacteria, green plants, fungi and various groups of metazoans, but not in archaea and Escherichia coli. The domain is named R3H because it contains an invariant arginine and a highly conserved histidine, that are separated by three residues. It also displays a conserved pattern of hydrophobic residues, prolines and glycines. It can be found alone, in association with AAA domain or with various DNA/RNA binding domains like DSRM, KH, G-patch, PHD, DEAD box, or RRM. The functions of these domains indicate that the R3H domain might be involved in polynucleotide-binding, including DNA, RNA and single-stranded DNA [[cite:PUB00005485]].</p>

<p>The 3D structure of the R3H domain has been solved. The fold presents a small motif, consisting of a three-stranded antiparallel β-sheet, against which two α-helices pack from one side. This fold is related to the structures of the YhhP protein and the C-terminal domain of the translational initiation factor IF3. Three conserved basic residues cluster on the same face of the R3H domain and could play a role in nucleic acid recognition. An extended hydrophobic area at a different site of the molecular surface could act as a protein-binding site [[cite:PUB00018517]].</p>"
1;IPR051937;pubmed:18719252;R3H domain-containing;<p>The R3H domain-containing protein family is involved in various cellular processes. Members of this family are implicated in the regulation of germline mitosis, karyosome formation, and the establishment of dorsoventral polarity in eggs and embryos. They play a role in the localization and translation of grk mRNA in oocytes and may influence germline mitosis by promoting cyclin E proteolysis via the SCF-ubiquitin-proteasome complex. Additionally, certain isoforms within this family may function as competitive inhibitors of calmodulin-dependent enzymes, such as calcineurin, particularly in neuronal contexts.</p>
1;IPR036997;"imex:IM-16517
mint:MINT-5217955
pubmed:16169070";Proteasome activator PA28, C-terminal domain superfamily;"<p>The specificity of the 20S proteasome, which degrades many intracellular proteins, is regulated by protein complexes that bind to one or both ends of the cylindrical proteasome structure. Proteasome activator 28 (PA28), also known as 11S regulator or REG, is one of these complexes. PA28 binds to the 20S proteasome and stimulates peptidase activity in and ATP-independent manner.</p>

<p>Three PA28 subunits that have been identified, PA28alpha, PA28beta and PA28gamma (also known as the Ki antigen), which share extensive sequence similarity, apart from a highly variable internal segment [[cite:PUB00013234]]. PA28alpha and PA28beta form a ring shaped hexameric structure of alternating alpha and beta subunits. The catalytic properties of PA28alpha and PA28beta-activated proteosome are similar [[cite:PUB00033208], [cite:PUB00033209]].</p>

<p>This entry represents the C-terminal domain superfamily found in the proteasome activator 28 subunits.</p>"
1;IPR003186;"imex:IM-16517
mint:MINT-5217955
pubmed:16169070";Proteasome activator PA28, C-terminal domain;"<p>The specificity of the 20S proteasome, which degrades many intracellular proteins, is regulated by protein complexes that bind to one or both ends of the cylindrical proteasome structure. Proteasome activator 28 (PA28), also known as 11S regulator or REG, is one of these complexes. PA28 binds to the 20S proteasome and stimulates peptidase activity in and ATP-independent manner.</p>

<p>This entry represents the C-terminal domain found in the proteasome activator 28 subunits.</p>"
1;IPR009077;"imex:IM-16517
mint:MINT-5217955
pubmed:16169070";Proteasome activator PA28;<p>The 20S proteasome is a multicatalytic complex that is responsible for the non-lysosomal degradation of intracellular proteins.  The proteasome is composed of a catalytic core that is regulated by protein complexes, which bind to the ends of the cylindrical core structure.  One of these regulatory complexes is the PA28 activator complex (also known as the 11S regulator, or REG), a ring-shaped hexameric structure that enhances the peptidase activity of the core enzyme.  Three REG subunits have been isolated, REGalpha, REGbeta and REGgamma.  REGalpha and REGbeta preferentially form a heteromeric complex with alternating alpha and beta subunits.  The structure of the human REGalpha subunit reveals a heptameric barrel-shaped assembly containing a central channel [[cite:PUB00013234]].  The binding of REG is thought to create a pore through with substrates and products can pass.</p>
1;IPR036252;"imex:IM-16517
mint:MINT-5217955
pubmed:16169070";Proteasome activator superfamily;<p>The 20S proteasome is a multicatalytic complex that is responsible for the non-lysosomal degradation of intracellular proteins.  The proteasome is composed of a catalytic core that is regulated by protein complexes, which bind to the ends of the cylindrical core structure.  One of these regulatory complexes is the PA28 activator complex (also known as the 11S regulator, or REG), a ring-shaped hexameric structure that enhances the peptidase activity of the core enzyme.  Three REG subunits have been isolated, REGalpha, REGbeta and REGgamma.  REGalpha and REGbeta preferentially form a heteromeric complex with alternating alpha and beta subunits.  The structure of the human REGalpha subunit reveals a heptameric barrel-shaped assembly containing a central channel [[cite:PUB00013234]].  The binding of REG is thought to create a pore through with substrates and products can pass.</p>
1;IPR003185;"imex:IM-16517
mint:MINT-5217955
pubmed:16169070";Proteasome activator PA28, N-terminal domain;"<p>The specificity of the 20S proteasome, which degrades many intracellular proteins, is regulated by protein complexes that bind to one or both ends of the cylindrical proteasome structure. Proteasome activator 28 (PA28), also known as 11S regulator or REG, is one of these complexes. PA28 binds to the 20S proteasome and stimulates peptidase activity in and ATP-independent manner.</p>

<p>Three PA28 subunits that have been identified, PA28alpha, PA28beta and PA28gamma (also known as the Ki antigen), which share extensive sequence similarity, apart from a highly variable internal segment [[cite:PUB00013234]]. PA28alpha and PA28beta form a ring shaped hexameric structure of alternating alpha and beta subunits. The catalytic properties of PA28alpha and PA28beta-activated proteosome are similar [[cite:PUB00033208], [cite:PUB00033209]].</p>

<p>This entry represents a single α-helix N-terminal domain found in the proteasome activator 28 subunits.</p>"
1;IPR036996;"imex:IM-16517
mint:MINT-5217955
pubmed:16169070";Proteasome activator PA28, N-terminal domain superfamily;"<p>The specificity of the 20S proteasome, which degrades many intracellular proteins, is regulated by protein complexes that bind to one or both ends of the cylindrical proteasome structure. Proteasome activator 28 (PA28), also known as 11S regulator or REG, is one of these complexes. PA28 binds to the 20S proteasome and stimulates peptidase activity in and ATP-independent manner.</p>

<p>Three PA28 subunits that have been identified, PA28alpha (also known as proteasome activator complex subunit 1), PA28beta (also known as proteasome activator complex subunit 2) and PA28gamma (also known as proteasome activator complex subunit 3 or the Ki antigen), which share extensive sequence similarity, apart from a highly variable internal segment [[cite:PUB00013234]]. PA28alpha and PA28beta form a ring shaped hexameric structure of alternating alpha and beta subunits. The catalytic properties of PA28alpha and PA28beta-activated proteosome are similar [[cite:PUB00033208], [cite:PUB00033209]].</p>

<p>This entry represents a single-α helix N-terminal domain superfamily found in the proteasome activator 28 subunits.</p>"
1;IPR027193;"pubmed:12150911
pubmed:16429126";Nucleolar complex protein 4-like;<p>NOC4 is involved in nucleolar processing of pre-18S ribosomal RNA and ribosome assembly. It plays a role in the nuclear export of 40S pre-ribosomal subunit to the cytoplasm. It forms a complex with Nop14p that mediates maturation and nuclear export of 40S ribosomal subunits [[cite:PUB00063036] [cite:PUB00035836], [cite:PUB00063173]].</p>
1;IPR005612;"pubmed:12150911
pubmed:16429126";CCAAT-binding factor;<p>This domain is present in the CAATT-binding protein which is essential for growth and necessary for 60S ribosomal subunit biogenesis. Other proteins containing this domain stimulate transcription from the HSP70 promoter.</p>
1;IPR039223;pubmed:16429126;Protein AATF/Bfr2;"<p>Apoptosis antagonizing transcription factor (AATF, also known as Che-1) is a adaptor that connects transcriptional regulation, cell-cycle progression, checkpoint control, and apoptosis [[cite:PUB00089516]]. It contains a leucine zipper-containing domain [[cite:PUB00057306]]. AATF has been shown to inhibit the aberrant production of the amyloid beta peptide 1-42 by direct interaction with Par4; this interaction occurs via the leucine zipper.  [[cite:PUB00057401]]. AATF has also been shown to form a nucleolar protein complex with NGDN and NOL10 required for 40S ribosomal subunit synthesis [[cite:PUB00089515]].</p>

<p>This entry also includes the yeast protein Bfr2, which is a component of the SSU processome and 90S preribosomes [[cite:PUB00089514]].</p>"
1;IPR012617;pubmed:16429126;Apoptosis-antagonizing transcription factor, C-terminal;<p>This C-terminal domain is found in apoptosis-antagonizing transcription factor (AATF) proteins [[cite:PUB00016366]]. This is the domain of the AATF proteins that interacts with BLOS2 or Ceap, that functions as an adaptor in processes such as protein and vesicle processing and transport, and perhaps transcription.</p>
1;IPR025160;pubmed:16429126;AATF leucine zipper-containing domain;<p>This leucine zipper-containing domain is found in apoptosis antagonizing transcription factor (AATF, also known as Che-1) and related proteins. AATF may function as a general inhibitor of the histone deacetylase HDAC1 [[cite:PUB00057306]]. AATF has been shown to inhibit the abberant production of the amyloid beta peptide 1-42 by direct interaction with Par4 [[cite:PUB00057401]]. This interaction occurs via the leucine zipper.</p>
1;IPR033771;"imex:IM-29638
pubmed:37070168";Rrp44-like cold shock domain;<p>Rrp44 (also known as Dis3) constitutes the only active nuclease of the yeast exosome core [[cite:PUB00045434]]. The structure of Rrp44 consists of CSD1, CSD2, RNB, and S1 domains. The two N-terminal cold shock domains (CSD1 and CSD2) and the C-terminal S1 domain all display characteristic OB folds [[cite:PUB00049821]]. This entry represents CSD1.</p>
1;IPR033770;"imex:IM-29638
pubmed:37070168";Exosome complex exonuclease RRP44, S1 domain;<p>This domain corresponds to the S1 domain found at the C terminus of ribonucleases such as yeast Rrp44 [[cite:PUB00049821]]. It displays a characteristic OB fold.</p>
1;IPR050180;"imex:IM-29638
pubmed:37070168";RNR Ribonuclease;<p>The RNR ribonuclease family is characterized by its involvement in RNA processing and degradation. Members of this family exhibit 3'-5' exoribonuclease activity, releasing 5'-nucleoside monophosphates and participating in the maturation of structured RNAs such as rRNA, snRNA, snoRNA, and mRNAs. Some family members are implicated in mRNA degradation by hydrolyzing single-stranded polyribonucleotides processively from the 3' to 5' direction. Others are part of the RNA exosome complex, contributing to cellular RNA processing and degradation events, including the turnover of unstable mRNAs and surveillance pathways to prevent translation of aberrant mRNAs. Certain subfamilies, such as DIS3L2, specialize in recognizing and degrading polyuridylated RNAs, playing roles in cell proliferation and mitosis. The family's function is essential for maintaining RNA stability and integrity, ensuring proper gene expression and cellular homeostasis.</p>
1;IPR029060;"imex:IM-29638
pubmed:37070168";PIN-like domain superfamily;"<p>This superfamily represents a domain sharing protein structural similarity with the PIN domain. This domain can also be found in the N-terminal of the 5'3'-exonuclease, which has a 3-layer α/β/α core structure and contains an α-helical arch [[cite:PUB00019070]].</p>; <p>PIN domains are small protein domains identified by the presence of three strictly conserved acidic residues. Apart from these three residues, there is poor sequence conservation [[cite:PUB00059173]]. PIN domains are found in eukaryotes, eubacteria and archaea. In eukaryotes they are ribonucleases involved in nonsense mediated mRNA decay [[cite:PUB00041532]] and in processing of 18S ribosomal RNA [[cite:PUB00067507]]. In prokaryotes, they are the toxic components of toxin-antitoxin (TA) systems, their toxicity arising by virtue of their ribonuclease activity. The PIN domain TA systems are now called VapBC TAs(virulence associated proteins), where VapB is the inhibitor and VapC, the PIN-domain ribonuclease toxin [[cite:PUB00059173]].</p>"
1;IPR002716;"imex:IM-29638
pubmed:37070168";PIN domain;<p>PIN domains are small protein domains identified by the presence of three strictly conserved acidic residues. Apart from these three residues, there is poor sequence conservation [[cite:PUB00059173]]. PIN domains are found in eukaryotes, eubacteria and archaea. In eukaryotes they are ribonucleases involved in nonsense mediated mRNA decay [[cite:PUB00041532]] and in processing of 18S ribosomal RNA [[cite:PUB00067507]]. In prokaryotes, they are the toxic components of toxin-antitoxin (TA) systems, their toxicity arising by virtue of their ribonuclease activity. The PIN domain TA systems are now called VapBC TAs(virulence associated proteins), where VapB is the inhibitor and VapC, the PIN-domain ribonuclease toxin [[cite:PUB00059173]].</p>
1;IPR022966;"imex:IM-29638
pubmed:37070168";Ribonuclease II/R, conserved site;<p>This entry represents a conserved site for the ribonuclease II family. Proteins with this signature include characterised and related sequences to exoribonuclease II (RNase II) [[cite:PUB00045119]] and ribonuclease R, a bacterial 3' --> 5' exoribonuclease homologous to RNase II [[cite:PUB00015537], [cite:PUB00017190], [cite:PUB00017191]].</p>
1;IPR001900;"imex:IM-29638
pubmed:37070168";Ribonuclease II/R;<p>This entry represents the catalytic domain of ribonuclease II [[cite:PUB00045119]]. It includes characterised and related sequences to exoribonuclease II (RNase II) and ribonuclease R, a bacterial 3' --> 5' exoribonuclease homologous to RNase II [[cite:PUB00015537], [cite:PUB00017190], [cite:PUB00017191]].</p>
1;IPR003029;"imex:IM-29638
pubmed:37070168";S1 domain;"<p>The S1 domain was originally identified in ribosomal protein S1 but is found in a large number of proteins involved in RNA metabolism. It belongs to the OB-fold family. The structure of the S1 RNA-binding domain from the Escherichia coli polynucleotide phosphorylase has been determined using NMR methods and consists of a five-stranded antiparallel β barrel. Conserved residues on one face of the barrel and adjacent loops form the putative RNA-binding site [[cite:PUB00000944], [cite:PUB00094303]].</p>
<p>The structure of the S1 domain is very similar to that of cold shock proteins. This suggests that they may both be derived from an ancient nucleic acid-binding protein [[cite:PUB00000944]].</p>

<p>This entry does not include translation initiation factor IF-1 S1 domains.</p>"
1;IPR041505;"imex:IM-29638
pubmed:37070168";Dis3-like cold-shock domain 2;<p>This domain has an OB fold and is found in the Dis3l2 protein [[cite:PUB00091438]]. This domain along with CSD1 binds to RNA.</p>
1;IPR037319;"imex:IM-29638
pubmed:37070168";Rrp40, S1 domain;"<p>Rrp40 is a non-catalytic component of the RNA exosome complex which has 3'->5' exoribonuclease activity and participates in a multitude of cellular RNA processing and degradation events. In Saccharomyces cerevisiae, the exosome includes nine core components, six of which are homologous to bacterial RNase PH. These form a hexameric ring structure. The other three subunits (RrP4, Rrp40, and Csl4) contain an S1 RNA binding domain and are part of the ""S1 pore structure""  [[cite:PUB00061676]].</p>

<p>This entry represents the S1 domain of Rrp40. The S1-like RNA-binding domain has been found in a wide variety of RNA-associated proteins [[cite:PUB00039867]].</p>"
1;IPR041054;"imex:IM-29638
pubmed:37070168";Exosome complex exonuclease Rrp40, N-terminal domain, eukaryotes;<p>This is the N-terminal domain of Rrp40, an non-catalytic component of the RNA exosome complex from budding yeasts. The RNA exosome complex is responsible for degrading RNA molecules in the 3' to 5' direction. Rrp40 is a 'cap' protein and binds the RNase PH barrel on the opposite side from the S1/KH ring. The N-terminal domain of Rrp44 forms a long β-hairpin that is wedged in between Rrp41-Rrp42 and approaches the N terminus of the cap protein Rrp4 [[cite:PUB00065825]].</p>
1;IPR049469;"imex:IM-29638
pubmed:37070168";Exosome complex component RRP40, type I KH domain;"<p>This entry represents the type I K homology (KH) RNA-binding domain from human  Exosome complex component RRP40 and similar proteins from eukaryotes. It is a divergent KH domain that lacks the RNA-binding GXXG motif [[cite:PUB00035569]].</p>; <p>RRP40, also called exosome component 3 (EXOSC3), or ribosomal RNA-processing protein 40, is a non-catalytic component of the RNA exosome complex which has 3'-->5' exoribonuclease activity and participates in a multitude of cellular RNA processing and degradation events. Mutations of EXOSC3 gene are associated with neurological diseases [[cite:PUB00109811], [cite:PUB00101767], [cite:PUB00045433], [cite:PUB00044260], [cite:PUB00109812], [cite:PUB00108303], [cite:PUB00078121]].</p>"
1;IPR026699;"imex:IM-29638
pubmed:37070168";Exosome complex RNA-binding protein 1/RRP40/RRP4;"<p>This family includes archaeal probable exosome complex RNA-binding protein 1, exosome complex component RRP40 and RRP4. They are subunits of either archaeal or eukaryotic exosome complex. Exosome is a complex of 3' --> 5' exoribonucleases that play a major role in diverse RNA processing and degradation pathways.</p> 

<p>The eukaryotic exosome complex contains 9 proteins. Six RNase PH domain containing proteins (Rrp41, Rrp42, Rrp43, Rrp45, Rrp46, and Mtr3) form a catalytic ring, three RNA binding domain containing proteins (Rrp4,Rrp40, and Csl4) bind on top of the ring [[cite:PUB00035569]].</p>

<p>In the archaeal exosome, the hexameric ring is formed by three dimers of the orthologs of Rrp41 and Rrp42 and degrades poly(A) RNA phosphorolytically. Three proteins with RNA binding domains (orthologues of Rrp4 or Csl4) bind to the ring and influences degradation of a short poly(A) RNA substrate by the hexameric ring [[cite:PUB00035570], [cite:PUB00061680]].</p>"
1;IPR004088;"imex:IM-29638
pubmed:37070168";K Homology domain, type 1;"<p>The K homology (KH) domain was first identified in the human heterogeneous nuclear ribonucleoprotein (hnRNP) K. It is a domain of around 70 amino acids that is present in a wide variety of quite diverse nucleic acid-binding proteins [[cite:PUB00005188]]. It has been shown to bind RNA [[cite:PUB00005961], [cite:PUB00005962]]. Like many other RNA-binding motifs, KH motifs are found in one or multiple copies (14 copies in chicken vigilin) and, at least for hnRNP K (three copies) and FMR-1 (two copies), each motif is necessary for<i>in vitro</i>RNA binding activity, suggesting that they may function cooperatively or, in the case of single KH motif proteins (for example, Mer1p), independently [[cite:PUB00005188]].</p>

<p>According to structural [[cite:PUB00005961], [cite:PUB00005962], [cite:PUB00007305]] analysis the KH domain can be separated in two groups. The first group or type-1 contain a β-α-α-β-β-α structure, whereas in the type-2 the two last β-sheet are located in the N-terminal part of the domain (α-β-β-α-α-β). Sequence similarity between these two folds are limited to a short region (VIGXXGXXI) in the RNA binding motif. This motif is located between helices 1 and 2 in type-1 and between helices 2 and 3 in type-2. Proteins known to contain a type-1 KH domain include bacterial polyribonucleotide nucleotidyltransferase ([ec:2.7.7.8]); vertebrate Fragile X messenger ribonucleoprotein 1 (FMR1); eukaryotic heterogeneous nuclear ribonucleoprotein K (hnRNP K), one of at least 20 major proteins that are part of hnRNP particles in mammalian cells; mammalian poly(rC) binding proteins; Artemia salina glycine-rich protein GRP33; yeast PAB1-binding protein 2 (PBP2); vertebrate vigilin; and human high-density lipoprotein binding protein (HDL-binding protein).</p>"
1;IPR039761;pubmed:16429126;Ribosome biogenesis protein Bms1/Tsr1;"<p>Bms1p and Tsr1p represent a new family of factors required for ribosome biogenesis. They are each independently required for 40S ribosomal subunit biogenesis. Bms1p, a protein required for pre-rRNA processing, contains an evolutionarily conserved guanine nucleotide-binding (G) domain with five conserved polypeptide loops designated G1 through G5, which form contact sites with the guanine nucleotide or coordinate the Mg(2+) ion. Sequences resembling G1 (consensus [GA]-x(4)-G-K-[ST]; also known as a P-loop), G4 (consensus [NT]-K-x-D), and G5 (consensus S-[AG] are present in all Bms1 proteins, and either fully conform with the consensus or contain, at most, single conservative substitutions. The G2 motif (consensus G-P-[IV]-T) contains a T residue involved in the coordination of the Mg(2+) required for GTP hydrolysis. The G3 motif diverges from the consensus found in G proteins, D-x(2)-G; however, the D residue is replaced with the conserved E residue. In contrast, Tsr1p lacks a P-loop and is not predicted to bind GTP. It functions at a later step of 40S ribosome production, possibly in assembly and/or export of 43S pre-ribosomal subunits to the cytosol [[cite:PUB00013952], [cite:PUB00072547], [cite:PUB00072548]].</p>"
1;IPR030387;pubmed:16429126;Bms1/Tsr1-type G domain;"<p>Bms1p and Tsr1p represent a new family of factors required for ribosome biogenesis. They are each independently required for 40S ribosomal subunit biogenesis. Bms1p, a protein required for pre-rRNA processing, contains an evolutionarily conserved guanine nucleotide-binding (G) domain with five conserved polypeptide loops designated G1 through G5, which form contact sites with the guanine nucleotide or coordinate the Mg(2+) ion. Sequences resembling G1 (consensus [GA]-x(4)-G-K-[ST]; also known as a P-loop), G4 (consensus [NT]-K-x-D), and G5 (consensus S-[AG] are present in all Bms1 proteins, and either fully conform with the consensus or contain, at most, single conservative substitutions. The G2 motif (consensus G-P-[IV]-T) contains a T residue involved in the coordination of the Mg(2+) required for GTP hydrolysis. The G3 motif diverges from the consensus found in G proteins, D-x(2)-G; however, the D residue is replaced with the conserved E residue. In contrast, Tsr1p lacks a P-loop and is not predicted to bind GTP. It functions at a later step of 40S ribosome production, possibly in assembly and/or export of 43S pre-ribosomal subunits to the cytosol [[cite:PUB00013952], [cite:PUB00072547], [cite:PUB00072548]].</p>; <p>This entry represents a domain found in Bms1 and Tsr1, and includes cases, such as Tsr1, where it may not function as a guanine nucleotide-binding domain.</p>"
1;IPR012948;pubmed:16429126;AARP2CN;<p>This domain is the central domain of AARP2 (asparagine and aspartate rich protein 2). It is weakly similar to the GTP-binding domain of elongation factor TU [[cite:PUB00016366]]. PfAARP2 is an antigen from Plasmodium falciparum of 150kDa, which is encoded by a unique gene on chromosome 1 [[cite:PUB00043402]]. The central region of Pfaarp2 contains blocks of repetitions encoding asparagine and aspartate residues.</p>
1;IPR007034;pubmed:16429126;Ribosome biogenesis protein BMS1/TSR1, C-terminal;<p>This domain is found at the C terminus of the ribosome biogenesis protein BMS1 and TSR1 families, which may act as a molecular switch during maturation of the 40S ribosomal subunit in the nucleolus.</p>
1;IPR003959;pubmed:16429126;ATPase, AAA-type, core;"<p>AAA ATPases (ATPases Associated with diverse cellular Activities) form a large protein family and play a number of roles in the cell including cell-cycle regulation, protein proteolysis and disaggregation, organelle biogenesis and intracellular transport. Some of them function as molecular chaperones, subunits of proteolytic complexes or independent proteases (FtsH, Lon). They also act as DNA helicases and transcription factors [[cite:PUB00043605]].</p>

<p>AAA ATPases belong to the AAA+ superfamily of ringshaped P-loop NTPases, which act via the energy-dependent unfolding of macromolecules [[cite:PUB00014779], [cite:PUB00043606]]. There are six major clades of AAA domains (proteasome subunits, metalloproteases, domains D1 and D2 of ATPases with two AAA domains, the MSP1/katanin/spastin group and BCS1 and it homologues), as well as a number of deeply branching minor clades [[cite:PUB00014779]].</p>

<p>They assemble into oligomeric assemblies (often hexamers) that form a ring-shaped structure with a central pore. These proteins produce a molecular motor that couples ATP binding and hydrolysis to changes in conformational states that act upon a target substrate, either translocating or remodelling it [[cite:PUB00033933]].</p>


<p>They are found in all living organisms and share the common feature of the presence of a highly conserved AAA domain called the AAA module. This domain is responsible for ATP binding and hydrolysis. It contains 200-250 residues, among them there are two classical motifs, Walker A (GX4GKT) and Walker B (HyDE) [[cite:PUB00043605]].</p>; <p>The functional variety seen between AAA ATPases is in part due to their extensive number of accessory domains and factors, and to their variable organisation within oligomeric assemblies, in addition to changes in key functional residues within the ATPase domain itself.</p>"
1;IPR037875;pubmed:16429126;Ribosome biogenesis protein Bms1, N-terminal;"<p>Bms1 is an essential, evolutionarily conserved, nucleolar protein. Its depletion interferes with processing of the 35S pre-rRNA at sites A0, A1, and A2, and the formation of 40S subunits. Bms1, the putative endonuclease Rc11, and the essential U3 small nucleolar RNA form a stable subcomplex that is believed to control an early step in the formation of the 40S subunit [[cite:PUB00087771]]. The N terminus of Bms1 contains a guanine nucleotide-binding (G) domain that functions intramolecularly. It is believed that Rc11 activates Bms1 by acting as a guanine-nucleotide exchange factor (GEF) to promote GDP/GTP exchange, and that activated (GTP-bound) Bms1 delivers Rc11 to the preribosomes [[cite:PUB00072547]].</p>

<p>This entry represents the N-terminal domain of Bms1.</p>"
1;IPR002687;"pubmed:12150911
pubmed:16429126";Nop domain;"<p>This entry represents the Nop domain.</p>; <p>The Nop domain is present in various pre-RNA processing ribonucleoproteins (RNP):</p>

<ul>

<li>Eukaryotic Prp31, part of a tri-snRNP complex. It is involved in pre-mRNA splicing.</li>
<li>Eukaryotic Nucleolar proteins 56 and 58 (Nop56 and Nop58), components of box C/D small nucleolar ribonucleoprotein (snoRNP) particles.</li>
<li>Archaeal Nop5, an homologue of Nop56/Nop58.</li></ul>

<p>The Nop domain is a RNP binding module, exhibiting RNA and protein binding surfaces. It is oval-shaped and exclusively α-helical [[cite:PUB00027813], [cite:PUB00062919]].</p>; <p>U4/U6 small nuclear ribonucleoprotein Prp31 (PRPF31) is involved in pre-mRNA splicing as component of the spliceosome [[cite:PUB00044450], [cite:PUB00090272]]. This protein is required for the assembly of the U4/U5/U6 tri-snRNP complex, one of the building blocks of the spliceosome [[cite:PUB00044450]]. It is associated with a progressive pigmentary retinopathy characterised by night vision blindness and loss of midperipheral visual field [[cite:PUB00044451], [cite:PUB00062921]].</p>; <p>Nucleolar protein 56 and 58 (NOP56/58) are required for 60S ribosomal subunit synthesis [[cite:PUB00003706]]. They are core components of box C/D small nucleolar ribonucleoprotein (snoRNP) particles [[cite:PUB00097816],  [cite:PUB00090687],  [cite:PUB00097817], [cite:PUB00097817]]. In humans, NOP56 is associated with a type of slowly progressive neurodegenerative disorder characterised by late-onset ataxia followed by variable involvement of the motor neuron system [[cite:PUB00103405], [cite:PUB00103406]].</p>"
1;IPR012976;"pubmed:12150911
pubmed:16429126";NOSIC;"<p>This entry represents a domain centrally located in a group of pre-RNA processing ribonucleoproteins (RNPs), including the eukaryotic proteins Prp31, Nop56 and Nop58 and the archaeal homologue Nop5. This domain was named after the central domain in Nop56/SIK1-like proteins [[cite:PUB00016366], [cite:PUB00103404]]. It is found associated with the Nop domain ([interpro:IPR002687]).</p>; <p>U4/U6 small nuclear ribonucleoprotein Prp31 (PRPF31) is involved in pre-mRNA splicing as component of the spliceosome [[cite:PUB00044450], [cite:PUB00090272]]. This protein is required for the assembly of the U4/U5/U6 tri-snRNP complex, one of the building blocks of the spliceosome [[cite:PUB00044450]]. It is associated with a progressive pigmentary retinopathy characterised by night vision blindness and loss of midperipheral visual field [[cite:PUB00044451], [cite:PUB00062921]].</p>; <p>Nucleolar protein 56 and 58 (NOP56/58) are required for 60S ribosomal subunit synthesis [[cite:PUB00003706]]. They are core components of box C/D small nucleolar ribonucleoprotein (snoRNP) particles [[cite:PUB00097816],  [cite:PUB00090687],  [cite:PUB00097817], [cite:PUB00097817]]. In humans, NOP56 is associated with a type of slowly progressive neurodegenerative disorder characterised by late-onset ataxia followed by variable involvement of the motor neuron system [[cite:PUB00103405], [cite:PUB00103406]].</p>"
1;IPR036070;"pubmed:12150911
pubmed:16429126";Nop domain superfamily;"<p>This entry represents the Nop domain superfamily.</p>; <p>The Nop domain is present in various pre-RNA processing ribonucleoproteins (RNP):</p>

<ul>

<li>Eukaryotic Prp31, part of a tri-snRNP complex. It is involved in pre-mRNA splicing.</li>
<li>Eukaryotic Nucleolar proteins 56 and 58 (Nop56 and Nop58), components of box C/D small nucleolar ribonucleoprotein (snoRNP) particles.</li>
<li>Archaeal Nop5, an homologue of Nop56/Nop58.</li></ul>

<p>The Nop domain is a RNP binding module, exhibiting RNA and protein binding surfaces. It is oval-shaped and exclusively α-helical [[cite:PUB00027813], [cite:PUB00062919]].</p>; <p>U4/U6 small nuclear ribonucleoprotein Prp31 (PRPF31) is involved in pre-mRNA splicing as component of the spliceosome [[cite:PUB00044450], [cite:PUB00090272]]. This protein is required for the assembly of the U4/U5/U6 tri-snRNP complex, one of the building blocks of the spliceosome [[cite:PUB00044450]]. It is associated with a progressive pigmentary retinopathy characterised by night vision blindness and loss of midperipheral visual field [[cite:PUB00044451], [cite:PUB00062921]].</p>; <p>Nucleolar protein 56 and 58 (NOP56/58) are required for 60S ribosomal subunit synthesis [[cite:PUB00003706]]. They are core components of box C/D small nucleolar ribonucleoprotein (snoRNP) particles [[cite:PUB00097816],  [cite:PUB00090687],  [cite:PUB00097817], [cite:PUB00097817]]. In humans, NOP56 is associated with a type of slowly progressive neurodegenerative disorder characterised by late-onset ataxia followed by variable involvement of the motor neuron system [[cite:PUB00103405], [cite:PUB00103406]].</p>"
1;IPR042239;"pubmed:12150911
pubmed:16429126";Nop, C-terminal domain;"<p>The Nop domain is present in various pre-RNA processing ribonucleoproteins (RNP):</p>

<ul>

<li>Eukaryotic Prp31, part of a tri-snRNP complex. It is involved in pre-mRNA splicing.</li>
<li>Eukaryotic Nucleolar proteins 56 and 58 (Nop56 and Nop58), components of box C/D small nucleolar ribonucleoprotein (snoRNP) particles.</li>
<li>Archaeal Nop5, an homologue of Nop56/Nop58.</li></ul>

<p>The Nop domain is a RNP binding module, exhibiting RNA and protein binding surfaces. It is oval-shaped and exclusively α-helical [[cite:PUB00027813], [cite:PUB00062919]].</p>; <p>This entry represents the C-terminal part of the Nop domain.</p>"
1;IPR045056;"pubmed:12150911
pubmed:16429126";Nucleolar protein Nop56/Nop58;"<p>This entry includes a group of pre-RNA processing ribonucleoproteins (RNPs), including Nop56/Nop58 from animals and their homologue, Nop5, from archaea. Proteins in this family contains the Nop domain, which is a RNP binding module, exhibiting RNA and protein binding surfaces. It is oval-shaped and exclusively α-helical [[cite:PUB00027813], [cite:PUB00062919]].</p>; <p>Nucleolar protein 56 and 58 (NOP56/58) are required for 60S ribosomal subunit synthesis [[cite:PUB00003706]]. They are core components of box C/D small nucleolar ribonucleoprotein (snoRNP) particles [[cite:PUB00097816],  [cite:PUB00090687],  [cite:PUB00097817], [cite:PUB00097817]]. In humans, NOP56 is associated with a type of slowly progressive neurodegenerative disorder characterised by late-onset ataxia followed by variable involvement of the motor neuron system [[cite:PUB00103405], [cite:PUB00103406]].</p>"
1;IPR012974;"pubmed:12150911
pubmed:16429126";Nucleolar protein 58/56, N-terminal;<p>This N-terminal domain is found in Nucleolar protein 58/56 from fungi and animals and the homologues form plants. These are RNA-binding proteins of the NOP5 family [[cite:PUB00016366]]. Nop56 and Nop58 are components of box C/D small nucleolar ribonucleoprotein (snoRNP) particles [[cite:PUB00097816], [cite:PUB00097817]]. This domain interacts with Nop1 and forms the box B/C side, in the case of Nop56, or box C'/D side in the case of Nop58, of U3 snoRNP [[cite:PUB00101204]].</p>
1;IPR039856;"imex:IM-24272
pubmed:26496610";ER membrane protein complex subunit 2-like;<p>ER membrane protein complex subunit 2 (EMC2, also known as tetratricopeptide repeat protein 35) is a tetratricopeptide repeat-containing protein, and a component of the ER membrane protein complex (EMC), which is required for efficient folding of proteins in the endoplasmic reticulum (ER) [[cite:PUB00070552]]. This entry also includes TPR repeat protein Oca3 from the fission yeast Schizosaccharomyces pombe which may be involved in cell cycle regulation [[cite:PUB00090366]].</p>
1;IPR055217;"imex:IM-24272
pubmed:26496610";EMC2, TPR-like domain;"<p>This entry represents a TPR-like domain from the central region of EMC2 and its homolgoues.</p>

<p>ER membrane protein complex subunit 2 (EMC2, also known as tetratricopeptide repeat protein 35) is a tetratricopeptide repeat-containing protein, and a component of the ER membrane protein complex (EMC), which is required for efficient folding of proteins in the endoplasmic reticulum (ER). EMC2 is a cytosolic component of the complex [[cite:PUB00096681]]. Purified recombinant EMC2 formed a stable complex with either EMC8 or EMC9 [[cite:PUB00096681]].</p>"
1;IPR019734;"imex:IM-24272
pubmed:26496610";Tetratricopeptide repeat;"<p>The tetratricopeptide repeat region (TPR) is a structural motif present in a wide range of proteins [[cite:PUB00005443], [cite:PUB00001313], [cite:PUB00005695]]. It mediates protein-protein interactions and the assembly of multiprotein complexes [[cite:PUB00014195]]. The TPR motif consists of 3-16 tandem repeats of 34 amino acid residues, although individual TPR motifs can be dispersed in the protein sequence. Sequence alignment of the TPR domains reveals a consensus sequence defined by a pattern of small and large amino acids. TPR motifs have been identified in various different organisms, ranging from bacteria to humans. Proteins containing TPRs are involved in a variety of biological processes, such as cell cycle regulation, transcriptional control, mitochondrial and peroxisomal protein transport, neurogenesis and protein folding.</p>

<p>The X-ray structure of a domain containing three TPRs from protein phosphatase 5 revealed that TPR adopts a helix-turn-helix arrangement, with adjacent TPR motifs packing in a parallel fashion, resulting in a spiral of repeating anti-parallel α-helices [[cite:PUB00014195]]. The two helices are denoted helix A and helix B. The packing angle between helix A and helix B is ~24 degrees within a single TPR and generates a right-handed superhelical shape. Helix A interacts with helix B and with helix A' of the next TPR. Two protein surfaces are generated: the inner concave surface is contributed to mainly by residues on helices A, and the other surface presents residues from both helices A and B.</p>"
1;IPR003388;"doi:10.1016/j.cell.2021.04.011
imex:IM-29278
pubmed:33961781";Reticulon;<p>Eukaryotic proteins of the reticulon (RTN) family all share an association with the endoplasmic reticulum (ER). Whereas amino-terminal regions are not related to one another, all reticulon proteins share a 200 amino acid residue region of sequence similarity at the C-terminal. This region contains two large hydrophobic regions separated by a 66 residue hydrophilic segment. The conserved hydrophobic C-terminal portion has been shown to play an essential role in the association of reticulons with the ER membrane. The hydrophobic portions are supposed to be membrane-embedded and the hydrophilic 66 residue localized to the lumenal/extracellular face of the membrane. Most reticulons have a di-lysine ER retention motif at the C-terminal. Because of their likely association with the rough as well as the smooth ER, the reticulons might play some role in transport processes or in regulation of intracellular calcium levels. It has been suggested that the reticulons may be serving as ER-associated channel-like complexes [[cite:PUB00007257], [cite:PUB00007258], [cite:PUB00007259], [cite:PUB00007260]].</p>
1;IPR046964;"doi:10.1016/j.cell.2021.04.011
imex:IM-29278
pubmed:33961781";Reticulon 1-4;"<p>Eukaryotic proteins of the reticulon (RTN) family all share an association with the endoplasmic reticulum (ER). Whereas amino-terminal regions are not related to one another, all reticulon proteins share a 200 amino acid residue region of sequence similarity at the C-terminal. This region contains two large hydrophobic regions separated by a 66 residue hydrophilic segment. The conserved hydrophobic C-terminal portion has been shown to play an essential role in the association of reticulons with the ER membrane. The hydrophobic portions are supposed to be membrane-embedded and the hydrophilic 66 residue localized to the lumenal/extracellular face of the membrane. Most reticulons have a di-lysine ER retention motif at the C-terminal. Because of their likely association with the rough as well as the smooth ER, the reticulons might play some role in transport processes or in regulation of intracellular calcium levels. It has been suggested that the reticulons may be serving as ER-associated channel-like complexes [[cite:PUB00007257], [cite:PUB00007258], [cite:PUB00007259], [cite:PUB00007260]].</p>; <p>This family includes reticulon member from metazoans, including reticulon 1-4 (RTN1-4) from human [[cite:PUB00101517], [cite:PUB00085045], [cite:PUB00101519]]. They inhibit amyloid precursor protein processing, probably by blocking BACE1 activity [[cite:PUB00101518]]. RTN3 is also involved in membrane trafficking in the early secretory pathway [[cite:PUB00085045]].</p>"
1;IPR038926;"doi:10.1038/s41467-019-11959-3
imex:IM-27438
pubmed:31515488";Centrosomal protein of 55kDa;<p>Cep55 is a centrosome protein that plays a role in mitotic exit and cytokinesis [[cite:PUB00088562]]. It is a regulator of the PI3K/AKT pathway and has been linked to cancers [[cite:PUB00088565]].</p>
1;IPR022008;"doi:10.1038/s41467-019-11959-3
imex:IM-27438
pubmed:31515488";TSG101 and ALIX binding domain of CEP55;<p>This domain family is found in eukaryotes, and is approximately 40 amino acids in length. This domain is the active domain of CEP55. CEP55 is a protein involved in cytokinesis, specifically in abscission of the plasma membrane at the midbody. To perform this function, CEP55 complexes with ESCRT-I (by a Proline rich sequence in its TSG101 domain) and ALIX. This is the domain on CEP55 which binds to both TSG101 and ALIX. It also acts as a hinge between the N and C termini. This domain is called EABR.</p>
1;IPR019535;"doi:10.1016/j.cell.2021.04.011
imex:IM-29278
pubmed:33961781";Little elongation complex subunit 2 , C-terminal;<p>This entry represents the C-terminal of little elongation complex subunit 2 (ICE2, also known as NARG2). ICE2 is a component of the little elongation complex (LEC), a complex required to regulate small nuclear RNA (snRNA) gene transcription by RNA polymerase II and III [[cite:PUB00072917], [cite:PUB00072918]]. This C-terminal domain belongs to the PD-(D/E)XK nuclease superfamily [[cite:PUB00066699]].</p>
1;IPR018254;"imex:IM-24272
pubmed:26496610";Large ribosomal subunit protein uL29, conserved site;"<p>Ribosomal protein uL29 is one of the proteins from the large ribosomal subunit. uL29 belongs to a family of ribosomal proteins of 63 to 138 amino-acid residues which, on the basis of sequence similarities, groups:
</p>

<ul>
<li>Red algal uL29.</li>
<li>Bacterial uL29.</li>
<li>Mammalian uL29 (known as L35)</li>
<li>Caenorhabditis elegans uL29 (known as L35) (ZK652.4).</li>
<li>Yeast uL29 (known as L35).</li></ul>

<p>uL29 is located on the surface of the large ribosomal subunit, where it participates in forming a protein ring that surrounds the polypeptide exit channel, providing structural support for the ribosome [[cite:PUB00079483]]. uL29 is involved in forming the translocon binding site, along with L19, L22, L23, L24, and L31e. In addition, uL29 and L23 form the interaction site for trigger factor (TF) on the ribosomal surface, adjacent to the exit tunnel [[cite:PUB00080476]]. uL29 forms numerous interactions with L23 and with the 23S rRNA.</p>; <p>Ribosomes are the particles that catalyse mRNA-directed protein synthesis in all organisms. The codons of the mRNA are exposed on the ribosome to allow tRNA binding. This leads to the incorporation of amino acids into the growing polypeptide chain in accordance with the genetic information. Incoming amino acid monomers enter the ribosomal A site in the form of aminoacyl-tRNAs complexed with elongation factor Tu (EF-Tu) and GTP. The growing polypeptide chain, situated in the P site as peptidyl-tRNA, is then transferred to aminoacyl-tRNA, and the new peptidyl-tRNA, extended by one residue, is translocated to the P site with the aid of the elongation factor G (EF-G) and GTP as the deacylated tRNA is released from the ribosome through one or more exit sites [[cite:PUB00007068], [cite:PUB00007069]]. About 2/3 of the mass of the ribosome consists of RNA and 1/3 consists of protein. The proteins are named in accordance with the subunit of the ribosome which they belong to: the small (S1 to S31) and the large (L1 to L44). Usually they decorate the rRNA cores of the subunits.</p>

<p>Many ribosomal proteins, particularly those of the large subunit, are composed of a globular, surfaced-exposed domain with long finger-like projections that extend into the rRNA core to stabilise its structure. Most of the proteins interact with multiple RNA elements, often from different domains. In the large subunit, about 1/3 of the 23S rRNA nucleotides are at least in van der Waals' contact with protein, and L22 interacts with all six domains of the 23S rRNA. Proteins S4 and S7, which initiate assembly of the 16S rRNA, are located at junctions of five and four RNA helices, respectively. In this way, proteins serve to organise and stabilise the rRNA tertiary structure. While the crucial activities of decoding and peptide transfer are RNA-based, proteins play an active role in functions that may have evolved to streamline the process of protein synthesis. In addition to their function in the ribosome, many ribosomal proteins have some function 'outside' the ribosome [[cite:PUB00007069], [cite:PUB00007070]].</p>"
1;IPR045059;"imex:IM-24272
pubmed:26496610";Large ribosomal subunit protein uL29, eukaryota;"<p>This entry includes the large ribosomal protein uL29 from eukaryotes [[cite:PUB00097818]].</p>; <p>Ribosomes are the particles that catalyse mRNA-directed protein synthesis in all organisms. The codons of the mRNA are exposed on the ribosome to allow tRNA binding. This leads to the incorporation of amino acids into the growing polypeptide chain in accordance with the genetic information. Incoming amino acid monomers enter the ribosomal A site in the form of aminoacyl-tRNAs complexed with elongation factor Tu (EF-Tu) and GTP. The growing polypeptide chain, situated in the P site as peptidyl-tRNA, is then transferred to aminoacyl-tRNA, and the new peptidyl-tRNA, extended by one residue, is translocated to the P site with the aid of the elongation factor G (EF-G) and GTP as the deacylated tRNA is released from the ribosome through one or more exit sites [[cite:PUB00007068], [cite:PUB00007069]]. About 2/3 of the mass of the ribosome consists of RNA and 1/3 consists of protein. The proteins are named in accordance with the subunit of the ribosome which they belong to: the small (S1 to S31) and the large (L1 to L44). Usually they decorate the rRNA cores of the subunits.</p>

<p>Many ribosomal proteins, particularly those of the large subunit, are composed of a globular, surfaced-exposed domain with long finger-like projections that extend into the rRNA core to stabilise its structure. Most of the proteins interact with multiple RNA elements, often from different domains. In the large subunit, about 1/3 of the 23S rRNA nucleotides are at least in van der Waals' contact with protein, and L22 interacts with all six domains of the 23S rRNA. Proteins S4 and S7, which initiate assembly of the 16S rRNA, are located at junctions of five and four RNA helices, respectively. In this way, proteins serve to organise and stabilise the rRNA tertiary structure. While the crucial activities of decoding and peptide transfer are RNA-based, proteins play an active role in functions that may have evolved to streamline the process of protein synthesis. In addition to their function in the ribosome, many ribosomal proteins have some function 'outside' the ribosome [[cite:PUB00007069], [cite:PUB00007070]].</p>"
1;IPR001854;"imex:IM-24272
pubmed:26496610";Large ribosomal subunit protein uL29;"<p>This family includes ribosomal proteins, which constitute the uL29 family [[cite:PUB00080279]]. These were previously known as  L29 from eubacteria and archaea and L35 from eukaryotes.</p>; <p>Ribosomal protein uL29 is one of the proteins from the large ribosomal subunit. uL29 belongs to a family of ribosomal proteins of 63 to 138 amino-acid residues which, on the basis of sequence similarities, groups:
</p>

<ul>
<li>Red algal uL29.</li>
<li>Bacterial uL29.</li>
<li>Mammalian uL29 (known as L35)</li>
<li>Caenorhabditis elegans uL29 (known as L35) (ZK652.4).</li>
<li>Yeast uL29 (known as L35).</li></ul>

<p>uL29 is located on the surface of the large ribosomal subunit, where it participates in forming a protein ring that surrounds the polypeptide exit channel, providing structural support for the ribosome [[cite:PUB00079483]]. uL29 is involved in forming the translocon binding site, along with L19, L22, L23, L24, and L31e. In addition, uL29 and L23 form the interaction site for trigger factor (TF) on the ribosomal surface, adjacent to the exit tunnel [[cite:PUB00080476]]. uL29 forms numerous interactions with L23 and with the 23S rRNA.</p>; <p>Ribosomes are the particles that catalyse mRNA-directed protein synthesis in all organisms. The codons of the mRNA are exposed on the ribosome to allow tRNA binding. This leads to the incorporation of amino acids into the growing polypeptide chain in accordance with the genetic information. Incoming amino acid monomers enter the ribosomal A site in the form of aminoacyl-tRNAs complexed with elongation factor Tu (EF-Tu) and GTP. The growing polypeptide chain, situated in the P site as peptidyl-tRNA, is then transferred to aminoacyl-tRNA, and the new peptidyl-tRNA, extended by one residue, is translocated to the P site with the aid of the elongation factor G (EF-G) and GTP as the deacylated tRNA is released from the ribosome through one or more exit sites [[cite:PUB00007068], [cite:PUB00007069]]. About 2/3 of the mass of the ribosome consists of RNA and 1/3 consists of protein. The proteins are named in accordance with the subunit of the ribosome which they belong to: the small (S1 to S31) and the large (L1 to L44). Usually they decorate the rRNA cores of the subunits.</p>

<p>Many ribosomal proteins, particularly those of the large subunit, are composed of a globular, surfaced-exposed domain with long finger-like projections that extend into the rRNA core to stabilise its structure. Most of the proteins interact with multiple RNA elements, often from different domains. In the large subunit, about 1/3 of the 23S rRNA nucleotides are at least in van der Waals' contact with protein, and L22 interacts with all six domains of the 23S rRNA. Proteins S4 and S7, which initiate assembly of the 16S rRNA, are located at junctions of five and four RNA helices, respectively. In this way, proteins serve to organise and stabilise the rRNA tertiary structure. While the crucial activities of decoding and peptide transfer are RNA-based, proteins play an active role in functions that may have evolved to streamline the process of protein synthesis. In addition to their function in the ribosome, many ribosomal proteins have some function 'outside' the ribosome [[cite:PUB00007069], [cite:PUB00007070]].</p>"
1;IPR036049;"imex:IM-24272
pubmed:26496610";Large ribosomal subunit protein uL29 superfamily;"<p>This family includes ribosomal proteins, which constitute the uL29 family [[cite:PUB00080279]]. These were previously known as  L29 from eubacteria and archaea and L35 from eukaryotes.</p>; <p>Ribosomal protein uL29 is one of the proteins from the large ribosomal subunit. uL29 belongs to a family of ribosomal proteins of 63 to 138 amino-acid residues which, on the basis of sequence similarities, groups:
</p>

<ul>
<li>Red algal uL29.</li>
<li>Bacterial uL29.</li>
<li>Mammalian uL29 (known as L35)</li>
<li>Caenorhabditis elegans uL29 (known as L35) (ZK652.4).</li>
<li>Yeast uL29 (known as L35).</li></ul>

<p>uL29 is located on the surface of the large ribosomal subunit, where it participates in forming a protein ring that surrounds the polypeptide exit channel, providing structural support for the ribosome [[cite:PUB00079483]]. uL29 is involved in forming the translocon binding site, along with L19, L22, L23, L24, and L31e. In addition, uL29 and L23 form the interaction site for trigger factor (TF) on the ribosomal surface, adjacent to the exit tunnel [[cite:PUB00080476]]. uL29 forms numerous interactions with L23 and with the 23S rRNA.</p>; <p>Ribosomes are the particles that catalyse mRNA-directed protein synthesis in all organisms. The codons of the mRNA are exposed on the ribosome to allow tRNA binding. This leads to the incorporation of amino acids into the growing polypeptide chain in accordance with the genetic information. Incoming amino acid monomers enter the ribosomal A site in the form of aminoacyl-tRNAs complexed with elongation factor Tu (EF-Tu) and GTP. The growing polypeptide chain, situated in the P site as peptidyl-tRNA, is then transferred to aminoacyl-tRNA, and the new peptidyl-tRNA, extended by one residue, is translocated to the P site with the aid of the elongation factor G (EF-G) and GTP as the deacylated tRNA is released from the ribosome through one or more exit sites [[cite:PUB00007068], [cite:PUB00007069]]. About 2/3 of the mass of the ribosome consists of RNA and 1/3 consists of protein. The proteins are named in accordance with the subunit of the ribosome which they belong to: the small (S1 to S31) and the large (L1 to L44). Usually they decorate the rRNA cores of the subunits.</p>

<p>Many ribosomal proteins, particularly those of the large subunit, are composed of a globular, surfaced-exposed domain with long finger-like projections that extend into the rRNA core to stabilise its structure. Most of the proteins interact with multiple RNA elements, often from different domains. In the large subunit, about 1/3 of the 23S rRNA nucleotides are at least in van der Waals' contact with protein, and L22 interacts with all six domains of the 23S rRNA. Proteins S4 and S7, which initiate assembly of the 16S rRNA, are located at junctions of five and four RNA helices, respectively. In this way, proteins serve to organise and stabilise the rRNA tertiary structure. While the crucial activities of decoding and peptide transfer are RNA-based, proteins play an active role in functions that may have evolved to streamline the process of protein synthesis. In addition to their function in the ribosome, many ribosomal proteins have some function 'outside' the ribosome [[cite:PUB00007069], [cite:PUB00007070]].</p>"
1;IPR003599;"doi:10.1016/j.cell.2021.04.011
imex:IM-29278
pubmed:33961781";Immunoglobulin domain subtype;"<p>This entry represents a subtype of the immunoglobulin domain which is found in a group of proteins that includes:</p>

<ul>
<li>Cell surface receptors containing an immunoglobulin domain.</li>
<li>Killer cell inhibitory receptors.</li>
<li>Cell adhesion molecules.</li>
</ul>; <p>The basic structure of immunoglobulin (Ig) molecules is a tetramer of two light chains and two heavy chains linked by disulphide bonds. There are two types of light chains: kappa and lambda, each composed of a constant domain (CL) and a variable domain (VL). There are five types of heavy chains: alpha, delta, epsilon, gamma and mu, all consisting of a variable domain (VH) and three (in alpha, delta and gamma) or four (in epsilon and mu) constant domains (CH1 to CH4). Ig molecules are highly modular proteins, in which the variable and constant domains have clear, conserved sequence patterns. The domains in Ig and Ig-like molecules are grouped into four types: V-set (variable; [interpro:IPR013106]), C1-set (constant-1; [interpro:IPR003597]), C2-set (constant-2; [interpro:IPR008424]) and I-set (intermediate; [interpro:IPR013098]) [[cite:PUB00014840]]. Structural studies have shown that these domains share a common core Greek-key β-sandwich structure, with the types differing in the number of strands in the β-sheets as well as in their sequence patterns [[cite:PUB00015110], [cite:PUB00010610]].</p>

<p>Immunoglobulin-like domains that are related in both sequence and structure can be found in several diverse protein families. Ig-like domains are involved in a variety of functions, including cell-cell recognition, cell-surface receptors, muscle structure and the immune system [[cite:PUB00027656]].</p>"
1;IPR007110;"doi:10.1016/j.cell.2021.04.011
imex:IM-29278
pubmed:33961781";Immunoglobulin-like domain;"<p>The basic structure of immunoglobulin (Ig) molecules is a tetramer of two light chains and two heavy chains linked by disulphide bonds. There are two types of light chains: kappa and lambda, each composed of a constant domain (CL) and a variable domain (VL). There are five types of heavy chains: alpha, delta, epsilon, gamma and mu, all consisting of a variable domain (VH) and three (in alpha, delta and gamma) or four (in epsilon and mu) constant domains (CH1 to CH4). Ig molecules are highly modular proteins, in which the variable and constant domains have clear, conserved sequence patterns. The domains in Ig and Ig-like molecules are grouped into four types: V-set (variable; [interpro:IPR013106]), C1-set (constant-1; [interpro:IPR003597]), C2-set (constant-2; [interpro:IPR008424]) and I-set (intermediate; [interpro:IPR013098]) [[cite:PUB00014840]]. Structural studies have shown that these domains share a common core Greek-key β-sandwich structure, with the types differing in the number of strands in the β-sheets as well as in their sequence patterns [[cite:PUB00015110], [cite:PUB00010610]].</p>

<p>Immunoglobulin-like domains that are related in both sequence and structure can be found in several diverse protein families. Ig-like domains are involved in a variety of functions, including cell-cell recognition, cell-surface receptors, muscle structure and the immune system [[cite:PUB00027656]].</p>"
1;IPR003591;"doi:10.1016/j.cell.2021.04.011
imex:IM-29278
pubmed:33961781";Leucine-rich repeat, typical subtype;"<p>Leucine-rich repeats (LRR) consist of 2-45 motifs of 20-30 amino acids in length that generally folds into an arc or horseshoe shape [[cite:PUB00017058]]. LRRs occur in proteins ranging from viruses to eukaryotes, and appear to provide a structural framework for the formation of protein-protein interactions [[cite:PUB00007147], [cite:PUB00001625]].Proteins containing LRRs include tyrosine kinase receptors, cell-adhesion molecules, virulence factors, and extracellular matrix-binding glycoproteins, and are involved in a variety of biological processes, including signal transduction, cell adhesion, DNA repair, recombination, transcription, RNA processing, disease resistance, apoptosis, and the immune response [[cite:PUB00001898], [cite:PUB00094376]].</p>

<p>Sequence analyses of LRR proteins suggested the existence of several different subfamilies of LRRs. The significance of this classification is that repeats from different subfamilies never occur simultaneously and have most probably evolved independently. It is, however, now clear that all major classes of LRR have curved horseshoe structures with a parallel β sheet on the concave side and mostly helical elements on the convex side. At least six families of LRR proteins, characterised by different lengths and consensus sequences of the repeats, have been identified. Eleven-residue segments of the LRRs (LxxLxLxxN/CxL), corresponding to the β-strand and adjacent loop regions, are conserved in LRR proteins, whereas the remaining parts of the repeats (herein termed variable) may be very different. Despite the differences, each of the variable parts contains two half-turns at both ends and a ""linear"" segment (as the chain follows a linear path overall), usually formed by a helix, in the middle. The concave face and the adjacent loops are the most common protein interaction surfaces on LRR proteins. 
3D structure of some LRR proteins-ligand complexes show that the concave surface of LRR domain is ideal for interaction with α-helix, thus supporting earlier conclusions that the elongated and curved LRR structure provides an outstanding framework for achieving diverse protein-protein interactions [[cite:PUB00007147]]. Molecular modeling suggests that the conserved pattern LxxLxL, which is shorter than the previously proposed LxxLxLxxN/CxL is sufficient to impart the characteristic horseshoe curvature to proteins with 20-to 30-residue repeats [[cite:PUB00007148]].</p>; <p>This entry represents a most populated subfamily of leucine-rich repeats.</p>"
1;IPR013098;"doi:10.1016/j.cell.2021.04.011
imex:IM-29278
pubmed:33961781";Immunoglobulin I-set;"<p>This entry represents I-set domains, which are found in several cell adhesion molecules, including vascular (VCAM), intercellular (ICAM), neural (NCAM) and mucosal addressin (MADCAM) cell adhesion molecules, as well as junction adhesion molecules (JAM). I-set domains are also present in several other diverse protein families, including several tyrosine-protein kinase receptors, the hemolymph protein hemolin, the muscle proteins titin, telokin, and twitchin, the neuronal adhesion molecule axonin-1 [[cite:PUB00024043]], and the Zwei Ig domain proteins zig involved in the postembriogenic neuronal soma and axon position maintenance [[cite:PUB00094313], [cite:PUB00086969]].</p>; <p>The basic structure of immunoglobulin (Ig) molecules is a tetramer of two light chains and two heavy chains linked by disulphide bonds. There are two types of light chains: kappa and lambda, each composed of a constant domain (CL) and a variable domain (VL). There are five types of heavy chains: alpha, delta, epsilon, gamma and mu, all consisting of a variable domain (VH) and three (in alpha, delta and gamma) or four (in epsilon and mu) constant domains (CH1 to CH4). Ig molecules are highly modular proteins, in which the variable and constant domains have clear, conserved sequence patterns. The domains in Ig and Ig-like molecules are grouped into four types: V-set (variable; [interpro:IPR013106]), C1-set (constant-1; [interpro:IPR003597]), C2-set (constant-2; [interpro:IPR008424]) and I-set (intermediate; [interpro:IPR013098]) [[cite:PUB00014840]]. Structural studies have shown that these domains share a common core Greek-key β-sandwich structure, with the types differing in the number of strands in the β-sheets as well as in their sequence patterns [[cite:PUB00015110], [cite:PUB00010610]].</p>

<p>Immunoglobulin-like domains that are related in both sequence and structure can be found in several diverse protein families. Ig-like domains are involved in a variety of functions, including cell-cell recognition, cell-surface receptors, muscle structure and the immune system [[cite:PUB00027656]].</p>"
1;IPR000372;"doi:10.1016/j.cell.2021.04.011
imex:IM-29278
pubmed:33961781";Leucine-rich repeat N-terminal domain;"<p>Leucine-rich repeats (LRR) consist of 2-45 motifs of 20-30 amino acids in length that generally folds into an arc or horseshoe shape [[cite:PUB00017058]]. LRRs occur in proteins ranging from viruses to eukaryotes, and appear to provide a structural framework for the formation of protein-protein interactions [[cite:PUB00007147], [cite:PUB00001625]].Proteins containing LRRs include tyrosine kinase receptors, cell-adhesion molecules, virulence factors, and extracellular matrix-binding glycoproteins, and are involved in a variety of biological processes, including signal transduction, cell adhesion, DNA repair, recombination, transcription, RNA processing, disease resistance, apoptosis, and the immune response [[cite:PUB00001898], [cite:PUB00094376]].</p>

<p>Sequence analyses of LRR proteins suggested the existence of several different subfamilies of LRRs. The significance of this classification is that repeats from different subfamilies never occur simultaneously and have most probably evolved independently. It is, however, now clear that all major classes of LRR have curved horseshoe structures with a parallel β sheet on the concave side and mostly helical elements on the convex side. At least six families of LRR proteins, characterised by different lengths and consensus sequences of the repeats, have been identified. Eleven-residue segments of the LRRs (LxxLxLxxN/CxL), corresponding to the β-strand and adjacent loop regions, are conserved in LRR proteins, whereas the remaining parts of the repeats (herein termed variable) may be very different. Despite the differences, each of the variable parts contains two half-turns at both ends and a ""linear"" segment (as the chain follows a linear path overall), usually formed by a helix, in the middle. The concave face and the adjacent loops are the most common protein interaction surfaces on LRR proteins. 
3D structure of some LRR proteins-ligand complexes show that the concave surface of LRR domain is ideal for interaction with α-helix, thus supporting earlier conclusions that the elongated and curved LRR structure provides an outstanding framework for achieving diverse protein-protein interactions [[cite:PUB00007147]]. Molecular modeling suggests that the conserved pattern LxxLxL, which is shorter than the previously proposed LxxLxLxxN/CxL is sufficient to impart the characteristic horseshoe curvature to proteins with 20-to 30-residue repeats [[cite:PUB00007148]].</p>; <p>LRRs are often flanked by cysteine-rich domains: an N-terminal LRR domain and a C-terminal LRR domain ([interpro:IPR000483]). This entry represents the N-terminal LRR domain.</p>"
1;IPR001611;"doi:10.1016/j.cell.2021.04.011
imex:IM-29278
pubmed:33961781";Leucine-rich repeat;"<p>Leucine-rich repeats (LRR) consist of 2-45 motifs of 20-30 amino acids in length that generally folds into an arc or horseshoe shape [[cite:PUB00017058]]. LRRs occur in proteins ranging from viruses to eukaryotes, and appear to provide a structural framework for the formation of protein-protein interactions [[cite:PUB00007147], [cite:PUB00001625]].Proteins containing LRRs include tyrosine kinase receptors, cell-adhesion molecules, virulence factors, and extracellular matrix-binding glycoproteins, and are involved in a variety of biological processes, including signal transduction, cell adhesion, DNA repair, recombination, transcription, RNA processing, disease resistance, apoptosis, and the immune response [[cite:PUB00001898], [cite:PUB00094376]].</p>

<p>Sequence analyses of LRR proteins suggested the existence of several different subfamilies of LRRs. The significance of this classification is that repeats from different subfamilies never occur simultaneously and have most probably evolved independently. It is, however, now clear that all major classes of LRR have curved horseshoe structures with a parallel β sheet on the concave side and mostly helical elements on the convex side. At least six families of LRR proteins, characterised by different lengths and consensus sequences of the repeats, have been identified. Eleven-residue segments of the LRRs (LxxLxLxxN/CxL), corresponding to the β-strand and adjacent loop regions, are conserved in LRR proteins, whereas the remaining parts of the repeats (herein termed variable) may be very different. Despite the differences, each of the variable parts contains two half-turns at both ends and a ""linear"" segment (as the chain follows a linear path overall), usually formed by a helix, in the middle. The concave face and the adjacent loops are the most common protein interaction surfaces on LRR proteins. 
3D structure of some LRR proteins-ligand complexes show that the concave surface of LRR domain is ideal for interaction with α-helix, thus supporting earlier conclusions that the elongated and curved LRR structure provides an outstanding framework for achieving diverse protein-protein interactions [[cite:PUB00007147]]. Molecular modeling suggests that the conserved pattern LxxLxL, which is shorter than the previously proposed LxxLxLxxN/CxL is sufficient to impart the characteristic horseshoe curvature to proteins with 20-to 30-residue repeats [[cite:PUB00007148]].</p>"
1;IPR032675;"doi:10.1016/j.cell.2021.04.011
imex:IM-29278
pubmed:33961781";Leucine-rich repeat domain superfamily;"<p>This superfamily represents a leucine-rich repeat (LRR), right-handed β-α superhelix domain, such as that found in bacterial invasion protein internalin [[cite:PUB00048508]] or in the L domain from members of the epidermal growth-factor receptor (EGFR) family [[cite:PUB00004283]].</p>; <p>Leucine-rich repeats (LRR) consist of 2-45 motifs of 20-30 amino acids in length that generally folds into an arc or horseshoe shape [[cite:PUB00017058]]. LRRs occur in proteins ranging from viruses to eukaryotes, and appear to provide a structural framework for the formation of protein-protein interactions [[cite:PUB00007147], [cite:PUB00001625]]. Proteins containing LRRs include tyrosine kinase receptors, cell-adhesion molecules, virulence factors, and extracellular matrix-binding glycoproteins, and are involved in a variety of biological processes, including signal transduction, cell adhesion, DNA repair, recombination, transcription, RNA processing, disease resistance, apoptosis, and the immune response [[cite:PUB00001898]].</p>"
1;IPR003598;"doi:10.1016/j.cell.2021.04.011
imex:IM-29278
pubmed:33961781";Immunoglobulin subtype 2;"<p>This entry represents a subtype of the immunoglobulin domain, and is found in a diverse range of protein families that includes glycoproteins, fibroblast growth factor receptors, vascular endothelial growth factor receptors, interleukin-6 receptor, and neural cell adhesion molecules [[cite:PUB00014133]].</p>; <p>The basic structure of immunoglobulin (Ig) molecules is a tetramer of two light chains and two heavy chains linked by disulphide bonds. There are two types of light chains: kappa and lambda, each composed of a constant domain (CL) and a variable domain (VL). There are five types of heavy chains: alpha, delta, epsilon, gamma and mu, all consisting of a variable domain (VH) and three (in alpha, delta and gamma) or four (in epsilon and mu) constant domains (CH1 to CH4). Ig molecules are highly modular proteins, in which the variable and constant domains have clear, conserved sequence patterns. The domains in Ig and Ig-like molecules are grouped into four types: V-set (variable; [interpro:IPR013106]), C1-set (constant-1; [interpro:IPR003597]), C2-set (constant-2; [interpro:IPR008424]) and I-set (intermediate; [interpro:IPR013098]) [[cite:PUB00014840]]. Structural studies have shown that these domains share a common core Greek-key β-sandwich structure, with the types differing in the number of strands in the β-sheets as well as in their sequence patterns [[cite:PUB00015110], [cite:PUB00010610]].</p>

<p>Immunoglobulin-like domains that are related in both sequence and structure can be found in several diverse protein families. Ig-like domains are involved in a variety of functions, including cell-cell recognition, cell-surface receptors, muscle structure and the immune system [[cite:PUB00027656]].</p>"
1;IPR050541;"doi:10.1016/j.cell.2021.04.011
imex:IM-29278
pubmed:33961781";Leucine-rich repeat and transmembrane domain-containing protein;<p>This family of proteins includes a variety of members with diverse functions, primarily involved in cellular signaling, synaptic adhesion, and regulation of neuronal activity. Some act as inhibitors, such as those that inhibit TGF-beta signaling or phospholipase A2 activity. Others are involved in the immune response, bone homeostasis, and regulation of the JAK/STAT pathway. Notably, several members function as receptors that mediate axonal growth inhibition and neuronal plasticity, interacting with ligands like RTN4, OMG, and MAG, and are implicated in brain development and synaptic organization. Additionally, some proteins in this family are involved in the negative regulation of viral infection and in the formation of platelet plugs.</p>
1;IPR019383;"doi:10.1016/j.cell.2021.04.011
imex:IM-29278
pubmed:33961781";Golgin subfamily A member 7/ERF4;<p>Proteins in this entry include Golgin subfamily A member 7 and the Ras modification protein ERF4.</p>
1;IPR051371;"doi:10.1016/j.cell.2021.04.011
imex:IM-29278
pubmed:33961781";Ras-specific palmitoyltransferase complex;<p>This family of proteins includes palmitoyltransferases that are involved in the post-translational modification of Ras proteins, which is crucial for their proper localization to the plasma membrane and subsequent function in cell signaling. Members of this family form complexes, such as ERF2-ERF4 in yeast and ZDHHC9-GOLGA7 in mammals, which specifically palmitoylate Ras proteins like RAS2, HRAS, and NRAS. This modification is essential for the anchoring of these Ras proteins to the plasma membrane, where they participate in signal transduction pathways that regulate cell growth and differentiation. Some family members are also implicated in protein transport from the Golgi apparatus to the cell surface and may play roles in cell adhesion.</p>
1;IPR040878;"doi:10.1016/j.cell.2021.04.011
imex:IM-29278
pubmed:33961781";IL-40-like, Ig domain;<p>This Ig domain is found in tandem in IL-40 (also known as C17orf99), which is found across mammalian species [[cite:PUB00103720]]. It is a B cell-associated cytokine that plays important roles in humoral immune responses and may also play a role in B cell development. It is expressed in bone marrow and fetal liver and its expression is also induced in peripheral B cells upon activation [[cite:PUB00103720]]. This domain is also found in many proteins from animals, apart from mammals.</p>
1;IPR039764;"doi:10.1016/j.cell.2021.04.011
imex:IM-29278
pubmed:33961781";RNA binding protein HABP4/SERBP1-like;"<p>This entry includes proteins with a hyaluronan/mRNA-binding protein domain, including HABP4 hyaluronan-binding proteins, PAI-RBP1 (also known as SERBP1) and related sequences.</p>

<p>HABP4 binds hyaluronan (a glucosaminoglycan), but according to its intracellular localisation, it may not be relevant in vivo. It has binds RNA and regulates transcription and pre-mRNA splicing [[cite:PUB00053771], [cite:PUB00053772], [cite:PUB00155126], [cite:PUB00076293], [cite:PUB00008623]].</p>

<p>SERBP1 is a ribosome-binding protein that promotes ribosome hibernation, a process during which ribosomes are stabilised in an inactive state and preserved from proteasomal degradation [[cite:PUB00155128]]. It acts via its association with EEF2/eEF2 factor, sequestering EEF2/eEF2 at the A-site of the ribosome and promoting ribosome stabilisation and storage in an inactive state and it may also play a role in the regulation of mRNA stability: binds to the 3'-most 134 nt of the SERPINE1/PAI1 mRNA, a region which confers cyclic nucleotide regulation of message decay [[cite:PUB00008624]]. It seems to play a role in PML-nuclear bodies formation [[cite:PUB00155127]]. The orthologue from S. pombe, oga-1, is a ribosome preservation factor that protects a small pool of nontranslating, vacant ribosomes in cells under nutrient starvation conditions. Under nutrient-limiting conditions, cells reduce ribosome biogenesis and degrade ribosomes via autophagy (ribophagy) or proteasomal degradation. It binds specifically G4 quadruplex (these are four-stranded right-handed helices, stabilised by guanine base quartets) and purine motif triplex (characterised by a third, antiparallel purine-rich DNA strand located within the major groove of a homopurine stretch of duplex DNA) nucleic acid structures. These structures may be present at telomeres or in rRNAs. Extends chronological lifespan when overexpressed [[cite:PUB00151550]].</p>"
1;IPR006861;"doi:10.1016/j.cell.2021.04.011
imex:IM-29278
pubmed:33961781";Hyaluronan/mRNA-binding protein;"<p>This entry represents a domain found in the HABP4 protein family of hyaluronan-binding proteins, and the PAI-1 mRNA-binding protein, PAI-RBP1. HABP4 has been observed to bind hyaluronan (a glucosaminoglycan), but it is not known whether this is its primary role<i>in vivo</i>. It has also been observed to bind RNA, but with a lower affinity than that for hyaluronan [[cite:PUB00008623]]. PAI-1 mRNA-binding protein specifically binds the mRNA of type-1 plasminogen activator inhibitor (PAI-1), and is thought to be involved in regulation of mRNA stability [[cite:PUB00008624]]. However, in both cases, the sequence motifs predicted to be important for ligand binding are not conserved throughout the family, so it is not known whether members of this family share a common function.</p>

<p>Hyaluronan/mRNA-binding protein may be involved in nuclear functions such as the remodeling of chromatin and the regulation of transcription [[cite:PUB00053771], [cite:PUB00053772]].</p>"
1;IPR032381;"doi:10.1016/j.cell.2021.04.011
imex:IM-29278
pubmed:33961781";Intracellular hyaluronan-binding protein 4, N-terminal domain;<p>This is the N-terminal region of intracellular hyaluronan-binding protein 4 and SERPINE1 mRNA-binding protein 1-like proteins. This region carries nuclear localisation sites, and may also be involved in the binding to some of the partners in the translational machinery [[cite:PUB00008624], [cite:PUB00076292], [cite:PUB00076293]].</p>
1;IPR000182;"imex:IM-16517
mint:MINT-5217955
pubmed:16169070";GNAT domain;"<p>This entry represents the entire GNAT domain.</p>; <p>The N-acetyltransferases (NAT) ([ec:2.3.1.-]) are enzymes that use acetyl coenzyme A (CoA) to transfer an acetyl group to a substrate, a reaction implicated in various functions from bacterial antibiotic resistance to mammalian circadian rhythm and chromatin remodelling. The Gcn5-related N-acetyltransferases (GNAT) catalyse the transfer of the acetyl from the CoA donor to a primary amine of the acceptor. The GNAT proteins share a domain composed of four conserved sequence motifs A-D [[cite:PUB00005463], [cite:PUB00033792]]. This GNAT domain is named after yeast GCN5 (from General Control Nonrepressed) and related histone acetyltransferases (HATs) like Hat1 and PCAF. HATs acetylate lysine residues of N-terminal histone tails, resulting in transcription activation. Another category of GNAT, the aminoglycoside N-acetyltransferases, confer antibiotic resistance by catalysing the acetylation of amino groups in aminoglycoside antibiotics [[cite:PUB00027579]]. GNAT proteins can also have anabolic and catabolic functions in both prokaryotes and eukaryotes [[cite:PUB00005463], [cite:PUB00033792], [cite:PUB00027579], [cite:PUB00025257], [cite:PUB00033793]].</p>

<p>The acetyltransferase/GNAT domain forms a structurally conserved fold of 6 to 7 β-strands (B) and 4 helices (H) in the topology B1-H1-H2-B2-B3-B4-H3-B5-H4-B6, followed by a C-terminal strand which may be from the same monomer or contributed by another [[cite:PUB00033792], [cite:PUB00033793]]. Motifs D (B2-B3), A (B4-H3) and B (B5-H4) are collectively called the HAT core [[cite:PUB00033792], [cite:PUB00025257], [cite:PUB00033793]], while the N-terminal motif C (B1-H1) is less conserved.</p>

<p>Some proteins known to contain a GNAT domain:</p>

<ul><li>Actinobacterial mycothiol acetyltransferase (MshD), which catalyses the transfer of acetyl from acetyl-CoA to desacetylmycothiol to form mycothiol.</li>

<li>Yeast GCN5 and Hat1, which are histone acetyltransferases (EC 2.3.1.48).</li>

<li>Human PCAF, a histone acetyltransferase.</li>

<li>Mammalian serotonin N-acetyltransferase (SNAT) or arylalkylamine NAT (AANAT), which acetylates serotonin into a circadian neurohormone that may participate in light-dark rhythms, and human mood and behaviour.</li>

<li>Mammalian glucosamine 6-phosphate N-acetyltransferase (GNA1) (EC 2.3.1.4).</li>

<li>Escherichia coli RimI and RimJ, which acetylate the N-terminal alanine of ribosomal proteins S18 and S5, respectively (EC 2.3.1.128).</li>

<li>Mycobacterium tuberculosis aminoglycoside 2'-N-acetyltransferase (Aac), which acetylates the 2' hydroxyl or amino group of a broad spectrum of aminoglycoside antibiotics.</li>

<li>Bacillus subtilis BltD and PaiA, which acetylate spermine and spermidine.</li></ul>"
1;IPR016181;"imex:IM-16517
mint:MINT-5217955
pubmed:16169070";Acyl-CoA N-acyltransferase;"<p>This entry represents a structural domain found in several acyl-CoA acyltransferase enzymes. This domain has a 3-layer α/β/α structure that contains mixed β-sheets, and can be found in the following proteins:</p>

<ul>
<li>N-acetyl transferase (NAT) family members, including aminoglycoside N-acetyltransferases [[cite:PUB00027579]], the histone acetyltransferase domain of P300/CBP associating factor PCAF [[cite:PUB00023984]], the catalytic domain of GCN5 histone acetyltransferase [[cite:PUB00006453]], and diamine acetyltransferase 1 [[cite:PUB00039506]].</li>
<li>Autoinducer synthetases, such as protein LasI [[cite:PUB00030742]] and acyl-homoserinelactone synthase EsaI [[cite:PUB00026875]].</li>
<li>Leucyl/phenylalanyl-tRNA-protein transferase (LFTR), a close relative of the non-ribosomal peptidyltransferases; there is a deletion of the N-terminal half of the N-terminal NAT-like domain after the domain duplication/swapping events [[cite:PUB00040115]].</li>
<li>Ornithine decarboxylase antizyme, which may have evolved a different function for this domain, although the putative active site maps to the same location in the common fold.</li>
<li>Arginine N-succinyltransferase, alpha chain, AstA, which contains an extra C-terminal domain that is similar to the double-psi β-barrel fold domain (missing one strand and untangled ψ-loops).</li>
</ul>

<p>Several proteins carry a duplication of this domain, which consists of two NAT-like domains swapped with the C-terminal strands, including:</p>

<ul>
<li>N-myristoyl transferase (NMT) [[cite:PUB00026039]].</li>
<li>FemXAB non ribosomal peptidyl transferases, including methicillin-resistance protein FemA (transfer glycyl residue from tRNA-Gly) [[cite:PUB00014008]] and peptidyl transferase FemX [[cite:PUB00029031]].</li>
<li>Hypothetical protein cg14615-pa from Drosophila melanogaster (Fruit fly).</li>
</ul>"
1;IPR039840;"imex:IM-16517
mint:MINT-5217955
pubmed:16169070";N-alpha-acetyltransferase 80;<p>N-alpha-acetyltransferase 80 (NAA80, also known as Fus2) is a tumour suppressor [[cite:PUB00090214]]. It has been shown to acetylate the N terminus of processed forms of beta- and gamma-actin. Actin N-terminal acetylation has been found to regulate cytoskeletal dynamics and motility [[cite:PUB00090215], [cite:PUB00090960]].</p>
1;IPR018108;"imex:IM-16517
mint:MINT-5217955
pubmed:16169070";Mitochondrial carrier protein, transmembrane region;"<p>This entry represents the transmembrane region in mitochondrial carrier proteins.</p>; <p>A variety of substrate carrier proteins involved in energy transfer are found in the inner mitochondrial membrane or are integral to the membranes of other eukaryotic organelles such as the peroxisome [[cite:PUB00005351], [cite:PUB00005084], [cite:PUB00003301], [cite:PUB00001675], [cite:PUB00005407]]. Such proteins include:</p>

<ul><li>ADP/ATP carrier protein (ADP/ATP translocase)</li>
  <li>2-oxoglutarate/malate carrier protein</li>
  <li>Phosphate carrier protein</li>
  <li>Tricarboxylate transport protein (or citrate transport protein)</li>
  <li>Graves disease carrier protein</li>
  <li>Yeast mitochondrial proteins MRS3 and MRS4</li>
  <li>Yeast mitochondrial FAD carrier protein</li>
  <li>And many others</li></ul>

<p>These mitochondrial carrier proteins share a tripartite structure, consisting of up to three tandem repeats of a domain approximately 100 residues in length [[cite:PUB00001005]]. Each domain contains two transmembrane (TM) regions, resulting in a total of six TM domains. Sequence analysis has shown that the TM regions and their adjacent hydrophilic loops are more highly conserved than other parts of the protein, with five of the six TM domains followed by the conserved motif (D/E)-Hy(K/R), where Hy denotes a hydrophobic residue [[cite:PUB00001005]]. Structurally, these domains contain six α-helices that form a compact transmembrane unit. This structure exhibits a deep depression on the side facing the space between the inner and outer mitochondrial membranes, resembling a channel-like conformation [[cite:PUB00101069], [cite:PUB00029479]]. It is suggested that substrates bind at the bottom of this cavity, and translocation occurs through a conformational change from a 'pit' to a 'channel' structure.</p>"
1;IPR030847;"imex:IM-16517
mint:MINT-5217955
pubmed:16169070";Mitochondrial glycine transporter Hem25/SLC25A38;"<p>This entry includes a group of mitochondrial glycine transporters, including Hem25 from budding yeasts and SLC25A38 from humans. They transport glycine into mitochondria for initiation of heme biosynthesis [[cite:PUB00087262]].</p>


<p>Solute carrier family 25 member 38 (SLC25A38) belongs to the SLC25 family, whose members are inner mitochondrial membrane transporters promoting the exchange of one metabolite for another across the inner mitochondrial membrane.  Mutations in the SLC25A38 gene cause nonsyndromic autosomal recessive congenital sideroblastic anemia [[cite:PUB00074120], [cite:PUB00074259]].</p>"
1;IPR023395;"imex:IM-16517
mint:MINT-5217955
pubmed:16169070";Mitochondrial carrier protein domain superfamily;"<p>This superfamily represents a structural domain found in mitochondrial carrier proteins.</p>; <p>A variety of substrate carrier proteins involved in energy transfer are found in the inner mitochondrial membrane or are integral to the membranes of other eukaryotic organelles such as the peroxisome [[cite:PUB00005351], [cite:PUB00005084], [cite:PUB00003301], [cite:PUB00001675], [cite:PUB00005407]]. Such proteins include:</p>

<ul><li>ADP/ATP carrier protein (ADP/ATP translocase)</li>
  <li>2-oxoglutarate/malate carrier protein</li>
  <li>Phosphate carrier protein</li>
  <li>Tricarboxylate transport protein (or citrate transport protein)</li>
  <li>Graves disease carrier protein</li>
  <li>Yeast mitochondrial proteins MRS3 and MRS4</li>
  <li>Yeast mitochondrial FAD carrier protein</li>
  <li>And many others</li></ul>

<p>These mitochondrial carrier proteins share a tripartite structure, consisting of up to three tandem repeats of a domain approximately 100 residues in length [[cite:PUB00001005]]. Each domain contains two transmembrane (TM) regions, resulting in a total of six TM domains. Sequence analysis has shown that the TM regions and their adjacent hydrophilic loops are more highly conserved than other parts of the protein, with five of the six TM domains followed by the conserved motif (D/E)-Hy(K/R), where Hy denotes a hydrophobic residue [[cite:PUB00001005]]. Structurally, these domains contain six α-helices that form a compact transmembrane unit. This structure exhibits a deep depression on the side facing the space between the inner and outer mitochondrial membranes, resembling a channel-like conformation [[cite:PUB00101069], [cite:PUB00029479]]. It is suggested that substrates bind at the bottom of this cavity, and translocation occurs through a conformational change from a 'pit' to a 'channel' structure.</p>"
1;IPR007276;"doi:10.1261/rna.062927.117
imex:IM-24374
imex:IM-25795
pubmed:11694595
pubmed:12150911
pubmed:16429126
pubmed:29054886";Nucleolar protein 14;<p>Nucleolar protein 14 (Nop14) is involved in nucleolar processing of pre-18S ribosomal RNA and has a role in the nuclear export of 40S pre-ribosomal subunit to the cytoplasm [[cite:PUB00008496], [cite:PUB00063036]].</p>
1;IPR016050;"imex:IM-16517
mint:MINT-5217955
pubmed:16169070";Proteasome beta-type subunit, conserved site;"<p>The proteasome (or macropain) ([ec:3.4.25.1]) [[cite:PUB00000524], [cite:PUB00000148], [cite:PUB00004123], [cite:PUB00001329], [cite:PUB00005460]] is a multicatalytic proteinase complex in eukaryotes and archaea, and in some bacteria, that seems to be involved in an ATP/ubiquitin-dependent nonlysosomal proteolytic pathway. In eukaryotes the proteasome is composed of 28 distinct subunits which form a highly ordered ring-shaped structure (20S ring) of about 700kDa. Most proteasome subunits can be classified, on the basis on sequence similarities into two groups, alpha (A) and beta (B). These are arranged in four rings of seven proteins, consisting of a ring of alpha subunits, two rings of beta subunits, and a ring of alpha subunits. In eukaryotes, each alpha and each beta ring consists of different proteins. Three of the beta subunits are peptidases in subfamily T1A, and each has a distinctive specificity (trypsin-like, chymotrypsin-like and glutamyl peptidase-like). The peptidases are N-terminal nucleophile hydrolases in which the N-terminal threonine is the nucleophile in the hydrolytic reaction [[cite:PUB00030848]]. In the immunoproteasome, the catalytic components are replaced by three specialist, catalytic beta subunits [[cite:PUB00065662]]. In bacteria and archaea there is only one alpha subunit and one beta subunit, and each ring is a homoseptamer.</p>; <p>This entry represents a conserved sequence region found in the N-terminal region of these proteins.</p>"
1;IPR024689;"imex:IM-16517
mint:MINT-5217955
pubmed:16169070";Proteasome beta subunit, C-terminal;<p>This domain is found in the C terminus of beta-type subunits of the proteasome, a multimeric complex that degrades proteins into peptides as part of the MHC class I-mediated Ag-presenting pathway [[cite:PUB00056118]]. This domain is approximately 40 amino acids in length. It is found in association with [pfam:PF00227]. It contains a conserved GTT sequence motif and a single completely conserved residue Y that may be functionally important.</p>
1;IPR023333;"imex:IM-16517
mint:MINT-5217955
pubmed:16169070";Proteasome B-type subunit;"<p>ATP-dependent protease complexes are present in all three kingdoms of life, where they rid the cell of misfolded or damaged proteins and control the level of certain regulatory proteins. They include the proteasome in Eukaryotes, Archaea, and Actinomycetales and the HslVU (ClpQY, clpXP) complex in other eubacteria. Genes homologues to eubacterial HslU (ClpY, clpX) have also been demonstrated in to be present in the genome of trypanosomatid protozoa [[cite:PUB00011906]].</p>; <p>The proteasome  (or macropain) ([ec:3.4.25.1]) [[cite:PUB00000524], [cite:PUB00000148], [cite:PUB00004123], [cite:PUB00001329], [cite:PUB00005460]] is a multicatalytic proteinase complex in eukaryotes and archaea, and in some bacteria, that is involved in an ATP/ubiquitin-dependent non-lysosomal proteolytic pathway. In eukaryotes the 20S proteasome is composed of 28 distinct subunits which form a highly ordered ring-shaped structure (20S ring) of about 700kDa.  Proteasome subunits can be classified on the basis of sequence similarities into two groups, alpha (A) and beta (B). The proteasome consists of four stacked rings composed of α/β/β/α subunits. There are seven different alpha subunits and seven different beta subunits [[cite:PUB00030848]]. Three of the seven beta subunits are peptidases, each with a different specificity.  Subunit beta1c (MEROPS identifier T01.010) has a preference for cleaving glutaminyl bonds (""peptidyl-glutamyl-like"" or ""caspase-like""), subunit beta2c (MEROPS identifier T01.011) has a preference for cleaving arginyl and lysyl bonds (""trypsin-like""), and subunit beta5c (MEROPS identifier T01.012) cleaves after hydrophobic amino acids (""chymotrypsin-like"") [[cite:PUB00080992]]. The proteasome subunits are related to N-terminal nucleophile hydrolases, and the catalytic subunits have an N-terminal threonine nucleophile.</p>; <p>The prokaryotic ATP-dependent proteasome is coded for by the heat-shock locus VU (HslVU). It consists of HslV, a peptidase, and HslU ([interpro:IPR004491]), the ATPase and chaperone belonging to the AAA/Clp/Hsp100 family. The crystal structure of Thermotoga maritima HslV has been determined to 2.1-A resolution. The structure of the dodecameric enzyme is well conserved compared to those from Escherichia coli and Haemophilus influenzae [[cite:PUB00014349], [cite:PUB00014350]].</p>; <p>This family consists of the beta (or B type) subunits of the eukaryotic proteasome as well as the archaeal and bacterial proteasomes. These proteins belong to family T1 in the classification of peptidases.</p>"
1;IPR000243;"imex:IM-16517
mint:MINT-5217955
pubmed:16169070";Peptidase T1A, proteasome beta-subunit;<p>The proteasome (or macropain) ([ec:3.4.25.1]) [[cite:PUB00000524], [cite:PUB00000148], [cite:PUB00004123], [cite:PUB00001329], [cite:PUB00005460]] is a multicatalytic proteinase complex in eukaryotes and archaea, and in some bacteria, that seems to be involved in an ATP/ubiquitin-dependent nonlysosomal proteolytic pathway. In eukaryotes the proteasome is composed of 28 distinct subunits which form a highly ordered ring-shaped structure (20S ring) of about 700kDa. Most proteasome subunits can be classified, on the basis on sequence similarities into two groups, alpha (A) and beta (B). These are arranged in four rings of seven proteins, consisting of a ring of alpha subunits, two rings of beta subunits, and a ring of alpha subunits. In eukaryotes, each alpha and each beta ring consists of different proteins. Three of the beta subunits are peptidases in subfamily T1A, and each has a distinctive specificity (trypsin-like, chymotrypsin-like and glutamyl peptidase-like). The peptidases are N-terminal nucleophile hydrolases in which the N-terminal threonine is the nucleophile in the hydrolytic reaction [[cite:PUB00030848]]. In the immunoproteasome, the catalytic components are replaced by three specialist, catalytic beta subunits [[cite:PUB00065662]]. In bacteria and archaea there is only one alpha subunit and one beta subunit, and each ring is a homoseptamer.</p>
1;IPR029055;"imex:IM-16517
mint:MINT-5217955
pubmed:16169070";Nucleophile aminohydrolases, N-terminal;"<p>The N-terminal of the nucleophile aminohydrolase (Ntn hydrolases) provides two catalytic groups, nucleophile and proton donor. Ntn hydrolases use the side chain of the amino-terminal residue, incorporated in a β-sheet, as the nucleophile in the catalytic attack at the carbonyl carbon. The nucleophile is cysteine in GAT, serine in penicillin acylase, and threonine in the proteasome. All the enzymes share an unusual fold in which the nucleophile and other catalytic groups occupy equivalent sites. This fold provides both the capacity for nucleophilic attack and the possibility of autocatalytic processing [[cite:PUB00050262]].</p>

<p>Some nucleophile aminohydrolases include:</p>

<ul><li>ATP-dependent protease subunit HslV</li>
  <li>Glutamine--fructose-6-phosphate aminotransferase [isomerizing]</li>
  <li>Proteasome subunits</li>
  <li>Amidophosphoribosyltransferase</li>
  <li>Related proteins</li></ul>"
1;IPR001353;"imex:IM-16517
mint:MINT-5217955
pubmed:16169070";Proteasome, subunit alpha/beta;"<p>ATP-dependent protease complexes are present in all three kingdoms of life, where they rid the cell of misfolded or damaged proteins and control the level of certain regulatory proteins. They include the proteasome in Eukaryotes, Archaea, and Actinomycetales and the HslVU (ClpQY, clpXP) complex in other eubacteria. Genes homologues to eubacterial HslU (ClpY, clpX) have also been demonstrated in to be present in the genome of trypanosomatid protozoa [[cite:PUB00011906]].</p>; <p>The proteasome  (or macropain) ([ec:3.4.25.1]) [[cite:PUB00000524], [cite:PUB00000148], [cite:PUB00004123], [cite:PUB00001329], [cite:PUB00005460]] is a multicatalytic proteinase complex in eukaryotes and archaea, and in some bacteria, that is involved in an ATP/ubiquitin-dependent non-lysosomal proteolytic pathway. In eukaryotes the 20S proteasome is composed of 28 distinct subunits which form a highly ordered ring-shaped structure (20S ring) of about 700kDa.  Proteasome subunits can be classified on the basis of sequence similarities into two groups, alpha (A) and beta (B). The proteasome consists of four stacked rings composed of α/β/β/α subunits. There are seven different alpha subunits and seven different beta subunits [[cite:PUB00030848]]. Three of the seven beta subunits are peptidases, each with a different specificity.  Subunit beta1c (MEROPS identifier T01.010) has a preference for cleaving glutaminyl bonds (""peptidyl-glutamyl-like"" or ""caspase-like""), subunit beta2c (MEROPS identifier T01.011) has a preference for cleaving arginyl and lysyl bonds (""trypsin-like""), and subunit beta5c (MEROPS identifier T01.012) cleaves after hydrophobic amino acids (""chymotrypsin-like"") [[cite:PUB00080992]]. The proteasome subunits are related to N-terminal nucleophile hydrolases, and the catalytic subunits have an N-terminal threonine nucleophile.</p>; <p>The prokaryotic ATP-dependent proteasome is coded for by the heat-shock locus VU (HslVU). It consists of HslV, a peptidase, and HslU ([interpro:IPR004491]), the ATPase and chaperone belonging to the AAA/Clp/Hsp100 family. The crystal structure of Thermotoga maritima HslV has been determined to 2.1-A resolution. The structure of the dodecameric enzyme is well conserved compared to those from Escherichia coli and Haemophilus influenzae [[cite:PUB00014349], [cite:PUB00014350]].</p>; <p>This entry contains threonine peptidases and non-peptidase homologues belong to MEROPS peptidase family T1 (proteasome family, clan PB(T)). The family consists of the protease components of the archaeal and bacterial proteasomes and the alpha and beta subunits of the eukaryotic proteasome.</p>"
1;IPR040248;"imex:IM-24272
pubmed:26496610";Ribosome-binding protein 1;<p>Ribosome-binding protein 1 (RRBP1), also called ES/130 or p180, is an endoplasmic reticulum membrane protein that is critical for ribosome binding and for the the transportation and secretion of nascent proteins [[cite:PUB00090754]]. RRBP1 plays a critical role in terminal differentiation of secretory cells and tissues [[cite:PUB00090755]]. RRBP1 is highly expressed in several cancers [[cite:PUB00090756], [cite:PUB00090757], [cite:PUB00090758]].</p>
1;IPR007794;"imex:IM-24272
pubmed:26496610";Ribosome receptor lysine/proline rich;<p>The ribosome receptor is an integral endoplasmic reticulum protein that has been suggested to be involved in secretion. This highly conserved region is found towards the C terminus of the transmembrane domain [[cite:PUB00010217]]. The function is unclear.</p>
1;IPR038552;"doi:10.1016/j.cell.2021.04.011
imex:IM-29278
pubmed:33961781";Tim21 IMS domain superfamily;"<p>Tim21 is an essential component of the TIM23 complex, which mediates the translocation of transit peptide-containing proteins across the mitochondrial inner membrane. Tim21 is required to keep the TOM and the TIM23 complexes in close contact. At some point, it is released from the TOM23 complex to allow protein translocation into the mitochondrial matrix  [[cite:PUB00017154], [cite:PUB00062936]].</p>; <p>Tim21 consists of a single transmembrane segment in the inner membrane, and a large intermembrane space (IMS) domain that has been shown to bind to the IMS domain of the outer membrane of the Tom22 receptor [[cite:PUB00017154], [cite:PUB00062936]]. The binding domain of Tim21 consists of a novel mixed α/β fold [[cite:PUB00040031]].</p>"
1;IPR013261;"doi:10.1016/j.cell.2021.04.011
imex:IM-29278
pubmed:33961781";Mitochondrial import inner membrane translocase subunit Tim21;<p>Tim21 is an essential component of the TIM23 complex, which mediates the translocation of transit peptide-containing proteins across the mitochondrial inner membrane. Tim21 is required to keep the TOM and the TIM23 complexes in close contact. At some point, it is released from the TOM23 complex to allow protein translocation into the mitochondrial matrix  [[cite:PUB00017154], [cite:PUB00062936]].</p>
1;IPR002225;"imex:IM-25472
pubmed:32296183";3-beta hydroxysteroid dehydrogenase/isomerase;<p>The enzyme 3 beta-hydroxysteroid dehydrogenase/5-ene-4-ene isomerase (3 beta-HSD) catalyses the oxidation and isomerisation of 5-ene-3 beta-hydroxypregnene and 5-ene-hydroxyandrostene steroid precursors into the corresponding 4-ene-ketosteroids necessary for the formation of all classes of steroid hormones.</p>
1;IPR036291;"imex:IM-25472
pubmed:32296183";NAD(P)-binding domain superfamily;"<p>This entry represents NAD- and NADP-binding domains superfamily with a core Rossmann-type fold, which consists of three layers (α/β/α) with parallel β-sheet of 6 strands. Many different enzymes contain an NAD/NADP-binding domain, including:</p>

<ul>
<li>C-terminal domain of alcohol dehydrogenases [[cite:PUB00031657]]</li>
<li>Tyrosine-dependent oxidoreductases (also known as short-chain dehydrogenases) [[cite:PUB00000446]]</li>
<li>N-terminal domain of glyceraldehyde-3-phosphate dehydrogenase [[cite:PUB00023536]]</li>
<li>NAD-binding domain of formate/glycerate dehydrogenases [[cite:PUB00032846]]</li>
<li>N-terminal domain of sirohaem synthase [[cite:PUB00029889]]</li>
<li>N-terminal domain of lactate dehydrogenase [[cite:PUB00025866]]</li>
<li>N-terminal domain of 6-phosphogluconate dehydrogenase (the β-sheet is extended to 8 strands) [[cite:PUB00041823]]</li>
<li>C-terminal domain of amino acid dehydrogenases (an extra N-terminal helix displaces the C-terminal helix [[cite:PUB00025375]]</li>
<li>NAD-binding domain of certain potassium channels [[cite:PUB00025981]]</li>
<li>C-terminal domain of the transcriptional repressor Rex [[cite:PUB00032388]]</li>
<li>Ornithine cyclodeaminase [[cite:PUB00031693]]</li>
<li>CoA-binding N-terminal domain of the alpha chain of succinyl-CoA synthetase [[cite:PUB00015984]]</li>
</ul>"
1;IPR050425;"imex:IM-25472
pubmed:32296183";NAD(P)-dependent dehydratase-like;<p>This family of proteins includes enzymes that are primarily involved in various biosynthetic pathways, including the production of flavonoids [[cite:PUB00155175]], lignin [[cite:PUB00155176]], meroterpenoids [[cite:PUB00154531]], and other polyketide-derived compounds. Members of this family function as oxidoreductases, often utilising NAD(P)H as a cofactor to catalyse the reduction of ketones and aldehydes to secondary alcohols. They play crucial roles in plant defense mechanisms, the formation of pigments, and the regulation of plant hormone levels. Some family members are also involved in the detoxification of harmful compounds and the biosynthesis of steroidal hormones in animals [[cite:PUB00118947]].</p>
1;IPR042622;"doi:10.1016/j.cell.2021.04.011
imex:IM-29278
pubmed:33961781";Zinc finger protein 106;<p>Zinc finger protein 106 (Znf106) is an RNA-binding protein that associates with the core splicing factor RNA binding motif protein 39 (RBM39) and localizes to nuclear speckles adjacent to spliceosomes [[cite:PUB00093115]]. It is essential for maintenance of peripheral motor neuron and skeletal muscle function [[cite:PUB00093116], [cite:PUB00093117]].</p>
1;IPR000684;"imex:IM-25472
pubmed:32296183";RNA polymerase II, heptapeptide repeat, eukaryotic;"<p>RNA polymerase II ([ec:2.7.7.6]) [[cite:PUB00000080], [cite:PUB00005357]] is one of the three forms of RNA polymerase that exist in eukaryotic nuclei. The C-terminal region of the largest subunit of this oligomeric enzyme consists of the tandem repeat of a conserved heptapeptide [[cite:PUB00005359]]. The number of repeats varies according to the species (for example there are 17 in Plasmodium, 26 in yeast, 44 in Drosophila, and 52 in mammals). The region containing these repeats is essential for the function of polymerase II. This repeated heptapeptide
(called CT7n or CTD) is rich in hydroxyl groups. It probably projects out of the globular catalytic domain and may interact with the acidic activator domains of transcriptional regulatory proteins. It is also known to bind by intercalation to DNA. RNA polymerase II is activated by phosphorylation. The serine and threonine residues in the CT7n repeats are the target of such phosphorylation.</p>"
1;IPR037840;"doi:10.1016/j.cell.2021.04.011
imex:IM-29278
pubmed:33961781";Anillin, PH domain;"<p>Anillin (Rhotekin/RTKN; also called PLEKHK/Pleckstrin homology domain-containing family K) is an actin binding protein involved in cytokinesis. It interacts with GTP-bound Rho proteins and results in the inhibition of their GTPase activity. Dysregulation of the Rho signal transduction pathway has been implicated in many forms of cancer. Anillin proteins have a N-terminal HRI domain/ACC (anti-parallel coiled-coil) finger domain or Rho-binding domain binds small GTPases from the Rho family. The C-terminal PH domain helps target anillin to ectopic septin containing foci [[cite:PUB00076143], [cite:PUB00087698]].</p>

<p>This entry represents the PH domain.</p>"
1;IPR012966;"doi:10.1016/j.cell.2021.04.011
imex:IM-29278
pubmed:33961781";Anillin homology domain;"<p>Anillin is a protein involved in septin organisation during cell division. It is an actin binding protein that is localised to the cleavage furrow, and it maintains the localisation of active myosin, which ensures the spatial control of concerted contraction during cytokinesis [[cite:PUB00075569]].</p>

<p>This entry represents a conserved domain found in anillin and anillin-like proteins. This domain shares homology with the RhoA binding protein Rhotekin [[cite:PUB00075570]].</p>"
1;IPR051364;"doi:10.1016/j.cell.2021.04.011
imex:IM-29278
pubmed:33961781";Cytokinesis and Rho signaling-related protein;<p>This family of proteins is involved in various cellular processes, including cytokinesis, the final step of cell division where the cell splits into two. Members of this family are essential for the structural integrity of the cleavage furrow, which is the indentation that begins the process of division, and for the completion of this furrow's ingression. They are also involved in organizing cortical structures such as septins and myosin II, which are important for membrane dynamics and cell shape. Some family members are implicated in signaling pathways, such as the Rho signaling pathway, which can activate transcription factors like NF-kappa-B and may influence apoptosis resistance in certain cancers. Additionally, these proteins play roles in the organization of the cell's cytoskeleton, including microtubules and actin filaments, which are crucial for maintaining cell shape, stability, and movement. They are also involved in developmental processes, such as the formation of germline cells in embryos and the maintenance of gonadal structures.</p>
1;IPR031970;"doi:10.1016/j.cell.2021.04.011
imex:IM-29278
pubmed:33961781";Anillin, N-terminal domain;<p>This domain is found towards the N terminus of anillin (ANLN), a F-actin-binding protein with important roles in cell cytokinesis [[cite:PUB00076146], [cite:PUB00076488]]. In mammalian anillin, this domain is repeated. This domain overlaps with the region responsible for nuclear localisation of anillin [[cite:PUB00076143]].</p>
1;IPR037689;"imex:IM-16524
mint:MINT-5216804
pubmed:14605208";BAG family molecular chaperone regulator 2;"<p>This entry represents the BAG2 protein, which belongs to the BAG family. BAG2 acts as a nucleotide-exchange factor (NEF) promoting the release of ADP from the HSP70 and HSC70 proteins thereby triggering client/substrate protein release [[cite:PUB00087480], [cite:PUB00085148]].</p>; <p>BAG-family proteins contain a single BAG domain, except for human BAG-5 which has four BAG repeats. The BAG domain is a conserved region located at the C terminus of the BAG-family proteins that binds the ATPase domain of Hsc70/Hsp70. BAG family proteins regulate chaperone protein activities through their interaction with Hsc70/Hsp70 [[cite:PUB00009773]].</p>"
1;IPR038677;"doi:10.1016/j.cell.2021.04.011
imex:IM-29278
pubmed:33961781";WIF domain superfamily;"<p>Wnt morphogens control embryonic development and homeostasis in adult tissues. In vertebrates the N-terminal WIF domain (WIF-1WD) of Wnt inhibitory factor 1 (WIF-1) binds Wnt ligands.</p>

<p>This entry represents the WIF domain, it is found in the RYK tyrosine kinase receptors and WIF the Wnt-inhibitory-factor. The domain is extracellular and contains two conserved cysteines that may form a disulphide bridge. This domain is Wnt binding in WIF, and it has been suggested that RYK may also bind to Wnt [[cite:PUB00008089]]. The WIF domain of WIF-1 was suggested to have a function in inhibiting Wnt signalling [[cite:PUB00059810]].</p>"
1;IPR050969;"doi:10.1016/j.cell.2021.04.011
imex:IM-29278
pubmed:33961781";Developmental Signaling Modulators;<p>The protein family is involved in various signaling pathways critical for embryonic development and cellular functions. Members of the family serve as ligands, coreceptors, or inhibitors in processes such as mesoderm segmentation, Nodal signaling, and establishment of the left-right axis during gastrulation. Some proteins bind to WNT proteins, inhibiting their activities, while others are involved in Notch signaling, contributing to cell fate determination and organogenesis. Additionally, family members regulate vascular tubulogenesis and angiogenesis, influencing cell migration and adhesion to the extracellular matrix. The family also includes proteins that stabilize morphogen interactions, playing roles in patterning and growth control.</p>
1;IPR003306;"doi:10.1016/j.cell.2021.04.011
imex:IM-29278
pubmed:33961781";WIF domain;"<p>Wnt morphogens control embryonic development and homeostasis in adult tissues. In vertebrates the N-terminal WIF domain (WIF-1WD) of Wnt inhibitory factor 1 (WIF-1) binds Wnt ligands.</p>

<p>This entry represents the WIF domain, it is found in the RYK tyrosine kinase receptors and WIF the Wnt-inhibitory-factor. The domain is extracellular and contains two conserved cysteines that may form a disulphide bridge. This domain is Wnt binding in WIF, and it has been suggested that RYK may also bind to Wnt [[cite:PUB00008089]]. The WIF domain of WIF-1 was suggested to have a function in inhibiting Wnt signalling [[cite:PUB00059810]].</p>"
1;IPR013032;"doi:10.1016/j.cell.2021.04.011
imex:IM-29278
pubmed:33961781";EGF-like, conserved site;"<p>This entry represents a conserved site in the EGF-like domain.</p>; <p>A sequence of about thirty to forty amino-acid residues long found in the sequence of epidermal growth factor (EGF) has been shown [[cite:PUB00001555], [cite:PUB00003983], [cite:PUB00004321], [cite:PUB00004609]] to be present, in a more or less conserved form, in a large number of other, mostly animal proteins. The list of proteins currently known to contain one or more copies of an EGF-like pattern is large and varied. The functional significance of EGF domains in what appear to be unrelated proteins is not yet clear. However, a common feature is that these repeats are found in the extracellular domain of membrane-bound proteins or in proteins known to be secreted (exception: prostaglandin G/H synthase). The EGF domain includes six cysteine residues which have been shown (in EGF) to be involved in disulphide bonds. The main structure is a two-stranded β-sheet followed by a loop to a C-terminal short two-stranded sheet. Subdomains between the conserved cysteines vary in length.</p>"
1;IPR000742;"doi:10.1016/j.cell.2021.04.011
imex:IM-29278
pubmed:33961781";EGF-like domain;"<p>This entry represents the EGF domain found in Cueball proteins, Prostaglandins and related proteins.</p>; <p>A sequence of about forty amino-acid residues found in epidermal growth factor (EGF) has been shown [[cite:PUB00004321], [cite:PUB00004609], [cite:PUB00004964], [cite:PUB00003983], [cite:PUB00001555]] to be present in a large number of membrane-bound and extracellular, mostly animal, proteins. Many of these proteins require calcium for their biological function, and a calcium-binding site has been found at the N-terminal of some EGF-like domains [[cite:PUB00002741]]. Calcium-binding may be crucial for numerous protein-protein interactions.</p>

<p>A common feature of all EGF-like domains is that they are found in the extracellular domain of membrane-bound proteins or in proteins known to be
secreted (exception: prostaglandin G/H synthase). The EGF-like domain includes six cysteine residues which have been shown to be involved in disulfide bonds. The structure of several EGF-like domains has been solved. The fold consists of two-stranded β-sheet followed by a loop to a C-terminal short
two-stranded sheet.</p>

<p>As in non-calcium binding EGF-like domains, there are six conserved cysteines and the structure of both types is very similar as calcium-binding induces only strictly local structural changes [[cite:PUB00002741]].</p>

<pre>
                             +------------------+        +---------+
                             |                  |        |         |
               nxnnC-x(3,14)-C-x(3,7)-CxxbxxxxaxC-x(1,6)-C-x(8,13)-Cx
                   |                  | 
                   +------------------+

'n': negatively charged or polar residue [DEQN]
'b': possibly beta-hydroxylated residue [DN]
'a': aromatic amino acid
'C': cysteine, involved in disulphide bond
'x': any amino acid.
</pre>"
1;IPR013309;"doi:10.1016/j.cell.2021.04.011
imex:IM-29278
pubmed:33961781";Wnt inhibitory factor (WIF)-1;"<p>Wnt proteins constitute a large family of secreted molecules that are involved in intercellular signalling during development. The name derives from the first 2 members of the family to be discovered: int-1 (mouse) and wingless (Drosophila) [[cite:PUB00011232]]. It is now recognised that Wnt signalling controls many cell fate decisions in a variety of different organisms, including mammals [[cite:PUB00013890]]. Wnt signalling has been implicated in tumourigenesis, early mesodermal patterning of the embryo, morphogenesis of the brain and kidneys, regulation of mammary gland proliferation and Alzheimer's disease [[cite:PUB00011233], [cite:PUB00011562]].</p>

<p>Wnt-mediated signalling is believed to proceed initially through binding to cell surface receptors of the frizzled family; the signal is subsequently transduced through several cytoplasmic components to B-catenin, which enters the nucleus and activates the transcription of several genes important in development [[cite:PUB00011234]]. Several non-canonical Wnt signalling pathways have also been elucidated that act independently of B-catenin. Canonical and noncanonical Wnt signaling branches are highly interconnected, and cross-regulate each other [[cite:PUB00055528]].</p>

<p>Members of the Wnt gene family are defined by their sequence similarity to mouse Wnt-1 and Wingless in Drosophila. They encode proteins of ~350-400 residues in length, with orthologues identified in several, mostly vertebrate, species. Very little is known about the structure of Wnts as they are notoriously insoluble, but they share the following features characteristics of secretory proteins: a signal peptide, several potential N-glycosylation sites and 22 conserved cysteines [[cite:PUB00011232]] that are probably involved in disulphide bonds. The Wnt proteins seem to adhere to the plasma membrane of the secreting cells and are therefore likely to signal over only few cell diameters. Fifteen major Wnt gene families have been identified in vertebrates, with multiple subtypes within some classes.</p>; <p>Wnt inhibitory factor-1 (WIF-1) is a secreted protein that binds to Wnt proteins and inhibits their activities. It was first identified as an EST from human retina; ortholgues have since been identified in mouse, rat, Xenopus and zebrafish. WIF-1 proteins comprise an N-terminal signal sequence, a family-specific WIF domain, five epidermal growth factor (EGF) repeats and a hydrophilic C terminus. The interaction of Wnt proteins with WIF-1 and other inhibitors, such as frizzled-related protein, is thought to fine tune their activity [[cite:PUB00017269]].</p>"
