Count;InterProID;pubmeds;Name;ShortDescription
7;IPR009057;"doi:10.1016/j.cell.2021.04.011
imex:IM-25472
imex:IM-29278
pubmed:32296183
pubmed:33961781";Homeodomain-like superfamily;"<p>Homeodomain (HD)-containing proteins are transcription factors that share a related DNA binding domain [[cite:PUB00013192]]. HD was first identified in a number of Drosophila homeotic and segmentation proteins, but is now known to be well conserved in organisms from all domains in life. The domain binds DNA through a helix-turn-helix (HTH) structure. The HTH motif is characterised by two α-helices, which make intimate contacts with the DNA and are joined by a short turn. The second helix binds to DNA via a number of hydrogen bonds and hydrophobic interactions, which occur between specific side chains and the exposed bases and thymine methyl groups within the major groove of the DNA. The first helix helps to stabilise the structure. Many proteins contain homeodomains, including Drosophila Engrailed, yeast mating type proteins, hepatocyte nuclear factor 1a and HOX proteins.</p>

<p>The homeodomain motif is very similar in sequence and structure to domains in a wide range of DNA-binding proteins, including recombinases, Myb proteins, GARP response regulators, human telomeric proteins (hTRF1), paired domain proteins (PAX), yeast RAP1, centromere-binding proteins CENP-B and ABP-1, transcriptional regulators (TyrR), AraC-type transcriptional activators, and tetracycline repressor-like proteins (TetR, QacR, YcdC) [[cite:PUB00013193], [cite:PUB00013194], [cite:PUB00003347]].</p>"
6;IPR027417;"doi:10.1016/j.cell.2021.04.011
imex:IM-29278
pubmed:33961781";P-loop containing nucleoside triphosphate hydrolase;"<p>The P-loop NTPase fold is the most prevalent domain of the several distinct nucleotide-binding protein folds.</p>

<p>The most common reaction catalysed by enzymes of the P-loop NTPase fold is the hydrolysis of the beta-gamma phosphate bond of a bound nucleoside triphosphate (NTP). The energy from NTP hydrolysis is typically utilised to induce conformational changes in other molecules, which constitutes the basis of the biological functions of most P-loop NTPases. P-loop NTPases show substantial substrate preference for either ATP or GTP [[cite:PUB00064266]].</p>"
6;IPR001356;"doi:10.1016/j.cell.2021.04.011
imex:IM-25472
imex:IM-29278
pubmed:32296183
pubmed:33961781";Homeodomain;<p>This entry represents the homeodomain (HD), a protein domain of approximately 60 residues that usually binds DNA. It is encoded by the homeobox sequence [[cite:PUB00126359], [cite:PUB00075496], [cite:PUB00153777]], which was first identified in a number of Drosophila homeotic and segmentation proteins, but is now known to be well-conserved in many other animals, including vertebrates [[cite:PUB00000591], [cite:PUB00005390]], as well as plants [[cite:PUB00153787]], fungi [[cite:PUB00071003]] and some species of lower eukaryotes. Many members of this group are transcriptional regulators, some of which operate differential genetic programs along the anterior-posterior axis of animal bodies [[cite:PUB00010002]]. This domain folds into a globular structure with three α-helices connected by two short loops that harbour a hydrophobic core. The second and third form a helix-turn-helix (HTH) motif, which make intimate contacts with the DNA: while the first helix of this motif helps to stabilise the structure, the second helix binds to DNA via a number of hydrogen bonds and hydrophobic interactions, which occur between specific side chains and the exposed bases and thymine methyl groups within the major groove of the DNA. One particularity of the HTH motif in some of these proteins arises from the stereo-chemical requirement for glycine in the turn which is needed to avoid steric interference of the β-carbon with the main chain: for cro and repressor proteins the glycine appears to be mandatory, while for many of the homeotic and other DNA-binding proteins the requirement is relaxed.</p>
5;IPR050224;"doi:10.1016/j.cell.2021.04.011
imex:IM-29278
pubmed:33961781";;
5;IPR008422;"doi:10.1016/j.cell.2021.04.011
imex:IM-29278
pubmed:33961781";KN homeodomain;<p>This entry represents a homeodomain (HD) present in transcription factors conserved from fungi to human and plants [[cite:PUB00053798]]. Genes encoding these proteins were first identified as TALE homeobox proteins in eukaryotes, (including KNOX and MEIS genes) [[cite:PUB00053798], [cite:PUB00075494], [cite:PUB00020003]]. They have been classified [[cite:PUB00075495], [cite:PUB00075496], [cite:PUB00075497]].</p>
4;IPR017970;"doi:10.1016/j.cell.2021.04.011
imex:IM-25472
imex:IM-29278
pubmed:32296183
pubmed:33961781";Homeobox, conserved site;"<p>This entry represents a conserved site found in the homeodomain (HD), a protein domain of approximately 60 residues that usually binds DNA. It is encoded by the homeobox sequence [[cite:PUB00126359], [cite:PUB00075496], [cite:PUB00153777]], which was first identified in a number of Drosophila homeotic and segmentation proteins, but is now known to be well-conserved in many other animals, including vertebrates [[cite:PUB00000591], [cite:PUB00005390]]. Members of this group are transcriptional regulators that operate differential genetic programs along the anterior-posterior axis of animal bodies [[cite:PUB00010002]]. The domain binds DNA through a helix-turn-helix (HTH) structure. The HTH motif is characterised by two α-helices, which make intimate contacts with the DNA and are joined by a short turn. The second helix binds to DNA via a number of hydrogen bonds and hydrophobic interactions, which occur between specific side chains and the exposed bases and thymine methyl groups within the major groove of the DNA. The first helix helps to stabilise the structure.</p>

<p>The motif is very similar in sequence and structure in a wide range of DNA-binding proteins (e.g., cro and repressor proteins, homeotic proteins, etc.). One of the principal differences between HTH motifs in these different proteins arises from the stereo-chemical requirement for glycine in the turn which is needed to avoid steric interference of the β-carbon with the main chain: for cro and repressor proteins the glycine appears to be mandatory, while for many of the homeotic and other DNA-binding proteins the requirement is relaxed.</p>"
3;IPR000836;"doi:10.1016/j.cell.2021.04.011
imex:IM-25472
imex:IM-29278
pubmed:32296183
pubmed:33961781";Phosphoribosyltransferase domain;<p>This entry refers to the phosphoribosyl transferase (PRT) type I domain. PRTases catalyze the displacement of the alpha-1'-pyrophosphate of 5-phosphoribosyl-alpha1-pyrpphosphate (PRPP) by a nitrogen-containing nucleophile. The reaction products are an alpha-1 substituted ribose-5'-phosphate and a free pyrophosphate (PP).  PRPP, an activated form of ribose-5-phosphate, is a key metabolite connecting nucleotide synthesis and salvage pathways. The type I PRTases are identified by a conserved PRPP binding motif which features two adjacent acidic residues surrounded by one or more hydrophobic residue. This domain is found in a range of diverse phosphoribosyl transferase enzymes and regulatory proteins of the nucleotide synthesis and salvage pathways, including adenine phosphoribosyltransferase [ec:2.4.2.7], hypoxanthine-guanine-xanthine phosphoribosyltransferase, hypoxanthine phosphoribosyltransferase [ec:2.4.2.8], ribose-phosphate pyrophosphokinase [ec:2.7.6.1], amidophosphoribosyltransferase [ec:2.4.2.14], orotate phosphoribosyltransferase [ec:2.4.2.10], uracil phosphoribosyltransferase [ec:2.4.2.9], and xanthine-guanine phosphoribosyltransferase [ec:2.4.2.22]. In Arabidopsis, at the very N terminus of this domain is the P-Loop NTPase domain [[cite:PUB00060940], [cite:PUB00028083], [cite:PUB00080233], [cite:PUB00038074], [cite:PUB00046981], [cite:PUB00080234], [cite:PUB00080235], [cite:PUB00060925], [cite:PUB00080236], [cite:PUB00080237], [cite:PUB00080238], [cite:PUB00080239], [cite:PUB00080240]].</p>
3;IPR029057;"doi:10.1016/j.cell.2021.04.011
imex:IM-25472
imex:IM-29278
pubmed:32296183
pubmed:33961781";Phosphoribosyltransferase-like;<p>This superfamily represents a phosphoribosyltransferase-like domain. Proteins containing this domain include phosphoribosyltransferases (PRTases) [[cite:PUB00037289]], phosphoribosylpyrophosphate synthetase-like proteins [[cite:PUB00024226]] and some uncharacterised proteins.</p>
3;IPR005542;"doi:10.1016/j.cell.2021.04.011
imex:IM-29278
pubmed:33961781";PBX, PBC domain;"<p>Pbx proteins are members of the TALE (three-amino-acid loop extension) family of atypical homeodomain proteins, whose members
are characterised by a three-residue insertion between helix 1 and 2 and plays essential roles during embryonic development by participating in interactive TF networks. The heterodimerization of TALE proteins serves as a trigger for precise execution of developmental programs. Examination
of Pbx1 has shown that, in addition to the homeodomain, a short 16-residue C-terminal tail is essential for maximal cooperative interactions with
Hox partners as well as for maximal monomeric binding of Pbx1 to DNA.</p>"
2;IPR032453;"doi:10.1016/j.cell.2021.04.011
imex:IM-29278
pubmed:33961781";Homeobox protein PKNOX/Meis, N-terminal;<p>This domain is found towards the N terminus of the TALE/MEIS homeobox family members, including homeobox protein PKNOX and Meis.</p>
2;IPR001208;"doi:10.1016/j.cell.2021.04.011
imex:IM-29278
pubmed:33961781";MCM domain;"<p>Proteins shown to be required for the initiation of eukaryotic DNA replication share a highly conserved domain of about 210 amino-acid residues [[cite:PUB00004410], [cite:PUB00004436], [cite:PUB00005507]]. The latter shows some similarities [[cite:PUB00004422]] with that of various other families of DNA-dependent ATPases. Eukaryotes seem to possess a family of eight proteins that contain this domain. They were first identified in yeast where most of them have a direct role in the initiation of chromosomal DNA replication by interacting directly with autonomously replicating sequences (ARS). They were thus called 'minichromosome maintenance proteins' with gene symbols prefixed by MCM. These six proteins are:</p>

<ul>
<li>MCM2, also known as cdc19 (in S.pombe).</li>
<li>MCM3, also known as DNA polymerase alpha holoenzyme-associated protein P1, RLF beta subunit or ROA.</li>
<li>MCM4, also known as CDC54, cdc21 (in S.pombe) or dpa (in Drosophila).</li>
<li>MCM5, also known as CDC46 or nda4 (in S.pombe).</li>
<li>MCM6, also known as mis5 (in S.pombe).</li>
<li>MCM7, also known as CDC47 or Prolifera (in A.thaliana).</li>
<li>MCM8, also known as as REC (in Drosophila).</li>
<li>MCM</li>
</ul>

<p>These proteins are evolutionarily related and belong to the AAA+ superfamily. They contain the Mcm family domain, which includes motifs that are required for ATP hydrolysis (such as the Walker A and B, and R-finger motifs). Mcm2-7 forms a hexameric complex which is the replicative helicase involved in replication initiation and elongation, whereas Mcm8 and Mcm9 from and separate one, conserved among many eukaryotes except yeast and C. elegans. Mcm8/9 complex play a role during replication elongation or recombination, being involved in the repair of double-stranded DNA breaks and DNA interstrand cross-links by homologous recombination. Drosophila is the only organism that has MCM8 without MCM9, involved in meiotic recombination [[cite:PUB00094697], [cite:PUB00094698]].</p>"
2;IPR012340;"doi:10.1016/j.cell.2021.04.011
imex:IM-29278
pubmed:33961781";Nucleic acid-binding, OB-fold;"<p>A five-stranded β-barrel was first noted as a common structure among four proteins binding single-stranded nucleic acids (staphylococcal nuclease and aspartyl-tRNA synthetase) or oligosaccharides (B subunits of enterotoxin and verotoxin-1), and has been termed the oligonucleotide/oligosaccharide binding motif, or OB fold, a five-stranded β-sheet coiled to form a closed β-barrel capped by an α helix located between the third and fourth strands [[cite:PUB00016307]]. Two ribosomal proteins, S17 and S1, are members of this class and have different variations of the OB fold theme. Comparisons with other OB fold nucleic acid binding proteins suggest somewhat different mechanisms of nucleic acid recognition in each case [[cite:PUB00011768]].</p>

<p>There are many nucleic acid-binding proteins that contain domains with this OB-fold structure, including:</p>

<ul><li>Large ribosomal subunit protein uL2</li>
  <li>Small ribosomal subunit protein uS12</li>
  <li>DNA ligase</li>
  <li>Polyribonucleotide nucleotidyltransferase</li>
  <li>Phage ssDNA-binding proteins (gp32, gp2.5, gpV)</li>
  <li>Holliday junction branch migration complex subunit RuvA</li>
  <li>Elongation factor P</li></ul>"
2;IPR041562;"doi:10.1016/j.cell.2021.04.011
imex:IM-29278
pubmed:33961781";MCM, AAA-lid domain;"<p>This entry represents the AAA-lid domain found in MCM proteins.</p>

<p>MCM proteins are DNA-dependent ATPases required for the initiation of eukaryotic DNA replication [[cite:PUB00004410], [cite:PUB00004436], [cite:PUB00005507]]. In eukaryotes there is a family of six proteins, MCM2 to MCM7. They were first identified in yeast where most of them have a direct role in the initiation of chromosomal DNA replication by interacting directly with autonomously replicating sequences (ARS). They were thus called minichromosome maintenance proteins, MCM proteins [[cite:PUB00004422]].</p>"
2;IPR003593;"doi:10.1016/j.cell.2021.04.011
imex:IM-29278
pubmed:33961781";AAA+ ATPase domain;"<p>This entry represents the AAA+ ATPase domain found in a range of proteins, including Holliday junction ATP-dependent DNA helicase RuvB from Mycobacterium sp, ATP synthases, and related ATP-dependent proteins.</p>; <p>The proteins in this superfamily are characterised by the structural conservation of a central ATPase domain of about 250 amino acids called the AAA  module. Typically, the AAA  domain can be divided into two structural subdomains, an N-terminal P-loop NTPase α-β-α subdomain that is connected to a smaller C-terminal all-α subdomain. The α-β-α subdomain adopts a Rossman fold and contains several motifs involved in ATP binding and hydrolysis, including classical motifs Walker A and Walker B [[cite:PUB00057226], [cite:PUB00057227]]. The all-α subdomain [[cite:PUB00005841]], is much less conserved across AAA  proteins.</p>; <p>The AAA+ superfamily of ATPases is found in all kingdoms of living organisms where they participate in diverse cellular processes including membrane fusion, proteolysis and DNA replication. Although the terms AAA+ and AAA are often used loosely and interchangeably, the classical AAA family members are distinguished by their possession of the SRH region in the AAA module. Many AAA+ proteins are involved in similar processes to those of AAA proteins (facilitation of protein folding and unfolding, assembly or disassembly of proteins complexes, protein transport and degradation), but others function in replication, recombination, repair and transcription. For a review see [[cite:PUB00057226]].</p>"
2;IPR033762;"doi:10.1016/j.cell.2021.04.011
imex:IM-29278
pubmed:33961781";MCM OB domain;<p>This OB-fold domain is found within MCM (mini-chromosome maintenance) proteins, which are components if the MCM complex involved in chromosome replication [[cite:PUB00081243]]. This domain, found at the N terminus, contains an insertion at the zinc binding motif [[cite:PUB00081234]].</p>
2;IPR031327;"doi:10.1016/j.cell.2021.04.011
imex:IM-29278
pubmed:33961781";Mini-chromosome maintenance protein;"<p>MCM proteins are DNA-dependent ATPases required for the initiation of eukaryotic DNA replication [[cite:PUB00004410], [cite:PUB00004436], [cite:PUB00005507]]. In eukaryotes there is a family of eight proteins, MCM2 to MCM9. They were first identified in yeast where most of them have a
direct role in the initiation of chromosomal DNA replication by interacting directly with autonomously replicating sequences (ARS). They were thus called minichromosome maintenance proteins, MCM proteins [[cite:PUB00004422]]. These proteins are evolutionarily related and belong to the AAA+ superfamily. They contain the Mcm family domain, which includes motifs that are required for ATP hydrolysis (such as the Walker A and B, and R-finger motifs). Mcm2-7 forms a hexameric complex [[cite:PUB00006390]] in which individual subunits associate with different affinities, and there is a tightly associated core of Mcm4 (Cdc21), Mcm6 (Mis5) and Mcm7 [[cite:PUB00006498]]. Mcm2-7 complex is the replicative helicase involved in replication initiation and elongation [[cite:PUB00006384]], whereas Mcm8 and Mcm9 from and separate one, conserved among many eukaryotes except yeast and C. elegans. Mcm8/9 complex play a role during replication elongation or recombination, being involved in the repair of double-stranded DNA breaks and DNA interstrand cross-links by homologous recombination. Drosophila is the only organism that has MCM8 without MCM9, involved in meiotic recombination [[cite:PUB00094697], [cite:PUB00094698]].</p>
<p>This family is also present in the archebacteria in 1 to 4 copies. Methanocaldococcus jannaschii (Methanococcus jannaschii) has four members, MJ0363, MJ0961, MJ1489 and MJECL13.</p>

<p>Schizosaccharomyces pombe (Fission yeast) MCMs, like those in metazoans, are found in the nucleus throughout the cell cycle.  This is in contrast to the Saccharomyces cerevisiae (Baker's yeast) in which MCM proteins move in and out of the nucleus during each cell cycle.  The assembly of the MCM complex in S. pombe is required for MCM localisation, ensuring that only intact MCM complexes remain in the nucleus [[cite:PUB00006510]].</p>"
1;IPR016496;"doi:10.1016/j.cell.2021.04.011
imex:IM-29278
pubmed:33961781";GTPase HflX;<p>This protein family is one of a number of homologous small, well-conserved GTP-binding proteins with pleiotropic effects. Bacterial family members are designated HflX, following the naming convention in Escherichia coli, where HflX is encoded immediately downstream of the RNA chaperone Hfq, and immediately upstream of HflKC, a membrane-associated protease pair with an important housekeeping function [[cite:PUB00043068]].</p>
1;IPR042108;"doi:10.1016/j.cell.2021.04.011
imex:IM-29278
pubmed:33961781";GTPase HflX, N-terminal domain superfamily;<p>This domain represents the N-terminal region of GTP-binding HflX-like proteins [[cite:PUB00057298], [cite:PUB00056762]]. These proteins interact with the 50S ribosome and are GTPases, hydrolysing GTP/GDP/ATP/ADP [[cite:PUB00056761]]. The N-terminal region is necessary for stability of the whole protein, its structure is composed of four parallel β-strand and four α-helices.</p>
1;IPR025121;"doi:10.1016/j.cell.2021.04.011
imex:IM-29278
pubmed:33961781";GTPase HflX, N-terminal;<p>This domain represents the N-terminal region of GTP-binding HflX-like proteins [[cite:PUB00057298], [cite:PUB00056762]]. These proteins interact with the 50S ribosome and are GTPases, hydrolysing GTP/GDP/ATP/ADP [[cite:PUB00056761]]. The N-terminal region is necessary for stability of the whole protein.</p>
1;IPR030394;"doi:10.1016/j.cell.2021.04.011
imex:IM-29278
pubmed:33961781";HflX-type guanine nucleotide-binding (G) domain;"<p>This entry represents the HflX-type G domain.</p>

<p>The P-loop guanosine triphosphatases (GTPases) control a multitude of biological processes, ranging from cell division, cell cycling, and signal transduction, to ribosome assembly and protein synthesis. GTPases exert their control by interchanging between an inactive GDP-bound state and an active GTP-bound state, thereby acting as molecular switches. The common denominator of GTPases is the highly conserved guanine nucleotide-binding (G) domain that is responsible for binding and hydrolysis of guanine nucleotides [[cite:PUB00013952], [cite:PUB00056841], [cite:PUB00056762]].</p>

<p>Within the translation factor-related (TRAFAC) class of P-loop GTPases, the HflX-type is a widely distributed family of GTPases that interact with the large ribosomal subunit. The broad phylogenetic distribution pattern of HflX GTPases in Bacteria, Archaea, and Eukaryotes (including human) suggests a basic cellular function for this protein family.</p>

<p>The HflX-type G domain is composed of six β-strands and five α-helices [[cite:PUB00056841]]. It consists of the following conserved sequence motifs: the G1 motif (or P-loop), consensus GX4GK(S/T), which is responsible for interacting with the alpha and beta-phosphates of nucleotide di- and triphosphates; the G2 variable effector loop (DXnT); the G3 motif (DX2G), which interacts with the gamma-phosphate of nucleotide triphosphates; and the G4 motif (NKXD), which conveys specificity for guanine nucleotides through hydrogen bonding to the base [[cite:PUB00056762]].</p>"
1;IPR006073;"doi:10.1016/j.cell.2021.04.011
imex:IM-29278
pubmed:33961781";GTP binding domain;"<p>Several proteins have recently been shown to contain the 5 structural motifs characteristic of GTP-binding proteins [[cite:PUB00000217]]. These include murine DRG protein; GTP1 protein from Schizosaccharomyces pombe; OBG protein from Bacillus subtilis [[cite:PUB00027072]]; ferrous iron transport protein B [[cite:PUB00054426]] and several others.</p>"
1;IPR032305;"doi:10.1016/j.cell.2021.04.011
imex:IM-29278
pubmed:33961781";GTP-binding protein, middle domain;<p>This entry represents a domain found in a group of GTP-binding proteins. Proteins containing this domain includes GTPase HflX, which associates with the 50S ribosomal subunit and may have a role during protein synthesis or ribosome biogenesis [[cite:PUB00056839]]. This function of this domain is not known.</p>
1;IPR006600;"doi:10.1016/j.cell.2021.04.011
imex:IM-29278
pubmed:33961781";HTH CenpB-type DNA-binding domain;"<p>The CENPB-type HTH domain is a DNA-binding, helix-turn-helix (HTH) domain of about 70-75 amino acids, present in eukaryotic centromere proteins and transposases. The domain is named after the mammalian major centromere autoantigen B or centromere protein B (CENP-B), which is a fundamental centromere component of chromosomes. The N terminus of CENP-B contains two DNA-binding HTH domains, which bind to adjacent major grooves of DNA. The N terminus of CENP-B is formed by a psq-type HTH domain and C-terminal to this domain lies the CENPB-type HTH domain. These two HTH domains together bind specifically to a 17-base-pair sequence, the CENP-B box, which occurs in alpha-satellite DNA in human centromeres [[cite:PUB00035346]].</p>

<p>The structure of the CENPB-type HTH domain is composed of three α-helices. The second and third helices connected via a turn comprise the helix-turn-helix motif. Helix 3 is termed the recognition helix as it binds the DNA major groove, like in other HTHs. In CENP-B this domain recognises site 3 of the CENP-B box, while the preceding psq-type HTH binds site 1 of the CENP-B box, and a connecting linker loop binds in the minor groove of DNA and recognises site 2 [[cite:PUB00025705]].</p>

<p>Some proteins known to contain a CENPB-type HTH domain:</p>

<ul>
<li>Mammalian centromere protein B (CENP-B), associated with the centromere and specifically binding DNA to the CENP-B box.</li>
<li>Mammalian jerky protein, involved in epileptic seizures in mice [[cite:PUB00053389]].</li>
<li>Mammalian Pogo transposases [[cite:PUB00053388]] and tigger transposable elements [[cite:PUB00053387]].</li>
<li>Fission yeast ARS-binding protein 1 (abp1) [[cite:PUB00059157]] and CENP-B homologue proteins (CBHP-1 and 2), which are centromere proteins [[cite:PUB00059158], [cite:PUB00059159]].</li>
<li>Candida albicans protein PDC2 (Pyruvate DeCarboxylase 2) [[cite:PUB00053390], [cite:PUB00053391]].</li>
<li>Fungal transposases.</li>
</ul>"
1;IPR007889;"doi:10.1016/j.cell.2021.04.011
imex:IM-29278
pubmed:33961781";DNA binding HTH domain, Psq-type;<p>The psq-type HTH domain is a DNA-binding, helix-turn-helix (HTH) domain of about 50 amino acids present in eukaryotic proteins of the Pipsqueak family. This family is named after the Drosophila pipsqueak protein, containing a DNA-binding domain that consists of four tandem repeats of the psq motif [[cite:PUB00010427]]. Proteins of the Pipsqueak family occur in vertebrates, insects, nematodes, and fungi.</p>
1;IPR004875;"doi:10.1016/j.cell.2021.04.011
imex:IM-29278
pubmed:33961781";DDE superfamily endonuclease domain;<p>Proteins containing this domain are probably endonucleases of the DDE superfamily. This domain contains three carboxylate residues that are believed to be responsible for coordinating metal ions needed for catalysis. The catalytic activity of this enzyme involves DNA cleavage at a specific site followed by a strand transfer reaction. Proteins containing this domain include tigger transposable element derived proteins from mammals [[cite:PUB00053389]] and protein Pdc2 from budding yeasts [[cite:PUB00077576]]. Interestingly, proteins conatining this domain also includes the Centromere Protein B (CENP-B) protein, which appears to have lost the metal binding residues in this domain and is unlikely to have endonuclease activity. CENP-B is a an inner kinetochore protein that binds to a specific centromere sequence [[cite:PUB00077575]].</p>
1;IPR050863;"doi:10.1016/j.cell.2021.04.011
imex:IM-29278
pubmed:33961781";Centromere and Transposable Element-Derived Protein;<p>This family of proteins includes members that are involved in centromere and heterochromatin binding, DNA binding, and may play roles in centromere formation, kinetochore assembly, and DNA transposition. Some proteins within this family are known to bind specific DNA sequences, such as the CENP-B box in alphoid satellite DNA, and may organize these sequences into higher-order structures. Others are derived from tigger transposable elements and may retain functions related to transposition. Additionally, certain family members are implicated in biosynthetic pathways, such as the production of chaetoglobosin A, and may perform enzymatic functions like epoxidation, dehydrogenation, and Diels-Alder cyclization. The family also includes proteins that may regulate gene expression, as seen in the control of pyruvate decarboxylase synthesis.</p>
1;IPR052255;"doi:10.1016/j.cell.2021.04.011
imex:IM-29278
pubmed:33961781";RNA polymerase II subunit 5-mediating protein;<p>This family of proteins is involved in the regulation of gene transcription and cellular growth signaling pathways. Members act as transcriptional repressors, working with corepressors to regulate transcription factors such as androgen receptors. Some family members are implicated in tumor suppression by inhibiting gene transcription that promotes anchorage-independent growth in cancer cells. They are also essential for cell survival in certain cancer types. These proteins play a role in maintaining signaling pathways that are critical for cell survival under normal conditions, by mediating negative feedback mechanisms that prevent excessive signaling. They can inhibit the activity of specific phosphatases in mitochondria, and are involved in the coordination of nutrient-sensitive gene expression in a manner dependent on the mTOR pathway. Additionally, they have a scaffolding function, capable of assembling a complex with prefoldin and other proteins involved in transcription and ubiquitination processes.</p>
1;IPR009053;"doi:10.1016/j.cell.2021.04.011
imex:IM-29278
pubmed:33961781";Prefoldin;"<p>The Prefoldin/GimC family of proteins are found in eukaryotes and archaea [[cite:PUB00015158]]. Prefoldin is part of a molecular chaperone system that promotes the correct folding of nascent polypeptide chains. Prefoldin/GimC interacts with the nascent chain to stabilise it prior to its folding within the central cavity of a chaperonin. Prefoldin/GimC is a hexamer consisting of two types of subunits, alpha and beta. Archaeal prefoldin contains one type of alpha and one type of beta subunit [[cite:PUB00013306]], while eukaryotic prefoldin/GimC contains two different but related alpha subunits and four related beta subunits [[cite:PUB00013187]].</p>
<p>The unconventional prefoldin RPB5 interactor-like protein from Drosophila (also known as URI) is a serine/threonine phosphatase inhibitor and required for germ line cell viability and differentiation.  It binds to protein phosphatase 1 alpha subunits with higher affinity than the beta subunits [[cite:PUB00080715]].</p>"
1;IPR004127;"doi:10.1016/j.cell.2021.04.011
imex:IM-29278
pubmed:33961781";Prefoldin alpha-like;"<p>This entry represents prefoldin subunit alpha-like proteins. Prefoldin (PFD) is a chaperone that interacts exclusively with type II chaperonins, hetero-oligomers lacking an obligate co-chaperonin that are found only in eukaryotes (chaperonin-containing T-complex polypeptide-1 (CCT)) and archaea. Eukaryotic PFD is a multi-subunit complex containing six polypeptides in the molecular mass range of 14-23kDa. In archaea, on the other hand, PFD is composed of two types of subunits, two alpha and four beta. The six subunits associate to form two back-to-back up-and-down eight-stranded barrels, from which hang six coiled coils. Each subunit contributes one (beta subunits) or two (alpha subunits) β hairpin turns to the barrels. The coiled coils are formed by the N and C termini of an individual subunit. Overall, this unique arrangement resembles a jellyfish. The eukaryotic PFD hexamer is composed of six different subunits; however, these can be grouped into two alpha-like (PFD3 and -5) and four beta-like (PFD1, -2, -4, and -6) subunits based on amino acid sequence similarity with their archaeal counterparts. Eukaryotic PFD has a six-legged structure similar to that seen in the archaeal homologue [[cite:PUB00013306], [cite:PUB00013187]]. This family contains the archaeal alpha subunit, eukaryotic prefoldin subunits 3 and 5 and the UXT (ubiquitously expressed transcript) family.</p>

<p>Eukaryotic PFD has been shown to bind both actin and tubulin co-translationally. The chaperone then delivers the target protein to CCT, interacting with the chaperonin through the tips of the coiled coils. No authentic target proteins of any archaeal PFD have been identified, to date.</p>"
1;IPR029071;"doi:10.1016/j.cell.2021.04.011
imex:IM-29278
pubmed:33961781";Ubiquitin-like domain superfamily;<p>Ubiquitin (Ub) and Ub-like proteins are typified by a β-grasp fold. Ub-like proteins (Ubl) such as Nedd8 [[cite:PUB00069793]] and SUMO [[cite:PUB00053766]] are also covalently linked to target polypeptides, just as Ub itself. This fold is also found in Ub-related domains, such as the UBX domain [[cite:PUB00018088]] and Ras-binding domain (RBD) [[cite:PUB00018368]].</p>
1;IPR050158;"doi:10.1016/j.cell.2021.04.011
imex:IM-29278
pubmed:33961781";Ubiquitin and ubiquitin-like;<p>The ubiquitin family is characterised by its role in post-translational modification, where ubiquitin or ubiquitin-like proteins are covalently attached to target proteins, influencing their stability, localization, or activity. Ubiquitination involves the conjugation of ubiquitin to lysine residues on substrates through an isopeptide bond, often leading to proteasomal degradation. However, ubiquitin also participates in non-proteolytic functions such as DNA repair, cell cycle regulation, endocytosis, and signal transduction [[cite:PUB00155193], [cite:PUB00155194]]. Polyubiquitin chains linked through different lysine residues or linearly through the N-terminal methionine can have distinct cellular roles. Some family members are involved in ribosome biogenesis as fusion proteins with ribosomal proteins, contributing to the structure and function of ribosomes. The family includes ubiquitin-like modifiers such as NEDD8, which regulate cell cycle and embryogenesis by modifying cullins and other proteins to alter E3 ligase activity [[cite:PUB00155195]].</p>
1;IPR000626;"doi:10.1016/j.cell.2021.04.011
imex:IM-29278
pubmed:33961781";Ubiquitin-like domain;"<p>Ubiquitin is expressed as three different precursors: a polymeric head-to-tail concatemer of identical units (polyubiquitin), and two N-terminal ubiquitin moieties, UbL40 and UbS27, that are fused to the ribosomal polypeptides L40 and S27, respectively. Specific endopeptidases cleave these precursor molecules [[cite:PUB00083511]] to release ubiquitin moieties that are identical in sequence and contribute to the ubiquitin pool [[cite:PUB00083514]]. Some organisms express additional ubiquitin fusion proteins [[cite:PUB00083519]]. Furthermore, there are several ubiquitin-like proteins derived from ubiquitin [[cite:PUB00043569]].</p>

<p>This entry represents a domain characteristic of ubiquitin (Ub) and ubiquitin-like (Ubl) proteins such as SUMO [[cite:PUB00042453], [cite:PUB00032266]] and Nedd8 [[cite:PUB00020517]].</p>; <p>Ubiquitin is a protein of 76 amino acid residues, found in all eukaryotic cells and whose sequence is extremely well conserved from protozoan to vertebrates. Ubiquitin acts through its post-translational attachment (ubiquitinylation) to other proteins, where these modifications alter the function, location or trafficking of the protein, or targets it for destruction by the 26S proteasome [[cite:PUB00015619]].</p>; <p>Ubiquitin is a globular protein, the last four C-terminal residues (Leu-Arg-Gly-Gly) extending from the compact structure to form a 'tail', important for its function. The latter is mediated by the covalent conjugation of ubiquitin to target proteins, by an isopeptide linkage between the C-terminal glycine and the ε-amino group of lysine residues in the target proteins.</p>"
1;IPR019956;"doi:10.1016/j.cell.2021.04.011
imex:IM-29278
pubmed:33961781";Ubiquitin domain;"<p>Ubiquitinylation is an ATP-dependent process that involves the action of at least three enzymes: a ubiquitin-activating enzyme (E1, [interpro:IPR000011]), a ubiquitin-conjugating enzyme (E2, [interpro:IPR000608]), and a ubiquitin ligase (E3, [interpro:IPR000569], [interpro:IPR003613]), which work sequentially in a cascade. There are many different E3 ligases, which are responsible for the type of ubiquitin chain formed, the specificity of the target protein, and the regulation of the ubiquitinylation process [[cite:PUB00015623]]. Ubiquitinylation is an important regulatory tool that controls the concentration of key signalling proteins, such as those involved in cell cycle control, as well as removing misfolded, damaged or mutant proteins that could be harmful to the cell. Several ubiquitin-like molecules have been discovered, such as Ufm1 ([interpro:IPR005375]), SUMO1 ([interpro:IPR003653]), NEDD8, Rad23 ([interpro:IPR004806]), Elongin B and Parkin ([interpro:IPR003977]), the latter being involved in Parkinson's disease [[cite:PUB00015624]].</p>; <p>Ubiquitin is a protein of 76 amino acid residues, found in all eukaryotic cells and whose sequence is extremely well conserved from protozoan to vertebrates. Ubiquitin acts through its post-translational attachment (ubiquitinylation) to other proteins, where these modifications alter the function, location or trafficking of the protein, or targets it for destruction by the 26S proteasome [[cite:PUB00015619]]. The terminal glycine in the C-terminal 4-residue tail of ubiquitin can form an isopeptide bond with a lysine residue in the target protein, or with a lysine in another ubiquitin molecule to form a ubiquitin chain that attaches itself to a target protein. Ubiquitin has seven lysine residues, any one of which can be used to link ubiquitin molecules together, resulting in different structures that alter the target protein in different ways.  It appears that Lys(11)-, Lys(29) and Lys(48)-linked poly-ubiquitin chains target the protein to the proteasome for degradation, while mono-ubiquitinylated and Lys(6)- or Lys(63)-linked poly-ubiquitin chains signal reversible modifications in protein activity, location or trafficking [[cite:PUB00015620]]. For example, Lys(63)-linked poly-ubiquitinylation is known to be involved in DNA damage tolerance, inflammatory response, protein trafficking and signal transduction through kinase activation [[cite:PUB00015621]]. In addition, the length of the ubiquitin chain alters the fate of the target protein. Regulatory proteins such as transcription factors and histones are frequent targets of ubquitinylation [[cite:PUB00015622]].</p>"
1;IPR019954;"doi:10.1016/j.cell.2021.04.011
imex:IM-29278
pubmed:33961781";Ubiquitin conserved site;"<p>This entry represents the conserved central region of Ubiquitin and related proteins.</p>; <p>Ubiquitin is a protein of 76 amino acid residues, found in all eukaryotic cells and whose sequence is extremely well conserved from protozoan to vertebrates. Ubiquitin acts through its post-translational attachment (ubiquitinylation) to other proteins, where these modifications alter the function, location or trafficking of the protein, or targets it for destruction by the 26S proteasome [[cite:PUB00015619]]. The terminal glycine in the C-terminal 4-residue tail of ubiquitin can form an isopeptide bond with a lysine residue in the target protein, or with a lysine in another ubiquitin molecule to form a ubiquitin chain that attaches itself to a target protein. Ubiquitin has seven lysine residues, any one of which can be used to link ubiquitin molecules together, resulting in different structures that alter the target protein in different ways.  It appears that Lys(11)-, Lys(29) and Lys(48)-linked poly-ubiquitin chains target the protein to the proteasome for degradation, while mono-ubiquitinylated and Lys(6)- or Lys(63)-linked poly-ubiquitin chains signal reversible modifications in protein activity, location or trafficking [[cite:PUB00015620]]. For example, Lys(63)-linked poly-ubiquitinylation is known to be involved in DNA damage tolerance, inflammatory response, protein trafficking and signal transduction through kinase activation [[cite:PUB00015621]]. In addition, the length of the ubiquitin chain alters the fate of the target protein. Regulatory proteins such as transcription factors and histones are frequent targets of ubquitinylation [[cite:PUB00015622]].</p>; <p>Ubiquitinylation is an ATP-dependent process that involves the action of at least three enzymes: a ubiquitin-activating enzyme (E1, [interpro:IPR000011]), a ubiquitin-conjugating enzyme (E2, [interpro:IPR000608]), and a ubiquitin ligase (E3, [interpro:IPR000569], [interpro:IPR003613]), which work sequentially in a cascade. There are many different E3 ligases, which are responsible for the type of ubiquitin chain formed, the specificity of the target protein, and the regulation of the ubiquitinylation process [[cite:PUB00015623]]. Ubiquitinylation is an important regulatory tool that controls the concentration of key signalling proteins, such as those involved in cell cycle control, as well as removing misfolded, damaged or mutant proteins that could be harmful to the cell. Several ubiquitin-like molecules have been discovered, such as Ufm1 ([interpro:IPR005375]), SUMO1 ([interpro:IPR003653]), NEDD8, Rad23 ([interpro:IPR004806]), Elongin B and Parkin ([interpro:IPR003977]), the latter being involved in Parkinson's disease [[cite:PUB00015624]].</p>"
1;IPR029099;"doi:10.1016/j.cell.2021.04.011
imex:IM-29278
pubmed:33961781";Ribose-phosphate pyrophosphokinase, N-terminal domain;<p>This domain is found in N-terminal of ribose-phosphate pyrophosphokinase, frequently  N-terminal to  [interpro:IPR000836].</p>
1;IPR005946;"doi:10.1016/j.cell.2021.04.011
imex:IM-29278
pubmed:33961781";Ribose-phosphate pyrophosphokinase;<p>Ribose-phosphate diphosphokinase, also known as ribose-phosphate pyrophosphokinase (RPPK), or phosphoribosyldiphosphate synthetase ([ec:2.7.6.1]),  catalyses the transfer of an intact diphosphate (PP) group from ATP to ribose-5-phosphate (R-5-P), which results in the formation of AMP and 5-phospho-D-ribosyl--1-diphosphate (PRPP).</p>
1;IPR037515;"doi:10.1016/j.cell.2021.04.011
imex:IM-29278
pubmed:33961781";Ribose-phosphate pyrophosphokinase, bacterial-type;"<p>This family consists of bacterial and some eukaryotic enzymes. The crystal structure of the PRPP synthetase from Bacillus subtilis has been determined; the functional form of the enzyme is an hexamer [[cite:PUB00024226]].</p>; <p>Ribose-phosphate diphosphokinase, also known as ribose-phosphate pyrophosphokinase (RPPK), or phosphoribosyldiphosphate synthetase ([ec:2.7.6.1]),  catalyses the transfer of an intact diphosphate (PP) group from ATP to ribose-5-phosphate (R-5-P), which results in the formation of AMP and 5-phospho-D-ribosyl--1-diphosphate (PRPP).</p>"
1;IPR000842;"doi:10.1016/j.cell.2021.04.011
imex:IM-29278
pubmed:33961781";Phosphoribosyl pyrophosphate synthetase, conserved site;<p>Phosphoribosyl pyrophosphate synthetase ([ec:2.7.6.1]) (PRib-PP synthetase) catalyses the formation of PRib-PP from ATP and ribose 5-phosphate. PRib-PP is then used in various biosynthetic pathways, for example in the formation of purines, pyrimidines, histidine and tryptophan. PRib-PP synthetase requires inorganic phosphate and magnesium ions for its stability and activity. In mammals, three isozymes of PRib-PP synthetase are found, while in yeast there are at least four isozymes. A very conserved region containing two conserved aspartic acid residues as well as a histidine has been suggested to be involved in binding divalent cations [[cite:PUB00002493]]. These residues are all potential ligands for a cation such as magnesium.</p>
1;IPR028676;"doi:10.1016/j.cell.2021.04.011
imex:IM-29278
pubmed:33961781";Syntaxin-17, SNARE motif;"<p>Syntaxin-17 (STX17) belongs to the syntaxin family, which is a group of the membrane integrated proteins participating in exocytosis. Syntaxins are associated with various intracellular membrane compartments and have been implicated in various physiological processes such as axonal growth, cell division and autophagosome-lysosome fusion [[cite:PUB00101685], [cite:PUB00068996]].</p>

<p>STX17 is required to maintain the architecture of ER-Golgi intermediate compartment and Golgi [[cite:PUB00068997]]. STX17 is also involved in the fusion of autophagosomes with endosomes/lysosomes. Its unique C-terminal hairpin structure mediated by two tandem transmembrane domains is essential for its association with the autophagosomal membrane [[cite:PUB00065300], [cite:PUB00095356]].</p>; <p>This entry represents the SNARE (soluble N-ethylmaleimide-sensitive factor attachment protein receptor) motif of STX17, which consist of coiled-coil helices.</p>"
1;IPR000727;"doi:10.1016/j.cell.2021.04.011
imex:IM-29278
pubmed:33961781";Target SNARE coiled-coil homology domain;"<p>The process of vesicular fusion with target membranes depends on a set of SNAREs (SNAP-Receptors), which are associated with the fusing membranes [[cite:PUB00005793], [cite:PUB00005792]]. These proteins are classified as v-SNAREs and t-SNAREs based on their localisation on vesicle or target membrane while another classification scheme defines R-SNAREs and Q-SNAREs, as based on the conserved arginine or glutamine residue in the centre of the SNARE motif [[cite:PUB00018360]]. Target SNAREs (t-SNAREs) are localised on the target membrane and belong to two different families, the syntaxin-like family and the SNAP-25 like family. One member of each family, together with a v-SNARE localised on the vesicular membrane, are required for fusion.</p>

<p>The N- and C-terminal coiled-coil domains of members of the SNAP-25 family and the most C-terminal coiled-coil domain of the syntaxin family are related to each other and form a new homology domain of approximately 60 amino acids. This domain is also found in other known proteins involved in vesicular membrane traffic, some of which belong to different protein families [[cite:PUB00005782]].</p>"
1;IPR006012;"doi:10.1016/j.cell.2021.04.011
imex:IM-29278
pubmed:33961781";Syntaxin/epimorphin, conserved site;"<p>Syntaxins A and B are nervous system-specific proteins implicated in the docking of synaptic vesicles with the presynaptic plasma membrane. Syntaxins are a family of receptors for intracellular transport vesicles. Each target membrane may be identified by a specific member of the syntaxin family [[cite:PUB00000897]].</p>

<p>Members of the syntaxin family [[cite:PUB00005397], [cite:PUB00000891]] have a size ranging from 30 Kd to 40 Kd; a C-terminal extremity which is highly hydrophobic and anchors the protein on the cytoplasmic surface of cellular membranes; a central, well conserved region SNARE motif, which seems to be in a coiled-coil conformation. SNARE motifs assemble into parallel four helix bundles stabilised by the burial of these hydrophobic helix faces in the bundle core [[cite:PUB00014194]]. Monomeric SNARE motifs are disordered so this assembly reaction is accompanied by a dramatic increase in α-helical secondary structure. The parallel arrangement of SNARE motifs within complexes bring the transmembrane anchors, and the two membranes, into close proximity.</p>"
1;IPR010989;"doi:10.1016/j.cell.2021.04.011
imex:IM-29278
pubmed:33961781";SNARE;"<p>Soluble N-ethylmaleimide attachment protein receptor (SNARE) proteins are a family of membrane-associated proteins characterised by an α-helical coiled-coil domain called the SNARE motif [[cite:PUB00014049]]. These proteins are classified as v-SNAREs and t-SNAREs based on their localisation on the vesicle or target membrane; another classification scheme defines R-SNAREs and Q-SNAREs based on the conserved arginine or glutamine residue in the centre of the SNARE motif. SNAREs are localised to distinct membrane compartments of the secretory and endocytic trafficking pathways and contribute to the specificity of intracellular membrane fusion processes.</p>

<p>The t-SNARE domain consists of a 4-helical bundle with a coiled-coil twist. The SNARE motif contributes to the fusion of two membranes. SNARE motifs fall into four classes: homologues of syntaxin 1a (t-SNARE), VAMP-2 (v-SNARE), and the N- and C-terminal SNARE motifs of SNAP-25. It is thought that one member from each class interacts to form a SNARE complex.</p>

<p>The SNARE motif represented in this entry is found in the N-terminal domains of certain syntaxin family members: syntaxin 1a, which is required for neurotransmitter release [[cite:PUB00014050]]; syntaxin 6, which is found in endosomal transport vesicles [[cite:PUB00014055]], yeast Sso1p [[cite:PUB00014051]], and Vam3p, a yeast syntaxin essential for vacuolar fusion [[cite:PUB00014052]]. The SNARE motifs in these proteins share structural similarity, despite having a low level of sequence similarity.</p>"
1;IPR059001;"doi:10.1016/j.cell.2021.04.011
imex:IM-29278
pubmed:33961781";STX17-like, N-terminal domain;<p>This domain is found at the N-terminal end of human Syntaxin-17 (STX17), a SNARE protein (soluble N-ethylmaleimide-sensitive factor-attachment protein receptor) of the autophagosome that is involved in autophagy through the direct control of autophagosome membrane fusion with the lysosome membrane [[cite:PUB00065300], [cite:PUB00101002], [cite:PUB00091390], [cite:PUB00095356]]. This domain is predicted to form an α-helical bundle.</p>
1;IPR045242;"doi:10.1016/j.cell.2021.04.011
imex:IM-29278
pubmed:33961781";Syntaxin;"<p>Syntaxins are the prototype family of SNARE proteins. They usually consist of three main regions - a C-terminal transmembrane region, a central SNARE domain which is characteristic of and conserved in all syntaxins [interpro:IPR000727], and an N-terminal domain which varies between syntaxin isoforms; in syntaxin 1A ([swissprot:O35526]) it is found as three α-helices with a left-handed twist. It may fold back on the SNARE domain to allow the molecule to adopt a 'closed' configuration that prevents formation of the core fusion complex - it thus has an auto-inhibitory role.</p>

<p>The function of syntaxins is determined by their localisation. They are involved in neuronal exocytosis, ER-Golgi transport and Golgi-endosome transport, for example. They also interact with other proteins as well as those involved in SNARE complexes. These include vesicle coat proteins, Rab GTPases, and tethering factors [[cite:PUB00020397]].</p>"
1;IPR020479;"imex:IM-25472
pubmed:32296183";Homeodomain, metazoa;<p>This entry represents the homeodomain (HD), a protein domain of approximately 60 residues that usually binds DNA. It is encoded by the homeobox sequence [[cite:PUB00126359], [cite:PUB00153777]], which was first identified in a number of Drosophila homeotic and segmentation proteins, but is now known to be well-conserved in many other animals, including vertebrates [[cite:PUB00000591], [cite:PUB00005390]]. Proteins containing HDs are likely to play an important role in development - most are known to be sequence-specific DNA-binding transcription factors. This domain folds into a globular structure with three α-helices connected by two short loops that harbour a hydrophobic core. The second and third form a helix-turn-helix (HTH) motif, which make intimate contacts with the DNA: while the first helix of this motif helps to stabilise the structure, the second helix binds to DNA via a number of hydrogen bonds and hydrophobic interactions, which occur between specific side chains and the exposed bases and thymine methyl groups within the major groove of the DNA [[cite:PUB00126359],  [cite:PUB00153777]]. One particularity of the HTH motif in some of these proteins arises from the stereo-chemical requirement for glycine in the turn (position 9 of the motif), which is needed to avoid steric interference of the β-carbon with the main chain: for cro and repressor proteins the glycine appears to be mandatory, while for many of the homeotic and other DNA-binding proteins the requirement is relaxed.</p>
1;IPR042634;"imex:IM-25472
pubmed:32296183";Homeobox protein MOX-1/MOX-2;<p>MEOX1 and MEOX2 are homeodomain transcription factors that have been shown to be partially functionally redundant during development. They regulate the cyclin dependent kinase inhibitors p21 and p16 in vascular endothelial cells [[cite:PUB00093128]]. Nevertheless, MEOX1 also plays important, non-redundant roles in maintaining sclerotome polarity and the formation of cranio-cervical joints [[cite:PUB00093130]]. Mutations in the MEOX1 gene cause Klippel-Feil syndrome 2, autosomal recessive (KFS2), a skeletal disorder characterised by congenital fusion of cervical vertebrae [[cite:PUB00093130], [cite:PUB00093129]].</p>
1;IPR056983;"doi:10.1016/j.cell.2021.04.011
imex:IM-29278
pubmed:33961781";SAMD1-like, small helical domain;<p>This domain is found in the human Sterile alpha motif domain-containing protein 1 (SAMD1) and its homologues from vertebrates. SAMD1 directly recognises and binds unmethylated CpG-containing DNA via simultaneous interactions with both the major and the minor groove [[cite:PUB00151825]]. SAMD1 acts as a transcriptional repressor and chromatin regulator [[cite:PUB00151825], [cite:PUB00159931]].</p>
1;IPR001660;"doi:10.1016/j.cell.2021.04.011
imex:IM-29278
pubmed:33961781";Sterile alpha motif domain;"<p>The sterile alpha motif (SAM) domain is a protein interaction module present in a wide variety of proteins [[cite:PUB00005047], [cite:PUB00101140]] involved in many biological processes. The SAM domain that spreads over around 70 residues and one of the most common protein modules found in eukaryotic genomes [[cite:PUB00003966]]. SAM domains have been shown to form homo- and hetero-oligomers, forming multiple self-association architectures and also binding to various non-SAM domain-containing proteins [[cite:PUB00006191]], nevertheless with a low affinity constant [[cite:PUB00006192]]. SAM domains also appear to possess the ability to bind RNA [[cite:PUB00014041]]. Smaug, a protein that helps to establish a morphogen gradient in Drosophila embryos by repressing the translation of nanos (nos) mRNA, binds to the 3' untranslated region (UTR) of nos mRNA via two similar hairpin structures. The 3D crystal structure of the Smaug RNA-binding region shows a cluster of positively charged residues on the Smaug-SAM domain, which could be the RNA-binding surface. This electropositive potential is unique among all previously determined SAM-domain structures and is conserved among Smaug-SAM homologues. These results suggest that the SAM domain might have a primary role in RNA binding.</p>

<p>Structural analyses show that the SAM domain is arranged in a small five-helix bundle with two large interfaces [[cite:PUB00006191]]. In the case of the SAM domain of EphB2, each of these interfaces is able to form dimers. The presence of these two distinct intermonomers binding surface suggest that SAM could form extended polymeric structures [[cite:PUB00006192]].</p>"
1;IPR013761;"doi:10.1016/j.cell.2021.04.011
imex:IM-29278
pubmed:33961781";Sterile alpha motif/pointed domain superfamily;"<p>Sterile alpha motif (SAM) domains are known to be involved in diverse protein-protein interactions, associating with both SAM-containing and non-SAM-containing proteins pathway [[cite:PUB00014041]]. SAM domains exhibit a conserved structure, consisting of a 4-5-helical bundle of two orthogonally packed α-hairpins. However, SAM domains display a diversity of function, being involved in interactions with proteins, DNA and RNA [[cite:PUB00014042]]. The name 'sterile alpha motif' arose from its presence in proteins that are essential for yeast sexual differentiation. The SAM domain has had various names, including SPM, PTN (pointed), SEP (yeast sterility, Ets-related, PcG proteins), NCR (N-terminal conserved region) and HLH (helix-loop-helix) domains, all of which are related and can be classified as SAM domains.</p>

<p>SAM domains occur in eukaryotic and in some bacterial proteins. Structures have been determined for several proteins that contain SAM domains, including the Ets-1 transcription factor, which plays a role in the development and invasion of tumour cells by regulating the expression of matrix-degrading proteases [[cite:PUB00014043]]; Etv6 transcription factor, gene rearrangements of which have been demonstrated in several malignancies [[cite:PUB00014044]]; EphA4 receptor tyrosine kinase, which is believed to be important for the correct localisation of a motoneuron pool to a specific position in the spinal cord [[cite:PUB00014045]]; EphB2 receptor, which is involved in spine morphogenesis via intersectin, Cdc42 and N-Wasp [[cite:PUB00014046]]; p73, a p53 homologue involved in neuronal development [[cite:PUB00014047]]; and polyhomeotic, which is a member of the Polycomb group of genes (Pc-G) required for the maintenance of the spatial expression pattern of homeotic genes [[cite:PUB00014048]].</p>"
1;IPR048589;"doi:10.1016/j.cell.2021.04.011
imex:IM-29278
pubmed:33961781";SAM domain-containing protein 1-like, WH domain;"<p>This entry represents a novel distinct group of WH domains [[cite:PUB00151825]].</p>

<p>SAM domain-containing protein 1 (SAMD1, also known as Atherin) is an unmethylated CpG island (CGI)-binding protein that acts as a repressive chromatin regulator. It consists of a C-terminal SAM domain ([interpro:IPR001660]), a central unstructured region and an atypical winged helix N-terminal domain that directly recognises unmethylated CpG-containing DNA. This domain has also been found in the transcriptional regulators KAT6A, KAT6B, and ZMYND11 which were grouped together as a novel class of WH domains (represented here).</p>"
1;IPR007356;"doi:10.1016/j.cell.2021.04.011
imex:IM-29278
pubmed:33961781";tRNA (guanine(9)-N1)-methyltransferase, eukaryotic;<p>Transfer RNA molecules contain numerous modified nucleosides, particularly within the anticodon region, which are introduced by various tRNA-modifying enzymes prior to the formation of mature tRNA. Among these modifications, N1-methylguanine (m1G) at position 37 is catalysed by tRNA (guanine-N1)-methyltransferase [ec:2.1.1.31], which transfers a methyl group from S-adenosyl-L-methionine (SAM) to guanosine, yielding S-adenosyl-L-homocysteine and m1G37-containing tRNA. This modification occurs in tRNAs that decode CUN (leucine), CCN (proline) and CGG (arginine) codons. The presence of m1G37 enhances cellular growth rate and polypeptide synthesis efficiency while preventing ribosomal frameshifting [[cite:PUB00006251]]. Studies have demonstrated that the conformation of the anticodon loop may be a major determinant for m1G37 formation in vivo [[cite:PUB00006365], [cite:PUB00006289]].</p>
1;IPR038459;"doi:10.1016/j.cell.2021.04.011
imex:IM-29278
pubmed:33961781";tRNA methyltransferase TRM10-type domain superfamily;"<p>This entry represents a domain found in TRM10-type methyltransferases, which belong to class IV SAM-dependent methyltransferases (SPOUT family) [[cite:PUB00068732]]. These enzymes function as homodimers and exclusively methylate RNA substrates. The SPOUT fold comprises a five-stranded β-sheet flanked by two layers of α-helices, organised into two α/β subdomains: an N-terminal Rossmann-like fold and a C-terminal region containing a characteristic topological trefoil knot where SAM binding occurs. The active site is located at the dimer interface and is formed by residues from both monomers [[cite:PUB00054125], [cite:PUB00044735]]. TRM10-type methyltransferases, which include tRNA (guanine(9)-N1)-methyltransferase, tRNA (adenine(9)-N1)-methyltransferase and related enzymes, are widely distributed in eukaryotes and archaea but are absent from bacteria.</p>; <p>Transfer RNA molecules contain numerous modified nucleosides, particularly within the anticodon region, which are introduced by various tRNA-modifying enzymes prior to the formation of mature tRNA. Among these modifications, N1-methylguanine (m1G) at position 37 is catalysed by tRNA (guanine-N1)-methyltransferase [ec:2.1.1.31], which transfers a methyl group from S-adenosyl-L-methionine (SAM) to guanosine, yielding S-adenosyl-L-homocysteine and m1G37-containing tRNA. This modification occurs in tRNAs that decode CUN (leucine), CCN (proline) and CGG (arginine) codons. The presence of m1G37 enhances cellular growth rate and polypeptide synthesis efficiency while preventing ribosomal frameshifting [[cite:PUB00006251]]. Studies have demonstrated that the conformation of the anticodon loop may be a major determinant for m1G37 formation in vivo [[cite:PUB00006365], [cite:PUB00006289]].</p>"
1;IPR025812;"doi:10.1016/j.cell.2021.04.011
imex:IM-29278
pubmed:33961781";tRNA methyltransferase 10 homolog C, TRM10-type domain;"<p>Mitochondrial RNase P (mtRNase P) cleaves tRNA molecules in their 5'-ends and consists of 3 components: a tRNA methyltransferase (MRPP1/TRMT10), a dehydrogenase/reductase-family member (MRPP2/HSD17B10), and MRPP3 (KIAA03910) [[cite:PUB00058130]].</p>

<p>This entry includesTRMT10C, which is a metazoa homologue to yeast TRM10, a tRNA m1G methyltransferase responsible for modification at position 9. In humans there are three TRM10 orthologues. Mutations in TRMT10C cause mitochondrial disease [[cite:PUB00088047]]. Mitochondrial ribonuclease P protein 1 homolog from Drosophila melanogaster is also included in this group.</p>; <p>This entry represents the SAM-dependent methyltransferase TRM10-type domain.</p>"
1;IPR028564;"doi:10.1016/j.cell.2021.04.011
imex:IM-29278
pubmed:33961781";tRNA methyltransferase TRM10-type domain;"<p>This entry represents a domain found in TRM10-type methyltransferases, which belong to class IV SAM-dependent methyltransferases (SPOUT family) [[cite:PUB00068732]]. These enzymes function as homodimers and exclusively methylate RNA substrates. The SPOUT fold comprises a five-stranded β-sheet flanked by two layers of α-helices, organised into two α/β subdomains: an N-terminal Rossmann-like fold and a C-terminal region containing a characteristic topological trefoil knot where SAM binding occurs. The active site is located at the dimer interface and is formed by residues from both monomers [[cite:PUB00054125], [cite:PUB00044735]]. TRM10-type methyltransferases, which include tRNA (guanine(9)-N1)-methyltransferase, tRNA (adenine(9)-N1)-methyltransferase and related enzymes, are widely distributed in eukaryotes and archaea but are absent from bacteria.</p>; <p>Transfer RNA molecules contain numerous modified nucleosides, particularly within the anticodon region, which are introduced by various tRNA-modifying enzymes prior to the formation of mature tRNA. Among these modifications, N1-methylguanine (m1G) at position 37 is catalysed by tRNA (guanine-N1)-methyltransferase [ec:2.1.1.31], which transfers a methyl group from S-adenosyl-L-methionine (SAM) to guanosine, yielding S-adenosyl-L-homocysteine and m1G37-containing tRNA. This modification occurs in tRNAs that decode CUN (leucine), CCN (proline) and CGG (arginine) codons. The presence of m1G37 enhances cellular growth rate and polypeptide synthesis efficiency while preventing ribosomal frameshifting [[cite:PUB00006251]]. Studies have demonstrated that the conformation of the anticodon loop may be a major determinant for m1G37 formation in vivo [[cite:PUB00006365], [cite:PUB00006289]].</p>"
1;IPR041677;"doi:10.1016/j.cell.2021.04.011
imex:IM-29278
pubmed:33961781";DNA2/NAM7 helicase, helicase domain;<p>This domain contains the ATP-binding region of DNA2. DNA2 is a member of the DEAD-like helicase superfamily, a diverse family of proteins involved in ATP-dependent RNA or DNA unwinding. Proteins containing this domain also include Nam7 and other helicases. Dna2 is a DNA replication factor with single-stranded DNA-dependent ATPase, ATP-dependent nuclease, (5'-flap endonuclease) and helicase activities [[cite:PUB00035381], [cite:PUB00062306]]. Nam7 (also known as Upf1 and RENT1, for Regulator of nonsense transcripts 1) is an ATP-dependent RNA helicase involved in the nonsense-mediated mRNA decay (NMD) pathway [[cite:PUB00091668]].</p>
1;IPR047187;"doi:10.1016/j.cell.2021.04.011
imex:IM-29278
pubmed:33961781";Upf1-like, C-terminal helicase domain;"<p>This entry represents the C-terminal helicase domain of Upf1-like family helicases.</p>; <p>The Upf1-like helicase family includes UPF1, HELZ, Mov10L1, Aquarius, IGHMBP2 (SMUBP2), and similar proteins [[cite:PUB00095913], [cite:PUB00041079]]. They are DEAD-like helicases belonging to superfamily (SF)1, a diverse family of proteins involved in ATP-dependent RNA or DNA unwinding. Similar to SF2 helicases, SF1 helicases do not form toroidal structures like SF3-6 helicases. Their helicase core consists of two similar protein domains that resemble the fold of the recombination protein RecA [[cite:PUB00094062], [cite:PUB00079379], [cite:PUB00102122], [cite:PUB00102121]].</p>"
1;IPR045055;"doi:10.1016/j.cell.2021.04.011
imex:IM-29278
pubmed:33961781";DNA2/NAM7-like helicase;"<p>This entry represents a group of helicases, including DNA2 and Nam7. Proteins in this family contain a conserved domain with is a P-loop motif that is characteristic of the AAA superfamily. They are DEAD-like helicases belonging to superfamily (SF)1, a diverse family of proteins involved in ATP-dependent RNA or DNA unwinding. Similar to SF2 helicases, SF1 helicases do not form toroidal structures like SF3-6 helicases. Their helicase core consists of two similar protein domains that resemble the fold of the recombination protein RecA [[cite:PUB00005492], [cite:PUB00003826], [cite:PUB00094062]].</p>

<p>DNA2 is a DNA replication factor with single-stranded DNA-dependent ATPase, ATP-dependent nuclease, (5'-flap endonuclease) and helicase activities [[cite:PUB00035381], [cite:PUB00062306]]. Nam7 (also known as Upf1) is an ATP-dependent RNA helicase involved in the nonsense-mediated mRNA decay (NMD) pathway [[cite:PUB00091668]].</p>"
1;IPR041679;"doi:10.1016/j.cell.2021.04.011
imex:IM-29278
pubmed:33961781";DNA2/NAM7 helicase-like, C-terminal;"<p>This domain contains a P-loop motif that is characteristic of the AAA superfamily. Proteins containing this domain are DEAD-like helicases belonging to superfamily (SF)1, a diverse family of proteins involved in ATP-dependent RNA or DNA unwinding. Similar to SF2 helicases, SF1 helicases do not form toroidal structures like SF3-6 helicases. Their helicase core consists of two similar protein domains that resemble the fold of the recombination protein RecA [[cite:PUB00005492], [cite:PUB00003826], [cite:PUB00094062]].</p>

<p>Proteins containing this domain include helicases, such as Dna2 and Nam7. Dna2 is a DNA replication factor with single-stranded DNA-dependent ATPase, ATP-dependent nuclease, (5'-flap endonuclease) and helicase activities [[cite:PUB00035381], [cite:PUB00062306]]. Nam7 (also known as Upf1) is an ATP-dependent RNA helicase involved in the nonsense-mediated mRNA decay (NMD) pathway [[cite:PUB00091668]].</p>"
1;IPR032728;"doi:10.1016/j.cell.2021.04.011
imex:IM-29278
pubmed:33961781";Bardet-Biedl syndrome 1, N-terminal;"<p>This entry represents the N-terminal β-propeller domain of the Bardet-Biedl syndrome 1 protein (BBS1) which interacts with the small GTPase Arl6 and recruits the BBSome to membranes [[cite:PUB00153355], [cite:PUB00153353]].</p>; <p>Bardet-Biedl syndrome is characterised by usually severe pigmentary retinopathy, early-onset obesity, polydactyly, hypogenitalism, renal malformation and mental retardation [[cite:PUB00069263]]. Bardet-Biedl syndrome proteins (BBS1, BBS2, BBS4, BBS5, BBS7, BBS8/TTC8, BBS9 and BBIP10) form the BBSome complex, which functions as a coat complex required for sorting of specific membrane proteins to the primary cilia [[cite:PUB00153355], [cite:PUB00153353], [cite:PUB00060532], [cite:PUB00153354]]. The ciliary trafficking function of BBSome is regulated by LZTFL1 (Leucine-zipper transcription factor-like 1)  [[cite:PUB00069264]].</p>

<p>Primary cilia are ubiquitous cellular appendages that provide important sensory and signalling functions and their dysfunction underlies numerous human genetic disorders. The proteins disrupted in the human ciliary disorder Bardet-Biedl syndrome (BBS) are required for the localisation of G protein-coupled receptors to primary cilia on central neurons. The alteration of signalling caused by mislocalisation of ciliary signalling proteins underlies the BBS phenotype [[cite:PUB00043592]]. Of the 12 known BBS genes, BBS1 is the most commonly mutated [[cite:PUB00043593]].</p>

<p>This entry includes BBS1, is the most important BBSome subunit for cargo recognition as it mediates the interaction of the GTP-bound Arf-like GTPase ARL6 with the BBSome, a critical step in the recruitment of the BBSome to membranes [[cite:PUB00153355]].</p>"
1;IPR011047;"doi:10.1016/j.cell.2021.04.011
imex:IM-29278
pubmed:33961781";Quinoprotein alcohol dehydrogenase-like superfamily;"<p>Quinoprotein alcohol dehydrogenases are a family of proteins found in methylotrophic or autotrophic bacteria. These quinoproteins use pyrroloquinoline quinone as their prosthetic group. There are three types of alcohol dehydrogenases: type I includes methanol dehydrogenase and ethanol dehydrogenase; type II includes soluble quinohaemoprotein with a C-terminal containing haem C; and type III includes quinoprotein alcohol dehydrogenase with a C-terminal cytochrome C domain [[cite:PUB00014164]]. These quinoproteins contain an 8-bladed β-propeller motif, which is present in the N-terminal domain of quinoprotein alcohol dehydrogenase, ethanol dehydrogenase, and the heavy chain (alpha subunit) of methanol dehydrogenase ([ec:1.1.99.8]) [[cite:PUB00014163], [cite:PUB00014162], [cite:PUB00014161]].</p>

<p>This entry represents quinoprotein alcohol dehydrogenases as well as some other proteins that share a similar structure, including WD repeat-containing protein and echinoderm microtubule-associated protein-like proteins.</p>"
1;IPR028784;"doi:10.1016/j.cell.2021.04.011
imex:IM-29278
pubmed:33961781";BBSome complex member BBS1;"<p>Bardet-Biedl syndrome is characterised by usually severe pigmentary retinopathy, early-onset obesity, polydactyly, hypogenitalism, renal malformation and mental retardation [[cite:PUB00069263]]. Bardet-Biedl syndrome proteins (BBS1, BBS2, BBS4, BBS5, BBS7, BBS8/TTC8, BBS9 and BBIP10) form the BBSome complex, which functions as a coat complex required for sorting of specific membrane proteins to the primary cilia [[cite:PUB00153355], [cite:PUB00153353], [cite:PUB00060532], [cite:PUB00153354]]. The ciliary trafficking function of BBSome is regulated by LZTFL1 (Leucine-zipper transcription factor-like 1)  [[cite:PUB00069264]].</p>

<p>Primary cilia are ubiquitous cellular appendages that provide important sensory and signalling functions and their dysfunction underlies numerous human genetic disorders. The proteins disrupted in the human ciliary disorder Bardet-Biedl syndrome (BBS) are required for the localisation of G protein-coupled receptors to primary cilia on central neurons. The alteration of signalling caused by mislocalisation of ciliary signalling proteins underlies the BBS phenotype [[cite:PUB00043592]]. Of the 12 known BBS genes, BBS1 is the most commonly mutated [[cite:PUB00043593]].</p>

<p>This entry includes BBS1, is the most important BBSome subunit for cargo recognition as it mediates the interaction of the GTP-bound Arf-like GTPase ARL6 with the BBSome, a critical step in the recruitment of the BBSome to membranes [[cite:PUB00153355]].</p>"
1;IPR056419;"doi:10.1016/j.cell.2021.04.011
imex:IM-29278
pubmed:33961781";Bardet-Biedl syndrome 1 protein, GAE domain;"<p>This entry represents the GAE domain of BBS1, found at the C terminus. It adopts a β-sandwich fold [[cite:PUB00153355]]. This domain mediates interactions with other subunits (BBS8 and BBS9) of the complex.</p>; <p>Bardet-Biedl syndrome is characterised by usually severe pigmentary retinopathy, early-onset obesity, polydactyly, hypogenitalism, renal malformation and mental retardation [[cite:PUB00069263]]. Bardet-Biedl syndrome proteins (BBS1, BBS2, BBS4, BBS5, BBS7, BBS8/TTC8, BBS9 and BBIP10) form the BBSome complex, which functions as a coat complex required for sorting of specific membrane proteins to the primary cilia [[cite:PUB00153355], [cite:PUB00153353], [cite:PUB00060532], [cite:PUB00153354]]. The ciliary trafficking function of BBSome is regulated by LZTFL1 (Leucine-zipper transcription factor-like 1)  [[cite:PUB00069264]].</p>

<p>Primary cilia are ubiquitous cellular appendages that provide important sensory and signalling functions and their dysfunction underlies numerous human genetic disorders. The proteins disrupted in the human ciliary disorder Bardet-Biedl syndrome (BBS) are required for the localisation of G protein-coupled receptors to primary cilia on central neurons. The alteration of signalling caused by mislocalisation of ciliary signalling proteins underlies the BBS phenotype [[cite:PUB00043592]]. Of the 12 known BBS genes, BBS1 is the most commonly mutated [[cite:PUB00043593]].</p>

<p>This entry includes BBS1, is the most important BBSome subunit for cargo recognition as it mediates the interaction of the GTP-bound Arf-like GTPase ARL6 with the BBSome, a critical step in the recruitment of the BBSome to membranes [[cite:PUB00153355]].</p>"
1;IPR013320;"imex:IM-25472
pubmed:32296183";Concanavalin A-like lectin/glucanase domain superfamily;"<p>This superfamily represents the concanavalin A-like domain, which has a sandwich structure of 12-14 β-strands in two sheets with a complex topology. Proteins containing this domain include:</p>

<ul>
<li>Legume lectins</li>
<li>Glycosyl hydrolases family 16</li>
<li>Galectin (animal S-lectin)</li>
<li>Laminin G-like module</li>
<li>Pentraxin</li>
<li>Clostridium neurotoxins</li>
<li>Exotoxin A</li>
<li>Vibrio cholera sialidase</li>
<li>Leech intramolecular trans-sialidase</li>
<li>Glycosyl hydrolase family 7</li>
<li>Xylanase/endoglucanase</li>
<li>Calnexin/calreticulin</li>
<li>Lectin leg-like</li>
<li>vp4 sialic acid binding protein</li>
<li>Trypanosoma sialidase</li>
<li>Thrombospondin</li>
<li>Hypothetical protein YesU</li>
<li>Alginate lyase</li>
<li>Glycosyl hydrolases family 32</li>
<li>Peptidase A4</li>
<li>Alpha-L-arabinofuranosidase B</li>
<li>SPRY domain containing proteins</li>
<li>Beta-D-xylosidase</li>
<li>SO2946-like</li>
<li>MAM domain containing proteins</li>
</ul>"
1;IPR003877;"imex:IM-25472
pubmed:32296183";SPRY domain;"<p>The SPRY domain is a ~140-amino-acid protein interaction module involved in many important signalling pathways like RNA processing, regulation of histone H3 methylation, innate immunity, or embryonic development [[cite:PUB00041714], [cite:PUB00085899], [cite:PUB00095661]]. It can be divided into 11 subfamilies based on amino acid sequence similarity or the presence of additional protein domains. Functionally, SPRY domains mediate critical interactions in diverse pathways: SSB-2 binds Par-4 to regulate apoptosis, RanBPM/SSB-1 interact with c-Met for signalling modulation, and SPSB proteins target iNOS for ubiquitination in immune regulation [[cite:PUB00039269], [cite:PUB00086126], [cite:PUB00130360]].</p>; <p>The B30.2 domain was first identified as a protein domain encoded by an exon (named B30-2) in the Homo sapiens class I major histocompatibility complex region [[cite:PUB00033710]], whereas the SPRY domain was first identified in a Dictyostelium discoideum kinase splA and mammalian calcium-release channels ryanodine receptors [[cite:PUB00005467]].  B30.2 domain consists of PRY and SPRY subdomains. The SPRY domains  (after SPla and the RYanodine Receptor) are shorter at the N terminus than the B30.2 domains. The ~200-residue B30.2/SPRY (for B30.2 and/or SPRY) domain is present in a large number of proteins with diverse individual functions in different biological processes. The B30.2/SPRY domain in these proteins is likely to function through protein-protein interaction [[cite:PUB00033711]].
The N-terminal ~60 residues of B30.2/SPRY domains are poorly conserved and, as a consequence, a new domain name PRY was coined for a group of similar sequence segments N-terminal to the SPRY domains [[cite:PUB00033711]]. The B30.2/SPRY domain contains three highly conserved motifs (LDP, WEVE and LDYE) [[cite:PUB00033712]]. The B30.2/SPRY domain adopts a highly distorted, compact β-sandwich fold with two additional short β-helices at the N terminus. The β-sandwich of the B30.2/SPRY domain consists of two layers of β-sheets: sheet A composed of eight strands and sheet B composed of seven strands. All the β-strands are in antiparallel arrangement [[cite:PUB00033711]]. The 5th β-strand corresponding to WEVE motif [[cite:PUB00033713]]. Both the N- and C-terminal ends of the B30.2/SPRY domains in general are close to each other [[cite:PUB00033711]].</p>"
1;IPR001496;"imex:IM-25472
pubmed:32296183";SOCS box domain;"<p>The SOCS box was first identified in SH2-domain-containing proteins of the suppressor of cytokines signalling (SOCS) family [[cite:PUB00006611]] but was later also found in:</p>

<ul><li>the WSB (WD-40-repeat-containing proteins with a SOCS box) family,</li>
<li>the SSB (SPRY domain-containing proteins with a SOCS box) family,</li>
<li>the ASB (ankyrin-repeat-containing proteins with a SOCS box) family,</li>
<li>and ras and ras-like GTPases [[cite:PUB00006612]].</li></ul>

<p>The SOCS box found in these proteins is an about 50 amino acid C-terminal domain composed of two blocks of well-conserved residues separated by between 2 and 10 non-conserved residues [[cite:PUB00006612]]. The C-terminal conserved region is an L/P-rich sequence of unknown function, whereas the N-terminal conserved region is a consensus BC box [[cite:PUB00006613]], which binds to the Elongin BC complex [[cite:PUB00006613], [cite:PUB00006614]]. It has been demonstrated that this association couple bound proteins to the ubiquitination or proteasomal compartments [[cite:PUB00006614], [cite:PUB00060101]].</p>"
1;IPR050672;"imex:IM-25472
pubmed:32296183";F-box/SPRY and SOCS box protein families;<p>The FBXO45/Fsn and SPSB protein families are involved in various cellular processes through their roles in the ubiquitin-proteasome system. Members of these families function as components of E3 ubiquitin ligase complexes, which are crucial for the ubiquitination and subsequent proteasomal degradation of target proteins. These proteins play key roles in synaptic development and function, including the regulation of synaptic terminal growth at the neuromuscular junction, neuron migration, neurotransmission, and the maintenance of axon integrity. They are also implicated in the negative regulation of nitric oxide production in macrophages, and in the modulation of immune responses to viral infections. The FBXO45/Fsn family members are characterized by the presence of an F-box and SPRY domain, while the SPSB family members contain a SPRY domain and a SOCS box domain, which mediates interaction with the Elongin BC complex.</p>
1;IPR043136;"imex:IM-25472
pubmed:32296183";B30.2/SPRY domain superfamily;"<p>This superfamily also matches diverse E3 ubiquitin-protein ligases. This protein is involved in the apoptosis process [[cite:PUB00084879], [cite:PUB00093725]].</p>; <p>The B30.2 domain was first identified as a protein domain encoded by an exon (named B30-2) in the Homo sapiens class I major histocompatibility complex region [[cite:PUB00033710]], whereas the SPRY domain was first identified in a Dictyostelium discoideum kinase splA and mammalian calcium-release channels ryanodine receptors [[cite:PUB00005467]].  B30.2 domain consists of PRY and SPRY subdomains. The SPRY domains  (after SPla and the RYanodine Receptor) are shorter at the N terminus than the B30.2 domains. The ~200-residue B30.2/SPRY (for B30.2 and/or SPRY) domain is present in a large number of proteins with diverse individual functions in different biological processes. The B30.2/SPRY domain in these proteins is likely to function through protein-protein interaction [[cite:PUB00033711]].
The N-terminal ~60 residues of B30.2/SPRY domains are poorly conserved and, as a consequence, a new domain name PRY was coined for a group of similar sequence segments N-terminal to the SPRY domains [[cite:PUB00033711]]. The B30.2/SPRY domain contains three highly conserved motifs (LDP, WEVE and LDYE) [[cite:PUB00033712]]. The B30.2/SPRY domain adopts a highly distorted, compact β-sandwich fold with two additional short β-helices at the N terminus. The β-sandwich of the B30.2/SPRY domain consists of two layers of β-sheets: sheet A composed of eight strands and sheet B composed of seven strands. All the β-strands are in antiparallel arrangement [[cite:PUB00033711]]. The 5th β-strand corresponding to WEVE motif [[cite:PUB00033713]]. Both the N- and C-terminal ends of the B30.2/SPRY domains in general are close to each other [[cite:PUB00033711]].</p>"
1;IPR001870;"imex:IM-25472
pubmed:32296183";B30.2/SPRY domain;"<p>The B30.2 domain was first identified as a protein domain encoded by an exon (named B30-2) in the Homo sapiens class I major histocompatibility complex region [[cite:PUB00033710]], whereas the SPRY domain was first identified in a Dictyostelium discoideum kinase splA and mammalian calcium-release channels ryanodine receptors [[cite:PUB00005467]].  B30.2 domain consists of PRY and SPRY subdomains. The SPRY domains  (after SPla and the RYanodine Receptor) are shorter at the N terminus than the B30.2 domains. The ~200-residue B30.2/SPRY (for B30.2 and/or SPRY) domain is present in a large number of proteins with diverse individual functions in different biological processes. The B30.2/SPRY domain in these proteins is likely to function through protein-protein interaction [[cite:PUB00033711]].
The N-terminal ~60 residues of B30.2/SPRY domains are poorly conserved and, as a consequence, a new domain name PRY was coined for a group of similar sequence segments N-terminal to the SPRY domains [[cite:PUB00033711]]. The B30.2/SPRY domain contains three highly conserved motifs (LDP, WEVE and LDYE) [[cite:PUB00033712]]. The B30.2/SPRY domain adopts a highly distorted, compact β-sandwich fold with two additional short β-helices at the N terminus. The β-sandwich of the B30.2/SPRY domain consists of two layers of β-sheets: sheet A composed of eight strands and sheet B composed of seven strands. All the β-strands are in antiparallel arrangement [[cite:PUB00033711]]. The 5th β-strand corresponding to WEVE motif [[cite:PUB00033713]]. Both the N- and C-terminal ends of the B30.2/SPRY domains in general are close to each other [[cite:PUB00033711]].</p>"
1;IPR013087;"doi:10.1016/j.cell.2021.04.011
imex:IM-29278
pubmed:33961781";Zinc finger C2H2-type;"<p>This entry represents the classical C2H2 zinc finger domain.</p>; <p>C2H2-type (classical) zinc fingers (Znf) were the first class to be characterised. They contain a short β-hairpin and an α-helix (β/β/α structure), where a single zinc atom is held in place by Cys(2)His(2) (C2H2) residues in a tetrahedral array. C2H2 Znf's can be divided into three groups based on the number and pattern of fingers: triple-C2H2 (binds single ligand), multiple-adjacent-C2H2 (binds multiple ligands), and separated paired-C2H2 [[cite:PUB00035808]]. C2H2 Znf's are the most common DNA-binding motifs found in eukaryotic transcription factors, and have also been identified in prokaryotes [[cite:PUB00035809]].  Transcription factors usually contain several Znf's (each with a conserved β/β/α structure) capable of making multiple contacts along the DNA, where the C2H2 Znf motifs recognise DNA sequences by binding to the major groove of DNA via a short α-helix in the Znf, the Znf spanning 3-4 bases of the DNA [[cite:PUB00035811]]. C2H2 zinc fingers can also bind to RNA and protein targets [[cite:PUB00043274]].</p>; <p>Zinc finger (Znf) domains are relatively small protein motifs which contain multiple finger-like protrusions that make tandem contacts with their target molecule. Some of these domains bind zinc, but many do not; instead, they bind other metals, such as iron, or no metal at all. For example, some family members form salt bridges to stabilise the finger-like folds. They were first identified as a DNA-binding motif in transcription factor TFIIIA from Xenopus laevis (African clawed frog); however, they are now recognised to bind DNA, RNA, protein and/or lipid substrates [[cite:PUB00035807], [cite:PUB00035805], [cite:PUB00035806], [cite:PUB00035804], [cite:PUB00014077]]. Their binding properties depend on the amino acid sequence of the finger domains and of the linker between fingers, as well as on the higher-order structures and the number of fingers. Znf domains are often found in clusters, where fingers can have different binding specificities. There are many superfamilies of Znf motifs, varying in both sequence and structure. They display considerable versatility in binding modes, even between members of the same class (e.g., some bind DNA, others protein), suggesting that Znf motifs are stable scaffolds that have evolved specialised functions. For example, Znf-containing proteins function in gene transcription, translation, mRNA trafficking, cytoskeleton organisation, epithelial development, cell adhesion, protein folding, chromatin remodelling and zinc sensing, to name but a few [[cite:PUB00035812]]. Zinc-binding motifs are stable structures, and they rarely undergo conformational changes upon binding their target.</p>"
1;IPR000210;"doi:10.1016/j.cell.2021.04.011
imex:IM-29278
pubmed:33961781";BTB/POZ domain;"<p>The BTB domain (Broad-Complex, Tramtrack and Bric a brac) is also known as the POZ domain (POxvirus and Zinc finger). It is a homodimerisation domain occurring at the N terminus of proteins containing multiple copies of either zinc fingers of the C2H2 type or Kelch repeats [[cite:PUB00004829], [cite:PUB00001918]]. Many BTB proteins are transcriptional regulators that are thought to act through the control of chromatin structure.</p>

<p>The structure of the BTB domain of the promyelocytic leukaemia zinc finger (PLZF) protein has been determined by X-ray crystallography and reveals a tightly intertwined dimer with an extensive hydrophobic interface [[cite:PUB00004917]]. A surface-exposed groove lined with conserved amino acids is formed at the dimer interface, suggesting a peptide-binding site.</p>"
1;IPR036236;"doi:10.1016/j.cell.2021.04.011
imex:IM-29278
pubmed:33961781";Zinc finger C2H2 superfamily;"<p>C2H2-type (classical) zinc fingers (Znf) were the first class to be characterised. They contain a short β-hairpin and an α-helix (β/β/α structure), where a single zinc atom is held in place by Cys(2)His(2) (C2H2) residues in a tetrahedral array. C2H2 Znf's can be divided into three groups based on the number and pattern of fingers: triple-C2H2 (binds single ligand), multiple-adjacent-C2H2 (binds multiple ligands), and separated paired-C2H2 [[cite:PUB00035808]]. C2H2 Znf's are the most common DNA-binding motifs found in eukaryotic transcription factors, and have also been identified in prokaryotes [[cite:PUB00035809]].  Transcription factors usually contain several Znf's (each with a conserved β/β/α structure) capable of making multiple contacts along the DNA, where the C2H2 Znf motifs recognise DNA sequences by binding to the major groove of DNA via a short α-helix in the Znf, the Znf spanning 3-4 bases of the DNA [[cite:PUB00035811]]. C2H2 zinc fingers can also bind to RNA and protein targets [[cite:PUB00043274]].</p>; <p>Zinc finger (Znf) domains are relatively small protein motifs which contain multiple finger-like protrusions that make tandem contacts with their target molecule. Some of these domains bind zinc, but many do not; instead, they bind other metals, such as iron, or no metal at all. For example, some family members form salt bridges to stabilise the finger-like folds. They were first identified as a DNA-binding motif in transcription factor TFIIIA from Xenopus laevis (African clawed frog); however, they are now recognised to bind DNA, RNA, protein and/or lipid substrates [[cite:PUB00035807], [cite:PUB00035805], [cite:PUB00035806], [cite:PUB00035804], [cite:PUB00014077]]. Their binding properties depend on the amino acid sequence of the finger domains and of the linker between fingers, as well as on the higher-order structures and the number of fingers. Znf domains are often found in clusters, where fingers can have different binding specificities. There are many superfamilies of Znf motifs, varying in both sequence and structure. They display considerable versatility in binding modes, even between members of the same class (e.g., some bind DNA, others protein), suggesting that Znf motifs are stable scaffolds that have evolved specialised functions. For example, Znf-containing proteins function in gene transcription, translation, mRNA trafficking, cytoskeleton organisation, epithelial development, cell adhesion, protein folding, chromatin remodelling and zinc sensing, to name but a few [[cite:PUB00035812]]. Zinc-binding motifs are stable structures, and they rarely undergo conformational changes upon binding their target.</p>"
1;IPR011333;"doi:10.1016/j.cell.2021.04.011
imex:IM-29278
pubmed:33961781";SKP1/BTB/POZ domain superfamily;"<p>The BTB (for BR-C, ttk and bab) [[cite:PUB00004829]] or POZ (for Pox virus and Zinc finger) [[cite:PUB00001918], [cite:PUB00035688]] domain is a versatile protein-protein interaction motif involved in many cellular functions, including transcriptional regulation, cytoskeleton dynamics, ion channel assembly and gating, and targeting proteins for ubiquitination [[cite:PUB00033636]]. The BTB domain can occur alongside other domains: BTB-zinc finger (BTB-ZF), BTB-BACK-Kelch (BBK), voltage-gated potassium channel T1 (T1-Kv) [[cite:PUB00035689]], MATH-BTB, BTB-NPH3 and BTB-BACK-PHR (BBP). Other proteins, such as Skp1 and ElonginC, consist almost exclusively of the core BTB fold. In all of these protein families, the BTB core fold is structurally conserved, consisting of a 2-layer α/β topology where a cluster of α-helices is flanked by short β-sheets [[cite:PUB00004917]]. POZ domains from several zinc finger proteins have been shown to mediate transcriptional repression and to interact with components of histone deacetylase co-repressor complexes including N-CoR and SMRT [[cite:PUB00000971], [cite:PUB00004499], [cite:PUB00003026]]. The POZ or BTB domain is also known as BR-C/Ttk or ZiN.</p>

<p>This entry includes the BTB/POZ domain, as well as  Skp1 N-terminal region which has an α/β structure similar to that of the BTB/POZ domain fold [[cite:PUB00035689], [cite:PUB00010628]].</p>"
1;IPR006652;"doi:10.1016/j.cell.2021.04.011
imex:IM-29278
pubmed:33961781";Kelch repeat type 1;"<p>This entry represents a type of kelch sequence motif that comprises one β-sheet blade.</p>; <p>Kelch is a 50-residue motif, named after the Drosophila mutant in which it was first identified [[cite:PUB00000885]]. This sequence motif represents one β-sheet blade, and several of these repeats can associate to form a β-propeller. For instance, the motif appears 6 times in Drosophila egg-chamber regulatory protein (also known as ring canal kelch protein), creating a 6-bladed β-propeller. The motif is also found in mouse protein MIPP [[cite:PUB00000885]] and in a number of poxviruses. In addition, kelch repeats have been recognised in alpha-and beta-scruin [[cite:PUB00003094], [cite:PUB00003079]], and in galactose oxidase from the fungus Dactylium dendroides [[cite:PUB00003318], [cite:PUB00004093]]. The structure of galactose oxidase reveals that the repeated sequence corresponds to a 4-stranded antiparallel β-sheet motif that forms the repeat unit in a super-barrel structural fold [[cite:PUB00003324]].</p>

<p>The known functions of kelch-containing proteins are diverse: scruin is an actin cross-linking protein; galactose oxidase catalyses the oxidation of the hydroxyl group at the C6 position in D-galactose; and kelch may have a cytoskeletal function, as it is localised to the actin-rich ring canals that connect the 15 nurse cells to the developing oocyte in Drosophila [[cite:PUB00003094]]. Nevertheless, based on the location of the kelch pattern in the catalytic unit in galactose oxidase, functionally important residues have been predicted in glyoxal oxidase [[cite:PUB00003318]].</p>"
1;IPR052637;"doi:10.1016/j.cell.2021.04.011
imex:IM-29278
pubmed:33961781";Kelch domain-containing protein 3-like;<p>This entry represents human Kelch domain-containing protein 3 (KLHDC3) and similar proteins mainly found in animals. KLHDC3, also known as Testis intracellular mediator protein or PEAS, is the substrate-recognition component of a Cul2-RING (CRL2) E3 ubiquitin-protein ligase complex of the DesCEND (destruction via C-end degrons) pathway, which recognises a C-degron located at the extreme C terminus of target proteins, leading to their ubiquitination and degradation. This C-degron ris usually a motif of less than ten residues and can be present in full-length proteins, truncated proteins or proteolytically cleaved forms [[cite:PUB00155310], [cite:PUB00155311]]. The degradation process is particularly relevant for truncated selenoproteins that result from unsuccessful decoding events [[cite:PUB00155309]]. Additionally, these proteins may play a role in the meiotic recombination process [[cite:PUB00155308]]. Members of this family contain a Kelch-type β-propeller domain.</p>
1;IPR015915;"doi:10.1016/j.cell.2021.04.011
imex:IM-29278
pubmed:33961781";Kelch-type beta-propeller;"<p>This entry represents the 6-bladed Kelch β-propeller, which consists of six 4-stranded β-sheet motifs (or six Kelch repeats).</p>; <p>Kelch is a 50-residue motif, named after the Drosophila mutant in which it was first identified [[cite:PUB00000885]]. This sequence motif represents one β-sheet blade, and several of these repeats can associate to form a β-propeller. For instance, the motif appears 6 times in Drosophila egg-chamber regulatory protein (also known as ring canal kelch protein), creating a 6-bladed β-propeller. The motif is also found in mouse protein MIPP [[cite:PUB00000885]] and in a number of poxviruses. In addition, kelch repeats have been recognised in alpha-and beta-scruin [[cite:PUB00003094], [cite:PUB00003079]], and in galactose oxidase from the fungus Dactylium dendroides [[cite:PUB00003318], [cite:PUB00004093]]. The structure of galactose oxidase reveals that the repeated sequence corresponds to a 4-stranded antiparallel β-sheet motif that forms the repeat unit in a super-barrel structural fold [[cite:PUB00003324]].</p>

<p>The known functions of kelch-containing proteins are diverse: scruin is an actin cross-linking protein; galactose oxidase catalyses the oxidation of the hydroxyl group at the C6 position in D-galactose; and kelch may have a cytoskeletal function, as it is localised to the actin-rich ring canals that connect the 15 nurse cells to the developing oocyte in Drosophila [[cite:PUB00003094]]. Nevertheless, based on the location of the kelch pattern in the catalytic unit in galactose oxidase, functionally important residues have been predicted in glyoxal oxidase [[cite:PUB00003318]].</p>"
1;IPR010614;"doi:10.1016/j.cell.2021.04.011
imex:IM-29278
pubmed:33961781";RAD3-like helicase, DEAD;"<p>This domain is found in the RAD3-like DNA-binding helicase Regulator of telomere elongation helicase 1 homolog from Drosophila melanogaster (Rtel1), General transcription and DNA repair factor IIH helicase subunit XPD from Saccharomyces cerevisiae (RAD3) and similar proteins that are seemingly ubiquitous, including members of eukaryotic, bacterial and archaeal origin.</p>; <p>Regulator of telomere elongation helicase 1 (Rtel1) is the animal functional analogue of yeast Srs2, which is a DNA helicase and DNA-dependent ATPase involved in DNA repair and checkpoint recovery [[cite:PUB00074223]]. Rtel1 is an essential DNA helicase that disassembles a variety of DNA secondary structures to facilitate DNA replication, repair, and recombination processes, and to maintain both telomeric and genomic stability [[cite:PUB00153326], [cite:PUB00074226], [cite:PUB00074118], [cite:PUB00103976]]. It is recruited by Trf2 to telomeres in S phase to promote T-Loop unwinding [[cite:PUB00074228]]. It is also required for the export and the correct cytoplasmic trafficking of the small nuclear (sn) RNA pre-U2, a component of the major spliceosome complex [[cite:PUB00074225]]. Human Rtel1 is implicated in the etiology of Dyskeratosis congenital (DC, is an inherited bone marrow failure and cancer predisposition syndrome) [[cite:PUB00133413]]. Point mutations in its helicase domains, and truncations which result in loss of its C terminus have been discovered in DC families. It acts as anti-recombinase and antagonises homologous recombination by promoting the disassembly of D loop recombination intermediates in a reaction dependent upon ATP hydrolysis [[cite:PUB00074223]]. Rtel1 is also a candidate gene influencing glioma susceptibility [[cite:PUB00074223], [cite:PUB00133415], [cite:PUB00133416]].</p>; <p>RAD3 is involved in nucleotide excision repair, and forms part of the transcription factor TFIIH in yeast [[cite:PUB00007684]].</p>"
1;IPR006554;"doi:10.1016/j.cell.2021.04.011
imex:IM-29278
pubmed:33961781";Helicase-like, DEXD box c2 type;<p>This domain of unknown function is found in the Xeroderma pigmentosum group D (XPD) proteins which belong to a family of ATP-dependent helicases characterised by a 'D-E-A-H' motif. This resembles the 'D-E-A-D-box' of other known helicases, which represents a special version of the B motif of ATP-binding proteins. In XPD, His replaces the second Asp. The DEAD box helicases are involved in various aspects of RNA metabolism, including nuclear transcription, pre-mRNA splicing, ribosome biogenesis, nucleocytoplasmic transport, translation, RNA decay and organellar gene expression.</p>
1;IPR014013;"doi:10.1016/j.cell.2021.04.011
imex:IM-29278
pubmed:33961781";Helicase superfamily 1/2, ATP-binding domain, DinG/Rad3-type;"<p>This entry represents the ATP-binding domain found within bacterial DinG and eukaryotic Rad3 proteins, differing from other SF1 and SF2 helicases by the presence of a large insert after the Walker A motif [[cite:PUB00033621]].</p>; <p>Helicases have been classified in 5 superfamilies (SF1-SF5). All of the proteins bind ATP and, consequently, all of them carry the classical Walker A (phosphate-binding loop or P-loop) and Walker B (Mg2+-binding aspartic acid) motifs. For the two largest groups, commonly referred to as SF1 and SF2, a total of seven characteristic motifs has been identified [[cite:PUB00004361]]. These two superfamilies encompass a large number of DNA and RNA helicases from archaea, eubacteria, eukaryotes and viruses that seem to be active as monomers or dimers. RNA and DNA helicases are considered to be enzymes that catalyse the separation of double-stranded nucleic acids in an energy-dependent manner [[cite:PUB00033619]].</p>

<p>The various structures of SF1 and SF2 helicases present a common core with two α-β RecA-like domains [[cite:PUB00033619], [cite:PUB00025034]]. The structural homology with the RecA recombination protein covers the five contiguous parallel β-strands and the tandem α-helices. ATP binds to the amino proximal α-β domain, where the Walker A (motif I) and Walker B (motif II) are found. The N-terminal domain also contains motif III (S-A-T) which was proposed to participate in linking ATPase and helicase activities. The carboxy-terminal α-β domain is structurally very similar to the proximal one even though it is bereft of an ATP-binding site, suggesting that it may have originally arisen through gene duplication of the first one.</p>

<p>Some members of helicase superfamilies 1 and 2 are listed below:</p>

<ul><li>DEAD-box RNA helicases. The prototype of DEAD-box proteins is the translation initiation factor eIF4A. The eIF4A protein is an RNA-dependent ATPase which functions together with eIF4B as an RNA helicase [[cite:PUB00033620]].</li>
<li>DEAH-box RNA helicases. Mainly pre-mRNA-splicing factor ATP-dependent RNA helicases [[cite:PUB00033620]].</li>
<li>Eukaryotic DNA repair helicase RAD3/ERCC-2, an ATP-dependent 5'-3' DNA helicase involved in nucleotide excision repair of UV-damaged DNA.</li>
<li>Eukaryotic TFIIH basal transcription factor complex helicase XPB subunit. An ATP-dependent 3'-5' DNA helicase which is a component of the core-TFIIH basal transcription factor, involved in nucleotide excision repair (NER) of DNA and, when complexed to CAK, in RNA transcription by RNA polymerase II. It acts by opening DNA either around the RNA transcription start site or the DNA.</li>
<li>Eukaryotic ATP-dependent DNA helicase Q. A DNA helicase that may play a role in the repair of DNA that is damaged by ultraviolet light or other mutagens.</li>
<li>Bacterial and eukaryotic antiviral SKI2-like helicase. SKI2 has a role in the 3'-mRNA degradation pathway, repressing dsRNA virus propagation by specifically blocking translation of viral mRNAs, perhaps recognizing the absence of CAP or poly(A).</li>
<li>Bacterial DNA-damage-inducible protein G (DinG). A probable helicase involved in DNA repair and perhaps also replication [[cite:PUB00033621]].</li>
<li>Bacterial primosomal protein N' (PriA). PriA protein is one of seven proteins that make up the restart primosome, an apparatus that promotes assembly of replisomes at recombination intermediates and stalled replication forks.</li>
<li>Bacterial ATP-dependent DNA helicase RecG. It has a critical role in recombination and DNA repair, helping process Holliday junction intermediates to mature products by catalysing branch migration. It has a DNA unwinding activity characteristic of helicases with a 3' to 5' polarity.</li>
<li>A variety of DNA and RNA virus helicases and transcription factors</li></ul>"
1;IPR013020;"doi:10.1016/j.cell.2021.04.011
imex:IM-29278
pubmed:33961781";ATP-dependent helicase Rad3/Chl1-like;<p>This entry includes a group of ATP-dependent helicases, including Rad3/XPD (ERCC2), Chl1/DDX11, DDX12, RTEL1 and BRIP1. Rad3/XPD is a subunit of RNA polII initiation factor TFIIH and of Nucleotide Excision Repair Factor 3 (NEF3) [[cite:PUB00062838], [cite:PUB00056880]]. DDX11/Chl1 is required for sister-chromatid cohesion [[cite:PUB00062839], [cite:PUB00062840], [cite:PUB00062845]].</p>
1;IPR014001;"doi:10.1016/j.cell.2021.04.011
imex:IM-29278
pubmed:33961781";Helicase superfamily 1/2, ATP-binding domain;"<p>This entry represents the DNA-binding domain of classical SF1 and SF2 helicases. It does not recognise bacterial DinG and eukaryotic Rad3 which differ from other SF1-SF2 helicases by the presence of a large insert after the Walker A (see [interpro:IPR014013]).</p>; <p>Helicases have been classified in 5 superfamilies (SF1-SF5). All of the proteins bind ATP and, consequently, all of them carry the classical Walker A (phosphate-binding loop or P-loop) and Walker B (Mg2+-binding aspartic acid) motifs. For the two largest groups, commonly referred to as SF1 and SF2, a total of seven characteristic motifs has been identified [[cite:PUB00004361]]. These two superfamilies encompass a large number of DNA and RNA helicases from archaea, eubacteria, eukaryotes and viruses that seem to be active as monomers or dimers. RNA and DNA helicases are considered to be enzymes that catalyse the separation of double-stranded nucleic acids in an energy-dependent manner [[cite:PUB00033619]].</p>

<p>The various structures of SF1 and SF2 helicases present a common core with two α-β RecA-like domains [[cite:PUB00033619], [cite:PUB00025034]]. The structural homology with the RecA recombination protein covers the five contiguous parallel β-strands and the tandem α-helices. ATP binds to the amino proximal α-β domain, where the Walker A (motif I) and Walker B (motif II) are found. The N-terminal domain also contains motif III (S-A-T) which was proposed to participate in linking ATPase and helicase activities. The carboxy-terminal α-β domain is structurally very similar to the proximal one even though it is bereft of an ATP-binding site, suggesting that it may have originally arisen through gene duplication of the first one.</p>

<p>Some members of helicase superfamilies 1 and 2 are listed below:</p>

<ul><li>DEAD-box RNA helicases. The prototype of DEAD-box proteins is the translation initiation factor eIF4A. The eIF4A protein is an RNA-dependent ATPase which functions together with eIF4B as an RNA helicase [[cite:PUB00033620]].</li>
<li>DEAH-box RNA helicases. Mainly pre-mRNA-splicing factor ATP-dependent RNA helicases [[cite:PUB00033620]].</li>
<li>Eukaryotic DNA repair helicase RAD3/ERCC-2, an ATP-dependent 5'-3' DNA helicase involved in nucleotide excision repair of UV-damaged DNA.</li>
<li>Eukaryotic TFIIH basal transcription factor complex helicase XPB subunit. An ATP-dependent 3'-5' DNA helicase which is a component of the core-TFIIH basal transcription factor, involved in nucleotide excision repair (NER) of DNA and, when complexed to CAK, in RNA transcription by RNA polymerase II. It acts by opening DNA either around the RNA transcription start site or the DNA.</li>
<li>Eukaryotic ATP-dependent DNA helicase Q. A DNA helicase that may play a role in the repair of DNA that is damaged by ultraviolet light or other mutagens.</li>
<li>Bacterial and eukaryotic antiviral SKI2-like helicase. SKI2 has a role in the 3'-mRNA degradation pathway, repressing dsRNA virus propagation by specifically blocking translation of viral mRNAs, perhaps recognizing the absence of CAP or poly(A).</li>
<li>Bacterial DNA-damage-inducible protein G (DinG). A probable helicase involved in DNA repair and perhaps also replication [[cite:PUB00033621]].</li>
<li>Bacterial primosomal protein N' (PriA). PriA protein is one of seven proteins that make up the restart primosome, an apparatus that promotes assembly of replisomes at recombination intermediates and stalled replication forks.</li>
<li>Bacterial ATP-dependent DNA helicase RecG. It has a critical role in recombination and DNA repair, helping process Holliday junction intermediates to mature products by catalysing branch migration. It has a DNA unwinding activity characteristic of helicases with a 3' to 5' polarity.</li>
<li>A variety of DNA and RNA virus helicases and transcription factors</li></ul>"
1;IPR045028;"doi:10.1016/j.cell.2021.04.011
imex:IM-29278
pubmed:33961781";Helicase superfamily 1/2, DinG/Rad3-like;"<p>Helicases have been classified in 5 superfamilies (SF1-SF5). All of the proteins bind ATP and, consequently, all of them carry the classical Walker A (phosphate-binding loop or P-loop) and Walker B (Mg2+-binding aspartic acid) motifs. For the two largest groups, commonly referred to as SF1 and SF2, a total of seven characteristic motifs has been identified [[cite:PUB00004361]]. These two superfamilies encompass a large number of DNA and RNA helicases from archaea, eubacteria, eukaryotes and viruses that seem to be active as monomers or dimers. RNA and DNA helicases are considered to be enzymes that catalyse the separation of double-stranded nucleic acids in an energy-dependent manner [[cite:PUB00033619]].</p>

<p>The various structures of SF1 and SF2 helicases present a common core with two α-β RecA-like domains [[cite:PUB00033619], [cite:PUB00025034]]. The structural homology with the RecA recombination protein covers the five contiguous parallel β-strands and the tandem α-helices. ATP binds to the amino proximal α-β domain, where the Walker A (motif I) and Walker B (motif II) are found. The N-terminal domain also contains motif III (S-A-T) which was proposed to participate in linking ATPase and helicase activities. The carboxy-terminal α-β domain is structurally very similar to the proximal one even though it is bereft of an ATP-binding site, suggesting that it may have originally arisen through gene duplication of the first one.</p>

<p>Some members of helicase superfamilies 1 and 2 are listed below:</p>

<ul><li>DEAD-box RNA helicases. The prototype of DEAD-box proteins is the translation initiation factor eIF4A. The eIF4A protein is an RNA-dependent ATPase which functions together with eIF4B as an RNA helicase [[cite:PUB00033620]].</li>
<li>DEAH-box RNA helicases. Mainly pre-mRNA-splicing factor ATP-dependent RNA helicases [[cite:PUB00033620]].</li>
<li>Eukaryotic DNA repair helicase RAD3/ERCC-2, an ATP-dependent 5'-3' DNA helicase involved in nucleotide excision repair of UV-damaged DNA.</li>
<li>Eukaryotic TFIIH basal transcription factor complex helicase XPB subunit. An ATP-dependent 3'-5' DNA helicase which is a component of the core-TFIIH basal transcription factor, involved in nucleotide excision repair (NER) of DNA and, when complexed to CAK, in RNA transcription by RNA polymerase II. It acts by opening DNA either around the RNA transcription start site or the DNA.</li>
<li>Eukaryotic ATP-dependent DNA helicase Q. A DNA helicase that may play a role in the repair of DNA that is damaged by ultraviolet light or other mutagens.</li>
<li>Bacterial and eukaryotic antiviral SKI2-like helicase. SKI2 has a role in the 3'-mRNA degradation pathway, repressing dsRNA virus propagation by specifically blocking translation of viral mRNAs, perhaps recognizing the absence of CAP or poly(A).</li>
<li>Bacterial DNA-damage-inducible protein G (DinG). A probable helicase involved in DNA repair and perhaps also replication [[cite:PUB00033621]].</li>
<li>Bacterial primosomal protein N' (PriA). PriA protein is one of seven proteins that make up the restart primosome, an apparatus that promotes assembly of replisomes at recombination intermediates and stalled replication forks.</li>
<li>Bacterial ATP-dependent DNA helicase RecG. It has a critical role in recombination and DNA repair, helping process Holliday junction intermediates to mature products by catalysing branch migration. It has a DNA unwinding activity characteristic of helicases with a 3' to 5' polarity.</li>
<li>A variety of DNA and RNA virus helicases and transcription factors</li></ul>; <p>This entry includes bacterial DinG and eukaryotic Rad3 proteins, differing from other SF1 and SF2 helicases by the presence of a large insert after the Walker A motif [[cite:PUB00033621]].</p>"
1;IPR006555;"doi:10.1016/j.cell.2021.04.011
imex:IM-29278
pubmed:33961781";ATP-dependent helicase, C-terminal;"<p>This domain of unknown function is found at the C terminus of some
                ATP-dependent helicases characterised by a 'D-E-A-H' motif. This resembles the 'D-E-A-D-box' of other known helicases,
                a special version of the B motif of ATP-binding proteins however His replaces the second Asp. The DEAD
                box helicases are involved in various aspects of RNA metabolism, including nuclear transcription, pre-mRNA splicing,
                ribosome biogenesis, nucleocytoplasmic transport, translation, RNA decay and organellar gene expression.</p>"
1;IPR016130;"doi:10.1016/j.cell.2021.04.011
imex:IM-29278
pubmed:33961781";Protein-tyrosine phosphatase, active site;"<p>This entry includes proteins of two subfamilies: Ser/Thr ([ec:3.1.3.16]) and Tyr dual specificity protein phosphatase and tyrosine specific protein phosphatase ([ec:3.1.3.48]). Both of these subfamilies may also have inactive phosphatase domains, and dependent on the domain composition this loss of catalytic activity has different effects on protein function. Inactive single domain phosphatases can still specifically bind substrates, and protect against dephosphorylation, while the inactive domains of tandem phosphatases can be further subdivided into two classes. Those which bind phosphorylated tyrosine residues may recruit multi-phosphorylated substrates for the adjacent active domains and are more conserved, while the other class have accumulated several variable amino acid substitutions and have a complete loss of tyrosine binding capability. The second class shows a release of evolutionary constraint for the sites around the catalytic centre, which emphasises a difference in function from the first group. There is a region of higher conservation common to both classes, suggesting a regulatory centre [[cite:PUB00014502]].</p>

<p>Ser/Thr and Tyr dual specificity phosphatases are a group of enzymes with both Ser/Thr ([ec:3.1.3.16]) and tyrosine specific protein phosphatase ([ec:3.1.3.48]) activity able to remove both the serine/threonine or tyrosine-bound phosphate group from a wide range of phosphoproteins, including a number of enzymes which have been phosphorylated under the action of a kinase. Dual specificity protein phosphatases (DSPs) regulate mitogenic signal transduction and control the cell cycle. Tyrosine specific protein phosphatases catalyze the removal of a phosphate group attached to a tyrosine residue. They are also very important in the control of cell growth, proliferation, differentiation and transformation.</p>"
1;IPR038499;"doi:10.1016/j.cell.2021.04.011
imex:IM-29278
pubmed:33961781";BRO1 domain superfamily;"<p>The BRO1 domain is a protein domain of ~390 residues in length. It occurs in a number of eukaryotic proteins, such as yeast BRO1 and human PDCD6IP/Alix, which are involved in protein targeting to the vacuole or lysosome. The BRO1 domain of fungal and mammalian proteins binds with multivesicular body components (ESCRT-III proteins) such as yeast Snf7 and mammalian CHMP4b, and can function to target BRO1 domain-containing proteins to endosomes [[cite:PUB00021037], [cite:PUB00019524], [cite:PUB00033714]].</p>
<p>The BRO1 domain has a boomerang shape composed of 14 α-helices and 3 β-sheets. It contains a TPR-like substructure in the central part [[cite:PUB00021037]]. The C terminus is less conserved.</p>"
1;IPR029021;"doi:10.1016/j.cell.2021.04.011
imex:IM-29278
pubmed:33961781";Protein-tyrosine phosphatase-like;"<p>This superfamily represents a domain found in some protein-tyrosine phosphatases, including dual specificity phosphatases, myotubularin-like phosphatases [[cite:PUB00039007]], receptor-type tyrosine-protein phosphatases and non receptor-type tyrosine-protein phosphatases. This domain also shares structure similarity with the lipid phosphatase domain in tensin [[cite:PUB00070217]] and tensin like proteins, such as cyclin G-associated kinase (GAK) [[cite:PUB00070216]] and phoshphoinositide phosphatase PTEN (phosphatase and tensin homologue) [[cite:PUB00028325]].</p>; <p>Protein tyrosine (pTyr) phosphorylation is a common post-translational modification which can create novel recognition motifs for protein interactions and cellular localisation, affect protein stability, and regulate enzyme activity. Consequently, maintaining an appropriate level of protein tyrosine phosphorylation is essential for many cellular functions. Tyrosine-specific protein phosphatases (PTPase; [ec:3.1.3.48]) catalyse the removal of a phosphate group attached to a tyrosine residue, using a cysteinyl-phosphate enzyme intermediate. These enzymes are key regulatory components in signal transduction pathways (such as the MAP kinase pathway) and cell cycle control, and are important in the control of cell growth, proliferation, differentiation and transformation [[cite:PUB00035793], [cite:PUB00035794]]. The PTP superfamily can be divided into four subfamilies [[cite:PUB00035795]]:</p>

<ul>
<li>(1) pTyr-specific phosphatases</li>
<li>(2) dual specificity phosphatases (dTyr and dSer/dThr)</li>
<li>(3) Cdc25 phosphatases (dTyr and/or dThr)</li>
<li>(4) LMW (low molecular weight) phosphatases</li>
</ul>

<p>Based on their cellular localisation, PTPases are also classified as:</p>

<ul>
<li>Receptor-like, which are transmembrane receptors that contain PTPase domains [[cite:PUB00035796]]</li>
<li>Non-receptor (intracellular) PTPases [[cite:PUB00035797]]</li>
</ul>

<p>All PTPases carry the highly conserved active site motif C(X)5R (PTP signature motif), employ a common catalytic mechanism, and share a similar core structure made of a central parallel β-sheet with flanking α-helices containing a β-loop-α-loop that encompasses the PTP signature motif [[cite:PUB00035798]]. Functional diversity between PTPases is endowed by regulatory domains and subunits.</p>"
1;IPR004328;"doi:10.1016/j.cell.2021.04.011
imex:IM-29278
pubmed:33961781";BRO1 domain;"<p>The BRO1 domain is a protein domain of ~390 residues in length. It occurs in a number of eukaryotic proteins, such as yeast BRO1 and human PDCD6IP/Alix, which are involved in protein targeting to the vacuole or lysosome. The BRO1 domain of fungal and mammalian proteins binds with multivesicular body components (ESCRT-III proteins) such as yeast Snf7 and mammalian CHMP4b, and can function to target BRO1 domain-containing proteins to endosomes [[cite:PUB00021037], [cite:PUB00019524], [cite:PUB00033714]].</p>
<p>The BRO1 domain has a boomerang shape composed of 14 α-helices and 3 β-sheets. It contains a TPR-like substructure in the central part [[cite:PUB00021037]]. The C terminus is less conserved.</p>"
1;IPR000387;"doi:10.1016/j.cell.2021.04.011
imex:IM-29278
pubmed:33961781";Tyrosine-specific protein phosphatases domain;"<p>Tyrosine specific protein phosphatases (PTPases) contain two conserved cysteines, the second one has been shown to be absolutely required for activity. This entry represents the PTPase domain that centre on the active site cysteine. A number of conserved residues in its immediate vicinity have also been shown to be important.</p>; <p>Protein tyrosine (pTyr) phosphorylation is a common post-translational modification which can create novel recognition motifs for protein interactions and cellular localisation, affect protein stability, and regulate enzyme activity. Consequently, maintaining an appropriate level of protein tyrosine phosphorylation is essential for many cellular functions. Tyrosine-specific protein phosphatases (PTPase; [ec:3.1.3.48]) catalyse the removal of a phosphate group attached to a tyrosine residue, using a cysteinyl-phosphate enzyme intermediate. These enzymes are key regulatory components in signal transduction pathways (such as the MAP kinase pathway) and cell cycle control, and are important in the control of cell growth, proliferation, differentiation and transformation [[cite:PUB00035793], [cite:PUB00035794]]. The PTP superfamily can be divided into four subfamilies [[cite:PUB00035795]]:</p>

<ul>
<li>(1) pTyr-specific phosphatases</li>
<li>(2) dual specificity phosphatases (dTyr and dSer/dThr)</li>
<li>(3) Cdc25 phosphatases (dTyr and/or dThr)</li>
<li>(4) LMW (low molecular weight) phosphatases</li>
</ul>

<p>Based on their cellular localisation, PTPases are also classified as:</p>

<ul>
<li>Receptor-like, which are transmembrane receptors that contain PTPase domains [[cite:PUB00035796]]</li>
<li>Non-receptor (intracellular) PTPases [[cite:PUB00035797]]</li>
</ul>

<p>All PTPases carry the highly conserved active site motif C(X)5R (PTP signature motif), employ a common catalytic mechanism, and share a similar core structure made of a central parallel β-sheet with flanking α-helices containing a β-loop-α-loop that encompasses the PTP signature motif [[cite:PUB00035798]]. Functional diversity between PTPases is endowed by regulatory domains and subunits.</p>"
1;IPR000242;"doi:10.1016/j.cell.2021.04.011
imex:IM-29278
pubmed:33961781";Tyrosine-specific protein phosphatase, PTPase domain;"<p>This entry represents the PTPase domain found in several tyrosine-specific protein phosphatases (PTPases).</p>

<p>Structurally, all known receptor PTPases, are made up of a variable length extracellular domain, followed by a transmembrane region and a C-terminal catalytic cytoplasmic domain. Some of the receptor PTPases contain fibronectin type III (FN-III) repeats, immunoglobulin-like domains, MAM domains or carbonic anhydrase-like domains in their extracellular region. The cytoplasmic region generally contains two copies of the PTPase domain. The first seems to have enzymatic activity, while the second is inactive. The inactive domains of tandem phosphatases can be divided into two classes. Those which bind phosphorylated tyrosine residues may recruit multi-phosphorylated substrates for the adjacent active domains and are more conserved, while the other class have accumulated several variable amino acid substitutions and have a complete loss of tyrosine binding capability. The second class shows a release of evolutionary constraint for the sites around the catalytic centre, which emphasises a difference in function from the first group. There is a region of higher conservation common to both classes, suggesting a new regulatory centre [[cite:PUB00014502]]. PTPase domains consist of about 300 amino acids. There are two conserved cysteines, the second one has been shown to be absolutely required for activity. Furthermore, a number of conserved residues in its immediate vicinity have also been shown to be important.</p>; <p>Protein tyrosine (pTyr) phosphorylation is a common post-translational modification which can create novel recognition motifs for protein interactions and cellular localisation, affect protein stability, and regulate enzyme activity. Consequently, maintaining an appropriate level of protein tyrosine phosphorylation is essential for many cellular functions. Tyrosine-specific protein phosphatases (PTPase; [ec:3.1.3.48]) catalyse the removal of a phosphate group attached to a tyrosine residue, using a cysteinyl-phosphate enzyme intermediate. These enzymes are key regulatory components in signal transduction pathways (such as the MAP kinase pathway) and cell cycle control, and are important in the control of cell growth, proliferation, differentiation and transformation [[cite:PUB00035793], [cite:PUB00035794]]. The PTP superfamily can be divided into four subfamilies [[cite:PUB00035795]]:</p>

<ul>
<li>(1) pTyr-specific phosphatases</li>
<li>(2) dual specificity phosphatases (dTyr and dSer/dThr)</li>
<li>(3) Cdc25 phosphatases (dTyr and/or dThr)</li>
<li>(4) LMW (low molecular weight) phosphatases</li>
</ul>

<p>Based on their cellular localisation, PTPases are also classified as:</p>

<ul>
<li>Receptor-like, which are transmembrane receptors that contain PTPase domains [[cite:PUB00035796]]</li>
<li>Non-receptor (intracellular) PTPases [[cite:PUB00035797]]</li>
</ul>

<p>All PTPases carry the highly conserved active site motif C(X)5R (PTP signature motif), employ a common catalytic mechanism, and share a similar core structure made of a central parallel β-sheet with flanking α-helices containing a β-loop-α-loop that encompasses the PTP signature motif [[cite:PUB00035798]]. Functional diversity between PTPases is endowed by regulatory domains and subunits.</p>"
1;IPR025304;"doi:10.1016/j.cell.2021.04.011
imex:IM-29278
pubmed:33961781";ALIX V-shaped domain;<p>The binding of the LYPxL motif of late HIV p6Gag and EIAV p9Gag to this domain is necessary for viral budding. In ALIX, a component of the ESCRT pathway, this domain is central between an N-terminal Bro1 domain ([pfam:PF03097]) and a C-terminal proline-rich domain. The ALIX central domain is formed by two three-helix bundles disposed in a V shape [[cite:PUB00042168], [cite:PUB00042214]]. Retroviruses thus used this domain to hijack the ESCRT system of the cell [[cite:PUB00049203]].</p>
1;IPR003595;"doi:10.1016/j.cell.2021.04.011
imex:IM-29278
pubmed:33961781";Protein-tyrosine phosphatase, catalytic;"<p>This entry represents the PTP-signature motif that characterises the catalytic site, and which encompasses only part of the PTPase domain structure.</p>; <p>Protein tyrosine (pTyr) phosphorylation is a common post-translational modification which can create novel recognition motifs for protein interactions and cellular localisation, affect protein stability, and regulate enzyme activity. Consequently, maintaining an appropriate level of protein tyrosine phosphorylation is essential for many cellular functions. Tyrosine-specific protein phosphatases (PTPase; [ec:3.1.3.48]) catalyse the removal of a phosphate group attached to a tyrosine residue, using a cysteinyl-phosphate enzyme intermediate. These enzymes are key regulatory components in signal transduction pathways (such as the MAP kinase pathway) and cell cycle control, and are important in the control of cell growth, proliferation, differentiation and transformation [[cite:PUB00035793], [cite:PUB00035794]]. The PTP superfamily can be divided into four subfamilies [[cite:PUB00035795]]:</p>

<ul>
<li>(1) pTyr-specific phosphatases</li>
<li>(2) dual specificity phosphatases (dTyr and dSer/dThr)</li>
<li>(3) Cdc25 phosphatases (dTyr and/or dThr)</li>
<li>(4) LMW (low molecular weight) phosphatases</li>
</ul>

<p>Based on their cellular localisation, PTPases are also classified as:</p>

<ul>
<li>Receptor-like, which are transmembrane receptors that contain PTPase domains [[cite:PUB00035796]]</li>
<li>Non-receptor (intracellular) PTPases [[cite:PUB00035797]]</li>
</ul>

<p>All PTPases carry the highly conserved active site motif C(X)5R (PTP signature motif), employ a common catalytic mechanism, and share a similar core structure made of a central parallel β-sheet with flanking α-helices containing a β-loop-α-loop that encompasses the PTP signature motif [[cite:PUB00035798]]. Functional diversity between PTPases is endowed by regulatory domains and subunits.</p>"
1;IPR045142;"doi:10.1016/j.cell.2021.04.011
imex:IM-29278
pubmed:33961781";BCAS3-like;"<p>This entry includes BCAS3 microtubule associated cell migration factor (BCAS3) from animals and AT18F/G/H from Arabidopsis. BCAS3 is a microtubule associated cell migration factor that has been linked to the development of breast cancer and angiogenesis [[cite:PUB00089259]]. It forms a complex with PHAF1 and associates with the preautophagosomal structure during both non-selective and selective autophagy [[cite:PUB00097858]].</p>

<p>AT18F/G/H are linked to autophagy [[cite:PUB00098125]].</p>"
1;IPR036322;"doi:10.1016/j.cell.2021.04.011
imex:IM-29278
pubmed:33961781";WD40-repeat-containing domain superfamily;"<p>This entry identifies a domain superfamily containing adjacent WD repeats. These WD repeats are located on β-sheets (blades) that fold into a higher order  structure called β-propeller.</p>; <p>WD-40 repeats (also known as WD or β-transducin repeats) are short ~40 amino acid motifs, often terminating in a Trp-Asp (W-D) dipeptide. WD40 repeats usually assume a 7-8 bladed β-propeller fold, but proteins have been found with 4 to 16 repeated units, which also form a circularised β-propeller structure. WD-repeat proteins are a large family found in all eukaryotes and are implicated in a variety of functions ranging from signal transduction and transcription regulation to cell cycle control and apoptosis. Repeated WD40 motifs act as a site for protein-protein or protein-DNA  interaction, and proteins containing WD40 repeats are known to serve as platforms for the assembly of protein complexes or mediators of transient interplay among other proteins [[cite:PUB00094364]]. The specificity of the proteins is determined by the sequences outside the repeats themselves. Examples of such complexes are G proteins (beta subunit is a β-propeller), TAFII transcription factor, and E3 ubiquitin ligase [[cite:PUB00015237], [cite:PUB00005491]]. In Arabidopsis spp., several WD40-containing proteins act as key regulators of plant-specific developmental events.</p>"
1;IPR048382;"doi:10.1016/j.cell.2021.04.011
imex:IM-29278
pubmed:33961781";BCAS3, WD40 domain;"<p>This is the WD40 repeat domain of BCAS3, which directly binds phosphatidylinositol-3-phosphate [[cite:PUB00097858]]. This domain is also found in ATG18-like proteins from Arabidopsis.</p>; <p>BCAS3 microtubule associated cell migration factor (BCAS3, also known as Rhudira in mice) is involved in angiogenesis and metastasis [[cite:PUB00097858], [cite:PUB00151587]]. It participates in the regulation of cell polarity and directional endothelial cell migration by mediating both the activation and recruitment of CDC42 and and the reorganisation of the actin cytoskeleton at the cell leading edge [[cite:PUB00151587]]. BCAS3 plays a regulatory role in autophagic activity; it forms a complex with PHAF1 (C16orf70) which associates with the  preautophagosomal structure during both non-selective and selective autophagy [[cite:PUB00097858]].</p>"
1;IPR015943;"doi:10.1016/j.cell.2021.04.011
imex:IM-29278
pubmed:33961781";WD40/YVTN repeat-like-containing domain superfamily;<p>This superfamily represents a WD40/YVTN repeat-like domain. Both the WD40 and the YVTN repeated motifs consist of about 40 residues, and although they consist of distinct sequences, they do share a similar structure. Structurally, both the WD40 and the YVTN repeated motifs form seven-bladed propellers (although some members can contain eight blades), which consist of seven 4-stranded β-sheets.</p>
1;IPR022175;"doi:10.1016/j.cell.2021.04.011
imex:IM-29278
pubmed:33961781";BCAS3 domain;"<p>This domain is found towards the C-terminal of BCAS3 and ATG18-like proteins from plants. In BCAS3, this domain seems to be important for PHAF1 interactions [[cite:PUB00097858]].</p>; <p>This entry includes BCAS3 microtubule associated cell migration factor (BCAS3) from animals and AT18F/G/H from Arabidopsis. BCAS3 is a microtubule associated cell migration factor that has been linked to the development of breast cancer and angiogenesis [[cite:PUB00089259]]. It forms a complex with PHAF1 and associates with the preautophagosomal structure during both non-selective and selective autophagy [[cite:PUB00097858]].</p>

<p>AT18F/G/H are linked to autophagy [[cite:PUB00098125]].</p>"
1;IPR011009;"doi:10.1016/j.cell.2021.04.011
imex:IM-29278
pubmed:33961781";Protein kinase-like domain superfamily;"<p>This entry represents the protein kinase domain superfamily containing the catalytic function of protein kinases. This domain is found in serine/threonine-protein kinases, tyrosine-protein kinases and dual-specificity protein kinases. Protein kinases ([interpro:IPR000719]) modify other proteins by chemically adding phosphate groups to them. This process is fundamental to most signalling and regulatory processes in the eukaryotic cell [[cite:PUB00014025]].</p>; <p>Eukaryotic protein kinases [[cite:PUB00003569], [cite:PUB00005115], [cite:PUB00015293], [cite:PUB00001530], [cite:PUB00003568]] are enzymes that belong to a very extensive family of proteins which share a conserved catalytic core common with both serine/threonine and tyrosine protein kinases. There are a number of conserved regions in the catalytic domain of protein kinases. In the N-terminal extremity of the catalytic domain there is a glycine-rich stretch of residues in the vicinity of a lysine residue, which has been shown to be involved in ATP binding. In the central part of the catalytic domain there is a conserved aspartic acid residue which is important for the catalytic activity of the enzyme [[cite:PUB00005145]].</p>; <p>Protein phosphorylation, which plays a key role in most cellular activities, is a reversible process mediated by protein kinases and phosphoprotein phosphatases. Protein kinases catalyse the transfer of the gamma phosphate from nucleotide triphosphates (often ATP) to one or more amino acid residues in a protein substrate side chain, resulting in a conformational change affecting protein function. Phosphoprotein phosphatases catalyse the reverse process. 
Protein kinases fall into three broad classes, characterised with respect to substrate specificity [[cite:PUB00005115]]:</p>

<ul>
<li>Serine/threonine-protein kinases</li>
<li>Tyrosine-protein kinases</li>
<li>Dual specificity protein kinases (e.g. MEK -phosphorylates both Thr and Tyr on target proteins)</li>
</ul>

<p>Protein kinase function is evolutionarily conserved from Escherichia coli to human [[cite:PUB00020114]]. Protein kinases play a role in a multitude of cellular processes, including division, proliferation, apoptosis, and differentiation [[cite:PUB00015362]]. Phosphorylation usually results in a functional change of the target protein by changing enzyme activity, cellular location, or association with other proteins. The catalytic subunits of protein kinases are highly conserved, and several structures have been solved [[cite:PUB00034898]], leading to large screens to develop kinase-specific inhibitors for the treatments of a number of diseases [[cite:PUB00034899]].</p>"
1;IPR051511;"doi:10.1016/j.cell.2021.04.011
imex:IM-29278
pubmed:33961781";Mitochondrial Quality Control and Scaffold Kinases;<p>The protein family includes both catalytically inactive kinases acting as scaffold proteins and active serine/threonine-protein kinases involved in mitochondrial quality control. The inactive kinases function as effectors of small GTPases, regulate cell morphology and motility, and coactivate Notch signaling. The active kinases protect against mitochondrial dysfunction by phosphorylating mitochondrial proteins, coordinating removal and replacement of damaged components, and facilitating mitophagy. They also regulate mitochondrial dynamics, promote mitochondrial fission, and are involved in mitochondrial biogenesis and localized repair.</p>
1;IPR008266;"doi:10.1016/j.cell.2021.04.011
imex:IM-29278
pubmed:33961781";Tyrosine-protein kinase, active site;"<p>This entry represents the tyrosine protein kinase active site. It also matches a number of proteins belonging to the atypical serine/threonine protein kinase BUD32 family, which lack the conventional structural elements necessary for the substrate recognition and also lack the lysine residue that in all other serine/threonine kinases participates in the catalytic event.</p>; <p>Tyrosine-protein kinases can transfer a phosphate group from ATP to a tyrosine residue in a protein. These enzymes can be divided into two main groups [[cite:PUB00020114]]:</p>

<ul>
<li>Receptor tyrosine kinases (RTK), which are transmembrane proteins involved in signal transduction; they play key roles in growth, differentiation, metabolism, adhesion, motility, death and oncogenesis [[cite:PUB00052410]]. RTKs are composed of 3 domains: an extracellular domain (binds ligand), a transmembrane (TM) domain, and an intracellular catalytic domain (phosphorylates substrate). The TM domain plays an important role in the dimerisation process necessary for signal transduction [[cite:PUB00052411]].</li>
<li>Cytoplasmic/non-receptor tyrosine kinases, which act as regulatory proteins, playing key roles in cell differentiation, motility, proliferation, and survival. For example, the Src-family of protein-tyrosine kinases [[cite:PUB00052412]].</li>
</ul>; <p>Protein phosphorylation, which plays a key role in most cellular activities, is a reversible process mediated by protein kinases and phosphoprotein phosphatases. Protein kinases catalyse the transfer of the gamma phosphate from nucleotide triphosphates (often ATP) to one or more amino acid residues in a protein substrate side chain, resulting in a conformational change affecting protein function. Phosphoprotein phosphatases catalyse the reverse process. 
Protein kinases fall into three broad classes, characterised with respect to substrate specificity [[cite:PUB00005115]]:</p>

<ul>
<li>Serine/threonine-protein kinases</li>
<li>Tyrosine-protein kinases</li>
<li>Dual specificity protein kinases (e.g. MEK -phosphorylates both Thr and Tyr on target proteins)</li>
</ul>

<p>Protein kinase function is evolutionarily conserved from Escherichia coli to human [[cite:PUB00020114]]. Protein kinases play a role in a multitude of cellular processes, including division, proliferation, apoptosis, and differentiation [[cite:PUB00015362]]. Phosphorylation usually results in a functional change of the target protein by changing enzyme activity, cellular location, or association with other proteins. The catalytic subunits of protein kinases are highly conserved, and several structures have been solved [[cite:PUB00034898]], leading to large screens to develop kinase-specific inhibitors for the treatments of a number of diseases [[cite:PUB00034899]].</p>"
1;IPR000719;"doi:10.1016/j.cell.2021.04.011
imex:IM-29278
pubmed:33961781";Protein kinase domain;"<p>This entry represents the protein kinase domain containing the catalytic function of protein kinases [[cite:PUB00003569]]. This domain is found in serine/threonine-protein kinases, tyrosine-protein kinases and dual specificity protein kinases.</p>; <p>Eukaryotic protein kinases [[cite:PUB00003569], [cite:PUB00005115], [cite:PUB00015293], [cite:PUB00001530], [cite:PUB00003568]] are enzymes that belong to a very extensive family of proteins which share a conserved catalytic core common with both serine/threonine and tyrosine protein kinases. There are a number of conserved regions in the catalytic domain of protein kinases. In the N-terminal extremity of the catalytic domain there is a glycine-rich stretch of residues in the vicinity of a lysine residue, which has been shown to be involved in ATP binding. In the central part of the catalytic domain there is a conserved aspartic acid residue which is important for the catalytic activity of the enzyme [[cite:PUB00005145]].</p>; <p>Protein phosphorylation, which plays a key role in most cellular activities, is a reversible process mediated by protein kinases and phosphoprotein phosphatases. Protein kinases catalyse the transfer of the gamma phosphate from nucleotide triphosphates (often ATP) to one or more amino acid residues in a protein substrate side chain, resulting in a conformational change affecting protein function. Phosphoprotein phosphatases catalyse the reverse process. 
Protein kinases fall into three broad classes, characterised with respect to substrate specificity [[cite:PUB00005115]]:</p>

<ul>
<li>Serine/threonine-protein kinases</li>
<li>Tyrosine-protein kinases</li>
<li>Dual specificity protein kinases (e.g. MEK -phosphorylates both Thr and Tyr on target proteins)</li>
</ul>

<p>Protein kinase function is evolutionarily conserved from Escherichia coli to human [[cite:PUB00020114]]. Protein kinases play a role in a multitude of cellular processes, including division, proliferation, apoptosis, and differentiation [[cite:PUB00015362]]. Phosphorylation usually results in a functional change of the target protein by changing enzyme activity, cellular location, or association with other proteins. The catalytic subunits of protein kinases are highly conserved, and several structures have been solved [[cite:PUB00034898]], leading to large screens to develop kinase-specific inhibitors for the treatments of a number of diseases [[cite:PUB00034899]].</p>"
1;IPR050408;"imex:IM-25472
pubmed:32296183";Hypoxanthine-guanine phosphoribosyltransferase;<p>The Hypoxanthine-guanine phosphoribosyltransferase (HGPRT) family includes enzymes that play a central role in the purine salvage pathway. Members of this family catalyze the transfer of the ribosyl-5-phosphate group from 5-phospho-alpha-D-ribose 1-diphosphate (PRPP) to the N9 position of the 6-oxopurines hypoxanthine and guanine, resulting in the formation of the ribonucleotides inosine 5'-monophosphate (IMP) and guanosine 5'-monophosphate (GMP), respectively, with the concurrent release of pyrophosphate (PPi). Some family members also act on xanthine to produce xanthine monophosphate (XMP). These reactions are essential for recycling purines and contribute to the nucleotide pool necessary for DNA and RNA synthesis. The activity of these enzymes is critical for organisms that rely on purine salvage due to the absence of de novo purine synthesis pathways.</p>
1;IPR005904;"imex:IM-25472
pubmed:32296183";Hypoxanthine phosphoribosyl transferase;<p>Phosphoribosyltransferases (PRT) are enzymes that catalyze the synthesis of beta-n-5'-monophosphates from phosphoribosylpyrophosphate (PRPP) and an enzyme specific amine. A number of PRT's are involved in the biosynthesis of purine, pyrimidine, and pyridine nucleotides, or in the salvage of purines and pyrimidines. Purine nucleotides are synthesized both via the de novo pathway and via the salvage pathway and are vital for cell functions and cell proliferation through DNA and RNA syntheses and ATP energy supply.</p>
1;IPR004827;"doi:10.1016/j.cell.2021.04.011
imex:IM-29278
pubmed:33961781";Basic-leucine zipper domain;"<p>The basic-leucine zipper (bZIP) domain transcription factors [[cite:PUB00004967]] of eukaryotic are proteins that contain a basic region mediating sequence-specific DNA-binding followed by a leucine zipper region required for dimerisation.</p>

<p>Several structure of bZIP have been solved. The basic region and the leucine zipper form a contiguous α-helix where the four hydrophobic residues of the leucine zipper are oriented on one side. This conformation allows dimerisation in parallel and it bends the helices so that the newly functional dimer forms a flexible fork where the basic domains, at the N-terminal open end, can then interact with DNA. The two leucine zipper are therefore oriented perpendicular to the DNA [[cite:PUB00017872]].</p>"
1;IPR046347;"doi:10.1016/j.cell.2021.04.011
imex:IM-29278
pubmed:33961781";Basic-leucine zipper domain superfamily;"<p>The basic-leucine zipper (bZIP) domain transcription factors [[cite:PUB00004967]] of eukaryotic are proteins that contain a basic region mediating sequence-specific DNA-binding followed by a leucine zipper region required for dimerisation.</p>

<p>Several structure of bZIP have been solved. The basic region and the leucine zipper form a contiguous α-helix where the four hydrophobic residues of the leucine zipper are oriented on one side. This conformation allows dimerisation in parallel and it bends the helices so that the newly functional dimer forms a flexible fork where the basic domains, at the N-terminal open end, can then interact with DNA. The two leucine zipper are therefore oriented perpendicular to the DNA [[cite:PUB00017872]].</p>"
1;IPR041147;"doi:10.1016/j.cell.2021.04.011
imex:IM-29278
pubmed:33961781";Glycosyl hydrolases family 38, C-terminal domain;<p>This domain is found at the C-terminal end of various glycosyl hydrolases belonging to family 38. The domain has a β sandwich fold.</p>
1;IPR015341;"doi:10.1016/j.cell.2021.04.011
imex:IM-29278
pubmed:33961781";Glycoside hydrolase family 38, central domain;"<p>This entry represents a domain found in members of the glycosyl hydrolases families 38. This domain is found in the central region that adopts a structure consisting of three α helices, in an immunoglobulin/albumin-binding domain-like fold. The domain is predominantly found in the enzyme alpha-mannosidase [[cite:PUB00022319]].</p>; <p>Glycoside hydrolase family 38 [cazy:GH38]  comprises enzymes with only one known activity; alpha-mannosidase ([ec:3.2.1.24]) ([ec:3.2.1.114]).</p>

<p>Lysosomal alpha-mannosidase is necessary for the catabolism of N-linked carbohydrates released during glycoprotein turnover. The enzyme catalyses the hydrolysis of terminal, non-reducing alpha-D-mannose residues in alpha-D-mannosides, and can cleave all known types of alpha-mannosidic linkages. Defects in the gene cause lysosomal alpha-mannosidosis (AM), a lysosomal storage disease characterised by the accumulation of unbranched oligo-saccharide chains.</p>"
1;IPR011013;"doi:10.1016/j.cell.2021.04.011
imex:IM-29278
pubmed:33961781";Galactose mutarotase-like domain superfamily;"<p>Proteins with this domain belong to the galactose mutarotase-like structural superfamily.
The domain has a distorted supersandwich structure consisting of 18 strands in two sheets, and probably functions to bind carbohydrates in enzymes that act on sugars. Domains with this structure occur in several protein families, including galactose mutarotase ([ec:5.1.3.3]) [[cite:PUB00010717]]; domain 5 of beta-galactosidase ([ec:3.2.1.23]); domain 2 of Isomaltosyltransferase ([ec:2.4.1.387]); the central domain of hyaluronate lyase-like enzymes, such as chondroitinase AC ([ec:4.2.2.5]), xanthan lyase ([ec:4.2.2.12]), chrondroitin ABC lyase I, and hyaluronate lyase ([ec:4.2.2.1]) itself [[cite:PUB00014072]]; the N-terminal domain of lactobacillus maltose phosphorylase ([ec:2.4.1.8]), 6-glucosyltransferase ([ec:2.4.1.24]) and bacterial glucoamylase ([ec:3.2.1.3]) [[cite:PUB00008368], [cite:PUB00014073]]; the C-terminal domain of eukaryotic alpha-mannosidase ([ec:3.2.1.24]) and archaeon 4-alpha-glucanotransferase ([ec:2.4.1.25]) [[cite:PUB00014074]].</p>"
1;IPR027291;"doi:10.1016/j.cell.2021.04.011
imex:IM-29278
pubmed:33961781";Glycoside hydrolase 38, N-terminal domain superfamily;"<p>This superfamily represents a structural domain found in glycoside hydrolase families 38 ([cazy:GH38], e.g. alpha-mannosidase) [[cite:PUB00030417]].</p>; <p>O-Glycosyl hydrolases ([ec:3.2.1.]) are a widespread group of enzymes that hydrolyse the glycosidic bond between two or more carbohydrates, or between a carbohydrate and a non-carbohydrate moiety. A classification system for glycosyl hydrolases, based on sequence similarity, has led to the definition of 85 different families [[cite:PUB00004870], [cite:PUB00005266]]. This classification is available on the CAZy (CArbohydrate-Active EnZymes) website.</p>; <p>Glycoside hydrolase family 38 [cazy:GH38]  comprises enzymes with only one known activity; alpha-mannosidase ([ec:3.2.1.24]) ([ec:3.2.1.114]).</p>

<p>Lysosomal alpha-mannosidase is necessary for the catabolism of N-linked carbohydrates released during glycoprotein turnover. The enzyme catalyses the hydrolysis of terminal, non-reducing alpha-D-mannose residues in alpha-D-mannosides, and can cleave all known types of alpha-mannosidic linkages. Defects in the gene cause lysosomal alpha-mannosidosis (AM), a lysosomal storage disease characterised by the accumulation of unbranched oligo-saccharide chains.</p>"
1;IPR011682;"doi:10.1016/j.cell.2021.04.011
imex:IM-29278
pubmed:33961781";Glycosyl hydrolase family 38, C-terminal;"<p>Glycoside hydrolase family 38 [cazy:GH38]  comprises enzymes with only one known activity; alpha-mannosidase ([ec:3.2.1.24]) ([ec:3.2.1.114]). This domain is found at the C terminus of glycosyl hydrolases from family 38.</p>; <p>O-Glycosyl hydrolases ([ec:3.2.1.]) are a widespread group of enzymes that hydrolyse the glycosidic bond between two or more carbohydrates, or between a carbohydrate and a non-carbohydrate moiety. A classification system for glycosyl hydrolases, based on sequence similarity, has led to the definition of 85 different families [[cite:PUB00004870], [cite:PUB00005266]]. This classification is available on the CAZy (CArbohydrate-Active EnZymes) website.</p>"
1;IPR000602;"doi:10.1016/j.cell.2021.04.011
imex:IM-29278
pubmed:33961781";Glycoside hydrolase family 38, N-terminal domain;"<p>O-Glycosyl hydrolases ([ec:3.2.1.]) are a widespread group of enzymes that hydrolyse the glycosidic bond between two or more carbohydrates, or between a carbohydrate and a non-carbohydrate moiety. A classification system for glycosyl hydrolases, based on sequence similarity, has led to the definition of 85 different families [[cite:PUB00004870], [cite:PUB00005266]]. This classification is available on the CAZy (CArbohydrate-Active EnZymes) website.</p>; <p>Glycoside hydrolase family 38 [cazy:GH38]  comprises enzymes with only one known activity; alpha-mannosidase ([ec:3.2.1.24]) ([ec:3.2.1.114]).</p>

<p>Lysosomal alpha-mannosidase is necessary for the catabolism of N-linked carbohydrates released during glycoprotein turnover. The enzyme catalyses the hydrolysis of terminal, non-reducing alpha-D-mannose residues in alpha-D-mannosides, and can cleave all known types of alpha-mannosidic linkages. Defects in the gene cause lysosomal alpha-mannosidosis (AM), a lysosomal storage disease characterised by the accumulation of unbranched oligo-saccharide chains.</p>; <p>This entry represents the N-terminal domain of the glycoside hydrolase 38 family protein.</p>"
1;IPR054723;"doi:10.1016/j.cell.2021.04.011
imex:IM-29278
pubmed:33961781";Alpha-mannosidase Ams1-like, N-terminal;"<p>This domain is found at the N-terminal of Alpha-mannosidase from Schizosaccharomyces pombe (Ams1) and its orthologues from eukaryotes including alpha-mannosidase 2C1 [[cite:PUB00129147]] from vertebrates and alpha-mannosidase G from Dictyostelium discoideum. Ams1 hydrolyses terminal alpha-linked mannoses in free oligosaccharides released from misfolded glycoproteins or lipid-linked oligosaccharide donors. This entry represents the jelly-roll domain [[cite:PUB00153805]].</p>

<p>This entry also includes domains from a number of uncharacterised bacterial proteins that share very similar domain composition with the aforementioned proteins.</p>"
1;IPR011330;"doi:10.1016/j.cell.2021.04.011
imex:IM-29278
pubmed:33961781";Glycoside hydrolase/deacetylase, beta/alpha-barrel;<p>This superfamily represents a structural domain found in glycoside hydrolase family 38 ([cazy:GH38], e.g. alpha-mannosidase) [[cite:PUB00030417]] and 57 ([cazy:GH57], e.g. 4-alpha-glucanotransferase, N-terminal) [[cite:PUB00014074]], as well as in NodB-like polysaccharide deacetylase and in some hypothetical proteins (e.g. TT1467, N-terminal domain). This domain consists of a 7-stranded β/α barrel, although in some families the β-barrels may be distorted and may vary in the number of strands.</p>
1;IPR037094;"doi:10.1016/j.cell.2021.04.011
imex:IM-29278
pubmed:33961781";Glycoside hydrolase family 38, central domain superfamily;"<p>This entry represents a domain superfamily found in members of the glycosyl hydrolases families 38. This domain is found in the central region that adopts a structure consisting of three α helices, in an immunoglobulin/albumin-binding domain-like fold. The domain is predominantly found in the enzyme alpha-mannosidase [[cite:PUB00022319]].</p>; <p>Glycoside hydrolase family 38 [cazy:GH38]  comprises enzymes with only one known activity; alpha-mannosidase ([ec:3.2.1.24]) ([ec:3.2.1.114]).</p>

<p>Lysosomal alpha-mannosidase is necessary for the catabolism of N-linked carbohydrates released during glycoprotein turnover. The enzyme catalyses the hydrolysis of terminal, non-reducing alpha-D-mannose residues in alpha-D-mannosides, and can cleave all known types of alpha-mannosidic linkages. Defects in the gene cause lysosomal alpha-mannosidosis (AM), a lysosomal storage disease characterised by the accumulation of unbranched oligo-saccharide chains.</p>"
1;IPR028995;"doi:10.1016/j.cell.2021.04.011
imex:IM-29278
pubmed:33961781";Glycoside hydrolase families 57/38, central domain superfamily;<p>This superfamily represents a domain found in members of the glycosyl hydrolases families 57 and 38 [[cite:PUB00014074], [cite:PUB00022319]]. This central domain adopts a structure consisting of three α helices and forms an immunoglobulin/albumin-binding domain-like fold. This domain can also be found in the C-terminal of the Alpha-amylase AmyC protein.</p>
1;IPR006083;"doi:10.1016/j.cell.2021.04.011
imex:IM-29278
pubmed:33961781";Phosphoribulokinase/uridine kinase;<p>Phosphoribulokinase (PRK) [ec:2.7.1.19] catalyses the ATP-dependent phosphorylation of ribulose-5-phosphate to ribulose-1,5-phosphate, a key step in the pentose phosphate pathway where carbon dioxide is assimilated by autotrophic organisms [[cite:PUB00000332]]. In general, plant enzymes are light-activated by the thioredoxin/ferredoxin system, while those from photosynthetic bacteria are regulated by a system that has an absolute requirement for NADH. Thioredoxin/ferredoxin regulation is mediated by the reversible oxidation/reduction of sulphydryl and disulphide groups.</p>
1;IPR000764;"doi:10.1016/j.cell.2021.04.011
imex:IM-29278
pubmed:33961781";Uridine kinase-like;<p>This entry represents the uridine kinase like proteins.</p>
1;IPR004123;"doi:10.1016/j.cell.2021.04.011
imex:IM-29278
pubmed:33961781";Dim1 family;"<p>This entry represents fission yeast Dim1 and its homologues, including Dib1 from budding yeasts, YLS8 from plants and TXNL4 from animals. Dim1 was originally identified as a mitosis protein [[cite:PUB00075149]]. Later, it was found to interact with spliceosome component Prp6, which is involved in pre-mRNA splicing [[cite:PUB00075151]]. Dim1 may act at the level of mRNA, which impacts the functioning of the APC/C, a critical complex in controlling mitotic progression [[cite:PUB00075152]].</p>

<p>It's worth noting that although the Dim proteins exhibit a thioredoxin-like fold, they lack the disulfide bond required for the thioredoxin redox activity [[cite:PUB00075153]].</p>"
1;IPR036249;"doi:10.1016/j.cell.2021.04.011
imex:IM-29278
pubmed:33961781";Thioredoxin-like superfamily;"<p>This entry represents the Thioredoxin-like superfamily which brings together a diverse group of proteins that play crucial roles in various cellular processes, particularly in redox reactions [[cite:PUB00160392], [cite:PUB00160393]]. This superfamily is characterised by two key features:</p>

<ul><li>A conserved Cys-X-X-Cys (CXXC) motif at the active site, located at the N-terminal of an α-helix.</li>
<li>A distinctive structural fold known as the ""thioredoxin fold,"" consisting of a central four-stranded mixed β-sheet, surrounded by α-helices, with a strand order: 2134 in which strand 3 is antiparallel to the others.</li></ul>

<p>In a redox reaction, the side chains of the two cysteines in this active site motif can switch from the free thiol (SH) form to a disulphide bond (S-S) and/or back and hence donate or accept electrons. The preference for electron donation or acceptance, along with the cellular redox context, determines the biological function of each protein.</p>; <p>Several biological processes regulate the activity of target proteins through changes in the redox state of thiol groups (S2 to SH2), where a hydrogen donor is linked to an intermediary disulphide protein. Such processes include the ferredoxin/thioredoxin system, the NADP/thioredoxin system, and the glutathione/glutaredoxin system [[cite:PUB00016292]]. Several of these disulphide proteins share a common structure, consisting of a three-layer α/β/α core. Proteins that contain domains with a thioredoxin-like fold include:</p>

<ul>
<li>Arsenate reductase (ArsC) [[cite:PUB00025947]]</li>
<li>Calsequestrin (contains three tandem repeats of this fold) [[cite:PUB00023289]]</li>
<li>Circadian oscillation regulator KaiB [[cite:PUB00015216]]</li>
<li>Disulphide bond isomerase DsbC and DsbG (C-terminal domain) [[cite:PUB00013324], [cite:PUB00031997]]</li>
<li>Disulphide bond facilitator DsbA (contains an α-helical insertion) [[cite:PUB00023314]]</li>
<li>Endoplasmic reticulum protein ERP29 (N-terminal domain) [[cite:PUB00014099]]</li>
<li>Glutathione S-transferase (GST) (N-terminal domain) [[cite:PUB00039118]]</li>
<li>Mitochondrial ribosomal protein L51/S25/CI-B8 domain (variable positions for Cys residues in active site) [[cite:PUB00030888]]</li>
<li>Phosducin [[cite:PUB00032922]]</li>
<li>Protein disulphide isomerase (PDI) (contains two tandem repeats of this fold) [[cite:PUB00032776]]</li>
<li>Glutathione peroxidase-like enzymes [[cite:PUB00001337]]</li>
<li>Selenoprotein W-related [[cite:PUB00035459]]</li>
<li>SH3-binding glutamic acid-rich protein like (SH3BGR) (lacks both conserved Cys residues) [[cite:PUB00031286]]</li>
<li>Spliceosomal protein U5-15Kd [[cite:PUB00007371]]</li>
<li>Thioltransferases, including thioredoxin [[cite:PUB00032923]], glutaredoxin [[cite:PUB00024544]], hybrid peroxiredoxin hyPrx5 [[cite:PUB00029121]]</li>
<li>Thioredoxin-like 2Fe-2S ferredoxin [[cite:PUB00027201]]</li>
</ul>"
1;IPR058768;"doi:10.1016/j.cell.2021.04.011
imex:IM-29278
pubmed:33961781";MCM9, N-terminal domain;"<p>This domain is found N-terminal in the DNA helicase MCM9 and related proteins.</p>; <p>MCM9 is a component of MCM8/MCM9 complex which is involved in homologous recombination repair pathway. Its dysfunction can cause genome instability. MCM8/MCM9 complex forms a 3:3 hetero-hexamer in an alternating pattern [[cite:PUB00161335]]. The MCM8/MCM9 complex is dispensable for DNA replication and S phase progression [[cite:PUB00141337]].</p>"
1;IPR001303;"doi:10.1016/j.cell.2021.04.011
imex:IM-29278
pubmed:33961781";Class II aldolase/adducin N-terminal;<p>This entry represents the α/β/α domain found in class II aldolases and in adducin (usually at the N terminus of adducin). Proteins containing this domain include: rhamnulose-1-phosphate aldolase ([ec:4.1.2.19]), L-fuculose phosphate aldolase ([ec:4.1.2.17]) [[cite:PUB00003307], [cite:PUB00003364]] that is involved in the third step in fucose metabolism, L-ribulose- 5-phosphate 4-epimerase ([ec:5.1.3.4]) involved in the third step of L-arabinose catabolism, a probable sugar isomerase SgbE and the metazoan adducins, which have not been ascribed any enzymatic function but which play a role in cell membrane cytoskeleton organisation [[cite:PUB00056872]]. It also includes ribulose-1-phosphate aldolase that catalyses the cleavage of ribulose 1-phosphate to dihydroxyacetone phosphate and glycolaldehyde [[cite:PUB00153682]].</p>
1;IPR051017;"doi:10.1016/j.cell.2021.04.011
imex:IM-29278
pubmed:33961781";Aldolase class II Adducin subfamily;<p>The Aldolase class II, Adducin subfamily, consists of membrane-cytoskeleton-associated proteins that promote the assembly of the spectrin-actin network, which is crucial for maintaining cell shape and integrity. Members of this family are involved in various cellular processes including actin filament capping, cell migration, cell adhesion, and regulation of ion channels. They play significant roles in the structural and functional organization of the podocyte in the kidney, affecting glomerular filtration and blood flow autoregulation. Adducins bind to calmodulin and can interact with erythrocyte membrane receptors, linking the cytoskeleton to the plasma membrane. Some members are implicated in the biosynthesis of antibiotics by mediating oxidative decarboxylation steps. The family also includes proteins with roles in meiosis and memory retention.</p>
1;IPR036409;"doi:10.1016/j.cell.2021.04.011
imex:IM-29278
pubmed:33961781";Class II aldolase/adducin N-terminal domain superfamily;"<p>This entry represents the α/β/α domain found in class II aldolases and in adducin (usually at the N terminus of adducin). Proteins containing this domain include: rhamnulose-1-phosphate aldolase ([ec:4.1.2.19]), L-fuculose phosphate aldolase ([ec:4.1.2.17]) [[cite:PUB00003307], [cite:PUB00003364]] that is involved in the third step in fucose metabolism, L-ribulose- 5-phosphate 4-epimerase ([ec:5.1.3.4]) involved in the third step of L-arabinose catabolism, a probable sugar isomerase SgbE and the metazoan adducins, which have not been ascribed any enzymatic function but which play a role in cell membrane cytoskeleton organisation [[cite:PUB00056872]]. It also includes ribulose-1-phosphate aldolase that catalyses the cleavage of ribulose 1-phosphate to dihydroxyacetone phosphate and glycolaldehyde [[cite:PUB00153682]].</p>; <p>This entry also includes the methylthioribulose-1-phosphate dehydratase of the methionine salvage pathway. This pathway allows methylthioadenosine, left over from polyamine biosynthesis, to be recycled to methionine.</p>"
1;IPR006911;"doi:10.1016/j.cell.2021.04.011
imex:IM-29278
pubmed:33961781";Armadillo repeat-containing domain;<p>This domain contains armadillo-like repeats [[cite:PUB00057475]]. Proteins containing this domain interact with numerous other proteins, through these interactions they are involved in a wide variety of processes including carcinogenesis [[cite:PUB00057476]], control of cellular ageing and survival [[cite:PUB00057475]], regulation of circadian rhythm [[cite:PUB00057477]] and lysosomal sorting of G protein-coupled receptors [[cite:PUB00057478]].</p>
1;IPR051303;"doi:10.1016/j.cell.2021.04.011
imex:IM-29278
pubmed:33961781";Armadillo repeat-containing X-linked regulator;<p>This family of proteins is involved in the regulation of mitochondrial dynamics, particularly affecting the distribution and transport of mitochondria within neural cells. Members of this family may interact with components of the Trak-kinesin motor complex, linking mitochondria to motor proteins and influencing their movement along axons. The proteins are implicated in processes such as axon regeneration, neuronal survival, and neurite growth. Some family members may also play a role in transcriptional regulation, influencing the expression of genes related to neuronal function. Additionally, certain proteins within this family may have a role in modulating cell survival and growth, and could interact with cellular pathways that involve tumor suppressor proteins.</p>
1;IPR011989;"doi:10.1016/j.cell.2021.04.011
imex:IM-29278
pubmed:33961781";Armadillo-like helical;<p>This superfamily represents a domain consisting of a multi-helical fold comprising two curved layers of α-helices arranged in a regular right-handed superhelix, where the repeats that make up this structure are arranged about a common axis [[cite:PUB00015442]]. These superhelical structures present an extensive solvent-accessible surface that is well suited to binding large substrates such as proteins and nucleic acids. This topology has been found with a number of repeats and domains, including the armadillo repeat (found in beta-catenins and importins), the HEAT repeat (found in protein phosphatase 2a and initiation factor eIF4G), the PHAT domain (found in Smaug RNA-binding protein), the leucine-rich repeat variant, the Pumilo repeat, and in the H regulatory subunit of V-type ATPases. The sequence similarity among these different repeats or domains is low, however they exhibit considerable structural similarity. Furthermore, the number of repeats present in the superhelical structure can vary between orthologues, indicating that rapid loss/gain of repeats has occurred frequently in evolution. A common phylogenetic origin has been proposed for the armadillo and HEAT repeats [[cite:PUB00015443]].</p>
1;IPR016024;"doi:10.1016/j.cell.2021.04.011
imex:IM-29278
pubmed:33961781";Armadillo-type fold;"<p>This entry represents a structural domain with an armadillo (ARM)-like fold, consisting of a multi-helical fold comprised of two curved layers of α-helices arranged in a regular right-handed superhelix, where the repeats that make up this structure are arranged about a common axis [[cite:PUB00015442]]. These superhelical structures present an extensive solvent-accessible surface that is well suited to binding large substrates such as proteins and nucleic acids.</p>

<p>The sequence similarity among these different repeats or domains is low, however they exhibit considerable structural similarity. Furthermore, the number of repeats present in the superhelical structure can vary between orthologues, indicating that rapid loss/gain of repeats has occurred frequently in evolution. A common phylogenetic origin has been proposed for the armadillo and HEAT repeats [[cite:PUB00015443]].</p>"
1;IPR000225;"doi:10.1016/j.cell.2021.04.011
imex:IM-29278
pubmed:33961781";Armadillo;"<p>This entry represents proteins that contain the Armadillo repeat mainly from eukaryotes. These proteins include: Vacuolar protein 8, Importins, Catenins, Junction plakoglobin and related proteins.</p>; <p>The armadillo (Arm) repeat is an approximately 40 amino acid long tandemly repeated sequence motif first identified in the Drosophila melanogaster segment polarity gene armadillo involved in signal transduction through wingless. Animal Arm-repeat proteins function in various processes, including intracellular signalling and cytoskeletal regulation, and include such proteins as beta-catenin, the junctional plaque protein plakoglobin, the adenomatous polyposis coli (APC) tumour suppressor protein, and the nuclear transport factor importin-alpha, amongst others [[cite:PUB00015440]]. A subset of these proteins is conserved across eukaryotic kingdoms. In higher plants, some Arm-repeat proteins function in intracellular signalling like their mammalian counterparts, while others have novel functions [[cite:PUB00015441]]. The 3-dimensional fold of an armadillo repeat is known from the crystal structure of beta-catenin, where the 12 repeats form a superhelix of α helices with three helices per unit [[cite:PUB00000951]]. The cylindrical structure features a positively charged grove, which presumably interacts with the acidic surfaces of the known interaction partners of beta-catenin.</p>"
1;IPR056875;"doi:10.1016/j.cell.2021.04.011
imex:IM-29278
pubmed:33961781";MCM8/REC, winged helix domain;"<p>The domain represented by this entry is located at the C-terminal of MCM8. It adopts a winged helix fold, and it has a DNA binding activity [[cite:PUB00148272]]. This domain is also found in DNA replication licensing factor REC, a distant MCM homologue, which has no, or only a minor, role in DNA repair and recombination in somatic cells [[cite:PUB00159999]].</p>; <p>Minichromosome maintenance 8 (MCM8) is a member of the minichromosome maintenance family, which possesses helicase and ATPase activity. It interacts with MCM9 and participates in homologous recombination repair [[cite:PUB00141337]] and (HR) repair pathway. MCM8/9 dysfunction can cause genome instability. MCM8/9 complex forms a 3:3 hetero-hexamer in an alternating pattern [[cite:PUB00161335]].</p>"
1;IPR058767;"doi:10.1016/j.cell.2021.04.011
imex:IM-29278
pubmed:33961781";MCM8, N-terminal domain;"<p>This domain is found N-terminal in the DNA helicase MCM8 and related proteins.</p>; <p>Minichromosome maintenance 8 (MCM8) is a member of the minichromosome maintenance family, which possesses helicase and ATPase activity. It interacts with MCM9 and participates in homologous recombination repair [[cite:PUB00141337]] and (HR) repair pathway. MCM8/9 dysfunction can cause genome instability. MCM8/9 complex forms a 3:3 hetero-hexamer in an alternating pattern [[cite:PUB00161335]].</p>"
