Count;InterProID;pubmeds;Name;ShortDescription
8;IPR043129;"doi:10.1038/415180a
doi:10.1038/nature22366
imex:IM-25778
imex:IM-8299
intact:EBI-16263388
pubmed:11805837
pubmed:19536198
pubmed:28514442";ATPase, nucleotide binding domain;<p>This superfamily comprises domains found in several ATPases, including actin, Hsp70, BadF/BadG/BcrA/BcrD, various kinases, DnaK, ROK, PilM, and Fumble. Members of this superfamily have two lobes, one with nucleotide binding activity, and a second one with substrate binding activity. The lobes can be structurally divided into 4 subdomains - 1A, 1B, 2A, 2B (or 1, 2, 3, 4). The ATP binding site in these ATPases is well conserved, and is located at the junction of the two lobes, in a deep cleft. This superfamily entry represents the nucleotide binding domain (NBD) or the first lobe (subdomains 1A and 1B), which exhibits ATPase activity.</p>
7;IPR029047;"doi:10.1038/nature22366
imex:IM-25778
pubmed:19536198
pubmed:28514442";Heat shock protein 70kD, peptide-binding domain superfamily;"<p>This superfamily represents peptide-binding β-sandwich domain from DnaK and other
HSP70 proteins.</p>; <p>Members of the 70-kilodalton heat-shock protein (HSP70) family promote protein folding both constitutively and in response to stress. These proteins have two functional units: a substrate-binding unit, and an adenosine triphosphatase unit. The substrate-binding unit of DnaK consists of a β-sandwich domain followed by α-helical segments. The α-helical domain stabilises the complex, but does not contact the peptide directly [[cite:PUB00028362]].</p>"
7;IPR013126;"doi:10.1038/nature22366
imex:IM-25778
pubmed:19536198
pubmed:28514442";Heat shock protein 70 family;"<p>Heat shock proteins, Hsp70 chaperones help to fold many proteins. Hsp70 assisted folding involves repeated cycles of substrate binding and release. Hsp70 activity is ATP dependent. Hsp70 proteins are made up of two regions: the amino terminus is the ATPase domain and the carboxyl terminus is the substrate binding region [[cite:PUB00000958]].</p>

<p>Hsp70 proteins have an average molecular weight of 70kDa [[cite:PUB00000712], [cite:PUB00000809], [cite:PUB00004019]]. In most species, there are many proteins that belong to the Hsp70 family. Some of these are only expressed under stress conditions (strictly inducible), while some are present in cells under normal growth conditions and are not heat-inducible (constitutive or cognate) [[cite:PUB00004070], [cite:PUB00001766]]. Hsp70 proteins can be found in different cellular compartments (nuclear, cytosolic, mitochondrial, endoplasmic reticulum, for example).</p>

<p>This entry represents the Hsp70 family, and includes chaperone protein DnaK and luminal-binding proteins. It also includes heat shock protein 110 (Hsp110) from Caenorhabditis elegans which helps prevent the aggregation of denatured proteins in neurons [[cite:PUB00082583]]. Also included is endoplasmic reticulum (ER) chaperone BiP (HSPA5) which is important for protein folding and quality control in the ER [[cite:PUB00090977]].</p>; <p>The Heat Shock Protein 70 (HSP70) family is a group of highly conserved molecular chaperones involved in a variety of cellular processes. Members of this family play crucial roles in the folding of newly synthesized proteins, preventing the aggregation of denatured proteins under stress, assisting in protein translocation into organelles, and participating in the degradation of damaged proteins. They are also implicated in the assembly of multimeric protein complexes within the endoplasmic reticulum. Some HSP70 proteins act as nucleotide-exchange factors, promoting the release of ADP from other chaperones to trigger substrate release. They are essential for cellular protection against stress conditions such as heat shock and hypoxia, where they may help in cytoprotection and protein folding.</p>"
6;IPR029048;"doi:10.1038/nature22366
imex:IM-25778
pubmed:19536198
pubmed:28514442";Heat shock protein 70kD, C-terminal domain superfamily;"<p>Members of the 70-kilodalton heat-shock protein (HSP70) family promote protein folding both constitutively and in response to stress. These proteins have two functional units: a substrate-binding unit, and an adenosine triphosphatase unit. The substrate-binding unit of DnaK consists of a β-sandwich domain followed by α-helical segments. The α-helical domain stabilises the complex, but does not contact the peptide directly [[cite:PUB00028362]].</p>; <p>This superfamily represents the C-terminal α-helical subdomain of the substrate-binding unit from DnaK and other HSP70 proteins.</p>"
6;IPR018181;"doi:10.1038/nature22366
imex:IM-25778
pubmed:19536198
pubmed:28514442";Heat shock protein 70, conserved site;"<p>Heat shock proteins, Hsp70 chaperones help to fold many proteins. Hsp70 assisted folding involves repeated cycles of substrate binding and release. Hsp70 activity is ATP dependent. Hsp70 proteins are made up of two regions: the amino terminus is the ATPase domain and the carboxyl terminus is the substrate binding region [[cite:PUB00000958]].</p>

<p>Hsp70 proteins have an average molecular weight of 70kDa [[cite:PUB00000712], [cite:PUB00000809], [cite:PUB00004019]]. In most species,there are many proteins that belong to the hsp70 family. Some of these are only expressed under stress conditions (strictly inducible), while some are present in cells under normal growth conditions and are not heat-inducible (constitutive or cognate) [[cite:PUB00004070], [cite:PUB00001766]]. Hsp70 proteins can be found in different cellular compartments(nuclear, cytosolic, mitochondrial, endoplasmic reticulum, for example).</p>

<p>This entry represents three conserved sites of the heat shock 70 protein family.</p>"
5;Homo sapiens;"IPR001129
IPR001844
IPR002423
IPR003594
IPR005467
IPR011234
IPR014816
IPR018370
IPR018955
IPR023352
IPR027409
IPR027410
IPR027413
IPR029063
IPR036663
IPR036784
IPR036890
IPR039028
IPR049470
IPR050997
IPR054151";;
2;IPR037196;"pubmed:15766533
pubmed:19536198";HSP90, C-terminal domain;"<p>This entry represents the C-terminal domain of HPS90. Structurally, this domain has an α-β(3)-α(3) fold arranged in two layers (α/β) with mixed β-sheet and crossing loops.</p>; <p>Molecular chaperones, or heat shock proteins (Hsps) are ubiquitous proteins that act to maintain proper protein folding within the cell [[cite:PUB00035214]]. They assist in the folding of nascent polypeptide chains, and are also involved in the refolding of denatured proteins following proteotoxic stress. As their name implies, the heat shock proteins were first identified as proteins that were up-regulated under conditions of elevated temperature. However, subsequent studies have shown that increased Hsp expression is induced by a variety of cellular stresses, including oxidative stress and inflammation. Five major Hsp families have been determined, and are categorized according to their molecular size (Hsp100, Hsp90, Hsp70, Hsp60, and the small Hsps). Hsps are involved in a variety of cellular processes that are ATP-dependent. These include: prevention of protein aggregation, protein degradation, protein trafficking, and maintenance of signalling proteins in a conformation that permits activation.</p>

<p>Hsp90 chaperones are unique in their ability to regulate a specific subset of cellular signalling proteins that have been implicated in disease processes, including intracellular protein kinases, steroid hormone receptors, and growth factor receptors [[cite:PUB00035215], [cite:PUB00112352], [cite:PUB00112353], [cite:PUB00141629], [cite:PUB00141630], [cite:PUB00141631], [cite:PUB00141642]].</p>"
2;IPR001404;"pubmed:15766533
pubmed:19536198";Heat shock protein Hsp90 family;"<p>Molecular chaperones, or heat shock proteins (Hsps) are ubiquitous proteins that act to maintain proper protein folding within the cell [[cite:PUB00035214]]. They assist in the folding of nascent polypeptide chains, and are also involved in the refolding of denatured proteins following proteotoxic stress. As their name implies, the heat shock proteins were first identified as proteins that were up-regulated under conditions of elevated temperature. However, subsequent studies have shown that increased Hsp expression is induced by a variety of cellular stresses, including oxidative stress and inflammation. Five major Hsp families have been determined, and are categorized according to their molecular size (Hsp100, Hsp90, Hsp70, Hsp60, and the small Hsps). Hsps are involved in a variety of cellular processes that are ATP-dependent. These include: prevention of protein aggregation, protein degradation, protein trafficking, and maintenance of signalling proteins in a conformation that permits activation.</p>

<p>Hsp90 chaperones are unique in their ability to regulate a specific subset of cellular signalling proteins that have been implicated in disease processes, including intracellular protein kinases, steroid hormone receptors, and growth factor receptors [[cite:PUB00035215], [cite:PUB00112352], [cite:PUB00112353], [cite:PUB00141629], [cite:PUB00141630], [cite:PUB00141631], [cite:PUB00141642]].</p>"
2;IPR036890;"pubmed:15766533
pubmed:19536198";Histidine kinase/HSP90-like ATPase superfamily;"<p>This domain superfamily is found in several ATP-binding proteins, including: DNA mismatch repair protein MutL, Chaperone protein HtpG, DNA gyrase subunit B, Anti-sigma F factor, histidine kinase [[cite:PUB00030541]], topoisomerases [[cite:PUB00022659]], heat shock protein HSP90 [[cite:PUB00031400], [cite:PUB00031884], [cite:PUB00031942]], phytochrome-like ATPases and DNA mismatch repair proteins. The fold of this domain consists of two layers, α/β, which contains an 8-stranded mixed β-sheet.</p>; <p>DNA mismatch repair protein MutL is an essential component of the methyl-directed mismatch repair (MMR) system, which corrects replication errors and maintains genomic integrity. MutL functions in the Dam-dependent MMR pathway, where the methylation status of GATC sequences is used to distinguish the parental strand from the newly synthesised strand containing the replication error. MutL acts as a molecular matchmaker, facilitating the ATP-dependent assembly of stable complexes between DNA-binding proteins involved in the repair process without itself remaining part of the final effector complex. Following mismatch recognition by MutS, MutL is recruited to the site of damage, where it coordinates downstream repair events, including activation of the endonuclease MutH and recruitment of the UvrD helicase and exonucleases required for excision of the error-containing strand. The ATPase activity of MutL, mediated by its N-terminal GHKL domain, is essential for these functions, driving the conformational changes necessary for proper coordination of the repair machinery [[cite:PUB00163295], [cite:PUB00023516]].</p>"
2;IPR003594;"pubmed:15766533
pubmed:19536198";Histidine kinase/HSP90-like ATPase domain;<p>This domain is found in several ATP-binding proteins, including: histidine kinase [[cite:PUB00030541]], DNA gyrase B, topoisomerases [[cite:PUB00022659]], heat shock protein HSP90 [[cite:PUB00031400], [cite:PUB00031884], [cite:PUB00031942]], phytochrome-like ATPases and DNA mismatch repair proteins. The fold of this domain consists of two layers, α/β, which contains an 8-stranded mixed β-sheet.</p>
2;IPR020568;"pubmed:15766533
pubmed:19536198";Ribosomal protein uS5 domain 2-type superfamily;"<p>The founding member of this superfamily is the second domain of the small ribosomal subunit protein uS5. This domain adopts α/β fold consisting of four-stranded mixed β-sheet and two helices packed on one side of it. Typical features for this superfamily are the psi-loop between strands 2 and 3; and the left-handed crossover between strands 3 and 4.</p>; <p>Domain 2 of the ribosomal protein uS5 has a left-handed, 2-layer α/β fold with a core structure consisting of β(3)-α-β-α. Domains with this fold are found in numerous RNA/DNA-binding proteins, as well as in kinases from the GHMP kinase family.  Proteins containing this α/β fold domain include:</p>

<ul>
<li>Translational machinery components  (ribosomal proteins S5 and S9, and domain IV of elongation factors EF-G and eEF-2) [[cite:PUB00034480]].</li>
<li>Ribonuclease P protein (RNase P) [[cite:PUB00034481]].</li>
<li>Ribonuclease PH (domain 1) [[cite:PUB00029653]], as well as various exosome complex exonucleases (RRP41, RRP42, RRP43, RRP45, RRP46, MTR3, ECX1, ECX2) [[cite:PUB00035569]].</li>
<li>DNA modification proteins (DNA mismatch repair proteins MutL and PMS2, DNA gyrase B, DNA topoisomerase II, IV-B and VI-B) [[cite:PUB00024488]].</li>
<li>GHMP kinases that transfer a phosphoryl group from ATP to an acceptor (galactokinase ([ec:2.7.1.6]), homoserine kinase ([ec:2.7.1.39]), and mevalonate kinase ([ec:2.7.1.36])) [[cite:PUB00034482], [cite:PUB00015644]].</li>
<li>Caenorhabditis elegans early switch protein Xol-1 (a divergent member of the GHMP kinase family that has lost the ATP-binding site) [[cite:PUB00016021]].</li>
<li>Hsp90 chaperone (middle domain), which is related to the DNA gyrase/MutL family [[cite:PUB00035354]]; this domain contains an extra C-terminal α/β subdomain.</li>
<li>Imidazole glycerol phosphate dehydratase, which contains a duplication consisting of two structural repeats of this fold [[cite:PUB00022600]].</li>
<li>The catalytic domain of ATP-dependent protease Lon (La), which contains an extra C-terminal α/β subdomain [[cite:PUB00030777]].</li>
<li>Formaldehyde-activating enzyme FAE, which contains a modification of this fold consisting of an extra α/β unit after strand 2 [[cite:PUB00038434]].</li>
</ul>"
2;IPR019805;"pubmed:15766533
pubmed:19536198";Heat shock protein Hsp90, conserved site;"<p>Prokaryotes and eukaryotes respond to heat shock and other forms of environmental stress by inducing synthesis of heat-shock proteins (hsp) [[cite:PUB00000102]]. The 90kDa heat shock protein, Hsp90, is one of the most abundant proteins in eukaryotic cells, comprising 1-2% of cellular proteins under non-stress conditions [[cite:PUB00014968]]. Its contribution to various cellular processes including signal transduction, protein folding, protein degradation and morphological evolution has been extensively studied [[cite:PUB00002788], [cite:PUB00005421]]. The full functional activity of Hsp90 is gained in concert with other co-chaperones, playing an important role in the folding of newly synthesised proteins and stabilisation and refolding of denatured proteins after stress. Apart from its co-chaperones, Hsp90 binds to an array of client proteins, where the co-chaperone requirement varies and depends on the actual client.</p>

<p>The sequences of hsp90s show a distinctive domain structure, with a highly-conserved N-terminal domain separated from a conserved, acidic C-terminal domain by a highly-acidic, flexible linker region.</p>

<p>The signature pattern for the hsp90 family of proteins is located in a highly conserved region found in the N-terminal part of these proteins.</p>"
2;IPR020575;"pubmed:15766533
pubmed:19536198";Heat shock protein Hsp90, N-terminal;"<p>Prokaryotes and eukaryotes respond to heat shock and other forms of environmental stress by inducing synthesis of heat-shock proteins (hsp) [[cite:PUB00000102]]. The 90kDa heat shock protein, Hsp90, is one of the most abundant proteins in eukaryotic cells, comprising 1-2% of cellular proteins under non-stress conditions [[cite:PUB00014968]]. Its contribution to various cellular processes including signal transduction, protein folding, protein degradation and morphological evolution has been extensively studied [[cite:PUB00002788], [cite:PUB00005421]]. The full functional activity of Hsp90 is gained in concert with other co-chaperones, playing an important role in the folding of newly synthesised proteins and stabilisation and refolding of denatured proteins after stress. Apart from its co-chaperones, Hsp90 binds to an array of client proteins, where the co-chaperone requirement varies and depends on the actual client [[cite:PUB00112352], [cite:PUB00112353], [cite:PUB00141629], [cite:PUB00141630], [cite:PUB00141631], [cite:PUB00141642]].</p>

<p>This entry represents the histidine kinase-like ATPase (HATPase) domain Hsp90 from eukaryotes and its bacterial homologues, known as HtpG (High temperature protein G).</p>"
2;IPR036236;"doi:10.1038/nature22366
imex:IM-25472
imex:IM-25778
pubmed:28514442
pubmed:32296183";Zinc finger C2H2 superfamily;"<p>C2H2-type (classical) zinc fingers (Znf) were the first class to be characterised. They contain a short β-hairpin and an α-helix (β/β/α structure), where a single zinc atom is held in place by Cys(2)His(2) (C2H2) residues in a tetrahedral array. C2H2 Znf's can be divided into three groups based on the number and pattern of fingers: triple-C2H2 (binds single ligand), multiple-adjacent-C2H2 (binds multiple ligands), and separated paired-C2H2 [[cite:PUB00035808]]. C2H2 Znf's are the most common DNA-binding motifs found in eukaryotic transcription factors, and have also been identified in prokaryotes [[cite:PUB00035809]].  Transcription factors usually contain several Znf's (each with a conserved β/β/α structure) capable of making multiple contacts along the DNA, where the C2H2 Znf motifs recognise DNA sequences by binding to the major groove of DNA via a short α-helix in the Znf, the Znf spanning 3-4 bases of the DNA [[cite:PUB00035811]]. C2H2 zinc fingers can also bind to RNA and protein targets [[cite:PUB00043274]].</p>; <p>Zinc finger (Znf) domains are relatively small protein motifs which contain multiple finger-like protrusions that make tandem contacts with their target molecule. Some of these domains bind zinc, but many do not; instead, they bind other metals, such as iron, or no metal at all. For example, some family members form salt bridges to stabilise the finger-like folds. They were first identified as a DNA-binding motif in transcription factor TFIIIA from Xenopus laevis (African clawed frog); however, they are now recognised to bind DNA, RNA, protein and/or lipid substrates [[cite:PUB00035807], [cite:PUB00035805], [cite:PUB00035806], [cite:PUB00035804], [cite:PUB00014077]]. Their binding properties depend on the amino acid sequence of the finger domains and of the linker between fingers, as well as on the higher-order structures and the number of fingers. Znf domains are often found in clusters, where fingers can have different binding specificities. There are many superfamilies of Znf motifs, varying in both sequence and structure. They display considerable versatility in binding modes, even between members of the same class (e.g., some bind DNA, others protein), suggesting that Znf motifs are stable scaffolds that have evolved specialised functions. For example, Znf-containing proteins function in gene transcription, translation, mRNA trafficking, cytoskeleton organisation, epithelial development, cell adhesion, protein folding, chromatin remodelling and zinc sensing, to name but a few [[cite:PUB00035812]]. Zinc-binding motifs are stable structures, and they rarely undergo conformational changes upon binding their target.</p>"
2;IPR013087;"doi:10.1038/nature22366
imex:IM-25472
imex:IM-25778
pubmed:28514442
pubmed:32296183";Zinc finger C2H2-type;"<p>This entry represents the classical C2H2 zinc finger domain.</p>; <p>C2H2-type (classical) zinc fingers (Znf) were the first class to be characterised. They contain a short β-hairpin and an α-helix (β/β/α structure), where a single zinc atom is held in place by Cys(2)His(2) (C2H2) residues in a tetrahedral array. C2H2 Znf's can be divided into three groups based on the number and pattern of fingers: triple-C2H2 (binds single ligand), multiple-adjacent-C2H2 (binds multiple ligands), and separated paired-C2H2 [[cite:PUB00035808]]. C2H2 Znf's are the most common DNA-binding motifs found in eukaryotic transcription factors, and have also been identified in prokaryotes [[cite:PUB00035809]].  Transcription factors usually contain several Znf's (each with a conserved β/β/α structure) capable of making multiple contacts along the DNA, where the C2H2 Znf motifs recognise DNA sequences by binding to the major groove of DNA via a short α-helix in the Znf, the Znf spanning 3-4 bases of the DNA [[cite:PUB00035811]]. C2H2 zinc fingers can also bind to RNA and protein targets [[cite:PUB00043274]].</p>; <p>Zinc finger (Znf) domains are relatively small protein motifs which contain multiple finger-like protrusions that make tandem contacts with their target molecule. Some of these domains bind zinc, but many do not; instead, they bind other metals, such as iron, or no metal at all. For example, some family members form salt bridges to stabilise the finger-like folds. They were first identified as a DNA-binding motif in transcription factor TFIIIA from Xenopus laevis (African clawed frog); however, they are now recognised to bind DNA, RNA, protein and/or lipid substrates [[cite:PUB00035807], [cite:PUB00035805], [cite:PUB00035806], [cite:PUB00035804], [cite:PUB00014077]]. Their binding properties depend on the amino acid sequence of the finger domains and of the linker between fingers, as well as on the higher-order structures and the number of fingers. Znf domains are often found in clusters, where fingers can have different binding specificities. There are many superfamilies of Znf motifs, varying in both sequence and structure. They display considerable versatility in binding modes, even between members of the same class (e.g., some bind DNA, others protein), suggesting that Znf motifs are stable scaffolds that have evolved specialised functions. For example, Znf-containing proteins function in gene transcription, translation, mRNA trafficking, cytoskeleton organisation, epithelial development, cell adhesion, protein folding, chromatin remodelling and zinc sensing, to name but a few [[cite:PUB00035812]]. Zinc-binding motifs are stable structures, and they rarely undergo conformational changes upon binding their target.</p>"
1;IPR001356;"imex:IM-30183
intact:EBI-61099167
pubmed:40205054";Homeodomain;<p>This entry represents the homeodomain (HD), a protein domain of approximately 60 residues that usually binds DNA. It is encoded by the homeobox sequence [[cite:PUB00126359], [cite:PUB00075496], [cite:PUB00153777]], which was first identified in a number of Drosophila homeotic and segmentation proteins, but is now known to be well-conserved in many other animals, including vertebrates [[cite:PUB00000591], [cite:PUB00005390]], as well as plants [[cite:PUB00153787]], fungi [[cite:PUB00071003]] and some species of lower eukaryotes. Many members of this group are transcriptional regulators, some of which operate differential genetic programs along the anterior-posterior axis of animal bodies [[cite:PUB00010002]]. This domain folds into a globular structure with three α-helices connected by two short loops that harbour a hydrophobic core. The second and third form a helix-turn-helix (HTH) motif, which make intimate contacts with the DNA: while the first helix of this motif helps to stabilise the structure, the second helix binds to DNA via a number of hydrogen bonds and hydrophobic interactions, which occur between specific side chains and the exposed bases and thymine methyl groups within the major groove of the DNA. One particularity of the HTH motif in some of these proteins arises from the stereo-chemical requirement for glycine in the turn which is needed to avoid steric interference of the β-carbon with the main chain: for cro and repressor proteins the glycine appears to be mandatory, while for many of the homeotic and other DNA-binding proteins the requirement is relaxed.</p>
1;IPR050848;"imex:IM-30183
intact:EBI-61099167
pubmed:40205054";Homeobox domain-containing transcription factors;<p>The homeobox protein family is characterized by the presence of a homeobox domain, enabling these proteins to function as transcription factors. They are involved in a wide range of developmental processes, including craniofacial development, odontogenesis, stomach organogenesis, embryonic patterning, and neuron differentiation. Members of the family bind to specific DNA sequences to regulate gene expression, influencing cell fate specification, morphogenetic movements, and asymmetric cell division. Some proteins within the family also play roles in suppressing Wnt signaling, acting as transcriptional repressors or activators, and are essential for postnatal growth, nursing, and energy balance control. The family includes proteins that are part of negative regulatory loops, such as with microRNAs, and are involved in cell-type specific survival during sex determination. They are also implicated in the development of the brain, eyes, sensory organs, and limbs, as well as in the regulation of non-apoptotic cell death.</p>
1;IPR017970;"imex:IM-30183
intact:EBI-61099167
pubmed:40205054";Homeobox, conserved site;"<p>This entry represents a conserved site found in the homeodomain (HD), a protein domain of approximately 60 residues that usually binds DNA. It is encoded by the homeobox sequence [[cite:PUB00126359], [cite:PUB00075496], [cite:PUB00153777]], which was first identified in a number of Drosophila homeotic and segmentation proteins, but is now known to be well-conserved in many other animals, including vertebrates [[cite:PUB00000591], [cite:PUB00005390]]. Members of this group are transcriptional regulators that operate differential genetic programs along the anterior-posterior axis of animal bodies [[cite:PUB00010002]]. The domain binds DNA through a helix-turn-helix (HTH) structure. The HTH motif is characterised by two α-helices, which make intimate contacts with the DNA and are joined by a short turn. The second helix binds to DNA via a number of hydrogen bonds and hydrophobic interactions, which occur between specific side chains and the exposed bases and thymine methyl groups within the major groove of the DNA. The first helix helps to stabilise the structure.</p>

<p>The motif is very similar in sequence and structure in a wide range of DNA-binding proteins (e.g., cro and repressor proteins, homeotic proteins, etc.). One of the principal differences between HTH motifs in these different proteins arises from the stereo-chemical requirement for glycine in the turn which is needed to avoid steric interference of the β-carbon with the main chain: for cro and repressor proteins the glycine appears to be mandatory, while for many of the homeotic and other DNA-binding proteins the requirement is relaxed.</p>"
1;IPR009057;"imex:IM-30183
intact:EBI-61099167
pubmed:40205054";Homeodomain-like superfamily;"<p>Homeodomain (HD)-containing proteins are transcription factors that share a related DNA binding domain [[cite:PUB00013192]]. HD was first identified in a number of Drosophila homeotic and segmentation proteins, but is now known to be well conserved in organisms from all domains in life. The domain binds DNA through a helix-turn-helix (HTH) structure. The HTH motif is characterised by two α-helices, which make intimate contacts with the DNA and are joined by a short turn. The second helix binds to DNA via a number of hydrogen bonds and hydrophobic interactions, which occur between specific side chains and the exposed bases and thymine methyl groups within the major groove of the DNA. The first helix helps to stabilise the structure. Many proteins contain homeodomains, including Drosophila Engrailed, yeast mating type proteins, hepatocyte nuclear factor 1a and HOX proteins.</p>

<p>The homeodomain motif is very similar in sequence and structure to domains in a wide range of DNA-binding proteins, including recombinases, Myb proteins, GARP response regulators, human telomeric proteins (hTRF1), paired domain proteins (PAX), yeast RAP1, centromere-binding proteins CENP-B and ABP-1, transcriptional regulators (TyrR), AraC-type transcriptional activators, and tetracycline repressor-like proteins (TetR, QacR, YcdC) [[cite:PUB00013193], [cite:PUB00013194], [cite:PUB00003347]].</p>"
1;IPR001152;"imex:IM-30112
intact:EBI-55567111
pubmed:38944040";Beta-thymosin;"<p>This entry represents beta-thymosin family. Its members include thymosin beta-4, -10, -15 from humans and their homologues (such as thymosin beta 11/12) from fish.</p>

<p>Thymosin beta-4 (Tbeta) is a small protein that sequesters actin monomers to help maintain the high concentrations of unpolymerised actin in higher eukaryotic cells. Its structure has been resolved [[cite:PUB00072891]]. It is a multiple function protein that plays important roles in cellular processes such as wound healing, embryonic organ development and the pathogeneses of disease [[cite:PUB00072900], [cite:PUB00072899]]. It plays a role in anti-apoptotic response to an external stress [[cite:PUB00072893]], paclitaxel-resistance via ROS production [[cite:PUB00072894], [cite:PUB00072895]] and HIF-1alpha stabilisation via Erk activation [[cite:PUB00072896]]. It also regulates cancer cell migration through various signalling pathways, and hence plays a role in malignant progression and invasion in colon adenocarcinoma [[cite:PUB00072897], [cite:PUB00072898]].</p>"
1;IPR038386;"imex:IM-30112
intact:EBI-55567111
pubmed:38944040";Beta-thymosin superfamily;"<p>This entry represents beta-thymosin superfamily. Its members include thymosin beta-4, -10, -15 from humans and their homologues (such as thymosin beta 11/12) from fish.</p>

<p>Thymosin beta-4 (Tbeta) is a small protein that sequesters actin monomers to help maintain the high concentrations of unpolymerised actin in higher eukaryotic cells. Its structure has been resolved [[cite:PUB00072891]]. It is a multiple function protein that plays important roles in cellular processes such as wound healing, embryonic organ development and the pathogeneses of disease [[cite:PUB00072900], [cite:PUB00072899]]. It plays a role in anti-apoptotic response to an external stress [[cite:PUB00072893]], paclitaxel-resistance via ROS production [[cite:PUB00072894], [cite:PUB00072895]] and HIF-1alpha stabilisation via Erk activation [[cite:PUB00072896]]. It also regulates cancer cell migration through various signalling pathways, and hence plays a role in malignant progression and invasion in colon adenocarcinoma [[cite:PUB00072897], [cite:PUB00072898]].</p>"
1;IPR019818;"doi:10.1038/415180a
imex:IM-8299
intact:EBI-16263388
pubmed:11805837";Isocitrate/isopropylmalate dehydrogenase, conserved site;"<p>Isocitrate dehydrogenase (IDH) [[cite:PUB00004691], [cite:PUB00002669]] is an important enzyme of carbohydrate metabolism which catalyses the oxidative decarboxylation of isocitrate into alpha-ketoglutarate. IDH is either dependent on NAD<sup>+</sup> ([ec:1.1.1.41]) or on NADP<sup>+</sup> ([ec:1.1.1.42]). In eukaryotes there are at least three isozymes of IDH: two are located in the mitochondrial matrix (one NAD<sup>+</sup>-dependent, the other NADP<sup>+</sup>-dependent), while the third one (also NADP<sup>+</sup>-dependent) is cytoplasmic. In Escherichia coli the activity of a NADP<sup>+</sup>-dependent form of the enzyme is controlled by the phosphorylation of a serine residue; the phosphorylated form of IDH is completely inactivated.</p>

<p>3-isopropylmalate dehydrogenase ([ec:1.1.1.85]) (IMDH) [[cite:PUB00003276], [cite:PUB00005036]] catalyses the third step in the biosynthesis of leucine in bacteria and fungi, the oxidative decarboxylation of 3-isopropylmalate into 2-oxo-4-methylvalerate. Tartrate dehydrogenase ([ec:1.1.1.93]) [[cite:PUB00000160]] catalyses the reduction of tartrate to oxaloglycolate.</p>

<p>These enzymes are evolutionary related [[cite:PUB00004691], [cite:PUB00003276], [cite:PUB00005036], [cite:PUB00000160]]. The signature pattern of this entry is located in a conserved region, which contains a glycine-rich stretch of residues located in the C-terminal section.</p>"
1;IPR024084;"doi:10.1038/415180a
imex:IM-8299
intact:EBI-16263388
pubmed:11805837";Isopropylmalate dehydrogenase-like domain;"<p>The isocitrate and isopropylmalate dehydrogenases family includes isocitrate dehydrogenase (IDH), 3-isopropylmalate dehydrogenase (IMDH) and tartrate dehydrogenase.</p>

<p>IDH is an important enzyme of carbohydrate metabolism which catalyses the oxidative decarboxylation of isocitrate into alpha-ketoglutarate [[cite:PUB00004691], [cite:PUB00002669]]. IDH is either dependent on NAD<sup>+</sup> ([ec:1.1.1.41]) or on NADP<sup>+</sup> ([ec:1.1.1.42]). In eukaryotes there are at least three isozymes of IDH: two are located in the mitochondrial matrix (one NAD<sup>+</sup>-dependent, the other NADP<sup>+</sup>-dependent), while the third one (also NADP<sup>+</sup>-dependent) is cytoplasmic. In Escherichia coli, the activity of a NADP<sup>+</sup>-dependent form of the enzyme is controlled by the phosphorylation of a serine residue; the phosphorylated form of IDH is completely inactivated.</p>

<p>IMDH ([ec:1.1.1.85]) catalyses the third step in the biosynthesis of leucine in bacteria and fungi, the oxidative decarboxylation of 3-isopropylmalate into 2-oxo-4-methylvalerate [[cite:PUB00003276], [cite:PUB00005036]].</p>; <p>This entry represents a structural domain found in all types of isocitrate dehydrogenase, and in isopropylmalate dehydrogenase and tartrate dehydrogenase. The crystal structure of Escherichia coli isopropylmalate dehydrogenase has been described [[cite:PUB00022856]].</p>"
1;IPR004429;"doi:10.1038/415180a
imex:IM-8299
intact:EBI-16263388
pubmed:11805837";Isopropylmalate dehydrogenase;"<p>Several NAD- or NADP-dependent dehydrogenases, including 3-isopropylmalate dehydrogenase, tartrate dehydrogenase, and the dimeric forms of isocitrate dehydrogenase, share a nucleotide binding domain unrelated to that of lactate dehydrogenase and its homologues. These enzymes dehydrogenate their substates at a H-C-OH site adjacent to a H-C-COOH site; the latter carbon, now adjacent to a carbonyl group, readily decarboxylates. Among these decarboxylating dehydrogenases of hydroxyacids, overall sequence homology indicates evolutionary history rather than actual substrate or cofactor specifity, which may be toggled experimentally by replacement of just a few amino acids. 3-isopropylmalate dehydrogenase is an NAD-dependent enzyme and should have a sequence resembling HGSAPDI around residue 340. The subtrate binding loop should include a sequence resembling E[KQR]X(0,1)LLXXR around residue 115.</p>

<p>3-isopropylmalate dehydrogenase (IPMDH or LeuB) is the third enzyme in leucine biosynthesis. It catalyzes the oxidation of 3-carboxy-2-hydroxy-4-methylpentanoate (3-isopropylmalate) to 3-carboxy-4-methyl-2-oxopentanoate [[cite:PUB00032144]]. In the yeast<i>Glarea lozoyensis</i>, 3-isopropylmalate dehydrogenase gloI (EC 1.1.1.85) is required for the biosynthesis of the mycotoxin pneumocandin, a lipohexapeptide of the echinocandin family [[cite:PUB00089640]].</p>"
1;IPR000504;"imex:IM-30001
intact:EBI-52315730
pubmed:35271311";RNA recognition motif domain;"<p>Many eukaryotic proteins containing one or more copies of a putative RNA-binding domain of about 90 amino acids are known to bind single-stranded RNAs [[cite:PUB00005341], [cite:PUB00034493], [cite:PUB00034494]]. The largest group of single strand RNA-binding proteins is the eukaryotic RNA recognition motif (RRM) family that contains an eight amino acid RNP-1 consensus sequence [[cite:PUB00001891], [cite:PUB00034495]]. RRM proteins have a variety of RNA binding preferences and functions, and include heterogeneous nuclear ribonucleoproteins (hnRNPs), proteins implicated in regulation of alternative splicing (SR, U2AF, Sxl), protein components of small nuclear ribonucleoproteins (U1 and U2 snRNPs), and proteins that regulate RNA stability and translation (PABP, La, Hu) [[cite:PUB00034493], [cite:PUB00034494], [cite:PUB00034495]]. The RRM in heterodimeric splicing factor U2 snRNP auxiliary factor (U2AF) appears to have two RRM-like domains with specialised features for protein recognition [[cite:PUB00016352]]. The motif also appears in a few single stranded DNA binding proteins.</p>

<p>The typical RRM consists of four anti-parallel β-strands and two α-helices arranged in a β-α-β-β-α-β fold with side chains that stack with RNA bases. Specificity of RNA binding is determined by multiple contacts with surrounding amino acids. A third helix is present during RNA binding in some cases [[cite:PUB00004440]]. The RRM is reviewed in a number of publications [[cite:PUB00034496], [cite:PUB00034497], [cite:PUB00034498]].</p>

<p>This entry also includes some bacterial putative RNA-binding proteins.</p>"
1;IPR036390;"imex:IM-30001
intact:EBI-52315730
pubmed:35271311";Winged helix DNA-binding domain superfamily;"<p>Winged helix DNA-binding proteins share a related winged helix-turn-helix DNA-binding motif, where the ""wings"", or loops, are small β-sheets. The winged helix motif consists of two wings (W1, W2), three α-helices (H1, H2, H3) and three β-sheets (S1, S2, S3) arranged in the order H1-S1-H2-H3-S2-W1-S3-W2 [[cite:PUB00013195]]. The DNA-recognition helix makes sequence-specific DNA contacts with the major groove of DNA, while the wings make different DNA contacts, often with the minor groove or the backbone of DNA. Several winged-helix proteins display an exposed patch of hydrophobic residues thought to mediate protein-protein interactions.</p>"
1;IPR012677;"imex:IM-30001
intact:EBI-52315730
pubmed:35271311";Nucleotide-binding alpha-beta plait domain superfamily;"<p>This superfamily represents nucleotide-binding domains with an α-β plait structure, which consists of either a ferredoxin-like (β-α-β)2 fold, such as that found in RNA-binding domains of various ribonucleoproteins or in viral DNA-binding domains [[cite:PUB00016352], [cite:PUB00007413]]; or a β-(α)-β-α-β(2) fold, such as that found in the ribosomal protein L23 [[cite:PUB00016354]].</p>"
1;IPR036388;"imex:IM-30001
intact:EBI-52315730
pubmed:35271311";Winged helix-like DNA-binding domain superfamily;"<p>Winged helix DNA-binding proteins share a related winged helix-turn-helix DNA-binding motif, where the ""wings"", or loops, are small β-sheets. The winged helix motif consists of two wings (W1, W2), three α-helices (H1, H2, H3) and three β-sheets (S1, S2, S3) arranged in the order H1-S1-H2-H3-S2-W1-S3-W2 [[cite:PUB00013195]]. The DNA-recognition helix makes sequence-specific DNA contacts with the major groove of DNA, while the wings make different DNA contacts, often with the minor groove or the backbone of DNA. Several winged-helix proteins display an exposed patch of hydrophobic residues thought to mediate protein-protein interactions.</p>

<p>Many different proteins with diverse biological functions contain a winged helix DNA-binding domain, including transcriptional repressors such as biotin repressor, LexA repressor and the arginine repressor [[cite:PUB00004803]]; transcription factors such as the hepatocyte nuclear factor-3 proteins involved in cell differentiation, heat-shock transcription factor, and the general transcription factors TFIIE and TFIIF [[cite:PUB00013196], [cite:PUB00013197]]; helicases such as RuvB that promotes branch migration at the Holliday junction, and CDC6 in the pre-replication complex [[cite:PUB00013198], [cite:PUB00013199]]; endonucleases such as FokI and TnsA [[cite:PUB00007438]]; histones; and Mu transposase, where the flexible wing of the enhancer-binding domain is essential for efficient transposition [[cite:PUB00013200]].</p>"
1;IPR006630;"imex:IM-30001
intact:EBI-52315730
pubmed:35271311";La-type HTH domain;"<p>This domain is found at the N terminus of La RNA-binding proteins as well as other proteins [[cite:PUB00011367]].</p>; <p>Human Ro ribonucleoproteins (RNPs) are composed of one of the four small Y RNAs and at least two proteins, Ro60 and La. The La protein is a 47kDa polypeptide that frequently acts as an autoantigen in systemic lupus erythematosus and Sjogren's syndrome [[cite:PUB00014753]]. In the nucleus, La acts as a RNA polymerase III (RNAP III) transcription factor, while in the cytoplasm, La acts as a translation factor [[cite:PUB00014754]]. In the nucleus, La binds to the 3'UTR of nascent RNAP III transcripts to assist in folding and maturation [[cite:PUB00014760]]. In the cytoplasm, La recognises specific classes of mRNAs that contain a 5'-terminal oligopyrimidine (5'TOP) motif known to control protein synthesis [[cite:PUB00014755]]. The specific recognition is mediated by the N-terminal domain of La, which comprises a La motif and a RNA recognition motif (RRM). The La motif adopts an α/β fold that comprises a winged-helix motif [[cite:PUB00014761]].</p>
<p>Homologous La domain-containing proteins have been identified in a wide range of organisms except Archaea, bacteria and viruses [[cite:PUB00003341]].</p>"
1;IPR045180;"imex:IM-30001
intact:EBI-52315730
pubmed:35271311";La domain containing protein;"<p>Human Ro ribonucleoproteins (RNPs) are composed of one of the four small Y RNAs and at least two proteins, Ro60 and La. The La protein is a 47kDa polypeptide that frequently acts as an autoantigen in systemic lupus erythematosus and Sjogren's syndrome [[cite:PUB00014753]]. In the nucleus, La acts as a RNA polymerase III (RNAP III) transcription factor, while in the cytoplasm, La acts as a translation factor [[cite:PUB00014754]]. In the nucleus, La binds to the 3'UTR of nascent RNAP III transcripts to assist in folding and maturation [[cite:PUB00014760]]. In the cytoplasm, La recognises specific classes of mRNAs that contain a 5'-terminal oligopyrimidine (5'TOP) motif known to control protein synthesis [[cite:PUB00014755]]. The specific recognition is mediated by the N-terminal domain of La, which comprises a La motif and a RNA recognition motif (RRM). The La motif adopts an α/β fold that comprises a winged-helix motif [[cite:PUB00014761]].</p>
<p>Homologous La domain-containing proteins have been identified in a wide range of organisms except Archaea, bacteria and viruses [[cite:PUB00003341]].</p>"
1;IPR035979;"imex:IM-30001
intact:EBI-52315730
pubmed:35271311";RNA-binding domain superfamily;"<p>Many eukaryotic proteins containing one or more copies of a putative RNA-binding domain of about 90 amino acids are known to bind single-stranded RNAs [[cite:PUB00005341], [cite:PUB00034493], [cite:PUB00034494]]. The largest group of single strand RNA-binding proteins is the eukaryotic RNA recognition motif (RRM) family that contains an eight amino acid RNP-1 consensus sequence [[cite:PUB00001891], [cite:PUB00034495]]. RRM proteins have a variety of RNA binding preferences and functions, and include heterogeneous nuclear ribonucleoproteins (hnRNPs), proteins implicated in regulation of alternative splicing (SR, U2AF, Sxl), protein components of small nuclear ribonucleoproteins (U1 and U2 snRNPs), and proteins that regulate RNA stability and translation (PABP, La, Hu) [[cite:PUB00034493], [cite:PUB00034494], [cite:PUB00034495]]. The RRM in heterodimeric splicing factor U2 snRNP auxiliary factor (U2AF) appears to have two RRM-like domains with specialised features for protein recognition [[cite:PUB00016352]]. The motif also appears in a few single stranded DNA binding proteins.</p>

<p>The typical RRM consists of four anti-parallel β-strands and two α-helices arranged in a β-α-β-β-α-β fold with side chains that stack with RNA bases. Specificity of RNA binding is determined by multiple contacts with surrounding amino acids. A third helix is present during RNA binding in some cases [[cite:PUB00004440]]. The RRM is reviewed in a number of publications [[cite:PUB00034496], [cite:PUB00034497], [cite:PUB00034498]].</p>

<p>This entry also includes some bacterial putative RNA-binding proteins.</p>"
1;IPR002344;"imex:IM-30001
intact:EBI-52315730
pubmed:35271311";Lupus La protein;<p>The La protein is a 47kDa polypeptide that often acts as an autoantigen in systemic lupus erythematosus and Sjogren's syndrome patients [[cite:PUB00014753]]. It occurs in both the nucleus and the cytoplasm, where it takes on different roles [[cite:PUB00014754]]. In the nucleus, La facilitates the production of tRNAs, acting as a RNA polymerase III (RNAP III) transcription factor by binding to the U-rich 3'UTR of nascent transcripts, assisting in their folding and maturation [[cite:PUB00014760]].  In the cytoplasm, La facilitates the translation of specific mRNAs, acting as a translation factor. As a RNA binding protein (RBP), La associates with subsets of mRNAs that contain a 5'-terminal oligopyrimidine (5'TOP) motif known to control protein synthesis. The binding of La to specific classes of RNA molecules regulates their downstream processing, protects them from endonuclease digestion, and organises their export from the nucleus [[cite:PUB00014755], [cite:PUB00014756], [cite:PUB00014757], [cite:PUB00014758]].</p>
1;IPR014886;"imex:IM-30001
intact:EBI-52315730
pubmed:35271311";La protein, xRRM domain;<p>This entry represents the atypical RRM, named xRRM, found in La and La-related proteins (LaRPs).  They belong to an ancient superfamily of proteins that are conserved in nearly all eukaryotes, except Plasmodium. These proteins are broadly involved in critical processes of RNA use and metabolism in the nucleus and the cytoplasm. The LaRP superfamily is distinguished by a conserved bipartite RNA-binding unit called the La-module, composed by a Lupus antigen motif (LaM) followed by an RNA-Recognition motif (RRM). Beyond this, each LaRP family is characterised by distinct family specific domains and motifs that contribute to structure and function. Genuine La and La-related proteins group 7 (LARP7) bind to the non-coding RNAs transcribed by RNA polymerase III (RNAPIII), which end in UUU. The La-module of these proteins bind the UUU-3'OH, protecting the RNA from degradation, while other domains may be important for RNA folding or other functions. The La and LaRP7 protein families have a C-terminal domain that contains a novel class of atypical RRM, named xRRM (for atypical RRM with extended alpha3), which uses a unique mode of single- and double-strand RNA binding [[cite:PUB00029626], [cite:PUB00065263], [cite:PUB00097538], [cite:PUB00097539], [cite:PUB00097540]].</p>
1;IPR032569;"imex:IM-30059
pubmed:39251607";Nucleophosmin, C-terminal;<p>This domain, approximately 50 residues in length, is mainly found in C-terminal region of nucleophosmin from animals [[cite:PUB00076527]]. Nucleophosmin (also known as  NPM1/B23) is a multifunctional protein that is involved in a number of cellular activities, such as ribosome maturatation and export, centrosome duplication, and response to stress stimuli [[cite:PUB00076527]]. Although it shuttles rapidly between the nucleus and the cytoplasm, a large fraction of NPM1/B23 resides in the nucleoli [[cite:PUB00076528]]. Mutations of the NPM1 gene has been linked to acute myeloid leukemia [[cite:PUB00066091]].</p>
1;IPR024057;"imex:IM-30059
pubmed:39251607";Nucleoplasmin core domain;"<p>This entry represents the core structural domain for the nucleoplasmin (Np) family of histone chaperone proteins. This core domain is formed by an 8-stranded β barrel [[cite:PUB00032376]].</p>

<p>The three branches of the Np family, including nucleophosmin (NO38/B23), nucleoplasmin (Np), and nucleoplasmin-like proteins (NLP), bind core histones and assemble nucleosomes<i>in vitro</i>assays. Even though they have different histone preferences, it has been suggested that Np family members may share a general mechanism for binding histones [[cite:PUB00032376]].</p>"
1;IPR004301;"imex:IM-30059
pubmed:39251607";Nucleoplasmin family;"<p>The nucleoplasmin family includes nucleophosmin, nucleoplasmin and nucleoplasmin-like proteins. Nucleophosmin (also known as  NPM1/B23) is a multifunctional protein that is involved in a number of cellular activities, such as ribosome maturatation and export, centrosome duplication, and response to stress stimuli [[cite:PUB00076527]]. Nucleoplasmin (NPM2) is a histone chaperone for histones H2A-H2B and is highly expressed in the oocyte and through the early stages of embryogenesis [[cite:PUB00076530]].</p>


<p>Mutations of the NPM1 gene has been linked to acute myeloid leukemia [[cite:PUB00066091]].</p>"
1;IPR036824;"imex:IM-30059
pubmed:39251607";Nucleoplasmin core domain superfamily;"<p>This entry represents the core structural domain superfamily for the nucleoplasmin (Np) family of histone chaperone proteins. This core domain is formed by an 8-stranded β barrel [[cite:PUB00032376]].</p>

<p>The three branches of the Np family, including nucleophosmin (NO38/B23), nucleoplasmin (Np), and nucleoplasmin-like proteins (NLP), bind core histones and assemble nucleosomes<i>in vitro</i>assays. Even though they have different histone preferences, it has been suggested that Np family members may share a general mechanism for binding histones [[cite:PUB00032376]].</p>"
1;Saccharomyces cerevisiae (strain ATCC 204508 / S288c);"IPR012725
IPR013126
IPR018181
IPR029047
IPR029048
IPR043129";;
1;IPR013992;"intact:EBI-1992807
mint:MINT-5212268
pubmed:10688190";Adenylate cyclase-associated CAP, N-terminal;"<p>This entry represents the N-terminal conserved motif of CAP proteins consisting of a single α-helix. CAP proteins are composed of an N-terminal conserved motif followed by an N-terminal  ([interpro:IPR053950]) and C-terminal ([interpro:IPR013912]) domains which are separated by a Pro-rich region.</p>; <p>Cyclase-associated proteins (CAPs) are highly conserved actin-binding proteins present in a wide range of organisms including yeast, fly, plants, and mammals. CAPs are multifunctional proteins that contain several structural domains. CAP is involved in species-specific signalling pathways [[cite:PUB00042568], [cite:PUB00042569], [cite:PUB00042570], [cite:PUB00007159]]. In Drosophila, CAP functions in Hedgehog-mediated eye development and in establishing oocyte polarity. In Dictyostelium (slim mold), CAP is involved in microfilament reorganisation near the plasma membrane in a PIP2-regulated manner and is required to perpetuate the cAMP relay signal to organise fruitbody formation. In plants, CAP is involved in plant signalling pathways required for co-ordinated organ expansion. In yeast, CAP is involved in adenylate cyclase activation, as well as in vesicle trafficking and endocytosis. In both yeast and mammals, CAPs appear to be involved in recycling G-actin monomers from ADF/cofilins for subsequent rounds of filament assembly [[cite:PUB00042579], [cite:PUB00042580]]. In mammals, there are two different CAPs (CAP1 and CAP2) that share 64% amino acid identity.</p>"
1;IPR028417;"intact:EBI-1992807
mint:MINT-5212268
pubmed:10688190";CAP, conserved site, C-terminal;<p>This entry represents a conserved site in the C-terminal of the CAP protein. Structurally, CAP is a protein of 474 to 551 residues, which consist of two domains separated by a proline-rich hinge. In budding and fission yeasts the CAP protein is a bifunctional protein whose N-terminal domain binds to adenylyl cyclase, thereby enabling that enzyme to be activated by upstream regulatory signals, such as Ras. The N terminus also catalyses cofilin-mediated severing of actin filaments [[cite:PUB00068345]]. The C-terminal domain plays a role in in recycling cofilin-bound, ADP-actin monomers [[cite:PUB00068345]].</p>
1;IPR001837;"intact:EBI-1992807
mint:MINT-5212268
pubmed:10688190";Adenylate cyclase-associated CAP;"<p>Cyclase-associated proteins (CAPs) are highly conserved actin-binding proteins present in a wide range of organisms including yeast, fly, plants, and mammals. CAPs are multifunctional proteins that contain several structural domains. CAP is involved in species-specific signalling pathways [[cite:PUB00042568], [cite:PUB00042569], [cite:PUB00042570], [cite:PUB00007159]]. In Drosophila, CAP functions in Hedgehog-mediated eye development and in establishing oocyte polarity. In Dictyostelium (slim mold), CAP is involved in microfilament reorganisation near the plasma membrane in a PIP2-regulated manner and is required to perpetuate the cAMP relay signal to organise fruitbody formation. In plants, CAP is involved in plant signalling pathways required for co-ordinated organ expansion. In yeast, CAP is involved in adenylate cyclase activation, as well as in vesicle trafficking and endocytosis. In both yeast and mammals, CAPs appear to be involved in recycling G-actin monomers from ADF/cofilins for subsequent rounds of filament assembly [[cite:PUB00042579], [cite:PUB00042580]]. In mammals, there are two different CAPs (CAP1 and CAP2) that share 64% amino acid identity.</p>; <p>This entry represents CAP proteins from various organisms.</p>"
1;IPR036223;"intact:EBI-1992807
mint:MINT-5212268
pubmed:10688190";Adenylate cyclase-associated CAP, C-terminal superfamily;"<p>Cyclase-associated proteins (CAPs) are highly conserved actin-binding proteins present in a wide range of organisms including yeast, fly, plants, and mammals. CAPs are multifunctional proteins that contain several structural domains. CAP is involved in species-specific signalling pathways [[cite:PUB00042568], [cite:PUB00042569], [cite:PUB00042570], [cite:PUB00007159]]. In Drosophila, CAP functions in Hedgehog-mediated eye development and in establishing oocyte polarity. In Dictyostelium (slim mold), CAP is involved in microfilament reorganisation near the plasma membrane in a PIP2-regulated manner and is required to perpetuate the cAMP relay signal to organise fruitbody formation. In plants, CAP is involved in plant signalling pathways required for co-ordinated organ expansion. In yeast, CAP is involved in adenylate cyclase activation, as well as in vesicle trafficking and endocytosis. In both yeast and mammals, CAPs appear to be involved in recycling G-actin monomers from ADF/cofilins for subsequent rounds of filament assembly [[cite:PUB00042579], [cite:PUB00042580]]. In mammals, there are two different CAPs (CAP1 and CAP2) that share 64% amino acid identity.</p>; <p>This entry represents the C-terminal domain of CAP proteins, which is responsible for G-actin-binding. This domain has a superhelical structure, where the superhelix turns are made of two β-strands each [[cite:PUB00026629]].</p>"
1;IPR006599;"intact:EBI-1992807
mint:MINT-5212268
pubmed:10688190";CARP motif;<p>This entry represents the CARP motif, which occurs as a tandem repeat in the C-terminal of many cyclase-associated proteins (CAPs), as well as in tubulin binding cofactor C and the X-linked retinitis pigmentosa 2 protein (RP2).</p>
1;IPR053950;"intact:EBI-1992807
mint:MINT-5212268
pubmed:10688190";CAP, N-terminal domain;"<p>Cyclase-associated proteins (CAPs) are highly conserved actin-binding proteins present in a wide range of organisms including yeast, fly, plants, and mammals. CAPs are multifunctional proteins that regulate actin remodelling in response to cellular signals [[cite:PUB00022651]]. They consist of an N-terminal conserved motif ([interpro:IPR013992]) followed by an N-terminal and C-terminal ([interpro:IPR013912]) domains which are separated by a Pro-rich region.</p>

<p>This entry represents the N-terminal domain which contains the adenylyl cyclase binding site and has an all-α structure consisting of six helices in a bundle with a left-handed twist and up-and-down topology [[cite:PUB00022651], [cite:PUB00031477], [cite:PUB00153848]].</p>"
1;IPR017901;"intact:EBI-1992807
mint:MINT-5212268
pubmed:10688190";C-CAP/cofactor C-like domain;"<p>The C-CAP/cofactor C-like domain is present in several cytoskeleton-related proteins, which also contain a number of additional domains [[cite:PUB00026629], [cite:PUB00039797], [cite:PUB00043710], [cite:PUB00043711]]:</p>

<ul><li>Eukaryotic cyclase-associated protein (CAP or SRV2), a modular actin monomer binding that directly regulates filament dynamics and has been implicated in a number of complex developmental and morphological processes, including mRNA localisation and the establishment of cell polarity.</li>
<li>Vertebrate retinitis pigmentosa 2 (XRP2). In Homo sapiens (Human), it is the protein responsible for X-linked forms of retinitis pigmentosa, a disease characterised by severe retinal degeneration.</li>
<li>Eukaryotic tubulin-specific chaperone cofactor C (TBCC), a GTPase- activating component of the tubulin-folding supercomplex, which directs the assembly of the alpha- and beta-tubulin heterodimer.</li></ul>

<p>The cyclase-associated protein C-CAP/cofactor C-like domain binds G-actin and is responsible for oligomerisation of the entire CAP molecule [[cite:PUB00026629]], whereas the XRP2 C-CAP/cofactor C-like domain is required for binding of ADP ribosylation factor-like protein 3 (Arl3) [[cite:PUB00039797]].</p>

<p>The central core of the C-CAP/cofactor C-like domain is composed of six coils of right-handed parallel β-helices, termed coils 1-6, which form an elliptical barrel with a tightly packed interior. Each β-helical coil is composed of three relatively short β-strands, designated a-c, separated by sharp turns. Flanking the central β-helical core is an N-terminal β-strand, β0, that packs antiparallel to the core, and strand β7 packs antiparallel to the core near the C-terminal end of the parallel β-helix  [[cite:PUB00026629], [cite:PUB00039797]].</p>"
1;IPR036222;"intact:EBI-1992807
mint:MINT-5212268
pubmed:10688190";Adenylate cyclase-associated CAP, N-terminal domain superfamily;"<p>This entry represents the N-terminal domain of CAP proteins. This domain has an all-α structure consisting of six helices in a bundle with a left-handed twist and an up-and-down topology [[cite:PUB00022651]].</p>; <p>Cyclase-associated proteins (CAPs) are highly conserved actin-binding proteins present in a wide range of organisms including yeast, fly, plants, and mammals. CAPs are multifunctional proteins that contain several structural domains. CAP is involved in species-specific signalling pathways [[cite:PUB00042568], [cite:PUB00042569], [cite:PUB00042570], [cite:PUB00007159]]. In Drosophila, CAP functions in Hedgehog-mediated eye development and in establishing oocyte polarity. In Dictyostelium (slim mold), CAP is involved in microfilament reorganisation near the plasma membrane in a PIP2-regulated manner and is required to perpetuate the cAMP relay signal to organise fruitbody formation. In plants, CAP is involved in plant signalling pathways required for co-ordinated organ expansion. In yeast, CAP is involved in adenylate cyclase activation, as well as in vesicle trafficking and endocytosis. In both yeast and mammals, CAPs appear to be involved in recycling G-actin monomers from ADF/cofilins for subsequent rounds of filament assembly [[cite:PUB00042579], [cite:PUB00042580]]. In mammals, there are two different CAPs (CAP1 and CAP2) that share 64% amino acid identity.</p>"
1;IPR016098;"intact:EBI-1992807
mint:MINT-5212268
pubmed:10688190";Cyclase-associated protein CAP/septum formation inhibitor MinC, C-terminal;"<p>Cyclase-associated proteins (CAPs) are highly conserved monomeric actin-binding proteins present in a wide range of organisms including yeast, fly, plants, and mammals. CAPs are multifunctional proteins that contain several structural domains.  CAP is involved in species-specific signalling pathways [[cite:PUB00042568], [cite:PUB00042569], [cite:PUB00042570], [cite:PUB00007159]]. Only yeast CAPs are involved in adenylate cyclase activation. The C-terminal domain of CAP proteins is responsible for G-actin-binding that regulates actin remodelling in response to cellular signals and is required for normal cellular morphology, cell division, growth and locomotion in eukaryotes.</p>
<p>In Escherichia coli, three Min proteins (MinC, MinD and MinE) negatively regulate FtsZ assembly at the cell poles in order to ensure the Z-ring only assembles at cell midpoint. MinC inhibits formation of the Z-ring by preventing FtsZ assembly. MinD binds to MinC near the cell poles, sequestering MinC away from the cell midpoint so the Z-ring can form there. MinC is an oligomer, probably a dimer, that consists of two domains: the N-terminal domain is responsible for FtsZ inhibition, while the C-terminal domain is responsible for binding to MinD and to a component of the division septum [[cite:PUB00008426], [cite:PUB00042573]].</p>
<p>This entry represents a structural domain found at the C-terminal of CAP proteins as well as MinC. This domain has a superhelical structure, where the superhelix turns are made of either two (CAP) or three (MinC) β-strands each.</p>"
1;IPR018106;"intact:EBI-1992807
mint:MINT-5212268
pubmed:10688190";CAP, conserved site, N-terminal;"<p>This entry represents the N-terminal conserved site of the CAP protein. Structurally, CAP is a protein of 474 to 551 residues, which consist of two domains separated by a proline-rich hinge. In budding and fission yeasts the CAP protein is a bifunctional protein whose N-terminal domain binds to adenylyl cyclase, thereby enabling that enzyme to be activated by upstream regulatory signals, such as Ras. The N terminus also catalyses cofilin-mediated severing of actin filaments [[cite:PUB00068345]]. The C-terminal domain plays a role in recycling cofilin-bound, ADP-actin monomers [[cite:PUB00068345]].</p>

<p>CAP is conserved in higher eukaryotic organisms. Although the role in Ras signalling does not extend beyond yeasts, the actin regulation function is conserved in all eukaryotes [[cite:PUB00068344]].</p>"
1;IPR013912;"intact:EBI-1992807
mint:MINT-5212268
pubmed:10688190";Adenylate cyclase-associated CAP, C-terminal;"<p>Cyclase-associated proteins (CAPs) are highly conserved actin-binding proteins present in a wide range of organisms including yeast, fly, plants, and mammals. CAPs are multifunctional proteins that contain several structural domains. CAP is involved in species-specific signalling pathways [[cite:PUB00042568], [cite:PUB00042569], [cite:PUB00042570], [cite:PUB00007159]]. In Drosophila, CAP functions in Hedgehog-mediated eye development and in establishing oocyte polarity. In Dictyostelium (slim mold), CAP is involved in microfilament reorganisation near the plasma membrane in a PIP2-regulated manner and is required to perpetuate the cAMP relay signal to organise fruitbody formation. In plants, CAP is involved in plant signalling pathways required for co-ordinated organ expansion. In yeast, CAP is involved in adenylate cyclase activation, as well as in vesicle trafficking and endocytosis. In both yeast and mammals, CAPs appear to be involved in recycling G-actin monomers from ADF/cofilins for subsequent rounds of filament assembly [[cite:PUB00042579], [cite:PUB00042580]]. In mammals, there are two different CAPs (CAP1 and CAP2) that share 64% amino acid identity.</p>; <p>This entry represents the C-terminal domain of CAP proteins, which is responsible for G-actin-binding. This domain has a superhelical structure, where the superhelix turns are made of two β-strands each [[cite:PUB00026629]].</p>"
1;IPR035892;"doi:10.1038/nature04670
imex:IM-15332
intact:EBI-6933337
mint:MINT-1978243
mint:MINT-5218454
pubmed:16554755";C2 domain superfamily;"<p>The C2 domain is a Ca<sup>2+</sup>-dependent membrane-targeting module found in many cellular proteins involved in signal transduction or membrane trafficking. C2 domains are unique among membrane targeting domains in that they show wide range of lipid selectivity for the major components of cell membranes, including phosphatidylserine and phosphatidylcholine. This C2 domain is about 116 amino-acid residues and is located between the two copies of the C1 domain in Protein Kinase C and the protein kinase catalytic domain [[cite:PUB00081923]]. Regions with significant homology [[cite:PUB00002925]] to the C2-domain have been found in many proteins. The C2 domain is thought to be involved in calcium-dependent phospholipid binding [[cite:PUB00002815]] and in membrane targetting processes such as subcellular localisation.</p>

<p>The 3D structure of the C2 domain of synaptotagmin has been reported [[cite:PUB00000918]], the domain forms an eight-stranded β-sandwich constructed around a conserved 4-stranded motif, designated a C2 key [[cite:PUB00000918]]. Calcium binds in a cup-shaped depression formed by the N- and C-terminal loops of the C2-key motif. Structural analyses of several C2 domains have shown them to consist of similar ternary structures in which three Ca<sup>2+</sup>-binding loops are located at the end of an 8 stranded antiparallel β-sandwich.</p>"
1;IPR017892;"doi:10.1038/nature04670
imex:IM-15332
intact:EBI-6933337
mint:MINT-1978243
mint:MINT-5218454
pubmed:16554755";Protein kinase, C-terminal;"<p>This domain is found in a large variety of protein kinases with different functions and dependencies. Protein kinase C, for example, is a calcium-activated, phospholipid-dependent serine- and threonine-specific enzyme. It is activated by diacylglycerol which, in turn, phosphorylates a range of cellular proteins. This domain is most often found associated with [interpro:IPR000719].</p>; <p>Protein phosphorylation, which plays a key role in most cellular activities, is a reversible process mediated by protein kinases and phosphoprotein phosphatases. Protein kinases catalyse the transfer of the gamma phosphate from nucleotide triphosphates (often ATP) to one or more amino acid residues in a protein substrate side chain, resulting in a conformational change affecting protein function. Phosphoprotein phosphatases catalyse the reverse process. 
Protein kinases fall into three broad classes, characterised with respect to substrate specificity [[cite:PUB00005115]]:</p>

<ul>
<li>Serine/threonine-protein kinases</li>
<li>Tyrosine-protein kinases</li>
<li>Dual specificity protein kinases (e.g. MEK -phosphorylates both Thr and Tyr on target proteins)</li>
</ul>

<p>Protein kinase function is evolutionarily conserved from Escherichia coli to human [[cite:PUB00020114]]. Protein kinases play a role in a multitude of cellular processes, including division, proliferation, apoptosis, and differentiation [[cite:PUB00015362]]. Phosphorylation usually results in a functional change of the target protein by changing enzyme activity, cellular location, or association with other proteins. The catalytic subunits of protein kinases are highly conserved, and several structures have been solved [[cite:PUB00034898]], leading to large screens to develop kinase-specific inhibitors for the treatments of a number of diseases [[cite:PUB00034899]].</p>"
1;IPR002219;"doi:10.1038/nature04670
imex:IM-15332
intact:EBI-6933337
mint:MINT-1978243
mint:MINT-5218454
pubmed:16554755";Protein kinase C-like, phorbol ester/diacylglycerol-binding domain;"<p>This entry represents the N-terminal region of PKC, known as C1. It has been shown to bind PE and DAG in a phospholipid and zinc-dependent fashion [[cite:PUB00004685]]. The C1 region contains one or two copies (depending on the isozyme of PKC) of a cysteine-rich domain, which is about 50 amino-acid residues long, and which is essential for DAG/PE-binding. The DAG/PE-binding domain binds two zinc ions; the ligands of these metal ions are probably the six cysteines and two histidines that are conserved in this domain.</p>; <p>Protein kinase C (PKC) is a family of serine/threonine protein kinases found in eukaryotic organisms, including humans, animals, and fungi. These enzymes play crucial roles in various signal transduction cascades, regulating cellular processes such as gene expression, protein secretion, cell proliferation, and inflammatory responses [[cite:PUB00160329]]. PKCs are activated by second messengers, primarily diacylglycerol (DAG) [[cite:PUB00001427]]. The PKC family comprises multiple isozymes, categorised into three subfamilies: conventional, novel, and atypical, based on their second messenger requirements [[cite:PUB00119042]]. Structurally, PKCs consist of a regulatory domain and a catalytic domain connected by a hinge region [[cite:PUB00160328]]. The regulatory domain typically contains C1 [interpro:IPR002219] and C2 domain, which are responsible for DAG and calcium binding. The catalytic domain [interpro:IPR000719], highly conserved among PKC isozymes, contains the ATP- and substrate-binding sites.</p>"
1;IPR017441;"doi:10.1038/nature04670
imex:IM-15332
intact:EBI-6933337
mint:MINT-1978243
mint:MINT-5218454
pubmed:16554755";Protein kinase, ATP binding site;"<p>Eukaryotic protein kinases [[cite:PUB00015293], [cite:PUB00001530], [cite:PUB00003568], [cite:PUB00003569], [cite:PUB00005115]] are enzymes that belong to a very extensive family of proteins which share a conserved catalytic core common with both serine/threonine and tyrosine protein kinases. There are a number of conserved regions in the catalytic domain of protein kinases.</p>
<p>This entry represents a conserved site, which is located in the N-terminal extremity of the catalytic domain, where there is a glycine-rich stretch of residues in the vicinity of a lysine residue. It is this lysine residue that has been shown to be involved in ATP binding.</p>; <p>Protein phosphorylation, which plays a key role in most cellular activities, is a reversible process mediated by protein kinases and phosphoprotein phosphatases. Protein kinases catalyse the transfer of the gamma phosphate from nucleotide triphosphates (often ATP) to one or more amino acid residues in a protein substrate side chain, resulting in a conformational change affecting protein function. Phosphoprotein phosphatases catalyse the reverse process. 
Protein kinases fall into three broad classes, characterised with respect to substrate specificity [[cite:PUB00005115]]:</p>

<ul>
<li>Serine/threonine-protein kinases</li>
<li>Tyrosine-protein kinases</li>
<li>Dual specificity protein kinases (e.g. MEK -phosphorylates both Thr and Tyr on target proteins)</li>
</ul>

<p>Protein kinase function is evolutionarily conserved from Escherichia coli to human [[cite:PUB00020114]]. Protein kinases play a role in a multitude of cellular processes, including division, proliferation, apoptosis, and differentiation [[cite:PUB00015362]]. Phosphorylation usually results in a functional change of the target protein by changing enzyme activity, cellular location, or association with other proteins. The catalytic subunits of protein kinases are highly conserved, and several structures have been solved [[cite:PUB00034898]], leading to large screens to develop kinase-specific inhibitors for the treatments of a number of diseases [[cite:PUB00034899]].</p>"
1;IPR000008;"doi:10.1038/nature04670
imex:IM-15332
intact:EBI-6933337
mint:MINT-1978243
mint:MINT-5218454
pubmed:16554755";C2 domain;"<p>The C2 domain is a Ca<sup>2+</sup>-dependent membrane-targeting module found in many cellular proteins involved in signal transduction or membrane trafficking. C2 domains are unique among membrane targeting domains in that they show wide range of lipid selectivity for the major components of cell membranes, including phosphatidylserine and phosphatidylcholine. This C2 domain is about 116 amino-acid residues and is located between the two copies of the C1 domain in Protein Kinase C and the protein kinase catalytic domain [[cite:PUB00081923]]. Regions with significant homology [[cite:PUB00002925]] to the C2-domain have been found in many proteins. The C2 domain is thought to be involved in calcium-dependent phospholipid binding [[cite:PUB00002815]] and in membrane targetting processes such as subcellular localisation.</p>

<p>The 3D structure of the C2 domain of synaptotagmin has been reported [[cite:PUB00000918]], the domain forms an eight-stranded β-sandwich constructed around a conserved 4-stranded motif, designated a C2 key [[cite:PUB00000918]]. Calcium binds in a cup-shaped depression formed by the N- and C-terminal loops of the C2-key motif. Structural analyses of several C2 domains have shown them to consist of similar ternary structures in which three Ca<sup>2+</sup>-binding loops are located at the end of an 8 stranded antiparallel β-sandwich.</p>"
1;IPR000719;"doi:10.1038/nature04670
imex:IM-15332
intact:EBI-6933337
mint:MINT-1978243
mint:MINT-5218454
pubmed:16554755";Protein kinase domain;"<p>This entry represents the protein kinase domain containing the catalytic function of protein kinases [[cite:PUB00003569]]. This domain is found in serine/threonine-protein kinases, tyrosine-protein kinases and dual specificity protein kinases.</p>; <p>Eukaryotic protein kinases [[cite:PUB00003569], [cite:PUB00005115], [cite:PUB00015293], [cite:PUB00001530], [cite:PUB00003568]] are enzymes that belong to a very extensive family of proteins which share a conserved catalytic core common with both serine/threonine and tyrosine protein kinases. There are a number of conserved regions in the catalytic domain of protein kinases. In the N-terminal extremity of the catalytic domain there is a glycine-rich stretch of residues in the vicinity of a lysine residue, which has been shown to be involved in ATP binding. In the central part of the catalytic domain there is a conserved aspartic acid residue which is important for the catalytic activity of the enzyme [[cite:PUB00005145]].</p>; <p>Protein phosphorylation, which plays a key role in most cellular activities, is a reversible process mediated by protein kinases and phosphoprotein phosphatases. Protein kinases catalyse the transfer of the gamma phosphate from nucleotide triphosphates (often ATP) to one or more amino acid residues in a protein substrate side chain, resulting in a conformational change affecting protein function. Phosphoprotein phosphatases catalyse the reverse process. 
Protein kinases fall into three broad classes, characterised with respect to substrate specificity [[cite:PUB00005115]]:</p>

<ul>
<li>Serine/threonine-protein kinases</li>
<li>Tyrosine-protein kinases</li>
<li>Dual specificity protein kinases (e.g. MEK -phosphorylates both Thr and Tyr on target proteins)</li>
</ul>

<p>Protein kinase function is evolutionarily conserved from Escherichia coli to human [[cite:PUB00020114]]. Protein kinases play a role in a multitude of cellular processes, including division, proliferation, apoptosis, and differentiation [[cite:PUB00015362]]. Phosphorylation usually results in a functional change of the target protein by changing enzyme activity, cellular location, or association with other proteins. The catalytic subunits of protein kinases are highly conserved, and several structures have been solved [[cite:PUB00034898]], leading to large screens to develop kinase-specific inhibitors for the treatments of a number of diseases [[cite:PUB00034899]].</p>"
1;IPR046349;"doi:10.1038/nature04670
imex:IM-15332
intact:EBI-6933337
mint:MINT-1978243
mint:MINT-5218454
pubmed:16554755";C1-like domain superfamily;<p>This superfamily includes variations of the protein kinase C1 domain that is characterised by a rich cysteine and histidine content. The C1 domain is the N-terminal region of conservation found in protein kinase C domains. This domain is involved in binding many ligands, which include diacylglycerol, phorbol esters and zinc [[cite:PUB00001427]]. This superfamily also includes the C-terminal domain of General transcription factor IIH subunit 2 whose structure revealed homology with the regulatory domain of protein kinase C  [[cite:PUB00016526]].</p>
1;IPR008271;"doi:10.1038/nature04670
imex:IM-15332
intact:EBI-6933337
mint:MINT-1978243
mint:MINT-5218454
pubmed:16554755";Serine/threonine-protein kinase, active site;"<p>Eukaryotic protein kinases [[cite:PUB00001530], [cite:PUB00003568], [cite:PUB00003569], [cite:PUB00005115]] are enzymes that belong to a very extensive family of proteins which share a conserved catalytic core common with both serine/threonine and tyrosine protein kinases. There are a number of conserved regions in the catalytic domain of protein kinases. In the N-terminal extremity of the catalytic domain there is a glycine-rich stretch of residues in the vicinity of a lysine residue, which has been shown to be involved in ATP binding. In the central part of the catalytic domain there is a conserved aspartic acid residue, which is important for the catalytic activity of the enzyme [[cite:PUB00005145]].</p>

<p>This entry represents a conserved region that surrounds the active site aspartate residue and it is more specific for serine/threonine protein kinases. It also matches several dual-specificity protein kinases and members of WEE kinase family that are bona fide tyrosine protein kinases.</p>; <p>Protein phosphorylation, which plays a key role in most cellular activities, is a reversible process mediated by protein kinases and phosphoprotein phosphatases. Protein kinases catalyse the transfer of the gamma phosphate from nucleotide triphosphates (often ATP) to one or more amino acid residues in a protein substrate side chain, resulting in a conformational change affecting protein function. Phosphoprotein phosphatases catalyse the reverse process. 
Protein kinases fall into three broad classes, characterised with respect to substrate specificity [[cite:PUB00005115]]:</p>

<ul>
<li>Serine/threonine-protein kinases</li>
<li>Tyrosine-protein kinases</li>
<li>Dual specificity protein kinases (e.g. MEK -phosphorylates both Thr and Tyr on target proteins)</li>
</ul>

<p>Protein kinase function is evolutionarily conserved from Escherichia coli to human [[cite:PUB00020114]]. Protein kinases play a role in a multitude of cellular processes, including division, proliferation, apoptosis, and differentiation [[cite:PUB00015362]]. Phosphorylation usually results in a functional change of the target protein by changing enzyme activity, cellular location, or association with other proteins. The catalytic subunits of protein kinases are highly conserved, and several structures have been solved [[cite:PUB00034898]], leading to large screens to develop kinase-specific inhibitors for the treatments of a number of diseases [[cite:PUB00034899]].</p>"
1;IPR037778;"doi:10.1038/nature04670
imex:IM-15332
intact:EBI-6933337
mint:MINT-1978243
mint:MINT-5218454
pubmed:16554755";Protein kinase C-like, C2 domain;"<p>Protein kinase C (PKC) is a member of a family of Ser/Thr phosphotransferases that are involved in many cellular signaling pathways. Fungi have only one or two PKCs in contrast to mammals, which have at least 9 [[cite:PUB00087614]]. Saccharomyces cerevisiae contains a single PKC isozyme, Pkc1p, which contains all of the regulatory motifs found in mammalian PKCs [[cite:PUB00086725]]. In addition to its main function in maintaining cell integrity, fungi PKCs have been implicated in the regulation of diverse processes such as the organization of the actin cytoskeleton, autophagy and apoptosis, cell cycle control, cytokinesis and genetic stability [[cite:PUB00086725], [cite:PUB00087614]].  PKC has two antiparallel coiled-coiled regions (ACC finger domain) known as HR1 (PKC homology region 1/ Rho binding domain) upstream of the C2 domain and two C1 domains downstream.</p>


<p>The C2 domain was first identified in PKC. C2 domains fold into an 8-standed β-sandwich that can adopt 2 structural arrangements: Type I and Type II, distinguished by a circular permutation involving their N- and C-terminal β strands. Many C2 domains, like those of PKC, are Ca2+-dependent membrane-targeting modules that bind a wide variety of substances including bind phospholipids, inositol polyphosphates, and intracellular proteins.  Most C2 domain proteins are either signal transduction enzymes that contain a single C2 domain, such as protein kinase C, or membrane trafficking proteins which contain at least two C2 domains, such as synaptotagmin 1.  However, there are a few exceptions to this including RIM isoforms and some splice variants of piccolo/aczonin and intersectin which only have a single C2 domain.  C2 domains with a calcium binding region have negatively charged residues, primarily aspartates, that serve as ligands for calcium ions [[cite:PUB00081546], [cite:PUB00086719], [cite:PUB00081547], [cite:PUB00005039], [cite:PUB00081548]].</p>

<p>This entry represents the C2 domain of fungal PKC-like proteins.</p>"
1;IPR037312;"doi:10.1038/nature04670
imex:IM-15332
intact:EBI-6933337
mint:MINT-1978243
mint:MINT-5218454
pubmed:16554755";Protein kinase C-like, HR1 domain;<p>This entry represents the second HR1 domain found in fungal PKC-like proteins including Pkc1p from Saccharomyces cerevisiae, and Pck1p and Pck2p from Schizosaccharomyces pombe. The yeast PKC-like proteins play a critical role in regulating cell wall biosynthesis and maintaining cell wall integrity [[cite:PUB00086716]]. They contain two HR1 domains, C2 and C1 domains, and a kinase domain. HR1 domains are anti-parallel coiled-coil (ACC) domains that bind small GTPases from the Rho family [[cite:PUB00006207]]. The HR1 domains of Pck1p and Pck2p interact with GTP-bound Rho1p and Rho2p [[cite:PUB00086720]].</p>
1;IPR000961;"doi:10.1038/nature04670
imex:IM-15332
intact:EBI-6933337
mint:MINT-1978243
mint:MINT-5218454
pubmed:16554755";AGC-kinase, C-terminal;"<p>The AGC (cAMP-dependent, cGMP-dependent and protein kinase C) protein kinase family embraces a collection of protein kinases that display a high degree of sequence similarity within their respective kinase domains. AGC kinase proteins are characterised by three conserved phosphorylation sites that critically regulate their function. The first one is located in an activation loop in the centre of the kinase domain. The two other phosphorylation sites are located outside the kinase domain in a conserved region on its C-terminal side, the AGC-kinase C-terminal domain. These sites serves as phosphorylation-regulated switches to control both intra- and inter-molecular interactions. Without these priming phosphorylations, the kinases are catalytically inactive [[cite:PUB00043770], [cite:PUB00043771], [cite:PUB00043772]].</p>

<p>Several structures of the AGC-kinase C-terminal domain have been solved. The first phosphorylation site is located in a turn motif, the second one at the end of the domain in an hydrophobic pocket. In PKB the phosphorylated hydrophobic motif engages a hydrophobic groove within the N-lobe of the kinase domain which orders α helices close to the active site [[cite:PUB00022308]].</p>; <p>Protein phosphorylation, which plays a key role in most cellular activities, is a reversible process mediated by protein kinases and phosphoprotein phosphatases. Protein kinases catalyse the transfer of the gamma phosphate from nucleotide triphosphates (often ATP) to one or more amino acid residues in a protein substrate side chain, resulting in a conformational change affecting protein function. Phosphoprotein phosphatases catalyse the reverse process. 
Protein kinases fall into three broad classes, characterised with respect to substrate specificity [[cite:PUB00005115]]:</p>

<ul>
<li>Serine/threonine-protein kinases</li>
<li>Tyrosine-protein kinases</li>
<li>Dual specificity protein kinases (e.g. MEK -phosphorylates both Thr and Tyr on target proteins)</li>
</ul>

<p>Protein kinase function is evolutionarily conserved from Escherichia coli to human [[cite:PUB00020114]]. Protein kinases play a role in a multitude of cellular processes, including division, proliferation, apoptosis, and differentiation [[cite:PUB00015362]]. Phosphorylation usually results in a functional change of the target protein by changing enzyme activity, cellular location, or association with other proteins. The catalytic subunits of protein kinases are highly conserved, and several structures have been solved [[cite:PUB00034898]], leading to large screens to develop kinase-specific inhibitors for the treatments of a number of diseases [[cite:PUB00034899]].</p>"
1;IPR036274;"doi:10.1038/nature04670
imex:IM-15332
intact:EBI-6933337
mint:MINT-1978243
mint:MINT-5218454
pubmed:16554755";HR1 repeat superfamily;<p>HR1 was first described as a three times repeated homology region of the N-terminal non-catalytic part of protein kinase PRK1(PKN) [[cite:PUB00006204]]. The first two of these repeats were later shown to bind the small G protein rho [[cite:PUB00006205], [cite:PUB00006206]] known to activate PKN in its GTP-bound form. Similar rho-binding domains also occur in a number of other protein kinases and in the rho-binding proteins rhophilin and rhotekin. Recently, the structure of the N-terminal HR1 repeat complexed with RhoA has been determined by X-ray crystallography.  This domain contains two long α helices forming a left-handed antiparallel coiled-coil fold termed the antiparallel coiled- coil (ACC) finger domain. The two long helices encompass the basic region and the leucine repeat region, which are identified as the Rho-binding region [[cite:PUB00006207], [cite:PUB00031871], [cite:PUB00094802]].</p>
1;IPR011072;"doi:10.1038/nature04670
imex:IM-15332
intact:EBI-6933337
mint:MINT-1978243
mint:MINT-5218454
pubmed:16554755";HR1 rho-binding domain;"<p>This entry also includes Transducer of Cdc42-dependent actin assembly protein (TOCA) family proteins which contains a central HR1 (also known as Rho effector motif class 1, REM-1) which is closely related to Cdc42-interacting protein 4 (CIP4), effectors of the Rho family small G protein Cdc2 [[cite:PUB00094802]].</p>; <p>HR1 was first described as a three times repeated homology region of the N-terminal non-catalytic part of protein kinase PRK1(PKN) [[cite:PUB00006204]]. The first two of these repeats were later shown to bind the small G protein rho [[cite:PUB00006205], [cite:PUB00006206]] known to activate PKN in its GTP-bound form. Similar rho-binding domains also occur in a number of other protein kinases and in the rho-binding proteins rhophilin and rhotekin. Recently, the structure of the N-terminal HR1 repeat complexed with RhoA has been determined by X-ray crystallography.  This domain contains two long α helices forming a left-handed antiparallel coiled-coil fold termed the antiparallel coiled- coil (ACC) finger domain. The two long helices encompass the basic region and the leucine repeat region, which are identified as the Rho-binding region [[cite:PUB00006207], [cite:PUB00031871], [cite:PUB00094802]].</p>"
1;IPR011009;"doi:10.1038/nature04670
imex:IM-15332
intact:EBI-6933337
mint:MINT-1978243
mint:MINT-5218454
pubmed:16554755";Protein kinase-like domain superfamily;"<p>This entry represents the protein kinase domain superfamily containing the catalytic function of protein kinases. This domain is found in serine/threonine-protein kinases, tyrosine-protein kinases and dual-specificity protein kinases. Protein kinases ([interpro:IPR000719]) modify other proteins by chemically adding phosphate groups to them. This process is fundamental to most signalling and regulatory processes in the eukaryotic cell [[cite:PUB00014025]].</p>; <p>Eukaryotic protein kinases [[cite:PUB00003569], [cite:PUB00005115], [cite:PUB00015293], [cite:PUB00001530], [cite:PUB00003568]] are enzymes that belong to a very extensive family of proteins which share a conserved catalytic core common with both serine/threonine and tyrosine protein kinases. There are a number of conserved regions in the catalytic domain of protein kinases. In the N-terminal extremity of the catalytic domain there is a glycine-rich stretch of residues in the vicinity of a lysine residue, which has been shown to be involved in ATP binding. In the central part of the catalytic domain there is a conserved aspartic acid residue which is important for the catalytic activity of the enzyme [[cite:PUB00005145]].</p>; <p>Protein phosphorylation, which plays a key role in most cellular activities, is a reversible process mediated by protein kinases and phosphoprotein phosphatases. Protein kinases catalyse the transfer of the gamma phosphate from nucleotide triphosphates (often ATP) to one or more amino acid residues in a protein substrate side chain, resulting in a conformational change affecting protein function. Phosphoprotein phosphatases catalyse the reverse process. 
Protein kinases fall into three broad classes, characterised with respect to substrate specificity [[cite:PUB00005115]]:</p>

<ul>
<li>Serine/threonine-protein kinases</li>
<li>Tyrosine-protein kinases</li>
<li>Dual specificity protein kinases (e.g. MEK -phosphorylates both Thr and Tyr on target proteins)</li>
</ul>

<p>Protein kinase function is evolutionarily conserved from Escherichia coli to human [[cite:PUB00020114]]. Protein kinases play a role in a multitude of cellular processes, including division, proliferation, apoptosis, and differentiation [[cite:PUB00015362]]. Phosphorylation usually results in a functional change of the target protein by changing enzyme activity, cellular location, or association with other proteins. The catalytic subunits of protein kinases are highly conserved, and several structures have been solved [[cite:PUB00034898]], leading to large screens to develop kinase-specific inhibitors for the treatments of a number of diseases [[cite:PUB00034899]].</p>"
1;IPR042491;"doi:10.1038/nature04670
imex:IM-15332
intact:EBI-6933337
mint:MINT-1978243
mint:MINT-5218454
pubmed:16554755";Vacuolar protein sorting-associated protein 35, C-terminal;"<p>This superfamily represents the α-helical C-terminal domain found in vacuolar protein sorting-associated protein 35 (Vps35) from eukaryotes.</p>; <p>Vps35 is a core component of the retromer complex which functions in the endosome-to-Golgi retrieval cargo transport pathway [[cite:PUB00028000], [cite:PUB00075396]]. Vps35 is part of the a cargo-selective complex trimer (CSC) of the retromer, which is composed of Vps26, Vps29 and Vps35 and is responsible for binding to and sorting protein cargo [[cite:PUB00087283]]. Mutations in the Vps35 gene have been linked to Parkinson's disease [[cite:PUB00075395]]. Structurally, VPS35 forms a horseshoe-shaped, right-handed, α-helical solenoid [[cite:PUB00049218]].</p>"
1;IPR005378;"doi:10.1038/nature04670
imex:IM-15332
intact:EBI-6933337
mint:MINT-1978243
mint:MINT-5218454
pubmed:16554755";Vacuolar protein sorting-associated protein 35;"<p>This entry represents vacuolar protein sorting-associated protein 35 (Vps35) from eukaryotes.</p>; <p>Vps35 is a core component of the retromer complex which functions in the endosome-to-Golgi retrieval cargo transport pathway [[cite:PUB00028000], [cite:PUB00075396]]. Vps35 is part of the a cargo-selective complex trimer (CSC) of the retromer, which is composed of Vps26, Vps29 and Vps35 and is responsible for binding to and sorting protein cargo [[cite:PUB00087283]]. Mutations in the Vps35 gene have been linked to Parkinson's disease [[cite:PUB00075395]]. Structurally, VPS35 forms a horseshoe-shaped, right-handed, α-helical solenoid [[cite:PUB00049218]].</p>"
1;IPR042052;"doi:10.1038/nature22366
imex:IM-25778
pubmed:28514442";HSPA4, nucleotide-binding domain;"<p>Human HSPA4 (also known as 70kDa heat shock protein 4, APG-2, HS24/P52, hsp70 RY, and HSPH2) responds to acidic pH stress, is involved in the radioadaptive response, is required for normal spermatogenesis and is overexpressed in hepatocellular carcinoma [[cite:PUB00092330], [cite:PUB00092380], [cite:PUB00092393]]. It participates in a pathway along with NBS1 (Nijmegen breakage syndrome 1, also known as p85 or nibrin), heat shock transcription factor 4b (HDF4b), and HSPA14 (belonging to a different HSP70 subfamily) that induces tumor migration, invasion, and transformation [[cite:PUB00092330]]. HSPA4 expression in sperm was increased in men with oligozoospermia, especially in those with varicocele [[cite:PUB00092389]]. HSPA4 belongs to the 105/110kDa heat shock protein (HSP105/110) subfamily of the HSP70-like family [[cite:PUB00092391]]. HSP105/110s are believed to function generally as co-chaperones of HSP70 chaperones, acting as nucleotide exchange factors (NEFs), to remove ADP from their HSP70 chaperone partners during the ATP hydrolysis cycle. HSP70 chaperones assist in protein folding and assembly, and can direct incompetent 'client' proteins towards degradation. Like HSP70 chaperones, HSP105/110s have an N-terminal nucleotide-binding domain (NBD) and a C-terminal substrate-binding domain (SBD) [[cite:PUB00092303]].</p>

<p>This entry represents the N-terminal nucleotide-binding domain of HSPA4.</p>"
1;IPR035187;"doi:10.1038/415180a
imex:IM-8299
intact:EBI-16263388
pubmed:11805837";Mitochondrial peculiar membrane protein 1;<p>This family contains mitochondrial peculiar membrane proteins, found predominantly in Saccharomycetales. Proteins in this entry include Mpm1 from S. cerevisiae [[cite:PUB00085239]].</p>
1;IPR015943;"doi:10.1038/nature04670
imex:IM-15332
intact:EBI-6933337
mint:MINT-1978243
mint:MINT-5218454
pubmed:16554755";WD40/YVTN repeat-like-containing domain superfamily;<p>This superfamily represents a WD40/YVTN repeat-like domain. Both the WD40 and the YVTN repeated motifs consist of about 40 residues, and although they consist of distinct sequences, they do share a similar structure. Structurally, both the WD40 and the YVTN repeated motifs form seven-bladed propellers (although some members can contain eight blades), which consist of seven 4-stranded β-sheets.</p>
1;IPR048720;"doi:10.1038/nature04670
imex:IM-15332
intact:EBI-6933337
mint:MINT-1978243
mint:MINT-5218454
pubmed:16554755";PROPPIN;<p>This entry includes PROPPIN family members, which are β-propellers that bind polyphosphoinositides, conserved from yeast to human. These are PI(3)P sensors that share a β-propeller fold and the presence of an FRRG motif required for phosphoinositide binding and autophagy, playing a key role in autophagosome biogenesis. Four PROPPINs are known in human (WIPI1-4) and three in yeast (Atg18, Atg21 and Hvs2) [[cite:PUB00077153], [cite:PUB00100969], [cite:PUB00152041], [cite:PUB00152043], [cite:PUB00152042], [cite:PUB00151667]]. EPG6 from C. elegans is an homologue of human WIPI4 [[cite:PUB00151667]].</p>
1;IPR001680;"doi:10.1038/nature04670
imex:IM-15332
intact:EBI-6933337
mint:MINT-1978243
mint:MINT-5218454
pubmed:16554755";WD40 repeat;<p>WD-40 repeats (also known as WD or β-transducin repeats) are short ~40 amino acid motifs, often terminating in a Trp-Asp (W-D) dipeptide. WD40 repeats usually assume a 7-8 bladed β-propeller fold, but proteins have been found with 4 to 16 repeated units, which also form a circularised β-propeller structure. WD-repeat proteins are a large family found in all eukaryotes and are implicated in a variety of functions ranging from signal transduction and transcription regulation to cell cycle control and apoptosis. Repeated WD40 motifs act as a site for protein-protein or protein-DNA  interaction, and proteins containing WD40 repeats are known to serve as platforms for the assembly of protein complexes or mediators of transient interplay among other proteins [[cite:PUB00094364]]. The specificity of the proteins is determined by the sequences outside the repeats themselves. Examples of such complexes are G proteins (beta subunit is a β-propeller), TAFII transcription factor, and E3 ubiquitin ligase [[cite:PUB00015237], [cite:PUB00005491]]. In Arabidopsis spp., several WD40-containing proteins act as key regulators of plant-specific developmental events.</p>
1;IPR036322;"doi:10.1038/nature04670
imex:IM-15332
intact:EBI-6933337
mint:MINT-1978243
mint:MINT-5218454
pubmed:16554755";WD40-repeat-containing domain superfamily;"<p>This entry identifies a domain superfamily containing adjacent WD repeats. These WD repeats are located on β-sheets (blades) that fold into a higher order  structure called β-propeller.</p>; <p>WD-40 repeats (also known as WD or β-transducin repeats) are short ~40 amino acid motifs, often terminating in a Trp-Asp (W-D) dipeptide. WD40 repeats usually assume a 7-8 bladed β-propeller fold, but proteins have been found with 4 to 16 repeated units, which also form a circularised β-propeller structure. WD-repeat proteins are a large family found in all eukaryotes and are implicated in a variety of functions ranging from signal transduction and transcription regulation to cell cycle control and apoptosis. Repeated WD40 motifs act as a site for protein-protein or protein-DNA  interaction, and proteins containing WD40 repeats are known to serve as platforms for the assembly of protein complexes or mediators of transient interplay among other proteins [[cite:PUB00094364]]. The specificity of the proteins is determined by the sequences outside the repeats themselves. Examples of such complexes are G proteins (beta subunit is a β-propeller), TAFII transcription factor, and E3 ubiquitin ligase [[cite:PUB00015237], [cite:PUB00005491]]. In Arabidopsis spp., several WD40-containing proteins act as key regulators of plant-specific developmental events.</p>"
1;IPR004088;"doi:10.1016/j.cell.2021.04.011
imex:IM-29278
pubmed:33961781";K Homology domain, type 1;"<p>The K homology (KH) domain was first identified in the human heterogeneous nuclear ribonucleoprotein (hnRNP) K. It is a domain of around 70 amino acids that is present in a wide variety of quite diverse nucleic acid-binding proteins [[cite:PUB00005188]]. It has been shown to bind RNA [[cite:PUB00005961], [cite:PUB00005962]]. Like many other RNA-binding motifs, KH motifs are found in one or multiple copies (14 copies in chicken vigilin) and, at least for hnRNP K (three copies) and FMR-1 (two copies), each motif is necessary for<i>in vitro</i>RNA binding activity, suggesting that they may function cooperatively or, in the case of single KH motif proteins (for example, Mer1p), independently [[cite:PUB00005188]].</p>

<p>According to structural [[cite:PUB00005961], [cite:PUB00005962], [cite:PUB00007305]] analysis the KH domain can be separated in two groups. The first group or type-1 contain a β-α-α-β-β-α structure, whereas in the type-2 the two last β-sheet are located in the N-terminal part of the domain (α-β-β-α-α-β). Sequence similarity between these two folds are limited to a short region (VIGXXGXXI) in the RNA binding motif. This motif is located between helices 1 and 2 in type-1 and between helices 2 and 3 in type-2. Proteins known to contain a type-1 KH domain include bacterial polyribonucleotide nucleotidyltransferase ([ec:2.7.7.8]); vertebrate Fragile X messenger ribonucleoprotein 1 (FMR1); eukaryotic heterogeneous nuclear ribonucleoprotein K (hnRNP K), one of at least 20 major proteins that are part of hnRNP particles in mammalian cells; mammalian poly(rC) binding proteins; Artemia salina glycine-rich protein GRP33; yeast PAB1-binding protein 2 (PBP2); vertebrate vigilin; and human high-density lipoprotein binding protein (HDL-binding protein).</p>"
1;IPR004087;"doi:10.1016/j.cell.2021.04.011
imex:IM-29278
pubmed:33961781";K Homology domain;"<p>The K homology (KH) domain was first identified in the human heterogeneous nuclear ribonucleoprotein  (hnRNP) K.  An evolutionarily conserved sequence of around 70 amino acids, the KH domain is present in a wide variety of nucleic acid-binding proteins. The KH domain binds RNA, and can function in RNA recognition [[cite:PUB00035579]]. It is found in multiple copies in several proteins, where they can function cooperatively or independently.  For example, in the AU-rich element RNA-binding protein KSRP, which has 4 KH domains, KH domains 3 and 4 behave as independent binding modules to interact with different regions of the AU-rich RNA targets [[cite:PUB00035579]]. The solution structure of the first KH domain of FMR1 [[cite:PUB00005961]] and of the C-terminal KH domain of hnRNP K [[cite:PUB00005962]] determined by nuclear magnetic resonance
(NMR) revealed a β-α-α-β-β-α structure. Proteins containing KH domains include:</p>

<ul>
<li>Bacterial and organelle PNPases [[cite:PUB00035580]].</li>
<li>Archaeal and eukaryotic exosome subunits [[cite:PUB00035581]].</li>
<li>Eukaryotic and prokaryotic small ribosomal subunit proteins uS3 [[cite:PUB00035582]].</li>
<li>Vertebrate Fragile X messenger ribonucleoprotein 1 (FMR1) [[cite:PUB00035583]].</li>
<li>Vigilin, which has 14 KH domains [[cite:PUB00035584]].</li>
<li>AU-rich element RNA-binding protein KSRP.</li>
<li>hnRNP K, which contains 3 KH domains.</li>
<li>Human onconeural ventral antigen-1 (NOVA-1) [[cite:PUB00021445]].</li>
</ul>

<p>According to structural analyses [[cite:PUB00005961], [cite:PUB00005962], [cite:PUB00007305]], the KH domain can be separated in two groups - type 1 and type 2.</p>"
1;IPR036612;"doi:10.1016/j.cell.2021.04.011
imex:IM-29278
pubmed:33961781";K Homology domain, type 1 superfamily;"<p>The K homology (KH) domain was first identified in the human heterogeneous nuclear ribonucleoprotein (hnRNP) K. It is a domain of around 70 amino acids that is present in a wide variety of quite diverse nucleic acid-binding proteins [[cite:PUB00005188]]. It has been shown to bind RNA [[cite:PUB00005961], [cite:PUB00005962]]. Like many other RNA-binding motifs, KH motifs are found in one or multiple copies (14 copies in chicken vigilin) and, at least for hnRNP K (three copies) and FMR-1 (two copies), each motif is necessary for<i>in vitro</i>RNA binding activity, suggesting that they may function cooperatively or, in the case of single KH motif proteins (for example, Mer1p), independently [[cite:PUB00005188]].</p>

<p>According to structural [[cite:PUB00005961], [cite:PUB00005962], [cite:PUB00007305]] analysis the KH domain can be separated in two groups. The first group or type-1 contain a β-α-α-β-β-α structure, whereas in the type-2 the two last β-sheet are located in the N-terminal part of the domain (α-β-β-α-α-β). Sequence similarity between these two folds are limited to a short region (VIGXXGXXI) in the RNA binding motif. This motif is located between helices 1 and 2 in type-1 and between helices 2 and 3 in type-2. Proteins known to contain a type-1 KH domain include bacterial polyribonucleotide nucleotidyltransferase ([ec:2.7.7.8]); vertebrate Fragile X messenger ribonucleoprotein 1 (FMR1); eukaryotic heterogeneous nuclear ribonucleoprotein K (hnRNP K), one of at least 20 major proteins that are part of hnRNP particles in mammalian cells; mammalian poly(rC) binding proteins; Artemia salina glycine-rich protein GRP33; yeast PAB1-binding protein 2 (PBP2); vertebrate vigilin; and human high-density lipoprotein binding protein (HDL-binding protein).</p>"
1;IPR004001;"doi:10.1038/415180a
imex:IM-8299
intact:EBI-16263388
pubmed:11805837";Actin, conserved site;"<p>Actin [[cite:PUB00000090], [cite:PUB00001058]] is a ubiquitous protein involved in the formation of filaments that are major components of the cytoskeleton. These filaments interact with myosin to produce a sliding effect, which is the basis of muscular contraction and many aspects of cell motility, including cytokinesis. Each actin protomer binds one molecule of ATP and has one high affinity site for either calcium or magnesium ions, as well as several low affinity sites. Actin exists as a monomer in low salt concentrations, but filaments form rapidly as salt concentration rises, with the consequent hydrolysis of ATP. Actin from many sources forms a tight complex with deoxyribonuclease (DNase I) although the significance of this is still unknown. The formation of this complex results in the inhibition of DNase I activity, and actin loses its ability to polymerise. It has been shown that an ATPase domain of actin shares similarity with ATPase domains of hexokinase and hsp70 proteins [[cite:PUB00004744], [cite:PUB00004796]].</p>

<p>In vertebrates there are three groups of actin isoforms: alpha, beta and gamma. The alpha actins are found in muscle tissues and are a major constituent of the contractile apparatus. The beta and gamma actins co-exists in most cell types as components of the cytoskeleton and as mediators of internal cell motility. In plants there are many isoforms which are probably involved in a variety of functions such as cytoplasmic streaming, cell shape determination, tip growth, graviperception, cell wall deposition, etc.</p>"
1;IPR020902;"doi:10.1038/415180a
imex:IM-8299
intact:EBI-16263388
pubmed:11805837";Actin/actin-like conserved site;"<p>Actin [[cite:PUB00000090], [cite:PUB00001058]] is a ubiquitous protein involved in the formation of filaments that are major components of the cytoskeleton. These filaments interact with myosin to produce a sliding effect, which is the basis of muscular contraction and many aspects of cell motility, including cytokinesis. Each actin protomer binds one molecule of ATP and has one high affinity site for either calcium or magnesium ions, as well as several low affinity sites. Actin exists as a monomer in low salt concentrations, but filaments form rapidly as salt concentration rises, with the consequent hydrolysis of ATP. Actin from many sources forms a tight complex with deoxyribonuclease (DNase I) although the significance of this is still unknown. The formation of this complex results in the inhibition of DNase I activity, and actin loses its ability to polymerise. It has been shown that an ATPase domain of actin shares similarity with ATPase domains of hexokinase and hsp70
proteins [[cite:PUB00004744], [cite:PUB00004796]].</p>

<p>In vertebrates there are three groups of actin isoforms: alpha, beta and gamma. The alpha actins are found in muscle tissues and are a major constituent of the contractile apparatus. The beta and gamma actins co-exists in most cell types as components of the cytoskeleton and as mediators of internal cell motility. In plants there are many isoforms which are probably involved in a variety of functions such as cytoplasmic streaming, cell shape determination,  tip growth, graviperception, cell wall deposition, etc.</p>

<p>Recently some divergent actin-like proteins have been identified in several species. These proteins include centractin (actin-RPV) from mammals, fungi yeast ACT5, Neurospora crassa ro-4 and Pneumocystis carinii, which seems to be a component of a multi-subunit centrosomal complex involved in microtubule based vesicle motility (this subfamily is known as ARP1); ARP2 subfamily, which includes chicken ACTL, Saccharomyces cerevisiae ACT2, Drosophila melanogaster 14D and Caenorhabditis elegans actC; ARP3 subfamily, which includes actin 2 from mammals, Drosophila 66B, yeast ACT4 and Schizosaccharomyces pombe act2; and ARP4 subfamily,  which includes yeast ACT3 and Drosophila 13E.</p>; <p>This entry contains a signature that picks up both actins and the actin-like proteins and corresponds to positions 106 to 118 in actins.</p>"
1;IPR004000;"doi:10.1038/415180a
imex:IM-8299
intact:EBI-16263388
pubmed:11805837";Actin family;"<p>Actin [[cite:PUB00000090], [cite:PUB00001058]] is a ubiquitous protein involved in the formation of filaments that are major components of the cytoskeleton. These filaments interact with myosin to produce a sliding effect, which is the basis of muscular contraction and many aspects of cell motility, including cytokinesis. Each actin protomer binds one molecule of ATP and has one high affinity site for either calcium or magnesium ions, as well as several low affinity sites. Actin exists as a monomer in low salt concentrations, but filaments form rapidly as salt concentration rises, with the consequent hydrolysis of ATP. Actin from many sources forms a tight complex with deoxyribonuclease (DNase I) although the significance of this is still unknown. The formation of this complex results in the inhibition of DNase I activity, and actin loses its ability to polymerise. It has been shown that an ATPase domain of actin shares similarity with ATPase domains of hexokinase and hsp70
proteins [[cite:PUB00004744], [cite:PUB00004796]].</p>

<p>In vertebrates there are three groups of actin isoforms: alpha, beta and gamma. The alpha actins are found in muscle tissues and are a major constituent of the contractile apparatus. The beta and gamma actins co-exists in most cell types as components of the cytoskeleton and as mediators of internal cell motility. In plants there are many isoforms which are probably involved in a variety of functions such as cytoplasmic streaming, cell shape determination,  tip growth, graviperception, cell wall deposition, etc.</p>

<p>Recently some divergent actin-like proteins have been identified in several species. These proteins include centractin (actin-RPV) from mammals, fungi yeast ACT5, Neurospora crassa ro-4 and Pneumocystis carinii, which seems to be a component of a multi-subunit centrosomal complex involved in microtubule based vesicle motility (this subfamily is known as ARP1); ARP2 subfamily, which includes chicken ACTL, Saccharomyces cerevisiae ACT2, Drosophila melanogaster 14D and Caenorhabditis elegans actC; ARP3 subfamily, which includes actin 2 from mammals, Drosophila 66B, yeast ACT4 and Schizosaccharomyces pombe act2; and ARP4 subfamily,  which includes yeast ACT3 and Drosophila 13E.</p>"
1;IPR012716;"doi:10.1038/nature22366
imex:IM-25778
pubmed:28514442";T-complex protein 1, beta subunit;"<p>Members of this eukaryotic family are part of the group II chaperonin complex called CCT (chaperonin containing TCP-1 or Tailless Complex Polypeptide 1) or TRiC [[cite:PUB00004127], [cite:PUB00001019]]. Chaperonins are involved in productive folding of proteins [[cite:PUB00080867]]. They share a common general morphology, a double toroid of 2 stacked rings. The archaeal equivalent group II chaperonin is often called the thermosome [[cite:PUB00080871]]. Both the thermosome and the TCP-1 family of proteins are weakly, but significantly [[cite:PUB00004124]], related to the cpn60/groEL chaperonin family (see [interpro:IPR001844]).</p>

<p>The TCP-1 protein was first identified in mice where it is especially abundant in testis but present in all cell types. It has since been found and characterised in many other animal species, as well as in yeast, plants and protists. The TCP1 complex has a double-ring structure with central cavities where protein folding takes place [[cite:PUB00074264]]. TCP-1 is a highly conserved protein of about 60kDa (556 to 560 residues) which participates in a hetero-oligomeric 900kDa double-torus shaped particle [[cite:PUB00004129]] with 6 to 8 other different, but homologous,  subunits [[cite:PUB00064264]]. These subunits, the chaperonin containing TCP-1 (CCT) subunit beta, gamma, delta, epsilon, zeta and eta are evolutionary related to TCP-1 itself [[cite:PUB00001034], [cite:PUB00005432]]. Non-native proteins are sequestered inside the central cavity and folding is promoted by using energy derived from ATP hydrolysis [[cite:PUB00080868], [cite:PUB00080869], [cite:PUB00080873]]. The CCT is known to act as a molecular chaperone for tubulin, actin and probably some other proteins [[cite:PUB00074265], [cite:PUB00074266]].</p>; <p>This family consists exclusively of the CCT beta chain (part of a paralogous family) from animals, plants, fungi, and other eukaryotes.</p>"
1;IPR002194;"doi:10.1038/nature22366
imex:IM-25778
pubmed:28514442";Chaperonin TCP-1, conserved site;"<p>The TCP-1 protein [[cite:PUB00004127], [cite:PUB00001019]] (Tailless Complex Polypeptide 1) was first identified in mice where it is especially abundant in testis but present in all cell types. It has since been found and characterised in many other animal species, as well as in yeast, plants and protists. TCP-1 is a highly conserved protein of about 60kDa (556 to 560 residues) which participates in a hetero-oligomeric 900kDa double-torus shaped particle [[cite:PUB00004129]] with 6 to 8 other different subunits. These subunits, the chaperonin containing TCP-1 (CCT) subunit beta, gamma, delta, epsilon, zeta and eta are evolutionary related to TCP-1 itself [[cite:PUB00001034], [cite:PUB00005432]]. The CCT is known to act as a molecular chaperone for tubulin, actin and probably some other proteins.</p>
<p>The CCT subunits are highly related to archaebacterial counterparts:</p>
<ul><li>TF55 and TF56 [[cite:PUB00004112]], a molecular chaperone from Sulfolobus shibatae. TF55 has ATPase activity, is known to bind unfolded polypeptides and forms a oligomeric complex of two stacked nine-membered rings.</li>
<li>Thermosome [[cite:PUB00000756]], from Thermoplasma acidophilum. The thermosome is composed of two subunits (alpha and beta) and also seems to be a chaperone with ATPase activity. It forms an oligomeric complex of eight-membered rings.</li></ul>
<p>The TCP-1 family of proteins are weakly, but significantly [[cite:PUB00004124]], related to the cpn60/groEL chaperonin family (see [interpro:IPR001844]).</p>"
1;IPR053374;"doi:10.1038/nature22366
imex:IM-25778
pubmed:28514442";;
1;IPR027410;"doi:10.1038/nature22366
imex:IM-25778
pubmed:28514442";TCP-1-like chaperonin intermediate domain superfamily;"<p>Chaperonins are large cylindrical structures that transiently enclose a partially folded polypeptide and allow it to continue folding in a sequestered environment. Chaperonins are grouped into two families: group I chaperonins, found in eubacteria (e.g. GroEL in Escherichia coli) and eukaryotic organelles of eubacterial descent (e.g. Cpn60 in mitochondria and chloroplasts), and group II chaperonins, found in archaea and the eukaryotic cytosol (CCT or TCP-1 complex) [[cite:PUB00064262], [cite:PUB00064264]]. Both groups share a common monomer architecture of three domains: an equatorial domain that carries ATPase activity, an intermediate domain, and an apical domain, involved in substrate binding [[cite:PUB00064263], [cite:PUB00021689]].</p>

<p>This superfamily represents the intermediate domain of type II chaperonins.</p>"
1;IPR027413;"doi:10.1038/nature22366
imex:IM-25778
pubmed:28514442";GroEL-like equatorial domain superfamily;"<p>Chaperonins are large cylindrical structures that transiently enclose a partially folded polypeptide and allow it to continue folding in a sequestered environment. Chaperonins are grouped into two families: group I chaperonins, found in eubacteria (e.g. GroEL in Escherichia coli) and eukaryotic organelles of eubacterial descent (e.g. Cpn60 in mitochondria and chloroplasts), and group II chaperonins, found in archaea and the eukaryotic cytosol (CCT or TCP-1 complex) [[cite:PUB00064262], [cite:PUB00064264]]. Both groups share a common monomer architecture of three domains: an equatorial domain that carries ATPase activity, an intermediate domain, and an apical domain, involved in substrate binding [[cite:PUB00064263], [cite:PUB00021689], [cite:PUB00064971]].</p>

<p>This superfamily represents the equatorial domain.</p>"
1;IPR027409;"doi:10.1038/nature22366
imex:IM-25778
pubmed:28514442";GroEL-like apical domain superfamily;"<p>Chaperonins are large cylindrical structures that transiently enclose a partially folded polypeptide and allow it to continue folding in a sequestered environment. Chaperonins are grouped into two families: group I chaperonins, found in eubacteria (e.g. GroEL in Escherichia coli) and eukaryotic organelles of eubacterial descent (e.g. Cpn60 in mitochondria and chloroplasts), and group II chaperonins, found in archaea and the eukaryotic cytosol (CCT or TCP-1 complex) [[cite:PUB00064262], [cite:PUB00064264]]. Both groups share a common monomer architecture of three domains: an equatorial domain that carries ATPase activity, an intermediate domain, and an apical domain, involved in substrate binding [[cite:PUB00064263], [cite:PUB00021689]].</p>

<p>This superfamily represents the apical domain.</p>"
1;IPR017998;"doi:10.1038/nature22366
imex:IM-25778
pubmed:28514442";T-complex protein 1;<p>Protein folding is generally thought to result solely from properties inherent in the polypeptide primary sequence. However, additional proteins known as molecular chaperones are sometimes required to mediate correct folding and subsequent oligomer assembly [[cite:PUB00004022]]. These chaperones bind to specific protein surfaces, preventing incorrect folding and the formation of non-functional structures [[cite:PUB00001821]].T-complex protein 1 (TCP-1) is a highly conserved cytosolic molecular chaperone [[cite:PUB00044610]]. TCP-1 has also been shown to associate with Golgi membranes and microtubules, the latter suggesting a role in mitotic spindle formation during cell division, particularly in sperm where it is highly abundant [[cite:PUB00004112]]. Structurally, TCP-1 forms a double-ring complex comprising 6-8 subunits per ring, similar to the architecture of the 10 kDa and 60 kDa chaperonins. The amino acid sequence shows significant similarity to the 60 kDa chaperonin and to TF55, a chaperone from the archaeon Sulfolobus shibatae [[cite:PUB00004112]].</p>
1;IPR002423;"doi:10.1038/nature22366
imex:IM-25778
pubmed:28514442";Chaperonin Cpn60/GroEL/TCP-1 family;"<p>The assembly of proteins has been thought to be the sole result of properties inherent in the primary sequence of polypeptides themselves. In some cases, however, structural information from other protein molecules is required for correct folding and subsequent assembly into oligomers [[cite:PUB00004022]]. These 'helper' molecules are referred to as molecular chaperones, a subfamily of which are the chaperonins [[cite:PUB00004550]], which include 10kDa and 60kDa proteins. These are found in abundance in prokaryotes, chloroplasts and mitochondria. They are required for normal cell growth (as demonstrated by the fact that no temperature sensitive mutants for the chaperonin genes can be found in the temperature range 20 to 43 degrees centigrade [[cite:PUB00004022]]), and are stress-induced, acting to stabilise or protect disassembled polypeptides under heat-shock conditions [[cite:PUB00004550]].</p>

<p>The 10kDa chaperonin (Cpn10) and its bacterial homologue groES, exist as a ring-shaped oligomer of between 6 to 8 identical subunits, whereas the 60kDa chaperonin (Cpn60) and its bacterial homologue groEL, form a structure comprising 2 stacked rings, each ring containing 7 identical subunits [[cite:PUB00004022]]. These ring structures assemble by self-stimulation in the presence of Mg2+-ATP. The Cpn10 and Cpn60 oligomers also require Mg2+-ATP in order to interact to form a functional complex, although the mechanism of this interaction is as yet unknown [[cite:PUB00002183]]. This chaperonin complex is essential for the correct folding and assembly of polypeptides into oligomeric structures, of which the chaperonins themselves are not a part [[cite:PUB00004550]]. The binding of Cpn10 to Cpn60 inhibits the weak ATPase activity of Cpn60.</p>

<p>TCP-1 (t-complex polypeptide 1) is a subunit of the hetero-oligomeric complex CCT (chaperonin containing TCP- 1) present in the eukaryotic cytosol. It is a member of the chaperonin family which includes GroEL, 60kDa heat shock protein (Hsp60), Rubisco subunit binding protein (RBP) and thermophilic factor 55 (TF55) [[cite:PUB00064264]].</p>

<p>BBS10 and BBS10 chaperonins play a role in the assembly of BBSome, a complex involved in ciliogenesis regulating transports vesicles to the cilia [[cite:PUB00069285]].</p>"
1;IPR008826;"doi:10.1016/j.cell.2021.04.011
imex:IM-29278
pubmed:33961781";Selenium-binding protein;<p>This family consists of selenium binding proteins from eukaryotes, bacteria and archaea. Human selenium-binding protein 1 (SELENBP1) is a methanethiol oxidase (MTO) that converts methanethiol to H2O2, formaldehyde, and H2S [[cite:PUB00088397]]. Bovine SBP56 has been shown to participate in late stages of intra-Golgi protein transport [[cite:PUB00011458]]. The Lotus japonicus homologue of SBP56, LjSBP is thought to have more than one physiological role, and can be implicated in controlling the oxidation/reduction status of target proteins in vesicular Golgi transport [[cite:PUB00011459]].</p>
1;IPR007740;"imex:IM-30183
intact:EBI-61099167
pubmed:40205054";Large ribosomal subunit protein mL49;"<p>This entry represents the large ribosomal subunit protein mL49. This family of proteins has been identified as part of the mitochondrial large ribosomal subunit in Saccharomyces cerevisiae [[cite:PUB00010175]]. In yeast , this protein was previously known as IMG2 and in mammals as MRPL49.</p>; <p>Ribosomes are the particles that catalyse mRNA-directed protein synthesis in all organisms. The codons of the mRNA are exposed on the ribosome to allow tRNA binding. This leads to the incorporation of amino acids into the growing polypeptide chain in accordance with the genetic information. Incoming amino acid monomers enter the ribosomal A site in the form of aminoacyl-tRNAs complexed with elongation factor Tu (EF-Tu) and GTP. The growing polypeptide chain, situated in the P site as peptidyl-tRNA, is then transferred to aminoacyl-tRNA, and the new peptidyl-tRNA, extended by one residue, is translocated to the P site with the aid of the elongation factor G (EF-G) and GTP as the deacylated tRNA is released from the ribosome through one or more exit sites [[cite:PUB00007068], [cite:PUB00007069]]. About 2/3 of the mass of the ribosome consists of RNA and 1/3 consists of protein. The proteins are named in accordance with the subunit of the ribosome which they belong to: the small (S1 to S31) and the large (L1 to L44). Usually they decorate the rRNA cores of the subunits.</p>

<p>Many ribosomal proteins, particularly those of the large subunit, are composed of a globular, surfaced-exposed domain with long finger-like projections that extend into the rRNA core to stabilise its structure. Most of the proteins interact with multiple RNA elements, often from different domains. In the large subunit, about 1/3 of the 23S rRNA nucleotides are at least in van der Waals' contact with protein, and L22 interacts with all six domains of the 23S rRNA. Proteins S4 and S7, which initiate assembly of the 16S rRNA, are located at junctions of five and four RNA helices, respectively. In this way, proteins serve to organise and stabilise the rRNA tertiary structure. While the crucial activities of decoding and peptide transfer are RNA-based, proteins play an active role in functions that may have evolved to streamline the process of protein synthesis. In addition to their function in the ribosome, many ribosomal proteins have some function 'outside' the ribosome [[cite:PUB00007069], [cite:PUB00007070]].</p>"
1;IPR051342;"imex:IM-23318
pubmed:25416956";PDZ domain-containing scaffold protein;<p>This family of proteins includes scaffolding proteins that play key roles in cellular signaling, localization, and structural integrity. They are involved in the formation and maintenance of tight junctions and epithelial cell polarity. Some family members act as E3 ubiquitin-protein ligases, mediating ubiquitination and degradation of specific substrates. Others are implicated in synaptic plasticity, participating in NMDAR signaling complexes that may control AMPAR potentiation. These proteins often contain PDZ domains that mediate interactions with various partners, influencing processes such as vesicle transport, cell migration, and the organization of multiprotein complexes. The family also includes proteins that regulate the feedback of phototransduction in photoreceptors and proteins that may affect the surface expression and function of ion channels in sensory neurons.</p>
1;IPR017907;"imex:IM-23318
pubmed:25416956";Zinc finger, RING-type, conserved site;"<p>A number of eukaryotic and viral proteins contain a conserved cysteine-rich domain of 40 to 60 residues (called C3HC4 zinc-finger or 'RING' finger) [[cite:PUB00001094]] that binds two atoms of zinc. There are two different variants, the C3HC4-type and the C3H2C3-type, which is clearly related despite the different cysteine/histidine pattern. The latter type is sometimes referred to as ""RING-H2 finger"". The 3D structure [[cite:PUB00017951]] of the zinc ligation system is referred to as the ""cross-brace"" motif. This atypical conformation is also shared by the FYVE (see [prositedoc:PDOC50178]) and PHD (see [prositedoc:PDOC50016]) domains. Many proteins containing a RING finger play a key role in the ubiquitination pathway. The ubiquitination pathway generally involves three types of enzyme, know as E1, E2 and E3. E1 and E2 are ubiquitin conjugating enzymes. E1 acts first and passes ubiquitin to E2. E3 are ubiquitin protein ligases, responsible for substrate recognition. It has been shown [[cite:PUB00017952], [cite:PUB00017953]] that several RING fingers act as E3 enzymes in the ubiquitination process.</p>; <p>Zinc finger (Znf) domains are relatively small protein motifs which contain multiple finger-like protrusions that make tandem contacts with their target molecule. Some of these domains bind zinc, but many do not; instead, they bind other metals, such as iron, or no metal at all. For example, some family members form salt bridges to stabilise the finger-like folds. They were first identified as a DNA-binding motif in transcription factor TFIIIA from Xenopus laevis (African clawed frog); however, they are now recognised to bind DNA, RNA, protein and/or lipid substrates [[cite:PUB00035807], [cite:PUB00035805], [cite:PUB00035806], [cite:PUB00035804], [cite:PUB00014077]]. Their binding properties depend on the amino acid sequence of the finger domains and of the linker between fingers, as well as on the higher-order structures and the number of fingers. Znf domains are often found in clusters, where fingers can have different binding specificities. There are many superfamilies of Znf motifs, varying in both sequence and structure. They display considerable versatility in binding modes, even between members of the same class (e.g., some bind DNA, others protein), suggesting that Znf motifs are stable scaffolds that have evolved specialised functions. For example, Znf-containing proteins function in gene transcription, translation, mRNA trafficking, cytoskeleton organisation, epithelial development, cell adhesion, protein folding, chromatin remodelling and zinc sensing, to name but a few [[cite:PUB00035812]]. Zinc-binding motifs are stable structures, and they rarely undergo conformational changes upon binding their target.</p>"
1;IPR036034;"imex:IM-23318
pubmed:25416956";PDZ superfamily;<p>PDZ domains (also known as Discs-large homologous regions (DHR) or GLGF)) are found in diverse signalling proteins in bacteria, yeasts, plants, insects and vertebrates [[cite:PUB00005049], [cite:PUB00000735]]. PDZ domains can occur in one or multiple copies and are nearly always found in cytoplasmic proteins. They bind either the carboxyl-terminal sequences of proteins or internal peptide sequences [[cite:PUB00000735]]. In most cases, interaction between a PDZ domain and its target is constitutive, with a binding affinity of 1 to 10 microns. However, agonist-dependent activation of cell surface receptors is sometimes required to promote interaction with a PDZ protein. PDZ domain proteins are frequently associated with the plasma membrane, a compartment where high concentrations of phosphatidylinositol 4,5-bisphosphate (PIP2) are found. Direct interaction between PIP2 and a subset of class II PDZ domains (syntenin, CASK, Tiam-1) has been demonstrated.</p>
1;IPR018957;"imex:IM-23318
pubmed:25416956";Zinc finger, C3HC4 RING-type;"<p>The C3HC4 type zinc-finger (RING finger) is a cysteine-rich domain of 40 to 60 residues that coordinates two zinc ions, and has the consensus sequence: C-X2-C-X(9-39)-C-X(1-3)-H-X(2-3)-C-X2-C-X(4-48)-C-X2-C where X is any amino acid [[cite:PUB00001094]]. Many proteins containing a RING finger play a key role in the ubiquitination pathway [[cite:PUB00017952]].</p>; <p>Zinc finger (Znf) domains are relatively small protein motifs which contain multiple finger-like protrusions that make tandem contacts with their target molecule. Some of these domains bind zinc, but many do not; instead, they bind other metals, such as iron, or no metal at all. For example, some family members form salt bridges to stabilise the finger-like folds. They were first identified as a DNA-binding motif in transcription factor TFIIIA from Xenopus laevis (African clawed frog); however, they are now recognised to bind DNA, RNA, protein and/or lipid substrates [[cite:PUB00035807], [cite:PUB00035805], [cite:PUB00035806], [cite:PUB00035804], [cite:PUB00014077]]. Their binding properties depend on the amino acid sequence of the finger domains and of the linker between fingers, as well as on the higher-order structures and the number of fingers. Znf domains are often found in clusters, where fingers can have different binding specificities. There are many superfamilies of Znf motifs, varying in both sequence and structure. They display considerable versatility in binding modes, even between members of the same class (e.g., some bind DNA, others protein), suggesting that Znf motifs are stable scaffolds that have evolved specialised functions. For example, Znf-containing proteins function in gene transcription, translation, mRNA trafficking, cytoskeleton organisation, epithelial development, cell adhesion, protein folding, chromatin remodelling and zinc sensing, to name but a few [[cite:PUB00035812]]. Zinc-binding motifs are stable structures, and they rarely undergo conformational changes upon binding their target.</p>"
1;IPR001841;"imex:IM-23318
pubmed:25416956";Zinc finger, RING-type;"<p>This entry represents RING-type zinc finger domains. The RING-finger is a specialised type of Zn-finger of 40 to 60 residues that binds two atoms of zinc, and is probably involved in mediating protein-protein interactions [[cite:PUB00005712], [cite:PUB00001094], [cite:PUB00006216]]. There are two different variants, the C3HC4-type and a C3H2C3-type, which are clearly related despite the different cysteine/histidine pattern. The latter type is sometimes referred to as 'RING-H2 finger'. The RING domain is a protein interaction domain that has been implicated in a range of diverse biological processes. E3 ubiquitin-protein ligase, in Homo sapiens [swissprot:Q06587], activity is intrinsic to the RING domain of c-Cbl and is likely to be a general function of this domain. E3 ubiquitin-protein ligases determine the substrate specificity for ubiquitylation and have been classified into HECT and RING-finger families. Various RING fingers also exhibit binding to E2 ubiquitin-conjugating enzymes (Ubc's) [[cite:PUB00006474], [cite:PUB00006565], [cite:PUB00006516]].</p>

<p>Several 3D-structures for RING-fingers are known [[cite:PUB00001094], [cite:PUB00006216]]. The 3D structure of the zinc ligation system is unique to the RING domain and is referred to as the 'cross-brace' motif. The spacing of the cysteines in such a domain is C-x(2)-C-x(9 to 39)-C-x(1 to 3)-H-x(2 to 3)-C-x(2)-C-x(4 to 48)-C-x(2)-C. Metal ligand pairs one and three co-ordinate to bind one zinc ion, whilst pairs two and four bind the second.</p>

<p>Note that in the older literature, some RING-fingers are denoted as LIM-domains. The LIM-domain Zn-finger is a fundamentally different family, albeit with similar Cys-spacing (see [interpro:IPR001781]).</p>; <p>Zinc finger (Znf) domains are relatively small protein motifs which contain multiple finger-like protrusions that make tandem contacts with their target molecule. Some of these domains bind zinc, but many do not; instead, they bind other metals, such as iron, or no metal at all. For example, some family members form salt bridges to stabilise the finger-like folds. They were first identified as a DNA-binding motif in transcription factor TFIIIA from Xenopus laevis (African clawed frog); however, they are now recognised to bind DNA, RNA, protein and/or lipid substrates [[cite:PUB00035807], [cite:PUB00035805], [cite:PUB00035806], [cite:PUB00035804], [cite:PUB00014077]]. Their binding properties depend on the amino acid sequence of the finger domains and of the linker between fingers, as well as on the higher-order structures and the number of fingers. Znf domains are often found in clusters, where fingers can have different binding specificities. There are many superfamilies of Znf motifs, varying in both sequence and structure. They display considerable versatility in binding modes, even between members of the same class (e.g., some bind DNA, others protein), suggesting that Znf motifs are stable scaffolds that have evolved specialised functions. For example, Znf-containing proteins function in gene transcription, translation, mRNA trafficking, cytoskeleton organisation, epithelial development, cell adhesion, protein folding, chromatin remodelling and zinc sensing, to name but a few [[cite:PUB00035812]]. Zinc-binding motifs are stable structures, and they rarely undergo conformational changes upon binding their target.</p>"
1;IPR013083;"imex:IM-23318
pubmed:25416956";Zinc finger, RING/FYVE/PHD-type;"<p>This superfamily represents RING-, PHD-, and FYVE-type zinc finger domains, which share a common dimetal (zinc)-bound α/β structural fold, as well as the non-zinc-containing U-box domain, which is similar to the RING zinc finger only lacking the metal ion-binding residues (U-box associated with multi-ubiquitination).</p>; <p>Zinc finger (Znf) domains are relatively small protein motifs which contain multiple finger-like protrusions that make tandem contacts with their target molecule. Some of these domains bind zinc, but many do not; instead, they bind other metals, such as iron, or no metal at all. For example, some family members form salt bridges to stabilise the finger-like folds. They were first identified as a DNA-binding motif in transcription factor TFIIIA from Xenopus laevis (African clawed frog); however, they are now recognised to bind DNA, RNA, protein and/or lipid substrates [[cite:PUB00035807], [cite:PUB00035805], [cite:PUB00035806], [cite:PUB00035804], [cite:PUB00014077]]. Their binding properties depend on the amino acid sequence of the finger domains and of the linker between fingers, as well as on the higher-order structures and the number of fingers. Znf domains are often found in clusters, where fingers can have different binding specificities. There are many superfamilies of Znf motifs, varying in both sequence and structure. They display considerable versatility in binding modes, even between members of the same class (e.g., some bind DNA, others protein), suggesting that Znf motifs are stable scaffolds that have evolved specialised functions. For example, Znf-containing proteins function in gene transcription, translation, mRNA trafficking, cytoskeleton organisation, epithelial development, cell adhesion, protein folding, chromatin remodelling and zinc sensing, to name but a few [[cite:PUB00035812]]. Zinc-binding motifs are stable structures, and they rarely undergo conformational changes upon binding their target.</p>"
1;IPR001478;"imex:IM-23318
pubmed:25416956";PDZ domain;<p>PDZ domains (also known as Discs-large homologous regions (DHR) or GLGF)) are found in diverse signalling proteins in bacteria, yeasts, plants, insects and vertebrates [[cite:PUB00005049], [cite:PUB00000735]]. PDZ domains can occur in one or multiple copies and are nearly always found in cytoplasmic proteins. They bind either the carboxyl-terminal sequences of proteins or internal peptide sequences [[cite:PUB00000735]]. In most cases, interaction between a PDZ domain and its target is constitutive, with a binding affinity of 1 to 10 microns. However, agonist-dependent activation of cell surface receptors is sometimes required to promote interaction with a PDZ protein. PDZ domain proteins are frequently associated with the plasma membrane, a compartment where high concentrations of phosphatidylinositol 4,5-bisphosphate (PIP2) are found. Direct interaction between PIP2 and a subset of class II PDZ domains (syntenin, CASK, Tiam-1) has been demonstrated.</p>
1;IPR026165;"doi:10.1016/j.cell.2021.04.011
imex:IM-29278
pubmed:33961781";Cytoskeleton-associated protein 2 family;<p>Mouse CKAP2 has been shown to possess microtubule stabilising properties [[cite:PUB00060150]] and is involved in regulating aneuploidy, cell cycle, and cell death in a p53-dependent manner [[cite:PUB00060151]]. In human, CKAMP2 is up-regulated in primary gastric cancers [[cite:PUB00060693]]. It has been shown that human CKAP2 is degraded by APC/C-Cdh1 during mitotic exit and that a tight regulation of CKAP2 protein level is important for mitotic progression [[cite:PUB00060692]].</p>
1;IPR029197;"doi:10.1016/j.cell.2021.04.011
imex:IM-29278
pubmed:33961781";Cytoskeleton-associated protein 2, C-terminal;<p>This entry represents the C terminus of CKAP2 (cytoskeleton-associated protein 2) and CKAP2L (cytoskeleton-associated protein 2-like). Mouse CKAP2 has been shown to possess microtubule stabilising properties [[cite:PUB00060150]] and is involved in regulating aneuploidy, cell cycle, and cell death in a p53-dependent manner [[cite:PUB00060151]]. In human, CKAMP2 is up-regulated in primary gastric cancers [[cite:PUB00060693]]. It has been shown that human CKAP2 is degraded by APC/C-Cdh1 during mitotic exit and that a tight regulation of CKAP2 protein level is important for mitotic progression [[cite:PUB00060692]].</p>
1;IPR036051;"doi:10.1038/nature22366
imex:IM-25778
pubmed:28514442";Krueppel-associated box domain superfamily;"<p>The Krueppel-associated box (KRAB) is a domain of around 75 amino acids that is found in the N-terminal part of about one third of eukaryotic Krueppel-type C2H2 zinc finger proteins (ZFPs) [[cite:PUB00011911]]. It is enriched in charged amino acids and can be divided into subregions A and B, which are predicted to fold into two amphipathic α-helices. The KRAB A and B boxes can be separated by variable spacer segments and many KRAB proteins contain only the A box [[cite:PUB00007161]].</p>

<p>The functions currently known for members of the KRAB-containing protein family include transcriptional repression of RNA polymerase I, II and III promoters, binding and splicing of RNA, and control of nucleolus function. The KRAB domain functions as a transcriptional repressor when tethered to the template DNA by a DNA-binding domain. A sequence of 45 amino acids in the KRAB A subdomain has been shown to be necessary and sufficient for transcriptional repression. The B box does not repress by itself but does potentiate the repression exerted by the KRAB A subdomain [[cite:PUB00007162], [cite:PUB00007163]]. Gene silencing requires the binding of the KRAB domain to the RING-B box-coiled coil (RBCC) domain of the KAP-1/TIF1-beta corepressor. As KAP-1 binds to the heterochromatin proteins HP1, it has been proposed that the KRAB-ZFP-bound target gene could be silenced following recruitment to heterochromatin [[cite:PUB00007164], [cite:PUB00007165]].</p>

<p>KRAB-ZFPs probably constitute the single largest class of transcription factors within the human genome [[cite:PUB00007166]]. The KRAB domain is generally encoded by two exons. The regions coded by the two exons are known as KRAB-A and KRAB-B. Although the function of KRAB-ZFPs is largely unknown, they appear to play important roles during cell differentiation and development. These proteins have been shown to play important roles in cell differentiation and organ development, and in regulating viral replication and transcription. A KRAB domain may consist of an A-box, or of an A-box plus either a B-box, a divergent B-box (b), or a C-box. Only the A-box is included in this model. The A-box is needed for repression, the B- and C- boxes are not. KRAB-ZFPs have one or two KRAB domains at their amino-terminal end, and multiple C2H2 zinc finger motifs at their C-termini. Some KRAB-ZFPs also contain a SCAN domain which mediates homo- and hetero-oligomerization. The KRAB domain is a protein-protein interaction module which represses transcription through recruiting corepressors. A key mechanism appears to be the following: KRAB-AFPs tethered to DNA recruit, via their KRAB domain, the repressor KAP1 (KRAB-associated protein-1, also known as transcription intermediary factor 1 beta, KRAB-A interacting protein and tripartite motif protein 28). The KAP1/ KRAB-AFP complex in turn recruits the heterochromatin protein 1 (HP1) family, and other chromatin modulating proteins, leading to transcriptional repression through heterochromatin formation [[cite:PUB00097514]].</p>"
1;IPR001909;"doi:10.1038/nature22366
imex:IM-25778
pubmed:28514442";Krueppel-associated box;"<p>The Krueppel-associated box (KRAB) is a domain of around 75 amino acids that is found in the N-terminal part of about one third of eukaryotic Krueppel-type C2H2 zinc finger proteins (ZFPs) [[cite:PUB00011911]]. It is enriched in charged amino acids and can be divided into subregions A and B, which are predicted to fold into two amphipathic α-helices. The KRAB A and B boxes can be separated by variable spacer segments and many KRAB proteins contain only the A box [[cite:PUB00007161]].</p>

<p>The functions currently known for members of the KRAB-containing protein family include transcriptional repression of RNA polymerase I, II and III promoters, binding and splicing of RNA, and control of nucleolus function. The KRAB domain functions as a transcriptional repressor when tethered to the template DNA by a DNA-binding domain. A sequence of 45 amino acids in the KRAB A subdomain has been shown to be necessary and sufficient for transcriptional repression. The B box does not repress by itself but does potentiate the repression exerted by the KRAB A subdomain [[cite:PUB00007162], [cite:PUB00007163]]. Gene silencing requires the binding of the KRAB domain to the RING-B box-coiled coil (RBCC) domain of the KAP-1/TIF1-beta corepressor. As KAP-1 binds to the heterochromatin proteins HP1, it has been proposed that the KRAB-ZFP-bound target gene could be silenced following recruitment to heterochromatin [[cite:PUB00007164], [cite:PUB00007165]].</p>

<p>KRAB-ZFPs probably constitute the single largest class of transcription factors within the human genome [[cite:PUB00007166]]. The KRAB domain is generally encoded by two exons. The regions coded by the two exons are known as KRAB-A and KRAB-B. Although the function of KRAB-ZFPs is largely unknown, they appear to play important roles during cell differentiation and development. These proteins have been shown to play important roles in cell differentiation and organ development, and in regulating viral replication and transcription. A KRAB domain may consist of an A-box, or of an A-box plus either a B-box, a divergent B-box (b), or a C-box. Only the A-box is included in this model. The A-box is needed for repression, the B- and C- boxes are not. KRAB-ZFPs have one or two KRAB domains at their amino-terminal end, and multiple C2H2 zinc finger motifs at their C-termini. Some KRAB-ZFPs also contain a SCAN domain which mediates homo- and hetero-oligomerization. The KRAB domain is a protein-protein interaction module which represses transcription through recruiting corepressors. A key mechanism appears to be the following: KRAB-AFPs tethered to DNA recruit, via their KRAB domain, the repressor KAP1 (KRAB-associated protein-1, also known as transcription intermediary factor 1 beta, KRAB-A interacting protein and tripartite motif protein 28). The KAP1/ KRAB-AFP complex in turn recruits the heterochromatin protein 1 (HP1) family, and other chromatin modulating proteins, leading to transcriptional repression through heterochromatin formation [[cite:PUB00097514]].</p>"
1;IPR050758;"doi:10.1038/nature22366
imex:IM-25778
pubmed:28514442";Zinc finger protein, C2H2-type;<p>The Zinc finger, C2H2-type protein family is characterized by the presence of one or more zinc finger motifs, which are small protein structural motifs that can coordinate one or more zinc ions to help stabilize their folds. Members of this family are predominantly involved in transcriptional regulation, with some proteins acting as transcriptional repressors or activators. They may play roles in various biological processes including gene silencing, embryonic stem cell maintenance, cell migration and proliferation, angiogenesis, and tumor growth. Some family members are implicated in the regulation of transcriptional repressor activity, erythroid maturation, lymphoid proliferation, and kidney repair. The family is also associated with the recruitment and regulation of several protein complexes involved in histone modification and chromatin remodeling.</p>
1;IPR044416;"imex:IM-25472
pubmed:32296183";PRDM6, PR/SET domain;"<p>This entry represents the PR/SET domain found in PR domain zinc finger protein 6 (PRDM6, also known as PRISM). PRDM6 has been shown to co-localized with histone H4 and methylates H4-K20 [[cite:PUB00095990]]. It has also been shown to act as a transcriptional repressor by interacting with class I histone deacetylases and the G9a histone methyltransferase [[cite:PUB00095988]]. It promotes the transition from differentiated to proliferative smooth muscle by suppressing differentiation and maintaining the proliferative potential of vascular smooth muscle cells [[cite:PUB00095988]]. It also plays a role in endothelial cells by inhibiting endothelial cell proliferation, survival and differentiation [[cite:PUB00095990]]. Mutations in the PRDM6 gene have been linked to nonsyndromic patent ductus arteriosus (PDA), which is a common congenital heart defect (CHD) with both inherited and acquired causes [[cite:PUB00095989]].</p>; <p>The PRDM family members are characterised by the presence of a N-terminal PR (PRDI-BF1 and RIZ1 homology) domain followed by multiple zinc fingers which confer DNA binding activity. PR domains are only distantly related to the classical SET methyltransferase domains [[cite:PUB00095964]]. They are involved in epigenetic regulation of gene expression through their intrinsic histone methyltransferase activity or via interactions with other chromatin modifying enzymes [[cite:PUB00095970]].</p>"
1;IPR050331;"imex:IM-25472
pubmed:32296183";Zinc finger PRDM4/PRDM1/PRDM14-like;<p>The zinc finger protein family is characterised by the presence of zinc finger motifs, which are small protein domains that can coordinate one or more zinc ions to stabilise their folds. Members of this family are predominantly involved in transcriptional regulation, with many acting as transcription factors that bind DNA and regulate the expression of target genes [[cite:PUB00107711]]. Functions of these proteins include roles in development, cell differentiation, immune response, and maintenance of cell identity [[cite:PUB00095979]]. Some family members possess histone methyltransferase activity, influencing chromatin structure and gene expression. The diversity of zinc finger domains, such as C2H2-type, allows for a wide range of DNA-binding specificities and regulatory functions.</p>
1;IPR001214;"imex:IM-25472
pubmed:32296183";SET domain;"<p>The SET domain is a 130 to 140 amino acid, evolutionary well conserved sequence motif that was initially characterised in the Drosophila proteins Su(var)3-9, Enhancer-of-zeste and Trithorax. In addition to these chromosomal proteins modulating gene activities and/or chromatin structure, the SET domain is found in proteins of diverse functions ranging from yeast to mammals, but also including some bacteria and viruses [[cite:PUB00018233], [cite:PUB00014448]].</p>

<p>The SET domains of mammalian SUV39H1 and 2 and fission yeast clr4 have been shown to be necessary for the methylation of lysine-9 in the histone H3 N terminus [[cite:PUB00014448]]. However, this histone methyltransferase (HMTase) activity is probably restricted to a subset of SET domain proteins as it requires the combination of the SET domain with the adjacent cysteine-rich regions, one located N-terminally (pre-SET) and the other posterior to the SET domain (post-SET). Post- and pre- SET regions seem then to play a crucial role when it comes to substrate recognition and enzymatic activity [[cite:PUB00054125], [cite:PUB00007133]].</p>

<p>The structure of the SET domain and the two adjacent regions pre-SET and post-SET have been solved [[cite:PUB00018235], [cite:PUB00018236], [cite:PUB00018237]]. The SET structure is all beta, but consists only in sets of few short strands composing no more than a couple of small sheets. Consequently the SET structure is mostly defined by turns and loops. An unusual feature is that the SET core is made up of two discontinual segments of the primary sequence forming an approximate L shape [[cite:PUB00005822], [cite:PUB00054125], [cite:PUB00007133]]. Two of the most conserved motifs in the SET domain are constituted by (1) a stretch at the C-terminal containing a strictly conserved tyrosine residue and (2) a preceding loop inside which the C-terminal segment passes forming a knot-like structure, but not quite a true knot. These two regions have been proven to be essential for SAM binding and catalysis, particularly the invariant tyrosine where in all likelihood catalysis takes place [[cite:PUB00054125], [cite:PUB00007133]].</p>"
1;IPR046341;"imex:IM-25472
pubmed:32296183";SET domain superfamily;"<p>The SET domain is a 130 to 140 amino acid, evolutionary well conserved sequence motif that was initially characterised in the Drosophila proteins Su(var)3-9, Enhancer-of-zeste and Trithorax [[cite:PUB00018233], [cite:PUB00014448]]. In eukaryotic organisms, it appears in proteins with an important role in regulating chromatin-mediated gene transcriptional activation and silencing. In viruses,bacteria and archaea, its function is not clear yet [[cite:PUB00099756]].</p>

<p>This superfamily includes eukaryotic proteins with histone methyltransferase activity, which requires the combination of the SET domain with the adjacent cysteine-rich regions, one located N-terminally (pre-SET) and the other posterior to the SET domain (post-SET). Post- and pre- SET regions seem then to play a crucial role when it comes to substrate recognition and enzymatic activity [[cite:PUB00054125], [cite:PUB00007133]]. Other SET domain-containing proteins function as transcription factors (such as PR domain zinc finger protein 1 from humans [[cite:PUB00099755]]).</p>

<p>The structure of the SET domain and the two adjacent regions pre-SET and post-SET have been solved [[cite:PUB00018235], [cite:PUB00018236], [cite:PUB00018237]]. The SET domain structure is all-β, but consists only in sets of few short strands composing no more than a couple of small sheets. Consequently the SET structure is mostly defined by turns and loops. An unusual feature is that the SET core is made up of two discontinuous segments of the primary sequence forming an approximate L-shape [[cite:PUB00005822], [cite:PUB00054125], [cite:PUB00007133]]. Two of the most conserved motifs in the SET domain are constituted by a stretch at the C-terminal containing a strictly conserved tyrosine residue and a preceding loop inside which the C-terminal segment passes forming a knot-like structure, but not quite a true knot. These two regions have been proven to be essential for SAM binding and catalysis, particularly the invariant tyrosine where in all likelihood catalysis takes place [[cite:PUB00054125], [cite:PUB00007133]].</p>"
