protein_accession,protein_name,protein_length,gene,organism_taxid,organism_name,organism_fullname,in_alphafold,interpro_accession,entry_type,entry_integrated,interpro_protein_length,fragment_start,fragment_end,fragment_status
A0A010RI68,Essential for mitotic growth 1,261,CFIO01_13307,1445577,Colletotrichum fioriniae PJ7,Colletotrichum fioriniae PJ7,True,IPR005304,family,,261,36,260,CONTINUOUS
A0A015LVM3,Emg1p,326,RirG_196110,1432141,Rhizophagus irregularis (strain DAOM 197198w),Rhizophagus irregularis (strain DAOM 197198w),True,IPR005304,family,,326,43,325,CONTINUOUS
A0A016TVE1,Nep1 ribosome biogenesis protein,144,Acey_s0072.g642,53326,Ancylostoma ceylanicum,Ancylostoma ceylanicum,True,IPR005304,family,,144,55,144,CONTINUOUS
A0A016TW13,18S rRNA (pseudouridine-N1)-methyltransferase,239,Acey_s0072.g642,53326,Ancylostoma ceylanicum,Ancylostoma ceylanicum,True,IPR005304,family,,239,19,239,CONTINUOUS
A0A016TW58,18S rRNA (pseudouridine-N1)-methyltransferase,244,Acey_s0072.g642,53326,Ancylostoma ceylanicum,Ancylostoma ceylanicum,True,IPR005304,family,,244,19,244,CONTINUOUS
A0A016TWL8,Nep1 ribosome biogenesis protein,162,Acey_s0072.g642,53326,Ancylostoma ceylanicum,Ancylostoma ceylanicum,True,IPR005304,family,,162,19,153,CONTINUOUS
A0A016TXC8,Uncharacterized protein,167,Acey_s0072.g642,53326,Ancylostoma ceylanicum,Ancylostoma ceylanicum,True,IPR005304,family,,167,19,158,CONTINUOUS
A0A017SIW1,Essential for mitotic growth 1,260,EURHEDRAFT_376768,1388766,Aspergillus ruber (strain CBS 135680),Aspergillus ruber (strain CBS 135680),True,IPR005304,family,,260,35,260,CONTINUOUS
A0A022PX50,Ribosomal RNA small subunit methyltransferase NEP1,288,MIMGU_mgv1a011236mg,4155,Erythranthe guttata,Erythranthe guttata (Yellow monkey flower),True,IPR005304,family,,288,56,288,CONTINUOUS
A0A022VTL3,Ribosomal RNA small subunit methyltransferase NEP1,273,H103_07170,1215330,Trichophyton rubrum CBS 288.86,Trichophyton rubrum CBS 288.86,True,IPR005304,family,,273,18,273,CONTINUOUS
A0A022XJL7,Ribosomal RNA small subunit methyltransferase NEP1,264,H105_07182,1215331,Trichophyton soudanense CBS 452.61,Trichophyton soudanense CBS 452.61,True,IPR005304,family,,264,32,264,CONTINUOUS
A0A023AZF8,Ribosome biogenesis protein NEP1,238,GNI_157030,110365,Gregarina niphandrodes,Gregarina niphandrodes (Septate eugregarine),True,IPR005304,family,,238,17,237,CONTINUOUS
A0A023BC13,EMG1/NEP1 methyltransferase,281,GNI_018240,110365,Gregarina niphandrodes,Gregarina niphandrodes (Septate eugregarine),True,IPR005304,family,,281,45,114,CONTINUOUS
A0A023ELI7,18S rRNA (pseudouridine-N1)-methyltransferase,257,,7160,Aedes albopictus,Aedes albopictus (Asian tiger mosquito),True,IPR005304,family,,257,27,257,CONTINUOUS
A0A023F8U3,18S rRNA (pseudouridine-N1)-methyltransferase,236,,30076,Triatoma infestans,Triatoma infestans (Assassin bug),True,IPR005304,family,,236,6,236,CONTINUOUS
A0A023FI35,18S rRNA (pseudouridine-N1)-methyltransferase,215,,34607,Amblyomma cajennense,Amblyomma cajennense (Cayenne tick),True,IPR005304,family,,215,14,212,CONTINUOUS
A0A023FXR1,18S rRNA (pseudouridine-N1)-methyltransferase,228,,251391,Amblyomma parvum,Amblyomma parvum (South American tick),True,IPR005304,family,,228,14,227,CONTINUOUS
A0A023GGC8,18S rRNA (pseudouridine-N1)-methyltransferase,228,,251400,Amblyomma triste,Amblyomma triste (Neotropical tick),True,IPR005304,family,,228,14,227,CONTINUOUS
A0A024GF71,Ribosomal RNA small subunit methyltransferase NEP1,215,BN9_064160,65357,Albugo candida,Albugo candida,True,IPR005304,family,,215,4,215,CONTINUOUS
A0A024SNE6,Nucleolar essential protein 1,261,M419DRAFT_106196,1344414,Hypocrea jecorina (strain ATCC 56765 / BCRC 32924 / NRRL 11460 / Rut C-30),Hypocrea jecorina (strain ATCC 56765 / BCRC 32924 / NRRL 11460 / Rut C-30),True,IPR005304,family,,261,34,261,CONTINUOUS
A0A024TXT3,Ribosomal RNA small subunit methyltransferase NEP1,216,H310_08312,157072,Aphanomyces invadans,Aphanomyces invadans,True,IPR005304,family,,216,6,216,CONTINUOUS
A0A024V495,Small subunit rRNA processing factor,448,PFFVO_03518,1036723,Plasmodium falciparum Vietnam Oak-Knoll (FVO),Plasmodium falciparum Vietnam Oak-Knoll (FVO),True,IPR005304,family,,448,177,447,CONTINUOUS
A0A024V9Q6,Ribosomal RNA small subunit methyltransferase NEP1,269,PFFVO_02157,1036723,Plasmodium falciparum Vietnam Oak-Knoll (FVO),Plasmodium falciparum Vietnam Oak-Knoll (FVO),True,IPR005304,family,,269,35,268,CONTINUOUS
A0A024VNX6,Small subunit rRNA processing factor,367,PFFCH_02550,1036724,Plasmodium falciparum FCH/4,Plasmodium falciparum FCH/4,True,IPR005304,family,,367,177,365,CONTINUOUS
A0A024VS15,Ribosomal RNA small subunit methyltransferase NEP1,207,PFFCH_01438,1036724,Plasmodium falciparum FCH/4,Plasmodium falciparum FCH/4,True,IPR005304,family,,207,21,206,CONTINUOUS
A0A024W4J7,Small subunit rRNA processing factor,367,PFTANZ_03886,1036725,Plasmodium falciparum Tanzania (2000708),Plasmodium falciparum Tanzania (2000708),True,IPR005304,family,,367,177,365,CONTINUOUS
A0A024W8M5,Ribosomal RNA small subunit methyltransferase NEP1,207,PFTANZ_02232,1036725,Plasmodium falciparum Tanzania (2000708),Plasmodium falciparum Tanzania (2000708),True,IPR005304,family,,207,21,206,CONTINUOUS
A0A024WN05,Small subunit rRNA processing factor,448,PFMALIP_03802,1036727,Plasmodium falciparum MaliPS096_E11,Plasmodium falciparum MaliPS096_E11,True,IPR005304,family,,448,177,447,CONTINUOUS
A0A024WSY7,Ribosomal RNA small subunit methyltransferase NEP1,274,PFMALIP_02173,1036727,Plasmodium falciparum MaliPS096_E11,Plasmodium falciparum MaliPS096_E11,True,IPR005304,family,,274,39,273,CONTINUOUS
A0A024X420,Small subunit rRNA processing factor,448,PFMC_03830,5835,Plasmodium falciparum (isolate Camp / Malaysia),Plasmodium falciparum (isolate Camp / Malaysia),True,IPR005304,family,,448,177,447,CONTINUOUS
A0A024X980,Ribosomal RNA small subunit methyltransferase NEP1,274,PFMC_02119,5835,Plasmodium falciparum (isolate Camp / Malaysia),Plasmodium falciparum (isolate Camp / Malaysia),True,IPR005304,family,,274,39,273,CONTINUOUS
A0A026WV26,18S rRNA (pseudouridine-N1)-methyltransferase,211,X777_14390,2015173,Ooceraea biroi,Ooceraea biroi (Clonal raider ant),True,IPR005304,family,,211,3,205,CONTINUOUS
A0A031LMD8,Ribosomal RNA small subunit methyltransferase Nep1,218,nep1,1160895,Candidatus Acidianus copahuensis,Candidatus Acidianus copahuensis,True,IPR005304,family,,218,7,211,CONTINUOUS
A0A034WEK8,18S rRNA (pseudouridine-N1)-methyltransferase,263,NEP1,27457,Bactrocera dorsalis,Bactrocera dorsalis (Oriental fruit fly),True,IPR005304,family,,263,34,262,CONTINUOUS
A0A058Z104,Uncharacterized protein,137,H696_06358,691883,Fonticula alba,Fonticula alba (Slime mold),True,IPR005304,family,,137,2,137,CONTINUOUS
A0A058Z4Y2,Uncharacterized protein,72,H696_04606,691883,Fonticula alba,Fonticula alba (Slime mold),True,IPR005304,family,,72,3,72,CONTINUOUS
A0A059DAN7,Ribosomal RNA small subunit methyltransferase NEP1,288,EUGRSUZ_A00197,71139,Eucalyptus grandis,Eucalyptus grandis (Flooded gum),True,IPR005304,family,,288,50,284,CONTINUOUS
A0A059DJC2,Uncharacterized protein,54,EUGRSUZ_A026111,71139,Eucalyptus grandis,Eucalyptus grandis (Flooded gum),True,IPR005304,family,,54,23,54,CONTINUOUS
A0A059DJC5,Uncharacterized protein,131,EUGRSUZ_A026112,71139,Eucalyptus grandis,Eucalyptus grandis (Flooded gum),True,IPR005304,family,,131,1,49,CONTINUOUS
A0A059DJD4,Uncharacterized protein,131,EUGRSUZ_A026111,71139,Eucalyptus grandis,Eucalyptus grandis (Flooded gum),True,IPR005304,family,,131,49,131,CONTINUOUS
A0A059J0E4,Ribosomal RNA small subunit methyltransferase NEP1,265,H109_06915,1215338,Trichophyton interdigitale (strain MR816),Trichophyton interdigitale (strain MR816),True,IPR005304,family,,265,32,265,CONTINUOUS
A0A059PZ38,Ribosome biogenesis protein,260,SHCRBa_097_O14_F_150,131158,Saccharum hybrid cultivar R570,Saccharum hybrid cultivar R570,True,IPR005304,family,,260,23,259,CONTINUOUS
A0A060HMJ0,Ribosomal RNA small subunit methyltransferase Nep1,227,nep1,926571,Nitrososphaera viennensis EN76,Nitrososphaera viennensis EN76,True,IPR005304,family,,227,2,217,CONTINUOUS
A0A060RRJ3,"Ribosomal RNA small subunit methyltransferase NEP1, putative",259,PRG01_0824400,5854,Plasmodium reichenowi,Plasmodium reichenowi,True,IPR005304,family,,259,38,258,CONTINUOUS
A0A060RVX6,"Small subunit rRNA processing factor, putative",446,PRCDC_1224800,5854,Plasmodium reichenowi,Plasmodium reichenowi,True,IPR005304,family,,446,173,445,CONTINUOUS
A0A060SPU6,uracil phosphoribosyltransferase,444,BN946_scf185011.g44,5643,Pycnoporus cinnabarinus,Pycnoporus cinnabarinus (Cinnabar-red polypore),False,IPR005304,family,,444,222,444,CONTINUOUS
A0A060SWZ1,Ribosomal RNA small subunit methyltransferase NEP1,255,GNLVRS02_ARAD1A09328g,409370,Blastobotrys adeninivorans,Blastobotrys adeninivorans (Yeast),True,IPR005304,family,,255,11,255,CONTINUOUS
A0A060XWG3,18S rRNA (pseudouridine(1248)-N1)-methyltransferase,238,GSONMT00030915001,8022,Oncorhynchus mykiss,Oncorhynchus mykiss (Rainbow trout),True,IPR005304,family,,238,12,238,CONTINUOUS
A0A060Z2M0,EMG1 N1-specific pseudouridine methyltransferase,169,GSONMT00025863001,8022,Oncorhynchus mykiss,Oncorhynchus mykiss (Rainbow trout),True,IPR005304,family,,169,11,131,CONTINUOUS
A0A061AYZ5,Ribosomal RNA small subunit methyltransferase NEP1,253,BON22_1286,36022,Cyberlindnera fabianii,Cyberlindnera fabianii (Yeast),True,IPR005304,family,,253,8,252,CONTINUOUS
A0A061B1K1,Nucleolar essential protein 1,298,RHTO0S_08e00540g,5286,Rhodotorula toruloides,Rhodotorula toruloides (Yeast),True,IPR005304,family,,298,59,298,CONTINUOUS
A0A061D5W4,"Suppressor Mra1 family domain containing protein, putative",200,BBBOND_0205650,5866,Babesia bigemina,Babesia bigemina,True,IPR005304,family,,200,17,194,CONTINUOUS
A0A061D6Z6,Probable ribosomal RNA small subunit methyltransferase mra1,293,BBBOND_0303850,5866,Babesia bigemina,Babesia bigemina,True,IPR005304,family,,293,3,288,CONTINUOUS
A0A061EW24,Nucleolar essential protein-related,309,TCM_024344,3641,Theobroma cacao,Theobroma cacao (Cacao),True,IPR005304,family,,309,44,291,CONTINUOUS
A0A061EWG6,Nucleolar essential protein-related isoform 1,284,TCM_024335,3641,Theobroma cacao,Theobroma cacao (Cacao),True,IPR005304,family,,284,44,284,CONTINUOUS
A0A061F3A1,Nucleolar essential protein-related isoform 3,276,TCM_024335,3641,Theobroma cacao,Theobroma cacao (Cacao),True,IPR005304,family,,276,44,259,CONTINUOUS
A0A061F8A5,Nucleolar essential protein-related isoform 3,284,TCM_032188,3641,Theobroma cacao,Theobroma cacao (Cacao),True,IPR005304,family,,284,43,284,CONTINUOUS
A0A061F9D0,Uncharacterized protein,88,TCM_032248,3641,Theobroma cacao,Theobroma cacao (Cacao),True,IPR005304,family,,88,2,88,CONTINUOUS
A0A061F9L0,Nucleolar essential protein-related isoform 1,324,TCM_032188,3641,Theobroma cacao,Theobroma cacao (Cacao),True,IPR005304,family,,324,86,324,CONTINUOUS
A0A061FAA2,Nucleolar essential-related-like protein,176,TCM_032249,3641,Theobroma cacao,Theobroma cacao (Cacao),True,IPR005304,family,,176,33,152,CONTINUOUS
A0A061FGK2,Nucleolar essential protein-related isoform 2,284,TCM_032188,3641,Theobroma cacao,Theobroma cacao (Cacao),True,IPR005304,family,,284,46,284,CONTINUOUS
A0A061FGQ0,Nucleolar essential protein-related,111,TCM_032251,3641,Theobroma cacao,Theobroma cacao (Cacao),True,IPR005304,family,,111,1,110,CONTINUOUS
A0A061G688,"Nucleolar essential protein-related, putative",313,TCM_016205,3641,Theobroma cacao,Theobroma cacao (Cacao),True,IPR005304,family,,313,100,313,CONTINUOUS
A0A061H0X0,Nep1-domain-containing protein,375,PFL1_06761,1277687,Pseudozyma flocculosa PF-1,Pseudozyma flocculosa PF-1,True,IPR005304,family,,375,119,374,CONTINUOUS
A0A061HP30,Alpha-beta knot fold methyltransferase superfamily protein,251,BGT96224_1787,1268274,Blumeria graminis f. sp. tritici 96224,Blumeria graminis f. sp. tritici 96224,True,IPR005304,family,,251,25,251,CONTINUOUS
A0A061J6F4,EMG1/NEP1 methyltransferase,292,TRSC58_01261,429131,Trypanosoma rangeli SC58,Trypanosoma rangeli SC58,True,IPR005304,family,,292,60,278,CONTINUOUS
A0A061JAU1,Essential for mitotic growth 1,273,TRSC58_01862,429131,Trypanosoma rangeli SC58,Trypanosoma rangeli SC58,True,IPR005304,family,,273,6,265,CONTINUOUS
A0A061S8E0,Essential for mitotic growth 1,231,NEP1,582737,Tetraselmis sp. GSL018,Tetraselmis sp. GSL018,True,IPR005304,family,,231,12,231,CONTINUOUS
A0A066W3A8,Nep1-domain-containing protein,408,K437DRAFT_245733,1037660,Tilletiaria anomala (strain ATCC 24038 / CBS 436.72 / UBC 951),Tilletiaria anomala (strain ATCC 24038 / CBS 436.72 / UBC 951),True,IPR005304,family,,408,118,407,CONTINUOUS
A0A066X147,Putative essential for mitotic growth 1,261,CSUB01_02876,1173701,Colletotrichum sublineola,Colletotrichum sublineola (Sorghum anthracnose fungus),True,IPR005304,family,,261,36,260,CONTINUOUS
A0A067C920,Ribosome biogenesis protein NEP1,213,SPRG_07725,695850,Saprolegnia parasitica (strain CBS 223.65),Saprolegnia parasitica (strain CBS 223.65),True,IPR005304,family,,213,4,213,CONTINUOUS
A0A067FDL2,Ribosomal RNA small subunit methyltransferase nep-1,301,CISIN_1g0221751mg,2711,Citrus sinensis,Citrus sinensis (Sweet orange),True,IPR005304,family,,301,36,252,CONTINUOUS
A0A067FH65,Ribosomal RNA small subunit methyltransferase nep-1,239,CISIN_1g0221751mg,2711,Citrus sinensis,Citrus sinensis (Sweet orange),True,IPR005304,family,,239,36,227,CONTINUOUS
A0A067FPV3,Ribosomal RNA small subunit methyltransferase NEP1,294,CISIN_1g0221751mg,2711,Citrus sinensis,Citrus sinensis (Sweet orange),True,IPR005304,family,,294,36,293,CONTINUOUS
A0A067L159,Ribosomal RNA small subunit methyltransferase NEP1,299,JCGZ_06731,180498,Jatropha curcas,Jatropha curcas (Barbados nut),True,IPR005304,family,,299,59,299,CONTINUOUS
A0A067MEL2,Nep1-domain-containing protein,329,BOTBODRAFT_32995,930990,Botryobasidium botryosum (strain FD-172 SS1),Botryobasidium botryosum (strain FD-172 SS1),True,IPR005304,family,,329,94,329,CONTINUOUS
A0A067NXL7,Nep1-domain-containing protein,240,PLEOSDRAFT_1063626,1137138,Pleurotus ostreatus (strain PC15),Pleurotus ostreatus (strain PC15) (Oyster mushroom),True,IPR005304,family,,240,15,240,CONTINUOUS
A0A067QR16,Nep1-domain-containing protein,377,JAAARDRAFT_146545,933084,Jaapia argillacea MUCL 33604,Jaapia argillacea MUCL 33604,True,IPR005304,family,,377,110,377,CONTINUOUS
A0A067REU3,18S rRNA (pseudouridine-N1)-methyltransferase,236,L798_07846,136037,Zootermopsis nevadensis,Zootermopsis nevadensis (Dampwood termite),True,IPR005304,family,,236,20,235,CONTINUOUS
A0A067T5W8,Nep1-domain-containing protein,242,GALMADRAFT_71196,685588,Galerina marginata (strain CBS 339.88),Galerina marginata (strain CBS 339.88),True,IPR005304,family,,242,13,242,CONTINUOUS
A0A068S0M6,Nucleolar essential protein 1,261,LCOR_06553.1,1263082,Lichtheimia corymbifera JMRC:FSU:9682,Lichtheimia corymbifera JMRC:FSU:9682,True,IPR005304,family,,261,15,261,CONTINUOUS
A0A068UB59,Ribosomal RNA small subunit methyltransferase nep-1,307,GSCOC_T00020870001,49390,Coffea canephora,Coffea canephora (Robusta coffee),True,IPR005304,family,,307,68,307,CONTINUOUS
A0A068UBS6,Ribosomal RNA small subunit methyltransferase NEP1,362,GSCOC_T00020871001,49390,Coffea canephora,Coffea canephora (Robusta coffee),True,IPR005304,family,,362,129,361,CONTINUOUS
A0A068UM51,Ribosomal RNA small subunit methyltransferase NEP1,288,GSCOC_T00028956001,49390,Coffea canephora,Coffea canephora (Robusta coffee),True,IPR005304,family,,288,49,288,CONTINUOUS
A0A068V6P4,Ribosomal RNA small subunit methyltransferase nep-1,307,GSCOC_T00018402001,49390,Coffea canephora,Coffea canephora (Robusta coffee),True,IPR005304,family,,307,69,307,CONTINUOUS
A0A069DR15,18S rRNA (pseudouridine-N1)-methyltransferase,236,,65343,Panstrongylus megistus,Panstrongylus megistus,True,IPR005304,family,,236,6,236,CONTINUOUS
A0A072NW39,Ribosomal RNA small subunit methyltransferase NEP1,258,A1O9_12118,1182545,Exophiala aquamarina CBS 119918,Exophiala aquamarina CBS 119918,True,IPR005304,family,,258,30,258,CONTINUOUS
A0A072UG33,EMG1/NEP1 methyltransferase,239,25495057,3880,Medicago truncatula,Medicago truncatula (Barrel medic),True,IPR005304,family,,239,13,238,CONTINUOUS
A0A072V0N7,Nucleolar essential protein,223,11421258,3880,Medicago truncatula,Medicago truncatula (Barrel medic),True,IPR005304,family,,223,24,210,CONTINUOUS
A0A072VQY9,EMG1/NEP1 methyltransferase,170,MTR_1g112880,3880,Medicago truncatula,Medicago truncatula (Barrel medic),True,IPR005304,family,,170,1,169,CONTINUOUS
A0A074T139,Ribosomal RNA small subunit methyltransferase,332,V565_001790,1423351,Rhizoctonia solani 123E,Rhizoctonia solani 123E,True,IPR005304,family,,332,68,332,CONTINUOUS
A0A074WXF4,Nep1-domain-containing protein,254,M437DRAFT_38192,1043003,Aureobasidium melanogenum (strain CBS 110374),Aureobasidium melanogenum (strain CBS 110374),True,IPR005304,family,,254,32,254,CONTINUOUS
A0A074X3S3,Nep1-domain-containing protein,254,M436DRAFT_56266,1043004,Aureobasidium namibiae CBS 147.97,Aureobasidium namibiae CBS 147.97,True,IPR005304,family,,254,32,254,CONTINUOUS
A0A074Y2J7,Ribosomal RNA small subunit methyltransferase NEP1,254,AUEXF2481DRAFT_69020,1043005,Aureobasidium subglaciale (strain EXF-2481),Aureobasidium subglaciale (strain EXF-2481),True,IPR005304,family,,254,32,254,CONTINUOUS
A0A074YAA5,Nep1-domain-containing protein,254,M438DRAFT_274841,1043002,Aureobasidium pullulans EXF-150,Aureobasidium pullulans EXF-150,True,IPR005304,family,,254,32,254,CONTINUOUS
A0A075A601,Nep1 ribosome biogenesis protein,321,T265_09140,6198,Opisthorchis viverrini,Opisthorchis viverrini (Southeast Asian liver fluke),True,IPR005304,family,,321,94,311,CONTINUOUS
A0A075AWW4,DNA helicase,1219,O9G_002423,988480,Rozella allomycis (strain CSF55),Rozella allomycis (strain CSF55),True,IPR005304,family,,1219,279,457,CONTINUOUS
A0A075FMZ4,Ribosome biogenesis protein (NEP1),90,NEP1,1455903,uncultured marine thaumarchaeote AD1000_25_B10,uncultured marine thaumarchaeote AD1000_25_B10,True,IPR005304,family,,90,6,88,CONTINUOUS
A0A075FSL9,Ribosome biogenesis protein (NEP1),134,NEP1,1455903,uncultured marine thaumarchaeote AD1000_25_B10,uncultured marine thaumarchaeote AD1000_25_B10,True,IPR005304,family,,134,2,130,CONTINUOUS
A0A075FX72,Ribosome biogenesis protein (NEP1),235,NEP1,1455934,uncultured marine thaumarchaeote AD1000_70_G10,uncultured marine thaumarchaeote AD1000_70_G10,True,IPR005304,family,,235,18,229,CONTINUOUS
A0A075G5H5,Ribosomal RNA small subunit methyltransferase Nep1,221,NEP1,1455985,uncultured marine thaumarchaeote KM3_107_D09,uncultured marine thaumarchaeote KM3_107_D09,True,IPR005304,family,,221,1,217,CONTINUOUS
A0A075GET4,Ribosomal RNA small subunit methyltransferase Nep1,221,NEP1,1456023,uncultured marine thaumarchaeote KM3_157_H08,uncultured marine thaumarchaeote KM3_157_H08,True,IPR005304,family,,221,1,217,CONTINUOUS
A0A075GM37,Ribosomal RNA small subunit methyltransferase Nep1,221,NEP1,1456048,uncultured marine thaumarchaeote KM3_172_D05,uncultured marine thaumarchaeote KM3_172_D05,True,IPR005304,family,,221,1,217,CONTINUOUS
A0A075GQX8,Ribosome biogenesis protein (NEP1),174,NEP1,1456047,uncultured marine thaumarchaeote KM3_170_G11,uncultured marine thaumarchaeote KM3_170_G11,True,IPR005304,family,,174,1,170,CONTINUOUS
A0A075GVH8,Ribosome biogenesis protein (NEP1),88,NEP1,1456101,uncultured marine thaumarchaeote KM3_24_H04,uncultured marine thaumarchaeote KM3_24_H04,True,IPR005304,family,,88,4,83,CONTINUOUS
A0A075GXP3,Ribosomal RNA small subunit methyltransferase Nep1,222,NEP1,1456121,uncultured marine thaumarchaeote KM3_31_G08,uncultured marine thaumarchaeote KM3_31_G08,True,IPR005304,family,,222,2,218,CONTINUOUS
A0A075GYZ7,Ribosomal RNA small subunit methyltransferase Nep1,222,NEP1,1456097,uncultured marine thaumarchaeote KM3_203_A01,uncultured marine thaumarchaeote KM3_203_A01,True,IPR005304,family,,222,3,218,CONTINUOUS
A0A075H022,Ribosome biogenesis protein (NEP1),90,NEP1,1456136,uncultured marine thaumarchaeote KM3_36_H05,uncultured marine thaumarchaeote KM3_36_H05,True,IPR005304,family,,90,6,89,CONTINUOUS
A0A075H196,Ribosome biogenesis protein (NEP1),95,NEP1,1456101,uncultured marine thaumarchaeote KM3_24_H04,uncultured marine thaumarchaeote KM3_24_H04,True,IPR005304,family,,95,4,89,CONTINUOUS
A0A075H1L5,Ribosome biogenesis protein (NEP1),184,NEP1,1456103,uncultured marine thaumarchaeote KM3_25_B05,uncultured marine thaumarchaeote KM3_25_B05,True,IPR005304,family,,184,3,184,CONTINUOUS
A0A075H2I0,Ribosome biogenesis protein (NEP1),88,NEP1,1456136,uncultured marine thaumarchaeote KM3_36_H05,uncultured marine thaumarchaeote KM3_36_H05,True,IPR005304,family,,88,4,83,CONTINUOUS
A0A075H3J4,Ribosomal RNA small subunit methyltransferase Nep1,221,NEP1,1456165,uncultured marine thaumarchaeote KM3_47_A04,uncultured marine thaumarchaeote KM3_47_A04,True,IPR005304,family,,221,1,217,CONTINUOUS
A0A075HAC8,Ribosomal RNA small subunit methyltransferase Nep1,221,NEP1,1456164,uncultured marine thaumarchaeote KM3_47_A03,uncultured marine thaumarchaeote KM3_47_A03,True,IPR005304,family,,221,1,217,CONTINUOUS
A0A075HHJ5,Ribosomal RNA small subunit methyltransferase Nep1,224,NEP1,1456260,uncultured marine thaumarchaeote KM3_71_H11,uncultured marine thaumarchaeote KM3_71_H11,True,IPR005304,family,,224,3,220,CONTINUOUS
A0A075LWA5,Ribosomal RNA small subunit methyltransferase Nep1,220,nep1,1343739,Palaeococcus pacificus DY20341,Palaeococcus pacificus DY20341,True,IPR005304,family,,220,2,216,CONTINUOUS
A0A075N0Y4,Ribosomal RNA small subunit methyltransferase Nep1,216,NTE_03110,1459636,Candidatus Nitrososphaera evergladensis SR1,Candidatus Nitrososphaera evergladensis SR1,True,IPR005304,family,,216,17,208,CONTINUOUS
A0A075WEU1,Ribosomal RNA small subunit methyltransferase Nep1,219,nep1,1344584,Archaeoglobus fulgidus DSM 8774,Archaeoglobus fulgidus DSM 8774,True,IPR005304,family,,219,5,212,CONTINUOUS
A0A076LA44,Ribosomal RNA small subunit methyltransferase Nep1,204,nep1,1301915,Methanocaldococcus bathoardescens,Methanocaldococcus bathoardescens,True,IPR005304,family,,204,2,202,CONTINUOUS
A0A077R2I0,Related to EMG1-Protein required for ribosome biogenesis,389,,1398559,Melanopsichium pennsylvanicum 4,Melanopsichium pennsylvanicum 4,True,IPR005304,family,,389,137,388,CONTINUOUS
A0A077TMT0,"Ribosomal RNA small subunit methyltransferase NEP1, putative",231,NEP1,31271,Plasmodium chabaudi chabaudi,Plasmodium chabaudi chabaudi,True,IPR005304,family,,231,12,230,CONTINUOUS
A0A077WIN1,Ribosomal RNA small subunit methyltransferase NEP1,261,LRAMOSA01575,688394,Lichtheimia ramosa,Lichtheimia ramosa,True,IPR005304,family,,261,15,261,CONTINUOUS
A0A077WQF9,Ribosomal RNA small subunit methyltransferase NEP1,271,LRAMOSA10749,688394,Lichtheimia ramosa,Lichtheimia ramosa,True,IPR005304,family,,271,34,271,CONTINUOUS
A0A077Y4L1,"Ribosomal RNA small subunit methyltransferase NEP1, putative",232,PYYM_0709400,5861,Plasmodium yoelii,Plasmodium yoelii,True,IPR005304,family,,232,12,231,CONTINUOUS
A0A077YC72,"Small subunit rRNA processing factor, putative",418,PY17X_1442900,5861,Plasmodium yoelii,Plasmodium yoelii,True,IPR005304,family,,418,156,417,CONTINUOUS
A0A077ZPQ5,18S rRNA (pseudouridine-N1)-methyltransferase,219,TTRE_0000911601,36087,Trichuris trichiura,Trichuris trichiura (Whipworm),True,IPR005304,family,,219,10,219,CONTINUOUS
A0A078A1U4,C2f protein,270,Contig16058.g17110,5949,Stylonychia lemnae,Stylonychia lemnae (Ciliate),True,IPR005304,family,,270,37,269,CONTINUOUS
A0A078ATM1,Nucleolar essential protein 1,271,Contig6324.g6776,5949,Stylonychia lemnae,Stylonychia lemnae (Ciliate),True,IPR005304,family,,271,73,271,CONTINUOUS
A0A080ZPB8,Ribosomal RNA small subunit methyltransferase NEP1,224,F444_14670,1317066,Phytophthora nicotianae P1976,Phytophthora nicotianae P1976,True,IPR005304,family,,224,5,207,CONTINUOUS
A0A080ZPB9,Ribosomal RNA small subunit methyltransferase NEP1,219,F444_14670,1317066,Phytophthora nicotianae P1976,Phytophthora nicotianae P1976,True,IPR005304,family,,219,5,219,CONTINUOUS
A0A081CLP5,Nep1-domain-containing protein,384,PAN0_019c5819,84753,Pseudozyma antarctica,Pseudozyma antarctica (Yeast),True,IPR005304,family,,384,128,383,CONTINUOUS
A0A081IB12,"Ribosomal RNA small subunit methyltransferase NEP1, putative",231,PVVCY_0700910,54757,Plasmodium vinckei vinckei,Plasmodium vinckei vinckei,True,IPR005304,family,,231,13,230,CONTINUOUS
A0A081S7E7,Ribosomal RNA small subunit methyltransferase Nep1,222,nep1,1502292,Marine Group I thaumarchaeote SCGC AAA799-E16,Marine Group I thaumarchaeote SCGC AAA799-E16,True,IPR005304,family,,222,2,218,CONTINUOUS
A0A084AGC4,Ribosomal RNA small subunit methyltransferase NEP1,290,S7711_06382,1280523,Stachybotrys chartarum (strain CBS 109288 / IBT 7711),Stachybotrys chartarum (strain CBS 109288 / IBT 7711) (Toxic black mold),True,IPR005304,family,,290,63,290,CONTINUOUS
A0A084G8F1,rRNA small subunit pseudouridine methyltransferase Nep1,125,SAPIO_CDS4543,563466,Pseudallescheria apiosperma,Pseudallescheria apiosperma,True,IPR005304,family,,125,31,113,CONTINUOUS
A0A084QBJ7,Ribosomal RNA small subunit methyltransferase NEP1,290,S40285_05874,1283841,Stachybotrys chlorohalonatus (strain IBT 40285),Stachybotrys chlorohalonatus (strain IBT 40285),True,IPR005304,family,,290,60,290,CONTINUOUS
A0A085M4K8,18S rRNA (pseudouridine-N1)-methyltransferase,219,M513_06999,68888,Trichuris suis,Trichuris suis (pig whipworm),True,IPR005304,family,,219,8,219,CONTINUOUS
A0A085N6T6,18S rRNA (pseudouridine-N1)-methyltransferase,219,M514_06999,68888,Trichuris suis,Trichuris suis (pig whipworm),True,IPR005304,family,,219,8,219,CONTINUOUS
A0A086J035,Uncharacterized protein,225,NESG_02279,1913371,Nematocida ausubeli (strain ATCC PRA-371 / ERTm2),Nematocida ausubeli (strain ATCC PRA-371 / ERTm2) (Nematode killer fungus),True,IPR005304,family,,225,2,224,CONTINUOUS
A0A086JZL6,Putative ribosome biogenesis protein nep1,235,TGDOM2_313980,1130820,Toxoplasma gondii GAB2-2007-GAL-DOM2,Toxoplasma gondii GAB2-2007-GAL-DOM2,True,IPR005304,family,,235,20,234,CONTINUOUS
A0A086KZU5,Putative ribosome biogenesis protein NEP1,123,TGP89_367190,943119,Toxoplasma gondii p89,Toxoplasma gondii p89,True,IPR005304,family,,123,19,123,CONTINUOUS
A0A086LHS5,Putative ribosome biogenesis protein NEP1,123,TGFOU_367190,943167,Toxoplasma gondii FOU,Toxoplasma gondii FOU,True,IPR005304,family,,123,19,123,CONTINUOUS
A0A086MBB7,Putative ribosome biogenesis protein nep1,127,TGRUB_313980B,935652,Toxoplasma gondii RUB,Toxoplasma gondii RUB,True,IPR005304,family,,127,16,126,CONTINUOUS
A0A086MBC7,Putative ribosome biogenesis protein nep1,123,TGRUB_313980A,935652,Toxoplasma gondii RUB,Toxoplasma gondii RUB,True,IPR005304,family,,123,19,123,CONTINUOUS
A0A086QBE9,Putative ribosome biogenesis protein nep1,235,TGVAND_313980,933077,Toxoplasma gondii VAND,Toxoplasma gondii VAND,True,IPR005304,family,,235,20,234,CONTINUOUS
A0A086QYN4,Putative ribosome biogenesis protein nep1,123,TGMAS_313980A,943118,Toxoplasma gondii MAS,Toxoplasma gondii MAS,True,IPR005304,family,,123,19,123,CONTINUOUS
A0A086QYN8,Putative ribosome biogenesis protein nep1,94,TGMAS_313980B,943118,Toxoplasma gondii MAS,Toxoplasma gondii MAS,True,IPR005304,family,,94,1,94,CONTINUOUS
A0A086T0L3,Ribosomal RNA small subunit methyltransferase-like protein,311,ACRE_063460,857340,Hapsidospora chrysogenum (strain ATCC 11550 / CBS 779.69 / DSM 880 / IAM 14645 / JCM 23072 / IMI 49137),Hapsidospora chrysogenum (strain ATCC 11550 / CBS 779.69 / DSM 880 / IAM 14645 / JCM 23072 / IMI 49137),True,IPR005304,family,,311,86,311,CONTINUOUS
A0A087RMZ8,Ribosomal RNA small subunit methyltransferase Nep1,222,nep1,1502291,Marine Group I thaumarchaeote SCGC AAA799-D11,Marine Group I thaumarchaeote SCGC AAA799-D11,True,IPR005304,family,,222,2,218,CONTINUOUS
A0A087RVV4,Ribosomal RNA small subunit methyltransferase Nep1,222,nep1,1503183,Marine Group I thaumarchaeote SCGC RSA3,Marine Group I thaumarchaeote SCGC RSA3,True,IPR005304,family,,222,2,218,CONTINUOUS
A0A087RXI0,Ribosomal RNA small subunit methyltransferase Nep1,222,nep1,1502295,Marine Group I thaumarchaeote SCGC AAA799-P11,Marine Group I thaumarchaeote SCGC AAA799-P11,True,IPR005304,family,,222,2,218,CONTINUOUS
A0A087SPH3,Ribosomal RNA small subunit methyltransferase NEP1,229,F751_6608,3075,Auxenochlorella protothecoides,Auxenochlorella protothecoides (Green microalga),True,IPR005304,family,,229,9,228,CONTINUOUS
A0A087UG59,18S rRNA (pseudouridine-N1)-methyltransferase,239,X975_17301,407821,Stegodyphus mimosarum,Stegodyphus mimosarum (African social velvet spider),True,IPR005304,family,,239,18,238,CONTINUOUS
A0A087W0E7,Ribosomal RNA small subunit methyltransferase,237,EmuJ_000174900,6211,Echinococcus multilocularis,Echinococcus multilocularis (Fox tapeworm),True,IPR005304,family,,237,11,226,CONTINUOUS
A0A087WVM7,Ribosomal RNA small subunit methyltransferase NEP1,149,EMG1,9606,Homo sapiens,Homo sapiens (Human),False,IPR005304,family,,149,2,143,CONTINUOUS
A0A087WWQ2,18S rRNA (pseudouridine(1248)-N1)-methyltransferase,223,,9606,Homo sapiens,Homo sapiens (Human),True,IPR005304,family,,223,13,214,CONTINUOUS
A0A087Y4T9,18S rRNA (pseudouridine(1248)-N1)-methyltransferase,236,,48698,Poecilia formosa,Poecilia formosa (Amazon molly),True,IPR005304,family,,236,6,236,CONTINUOUS
A0A088E393,Ribosomal RNA small subunit methyltransferase Nep1,209,nep1,43687,Metallosphaera sedula,Metallosphaera sedula,True,IPR005304,family,,209,1,206,CONTINUOUS
A0A088RWH7,"Ribosomal biogenesis methyltransferase, putative",246,LPMP_272250,5679,Leishmania panamensis,Leishmania panamensis,True,IPR005304,family,,246,2,197,CONTINUOUS
A0A088S637,"Methyltransferase, putative",287,LPMP_161360,5679,Leishmania panamensis,Leishmania panamensis,True,IPR005304,family,,287,12,279,CONTINUOUS
A0A090LCI7,18S rRNA (pseudouridine-N1)-methyltransferase,226,SRAE_2000214900,34506,Strongyloides ratti,Strongyloides ratti (Parasitic roundworm),True,IPR005304,family,,226,14,226,CONTINUOUS
A0A090N2N1,"Ribosomal biogenesis,methyltransferase,EMG1/NEP1",143,OT_ostta01g00910,70448,Ostreococcus tauri,Ostreococcus tauri (Marine green alga),False,IPR005304,family,,143,4,142,CONTINUOUS
A0A091CN12,18S rRNA (pseudouridine(1248)-N1)-methyltransferase,244,H920_18391,885580,Fukomys damarensis,Fukomys damarensis (Damaraland mole rat),True,IPR005304,family,,244,13,244,CONTINUOUS
A0A091EME2,18S rRNA (pseudouridine(1248)-N1)-methyltransferase,188,N302_08123,85066,Corvus brachyrhynchos,Corvus brachyrhynchos (American crow),True,IPR005304,family,,188,1,187,CONTINUOUS
A0A091GEP7,18S rRNA (pseudouridine(1248)-N1)-methyltransferase,237,N303_15780,55661,Cuculus canorus,Cuculus canorus (Common cuckoo),True,IPR005304,family,,237,20,236,CONTINUOUS
A0A091IZH5,18S rRNA (pseudouridine(1248)-N1)-methyltransferase,155,N300_14127,9244,Calypte anna,Calypte anna (Anna's hummingbird),True,IPR005304,family,,155,1,154,CONTINUOUS
A0A091J5J7,18S rRNA (pseudouridine(1248)-N1)-methyltransferase,159,Z169_15834,188379,Egretta garzetta,Egretta garzetta (Little egret),True,IPR005304,family,,159,1,158,CONTINUOUS
A0A091KST4,18S rRNA (pseudouridine(1248)-N1)-methyltransferase,155,N324_10664,187382,Chlamydotis macqueenii,Chlamydotis macqueenii (Macqueen's bustard),True,IPR005304,family,,155,1,154,CONTINUOUS
A0A091L2C4,18S rRNA (pseudouridine(1248)-N1)-methyltransferase,188,N323_09346,43455,Cathartes aura,Cathartes aura (Turkey vulture),True,IPR005304,family,,188,1,187,CONTINUOUS
A0A091M2G0,18S rRNA (pseudouridine(1248)-N1)-methyltransferase,155,N322_10531,54380,Cariama cristata,Cariama cristata (Red-legged seriema),True,IPR005304,family,,155,1,154,CONTINUOUS
A0A091NDL8,18S rRNA (pseudouridine(1248)-N1)-methyltransferase,155,N311_09643,57397,Apaloderma vittatum,Apaloderma vittatum (Bar-tailed trogon),True,IPR005304,family,,155,1,154,CONTINUOUS
A0A091NTC7,18S rRNA (pseudouridine(1248)-N1)-methyltransferase,188,N310_09765,57068,Acanthisitta chloris,Acanthisitta chloris (rifleman),True,IPR005304,family,,188,1,187,CONTINUOUS
A0A091RF85,18S rRNA (pseudouridine(1248)-N1)-methyltransferase,155,N332_04920,54374,Mesitornis unicolor,Mesitornis unicolor (brown roatelo),True,IPR005304,family,,155,1,154,CONTINUOUS
A0A091STG9,18S rRNA (pseudouridine(1248)-N1)-methyltransferase,155,N334_12705,36300,Pelecanus crispus,Pelecanus crispus (Dalmatian pelican),True,IPR005304,family,,155,1,154,CONTINUOUS
A0A091VML4,18S rRNA (pseudouridine(1248)-N1)-methyltransferase,188,Y956_07962,128390,Nipponia nippon,Nipponia nippon (Crested ibis),True,IPR005304,family,,188,1,187,CONTINUOUS
A0A091VY80,18S rRNA (pseudouridine(1248)-N1)-methyltransferase,158,N306_14162,30419,Opisthocomus hoazin,Opisthocomus hoazin (Hoatzin),True,IPR005304,family,,158,1,157,CONTINUOUS
A0A093CD96,18S rRNA (pseudouridine(1248)-N1)-methyltransferase,155,N339_07604,240206,Pterocles gutturalis,Pterocles gutturalis (yellow-throated sandgrouse),True,IPR005304,family,,155,1,154,CONTINUOUS
A0A093D763,18S rRNA (pseudouridine(1248)-N1)-methyltransferase,155,N340_14414,121530,Tauraco erythrolophus,Tauraco erythrolophus (Red-crested turaco),True,IPR005304,family,,155,1,154,CONTINUOUS
A0A093F099,18S rRNA (pseudouridine(1248)-N1)-methyltransferase,155,N341_10966,56313,Tyto alba,Tyto alba (Barn owl),True,IPR005304,family,,155,1,154,CONTINUOUS
A0A093GC20,18S rRNA (pseudouridine(1248)-N1)-methyltransferase,155,N307_10687,118200,Dryobates pubescens,Dryobates pubescens (Downy woodpecker),True,IPR005304,family,,155,1,154,CONTINUOUS
A0A093I5S5,18S rRNA (pseudouridine(1248)-N1)-methyltransferase,188,N308_11207,441894,Struthio camelus australis,Struthio camelus australis,True,IPR005304,family,,188,1,187,CONTINUOUS
A0A093PCI1,18S rRNA (pseudouridine(1248)-N1)-methyltransferase,155,N305_07312,328815,Manacus vitellinus,Manacus vitellinus (golden-collared manakin),True,IPR005304,family,,155,1,154,CONTINUOUS
A0A093QS87,18S rRNA (pseudouridine(1248)-N1)-methyltransferase,155,AS28_01396,9238,Pygoscelis adeliae,Pygoscelis adeliae (Adelie penguin),True,IPR005304,family,,155,1,154,CONTINUOUS
A0A093QVN7,18S rRNA (pseudouridine(1248)-N1)-methyltransferase,155,N336_04149,9209,Phalacrocorax carbo,Phalacrocorax carbo (Great cormorant),True,IPR005304,family,,155,1,154,CONTINUOUS
A0A093VA42,Ribosomal RNA small subunit methyltransferase NEP1,256,GQ26_0090770,1077442,Talaromyces marneffei PM1,Talaromyces marneffei PM1,True,IPR005304,family,,256,36,256,CONTINUOUS
A0A093VHF0,Ribosomal RNA small subunit methyltransferase NEP1,262,GQ26_0090770,1077442,Talaromyces marneffei PM1,Talaromyces marneffei PM1,True,IPR005304,family,,262,41,262,CONTINUOUS
A0A093XVX3,Ribosomal RNA small subunit methyltransferase NEP1,247,GQ26_0090770,1077442,Talaromyces marneffei PM1,Talaromyces marneffei PM1,True,IPR005304,family,,247,28,247,CONTINUOUS
A0A094KDA9,18S rRNA (pseudouridine(1248)-N1)-methyltransferase,155,N338_11277,345573,Podiceps cristatus,Podiceps cristatus (Great crested grebe),True,IPR005304,family,,155,1,154,CONTINUOUS
A0A094MJU9,18S rRNA (pseudouridine(1248)-N1)-methyltransferase,155,N321_05850,279965,Antrostomus carolinensis,Antrostomus carolinensis (Chuck-will's-widow),True,IPR005304,family,,155,1,154,CONTINUOUS
A0A094ZKD1,"18S rRNA pseudouridine methyltransferase, variant 2",233,EMG1_1,6185,Schistosoma haematobium,Schistosoma haematobium (Blood fluke),True,IPR005304,family,,233,4,219,CONTINUOUS
A0A096N676,18S rRNA (pseudouridine(1248)-N1)-methyltransferase,244,EMG1,9555,Papio anubis,Papio anubis (Olive baboon),True,IPR005304,family,,244,12,244,CONTINUOUS
A0A097QUI8,Ribosomal RNA small subunit methyltransferase Nep1,219,nep1,1505907,Thermococcus eurythermalis,Thermococcus eurythermalis,True,IPR005304,family,,219,2,217,CONTINUOUS
A0A098VVU4,Ribosomal RNA small subunit methyltransferase NEP1,234,DI09_264p20,1485682,Mitosporidium daphniae,Mitosporidium daphniae,True,IPR005304,family,,234,6,234,CONTINUOUS
A0A099NTQ1,Ribosomal RNA small subunit methyltransferase NEP1,258,JL09_g5589,4909,Pichia kudriavzevii,Pichia kudriavzevii (Yeast),True,IPR005304,family,,258,17,258,CONTINUOUS
A0A099Z4I5,18S rRNA (pseudouridine(1248)-N1)-methyltransferase,188,N309_14077,94827,Tinamus guttatus,Tinamus guttatus (White-throated tinamou),True,IPR005304,family,,188,1,187,CONTINUOUS
A0A0A0A124,18S rRNA (pseudouridine(1248)-N1)-methyltransferase,155,N301_07469,50402,Charadrius vociferus,Charadrius vociferus (Killdeer),True,IPR005304,family,,155,1,154,CONTINUOUS
A0A0A0HV25,Ribosomal RNA small subunit methyltransferase NEP1,251,PADG_12027,502780,Paracoccidioides brasiliensis (strain Pb18),Paracoccidioides brasiliensis (strain Pb18),True,IPR005304,family,,251,35,251,CONTINUOUS
A0A0A0K3C1,Uncharacterized protein,140,Csa_7G219210,3659,Cucumis sativus,Cucumis sativus (Cucumber),True,IPR005304,family,,140,2,139,CONTINUOUS
A0A0A0LFI3,Uncharacterized protein,307,Csa_3G821550,3659,Cucumis sativus,Cucumis sativus (Cucumber),True,IPR005304,family,,307,57,306,CONTINUOUS
A0A0A0YQW2,Ribosomal RNA small subunit methyltransferase-like protein,286,,114476,Gardenia jasminoides,Gardenia jasminoides (Cape jasmine),True,IPR005304,family,,286,49,286,CONTINUOUS
A0A0A1NMW3,Nep1-domain-containing protein,235,BCV71DRAFT_224277,58291,Rhizopus microsporus,Rhizopus microsporus,True,IPR005304,family,,235,10,235,CONTINUOUS
A0A0A1TF91,Putative EMG1/NEP1 methyltransferase,261,VHEMI09024,1531966,[Torrubiella] hemipterigena,[Torrubiella] hemipterigena,True,IPR005304,family,,261,35,261,CONTINUOUS
A0A0A1V8L6,EMG1/NEP1 methyltransferase,176,X797_000942,568076,Metarhizium robertsii,Metarhizium robertsii,True,IPR005304,family,,176,1,176,CONTINUOUS
A0A0A1WQD6,18S rRNA (pseudouridine-N1)-methyltransferase,261,CG3527,28588,Zeugodacus cucurbitae,Zeugodacus cucurbitae (Melon fruit fly),True,IPR005304,family,,261,32,260,CONTINUOUS
A0A0A2KET7,"Ribosomal biogenesis, methyltransferase, EMG1/NEP1",259,PITC_078900,40296,Penicillium italicum,Penicillium italicum (Blue mold),True,IPR005304,family,,259,17,259,CONTINUOUS
A0A0A2KP97,"Ribosomal biogenesis, methyltransferase, EMG1/NEP1",259,PEX2_019540,27334,Penicillium expansum,Penicillium expansum (Blue mold rot fungus),True,IPR005304,family,,259,17,259,CONTINUOUS
A0A0A2V4C6,Ribosomal RNA small subunit methyltransferase NEP1,261,BBAD15_g12143,1245745,Beauveria bassiana D1-5,Beauveria bassiana D1-5,True,IPR005304,family,,261,36,261,CONTINUOUS
A0A0A7GFR8,Ribosomal RNA small subunit methyltransferase Nep1,214,nep1,565033,Geoglobus acetivorans,Geoglobus acetivorans,True,IPR005304,family,,214,3,181,CONTINUOUS
A0A0A7V116,Ribosomal RNA small subunit methyltransferase Nep1,222,nep1,1410606,Candidatus Nitrosopelagicus brevis,Candidatus Nitrosopelagicus brevis,True,IPR005304,family,,222,3,218,CONTINUOUS
A0A0A8L3K4,Ribosomal RNA small subunit methyltransferase NEP1,252,KLDO_g1052,1427455,Kluyveromyces dobzhanskii CBS 2104,Kluyveromyces dobzhanskii CBS 2104,True,IPR005304,family,,252,17,252,CONTINUOUS
A0A0A9VUM7,18S rRNA (pseudouridine-N1)-methyltransferase,267,CM83_37496,30085,Lygus hesperus,Lygus hesperus (Western plant bug),True,IPR005304,family,,267,35,267,CONTINUOUS
A0A0A9W521,18S rRNA (pseudouridine-N1)-methyltransferase,236,CG3527_1,30085,Lygus hesperus,Lygus hesperus (Western plant bug),True,IPR005304,family,,236,3,236,CONTINUOUS
A0A0A9W8V3,Uncharacterized protein,136,CM83_99535,30085,Lygus hesperus,Lygus hesperus (Western plant bug),True,IPR005304,family,,136,1,122,CONTINUOUS
A0A0A9XL03,Ribosomal RNA small subunit methyltransferase NEP1,112,Emg1,30085,Lygus hesperus,Lygus hesperus (Western plant bug),True,IPR005304,family,,112,1,112,CONTINUOUS
A0A0B0MWH1,Ribosomal RNA small subunit methyltransferase NEP1,289,F383_28316,29729,Gossypium arboreum,Gossypium arboreum (Tree cotton),True,IPR005304,family,,289,26,289,CONTINUOUS
A0A0B0N413,Ribosomal RNA small subunit methyltransferase NEP1,289,F383_33840,29729,Gossypium arboreum,Gossypium arboreum (Tree cotton),True,IPR005304,family,,289,26,289,CONTINUOUS
A0A0B1NZK0,Putative nucleolar essential protein 1,271,EV44_g4706,52586,Uncinula necator,Uncinula necator (Grape powdery mildew),True,IPR005304,family,,271,45,271,CONTINUOUS
A0A0B1SI22,Nep1 ribosome biogenesis protein,110,OESDEN_16754,61180,Oesophagostomum dentatum,Oesophagostomum dentatum (Nodular worm),True,IPR005304,family,,110,1,110,CONTINUOUS
A0A0B2P688,Ribosomal RNA small subunit methyltransferase NEP1,121,glysoja_038921,3848,Glycine soja,Glycine soja (Wild soybean),True,IPR005304,family,,121,4,121,CONTINUOUS
A0A0B2PEP3,Ribosomal RNA small subunit methyltransferase NEP1,112,glysoja_032415,3848,Glycine soja,Glycine soja (Wild soybean),True,IPR005304,family,,112,1,111,CONTINUOUS
A0A0B2RKD0,Ribosomal RNA small subunit methyltransferase NEP1,282,D0Y65_029495,3848,Glycine soja,Glycine soja (Wild soybean),True,IPR005304,family,,282,39,282,CONTINUOUS
A0A0B2UMU1,Ribosomal biogenesis protein,185,M896_010340,1354746,Ordospora colligata OC4,Ordospora colligata OC4,True,IPR005304,family,,185,29,180,CONTINUOUS
A0A0B2USK8,18S rRNA (pseudouridine-N1)-methyltransferase,264,Y39A1A.14,6265,Toxocara canis,Toxocara canis (Canine roundworm),True,IPR005304,family,,264,52,261,CONTINUOUS
A0A0B2X433,Nucleolar essential protein 1,254,MAM_00115,1081103,Metarhizium album (strain ARSEF 1941),Metarhizium album (strain ARSEF 1941),True,IPR005304,family,,254,29,254,CONTINUOUS
A0A0B4EWD9,"Ribosomal biogenesis, methyltransferase, EMG1/NEP1",176,MAN_08367,3151832,Metarhizium anisopliae (strain ARSEF 549),Metarhizium anisopliae (strain ARSEF 549),True,IPR005304,family,,176,1,176,CONTINUOUS
A0A0B6Y540,Ribosomal RNA small subunit methyltransferase NEP1,230,ORF13376,1028688,Arion vulgaris,Arion vulgaris,True,IPR005304,family,,230,8,229,CONTINUOUS
A0A0B7FT15,Putative ribosomal RNA small subunit methyltransferase mra1,339,RSOLAG1IB_03275,1108050,Thanatephorus cucumeris (strain AG1-IB / isolate 7/3/14),Thanatephorus cucumeris (strain AG1-IB / isolate 7/3/14) (Lettuce bottom rot fungus),True,IPR005304,family,,339,77,339,CONTINUOUS
A0A0B7JU72,Ribosomal RNA small subunit methyltransferase NEP1,267,BN869_000002852_1,29856,Bionectria ochroleuca,Bionectria ochroleuca,True,IPR005304,family,,267,34,261,CONTINUOUS
A0A0B7N6F0,Ribosomal RNA small subunit methyltransferase NEP1,226,PARPA_04802.1 scaffold 15639,35722,Parasitella parasitica,Parasitella parasitica,True,IPR005304,family,,226,14,226,CONTINUOUS
A0A0B7NRF9,Ribosomal RNA small subunit methyltransferase NEP1,260,PARPA_11872.1 scaffold 44722,35722,Parasitella parasitica,Parasitella parasitica,True,IPR005304,family,,260,13,260,CONTINUOUS
A0A0C2FKU4,Nep1 ribosome biogenesis protein,199,ANCDUO_22571,51022,Ancylostoma duodenale,Ancylostoma duodenale,True,IPR005304,family,,199,30,78,CONTINUOUS
A0A0C2FKU4,Nep1 ribosome biogenesis protein,199,ANCDUO_22571,51022,Ancylostoma duodenale,Ancylostoma duodenale,True,IPR005304,family,,199,77,199,CONTINUOUS
A0A0C2IVT4,Essential for mitotic growth 1,263,SPBR_07716,1398154,Sporothrix brasiliensis 5110,Sporothrix brasiliensis 5110,True,IPR005304,family,,263,24,263,CONTINUOUS
A0A0C2N5R2,Ribosomal RNA small subunit methyltransferase NEP1,147,RF11_02989,669202,Thelohanellus kitauei,Thelohanellus kitauei (Myxosporean),True,IPR005304,family,,147,41,146,CONTINUOUS
A0A0C2SUV7,Nucleolar essential protein 1,381,M378DRAFT_9467,946122,Amanita muscaria (strain Koide BX008),Amanita muscaria (strain Koide BX008),True,IPR005304,family,,381,132,380,CONTINUOUS
A0A0C2ZKZ6,Ribosomal RNA small subunit methyltransferase NEP1,328,SCLCIDRAFT_1215332,1036808,Scleroderma citrinum Foug A,Scleroderma citrinum Foug A,True,IPR005304,family,,328,85,327,CONTINUOUS
A0A0C3BJ06,Ribosomal RNA small subunit methyltransferase NEP1,358,M408DRAFT_260728,933852,Serendipita vermifera MAFF 305830,Serendipita vermifera MAFF 305830,True,IPR005304,family,,358,104,357,CONTINUOUS
A0A0C3BQ84,Nep1-domain-containing protein,237,PILCRDRAFT_74189,765440,Piloderma croceum (strain F 1598),Piloderma croceum (strain F 1598),True,IPR005304,family,,237,15,237,CONTINUOUS
A0A0C3CEZ6,Nep1-domain-containing protein,244,M413DRAFT_70141,76867,Hebeloma cylindrosporum,Hebeloma cylindrosporum,True,IPR005304,family,,244,12,244,CONTINUOUS
A0A0C3GQ72,Ribosomal RNA small subunit methyltransferase NEP1,248,OIDMADRAFT_129432,913774,Oidiodendron maius (strain Zn),Oidiodendron maius (strain Zn),True,IPR005304,family,,248,25,248,CONTINUOUS
A0A0C3JLN0,Nep1-domain-containing protein,237,M404DRAFT_157544,870435,Pisolithus tinctorius Marx 270,Pisolithus tinctorius Marx 270,True,IPR005304,family,,237,14,237,CONTINUOUS
A0A0C3PH25,Ribosomal RNA small subunit methyltransferase NEP1,234,PHLGIDRAFT_25232,745531,Phlebiopsis gigantea (strain 11061_1 CR5-6),Phlebiopsis gigantea (strain 11061_1 CR5-6) (White-rot fungus),True,IPR005304,family,,234,17,234,CONTINUOUS
A0A0C3QKT1,Nep1-domain-containing protein,274,M407DRAFT_73616,1051891,Tulasnella calospora MUT 4182,Tulasnella calospora MUT 4182,True,IPR005304,family,,274,26,271,CONTINUOUS
A0A0C3SC26,Nep1-domain-containing protein,237,PHLGIDRAFT_65448,745531,Phlebiopsis gigantea (strain 11061_1 CR5-6),Phlebiopsis gigantea (strain 11061_1 CR5-6) (White-rot fungus),True,IPR005304,family,,237,13,237,CONTINUOUS
A0A0C4DUJ2,Essential for mitotic growth 1,262,MAPG_03631,644358,Magnaporthiopsis poae (strain ATCC 64411 / 73-15),Magnaporthiopsis poae (strain ATCC 64411 / 73-15) (Kentucky bluegrass fungus),True,IPR005304,family,,262,32,262,CONTINUOUS
A0A0C5BPK7,Ribosomal RNA small subunit methyltransferase Nep1,222,nep,1582439,Nitrosopumilus piranensis,Nitrosopumilus piranensis,True,IPR005304,family,,222,2,218,CONTINUOUS
A0A0C7N2F5,Ribosomal RNA small subunit methyltransferase NEP1,252,LALA0_S11e01684g,1245769,Lachancea lanzarotensis,Lachancea lanzarotensis,True,IPR005304,family,,252,21,252,CONTINUOUS
A0A0C9M808,Uncharacterized protein,141,MAM1_0121c05878,91626,Mucor ambiguus,Mucor ambiguus,True,IPR005304,family,,141,1,124,CONTINUOUS
A0A0C9MIF8,Nep1-domain-containing protein,260,MAM1_0029c02290,91626,Mucor ambiguus,Mucor ambiguus,True,IPR005304,family,,260,9,260,CONTINUOUS
A0A0C9R1I8,18S rRNA (pseudouridine-N1)-methyltransferase,231,,6943,Amblyomma americanum,Amblyomma americanum (Lone star tick),True,IPR005304,family,,231,15,229,CONTINUOUS
A0A0C9RZT2,18S rRNA (pseudouridine-N1)-methyltransferase,236,CG3527,64838,Fopius arisanus,Fopius arisanus,True,IPR005304,family,,236,1,236,CONTINUOUS
A0A0C9S2X7,TSA: Wollemia nobilis Ref_Wollemi_Transcript_16661_1119 transcribed RNA sequence,255,,56998,Wollemia nobilis,Wollemia nobilis,True,IPR005304,family,,255,17,255,CONTINUOUS
A0A0C9V5Z1,Nep1-domain-containing protein,380,HYDPIDRAFT_177206,994086,Hydnomerulius pinastri MD-312,Hydnomerulius pinastri MD-312,True,IPR005304,family,,380,131,380,CONTINUOUS
A0A0C9X4H7,Nep1-domain-containing protein,410,K443DRAFT_685203,1095629,Laccaria amethystina LaAM-08-1,Laccaria amethystina LaAM-08-1,True,IPR005304,family,,410,174,410,CONTINUOUS
A0A0C9YB38,Ribosomal RNA small subunit methyltransferase NEP1,324,PISMIDRAFT_680907,765257,Pisolithus microcarpus 441,Pisolithus microcarpus 441,True,IPR005304,family,,324,82,324,CONTINUOUS
A0A0D0ANM8,Nep1-domain-containing protein,384,CY34DRAFT_811785,930992,Suillus luteus UH-Slu-Lm8-n1,Suillus luteus UH-Slu-Lm8-n1,True,IPR005304,family,,384,127,384,CONTINUOUS
A0A0D0C6N1,Nep1-domain-containing protein,393,GYMLUDRAFT_40906,944289,Collybiopsis luxurians FD-317 M1,Collybiopsis luxurians FD-317 M1,True,IPR005304,family,,393,157,392,CONTINUOUS
A0A0D0E7B9,Ribosomal RNA small subunit methyltransferase NEP1,360,PAXRUDRAFT_26157,930991,Paxillus rubicundulus Ve08.2h10,Paxillus rubicundulus Ve08.2h10,True,IPR005304,family,,360,117,360,CONTINUOUS
A0A0D0V3G3,Nucleolar essential protein 1,330,I313_03019,1296110,Cryptococcus deuterogattii Ram5,Cryptococcus deuterogattii Ram5,True,IPR005304,family,,330,80,330,CONTINUOUS
A0A0D0VPW9,Nucleolar essential protein 1,330,I312_03573,1296109,Cryptococcus bacillisporus CA1280,Cryptococcus bacillisporus CA1280,True,IPR005304,family,,330,80,330,CONTINUOUS
A0A0D1DT97,Nucleolar essential protein 1,389,UMAG_06195,5270,Mycosarcoma maydis,Mycosarcoma maydis (Corn smut fungus),True,IPR005304,family,,389,134,388,CONTINUOUS
A0A0D1WRL6,Ribosomal RNA small subunit methyltransferase NEP1,258,PV10_06298,212818,Exophiala mesophila,Exophiala mesophila (Black yeast-like fungus),True,IPR005304,family,,258,33,258,CONTINUOUS
A0A0D1XKL2,Ribosomal RNA small subunit methyltransferase NEP1,260,PV09_05922,253628,Verruconis gallopava,Verruconis gallopava,True,IPR005304,family,,260,38,260,CONTINUOUS
A0A0D1ZDV0,Ribosomal RNA small subunit methyltransferase NEP1,255,PV11_00698,1016849,Exophiala sideris,Exophiala sideris,True,IPR005304,family,,255,30,255,CONTINUOUS
A0A0D2A5L6,Ribosomal RNA small subunit methyltransferase NEP1,256,PV08_00617,91928,Exophiala spinifera,Exophiala spinifera,True,IPR005304,family,,256,35,256,CONTINUOUS
A0A0D2A8F0,Ribosomal RNA small subunit methyltransferase NEP1,278,PV09_05922,253628,Verruconis gallopava,Verruconis gallopava,True,IPR005304,family,,278,55,278,CONTINUOUS
A0A0D2CEI5,Ribosomal RNA small subunit methyltransferase NEP1,267,PV06_00919,215243,Exophiala oligosperma,Exophiala oligosperma,True,IPR005304,family,,267,46,267,CONTINUOUS
A0A0D2CJ60,Ribosomal RNA small subunit methyltransferase NEP1,260,PV07_11762,569365,Cladophialophora immunda,Cladophialophora immunda,True,IPR005304,family,,260,38,260,CONTINUOUS
A0A0D2F636,Ribosomal RNA small subunit methyltransferase NEP1,275,Z519_01245,1442370,Cladophialophora bantiana (strain ATCC 10958 / CBS 173.52 / CDC B-1940 / NIH 8579),Cladophialophora bantiana (strain ATCC 10958 / CBS 173.52 / CDC B-1940 / NIH 8579),True,IPR005304,family,,275,53,275,CONTINUOUS
A0A0D2F980,Ribosomal RNA small subunit methyltransferase NEP1,258,PV05_05217,348802,Exophiala xenobiotica,Exophiala xenobiotica,True,IPR005304,family,,258,37,258,CONTINUOUS
A0A0D2FCU6,Ribosomal RNA small subunit methyltransferase NEP1,260,PV04_08064,1851006,Phialophora macrospora,Phialophora macrospora,True,IPR005304,family,,260,18,260,CONTINUOUS
A0A0D2GSG4,Ribosomal RNA small subunit methyltransferase NEP1,260,Z517_03169,1442368,Fonsecaea pedrosoi CBS 271.37,Fonsecaea pedrosoi CBS 271.37,True,IPR005304,family,,260,38,260,CONTINUOUS
A0A0D2II23,Ribosomal RNA small subunit methyltransferase NEP1,257,Z518_08869,1442369,Rhinocladiella mackenziei CBS 650.93,Rhinocladiella mackenziei CBS 650.93,True,IPR005304,family,,257,35,257,CONTINUOUS
A0A0D2J2G2,Ribosomal RNA small subunit methyltransferase NEP1,260,Z520_00318,1442371,Fonsecaea multimorphosa CBS 102226,Fonsecaea multimorphosa CBS 102226,True,IPR005304,family,,260,36,260,CONTINUOUS
A0A0D2MGV6,Putative ribosome biogeneis protein NEP1,234,MNEG_5650,145388,Monoraphidium neglectum,Monoraphidium neglectum,True,IPR005304,family,,234,16,234,CONTINUOUS
A0A0D2NH08,Nep1-domain-containing protein,244,HYPSUDRAFT_145370,945553,Hypholoma sublateritium (strain FD-334 SS-4),Hypholoma sublateritium (strain FD-334 SS-4),True,IPR005304,family,,244,12,244,CONTINUOUS
A0A0D2PT50,Ribosomal RNA small subunit methyltransferase NEP1,288,B456_008G117700,29730,Gossypium raimondii,Gossypium raimondii (Peruvian cotton),True,IPR005304,family,,288,37,288,CONTINUOUS
A0A0D2PTX5,Ribosomal RNA small subunit methyltransferase NEP1,288,B456_008G128200,29730,Gossypium raimondii,Gossypium raimondii (Peruvian cotton),True,IPR005304,family,,288,31,288,CONTINUOUS
A0A0D2REF1,Ribosomal RNA small subunit methyltransferase NEP1,273,B456_008G128200,29730,Gossypium raimondii,Gossypium raimondii (Peruvian cotton),True,IPR005304,family,,273,31,273,CONTINUOUS
A0A0D2SXV8,Ribosomal RNA small subunit methyltransferase NEP1,270,B456_008G095800,29730,Gossypium raimondii,Gossypium raimondii (Peruvian cotton),True,IPR005304,family,,270,32,270,CONTINUOUS
A0A0D2TCC2,Ribosomal RNA small subunit methyltransferase NEP1,197,B456_008G249100,29730,Gossypium raimondii,Gossypium raimondii (Peruvian cotton),True,IPR005304,family,,197,7,197,CONTINUOUS
A0A0D2VMJ0,C2f protein,228,CAOG_002524,595528,Capsaspora owczarzaki (strain ATCC 30864),Capsaspora owczarzaki (strain ATCC 30864),True,IPR005304,family,,228,15,228,CONTINUOUS
A0A0D2WMI6,"C2f protein, variant",165,CAOG_002524,595528,Capsaspora owczarzaki (strain ATCC 30864),Capsaspora owczarzaki (strain ATCC 30864),True,IPR005304,family,,165,1,165,CONTINUOUS
A0A0D2XW01,Uncharacterized protein,259,28949813,660025,Fusarium oxysporum (strain Fo5176),Fusarium oxysporum (strain Fo5176) (Fusarium vascular wilt),True,IPR005304,family,,259,37,259,CONTINUOUS
A0A0D3DTT4,Ribosomal RNA small subunit methyltransferase NEP1,292,,109376,Brassica oleracea var. oleracea,Brassica oleracea var. oleracea,True,IPR005304,family,,292,49,292,CONTINUOUS
A0A0D3F3V0,Ribosomal RNA small subunit methyltransferase NEP1,324,,65489,Oryza barthii,Oryza barthii,True,IPR005304,family,,324,101,323,CONTINUOUS
A0A0D3IM58,Ribosomal RNA small subunit methyltransferase NEP1,251,,280463,Emiliania huxleyi (strain CCMP1516),Emiliania huxleyi (strain CCMP1516),True,IPR005304,family,,251,17,250,CONTINUOUS
A0A0D3KTX6,Ribosomal RNA small subunit methyltransferase NEP1,222,,280463,Emiliania huxleyi (strain CCMP1516),Emiliania huxleyi (strain CCMP1516),True,IPR005304,family,,222,10,221,CONTINUOUS
A0A0D5BZH8,Ribosomal RNA small subunit methyltransferase Nep1,222,nep,1580092,Nitrosopumilus adriaticus,Nitrosopumilus adriaticus,True,IPR005304,family,,222,2,218,CONTINUOUS
A0A0D6ELL3,SPOSA6832_02136-mRNA-1:cds,363,SPOSA6832_02136,5005,Sporidiobolus salmonicolor,Sporidiobolus salmonicolor (Yeast-like fungus),True,IPR005304,family,,363,96,330,CONTINUOUS
A0A0D6LRD9,18S rRNA (pseudouridine-N1)-methyltransferase,251,ANCCEY_06260,53326,Ancylostoma ceylanicum,Ancylostoma ceylanicum,True,IPR005304,family,,251,29,251,CONTINUOUS
A0A0D6R8D0,Ribosomal RNA small subunit methyltransferase NEP1,258,,56994,Araucaria cunninghamii,Araucaria cunninghamii (Hoop pine),True,IPR005304,family,,258,20,258,CONTINUOUS
A0A0D6ZZZ0,Nep1-domain-containing protein,257,FISHEDRAFT_51422,1128425,Fistulina hepatica ATCC 64428,Fistulina hepatica ATCC 64428,True,IPR005304,family,,257,10,257,CONTINUOUS
A0A0D7BCT5,Nep1-domain-containing protein,271,CYLTODRAFT_422023,1314674,Cylindrobasidium torrendii FP15055 ss-10,Cylindrobasidium torrendii FP15055 ss-10,True,IPR005304,family,,271,12,271,CONTINUOUS
A0A0D7BVJ6,Nep1-domain-containing protein,245,CYLTODRAFT_340575,1314674,Cylindrobasidium torrendii FP15055 ss-10,Cylindrobasidium torrendii FP15055 ss-10,True,IPR005304,family,,245,16,245,CONTINUOUS
A0A0D8X7X8,Nep1 ribosome biogenesis protein,123,DICVIV_14380,29172,Dictyocaulus viviparus,Dictyocaulus viviparus (Bovine lungworm),True,IPR005304,family,,123,13,123,CONTINUOUS
A0A0D8XQ59,18S rRNA (pseudouridine-N1)-methyltransferase,197,DICVIV_08076,29172,Dictyocaulus viviparus,Dictyocaulus viviparus (Bovine lungworm),True,IPR005304,family,,197,28,197,CONTINUOUS
A0A0D9PDK5,Ribosomal RNA small subunit methyltransferase,261,H634G_00504,1291518,Metarhizium anisopliae BRIP 53293,Metarhizium anisopliae BRIP 53293,True,IPR005304,family,,261,36,261,CONTINUOUS
A0A0D9QQQ9,Small subunit rRNA processing factor,422,AK88_02301,5857,Plasmodium fragile,Plasmodium fragile,True,IPR005304,family,,422,164,421,CONTINUOUS
A0A0D9QR76,Ribosomal RNA small subunit methyltransferase NEP1,231,AK88_00796,5857,Plasmodium fragile,Plasmodium fragile,True,IPR005304,family,,231,12,230,CONTINUOUS
A0A0D9RCN8,18S rRNA (pseudouridine(1248)-N1)-methyltransferase,244,EMG1,60711,Chlorocebus sabaeus,Chlorocebus sabaeus (Green monkey),True,IPR005304,family,,244,12,244,CONTINUOUS
A0A0D9VEZ8,Ribosomal RNA small subunit methyltransferase NEP1,281,,77586,Leersia perrieri,Leersia perrieri,True,IPR005304,family,,281,50,280,CONTINUOUS
A0A0D9YQT8,Ribosomal RNA small subunit methyltransferase NEP1,325,,40148,Oryza glumipatula,Oryza glumipatula,True,IPR005304,family,,325,101,324,CONTINUOUS
A0A0E0G515,Uncharacterized protein,276,,4536,Oryza nivara,Oryza nivara (Indian wild rice),True,IPR005304,family,,276,53,275,CONTINUOUS
A0A0E0JYM7,Uncharacterized protein,268,,4537,Oryza punctata,Oryza punctata (Red rice),True,IPR005304,family,,268,48,267,CONTINUOUS
A0A0E0NDA2,Uncharacterized protein,270,,4529,Oryza rufipogon,Oryza rufipogon (Brownbeard rice),True,IPR005304,family,,270,49,269,CONTINUOUS
A0A0E3GVT7,Ribosomal RNA small subunit methyltransferase Nep1,223,nep1,2287,Saccharolobus solfataricus,Saccharolobus solfataricus,True,IPR005304,family,,223,7,218,CONTINUOUS
A0A0E9N8E6,AMP deaminase,1131,G7K_0216-t1,698492,Saitoella complicata (strain BCRC 22490 / CBS 7301 / JCM 7358 / NBRC 10748 / NRRL Y-17804),Saitoella complicata (strain BCRC 22490 / CBS 7301 / JCM 7358 / NBRC 10748 / NRRL Y-17804),True,IPR005304,family,,1131,893,1098,CONTINUOUS
A0A0F0ILT8,EMG1/NEP1 methyltransferase,262,P875_00109051,1403190,Aspergillus parasiticus (strain ATCC 56775 / NRRL 5862 / SRRC 143 / SU-1),Aspergillus parasiticus (strain ATCC 56775 / NRRL 5862 / SRRC 143 / SU-1),True,IPR005304,family,,262,39,262,CONTINUOUS
A0A0F2LPT9,Ribosomal RNA small subunit methyltransferase Nep1,237,nep1,1326980,Candidatus Aramenus sulfurataquae,Candidatus Aramenus sulfurataquae,True,IPR005304,family,,237,18,233,CONTINUOUS
A0A0F2LSR5,Essential for mitotic growth 1,278,SPSK_00578,1397361,Sporothrix schenckii 1099-18,Sporothrix schenckii 1099-18,True,IPR005304,family,,278,33,278,CONTINUOUS
A0A0F4GVQ5,Nucleolar essential protein 1,259,TI39_contig336g00018,1047168,Zymoseptoria brevis,Zymoseptoria brevis,True,IPR005304,family,,259,38,259,CONTINUOUS
A0A0F4Z411,RNA processing protein Emg1,307,T310_1180,1408163,Rasamsonia emersonii (strain ATCC 16479 / CBS 393.64 / IMI 116815),Rasamsonia emersonii (strain ATCC 16479 / CBS 393.64 / IMI 116815),True,IPR005304,family,,307,84,307,CONTINUOUS
A0A0F4ZFB3,Ribosomal RNA small subunit methyltransferase NEP1,249,TD95_002519,72032,Thielaviopsis punctulata,Thielaviopsis punctulata,True,IPR005304,family,,249,25,249,CONTINUOUS
A0A0F7FK46,Ribosomal RNA small subunit methyltransferase Nep1,231,nep1,1550241,Infirmifilum uzonense,Infirmifilum uzonense,True,IPR005304,family,,231,3,224,CONTINUOUS
A0A0F7IEE5,Ribosomal RNA small subunit methyltransferase Nep1,214,nep1,113653,Geoglobus ahangari,Geoglobus ahangari,True,IPR005304,family,,214,3,211,CONTINUOUS
A0A0F7RS06,Related to EMG1-Protein required for ribosome biogenesis,385,SSCI12000.1,49012,Sporisorium scitamineum,Sporisorium scitamineum,True,IPR005304,family,,385,130,384,CONTINUOUS
A0A0F7SVA0,Nep1-domain-containing protein,327,,264483,Phaffia rhodozyma,Phaffia rhodozyma (Yeast),True,IPR005304,family,,327,71,327,CONTINUOUS
A0A0F7TJE3,Ribosomal RNA small subunit methyltransferase NEP1,258,PMG11_05584,104259,Penicillium brasilianum,Penicillium brasilianum,True,IPR005304,family,,258,33,258,CONTINUOUS
A0A0F7UPD9,"Suppressor Mra1 superfamily, related",235,BN1204_057180,572307,Neospora caninum (strain Liverpool),Neospora caninum (strain Liverpool),True,IPR005304,family,,235,20,234,CONTINUOUS
A0A0F7ZRY1,Ribosomal RNA small subunit methyltransferase NEP1,261,HIM_10207,1043627,Hirsutella minnesotensis 3608,Hirsutella minnesotensis 3608,True,IPR005304,family,,261,36,261,CONTINUOUS
A0A0F8AZD1,Ribosomal RNA small subunit methyltransferase NEP1,261,EMG1,88771,Ceratocystis fimbriata f. sp. platani,Ceratocystis fimbriata f. sp. platani,True,IPR005304,family,,261,16,261,CONTINUOUS
A0A0F8USU0,RNA processing protein,234,AOCH_005880,138278,Aspergillus ochraceoroseus,Aspergillus ochraceoroseus,True,IPR005304,family,,234,11,234,CONTINUOUS
A0A0F8VRV2,RNA processing protein,255,ARAM_004846,308745,Aspergillus rambellii,Aspergillus rambellii,True,IPR005304,family,,255,32,255,CONTINUOUS
A0A0F9E026,Ribosomal RNA small subunit methyltransferase Nep1,224,LCGC14_2135620,412755,marine sediment metagenome,marine sediment metagenome,True,IPR005304,family,,224,3,221,CONTINUOUS
A0A0F9LYG7,16S rRNA (pseudouridine-N1-)-methyltransferase Nep1,222,LCGC14_1140020,412755,marine sediment metagenome,marine sediment metagenome,True,IPR005304,family,,222,2,218,CONTINUOUS
A0A0F9QEH7,16S rRNA (pseudouridine-N1-)-methyltransferase Nep1,224,LCGC14_1024410,412755,marine sediment metagenome,marine sediment metagenome,True,IPR005304,family,,224,3,218,CONTINUOUS
A0A0F9S6T4,Ribosomal RNA small subunit methyltransferase Nep1,224,LCGC14_0508300,412755,marine sediment metagenome,marine sediment metagenome,True,IPR005304,family,,224,3,222,CONTINUOUS
A0A0F9VJR5,Ribosomal RNA small subunit methyltransferase Nep1,224,LCGC14_0474720,412755,marine sediment metagenome,marine sediment metagenome,True,IPR005304,family,,224,3,222,CONTINUOUS
A0A0F9WTW3,Nucleolar essential protein 1,164,AAJ76_500090033,40302,Vairimorpha ceranae,Vairimorpha ceranae,True,IPR005304,family,,164,22,160,CONTINUOUS
A0A0F9X862,Nucleolar essential protein,255,THAR02_10907,5544,Trichoderma harzianum,Trichoderma harzianum,True,IPR005304,family,,255,31,255,CONTINUOUS
A0A0G2F1G8,Putative rna processing protein,256,UCRPC4_g00655,158046,Phaeomoniella chlamydospora,Phaeomoniella chlamydospora,True,IPR005304,family,,256,35,256,CONTINUOUS
A0A0G2G8Z5,Putative nucleolar essential protein 1,287,UCDDS831_g04964,420778,Diplodia seriata,Diplodia seriata,True,IPR005304,family,,287,21,287,CONTINUOUS
A0A0G2HY84,Putative nucleolar essential protein 1,250,UCDDA912_g07177,1214573,Diaporthe ampelina,Diaporthe ampelina,True,IPR005304,family,,250,25,250,CONTINUOUS
A0A0G2J956,Ribosomal RNA small subunit methyltransferase NEP1,258,EMCG_02283,73230,[Emmonsia] crescens,[Emmonsia] crescens,True,IPR005304,family,,258,35,258,CONTINUOUS
A0A0G4FJ15,Ribosomal RNA small subunit methyltransferase NEP1,257,Cvel_17300,1169474,Chromera velia CCMP2878,Chromera velia CCMP2878,True,IPR005304,family,,257,11,256,CONTINUOUS
A0A0G4G485,Ribosomal RNA small subunit methyltransferase NEP1,226,Vbra_17023,1169540,Vitrella brassicaformis (strain CCMP3155),Vitrella brassicaformis (strain CCMP3155),True,IPR005304,family,,226,11,225,CONTINUOUS
A0A0G4J2M1,Ribosomal RNA small subunit methyltransferase NEP1,216,PBRA_008826,37360,Plasmodiophora brassicae,Plasmodiophora brassicae (Clubroot disease agent),True,IPR005304,family,,216,4,216,CONTINUOUS
A0A0G4KDI2,Ribosomal RNA small subunit methyltransferase NEP1,271,BN1708_000124,100787,Verticillium longisporum,Verticillium longisporum,True,IPR005304,family,,271,47,271,CONTINUOUS
A0A0G4L8C2,Nucleolar essential protein 1,159,BN1723_011457,100787,Verticillium longisporum,Verticillium longisporum,True,IPR005304,family,,159,39,159,CONTINUOUS
A0A0G4LKN5,cystathionine gamma-synthase,1354,BN1723_012624,100787,Verticillium longisporum,Verticillium longisporum,False,IPR005304,family,,1354,47,224,CONTINUOUS
A0A0G4LZA4,Ribosomal RNA small subunit methyltransferase NEP1,246,BN1708_014759,100787,Verticillium longisporum,Verticillium longisporum,True,IPR005304,family,,246,40,246,CONTINUOUS
A0A0G4P1D8,"Ribosomal biogenesis, methyltransferase, EMG1/NEP1",259,PCAMFM013_S004g000076,1429867,Penicillium camemberti (strain FM 013),Penicillium camemberti (strain FM 013),True,IPR005304,family,,259,17,259,CONTINUOUS
A0A0H1BK48,Ribosomal RNA small subunit methyltransferase NEP1,258,EMPG_13303,2060906,Blastomyces silverae,Blastomyces silverae,True,IPR005304,family,,258,35,258,CONTINUOUS
A0A0H2REF7,Nep1-domain-containing protein,310,SCHPADRAFT_833291,27342,Schizopora paradoxa,Schizopora paradoxa,True,IPR005304,family,,310,72,310,CONTINUOUS
A0A0H5C0I4,Ribosomal RNA small subunit methyltransferase NEP1,246,NEP1,983966,Cyberlindnera jadinii (strain ATCC 18201 / CBS 1600 / BCRC 20928 / JCM 3617 / NBRC 0987 / NRRL Y-1542),Cyberlindnera jadinii (strain ATCC 18201 / CBS 1600 / BCRC 20928 / JCM 3617 / NBRC 0987 / NRRL Y-1542) (Torula yeast),True,IPR005304,family,,246,11,245,CONTINUOUS
A0A0H5R6V2,Ribosomal RNA small subunit methyltransferase NEP1,219,,70186,Spongospora subterranea,Spongospora subterranea,True,IPR005304,family,,219,12,219,CONTINUOUS
A0A0I9Y8D8,Uncharacterized protein,259,C2S_7219,5127,Fusarium fujikuroi,Fusarium fujikuroi (Bakanae and foot rot disease fungus),True,IPR005304,family,,259,37,259,CONTINUOUS
A0A0J0XBS9,Nep1-domain-containing protein,338,CC85DRAFT_289454,879819,Cutaneotrichosporon oleaginosum,Cutaneotrichosporon oleaginosum,True,IPR005304,family,,338,96,338,CONTINUOUS
A0A0J6F797,Nucleolar essential protein 1,256,CPAG_02393,454284,Coccidioides posadasii RMSCC 3488,Coccidioides posadasii RMSCC 3488,True,IPR005304,family,,256,35,256,CONTINUOUS
A0A0J6XY70,Nucleolar essential protein 1,256,CIRG_00507,404692,Coccidioides immitis RMSCC 2394,Coccidioides immitis RMSCC 2394,True,IPR005304,family,,256,35,256,CONTINUOUS
A0A0J7KMK6,18S rRNA (pseudouridine-N1)-methyltransferase,235,RF55_8640,67767,Lasius niger,Lasius niger (Black garden ant),True,IPR005304,family,,235,6,235,CONTINUOUS
A0A0J8CAU3,Ribosomal RNA small subunit methyltransferase NEP1,146,BVRB_5g113720,3555,Beta vulgaris subsp. vulgaris,Beta vulgaris subsp. vulgaris (Beet),True,IPR005304,family,,146,4,143,CONTINUOUS
A0A0J8CFG2,Ribosomal RNA small subunit methyltransferase NEP1,153,BVRB_5g113710,3555,Beta vulgaris subsp. vulgaris,Beta vulgaris subsp. vulgaris (Beet),True,IPR005304,family,,153,1,153,CONTINUOUS
A0A0J8RIR4,Nucleolar essential protein 1,256,CIHG_02340,396776,Coccidioides immitis H538.4,Coccidioides immitis H538.4,True,IPR005304,family,,256,35,256,CONTINUOUS
A0A0J8TSR3,Nucleolar essential protein 1,256,CISG_05655,454286,Coccidioides immitis RMSCC 3703,Coccidioides immitis RMSCC 3703,True,IPR005304,family,,256,35,256,CONTINUOUS
A0A0J9S4M9,Small subunit rRNA processing factor,490,PVIIG_03898,1077284,Plasmodium vivax India VII,Plasmodium vivax India VII,True,IPR005304,family,,490,229,489,CONTINUOUS
A0A0J9SYA6,Ribosome biogenesis protein NEP1,231,PVBG_02551,1033975,Plasmodium vivax (strain Brazil I),Plasmodium vivax (strain Brazil I),True,IPR005304,family,,231,13,230,CONTINUOUS
A0A0J9T6I5,Small subunit rRNA processing factor,490,PVMG_01654,1035515,Plasmodium vivax Mauritania I,Plasmodium vivax Mauritania I,True,IPR005304,family,,490,229,489,CONTINUOUS
A0A0J9TNU3,Small subunit rRNA processing factor,490,PVNG_03996,1035514,Plasmodium vivax North Korean,Plasmodium vivax North Korean,True,IPR005304,family,,490,229,489,CONTINUOUS
A0A0J9TZI3,Ribosome biogenesis protein NEP1,231,PVNG_05931,1035514,Plasmodium vivax North Korean,Plasmodium vivax North Korean,True,IPR005304,family,,231,13,230,CONTINUOUS
A0A0J9V4M3,Ribosomal RNA small subunit methyltransferase NEP1,259,FOXG_08165,426428,Fusarium oxysporum f. sp. lycopersici (strain 4287 / CBS 123668 / FGSC 9935 / NRRL 34936),Fusarium oxysporum f. sp. lycopersici (strain 4287 / CBS 123668 / FGSC 9935 / NRRL 34936) (Fusarium vascular wilt of tomato),True,IPR005304,family,,259,37,259,CONTINUOUS
A0A0J9V723,Ribosome biogenesis protein NEP1,231,PVIIG_02857,1077284,Plasmodium vivax India VII,Plasmodium vivax India VII,True,IPR005304,family,,231,13,230,CONTINUOUS
A0A0J9VDS6,Small subunit rRNA processing factor,490,PVBG_00288,1033975,Plasmodium vivax (strain Brazil I),Plasmodium vivax (strain Brazil I),True,IPR005304,family,,490,229,489,CONTINUOUS
A0A0J9W2N3,Ribosome biogenesis protein NEP1,231,PVMG_01826,1035515,Plasmodium vivax Mauritania I,Plasmodium vivax Mauritania I,True,IPR005304,family,,231,13,230,CONTINUOUS
A0A0J9XCX0,Ribosomal RNA small subunit methyltransferase NEP1,254,BN980_GECA10s03695g,1173061,Geotrichum candidum,Geotrichum candidum (Oospora lactis),True,IPR005304,family,,254,25,254,CONTINUOUS
A0A0K0D694,FERM domain-containing protein,154,,6313,Angiostrongylus cantonensis,Angiostrongylus cantonensis (Rat lungworm),True,IPR005304,family,,154,12,138,CONTINUOUS
A0A0K0DUX0,18S rRNA (pseudouridine-N1)-methyltransferase,226,,6248,Strongyloides stercoralis,Strongyloides stercoralis (Threadworm),True,IPR005304,family,,226,12,226,CONTINUOUS
A0A0K0G0K2,18S rRNA (pseudouridine-N1)-methyltransferase,226,,75913,Strongyloides venezuelensis,Strongyloides venezuelensis (Threadworm),True,IPR005304,family,,226,11,226,CONTINUOUS
A0A0K0JN70,18S rRNA (pseudouridine-N1)-methyltransferase,232,BM_BM6449,6279,Brugia malayi,Brugia malayi (Filarial nematode worm),True,IPR005304,family,,232,9,227,CONTINUOUS
A0A0K2T245,18S rRNA (pseudouridine-N1)-methyltransferase,246,,72036,Lepeophtheirus salmonis,Lepeophtheirus salmonis (Salmon louse),True,IPR005304,family,,246,9,245,CONTINUOUS
A0A0K3CAV3,Alpha/beta knot methyltransferase,298,FGENESH: predicted gene_5.275,5286,Rhodotorula toruloides,Rhodotorula toruloides (Yeast),True,IPR005304,family,,298,59,298,CONTINUOUS
A0A0K6FW46,CRAL-TRIO domain-containing protein,688,RSOLAG22IIIB_00733,456999,Rhizoctonia solani,Rhizoctonia solani,True,IPR005304,family,,688,126,333,CONTINUOUS
A0A0K8RPX1,18S rRNA (pseudouridine-N1)-methyltransferase,228,,34613,Ixodes ricinus,Ixodes ricinus (Common tick),True,IPR005304,family,,228,16,227,CONTINUOUS
A0A0K8TM91,18S rRNA (pseudouridine-N1)-methyltransferase,235,,304241,Tabanus bromius,Tabanus bromius (Band-eyed brown horse fly),True,IPR005304,family,,235,3,235,CONTINUOUS
A0A0K8U685,18S rRNA (pseudouridine-N1)-methyltransferase,263,CG3527,174628,Bactrocera latifrons,Bactrocera latifrons (Malaysian fruit fly),True,IPR005304,family,,263,34,262,CONTINUOUS
A0A0K9NUN5,Ribosomal RNA small subunit methyltransferase NEP1,336,ZOSMA_59G00550,29655,Zostera marina,Zostera marina (Eelgrass),True,IPR005304,family,,336,76,336,CONTINUOUS
A0A0L0C027,18S rRNA (pseudouridine-N1)-methyltransferase,251,FF38_03728,7375,Lucilia cuprina,Lucilia cuprina (Green bottle fly),True,IPR005304,family,,251,18,251,CONTINUOUS
A0A0L0CJU0,18S rRNA (pseudouridine-N1)-methyltransferase,234,FF38_12718,7375,Lucilia cuprina,Lucilia cuprina (Green bottle fly),True,IPR005304,family,,234,6,234,CONTINUOUS
A0A0L0DLQ7,Ribosomal RNA small subunit methyltransferase NEP1,234,AMSG_09151,461836,Thecamonas trahens ATCC 50062,Thecamonas trahens ATCC 50062,True,IPR005304,family,,234,14,234,CONTINUOUS
A0A0L0F8I3,Ribosomal RNA small subunit methyltransferase NEP1,176,SARC_14583,667725,Sphaeroforma arctica JP610,Sphaeroforma arctica JP610,True,IPR005304,family,,176,1,163,CONTINUOUS
A0A0L0HFA2,Ribosomal RNA small subunit methyltransferase NEP1,232,SPPG_04473,645134,Spizellomyces punctatus (strain DAOM BR117),Spizellomyces punctatus (strain DAOM BR117),True,IPR005304,family,,232,9,232,CONTINUOUS
A0A0L0NG38,Ribosomal RNA small subunit methyltransferase NEP1,261,TOPH_02159,1163406,Tolypocladium ophioglossoides (strain CBS 100239),Tolypocladium ophioglossoides (strain CBS 100239) (Snaketongue truffleclub),True,IPR005304,family,,261,36,261,CONTINUOUS
A0A0L0NZI1,Ribosomal RNA small subunit methyltransferase NEP1,260,QG37_03721,498019,Candidozyma auris,Candidozyma auris (Yeast),True,IPR005304,family,,260,18,260,CONTINUOUS
A0A0L0S728,Ribosomal RNA small subunit methyltransferase NEP1,232,AMAG_05018,578462,Allomyces macrogynus (strain ATCC 38327),Allomyces macrogynus (strain ATCC 38327),True,IPR005304,family,,232,12,232,CONTINUOUS
A0A0L0SXY5,Uncharacterized protein,181,AMAG_11881,578462,Allomyces macrogynus (strain ATCC 38327),Allomyces macrogynus (strain ATCC 38327),True,IPR005304,family,,181,28,176,CONTINUOUS
A0A0L0VDM5,Ribosomal RNA small subunit methyltransferase NEP1,296,PSTG_09383,1165861,Puccinia striiformis f. sp. tritici PST-78,Puccinia striiformis f. sp. tritici PST-78,True,IPR005304,family,,296,26,296,CONTINUOUS
A0A0L1IAQ5,Small subunit rRNA processing factor,448,PFMG_02767,580059,Plasmodium falciparum IGH-CR14,Plasmodium falciparum IGH-CR14,True,IPR005304,family,,448,177,447,CONTINUOUS
A0A0L1IGQ7,Ribosome biogenesis protein nep1,219,PFMG_04820,580059,Plasmodium falciparum IGH-CR14,Plasmodium falciparum IGH-CR14,True,IPR005304,family,,219,38,219,CONTINUOUS
A0A0L1J0M1,Essential for mitotic growth 1,260,ANOM_006353,1509407,Aspergillus nomiae NRRL (strain ATCC 15546 / NRRL 13137 / CBS 260.88 / M93),Aspergillus nomiae NRRL (strain ATCC 15546 / NRRL 13137 / CBS 260.88 / M93),True,IPR005304,family,,260,33,260,CONTINUOUS
A0A0L6VS60,Ribosomal RNA small subunit methyltransferase NEP1,328,VP01_1195g2,27349,Puccinia sorghi,Puccinia sorghi,True,IPR005304,family,,328,64,328,CONTINUOUS
A0A0L7KJL6,Ribosomal RNA small subunit methyltransferase NEP1,274,PFHG_04997,137071,Plasmodium falciparum (isolate HB3),Plasmodium falciparum (isolate HB3),True,IPR005304,family,,274,39,273,CONTINUOUS
A0A0L7KK39,Small subunit rRNA processing factor,448,PFHG_03569,137071,Plasmodium falciparum (isolate HB3),Plasmodium falciparum (isolate HB3),True,IPR005304,family,,448,177,447,CONTINUOUS
A0A0L7LGV4,18S rRNA (pseudouridine-N1)-methyltransferase,236,OBRU01_09401,104452,Operophtera brumata,Operophtera brumata (Winter moth),True,IPR005304,family,,236,10,235,CONTINUOUS
A0A0L7LZK7,Small subunit rRNA processing factor,448,PFDG_01330,57267,Plasmodium falciparum (isolate Dd2),Plasmodium falciparum (isolate Dd2),True,IPR005304,family,,448,177,447,CONTINUOUS
A0A0L7M5D0,Ribosome biogenesis protein nep1,144,PFDG_04595,57267,Plasmodium falciparum (isolate Dd2),Plasmodium falciparum (isolate Dd2),True,IPR005304,family,,144,33,141,CONTINUOUS
A0A0L7QPD3,18S rRNA (pseudouridine-N1)-methyltransferase,236,WH47_07853,597456,Habropoda laboriosa,Habropoda laboriosa,True,IPR005304,family,,236,6,236,CONTINUOUS
A0A0L8I252,Ribosomal RNA small subunit methyltransferase NEP1,197,OCBIM_22038043mg,37653,Octopus bimaculoides,Octopus bimaculoides (California two-spotted octopus),True,IPR005304,family,,197,6,197,CONTINUOUS
A0A0L9V7P3,Ribosomal RNA small subunit methyltransferase NEP1,277,LR48_Vigan08g190800,3914,Phaseolus angularis,Phaseolus angularis (Azuki bean),True,IPR005304,family,,277,25,277,CONTINUOUS
A0A0M0BNU9,Ribosomal RNA small subunit methyltransferase Nep1,233,nep1,1685124,miscellaneous Crenarchaeota group-1 archaeon SG8-32-1,miscellaneous Crenarchaeota group-1 archaeon SG8-32-1,True,IPR005304,family,,233,2,220,CONTINUOUS
A0A0M0BP54,Ribosomal RNA small subunit methyltransferase Nep1,231,nep1,1685127,miscellaneous Crenarchaeota group-15 archaeon DG-45,miscellaneous Crenarchaeota group-15 archaeon DG-45,True,IPR005304,family,,231,2,222,CONTINUOUS
A0A0M3KBI0,18S rRNA (pseudouridine-N1)-methyltransferase,213,,6269,Anisakis simplex,Anisakis simplex (Herring worm),True,IPR005304,family,,213,1,211,CONTINUOUS
A0A0M3KHS0,18S rRNA (pseudouridine-N1)-methyltransferase,217,ASIM_LOCUS19918,6269,Anisakis simplex,Anisakis simplex (Herring worm),True,IPR005304,family,,217,24,213,CONTINUOUS
A0A0M5J121,18S rRNA (pseudouridine-N1)-methyltransferase,252,Dbus_chrXg842,30019,Drosophila busckii,Drosophila busckii (Fruit fly),True,IPR005304,family,,252,26,252,CONTINUOUS
A0A0M8MXU9,Emg1-protein required for ribosome biogenesis,385,Malapachy_3077,77020,Malassezia pachydermatis,Malassezia pachydermatis,True,IPR005304,family,,385,105,385,CONTINUOUS
A0A0M8N212,Ribosomal RNA small subunit methyltransferase NEP1,246,ESCO_002572,150374,Escovopsis weberi,Escovopsis weberi,True,IPR005304,family,,246,11,246,CONTINUOUS
A0A0M8ZQL5,18S rRNA (pseudouridine-N1)-methyltransferase,236,WN51_06172,166423,Melipona quadrifasciata,Melipona quadrifasciata,True,IPR005304,family,,236,3,236,CONTINUOUS
A0A0M9EYX5,Ribosomal rna small subunit methyltransferase nep1,250,FLAG1_04628,179993,Fusarium langsethiae,Fusarium langsethiae,True,IPR005304,family,,250,28,250,CONTINUOUS
A0A0M9FXR7,EMG1/NEP1 methyltransferase,287,ABB37_06788,157538,Leptomonas pyrrhocoris,Leptomonas pyrrhocoris (Firebug parasite),True,IPR005304,family,,287,9,279,CONTINUOUS
A0A0M9G7G1,EMG1/NEP1 methyltransferase,410,ABB37_02272,157538,Leptomonas pyrrhocoris,Leptomonas pyrrhocoris (Firebug parasite),True,IPR005304,family,,410,138,358,CONTINUOUS
A0A0M9WFP8,Ribosomal RNA small subunit methyltransferase NEP1,259,ACN38_g6011,229535,Penicillium nordicum,Penicillium nordicum,True,IPR005304,family,,259,17,259,CONTINUOUS
A0A0N0P8T8,EMG1/NEP1 methyltransferase,354,ABL78_0979,5684,Leptomonas seymouri,Leptomonas seymouri,True,IPR005304,family,,354,112,334,CONTINUOUS
A0A0N1NY72,Ribosomal RNA small subunit methyltransferase NEP1,256,AB675_8973,1664694,Cyphellophora attinorum,Cyphellophora attinorum,True,IPR005304,family,,256,32,256,CONTINUOUS
A0A0N1PB82,EMG1/NEP1 methyltransferase,287,ABL78_5397,5684,Leptomonas seymouri,Leptomonas seymouri,True,IPR005304,family,,287,9,279,CONTINUOUS
A0A0N4SUL6,EMG1 N1-specific pseudouridine methyltransferase,122,Emg1,10090,Mus musculus,Mus musculus (Mouse),True,IPR005304,family,,122,56,122,CONTINUOUS
A0A0N4T457,18S rRNA (pseudouridine-N1)-methyltransferase,232,BPAG_LOCUS2957,6280,Brugia pahangi,Brugia pahangi (Filarial nematode worm),True,IPR005304,family,,232,9,227,CONTINUOUS
A0A0N4UM75,18S rRNA (pseudouridine-N1)-methyltransferase,243,DME_LOCUS10544,318479,Dracunculus medinensis,Dracunculus medinensis (Guinea worm),True,IPR005304,family,,243,9,238,CONTINUOUS
A0A0N4VID9,18S rRNA (pseudouridine-N1)-methyltransferase,228,EVEC_LOCUS9935,51028,Enterobius vermicularis,Enterobius vermicularis (Human pinworm),True,IPR005304,family,,228,15,227,CONTINUOUS
A0A0N4WWI6,18S rRNA (pseudouridine-N1)-methyltransferase,231,HPLM_LOCUS16111,6290,Haemonchus placei,Haemonchus placei (Barber's pole worm),True,IPR005304,family,,231,13,231,CONTINUOUS
A0A0N4YCK3,18S rRNA (pseudouridine-N1)-methyltransferase,231,NBR_LOCUS14274,27835,Nippostrongylus brasiliensis,Nippostrongylus brasiliensis (Rat hookworm),True,IPR005304,family,,231,13,230,CONTINUOUS
A0A0N5A1C8,18S rRNA (pseudouridine-N1)-methyltransferase,226,,131310,Parastrongyloides trichosuri,Parastrongyloides trichosuri (Possum-specific nematode worm),True,IPR005304,family,,226,15,226,CONTINUOUS
A0A0N5AFK4,18S rRNA (pseudouridine-N1)-methyltransferase,232,,451379,Syphacia muris,Syphacia muris,True,IPR005304,family,,232,18,231,CONTINUOUS
A0A0N5B2K3,18S rRNA (pseudouridine-N1)-methyltransferase,226,,174720,Strongyloides papillosus,Strongyloides papillosus (Intestinal threadworm),True,IPR005304,family,,226,10,226,CONTINUOUS
A0A0N5D463,18S rRNA (pseudouridine-N1)-methyltransferase,231,TCLT_LOCUS7738,103827,Thelazia callipaeda,Thelazia callipaeda (Oriental eyeworm),True,IPR005304,family,,231,12,226,CONTINUOUS
A0A0P0N0Y3,Ribosomal RNA small subunit methyltransferase Nep1,236,nep1,1273541,Pyrodictium delaneyi,Pyrodictium delaneyi,True,IPR005304,family,,236,4,234,CONTINUOUS
A0A0P1AC07,Ribosome biogenesis protein,219,,4781,Plasmopara halstedii,Plasmopara halstedii (Downy mildew of sunflower),True,IPR005304,family,,219,5,219,CONTINUOUS
A0A0P1BJK6,Related to emg1-protein required for ribosome biogenesis,395,,401625,Ceraceosorus bombacis,Ceraceosorus bombacis,True,IPR005304,family,,395,127,395,CONTINUOUS
A0A0P1L3Q2,Ribosomal RNA small subunit methyltransferase NEP1,252,LAQU0_S15e01596g,1654605,Lachancea quebecensis,Lachancea quebecensis,True,IPR005304,family,,252,25,252,CONTINUOUS
A0A0P4VU73,18S rRNA (pseudouridine-N1)-methyltransferase,236,,72488,Rhodnius neglectus,Rhodnius neglectus,True,IPR005304,family,,236,5,236,CONTINUOUS
A0A0P5Y6G4,18S rRNA (pseudouridine-N1)-methyltransferase,236,OUZ56_022056,35525,Daphnia magna,Daphnia magna,True,IPR005304,family,,236,17,235,CONTINUOUS
A0A0P7AQU4,Ribosomal RNA small subunit methyltransferase NEP1,266,AK830_g6398,78410,Neonectria ditissima,Neonectria ditissima,True,IPR005304,family,,266,39,266,CONTINUOUS
A0A0P7UYN1,18S rRNA (pseudouridine(1248)-N1)-methyltransferase,256,Z043_101084,113540,Scleropages formosus,Scleropages formosus (Asian bonytongue),True,IPR005304,family,,256,32,256,CONTINUOUS
A0A0P9CUV7,Ribosomal RNA small subunit methyltransferase Nep1,221,nep1,507754,Acidiplasma aeolicum,Acidiplasma aeolicum,True,IPR005304,family,,221,2,217,CONTINUOUS
A0A0Q1B1S9,Ribosomal RNA small subunit methyltransferase Nep1,221,nep1,312540,Acidiplasma cupricumulans,Acidiplasma cupricumulans,True,IPR005304,family,,221,2,217,CONTINUOUS
A0A0Q2ULR0,Ribosomal RNA small subunit methyltransferase Nep1,219,nep1,277988,Thermococcus thioreducens,Thermococcus thioreducens,True,IPR005304,family,,219,2,218,CONTINUOUS
A0A0Q3TCK0,18S rRNA (pseudouridine(1248)-N1)-methyltransferase,235,AAES_117660,12930,Amazona aestiva,Amazona aestiva (Blue-fronted Amazon parrot),True,IPR005304,family,,235,7,234,CONTINUOUS
A0A0R3P9T7,18S rRNA (pseudouridine-N1)-methyltransferase,231,ACOC_LOCUS215,334426,Angiostrongylus costaricensis,Angiostrongylus costaricensis (Nematode worm),True,IPR005304,family,,231,13,231,CONTINUOUS
A0A0R3Q3C8,18S rRNA (pseudouridine-N1)-methyltransferase,232,BTMF_LOCUS160,42155,Brugia timori,Brugia timori,True,IPR005304,family,,232,9,227,CONTINUOUS
A0A0R3SP93,Ribosomal RNA small subunit methyltransferase NEP1,240,WMSIL1_LOCUS4549,6216,Hymenolepis diminuta,Hymenolepis diminuta (Rat tapeworm),True,IPR005304,family,,240,11,226,CONTINUOUS
A0A0R3TF80,Ribosomal RNA small subunit methyltransferase NEP1,239,HNAJ_LOCUS5717,102285,Rodentolepis nana,Rodentolepis nana (Dwarf tapeworm),True,IPR005304,family,,239,10,226,CONTINUOUS
A0A0R3U506,Ribosomal RNA small subunit methyltransferase NEP1,234,MCOS_LOCUS1767,53468,Mesocestoides corti,Mesocestoides corti (Flatworm),True,IPR005304,family,,234,9,227,CONTINUOUS
A0A0R3W259,Ribosomal RNA small subunit methyltransferase NEP1,237,TASK_LOCUS3870,60517,Taenia asiatica,Taenia asiatica (Asian tapeworm),True,IPR005304,family,,237,11,226,CONTINUOUS
A0A0R3X3F6,Ribosomal RNA small subunit methyltransferase NEP1,236,TTAC_LOCUS7863,6205,Hydatigena taeniaeformis,Hydatigena taeniaeformis (Feline tapeworm),True,IPR005304,family,,236,12,225,CONTINUOUS
A0A0S1XFS0,Ribosomal RNA small subunit methyltransferase Nep1,219,nep1,55802,Thermococcus barophilus,Thermococcus barophilus,True,IPR005304,family,,219,2,215,CONTINUOUS
A0A0S3SE29,Ribosomal RNA small subunit methyltransferase NEP1,277,Vigan.06G243100,157739,Vigna angularis var. angularis,Vigna angularis var. angularis,True,IPR005304,family,,277,25,277,CONTINUOUS
A0A0S4IQP7,Uncharacterized protein,340,BSAL_68270,75058,Bodo saltans,Bodo saltans (Flagellated protozoan),True,IPR005304,family,,340,106,325,CONTINUOUS
A0A0S4IWL3,Uncharacterized protein,233,BSAL_77280,75058,Bodo saltans,Bodo saltans (Flagellated protozoan),True,IPR005304,family,,233,4,222,CONTINUOUS
A0A0S4TEC2,Ribosomal RNA small subunit methyltransferase NEP1,240,GY17_00001753,237895,Cryptosporidium hominis,Cryptosporidium hominis,True,IPR005304,family,,240,9,238,CONTINUOUS
A0A0S4TGL8,Ribosomal RNA small subunit methyltransferase NEP1,246,CHUDEA4_2840,237895,Cryptosporidium hominis,Cryptosporidium hominis,True,IPR005304,family,,246,13,246,CONTINUOUS
A0A0T6B0U2,18S rRNA (pseudouridine-N1)-methyltransferase,229,AMK59_5832,1629725,Oryctes borbonicus,Oryctes borbonicus,True,IPR005304,family,,229,12,229,CONTINUOUS
A0A0U1LJ21,Ribosomal RNA small subunit methyltransferase NEP1,248,PISL3812_00355,28573,Talaromyces islandicus,Talaromyces islandicus,True,IPR005304,family,,248,28,248,CONTINUOUS
A0A0U2U5P3,16S rRNA methyltransferase,210,EYM_01575,940295,Ignicoccus islandicus DSM 13165,Ignicoccus islandicus DSM 13165,True,IPR005304,family,,210,2,204,CONTINUOUS
A0A0U2WKX0,Ribosomal RNA small subunit methyltransferase Nep1,231,nep1,940295,Ignicoccus islandicus DSM 13165,Ignicoccus islandicus DSM 13165,True,IPR005304,family,,231,4,220,CONTINUOUS
A0A0U2YBB0,Ribosomal RNA small subunit methyltransferase Nep1,213,nep1,2285,Sulfolobus acidocaldarius,Sulfolobus acidocaldarius,True,IPR005304,family,,213,2,208,CONTINUOUS
A0A0U3B3H7,EMG1 N1-specific pseudouridine methyl transferase,81,EMG1,9606,Homo sapiens,Homo sapiens (Human),True,IPR005304,family,,81,1,81,CONTINUOUS
A0A0U5G7R0,Nucleolar essential protein 1,255,ASPCAL10905,454130,Aspergillus calidoustus,Aspergillus calidoustus,True,IPR005304,family,,255,34,255,CONTINUOUS
A0A0V0G914,18S rRNA (pseudouridine-N1)-methyltransferase,190,,72491,Triatoma dimidiata,Triatoma dimidiata (Kissing bug),True,IPR005304,family,,190,2,190,CONTINUOUS
A0A0V0HR19,Putative ribosomal RNA small subunit methyltransferase NEP1-like,278,,4108,Solanum chacoense,Solanum chacoense (Chaco potato),True,IPR005304,family,,278,43,278,CONTINUOUS
A0A0V0QLB5,Ribosomal RNA small subunit methyltransferase NEP1,340,PPERSA_13162,266149,Pseudocohnilembus persalinus,Pseudocohnilembus persalinus (Ciliate),True,IPR005304,family,,340,89,340,CONTINUOUS
A0A0V0SHT0,18S rRNA (pseudouridine-N1)-methyltransferase,218,Emg1,6336,Trichinella nelsoni,Trichinella nelsoni,True,IPR005304,family,,218,11,217,CONTINUOUS
A0A0V0U6U0,18S rRNA (pseudouridine-N1)-methyltransferase,218,Emg1,144512,Trichinella murrelli,Trichinella murrelli,True,IPR005304,family,,218,10,217,CONTINUOUS
A0A0V0Y7I1,Ribosomal RNA small subunit methyltransferase NEP1,208,Emg1,6337,Trichinella pseudospiralis,Trichinella pseudospiralis (Parasitic roundworm),True,IPR005304,family,,208,6,188,CONTINUOUS
A0A0V0Y896,18S rRNA (pseudouridine-N1)-methyltransferase,218,Emg1,6337,Trichinella pseudospiralis,Trichinella pseudospiralis (Parasitic roundworm),True,IPR005304,family,,218,6,218,CONTINUOUS
A0A0V0ZA00,18S rRNA (pseudouridine-N1)-methyltransferase,218,Emg1,990121,Trichinella patagoniensis,Trichinella patagoniensis,True,IPR005304,family,,218,10,217,CONTINUOUS
A0A0V0ZAM9,18S rRNA (pseudouridine-N1)-methyltransferase,232,Emg1,990121,Trichinella patagoniensis,Trichinella patagoniensis,True,IPR005304,family,,232,10,226,CONTINUOUS
A0A0V1ASJ4,18S rRNA (pseudouridine-N1)-methyltransferase,218,Emg1,6334,Trichinella spiralis,Trichinella spiralis (Trichina worm),True,IPR005304,family,,218,7,217,CONTINUOUS
A0A0V1CCJ2,18S rRNA (pseudouridine-N1)-methyltransferase,218,Emg1,45882,Trichinella britovi,Trichinella britovi (Parasitic roundworm),True,IPR005304,family,,218,10,217,CONTINUOUS
A0A0V1I2E4,18S rRNA (pseudouridine-N1)-methyltransferase,218,Emg1,268475,Trichinella zimbabwensis,Trichinella zimbabwensis,True,IPR005304,family,,218,5,218,CONTINUOUS
A0A0V1IWX3,18S rRNA (pseudouridine-N1)-methyltransferase,232,Emg1,6337,Trichinella pseudospiralis,Trichinella pseudospiralis (Parasitic roundworm),True,IPR005304,family,,232,6,214,CONTINUOUS
A0A0V1IX76,Ribosomal RNA small subunit methyltransferase NEP1,266,Emg1,6337,Trichinella pseudospiralis,Trichinella pseudospiralis (Parasitic roundworm),True,IPR005304,family,,266,6,246,CONTINUOUS
A0A0V1KQU7,18S rRNA (pseudouridine-N1)-methyltransferase,218,Emg1,6335,Trichinella nativa,Trichinella nativa,True,IPR005304,family,,218,10,217,CONTINUOUS
A0A0V1M3F5,18S rRNA (pseudouridine-N1)-methyltransferase,218,Emg1,268474,Trichinella papuae,Trichinella papuae,True,IPR005304,family,,218,5,218,CONTINUOUS
A0A0V1Q6M0,Ribosomal RNA small subunit methyltransferase NEP1,249,AC631_00051,58627,Debaryomyces fabryi,Debaryomyces fabryi,True,IPR005304,family,,249,8,248,CONTINUOUS
A0A0V8RUD7,Ribosomal RNA small subunit methyltransferase Nep1,235,nep1,2309,Pyrodictium occultum,Pyrodictium occultum,True,IPR005304,family,,235,5,225,CONTINUOUS
A0A0W0C632,Ribosomal RNA small subunit methyltransferase NEP1,76,AO440_000150,5478,Candida glabrata,Candida glabrata (Yeast),True,IPR005304,family,,76,6,76,CONTINUOUS
A0A0W0CB35,Ribosomal RNA small subunit methyltransferase NEP1,63,AO440_004687,5478,Candida glabrata,Candida glabrata (Yeast),True,IPR005304,family,,63,8,63,CONTINUOUS
A0A0W0EFH3,Ribosomal RNA small subunit methyltransferase NEP1,229,AO440_000182,5478,Candida glabrata,Candida glabrata (Yeast),True,IPR005304,family,,229,12,229,CONTINUOUS
A0A0W0G072,Nucleolar essential protein 1,399,WG66_5400,221103,Moniliophthora roreri,Moniliophthora roreri (Frosty pod rot fungus),True,IPR005304,family,,399,165,398,CONTINUOUS
A0A0W4ZHA0,Ribosomal RNA small subunit methyltransferase NEP1,240,T552_02184,1408658,Pneumocystis carinii (strain B80),Pneumocystis carinii (strain B80) (Rat pneumocystis pneumonia agent),True,IPR005304,family,,240,19,240,CONTINUOUS
A0A0W4ZKY6,Ribosomal RNA small subunit methyltransferase NEP1,241,T551_02325,1408657,Pneumocystis jirovecii (strain RU7),Pneumocystis jirovecii (strain RU7) (Human pneumocystis pneumonia agent),True,IPR005304,family,,241,7,240,CONTINUOUS
A0A0X1KMV8,Ribosomal RNA small subunit methyltransferase Nep1,220,nep1,1432656,Thermococcus guaymasensis DSM 11113,Thermococcus guaymasensis DSM 11113,True,IPR005304,family,,220,2,216,CONTINUOUS
A0A0X3NIG2,Ribosomal RNA small subunit methyltransferase NEP1,162,NEP1,70667,Schistocephalus solidus,Schistocephalus solidus (Tapeworm),True,IPR005304,family,,162,5,152,CONTINUOUS
A0A0X3PTF4,Ribosomal RNA small subunit methyltransferase NEP1,186,NEP1,70667,Schistocephalus solidus,Schistocephalus solidus (Tapeworm),True,IPR005304,family,,186,1,176,CONTINUOUS
A0A0Y9VN91,"Ribosomal RNA small subunit methyltransferase NEP1, putative",231,NEP1,5821,Plasmodium berghei,Plasmodium berghei,True,IPR005304,family,,231,13,230,CONTINUOUS
A0A100IP19,18S rRNA pseudouridine methyltransferase,259,ABL_07406,5061,Aspergillus niger,Aspergillus niger,True,IPR005304,family,,259,33,259,CONTINUOUS
A0A100XY62,Ribosomal RNA small subunit methyltransferase Nep1,219,nep1,227598,Thermococcus celericrescens,Thermococcus celericrescens,True,IPR005304,family,,219,2,216,CONTINUOUS
A0A101ELY8,Ribosomal RNA small subunit methyltransferase Nep1,220,nep1,172049,Thermococcus sibiricus,Thermococcus sibiricus,True,IPR005304,family,,220,2,215,CONTINUOUS
A0A101MIR5,Ribosomal RNA small subunit methyltransferase NEP1,324,ACN42_g5796,48697,Penicillium freii,Penicillium freii,True,IPR005304,family,,324,81,324,CONTINUOUS
A0A109UYA3,Ribosomal RNA small subunit methyltransferase NEP1,253,AW171_hschr31365,45286,Eremothecium sinecaudum,Eremothecium sinecaudum,True,IPR005304,family,,253,18,253,CONTINUOUS
A0A113T3T2,"Small subunit rRNA processing factor, putative",426,PBSP11A_000457800,5821,Plasmodium berghei,Plasmodium berghei,True,IPR005304,family,,426,162,425,CONTINUOUS
A0A117KUT9,Ribosomal RNA small subunit methyltransferase Nep1,219,nep1,2234,Archaeoglobus fulgidus,Archaeoglobus fulgidus,True,IPR005304,family,,219,5,212,CONTINUOUS
A0A118JTX8,"Ribosomal biogenesis, methyltransferase, EMG1/NEP1",295,Ccrd_006251,59895,Cynara cardunculus var. scolymus,Cynara cardunculus var. scolymus (Globe artichoke),True,IPR005304,family,,295,50,295,CONTINUOUS
A0A125YNS7,"Ribosome biogenesis protein nep1, putative",235,TGME49_313980,508771,Toxoplasma gondii (strain ATCC 50611 / Me49),Toxoplasma gondii (strain ATCC 50611 / Me49),True,IPR005304,family,,235,20,234,CONTINUOUS
A0A127BC98,Ribosomal RNA small subunit methyltransferase Nep1,224,nep1,1609559,Pyrococcus kukulkanii,Pyrococcus kukulkanii,True,IPR005304,family,,224,2,221,CONTINUOUS
A0A128A5W3,Ribosomal RNA small subunit methyltransferase Nep1,222,nep,1078905,Nitrosotalea devaniterrae,Nitrosotalea devaniterrae,True,IPR005304,family,,222,2,218,CONTINUOUS
A0A131XD95,18S rRNA (pseudouridine-N1)-methyltransferase,234,,257692,Hyalomma excavatum,Hyalomma excavatum,True,IPR005304,family,,234,12,233,CONTINUOUS
A0A131Z5S2,18S rRNA (pseudouridine-N1)-methyltransferase,234,,34631,Rhipicephalus appendiculatus,Rhipicephalus appendiculatus (Brown ear tick),True,IPR005304,family,,234,16,233,CONTINUOUS
A0A131ZX66,18S rRNA (pseudouridine-N1)-methyltransferase,291,SSS_5904,52283,Sarcoptes scabiei,Sarcoptes scabiei (Itch mite),True,IPR005304,family,,291,51,291,CONTINUOUS
A0A132NUE1,Putative Ribosome biogenesis protein NEP1,238,QR46_2327,1394984,Giardia duodenalis assemblage B,Giardia duodenalis assemblage B,True,IPR005304,family,,238,21,237,CONTINUOUS
A0A133U414,Ribosomal RNA small subunit methyltransferase Nep1,229,nep1,1698259,candidate division MSBL1 archaeon SCGC-AAA259A05,candidate division MSBL1 archaeon SCGC-AAA259A05,True,IPR005304,family,,229,2,221,CONTINUOUS
A0A133U4D5,Ribosomal RNA small subunit methyltransferase Nep1,230,nep1,1698260,candidate division MSBL1 archaeon SCGC-AAA259B11,candidate division MSBL1 archaeon SCGC-AAA259B11,True,IPR005304,family,,230,2,221,CONTINUOUS
A0A133UDA4,Ribosomal RNA small subunit methyltransferase Nep1,230,nep1,1698265,candidate division MSBL1 archaeon SCGC-AAA259E22,candidate division MSBL1 archaeon SCGC-AAA259E22,True,IPR005304,family,,230,2,221,CONTINUOUS
A0A133UNC6,Ribosomal RNA small subunit methyltransferase Nep1,229,nep1,1698264,candidate division MSBL1 archaeon SCGC-AAA259E19,candidate division MSBL1 archaeon SCGC-AAA259E19,True,IPR005304,family,,229,2,220,CONTINUOUS
A0A133UTH6,Ribosomal RNA small subunit methyltransferase Nep1,230,nep1,1698268,candidate division MSBL1 archaeon SCGC-AAA259I14,candidate division MSBL1 archaeon SCGC-AAA259I14,True,IPR005304,family,,230,2,221,CONTINUOUS
A0A133V7F3,Ribosomal RNA small subunit methyltransferase Nep1,230,nep1,1698274,candidate division MSBL1 archaeon SCGC-AAA261F17,candidate division MSBL1 archaeon SCGC-AAA261F17,True,IPR005304,family,,230,2,223,CONTINUOUS
A0A133V820,Ribosomal RNA small subunit methyltransferase Nep1,232,nep1,1698273,candidate division MSBL1 archaeon SCGC-AAA261D19,candidate division MSBL1 archaeon SCGC-AAA261D19,True,IPR005304,family,,232,2,219,CONTINUOUS
A0A133V998,16S rRNA methyltransferase,132,AKJ45_02740,1698275,candidate division MSBL1 archaeon SCGC-AAA261F19,candidate division MSBL1 archaeon SCGC-AAA261F19,True,IPR005304,family,,132,2,125,CONTINUOUS
A0A133V9Q3,16S rRNA methyltransferase,130,AKJ45_02435,1698275,candidate division MSBL1 archaeon SCGC-AAA261F19,candidate division MSBL1 archaeon SCGC-AAA261F19,True,IPR005304,family,,130,1,114,CONTINUOUS
A0A133VFD7,Ribosomal RNA small subunit methyltransferase Nep1,229,nep1,1698278,candidate division MSBL1 archaeon SCGC-AAA382A03,candidate division MSBL1 archaeon SCGC-AAA382A03,True,IPR005304,family,,229,2,221,CONTINUOUS
A0A135L9U6,"Ribosomal biogenesis, methyltransferase, EMG1/NEP1",252,PGRI_045920,5078,Penicillium patulum,Penicillium patulum,True,IPR005304,family,,252,30,252,CONTINUOUS
A0A135RSL6,Essential for mitotic growth 1,261,CSIM01_02992,703756,Colletotrichum simmondsii,Colletotrichum simmondsii,True,IPR005304,family,,261,36,260,CONTINUOUS
A0A135STN3,Essential for mitotic growth 1,261,CNYM01_05546,1460502,Colletotrichum nymphaeae SA-01,Colletotrichum nymphaeae SA-01,True,IPR005304,family,,261,36,260,CONTINUOUS
A0A135TLX8,Essential for mitotic growth 1,261,CSAL01_06092,1209931,Colletotrichum salicis,Colletotrichum salicis,True,IPR005304,family,,261,37,260,CONTINUOUS
A0A136J0I7,Nucleolar essential protein 1,262,Micbo1qcDRAFT_164319,196109,Microdochium bolleyi,Microdochium bolleyi,True,IPR005304,family,,262,36,262,CONTINUOUS
A0A137PIR8,Nep1-domain-containing protein,240,CONCODRAFT_76696,796925,Conidiobolus coronatus (strain ATCC 28846 / CBS 209.66 / NRRL 28638),Conidiobolus coronatus (strain ATCC 28846 / CBS 209.66 / NRRL 28638),True,IPR005304,family,,240,16,240,CONTINUOUS
A0A139B082,Nep1-domain-containing protein,316,M427DRAFT_92846,1344416,Gonapodya prolifera (strain JEL478),Gonapodya prolifera (strain JEL478),True,IPR005304,family,,316,67,316,CONTINUOUS
A0A139IMS6,Ribosomal RNA small subunit methyltransferase NEP1,257,AC579_7141,113226,Pseudocercospora musae,Pseudocercospora musae,True,IPR005304,family,,257,36,257,CONTINUOUS
A0A139IMZ4,Ribosomal RNA small subunit methyltransferase NEP1,350,AC579_7141,113226,Pseudocercospora musae,Pseudocercospora musae,True,IPR005304,family,,350,124,350,CONTINUOUS
A0A139Y8S7,Putative ribosome biogenesis protein nep1,92,TGARI_313980B,1074872,Toxoplasma gondii ARI,Toxoplasma gondii ARI,True,IPR005304,family,,92,1,91,CONTINUOUS
A0A139Y8U9,Putative ribosome biogenesis protein nep1,143,TGARI_313980A,1074872,Toxoplasma gondii ARI,Toxoplasma gondii ARI,True,IPR005304,family,,143,19,141,CONTINUOUS
A0A142CSP2,Ribosomal RNA small subunit methyltransferase Nep1,220,nep1,53952,Thermococcus peptonophilus,Thermococcus peptonophilus,True,IPR005304,family,,220,2,217,CONTINUOUS
A0A146FTH4,18S rRNA pseudouridine methyltransferase,259,EMG1,1069201,Aspergillus kawachii,Aspergillus kawachii (White koji mold),True,IPR005304,family,,259,33,259,CONTINUOUS
A0A146KM09,Putative ribosome biogenesis protein NEP1,207,TPC1_10314,1076344,Trepomonas sp. PC1,Trepomonas sp. PC1,True,IPR005304,family,,207,2,207,CONTINUOUS
A0A146LUT0,18S rRNA (pseudouridine-N1)-methyltransferase,271,CG3527_0,30085,Lygus hesperus,Lygus hesperus (Western plant bug),True,IPR005304,family,,271,39,271,CONTINUOUS
A0A147JVP2,Ribosomal RNA small subunit methyltransferase Nep1,230,nep1,1776334,Hadarchaeum yellowstonense,Hadarchaeum yellowstonense,True,IPR005304,family,,230,2,223,CONTINUOUS
A0A150G962,Ribosomal RNA small subunit methyltransferase NEP1,230,GPECTOR_44g39,33097,Gonium pectorale,Gonium pectorale (Green alga),True,IPR005304,family,,230,14,229,CONTINUOUS
A0A151GUH6,Nucleolar essential protein 1,261,DCS_01868,98403,Drechmeria coniospora,Drechmeria coniospora (Nematophagous fungus),True,IPR005304,family,,261,33,261,CONTINUOUS
A0A151H7T0,Putative ribosome biogenesis protein nep1,197,TGPRC2_313980A,1130821,Toxoplasma gondii TgCatPRC2,Toxoplasma gondii TgCatPRC2,True,IPR005304,family,,197,20,197,CONTINUOUS
A0A151L8W2,"Small subunit rRNA processing factor, putative",448,PRSY57_1224800,5854,Plasmodium reichenowi,Plasmodium reichenowi,True,IPR005304,family,,448,175,447,CONTINUOUS
A0A151LGQ6,Putative small subunit rRNA processing factor,447,PGSY75_1225500,647221,Plasmodium gaboni,Plasmodium gaboni,True,IPR005304,family,,447,174,446,CONTINUOUS
A0A151LK31,"Ribosomal RNA small subunit methyltransferase NEP1, putative",256,PRSY57_0820800,5854,Plasmodium reichenowi,Plasmodium reichenowi,True,IPR005304,family,,256,37,255,CONTINUOUS
A0A151LNS6,Putative ribosomal RNA small subunit methyltransferase NEP1,253,PGSY75_0821500,647221,Plasmodium gaboni,Plasmodium gaboni,True,IPR005304,family,,253,15,252,CONTINUOUS
A0A151MCT6,18S rRNA (pseudouridine(1248)-N1)-methyltransferase,226,EMG1,8496,Alligator mississippiensis,Alligator mississippiensis (American alligator),True,IPR005304,family,,226,15,225,CONTINUOUS
A0A151QPM5,Ribosomal RNA small subunit methyltransferase NEP1,225,KK1_047098,3821,Cajanus cajan,Cajanus cajan (Pigeon pea),True,IPR005304,family,,225,10,224,CONTINUOUS
A0A151R404,Ribosomal RNA small subunit methyltransferase NEP1,268,KK1_041456,3821,Cajanus cajan,Cajanus cajan (Pigeon pea),True,IPR005304,family,,268,33,267,CONTINUOUS
A0A151R426,Uncharacterized protein,138,KK1_041463,3821,Cajanus cajan,Cajanus cajan (Pigeon pea),True,IPR005304,family,,138,32,110,CONTINUOUS
A0A151R484,Ribosomal RNA small subunit methyltransferase NEP1,144,KK1_041464,3821,Cajanus cajan,Cajanus cajan (Pigeon pea),True,IPR005304,family,,144,4,143,CONTINUOUS
A0A151RAJ3,Ribosomal RNA small subunit methyltransferase NEP1,291,KK1_039017,3821,Cajanus cajan,Cajanus cajan (Pigeon pea),True,IPR005304,family,,291,35,291,CONTINUOUS
A0A151SSN0,Ribosomal RNA small subunit methyltransferase NEP1,242,KK1_004082,3821,Cajanus cajan,Cajanus cajan (Pigeon pea),True,IPR005304,family,,242,9,241,CONTINUOUS
A0A151SWB6,Ribosomal RNA small subunit methyltransferase NEP1,188,KK1_014518,3821,Cajanus cajan,Cajanus cajan (Pigeon pea),True,IPR005304,family,,188,1,187,CONTINUOUS
A0A151SWD7,Ribosomal RNA small subunit methyltransferase NEP1,256,KK1_014526,3821,Cajanus cajan,Cajanus cajan (Pigeon pea),True,IPR005304,family,,256,47,255,CONTINUOUS
A0A151X893,18S rRNA (pseudouridine-N1)-methyltransferase,235,ALC60_04451,64791,Mycetomoellerius zeteki,Mycetomoellerius zeteki,True,IPR005304,family,,235,5,235,CONTINUOUS
A0A152A733,Putative ribosome biogenesis protein,326,DLAC_00851,361077,Tieghemostelium lacteum,Tieghemostelium lacteum (Slime mold),True,IPR005304,family,,326,10,326,CONTINUOUS
A0A154PJH6,18S rRNA (pseudouridine-N1)-methyltransferase,236,WN55_03482,178035,Dufourea novaeangliae,Dufourea novaeangliae (Sweat bee),True,IPR005304,family,,236,4,236,CONTINUOUS
A0A158NP00,Uncharacterized protein,69,105622450,12957,Atta cephalotes,Atta cephalotes (Leafcutter ant),True,IPR005304,family,,69,1,65,CONTINUOUS
A0A158NP02,18S rRNA (pseudouridine-N1)-methyltransferase,235,105622451,12957,Atta cephalotes,Atta cephalotes (Leafcutter ant),True,IPR005304,family,,235,5,234,CONTINUOUS
A0A158Q8S4,18S rRNA (pseudouridine-N1)-methyltransferase,232,,1147741,Elaeophora elaphi,Elaeophora elaphi,True,IPR005304,family,,232,9,227,CONTINUOUS
A0A160VU24,Ribosomal RNA small subunit methyltransferase Nep1,225,nep1,54262,Thermococcus chitonophagus,Thermococcus chitonophagus,True,IPR005304,family,,225,6,221,CONTINUOUS
A0A162F6T5,Ribosomal RNA small subunit methyltransferase NEP1,132,APZ42_020761,35525,Daphnia magna,Daphnia magna,True,IPR005304,family,,132,16,130,CONTINUOUS
A0A162PI08,Nep1-domain-containing protein,230,PHYBLDRAFT_20633,763407,Phycomyces blakesleeanus (strain ATCC 8743b / DSM 1359 / FGSC 10004 / NBRC 33097 / NRRL 1555),Phycomyces blakesleeanus (strain ATCC 8743b / DSM 1359 / FGSC 10004 / NBRC 33097 / NRRL 1555),True,IPR005304,family,,230,4,230,CONTINUOUS
A0A162PWK0,Essential for mitotic growth 1,311,CI238_07470,1573173,Colletotrichum incanum,Colletotrichum incanum (Soybean anthracnose fungus),True,IPR005304,family,,311,84,310,CONTINUOUS
A0A162TXX9,Uncharacterized protein,228,PHYBLDRAFT_114933,763407,Phycomyces blakesleeanus (strain ATCC 8743b / DSM 1359 / FGSC 10004 / NBRC 33097 / NRRL 1555),Phycomyces blakesleeanus (strain ATCC 8743b / DSM 1359 / FGSC 10004 / NBRC 33097 / NRRL 1555),True,IPR005304,family,,228,14,227,CONTINUOUS
A0A163DW35,Methyltransferase,274,ST47_g5478,5454,Didymella rabiei,Didymella rabiei (Chickpea ascochyta blight fungus),True,IPR005304,family,,274,24,273,CONTINUOUS
A0A163J3P2,2Fe-2S ferredoxin-type domain-containing protein,375,ABSGL_02451.1 scaffold 3452,4829,Absidia glauca,Absidia glauca (Pin mould),True,IPR005304,family,,375,159,374,CONTINUOUS
A0A163K694,Ribosomal RNA small subunit methyltransferase NEP1,267,ABSGL_10479.1 scaffold 12026,4829,Absidia glauca,Absidia glauca (Pin mould),True,IPR005304,family,,267,19,267,CONTINUOUS
A0A164VBX8,Nep1-domain-containing protein,416,SISNIDRAFT_453721,1314777,Sistotremastrum niveocremeum HHB9708,Sistotremastrum niveocremeum HHB9708,True,IPR005304,family,,416,170,415,CONTINUOUS
A0A165EFS1,Nep1-domain-containing protein,236,EXIGLDRAFT_652813,1314781,Exidia glandulosa HHB12029,Exidia glandulosa HHB12029,True,IPR005304,family,,236,11,235,CONTINUOUS
A0A165G5V8,Nucleolar essential protein 1,260,L228DRAFT_248516,1328760,Xylona heveae (strain CBS 132557 / TC161),Xylona heveae (strain CBS 132557 / TC161),True,IPR005304,family,,260,36,260,CONTINUOUS
A0A165IKP9,Nep1-domain-containing protein,253,LAESUDRAFT_639421,1314785,Laetiporus sulphureus 93-53,Laetiporus sulphureus 93-53,True,IPR005304,family,,253,19,253,CONTINUOUS
A0A165JSC3,Nep1-domain-containing protein,238,CALCODRAFT_522505,1353952,Calocera cornea HHB12733,Calocera cornea HHB12733,True,IPR005304,family,,238,10,238,CONTINUOUS
A0A165L5U6,Nep1-domain-containing protein,237,DAEQUDRAFT_679394,1314783,Daedalea quercina L-15889,Daedalea quercina L-15889,True,IPR005304,family,,237,10,237,CONTINUOUS
A0A165PMP4,Nep1-domain-containing protein,365,NEOLEDRAFT_1139711,1314782,Neolentinus lepideus HHB14362 ss-1,Neolentinus lepideus HHB14362 ss-1,True,IPR005304,family,,365,117,365,CONTINUOUS
A0A165W984,Uncharacterized protein,284,DCAR_0415428,79200,Daucus carota subsp. sativus,Daucus carota subsp. sativus (Carrot),True,IPR005304,family,,284,45,284,CONTINUOUS
A0A165Z1F3,Ribosomal RNA small subunit methyltransferase NEP1,322,DCAR_013140,79200,Daucus carota subsp. sativus,Daucus carota subsp. sativus (Carrot),True,IPR005304,family,,322,46,316,CONTINUOUS
A0A166BV90,Nep1-domain-containing protein,416,SISSUDRAFT_1049436,1314776,Sistotremastrum suecicum HHB10207 ss-3,Sistotremastrum suecicum HHB10207 ss-3,True,IPR005304,family,,416,170,415,CONTINUOUS
A0A166W7Z0,Nucleolar essential protein 1,315,CT0861_11878,708197,Colletotrichum tofieldiae,Colletotrichum tofieldiae,True,IPR005304,family,,315,88,314,CONTINUOUS
A0A166WC92,"Ribosomal biogenesis, methyltransferase, EMG1/NEP1",261,BBO_09140,1081107,Beauveria brongniartii RCEF 3172,Beauveria brongniartii RCEF 3172,True,IPR005304,family,,261,36,261,CONTINUOUS
A0A167DQ59,Ribosomal RNA small subunit methyltransferase NEP1,246,EMG1,796027,Sugiyamaella lignohabitans,Sugiyamaella lignohabitans,True,IPR005304,family,,246,14,246,CONTINUOUS
A0A167IWF5,Ribosomal RNA small subunit methyltransferase NEP1,268,NOR_01446,1649241,Metarhizium rileyi (strain RCEF 4871),Metarhizium rileyi (strain RCEF 4871),True,IPR005304,family,,268,43,268,CONTINUOUS
A0A167KS68,Nep1-domain-containing protein,238,CALVIDRAFT_483747,1330018,Calocera viscosa (strain TUFC12733),Calocera viscosa (strain TUFC12733),True,IPR005304,family,,238,10,238,CONTINUOUS
A0A167MLW8,Nucleolar essential protein 1,259,SPI_08764,1081102,Niveomyces insectorum RCEF 264,Niveomyces insectorum RCEF 264,True,IPR005304,family,,259,26,259,CONTINUOUS
A0A167S8I6,Ribosomal RNA small subunit methyltransferase,259,EN45_054470,5076,Penicillium chrysogenum,Penicillium chrysogenum,True,IPR005304,family,,259,17,259,CONTINUOUS
A0A167VT26,Nep1-domain-containing protein,379,FIBSPDRAFT_1054146,1759441,Athelia psychrophila,Athelia psychrophila,True,IPR005304,family,,379,131,379,CONTINUOUS
A0A167Y5J7,"Ribosomal biogenesis, methyltransferase, EMG1/NEP1",268,AAP_03527,392613,Ascosphaera apis ARSEF 7405,Ascosphaera apis ARSEF 7405,True,IPR005304,family,,268,40,268,CONTINUOUS
A0A168KML4,Nucleolar essential protein 1,230,LEL_01438,1081108,Akanthomyces lecanii RCEF 1005,Akanthomyces lecanii RCEF 1005,True,IPR005304,family,,230,36,224,CONTINUOUS
A0A168KZK4,Ribosomal RNA small subunit methyltransferase NEP1,203,ABSGL_01097.1 scaffold 1223,4829,Absidia glauca,Absidia glauca (Pin mould),True,IPR005304,family,,203,14,197,CONTINUOUS
A0A168MEX8,Nep1-domain-containing protein,230,MUCCIDRAFT_27136,747725,Mucor lusitanicus CBS 277.49,Mucor lusitanicus CBS 277.49,True,IPR005304,family,,230,7,230,CONTINUOUS
A0A168Q0B6,Ribosomal RNA small subunit methyltransferase NEP1,244,MUCCIDRAFT_151581,747725,Mucor lusitanicus CBS 277.49,Mucor lusitanicus CBS 277.49,True,IPR005304,family,,244,4,244,CONTINUOUS
A0A172WI44,Ribosomal RNA small subunit methyltransferase Nep1,219,nep1,1712654,Thermococcus piezophilus,Thermococcus piezophilus,True,IPR005304,family,,219,2,217,CONTINUOUS
A0A175VT15,Ribosomal RNA small subunit methyltransferase NEP1,250,MMYC01_207318,100816,Madurella mycetomatis,Madurella mycetomatis,True,IPR005304,family,,250,25,250,CONTINUOUS
A0A176WJZ5,Ribosomal RNA small subunit methyltransferase NEP1,233,Mp_1g11460,1480154,Marchantia polymorpha subsp. ruderalis,Marchantia polymorpha subsp. ruderalis,True,IPR005304,family,,233,3,233,CONTINUOUS
A0A177A7T0,18S rRNA pseudouridine methyltransferase,261,EMG1,655981,Pseudogymnoascus destructans,Pseudogymnoascus destructans,True,IPR005304,family,,261,33,261,CONTINUOUS
A0A177AXZ5,Ribosomal RNA small subunit methyltransferase NEP1,242,A3Q56_05399,1819745,Intoshia linei,Intoshia linei,True,IPR005304,family,,242,16,237,CONTINUOUS
A0A177BZ19,Nucleolar essential protein-like protein 1,277,CC84DRAFT_1169199,1460663,Paraphaeosphaeria sporulosa,Paraphaeosphaeria sporulosa,True,IPR005304,family,,277,49,277,CONTINUOUS
A0A177DXL1,Nucleolar essential protein 1,243,CC77DRAFT_981591,5599,Alternaria alternata,Alternaria alternata (Alternaria rot fungus),True,IPR005304,family,,243,19,242,CONTINUOUS
A0A177ED66,rRNA small subunit pseudouridine methyltransferase Nep1,205,NEDG_01441,1805483,Nematocida displodere,Nematocida displodere,True,IPR005304,family,,205,2,203,CONTINUOUS
A0A177F8V3,Ribosomal RNA small subunit methyltransferase NEP1,260,AYO21_05134,254056,Fonsecaea monophora,Fonsecaea monophora,True,IPR005304,family,,260,38,260,CONTINUOUS
A0A177TYQ5,Ribosomal RNA small subunit methyltransferase NEP1,417,A4X13_0g2255,43049,Tilletia indica,Tilletia indica,True,IPR005304,family,,417,152,417,CONTINUOUS
A0A177URS6,Ribosomal RNA small subunit methyltransferase NEP1,416,JKIAZH3_G794,13290,Tilletia caries,Tilletia caries (wheat bunt fungus),True,IPR005304,family,,416,150,416,CONTINUOUS
A0A177W6Z9,Ribosomal RNA small subunit methyltransferase NEP1,307,BDEG_20056,403673,Batrachochytrium dendrobatidis (strain JEL423),Batrachochytrium dendrobatidis (strain JEL423),True,IPR005304,family,,307,7,227,CONTINUOUS
A0A178CYL6,Ribosomal RNA small subunit methyltransferase NEP1,260,AYO20_06689,856822,Fonsecaea nubica,Fonsecaea nubica,True,IPR005304,family,,260,36,260,CONTINUOUS
A0A178F1K0,Nucleolar essential protein 1,273,A7C99_2630,5551,Trichophyton rubrum,Trichophyton rubrum (Athlete's foot fungus),True,IPR005304,family,,273,18,273,CONTINUOUS
A0A178FCQ0,Nucleolar essential protein 1,275,A7D00_6659,34388,Trichophyton violaceum,Trichophyton violaceum,True,IPR005304,family,,275,18,275,CONTINUOUS
A0A178VG55,Ribosomal RNA small subunit methyltransferase NEP1,298,AXX17_At3g51590,3702,Arabidopsis thaliana,Arabidopsis thaliana (Mouse-ear cress),True,IPR005304,family,,298,50,298,CONTINUOUS
A0A178ZUT1,Ribosomal RNA small subunit methyltransferase NEP1,260,AYL99_02423,1367422,Fonsecaea erecta,Fonsecaea erecta,True,IPR005304,family,,260,37,260,CONTINUOUS
A0A179FLZ5,Nucleolar essential protein 1,261,VFPPC_08187,1380566,Pochonia chlamydosporia 170,Pochonia chlamydosporia 170,True,IPR005304,family,,261,36,261,CONTINUOUS
A0A179GMV6,Conserved oligomeric Golgi complex subunit 6,1379,VFPFJ_02295,33203,Purpureocillium lilacinum,Purpureocillium lilacinum,False,IPR005304,family,,1379,1162,1373,CONTINUOUS
A0A179IUN5,Ribosomal RNA small subunit methyltransferase NEP1,261,LLEC1_01724,2714763,Cordyceps confragosa,Cordyceps confragosa,True,IPR005304,family,,261,36,261,CONTINUOUS
A0A179USA7,Ribosomal RNA small subunit methyltransferase NEP1,258,BDBG_06754,559298,Blastomyces gilchristii (strain SLH14081),Blastomyces gilchristii (strain SLH14081),True,IPR005304,family,,258,35,258,CONTINUOUS
A0A180GUZ4,Ribosomal RNA small subunit methyltransferase NEP1,324,PTTG_08294,630390,Puccinia triticina (isolate 1-1 / race 1 (BBBD)),Puccinia triticina (isolate 1-1 / race 1 (BBBD)) (Brown leaf rust fungus),True,IPR005304,family,,324,55,324,CONTINUOUS
A0A182EH69,18S rRNA (pseudouridine-N1)-methyltransferase,232,NOO_LOCUS7443,42157,Onchocerca ochengi,Onchocerca ochengi (Filarial nematode worm),True,IPR005304,family,,232,11,227,CONTINUOUS
A0A182FQS3,18S rRNA (pseudouridine-N1)-methyltransferase,731,,7167,Anopheles albimanus,Anopheles albimanus (New world malaria mosquito),True,IPR005304,family,,731,507,731,CONTINUOUS
A0A182HTM3,18S rRNA (pseudouridine-N1)-methyltransferase,238,,7173,Anopheles arabiensis,Anopheles arabiensis (Mosquito),True,IPR005304,family,,238,9,238,CONTINUOUS
A0A182IRT7,18S rRNA (pseudouridine-N1)-methyltransferase,273,,41427,Anopheles atroparvus,Anopheles atroparvus (European mosquito),True,IPR005304,family,,273,57,273,CONTINUOUS
A0A182JSC5,18S rRNA (pseudouridine-N1)-methyltransferase,238,,43041,Anopheles christyi,Anopheles christyi,True,IPR005304,family,,238,17,238,CONTINUOUS
A0A182MBG9,18S rRNA (pseudouridine-N1)-methyltransferase,239,,139723,Anopheles culicifacies,Anopheles culicifacies,True,IPR005304,family,,239,19,239,CONTINUOUS
A0A182N783,18S rRNA (pseudouridine-N1)-methyltransferase,240,,7168,Anopheles dirus,Anopheles dirus,True,IPR005304,family,,240,8,240,CONTINUOUS
A0A182P281,18S rRNA (pseudouridine-N1)-methyltransferase,238,,199890,Anopheles epiroticus,Anopheles epiroticus,True,IPR005304,family,,238,14,238,CONTINUOUS
A0A182R4N3,18S rRNA (pseudouridine-N1)-methyltransferase,239,,62324,Anopheles funestus,Anopheles funestus (African malaria mosquito),True,IPR005304,family,,239,21,239,CONTINUOUS
A0A182U3C5,18S rRNA (pseudouridine-N1)-methyltransferase,238,,34690,Anopheles melas,Anopheles melas,True,IPR005304,family,,238,9,238,CONTINUOUS
A0A182W0Q3,18S rRNA (pseudouridine-N1)-methyltransferase,239,,112268,Anopheles minimus,Anopheles minimus,True,IPR005304,family,,239,1,239,CONTINUOUS
A0A182XHR5,18S rRNA (pseudouridine-N1)-methyltransferase,1105,,34691,Anopheles quadriannulatus,Anopheles quadriannulatus (Mosquito),True,IPR005304,family,,1105,36,214,CONTINUOUS
A0A182Y441,Uncharacterized protein,1939,,30069,Anopheles stephensi,Anopheles stephensi (Indo-Pakistan malaria mosquito),False,IPR005304,family,,1939,36,132,CONTINUOUS
A0A183BFE9,Ribosomal RNA small subunit methyltransferase NEP1,235,ECPE_LOCUS17934,27848,Echinostoma caproni,Echinostoma caproni,True,IPR005304,family,,235,9,226,CONTINUOUS
A0A183D2J0,SURP motif domain-containing protein,84,GPUH_LOCUS2931,637853,Gongylonema pulchrum,Gongylonema pulchrum,True,IPR005304,family,,84,16,81,CONTINUOUS
A0A183EC28,Ribosomal RNA small subunit methyltransferase NEP1,143,,637853,Gongylonema pulchrum,Gongylonema pulchrum,True,IPR005304,family,,143,1,140,CONTINUOUS
A0A183GRW4,18S rRNA (pseudouridine-N1)-methyltransferase,194,HPBE_LOCUS25435,6339,Heligmosomoides polygyrus,Heligmosomoides polygyrus (Parasitic roundworm),True,IPR005304,family,,194,5,194,CONTINUOUS
A0A183I8L2,Uncharacterized protein,88,OFLC_LOCUS16074,387005,Onchocerca flexuosa,Onchocerca flexuosa,True,IPR005304,family,,88,10,73,CONTINUOUS
A0A183IUS7,18S rRNA (pseudouridine-N1)-methyltransferase,233,SBAD_LOCUS7374,241478,Soboliphyme baturini,Soboliphyme baturini,True,IPR005304,family,,233,11,232,CONTINUOUS
A0A183K8P0,Ribosomal RNA small subunit methyltransferase NEP1,176,,6186,Schistosoma curassoni,Schistosoma curassoni,True,IPR005304,family,,176,18,162,CONTINUOUS
A0A183KUB4,ABC transporter ATP-binding protein,106,SCUD_LOCUS18654,6186,Schistosoma curassoni,Schistosoma curassoni,True,IPR005304,family,,106,37,100,CONTINUOUS
A0A183MK92,Uncharacterized protein,233,SMRZ_LOCUS16467,48269,Schistosoma margrebowiei,Schistosoma margrebowiei,True,IPR005304,family,,233,4,219,CONTINUOUS
A0A183Q205,Uncharacterized protein,89,SMTD_LOCUS20643,31246,Schistosoma mattheei,Schistosoma mattheei,True,IPR005304,family,,89,1,75,CONTINUOUS
A0A183QQ12,Ribosomal RNA small subunit methyltransferase NEP1,233,,6188,Schistosoma rodhaini,Schistosoma rodhaini,True,IPR005304,family,,233,4,219,CONTINUOUS
A0A183SXA9,Ribosomal RNA small subunit methyltransferase NEP1,231,SSLN_LOCUS8857,70667,Schistocephalus solidus,Schistocephalus solidus (Tapeworm),True,IPR005304,family,,231,6,221,CONTINUOUS
A0A183V2A9,18S rRNA (pseudouridine-N1)-methyltransferase,225,TCNE_LOCUS14879,6265,Toxocara canis,Toxocara canis (Canine roundworm),True,IPR005304,family,,225,13,222,CONTINUOUS
A0A192ZHG4,Multicopy suppressor of ras1,227,mra1,1712417,Stygiella incarcerata,Stygiella incarcerata,True,IPR005304,family,,227,8,226,CONTINUOUS
A0A194PQC2,18S rRNA (pseudouridine-N1)-methyltransferase,236,LOC106117034,66420,Papilio xuthus,Papilio xuthus (Asian swallowtail butterfly),True,IPR005304,family,,236,6,235,CONTINUOUS
A0A194QMD7,18S rRNA (pseudouridine-N1)-methyltransferase,236,RR48_11750,76193,Papilio machaon,Papilio machaon (Old World swallowtail butterfly),True,IPR005304,family,,236,9,235,CONTINUOUS
A0A194SA16,Nucleolar essential protein 1,258,RHOBADRAFT_47968,578459,Rhodotorula graminis (strain WP1),Rhodotorula graminis (strain WP1),True,IPR005304,family,,258,26,257,CONTINUOUS
A0A194VED8,Ribosomal RNA small subunit methyltransferase NEP1,250,VP1G_09361,578113,Cytospora mali,Cytospora mali (Apple Valsa canker fungus),True,IPR005304,family,,250,25,250,CONTINUOUS
A0A194W6P4,Ribosomal RNA small subunit methyltransferase NEP1,259,VM1G_07909,578113,Cytospora mali,Cytospora mali (Apple Valsa canker fungus),True,IPR005304,family,,259,31,259,CONTINUOUS
A0A194X4F3,Putative nucleolar essential protein 1,259,LY89DRAFT_589340,149040,Mollisia scopiformis,Mollisia scopiformis (Conifer needle endophyte fungus),True,IPR005304,family,,259,35,259,CONTINUOUS
A0A195FXN5,Putative ribosome biogenesis protein NEP1,107,ALC56_00129,34720,Trachymyrmex septentrionalis,Trachymyrmex septentrionalis,True,IPR005304,family,,107,19,67,CONTINUOUS
A0A195FYR1,18S rRNA (pseudouridine-N1)-methyltransferase,235,ALC56_00131,34720,Trachymyrmex septentrionalis,Trachymyrmex septentrionalis,True,IPR005304,family,,235,4,235,CONTINUOUS
A0A196SB95,Ribosome biogenesis protein NEP1,666,AV274_3979,478820,Blastocystis sp. subtype 1 (strain ATCC 50177 / NandII),Blastocystis sp. subtype 1 (strain ATCC 50177 / NandII),True,IPR005304,family,,666,15,225,CONTINUOUS
A0A196SEF1,Ribosome biogenesis protein NEP1,228,AV274_3820,478820,Blastocystis sp. subtype 1 (strain ATCC 50177 / NandII),Blastocystis sp. subtype 1 (strain ATCC 50177 / NandII),True,IPR005304,family,,228,8,227,CONTINUOUS
A0A197JEU0,Nep1-domain-containing protein,239,K457DRAFT_1856027,1314771,Linnemannia elongata AG-77,Linnemannia elongata AG-77,True,IPR005304,family,,239,12,239,CONTINUOUS
A0A199V749,Ribosomal RNA small subunit methyltransferase NEP1,296,ACMD2_08224,4615,Ananas comosus,Ananas comosus (Pineapple),True,IPR005304,family,,296,59,295,CONTINUOUS
A0A1A0HGH3,Ribosomal RNA small subunit methyltransferase NEP1,253,METBIDRAFT_29512,869754,Metschnikowia bicuspidata var. bicuspidata NRRL YB-4993,Metschnikowia bicuspidata var. bicuspidata NRRL YB-4993,True,IPR005304,family,,253,14,253,CONTINUOUS
A0A1A6ABP6,Nucleolar essential protein 1,362,I303_102180,1296121,Kwoniella dejecticola CBS 10117,Kwoniella dejecticola CBS 10117,True,IPR005304,family,,362,120,362,CONTINUOUS
A0A1A6HDG6,18S rRNA (pseudouridine(1248)-N1)-methyltransferase,244,A6R68_17238,56216,Neotoma lepida,Neotoma lepida (Desert woodrat),True,IPR005304,family,,244,12,244,CONTINUOUS
A0A1A7XMS4,18S rRNA (pseudouridine(1248)-N1)-methyltransferase,237,OLA.5378,60296,Iconisemion striatum,Iconisemion striatum,True,IPR005304,family,,237,11,237,CONTINUOUS
A0A1A8AAT3,18S rRNA (pseudouridine(1248)-N1)-methyltransferase,237,OLA.5378,105023,Nothobranchius furzeri,Nothobranchius furzeri (Turquoise killifish),True,IPR005304,family,,237,11,236,CONTINUOUS
A0A1A8CLH4,18S rRNA (pseudouridine(1248)-N1)-methyltransferase,237,OLA.5378,1051664,Nothobranchius kadleci,Nothobranchius kadleci (African annual killifish),True,IPR005304,family,,237,11,236,CONTINUOUS
A0A1A8HCG6,18S rRNA (pseudouridine(1248)-N1)-methyltransferase,237,OLA.5378,1143690,Nothobranchius korthausae,Nothobranchius korthausae,True,IPR005304,family,,237,11,236,CONTINUOUS
A0A1A8I7L8,18S rRNA (pseudouridine(1248)-N1)-methyltransferase,237,OLA.5378,321403,Nothobranchius kuhntae,Nothobranchius kuhntae (Beira killifish),True,IPR005304,family,,237,11,236,CONTINUOUS
A0A1A8MK43,18S rRNA (pseudouridine(1248)-N1)-methyltransferase,237,OLA.5378,704102,Nothobranchius pienaari,Nothobranchius pienaari,True,IPR005304,family,,237,11,236,CONTINUOUS
A0A1A8SA66,18S rRNA (pseudouridine(1248)-N1)-methyltransferase,237,OLA.5378,451742,Nothobranchius rachovii,Nothobranchius rachovii (bluefin notho),True,IPR005304,family,,237,11,236,CONTINUOUS
A0A1A8VQP5,"Ribosomal RNA small subunit methyltransferase NEP1, putative (NEP1)",229,POVCU1_007610,864141,Plasmodium ovale curtisi,Plasmodium ovale curtisi,True,IPR005304,family,,229,13,228,CONTINUOUS
A0A1A8VQU9,"Ribosomal RNA small subunit methyltransferase NEP1, putative",230,NEP1,5858,Plasmodium malariae,Plasmodium malariae,True,IPR005304,family,,230,13,229,CONTINUOUS
A0A1A8WI80,"Small subunit rRNA processing factor, putative",418,PMALA_031370,5858,Plasmodium malariae,Plasmodium malariae,True,IPR005304,family,,418,242,415,CONTINUOUS
A0A1A8X3N9,Small subunit rRNA processing factor,498,POVCU2_0049280,864141,Plasmodium ovale curtisi,Plasmodium ovale curtisi,True,IPR005304,family,,498,203,468,CONTINUOUS
A0A1A8YMD4,"Ribosomal RNA small subunit methyltransferase NEP1, putative (NEP1)",240,POVWA2_011010,864142,Plasmodium ovale wallikeri,Plasmodium ovale wallikeri,True,IPR005304,family,,240,24,239,CONTINUOUS
A0A1A8ZZ58,Small subunit rRNA processing factor,504,POVWA1_058910,864142,Plasmodium ovale wallikeri,Plasmodium ovale wallikeri,True,IPR005304,family,,504,178,360,CONTINUOUS
A0A1A8ZZB5,Small subunit rRNA processing factor,533,POVWA2_058220,864142,Plasmodium ovale wallikeri,Plasmodium ovale wallikeri,True,IPR005304,family,,533,207,389,CONTINUOUS
A0A1A9UW62,18S rRNA (pseudouridine-N1)-methyltransferase,255,,7395,Glossina austeni,Glossina austeni (Savannah tsetse fly),True,IPR005304,family,,255,28,254,CONTINUOUS
A0A1A9WVP2,18S rRNA (pseudouridine-N1)-methyltransferase,257,,37001,Glossina brevipalpis,Glossina brevipalpis,True,IPR005304,family,,257,27,257,CONTINUOUS
A0A1B0BDI6,18S rRNA (pseudouridine-N1)-methyltransferase,257,,67801,Glossina palpalis gambiensis,Glossina palpalis gambiensis,True,IPR005304,family,,257,23,256,CONTINUOUS
A0A1B0CFF0,18S rRNA (pseudouridine-N1)-methyltransferase,234,,7200,Lutzomyia longipalpis,Lutzomyia longipalpis (Sand fly),True,IPR005304,family,,234,15,233,CONTINUOUS
A0A1B0DPJ0,18S rRNA (pseudouridine-N1)-methyltransferase,239,,29031,Phlebotomus papatasi,Phlebotomus papatasi (Sandfly),True,IPR005304,family,,239,26,238,CONTINUOUS
A0A1B0G8Q2,18S rRNA (pseudouridine-N1)-methyltransferase,254,,37546,Glossina morsitans morsitans,Glossina morsitans morsitans (Savannah tsetse fly),True,IPR005304,family,,254,26,253,CONTINUOUS
A0A1B1DW69,Ribosome biogenesis protein NEP1,232,PCOAH_00010850,208452,Plasmodium coatneyi,Plasmodium coatneyi,True,IPR005304,family,,232,13,231,CONTINUOUS
A0A1B1E768,Ribosome biogenesis protein,477,PCOAH_00054280,208452,Plasmodium coatneyi,Plasmodium coatneyi,True,IPR005304,family,,477,240,476,CONTINUOUS
A0A1B2J5U8,Ribosomal RNA small subunit methyltransferase NEP1,249,EMG1,4922,Komagataella pastoris,Komagataella pastoris (Yeast),True,IPR005304,family,,249,9,249,CONTINUOUS
A0A1B3PDJ0,18S rRNA (pseudouridine-N1)-methyltransferase,580,RNA-MT21,54969,Polypedilum nubifer,Polypedilum nubifer,True,IPR005304,family,,580,18,232,CONTINUOUS
A0A1B5KSV0,Nucleolar essential protein 1,261,UVI_02003680,1159556,Ustilaginoidea virens,Ustilaginoidea virens (Rice false smut fungus),True,IPR005304,family,,261,37,261,CONTINUOUS
A0A1B6CP32,18S rRNA (pseudouridine-N1)-methyltransferase,237,g.6063,38151,Clastoptera arizonana,Clastoptera arizonana (Arizona spittle bug),True,IPR005304,family,,237,4,237,CONTINUOUS
A0A1B6F7Y0,18S rRNA (pseudouridine-N1)-methyltransferase,237,g.12812,1464854,Cuerna arida,Cuerna arida,True,IPR005304,family,,237,3,237,CONTINUOUS
A0A1B6JLB6,18S rRNA (pseudouridine-N1)-methyltransferase,240,g.14268,320908,Homalodisca liturata,Homalodisca liturata,True,IPR005304,family,,240,8,240,CONTINUOUS
A0A1B6KFE3,Uncharacterized protein,116,g.2720,36148,Graphocephala atropunctata,Graphocephala atropunctata,True,IPR005304,family,,116,4,116,CONTINUOUS
A0A1B6KG74,Ribosomal RNA small subunit methyltransferase NEP1,108,g.2718,36148,Graphocephala atropunctata,Graphocephala atropunctata,True,IPR005304,family,,108,1,108,CONTINUOUS
A0A1B6M5E1,Ribosomal RNA small subunit methyltransferase NEP1,129,g.2719,36148,Graphocephala atropunctata,Graphocephala atropunctata,True,IPR005304,family,,129,1,129,CONTINUOUS
A0A1B7N8D8,Nep1-domain-containing protein,381,K503DRAFT_767965,1314800,Rhizopogon vinicolor AM-OR11-026,Rhizopogon vinicolor AM-OR11-026,True,IPR005304,family,,381,136,381,CONTINUOUS
A0A1B7NXG6,Ribosomal RNA small subunit methyltransferase NEP1,334,ACJ72_04205,1955775,Emergomyces africanus,Emergomyces africanus,True,IPR005304,family,,334,176,334,CONTINUOUS
A0A1B7SEH1,Ribosomal RNA small subunit methyltransferase NEP1,256,OGATHE_003583,460523,Ogataea polymorpha,Ogataea polymorpha,True,IPR005304,family,,256,12,256,CONTINUOUS
A0A1B7TCF9,Ribosomal RNA small subunit methyltransferase NEP1,265,HANVADRAFT_53146,766949,Hanseniaspora valbyensis NRRL Y-1626,Hanseniaspora valbyensis NRRL Y-1626,True,IPR005304,family,,265,15,265,CONTINUOUS
A0A1B8AFI1,Ribosomal RNA small subunit methyltransferase NEP1,259,FPOA_10927,36050,Fusarium poae,Fusarium poae,True,IPR005304,family,,259,37,259,CONTINUOUS
A0A1B8GC30,18S rRNA pseudouridine methyltransferase,261,EMG1,342668,Pseudogymnoascus verrucosus,Pseudogymnoascus verrucosus,True,IPR005304,family,,261,33,261,CONTINUOUS
A0A1B9G4K8,Nucleolar essential protein 1,343,I302_100230,1296100,Kwoniella bestiolae CBS 10118,Kwoniella bestiolae CBS 10118,True,IPR005304,family,,343,100,343,CONTINUOUS
A0A1B9GII7,Nucleolar essential protein 1,356,I316_07578,1296120,Kwoniella heveanensis BCC8398,Kwoniella heveanensis BCC8398,True,IPR005304,family,,356,121,356,CONTINUOUS
A0A1B9HV13,Nucleolar essential protein 1,352,I206_06888,1296096,Kwoniella pini CBS 10737,Kwoniella pini CBS 10737,True,IPR005304,family,,352,103,343,CONTINUOUS
A0A1B9ITB5,Nucleolar essential protein 1,343,L486_03144,1331196,Kwoniella mangroviensis CBS 10435,Kwoniella mangroviensis CBS 10435,True,IPR005304,family,,343,99,343,CONTINUOUS
A0A1C1CEQ3,Ribosomal RNA small subunit methyltransferase NEP1,260,NEP1,86049,Cladophialophora carrionii,Cladophialophora carrionii,True,IPR005304,family,,260,18,260,CONTINUOUS
A0A1C3KLP1,"Ribosomal RNA small subunit methyltransferase NEP1, putative",230,NEP1,5858,Plasmodium malariae,Plasmodium malariae,True,IPR005304,family,,230,12,229,CONTINUOUS
A0A1C3KP59,"Ribosomal RNA small subunit methyltransferase NEP1, putative",230,NEP1,36330,Plasmodium ovale,Plasmodium ovale (malaria parasite P. ovale),True,IPR005304,family,,230,14,229,CONTINUOUS
A0A1C3L2Y1,"Small subunit rRNA processing factor, putative",499,PmlGA01_140043200,5858,Plasmodium malariae,Plasmodium malariae,True,IPR005304,family,,499,251,498,CONTINUOUS
A0A1C3L5F3,"Small subunit rRNA processing factor, putative",429,PowCR01_140045400,36330,Plasmodium ovale,Plasmodium ovale (malaria parasite P. ovale),True,IPR005304,family,,429,165,427,CONTINUOUS
A0A1C6XKY8,"Ribosomal RNA small subunit methyltransferase NEP1, putative",231,NEP1,5826,Plasmodium chabaudi adami,Plasmodium chabaudi adami,True,IPR005304,family,,231,12,230,CONTINUOUS
A0A1C6YPL0,"Small subunit rRNA processing factor, putative",409,PCHDS_000463200,5826,Plasmodium chabaudi adami,Plasmodium chabaudi adami,True,IPR005304,family,,409,144,408,CONTINUOUS
A0A1C6YT56,"Small subunit rRNA processing factor, putative",422,PCHAJ_000459300,31271,Plasmodium chabaudi chabaudi,Plasmodium chabaudi chabaudi,True,IPR005304,family,,422,156,421,CONTINUOUS
A0A1C7LPG1,Ribosomal RNA small subunit methyltransferase NEP1,371,NEP1,5627,Grifola frondosa,Grifola frondosa (Maitake),True,IPR005304,family,,371,103,371,CONTINUOUS
A0A1C7NI10,Ribosomal RNA small subunit methyltransferase NEP1,235,EMG1,101091,Choanephora cucurbitarum,Choanephora cucurbitarum,True,IPR005304,family,,235,10,235,CONTINUOUS
A0A1C7NJJ1,Ribosomal RNA small subunit methyltransferase mra1,260,mra1,101091,Choanephora cucurbitarum,Choanephora cucurbitarum,True,IPR005304,family,,260,5,260,CONTINUOUS
A0A1D1W3Z6,18S rRNA (pseudouridine-N1)-methyltransferase,241,RvY_15791-1,947166,Ramazzottius varieornatus,Ramazzottius varieornatus (Water bear),True,IPR005304,family,,241,12,237,CONTINUOUS
A0A1D1XI87,Ribosomal RNA small subunit methyltransferase NEP1,316,Emg1,1678845,Anthurium amnicola,Anthurium amnicola,True,IPR005304,family,,316,104,316,CONTINUOUS
A0A1D1ZTI4,Ribosomal RNA small subunit methyltransferase NEP1,213,g.20245,3075,Auxenochlorella protothecoides,Auxenochlorella protothecoides (Green microalga),True,IPR005304,family,,213,9,212,CONTINUOUS
A0A1D2J4H4,Ribosomal RNA small subunit methyltransferase NEP1,258,ACO22_07515,121759,Paracoccidioides brasiliensis,Paracoccidioides brasiliensis,True,IPR005304,family,,258,35,258,CONTINUOUS
A0A1D2N9W4,18S rRNA (pseudouridine-N1)-methyltransferase,240,Ocin01_04626,48709,Orchesella cincta,Orchesella cincta (Springtail),True,IPR005304,family,,240,8,239,CONTINUOUS
A0A1D2VNJ2,Ribosomal RNA small subunit methyltransferase NEP1,248,ASCRUDRAFT_68926,1344418,Ascoidea rubescens DSM 1968,Ascoidea rubescens DSM 1968,True,IPR005304,family,,248,12,248,CONTINUOUS
A0A1D3CS17,Uncharacterized protein,526,cyc_04190,88456,Cyclospora cayetanensis,Cyclospora cayetanensis,True,IPR005304,family,,526,269,445,CONTINUOUS
A0A1D3CWR2,Nucleolar essential protein,280,cyc_02106,88456,Cyclospora cayetanensis,Cyclospora cayetanensis,True,IPR005304,family,,280,22,279,CONTINUOUS
A0A1D3KXY0,"Ribosomal RNA small subunit methyltransferase NEP1, putative",229,NEP1,36330,Plasmodium ovale,Plasmodium ovale (malaria parasite P. ovale),True,IPR005304,family,,229,13,228,CONTINUOUS
A0A1D3S413,"Small subunit rRNA processing factor, putative",409,PCHDK_000463400,5826,Plasmodium chabaudi adami,Plasmodium chabaudi adami,True,IPR005304,family,,409,144,408,CONTINUOUS
A0A1D3S4B0,"Small subunit rRNA processing factor, putative",410,PCHCB_000464200,31271,Plasmodium chabaudi chabaudi,Plasmodium chabaudi chabaudi,True,IPR005304,family,,410,144,409,CONTINUOUS
A0A1D3SGR9,"Small subunit rRNA processing factor, putative",430,PBSP11RLL_000457200,5821,Plasmodium berghei,Plasmodium berghei,True,IPR005304,family,,430,166,429,CONTINUOUS
A0A1D3TF96,"Small subunit rRNA processing factor, putative",499,PmUG01_14059800,5858,Plasmodium malariae,Plasmodium malariae,True,IPR005304,family,,499,241,498,CONTINUOUS
A0A1D3UAE1,"Small subunit rRNA processing factor, putative",467,PocGH01_14051200,36330,Plasmodium ovale,Plasmodium ovale (malaria parasite P. ovale),True,IPR005304,family,,467,203,465,CONTINUOUS
A0A1D6HF01,Nucleolar essential protein-related,188,LOC100282562,4577,Zea mays,Zea mays (Maize),True,IPR005304,family,,188,1,187,CONTINUOUS
A0A1D6HF02,Nucleolar essential protein-related,269,LOC100282562,4577,Zea mays,Zea mays (Maize),True,IPR005304,family,,269,52,268,CONTINUOUS
A0A1D8NGQ3,Ribosomal RNA small subunit methyltransferase NEP1,258,YALI1_E02056g,4952,Yarrowia lipolytica,Yarrowia lipolytica,True,IPR005304,family,,258,21,257,CONTINUOUS
A0A1D8PF50,Ribosomal RNA small subunit methyltransferase NEP1,267,NEP1,237561,Candida albicans (strain SC5314 / ATCC MYA-2876),Candida albicans (strain SC5314 / ATCC MYA-2876) (Yeast),True,IPR005304,family,,267,21,266,CONTINUOUS
A0A1D9QGN0,Nucleolar essential protein 1,260,sscle_12g088380,665079,Sclerotinia sclerotiorum (strain ATCC 18683 / 1980 / Ss-1),Sclerotinia sclerotiorum (strain ATCC 18683 / 1980 / Ss-1) (White mold),True,IPR005304,family,,260,30,260,CONTINUOUS
A0A1E1ISP6,EMG1/NEP1 methyltransferase,287,LgM4147LRVhigh.16.00590.00610,5670,Leishmania guyanensis,Leishmania guyanensis,True,IPR005304,family,,287,12,279,CONTINUOUS
A0A1E1IZR0,Uncharacterized protein,401,LgM4147LRVhigh.27.01460.00350,5670,Leishmania guyanensis,Leishmania guyanensis,True,IPR005304,family,,401,132,352,CONTINUOUS
A0A1E1LJM7,Probable nucleolar essential protein 1,268,RCO7_11619,2792576,Rhynchosporium graminicola,Rhynchosporium graminicola,True,IPR005304,family,,268,22,268,CONTINUOUS
A0A1E1LLD2,EMG1 Protein Essential for Mitotic Growth,249,RAG0_15039,914238,Rhynchosporium agropyri,Rhynchosporium agropyri,True,IPR005304,family,,249,25,249,CONTINUOUS
A0A1E1MWM5,EMG1 Protein Essential for Mitotic Growth,249,RSE6_15055,38038,Rhynchosporium secalis,Rhynchosporium secalis (Barley scald fungus),True,IPR005304,family,,249,25,249,CONTINUOUS
A0A1E1WAE8,18S rRNA (pseudouridine-N1)-methyltransferase,236,g.17184,13191,Pectinophora gossypiella,Pectinophora gossypiella (Cotton pink bollworm),True,IPR005304,family,,236,18,236,CONTINUOUS
A0A1E1X5M0,18S rRNA (pseudouridine-N1)-methyltransferase,229,,187763,Amblyomma aureolatum,Amblyomma aureolatum,True,IPR005304,family,,229,14,228,CONTINUOUS
A0A1E1XSX2,18S rRNA (pseudouridine-N1)-methyltransferase,232,,1581419,Amblyomma sculptum,Amblyomma sculptum (Tick),True,IPR005304,family,,232,14,231,CONTINUOUS
A0A1E3BBR9,Ribosomal RNA small subunit methyltransferase NEP1,259,SI65_06255,573508,Aspergillus cristatus,Aspergillus cristatus (Chinese Fuzhuan brick tea-fermentation fungus),True,IPR005304,family,,259,37,259,CONTINUOUS
A0A1E3HT51,Ribosomal RNA small subunit methyltransferase NEP1,332,L202_03479,1295533,Cryptococcus amylolentus CBS 6039,Cryptococcus amylolentus CBS 6039,True,IPR005304,family,,332,74,332,CONTINUOUS
A0A1E3HUW0,Ribosomal RNA small subunit methyltransferase NEP1,360,L202_03479,1295533,Cryptococcus amylolentus CBS 6039,Cryptococcus amylolentus CBS 6039,True,IPR005304,family,,360,74,325,CONTINUOUS
A0A1E3K464,Ribosomal RNA small subunit methyltransferase NEP1,332,I350_03439,1296118,Cryptococcus amylolentus CBS 6273,Cryptococcus amylolentus CBS 6273,True,IPR005304,family,,332,74,332,CONTINUOUS
A0A1E3K631,Nucleolar essential protein 1,332,L198_00331,1295528,Cryptococcus wingfieldii CBS 7118,Cryptococcus wingfieldii CBS 7118,True,IPR005304,family,,332,74,332,CONTINUOUS
A0A1E3NRJ8,Ribosomal RNA small subunit methyltransferase NEP1,257,PICMEDRAFT_14273,763406,Pichia membranifaciens NRRL Y-2026,Pichia membranifaciens NRRL Y-2026,True,IPR005304,family,,257,16,257,CONTINUOUS
A0A1E3P7S4,Ribosomal RNA small subunit methyltransferase NEP1,245,WICANDRAFT_28725,683960,Wickerhamomyces anomalus (strain ATCC 58044 / CBS 1984 / NCYC 433 / NRRL Y-366-8),Wickerhamomyces anomalus (strain ATCC 58044 / CBS 1984 / NCYC 433 / NRRL Y-366-8) (Yeast),True,IPR005304,family,,245,9,244,CONTINUOUS
A0A1E3PRH8,Ribosomal RNA small subunit methyltransferase NEP1,254,NADFUDRAFT_48685,857566,Nadsonia fulvescens var. elongata DSM 6958,Nadsonia fulvescens var. elongata DSM 6958,True,IPR005304,family,,254,23,254,CONTINUOUS
A0A1E3PVT4,Ribosomal RNA small subunit methyltransferase NEP1,249,LIPSTDRAFT_75773,675824,Lipomyces starkeyi NRRL Y-11557,Lipomyces starkeyi NRRL Y-11557,True,IPR005304,family,,249,29,249,CONTINUOUS
A0A1E3QR84,Ribosomal RNA small subunit methyltransferase NEP1,242,BABINDRAFT_161196,984486,Babjeviella inositovora NRRL Y-12698,Babjeviella inositovora NRRL Y-12698,True,IPR005304,family,,242,15,241,CONTINUOUS
A0A1E4RFV5,Ribosomal RNA small subunit methyltransferase NEP1,277,HYPBUDRAFT_153616,984485,Hyphopichia burtonii NRRL Y-1933,Hyphopichia burtonii NRRL Y-1933,True,IPR005304,family,,277,18,276,CONTINUOUS
A0A1E4SH95,Ribosomal RNA small subunit methyltransferase NEP1,249,CANTADRAFT_91077,984487,Suhomyces tanzawaensis NRRL Y-17324,Suhomyces tanzawaensis NRRL Y-17324,True,IPR005304,family,,249,15,248,CONTINUOUS
A0A1E4SX16,Ribosomal RNA small subunit methyltransferase NEP1,259,CANARDRAFT_29500,983967,[Candida] arabinofermentans NRRL YB-2248,[Candida] arabinofermentans NRRL YB-2248,True,IPR005304,family,,259,24,258,CONTINUOUS
A0A1E4TCB8,Ribosomal RNA small subunit methyltransferase NEP1,246,CANCADRAFT_139405,767744,Tortispora caseinolytica NRRL Y-17796,Tortispora caseinolytica NRRL Y-17796,True,IPR005304,family,,246,17,246,CONTINUOUS
A0A1E4U1W4,Ribosomal RNA small subunit methyltransferase NEP1,244,PACTADRAFT_73638,669874,Pachysolen tannophilus NRRL Y-2460,Pachysolen tannophilus NRRL Y-2460,True,IPR005304,family,,244,17,244,CONTINUOUS
A0A1E5RGT9,Ribosomal RNA small subunit methyltransferase NEP1,259,AWRI3579_g1599,56408,Hanseniaspora osmophila,Hanseniaspora osmophila,True,IPR005304,family,,259,15,259,CONTINUOUS
A0A1E5RWZ1,Ribosomal RNA small subunit methyltransferase NEP1,265,AWRI3578_g155,211096,Hanseniaspora opuntiae,Hanseniaspora opuntiae,True,IPR005304,family,,265,11,265,CONTINUOUS
A0A1E5S1B0,Ribosomal RNA small subunit methyltransferase NEP1,265,AWRI3580_g553,29833,Hanseniaspora uvarum,Hanseniaspora uvarum (Yeast),True,IPR005304,family,,265,14,265,CONTINUOUS
A0A1E7FLB5,Suppressor Mra1,217,FRACYDRAFT_161986,635003,Fragilariopsis cylindrus CCMP1102,Fragilariopsis cylindrus CCMP1102,True,IPR005304,family,,217,1,216,CONTINUOUS
A0A1F5LM96,Ribosomal RNA small subunit methyltransferase NEP1,259,PENARI_c006G06706,1835702,Penicillium arizonense,Penicillium arizonense,True,IPR005304,family,,259,32,259,CONTINUOUS
A0A1F8A2R2,RNA processing protein Emg1,262,ABOM_005218,109264,Aspergillus bombycis,Aspergillus bombycis,True,IPR005304,family,,262,39,262,CONTINUOUS
A0A1G4BB45,Essential for mitotic growth 1,261,CORC01_06186,1209926,Colletotrichum orchidophilum,Colletotrichum orchidophilum,True,IPR005304,family,,261,33,260,CONTINUOUS
A0A1G4GTG1,(malaria parasite P. vivax) hypothetical protein,231,PVW1_050017800,5855,Plasmodium vivax,Plasmodium vivax (malaria parasite P. vivax),True,IPR005304,family,,231,13,230,CONTINUOUS
A0A1G4H598,"Small subunit rRNA processing factor, putative",490,PVT01_140048900,5855,Plasmodium vivax,Plasmodium vivax (malaria parasite P. vivax),True,IPR005304,family,,490,229,489,CONTINUOUS
A0A1G4HKY2,"Small subunit rRNA processing factor, putative",490,PVC01_140049400,5855,Plasmodium vivax,Plasmodium vivax (malaria parasite P. vivax),True,IPR005304,family,,490,229,489,CONTINUOUS
A0A1G4I154,"EMG1/NEP1 methyltransferase, putative",279,TEOVI_000683600,5694,Trypanosoma equiperdum,Trypanosoma equiperdum,True,IPR005304,family,,279,53,272,CONTINUOUS
A0A1G4IGL4,"EMG1/NEP1 methyltransferase, putative",278,TEOVI_000313700,5694,Trypanosoma equiperdum,Trypanosoma equiperdum,True,IPR005304,family,,278,9,270,CONTINUOUS
A0A1G4JW40,Ribosomal RNA small subunit methyltransferase NEP1,253,LAMI_0F01728G,1230905,Lachancea mirantina,Lachancea mirantina,True,IPR005304,family,,253,25,253,CONTINUOUS
A0A1G4JZH2,Ribosomal RNA small subunit methyltransferase NEP1,252,LADA_0H01860G,1072105,Lachancea dasiensis,Lachancea dasiensis,True,IPR005304,family,,252,21,252,CONTINUOUS
A0A1G4K5K0,Ribosomal RNA small subunit methyltransferase NEP1,252,LAME_0G01794G,1266667,Lachancea meyersii CBS 8951,Lachancea meyersii CBS 8951,True,IPR005304,family,,252,21,252,CONTINUOUS
A0A1G4KEX3,Ribosomal RNA small subunit methyltransferase NEP1,252,LANO_0G01794G,1266666,Lachancea nothofagi CBS 11611,Lachancea nothofagi CBS 11611,True,IPR005304,family,,252,25,252,CONTINUOUS
A0A1G4MGU2,Ribosomal RNA small subunit methyltransferase NEP1,252,LAFE_0G01860G,4955,Lachancea fermentati,Lachancea fermentati,True,IPR005304,family,,252,22,252,CONTINUOUS
A0A1I7RYW2,18S rRNA (pseudouridine-N1)-methyltransferase,229,BXYJ_LOCUS2920,6326,Bursaphelenchus xylophilus,Bursaphelenchus xylophilus (Pinewood nematode worm),True,IPR005304,family,,229,5,224,CONTINUOUS
A0A1I7TMA7,18S rRNA (pseudouridine-N1)-methyltransferase,231,,1561998,Caenorhabditis tropicalis,Caenorhabditis tropicalis,True,IPR005304,family,,231,11,231,CONTINUOUS
A0A1I7VKZ5,18S rRNA (pseudouridine-N1)-methyltransferase,231,LOAG_03665,7209,Loa loa,Loa loa (Eye worm),True,IPR005304,family,,231,9,227,CONTINUOUS
A0A1I7WTG1,Secreted protein,90,,37862,Heterorhabditis bacteriophora,Heterorhabditis bacteriophora (Entomopathogenic nematode worm),True,IPR005304,family,,90,2,58,CONTINUOUS
A0A1I8A292,18S rRNA (pseudouridine-N1)-methyltransferase,225,,37863,Steinernema glaseri,Steinernema glaseri,True,IPR005304,family,,225,10,225,CONTINUOUS
A0A1I8FUK7,Ribosomal RNA small subunit methyltransferase NEP1,244,,282301,Macrostomum lignano,Macrostomum lignano,True,IPR005304,family,,244,18,229,CONTINUOUS
A0A1I8FXZ9,Ribosomal RNA small subunit methyltransferase NEP1,218,,282301,Macrostomum lignano,Macrostomum lignano,True,IPR005304,family,,218,3,198,CONTINUOUS
A0A1I8ML51,18S rRNA (pseudouridine-N1)-methyltransferase,251,101895994,7370,Musca domestica,Musca domestica (House fly),True,IPR005304,family,,251,18,251,CONTINUOUS
A0A1I8PSV8,18S rRNA (pseudouridine-N1)-methyltransferase,252,106084172,35570,Stomoxys calcitrans,Stomoxys calcitrans (Stable fly),True,IPR005304,family,,252,18,252,CONTINUOUS
A0A1J1GLX9,"Ribosomal RNA small subunit methyltransferase NEP1, putative",227,NEP1,5849,Plasmodium gallinaceum,Plasmodium gallinaceum,True,IPR005304,family,,227,11,226,CONTINUOUS
A0A1J1GQJ8,"Small subunit rRNA processing factor, putative",398,PGAL8A_00126600,5849,Plasmodium gallinaceum,Plasmodium gallinaceum,True,IPR005304,family,,398,115,396,CONTINUOUS
A0A1J1H1R2,"Ribosomal RNA small subunit methyltransferase NEP1, putative",227,NEP1,85471,Plasmodium relictum,Plasmodium relictum,True,IPR005304,family,,227,5,226,CONTINUOUS
A0A1J1HFP3,"Small subunit rRNA processing factor, putative",397,PRELSG_1441100,85471,Plasmodium relictum,Plasmodium relictum,True,IPR005304,family,,397,137,396,CONTINUOUS
A0A1J1J158,18S rRNA (pseudouridine-N1)-methyltransferase,634,CLUMA_CG018012,568069,Clunio marinus,Clunio marinus,True,IPR005304,family,,634,21,237,CONTINUOUS
A0A1J3F3M3,Ribosomal RNA small subunit methyltransferase NEP1,290,LC_TR13003_c0_g1_i1_g.45209,107243,Noccaea caerulescens,Noccaea caerulescens (Alpine penny-cress),True,IPR005304,family,,290,53,289,CONTINUOUS
A0A1J3J7G6,Ribosomal RNA small subunit methyltransferase NEP1,290,MP_TR14108_c0_g1_i1_g.40879,107243,Noccaea caerulescens,Noccaea caerulescens (Alpine penny-cress),True,IPR005304,family,,290,53,289,CONTINUOUS
A0A1J4JHC8,Uncharacterized protein,181,TRFO_36843,1144522,Tritrichomonas foetus,Tritrichomonas foetus,True,IPR005304,family,,181,36,112,CONTINUOUS
A0A1J4JTF6,Suppressor Mra1 superfamily,218,TRFO_07758,1144522,Tritrichomonas foetus,Tritrichomonas foetus,True,IPR005304,family,,218,53,214,CONTINUOUS
A0A1J4MCZ7,MRA1 NEP1 like pre-rRNA adjacent protein,246,cubi_01445,857276,Cryptosporidium ubiquitum,Cryptosporidium ubiquitum,True,IPR005304,family,,246,13,246,CONTINUOUS
A0A1J4MDP8,MRA1 NEP1 like pre-rRNA adjacent protein,240,cubi_01444,857276,Cryptosporidium ubiquitum,Cryptosporidium ubiquitum,True,IPR005304,family,,240,13,238,CONTINUOUS
A0A1J4MW94,Nucleolar essential protein 1,251,cand_015630,117008,Cryptosporidium andersoni,Cryptosporidium andersoni,True,IPR005304,family,,251,19,250,CONTINUOUS
A0A1J4MXC8,NEP1 ribosome biogenesis domain-containing protein,249,cand_015640,117008,Cryptosporidium andersoni,Cryptosporidium andersoni,True,IPR005304,family,,249,17,248,CONTINUOUS
A0A1J6I056,Ribosomal rna small subunit methyltransferase nep1,153,A4A49_29762,49451,Nicotiana attenuata,Nicotiana attenuata (Coyote tobacco),True,IPR005304,family,,153,1,132,CONTINUOUS
A0A1J6ICR3,Ribosomal rna small subunit methyltransferase nep1,276,A4A49_01890,49451,Nicotiana attenuata,Nicotiana attenuata (Coyote tobacco),True,IPR005304,family,,276,36,276,CONTINUOUS
A0A1J6IKS1,Ribosomal rna small subunit methyltransferase nep1,272,A4A49_34417,49451,Nicotiana attenuata,Nicotiana attenuata (Coyote tobacco),True,IPR005304,family,,272,40,251,CONTINUOUS
A0A1J7JGP2,Nep1-domain-containing protein,259,CONLIGDRAFT_656097,1408157,Coniochaeta ligniaria NRRL 30616,Coniochaeta ligniaria NRRL 30616,True,IPR005304,family,,259,33,259,CONTINUOUS
A0A1J8PF93,CRAL-TRIO domain-containing protein,674,AZE42_03678,180088,Rhizopogon vesiculosus,Rhizopogon vesiculosus,True,IPR005304,family,,674,166,375,CONTINUOUS
A0A1J9P0C9,Ribosomal RNA small subunit methyltransferase NEP1,258,AJ78_08915,1447872,Emergomyces pasteurianus Ep9510,Emergomyces pasteurianus Ep9510,True,IPR005304,family,,258,35,258,CONTINUOUS
A0A1J9PG83,Ribosomal RNA small subunit methyltransferase NEP1,258,ACJ73_09031,1658174,Blastomyces percursus,Blastomyces percursus,True,IPR005304,family,,258,35,258,CONTINUOUS
A0A1J9SCA4,Nucleolar essential protein 1,298,BKCO1_5000205,236234,Diplodia corticola,Diplodia corticola,True,IPR005304,family,,298,27,298,CONTINUOUS
A0A1K0GZ47,Related to EMG1 - Protein required for ribosome biogenesis,390,UBRO2_04620,307758,Ustilago bromivora,Ustilago bromivora,True,IPR005304,family,,390,136,389,CONTINUOUS
A0A1L0B1A5,Ribosomal RNA small subunit methyltransferase NEP1,265,HGUI_01764,56406,Hanseniaspora guilliermondii,Hanseniaspora guilliermondii,True,IPR005304,family,,265,11,265,CONTINUOUS
A0A1L0DPN1,Ribosomal RNA small subunit methyltransferase NEP1,255,SAMEA4029009_CIC11G00000002823,45354,Sungouiella intermedia,Sungouiella intermedia,True,IPR005304,family,,255,13,255,CONTINUOUS
A0A1L7SW10,Probable nucleolar essential protein 1,259,FMAN_06084,192010,Fusarium mangiferae,Fusarium mangiferae (Mango malformation disease fungus),True,IPR005304,family,,259,37,259,CONTINUOUS
A0A1L7VCK9,Probable nucleolar essential protein 1,259,FPRO_06360,1227346,Fusarium proliferatum (strain ET1),Fusarium proliferatum (strain ET1) (Orchid endophyte fungus),True,IPR005304,family,,259,37,259,CONTINUOUS
A0A1L7WYI8,Nucleolar essential protein 1,249,PAC_07718,576137,Phialocephala subalpina,Phialocephala subalpina,True,IPR005304,family,,249,25,249,CONTINUOUS
A0A1L8DRI2,18S rRNA (pseudouridine-N1)-methyltransferase,189,,330878,Nyssomyia neivai,Nyssomyia neivai,False,IPR005304,family,,189,17,188,CONTINUOUS
A0A1L8DS97,18S rRNA (pseudouridine-N1)-methyltransferase,242,,330878,Nyssomyia neivai,Nyssomyia neivai,True,IPR005304,family,,242,19,241,CONTINUOUS
A0A1L8FDV1,18S rRNA (pseudouridine(1248)-N1)-methyltransferase,234,emg1.S,8355,Xenopus laevis,Xenopus laevis (African clawed frog),True,IPR005304,family,,234,15,233,CONTINUOUS
A0A1L8FIF7,18S rRNA (pseudouridine(1248)-N1)-methyltransferase,234,emg1.L,8355,Xenopus laevis,Xenopus laevis (African clawed frog),True,IPR005304,family,,234,23,233,CONTINUOUS
A0A1L9N281,Ribosomal RNA small subunit methyltransferase NEP1,259,ASPTUDRAFT_31402,767770,Aspergillus tubingensis (strain CBS 134.48),Aspergillus tubingensis (strain CBS 134.48),True,IPR005304,family,,259,33,259,CONTINUOUS
A0A1L9PGN6,Ribosomal RNA small subunit methyltransferase NEP1,260,ASPVEDRAFT_128496,1036611,Aspergillus versicolor CBS 583.65,Aspergillus versicolor CBS 583.65,True,IPR005304,family,,260,37,260,CONTINUOUS
A0A1L9RH41,Ribosomal RNA small subunit methyltransferase NEP1,260,ASPWEDRAFT_568392,1073089,Aspergillus wentii DTO 134E9,Aspergillus wentii DTO 134E9,True,IPR005304,family,,260,37,260,CONTINUOUS
A0A1L9S8B1,Ribosomal RNA small subunit methyltransferase NEP1,260,ASPZODRAFT_136245,1073090,Penicilliopsis zonata CBS 506.65,Penicilliopsis zonata CBS 506.65,True,IPR005304,family,,260,33,260,CONTINUOUS
A0A1L9TPL2,Ribosomal RNA small subunit methyltransferase NEP1,260,ASPSYDRAFT_29843,1036612,Aspergillus sydowii CBS 593.65,Aspergillus sydowii CBS 593.65,True,IPR005304,family,,260,37,260,CONTINUOUS
A0A1L9V331,Ribosomal RNA small subunit methyltransferase NEP1,259,ASPBRDRAFT_51089,767769,Aspergillus brasiliensis (strain CBS 101740 / IMI 381727 / IBT 21946),Aspergillus brasiliensis (strain CBS 101740 / IMI 381727 / IBT 21946),True,IPR005304,family,,259,33,259,CONTINUOUS
A0A1L9VJW4,Ribosomal RNA small subunit methyltransferase NEP1,253,ASPGLDRAFT_35442,1160497,Aspergillus glaucus CBS 516.65,Aspergillus glaucus CBS 516.65,True,IPR005304,family,,253,30,253,CONTINUOUS
A0A1L9WWZ6,Ribosomal RNA small subunit methyltransferase NEP1,254,ASPACDRAFT_27064,690307,Aspergillus aculeatus (strain ATCC 16872 / CBS 172.66 / WB 5094),Aspergillus aculeatus (strain ATCC 16872 / CBS 172.66 / WB 5094),True,IPR005304,family,,254,32,254,CONTINUOUS
A0A1M2W0Z6,Ribosomal RNA small subunit methyltransferase NEP1,389,TRAPUB_9920,154538,Trametes pubescens,Trametes pubescens (White-rot fungus),True,IPR005304,family,,389,139,389,CONTINUOUS
A0A1M3TX63,Ribosomal RNA small subunit methyltransferase NEP1,259,ASPFODRAFT_453425,1137211,Aspergillus luchuensis (strain CBS 106.47),Aspergillus luchuensis (strain CBS 106.47),True,IPR005304,family,,259,33,259,CONTINUOUS
A0A1N5TYC0,Ribosomal RNA small subunit methyltransferase Nep1,222,nep1,1673428,Cuniculiplasma divulgatum,Cuniculiplasma divulgatum,True,IPR005304,family,,222,2,216,CONTINUOUS
A0A1Q2YBW8,Ribosomal RNA small subunit methyltransferase NEP1,257,PMKS-000462,4926,Pichia membranifaciens,Pichia membranifaciens,True,IPR005304,family,,257,16,257,CONTINUOUS
A0A1Q2ZYK8,Ribosomal RNA small subunit methyltransferase NEP1,252,ZYGR_0K00420,4956,Zygosaccharomyces rouxii,Zygosaccharomyces rouxii,True,IPR005304,family,,252,16,252,CONTINUOUS
A0A1Q3CAU0,EMG1 domain-containing protein,293,CFOL_v3_20830,3775,Cephalotus follicularis,Cephalotus follicularis (Albany pitcher plant),True,IPR005304,family,,293,55,293,CONTINUOUS
A0A1Q3EJZ0,Nucleolar essential protein 1,291,LENED_009493,5353,Lentinula edodes,Lentinula edodes (Shiitake mushroom),True,IPR005304,family,,291,55,290,CONTINUOUS
A0A1Q3EZJ1,18S rRNA (pseudouridine-N1)-methyltransferase,239,,7177,Culex tarsalis,Culex tarsalis (Encephalitis mosquito),True,IPR005304,family,,239,9,239,CONTINUOUS
A0A1Q5QAV5,Ribosomal RNA small subunit methyltransferase NEP1,262,UA08_02024,1441469,Talaromyces atroroseus,Talaromyces atroroseus,True,IPR005304,family,,262,41,262,CONTINUOUS
A0A1Q5UGD7,Ribosomal RNA small subunit methyltransferase NEP1,328,PENSUB_3026,1316194,Penicillium subrubescens,Penicillium subrubescens,True,IPR005304,family,,328,48,328,CONTINUOUS
A0A1Q8RU20,Ribosomal RNA small subunit methyltransferase NEP1,281,CCHL11_05746,708187,Colletotrichum chlorophyti,Colletotrichum chlorophyti,True,IPR005304,family,,281,36,280,CONTINUOUS
A0A1Q9CFV1,PDZ domain-containing protein,2054,AK812_SmicGene37609,2951,Symbiodinium microadriaticum,Symbiodinium microadriaticum (Dinoflagellate),False,IPR005304,family,,2054,591,702,CONTINUOUS
A0A1Q9EDV6,Arf-GAP domain-containing protein,437,AK812_SmicGene11245,2951,Symbiodinium microadriaticum,Symbiodinium microadriaticum (Dinoflagellate),True,IPR005304,family,,437,197,437,CONTINUOUS
A0A1R0H3G8,Ribosomal RNA small subunit methyltransferase mra1,375,AYI68_g2185,133383,Smittium mucronatum,Smittium mucronatum,True,IPR005304,family,,375,88,375,CONTINUOUS
A0A1R1PXN1,Ribosomal RNA small subunit methyltransferase mra1,169,AX774_g692,1213189,Zancudomyces culisetae,Zancudomyces culisetae (Gut fungus),True,IPR005304,family,,169,41,139,CONTINUOUS
A0A1R1YCM5,Ribosomal RNA small subunit methyltransferase mra1,356,AYI70_g1441,133412,Smittium culicis,Smittium culicis,True,IPR005304,family,,356,87,356,CONTINUOUS
A0A1R1YSV1,Ribosomal RNA small subunit methyltransferase mra1,356,AYI69_g519,133412,Smittium culicis,Smittium culicis,True,IPR005304,family,,356,87,356,CONTINUOUS
A0A1R2BB71,Ribosomal RNA small subunit methyltransferase NEP1,222,SteCoe_27365,5963,Stentor coeruleus,Stentor coeruleus,True,IPR005304,family,,222,2,221,CONTINUOUS
A0A1R3GI99,"Ribosomal biogenesis, methyltransferase, EMG1/NEP1",271,COLO4_35076,93759,Corchorus olitorius,Corchorus olitorius,True,IPR005304,family,,271,42,270,CONTINUOUS
A0A1R3IET3,"Ribosomal biogenesis, methyltransferase, EMG1/NEP1",286,CCACVL1_12612,210143,Corchorus capsularis,Corchorus capsularis (Jute),True,IPR005304,family,,286,45,286,CONTINUOUS
A0A1R3RVP4,Ribosomal RNA small subunit methyltransferase NEP1,259,ASPCADRAFT_204289,602072,Aspergillus carbonarius (strain ITEM 5010),Aspergillus carbonarius (strain ITEM 5010),True,IPR005304,family,,259,33,259,CONTINUOUS
A0A1R4A6K3,Ribosomal RNA small subunit methyltransferase Nep1,222,nep1,1673428,Cuniculiplasma divulgatum,Cuniculiplasma divulgatum,True,IPR005304,family,,222,2,216,CONTINUOUS
A0A1S2Y2K9,Ribosomal RNA small subunit methyltransferase NEP1-like,301,LOC101499888,3827,Cicer arietinum,Cicer arietinum (Chickpea),True,IPR005304,family,,301,65,301,CONTINUOUS
A0A1S3ALM2,18S rRNA (pseudouridine(1248)-N1)-methyltransferase,244,EMG1,9365,Erinaceus europaeus,Erinaceus europaeus (Western European hedgehog),True,IPR005304,family,,244,12,243,CONTINUOUS
A0A1S3B7L0,Ribosomal RNA small subunit methyltransferase NEP1,275,LOC103486891,3656,Cucumis melo,Cucumis melo (Muskmelon),True,IPR005304,family,,275,26,274,CONTINUOUS
A0A1S3BLD0,Ribosomal RNA small subunit methyltransferase NEP1,257,LOC103490911,3656,Cucumis melo,Cucumis melo (Muskmelon),True,IPR005304,family,,257,45,256,CONTINUOUS
A0A1S3D3H9,18S rRNA (pseudouridine-N1)-methyltransferase,233,LOC103510565,121845,Diaphorina citri,Diaphorina citri (Asian citrus psyllid),True,IPR005304,family,,233,22,232,CONTINUOUS
A0A1S3JRF5,Ribosomal RNA small subunit methyltransferase NEP1,229,LOC106175213,7574,Lingula anatina,Lingula anatina (Brachiopod),True,IPR005304,family,,229,14,228,CONTINUOUS
A0A1S3MXZ2,Ribosomal RNA small subunit methyltransferase NEP1,262,LOC106575899,8030,Salmo salar,Salmo salar (Atlantic salmon),True,IPR005304,family,,262,37,262,CONTINUOUS
A0A1S3MYC5,Ribosomal RNA small subunit methyltransferase NEP1,270,LOC106575899,8030,Salmo salar,Salmo salar (Atlantic salmon),True,IPR005304,family,,270,37,225,CONTINUOUS
A0A1S3N1X9,18S rRNA (pseudouridine(1248)-N1)-methyltransferase,238,emg1,8030,Salmo salar,Salmo salar (Atlantic salmon),True,IPR005304,family,,238,11,238,CONTINUOUS
A0A1S3TJJ8,Ribosomal RNA small subunit methyltransferase nep-1,278,LOC106756151,3916,Vigna radiata var. radiata,Vigna radiata var. radiata (Mung bean),True,IPR005304,family,,278,20,278,CONTINUOUS
A0A1S3XR52,Ribosomal RNA small subunit methyltransferase NEP1,276,LOC107767617,4097,Nicotiana tabacum,Nicotiana tabacum (Common tobacco),True,IPR005304,family,,276,39,276,CONTINUOUS
A0A1S3XVX4,Ribosomal RNA small subunit methyltransferase NEP1-like,194,LOC107769397,4097,Nicotiana tabacum,Nicotiana tabacum (Common tobacco),True,IPR005304,family,,194,47,180,CONTINUOUS
A0A1S3XW39,Ribosomal RNA small subunit methyltransferase NEP1-like isoform X2,146,LOC107769397,4097,Nicotiana tabacum,Nicotiana tabacum (Common tobacco),True,IPR005304,family,,146,1,132,CONTINUOUS
A0A1S4BDC9,Ribosomal RNA small subunit methyltransferase NEP1,272,LOC107807130,4097,Nicotiana tabacum,Nicotiana tabacum (Common tobacco),True,IPR005304,family,,272,32,272,CONTINUOUS
A0A1S4BHW6,Ribosomal RNA small subunit methyltransferase NEP1,277,LOC107808458,4097,Nicotiana tabacum,Nicotiana tabacum (Common tobacco),True,IPR005304,family,,277,39,274,CONTINUOUS
A0A1S4BHX1,Ribosomal RNA small subunit methyltransferase NEP1-like,273,LOC107808457,4097,Nicotiana tabacum,Nicotiana tabacum (Common tobacco),True,IPR005304,family,,273,36,273,CONTINUOUS
A0A1S4F0Q1,18S rRNA (pseudouridine-N1)-methyltransferase,238,AaeL_AAEL002108,7159,Aedes aegypti,Aedes aegypti (Yellowfever mosquito),True,IPR005304,family,,238,1,238,CONTINUOUS
A0A1S4KNJ8,Ribosomal RNA small subunit methyltransferase NEP1,238,8024065,6945,Ixodes scapularis,Ixodes scapularis (Black-legged tick),False,IPR005304,family,,238,15,237,CONTINUOUS
A0A1S8BEX0,Ribosomal RNA small subunit methyltransferase NEP1,176,BK809_0002231,420778,Diplodia seriata,Diplodia seriata,True,IPR005304,family,,176,1,176,CONTINUOUS
A0A1S8WJS1,Nep1 ribosome biogenesis protein,238,X801_09510,6198,Opisthorchis viverrini,Opisthorchis viverrini (Southeast Asian liver fluke),True,IPR005304,family,,238,11,228,CONTINUOUS
A0A1S9DIH4,Suppressor Mra1 family protein,262,Aory04_000892500,5062,Aspergillus oryzae,Aspergillus oryzae (Yellow koji mold),True,IPR005304,family,,262,39,262,CONTINUOUS
A0A1S9RYZ5,Ribosomal RNA small subunit methyltransferase NEP1,332,EMG1,104259,Penicillium brasilianum,Penicillium brasilianum,True,IPR005304,family,,332,107,332,CONTINUOUS
A0A1T3C9F8,Emg1p,261,A0O28_0100210,1491466,Trichoderma guizhouense,Trichoderma guizhouense,True,IPR005304,family,,261,36,261,CONTINUOUS
A0A1U7LP78,Ribosomal RNA small subunit methyltransferase NEP1,244,NEOLI_004167,1198029,Neolecta irregularis (strain DAH-3),Neolecta irregularis (strain DAH-3),True,IPR005304,family,,244,18,244,CONTINUOUS
A0A1U7QEQ5,18S rRNA (pseudouridine(1248)-N1)-methyltransferase,244,Emg1,10036,Mesocricetus auratus,Mesocricetus auratus (Golden hamster),True,IPR005304,family,,244,12,243,CONTINUOUS
A0A1U7SMD7,18S rRNA (pseudouridine(1248)-N1)-methyltransferase,151,EMG1,1868482,Carlito syrichta,Carlito syrichta (Philippine tarsier),True,IPR005304,family,,151,1,151,CONTINUOUS
A0A1U7UZG9,LOW QUALITY PROTEIN: ribosomal RNA small subunit methyltransferase NEP1-like,210,LOC104210861,4096,Nicotiana sylvestris,Nicotiana sylvestris (Wood tobacco),False,IPR005304,family,,210,9,210,CONTINUOUS
A0A1U7VA74,Ribosomal RNA small subunit methyltransferase NEP1-like,276,LOC104215215,4096,Nicotiana sylvestris,Nicotiana sylvestris (Wood tobacco),True,IPR005304,family,,276,39,276,CONTINUOUS
A0A1U7WYI0,Ribosomal RNA small subunit methyltransferase NEP1-like,272,LOC104228511,4096,Nicotiana sylvestris,Nicotiana sylvestris (Wood tobacco),True,IPR005304,family,,272,32,272,CONTINUOUS
A0A1U8AIP8,Ribosomal RNA small subunit methyltransferase nep-1,296,LOC104600899,4432,Nelumbo nucifera,Nelumbo nucifera (Sacred lotus),True,IPR005304,family,,296,54,296,CONTINUOUS
A0A1U8N7Y4,Ribosomal RNA small subunit methyltransferase nep-1-like,288,LOC107945652,3635,Gossypium hirsutum,Gossypium hirsutum (Upland cotton),True,IPR005304,family,,288,34,288,CONTINUOUS
A0A1U8NGJ9,Ribosomal RNA small subunit methyltransferase NEP1-like,289,LOC107948147,3635,Gossypium hirsutum,Gossypium hirsutum (Upland cotton),True,IPR005304,family,,289,34,289,CONTINUOUS
A0A1V0N230,Ribosomal RNA small subunit methyltransferase Nep1,222,nep1,74969,Ferroplasma acidiphilum,Ferroplasma acidiphilum,True,IPR005304,family,,222,2,215,CONTINUOUS
A0A1V4JC31,18S rRNA (pseudouridine(1248)-N1)-methyltransferase,235,EMG1,372326,Patagioenas fasciata monilis,Patagioenas fasciata monilis,True,IPR005304,family,,235,14,234,CONTINUOUS
A0A1V6NWS3,Ribosomal RNA small subunit methyltransferase NEP1,259,PENPOL_c002G09991,60169,Penicillium polonicum,Penicillium polonicum,True,IPR005304,family,,259,17,259,CONTINUOUS
A0A1V6PJN0,Ribosomal RNA small subunit methyltransferase NEP1,257,PENDEC_c003G01834,69771,Penicillium decumbens,Penicillium decumbens,True,IPR005304,family,,257,34,257,CONTINUOUS
A0A1V6PVB1,Ribosomal RNA small subunit methyltransferase NEP1,259,PENANT_c031G10489,416450,Penicillium antarcticum,Penicillium antarcticum,True,IPR005304,family,,259,32,259,CONTINUOUS
A0A1V6QQS8,Ribosomal RNA small subunit methyltransferase NEP1,259,PENSOL_c051G08938,60172,Penicillium solitum,Penicillium solitum,True,IPR005304,family,,259,17,259,CONTINUOUS
A0A1V6RG30,Ribosomal RNA small subunit methyltransferase NEP1,259,PENVUL_c046G01554,29845,Penicillium vulpinum,Penicillium vulpinum,True,IPR005304,family,,259,16,259,CONTINUOUS
A0A1V6SS49,Ribosomal RNA small subunit methyltransferase NEP1,252,PENFLA_c026G06434,254877,Penicillium flavigenum,Penicillium flavigenum,True,IPR005304,family,,252,30,252,CONTINUOUS
A0A1V6TVE4,Ribosomal RNA small subunit methyltransferase NEP1,282,PENSTE_c002G09408,303698,Penicillium steckii,Penicillium steckii,True,IPR005304,family,,282,62,282,CONTINUOUS
A0A1V6UFD0,Ribosomal RNA small subunit methyltransferase NEP1,259,PENCOP_c010G00570,36646,Penicillium coprophilum,Penicillium coprophilum,True,IPR005304,family,,259,17,259,CONTINUOUS
A0A1V6XUF1,Ribosomal RNA small subunit methyltransferase NEP1,259,PENNAL_c0054G11659,60175,Penicillium nalgiovense,Penicillium nalgiovense,True,IPR005304,family,,259,17,259,CONTINUOUS
A0A1V8SIM4,Ribosomal RNA small subunit methyltransferase NEP1,290,B0A48_15156,1507870,Cryoendolithus antarcticus,Cryoendolithus antarcticus,True,IPR005304,family,,290,64,290,CONTINUOUS
A0A1V8TMH4,Ribosomal RNA small subunit methyltransferase NEP1,290,B0A48_03156,1507870,Cryoendolithus antarcticus,Cryoendolithus antarcticus,True,IPR005304,family,,290,63,290,CONTINUOUS
A0A1V9XD68,18S rRNA (pseudouridine-N1)-methyltransferase,240,BIW11_01516,418985,Tropilaelaps mercedesae,Tropilaelaps mercedesae,True,IPR005304,family,,240,9,240,CONTINUOUS
A0A1V9YWP9,Peptidase,811,THRCLA_09429,74557,Thraustotheca clavata,Thraustotheca clavata,True,IPR005304,family,,811,12,200,CONTINUOUS
A0A1V9Z5C1,Ribosome biogenesis protein NEP1,216,ACHHYP_02809,1202772,Achlya hypogyna,Achlya hypogyna (Oomycete),True,IPR005304,family,,216,5,216,CONTINUOUS
A0A1W2TN88,Putative essential for mitotic growth 1,264,SAMD00023353_4100800,77044,Rosellinia necatrix,Rosellinia necatrix (White root-rot fungus),True,IPR005304,family,,264,37,264,CONTINUOUS
A0A1W4X6W9,18S rRNA (pseudouridine-N1)-methyltransferase,237,LOC108738995,224129,Agrilus planipennis,Agrilus planipennis (Emerald ash borer),True,IPR005304,family,,237,1,237,CONTINUOUS
A0A1W5D1V5,Rna processing protein,258,,136370,Lasallia pustulata,Lasallia pustulata,True,IPR005304,family,,258,35,258,CONTINUOUS
A0A1W6JXT7,Ribosomal RNA small subunit methyltransferase Nep1,211,nep1,282676,Acidianus manzaensis,Acidianus manzaensis,True,IPR005304,family,,211,2,208,CONTINUOUS
A0A1W7RFD8,18S rRNA (pseudouridine(1248)-N1)-methyltransferase,233,,8713,Agkistrodon contortrix contortrix,Agkistrodon contortrix contortrix (Southern copperhead),True,IPR005304,family,,233,25,232,CONTINUOUS
A0A1X0NR30,EMG1/NEP1 methyltransferase,269,TM35_000231180,67003,Trypanosoma theileri,Trypanosoma theileri,True,IPR005304,family,,269,40,254,CONTINUOUS
A0A1X0NZ96,EMG1/NEP1 methyltransferase,300,TM35_000101360,67003,Trypanosoma theileri,Trypanosoma theileri,True,IPR005304,family,,300,9,292,CONTINUOUS
A0A1X0QMT4,Nep1-domain-containing protein,235,BCV72DRAFT_85496,86635,Rhizopus microsporus var. microsporus,Rhizopus microsporus var. microsporus,True,IPR005304,family,,235,10,235,CONTINUOUS
A0A1X0RBL6,Nep1-domain-containing protein,259,BCV72DRAFT_201736,86635,Rhizopus microsporus var. microsporus,Rhizopus microsporus var. microsporus,True,IPR005304,family,,259,4,259,CONTINUOUS
A0A1X0SEC9,Nep1-domain-containing protein,259,BCV71DRAFT_285004,58291,Rhizopus microsporus,Rhizopus microsporus,True,IPR005304,family,,259,4,259,CONTINUOUS
A0A1X2GG08,Nep1-domain-containing protein,259,DM01DRAFT_1336644,101127,Hesseltinella vesiculosa,Hesseltinella vesiculosa,True,IPR005304,family,,259,14,259,CONTINUOUS
A0A1X2GL33,Nep1-domain-containing protein,251,DM01DRAFT_1320577,101127,Hesseltinella vesiculosa,Hesseltinella vesiculosa,True,IPR005304,family,,251,26,251,CONTINUOUS
A0A1X2HE01,Alpha/beta knot methyltransferase,231,BCR43DRAFT_489376,13706,Syncephalastrum racemosum,Syncephalastrum racemosum (Filamentous fungus),True,IPR005304,family,,231,13,231,CONTINUOUS
A0A1X2HFC4,Alpha/beta knot methyltransferase,261,BCR43DRAFT_563026,13706,Syncephalastrum racemosum,Syncephalastrum racemosum (Filamentous fungus),True,IPR005304,family,,261,9,261,CONTINUOUS
A0A1X2IJY8,Alpha/beta knot methyltransferase,233,BCR42DRAFT_412671,90262,Absidia repens,Absidia repens,True,IPR005304,family,,233,16,232,CONTINUOUS
A0A1X2IL90,Alpha/beta knot methyltransferase,233,BCR42DRAFT_348992,90262,Absidia repens,Absidia repens,True,IPR005304,family,,233,18,232,CONTINUOUS
A0A1X2IV75,Alpha/beta knot methyltransferase,267,BCR42DRAFT_366383,90262,Absidia repens,Absidia repens,True,IPR005304,family,,267,18,267,CONTINUOUS
A0A1X6MWR7,Ribosomal RNA small subunit methyltransferase NEP1,351,POSPLADRAFT_1075210,670580,Postia placenta MAD-698-R-SB12,Postia placenta MAD-698-R-SB12,True,IPR005304,family,,351,86,351,CONTINUOUS
A0A1X6NRB7,Ribosomal RNA small subunit methyltransferase NEP1,399,BU14_0626s0011,2786,Porphyra umbilicalis,Porphyra umbilicalis (Purple laver),True,IPR005304,family,,399,164,395,CONTINUOUS
A0A1X7R2Z2,Ribosomal RNA small subunit methyltransferase NEP1,251,KASA_0O04587G,1789683,Maudiozyma saulgeensis,Maudiozyma saulgeensis,True,IPR005304,family,,251,18,251,CONTINUOUS
A0A1X7S6I7,Ribosomal RNA small subunit methyltransferase NEP1,297,ZT3D7_G10390,1276538,Zymoseptoria tritici (strain ST99CH_3D7),Zymoseptoria tritici (strain ST99CH_3D7),True,IPR005304,family,,297,74,297,CONTINUOUS
A0A1X7VND0,Ribosomal RNA small subunit methyltransferase NEP1,131,,400682,Amphimedon queenslandica,Amphimedon queenslandica (Sponge),True,IPR005304,family,,131,4,129,CONTINUOUS
A0A1Y1IRS7,Essential for mitotic growth 1,239,KFL_009470020,105231,Klebsormidium nitens,Klebsormidium nitens (Green alga),True,IPR005304,family,,239,29,239,CONTINUOUS
A0A1Y1JBR7,Ribosomal RNA small subunit methyltransferase NEP1,230,PGO_051000,77519,Plasmodium gonderi,Plasmodium gonderi,True,IPR005304,family,,230,13,229,CONTINUOUS
A0A1Y1JMC9,Small subunit rRNA processing factor,432,PGO_144290,77519,Plasmodium gonderi,Plasmodium gonderi,True,IPR005304,family,,432,171,431,CONTINUOUS
A0A1Y1LLY3,18S rRNA (pseudouridine-N1)-methyltransferase,237,PPYR_04200,7054,Photinus pyralis,Photinus pyralis (Common eastern firefly),True,IPR005304,family,,237,3,237,CONTINUOUS
A0A1Y1NB86,18S rRNA (pseudouridine-N1)-methyltransferase,261,,7054,Photinus pyralis,Photinus pyralis (Common eastern firefly),True,IPR005304,family,,261,36,261,CONTINUOUS
A0A1Y1U7K9,Alpha/beta knot methyltransferase,336,BD324DRAFT_584191,4999,Kockovaella imperatae,Kockovaella imperatae,True,IPR005304,family,,336,86,336,CONTINUOUS
A0A1Y1VER4,Nep1-domain-containing protein,219,BCR36DRAFT_410801,1754191,Piromyces finnis,Piromyces finnis,True,IPR005304,family,,219,3,219,CONTINUOUS
A0A1Y1W3J0,Nep1-domain-containing protein,248,DL89DRAFT_225484,61395,Linderina pennispora,Linderina pennispora,True,IPR005304,family,,248,11,248,CONTINUOUS
A0A1Y1X071,Nep1-domain-containing protein,222,BCR32DRAFT_294589,1754192,Anaeromyces robustus,Anaeromyces robustus,True,IPR005304,family,,222,5,222,CONTINUOUS
A0A1Y1ZAZ5,Nep1-domain-containing protein,242,K493DRAFT_332724,1314790,Basidiobolus meristosporus CBS 931.73,Basidiobolus meristosporus CBS 931.73,True,IPR005304,family,,242,13,242,CONTINUOUS
A0A1Y1ZP74,Nucleolar essential protein-like protein 1,263,BCR34DRAFT_587508,1231657,Clohesyomyces aquaticus,Clohesyomyces aquaticus,True,IPR005304,family,,263,39,263,CONTINUOUS
A0A1Y2AGL3,Alpha/beta knot methyltransferase,397,BCR39DRAFT_64749,71784,Naematelia encephala,Naematelia encephala,True,IPR005304,family,,397,148,371,CONTINUOUS
A0A1Y2CXP1,Nep1-domain-containing protein,234,BCR33DRAFT_752968,329046,Rhizoclosmatium globosum,Rhizoclosmatium globosum,True,IPR005304,family,,234,12,234,CONTINUOUS
A0A1Y2E682,Alpha/beta knot methyltransferase,264,BCR38DRAFT_336668,1141098,Pseudomassariella vexata,Pseudomassariella vexata,True,IPR005304,family,,264,39,264,CONTINUOUS
A0A1Y2F2Y7,Alpha/beta knot methyltransferase,211,BCR37DRAFT_350689,2754530,Protomyces lactucae-debilis,Protomyces lactucae-debilis,True,IPR005304,family,,211,1,210,CONTINUOUS
A0A1Y2FX31,Nep1-domain-containing protein,207,LY90DRAFT_696653,1754190,Neocallimastix californiae,Neocallimastix californiae,True,IPR005304,family,,207,13,207,CONTINUOUS
A0A1Y2G2A2,Alpha/beta knot methyltransferase,296,BCR35DRAFT_286448,106004,Leucosporidium creatinivorum,Leucosporidium creatinivorum,True,IPR005304,family,,296,48,295,CONTINUOUS
A0A1Y2GX15,Alpha/beta knot methyltransferase,239,BCR41DRAFT_347964,64571,Lobosporangium transversale,Lobosporangium transversale,True,IPR005304,family,,239,11,239,CONTINUOUS
A0A1Y2I452,Alpha/beta knot methyltransferase,238,BCR44DRAFT_1385406,765915,Catenaria anguillulae PL171,Catenaria anguillulae PL171,True,IPR005304,family,,238,10,238,CONTINUOUS
A0A1Y2ILH3,Nep1-domain-containing protein,255,PYCCODRAFT_1368441,1353009,Trametes coccinea (strain BRFM310),Trametes coccinea (strain BRFM310),True,IPR005304,family,,255,10,255,CONTINUOUS
A0A1Y2LRT4,Ribosomal RNA small subunit methyltransferase NEP1,274,B5807_08613,105696,Epicoccum nigrum,Epicoccum nigrum (Soil fungus),True,IPR005304,family,,274,29,273,CONTINUOUS
A0A1Y3BGN1,18S rRNA (pseudouridine-N1)-methyltransferase,288,BLA29_003272,6958,Euroglyphus maynei,Euroglyphus maynei (Mayne's house dust mite),True,IPR005304,family,,288,58,287,CONTINUOUS
A0A1Y3DIA8,Putative Ribosome biogenesis protein,471,PKNOH_S140262900,5850,Plasmodium knowlesi,Plasmodium knowlesi,True,IPR005304,family,,471,229,470,CONTINUOUS
A0A1Y3DWW2,Putative Ribosomal RNA small subunit methyltransferase NEP1,231,NEP1,5850,Plasmodium knowlesi,Plasmodium knowlesi,True,IPR005304,family,,231,12,226,CONTINUOUS
A0A1Y3EC12,18S rRNA (pseudouridine-N1)-methyltransferase,151,D917_03591,6335,Trichinella nativa,Trichinella nativa,True,IPR005304,family,,151,1,150,CONTINUOUS
A0A1Y6LWZ4,Ribosomal RNA small subunit methyltransferase NEP1,297,ZT1A5_G10352,1276529,Zymoseptoria tritici ST99CH_1A5,Zymoseptoria tritici ST99CH_1A5,True,IPR005304,family,,297,74,297,CONTINUOUS
A0A1Z5JI76,rRNA small subunit pseudouridine methyltransferase Nep1,274,FisN_14Lh353,1519565,Fistulifera solaris,Fistulifera solaris (Oleaginous diatom),True,IPR005304,family,,274,52,274,CONTINUOUS
A0A1Z5KB49,rRNA small subunit pseudouridine methyltransferase Nep1,275,FisN_14Hh353,1519565,Fistulifera solaris,Fistulifera solaris (Oleaginous diatom),True,IPR005304,family,,275,37,275,CONTINUOUS
A0A1Z5L6I2,18S rRNA (pseudouridine-N1)-methyltransferase,173,,6938,Ornithodoros moubata,Ornithodoros moubata (Soft tick),True,IPR005304,family,,173,1,172,CONTINUOUS
A0A1Z5T7J7,Ribosomal RNA small subunit methyltransferase NEP1,237,BTJ68_00016,1157616,Hortaea werneckii EXF-2000,Hortaea werneckii EXF-2000,True,IPR005304,family,,237,11,237,CONTINUOUS
A0A200Q3L7,Ribosomal biogenesis,286,BVC80_1211g137,56857,Macleaya cordata,Macleaya cordata (Five-seeded plume-poppy),True,IPR005304,family,,286,31,286,CONTINUOUS
A0A210PWW6,Ribosomal RNA small subunit methyltransferase NEP1,229,KP79_PYT15983,6573,Mizuhopecten yessoensis,Mizuhopecten yessoensis (Japanese scallop),True,IPR005304,family,,229,14,228,CONTINUOUS
A0A212CCT6,18S rRNA (pseudouridine(1248)-N1)-methyltransferase,173,Celaphus_00013936,46360,Cervus elaphus hippelaphus,Cervus elaphus hippelaphus (European red deer),True,IPR005304,family,,173,1,172,CONTINUOUS
A0A212F0X4,18S rRNA (pseudouridine-N1)-methyltransferase,236,KGM_213085,278856,Danaus plexippus plexippus,Danaus plexippus plexippus,True,IPR005304,family,,236,4,235,CONTINUOUS
A0A218P4W4,Ribosomal RNA small subunit methyltransferase Nep1,219,nep1,1293037,Thermococcus celer Vu 13 = JCM 8558,Thermococcus celer Vu 13 = JCM 8558,True,IPR005304,family,,219,2,217,CONTINUOUS
A0A218P7V2,Ribosomal RNA small subunit methyltransferase Nep1,219,nep1,71998,Thermococcus pacificus,Thermococcus pacificus,True,IPR005304,family,,219,2,216,CONTINUOUS
A0A218VDD5,18S rRNA (pseudouridine(1248)-N1)-methyltransferase,236,EMG1,40157,Lonchura striata,Lonchura striata (white-rumped munia),True,IPR005304,family,,236,15,235,CONTINUOUS
A0A218X3I8,Ribosomal RNA small subunit methyltransferase nep-1,287,LOC116195634,22663,Punica granatum,Punica granatum (Pomegranate),True,IPR005304,family,,287,41,283,CONTINUOUS
A0A218ZIY5,Nucleolar essential protein,249,B2J93_3042,2795749,Diplocarpon coronariae,Diplocarpon coronariae,True,IPR005304,family,,249,25,249,CONTINUOUS
A0A224XQR8,18S rRNA (pseudouridine-N1)-methyltransferase,181,,156445,Panstrongylus lignarius,Panstrongylus lignarius,True,IPR005304,family,,181,5,181,CONTINUOUS
A0A224Z790,18S rRNA (pseudouridine-N1)-methyltransferase,234,,60191,Rhipicephalus zambeziensis,Rhipicephalus zambeziensis,True,IPR005304,family,,234,16,233,CONTINUOUS
A0A225WHS5,Ribosome biogenesis protein NEP1,222,PHMEG_0009622,4795,Phytophthora megakarya,Phytophthora megakarya,True,IPR005304,family,,222,5,222,CONTINUOUS
A0A226MZP0,18S rRNA (pseudouridine(1248)-N1)-methyltransferase,232,ASZ78_000760,9009,Callipepla squamata,Callipepla squamata (Scaled quail),True,IPR005304,family,,232,23,232,CONTINUOUS
A0A229XPX7,18S rRNA pseudouridine methyltransferase,254,EMG1,1245748,Aspergillus turcosus,Aspergillus turcosus,True,IPR005304,family,,254,31,254,CONTINUOUS
A0A229Y0E8,RNA processing protein Emg1,254,EMG1,746128,Aspergillus fumigatus,Aspergillus fumigatus,True,IPR005304,family,,254,31,254,CONTINUOUS
A0A232EM43,18S rRNA (pseudouridine-N1)-methyltransferase,757,TSAR_009386,543379,Trichomalopsis sarcophagae,Trichomalopsis sarcophagae,True,IPR005304,family,,757,524,757,CONTINUOUS
A0A232LW34,Ribosomal RNA small subunit methyltransferase NEP1,253,Egran_03909,519963,Elaphomyces granulatus,Elaphomyces granulatus,True,IPR005304,family,,253,32,253,CONTINUOUS
A0A238FAJ2,Nep1-domain-containing protein,330,BQ2448_3632,269621,Microbotryum intermedium,Microbotryum intermedium,True,IPR005304,family,,330,74,329,CONTINUOUS
A0A250XHZ7,Ribosomal RNA small subunit methyltransferase NEP1,243,CEUSTIGMA_g10124.t1,1157962,Chlamydomonas eustigma,Chlamydomonas eustigma,True,IPR005304,family,,243,25,243,CONTINUOUS
A0A250YDB2,18S rRNA (pseudouridine(1248)-N1)-methyltransferase,244,EMG1,51338,Castor canadensis,Castor canadensis (American beaver),True,IPR005304,family,,244,13,244,CONTINUOUS
A0A251RJ35,tRNA/rRNA methyltransferase SpoU type domain-containing protein,198,PRUPE_1G568900,3760,Prunus persica,Prunus persica (Peach),True,IPR005304,family,,198,42,198,CONTINUOUS
A0A251RJD4,tRNA/rRNA methyltransferase SpoU type domain-containing protein,223,PRUPE_1G568900,3760,Prunus persica,Prunus persica (Peach),True,IPR005304,family,,223,66,223,CONTINUOUS
A0A251RJG5,Ribosomal RNA small subunit methyltransferase NEP1,259,PRUPE_1G569200,3760,Prunus persica,Prunus persica (Peach),True,IPR005304,family,,259,28,258,CONTINUOUS
A0A251RME6,Ribosomal RNA small subunit methyltransferase NEP1,180,PRUPE_1G569000,3760,Prunus persica,Prunus persica (Peach),True,IPR005304,family,,180,4,180,CONTINUOUS
A0A251SUN1,Putative nucleolar essential protein-related protein,288,HanXRQr2_Chr13g0602811,4232,Helianthus annuus,Helianthus annuus (Common sunflower),True,IPR005304,family,,288,37,287,CONTINUOUS
A0A251V9E2,Putative ribosomal RNA small subunit methyltransferase NEP1,290,NEP1,4232,Helianthus annuus,Helianthus annuus (Common sunflower),True,IPR005304,family,,290,42,290,CONTINUOUS
A0A261A1U0,Origin recognition complex subunit 1,969,FL82_20769,31234,Caenorhabditis remanei,Caenorhabditis remanei,True,IPR005304,family,,969,766,963,CONTINUOUS
A0A261BV63,18S rRNA (pseudouridine-N1)-methyltransferase,797,FL83_11442,1503980,Caenorhabditis latens,Caenorhabditis latens,True,IPR005304,family,,797,577,797,CONTINUOUS
A0A261Y5V0,Ribosomal RNA small subunit methyltransferase mra1,255,BZG36_01211,1938954,Bifiguratus adelaidae,Bifiguratus adelaidae,True,IPR005304,family,,255,14,255,CONTINUOUS
A0A267DTY9,Ribosomal RNA small subunit methyltransferase NEP1,223,BOX15_Mlig005580g4,282301,Macrostomum lignano,Macrostomum lignano,True,IPR005304,family,,223,2,208,CONTINUOUS
A0A267F9M4,Ribosomal RNA small subunit methyltransferase NEP1,224,BOX15_Mlig005580g1,282301,Macrostomum lignano,Macrostomum lignano,True,IPR005304,family,,224,2,209,CONTINUOUS
A0A267GI08,Uncharacterized protein,208,BOX15_Mlig005580g5,282301,Macrostomum lignano,Macrostomum lignano,True,IPR005304,family,,208,2,126,CONTINUOUS
A0A284QXF6,Related to nucleolar essential protein 1,368,ARMOST_04486,47428,Armillaria ostoyae,Armillaria ostoyae (Armillaria root rot fungus),True,IPR005304,family,,368,113,368,CONTINUOUS
A0A284RK11,Related to nucleolar essential protein 1,364,ARMOST_12479,47428,Armillaria ostoyae,Armillaria ostoyae (Armillaria root rot fungus),True,IPR005304,family,,364,112,364,CONTINUOUS
A0A284RK49,Related to nucleolar essential protein 1,208,ARMOST_12491,47428,Armillaria ostoyae,Armillaria ostoyae (Armillaria root rot fungus),True,IPR005304,family,,208,13,193,CONTINUOUS
A0A286UXJ5,Nep1-domain-containing,365,PNOK_0140100,2282107,Pyrrhoderma noxium,Pyrrhoderma noxium,True,IPR005304,family,,365,108,365,CONTINUOUS
A0A292PRK9,Ribosomal RNA small subunit methyltransferase NEP1,302,GSTUAT00005642001,59557,Tuber aestivum,Tuber aestivum (summer truffle),True,IPR005304,family,,302,41,302,CONTINUOUS
A0A293N2X0,18S rRNA (pseudouridine-N1)-methyltransferase,173,,265619,Ornithodoros erraticus,Ornithodoros erraticus (European soft tick),True,IPR005304,family,,173,1,172,CONTINUOUS
A0A2A2JQS7,18S rRNA (pseudouridine-N1)-methyltransferase,230,WR25_04938,2018661,Diploscapter pachys,Diploscapter pachys,True,IPR005304,family,,230,12,230,CONTINUOUS
A0A2A2LPG9,18S rRNA (pseudouridine-N1)-methyltransferase,230,WR25_20282,2018661,Diploscapter pachys,Diploscapter pachys,True,IPR005304,family,,230,12,230,CONTINUOUS
A0A2A3ENF2,18S rRNA (pseudouridine-N1)-methyltransferase,239,APICC_03254,94128,Apis cerana cerana,Apis cerana cerana (Oriental honeybee),True,IPR005304,family,,239,6,229,CONTINUOUS
A0A2A4K350,18S rRNA (pseudouridine-N1)-methyltransferase,236,B5V51_3297,7102,Heliothis virescens,Heliothis virescens (Tobacco budworm moth),True,IPR005304,family,,236,18,235,CONTINUOUS
A0A2A6CHH9,18S rRNA (pseudouridine-N1)-methyltransferase,165,WBGene00103963,54126,Pristionchus pacificus,Pristionchus pacificus (Parasitic nematode worm),True,IPR005304,family,,165,9,165,CONTINUOUS
A0A2A9MG49,Putative ribosome biogenesis protein nep1,235,BESB_074940,94643,Besnoitia besnoiti,Besnoitia besnoiti (Apicomplexan protozoan),True,IPR005304,family,,235,20,235,CONTINUOUS
A0A2A9NHJ1,Nep1-domain-containing protein,370,AMATHDRAFT_152644,703135,Amanita thiersii Skay4041,Amanita thiersii Skay4041,True,IPR005304,family,,370,87,370,CONTINUOUS
A0A2A9PS51,Ribosomal RNA small subunit methyltransferase NEP1,261,XA68_14963,268505,Ophiocordyceps unilateralis,Ophiocordyceps unilateralis (Zombie-ant fungus),True,IPR005304,family,,261,36,261,CONTINUOUS
A0A2B4SHV4,Ribosomal RNA small subunit methyltransferase NEP1,228,Emg1,50429,Stylophora pistillata,Stylophora pistillata (Smooth cauliflower coral),True,IPR005304,family,,228,11,227,CONTINUOUS
A0A2B7WKQ1,Ribosomal RNA small subunit methyltransferase NEP1,258,GX51_07457,2060905,Blastomyces parvus,Blastomyces parvus,True,IPR005304,family,,258,35,258,CONTINUOUS
A0A2B7WSE8,Ribosomal RNA small subunit methyltransferase NEP1,259,AJ79_08500,1447875,Helicocarpus griseus UAMH5409,Helicocarpus griseus UAMH5409,True,IPR005304,family,,259,36,259,CONTINUOUS
A0A2B7XNE0,Ribosomal RNA small subunit methyltransferase NEP1,260,AJ80_07533,1447883,Polytolypa hystricis (strain UAMH7299),Polytolypa hystricis (strain UAMH7299),True,IPR005304,family,,260,35,260,CONTINUOUS
A0A2B7YPS8,Ribosomal RNA small subunit methyltransferase NEP1,258,GX50_08991,73230,[Emmonsia] crescens,[Emmonsia] crescens,True,IPR005304,family,,258,35,258,CONTINUOUS
A0A2C5WU68,Ribosomal RNA small subunit methyltransferase NEP1,261,EMG1,1035309,Ceratocystis fimbriata CBS 114723,Ceratocystis fimbriata CBS 114723,True,IPR005304,family,,261,16,261,CONTINUOUS
A0A2C5XSJ5,Ribosomal RNA small subunit methyltransferase NEP1,259,CDD81_6072,1399860,Ophiocordyceps australis,Ophiocordyceps australis,True,IPR005304,family,,259,34,259,CONTINUOUS
A0A2C5YGX6,Ribosomal RNA small subunit methyltransferase NEP1,259,CDD82_920,1399860,Ophiocordyceps australis,Ophiocordyceps australis,True,IPR005304,family,,259,33,259,CONTINUOUS
A0A2C5YPF8,Ribosomal RNA small subunit methyltransferase NEP1,268,CDD80_3253,2004952,Ophiocordyceps camponoti-rufipedis,Ophiocordyceps camponoti-rufipedis,True,IPR005304,family,,268,43,268,CONTINUOUS
A0A2C6KN51,Nucleolar essential protein,160,CSUI_008243,483139,Cystoisospora suis,Cystoisospora suis,True,IPR005304,family,,160,20,159,CONTINUOUS
A0A2C9JKG2,Ribosomal RNA small subunit methyltransferase NEP1,151,106057791,6526,Biomphalaria glabrata,Biomphalaria glabrata (Bloodfluke planorb),True,IPR005304,family,,151,1,150,CONTINUOUS
A0A2C9VF16,Ribosomal RNA small subunit methyltransferase NEP1,295,MANES_08G059000v8,3983,Manihot esculenta,Manihot esculenta (Cassava),True,IPR005304,family,,295,55,295,CONTINUOUS
A0A2D0RE08,18S rRNA (pseudouridine(1248)-N1)-methyltransferase,238,emg1,7998,Ictalurus punctatus,Ictalurus punctatus (Channel catfish),True,IPR005304,family,,238,4,238,CONTINUOUS
A0A2D3V621,Probable RNA processing protein Emg1,303,RCC_06014,112498,Ramularia collo-cygni,Ramularia collo-cygni,True,IPR005304,family,,303,79,303,CONTINUOUS
A0A2D4IIB0,18S rRNA (pseudouridine(1248)-N1)-methyltransferase,238,,129467,Micrurus lemniscatus lemniscatus,Micrurus lemniscatus lemniscatus,True,IPR005304,family,,238,30,237,CONTINUOUS
A0A2D4IIK6,Ribosomal RNA small subunit methyltransferase NEP1,103,,129467,Micrurus lemniscatus lemniscatus,Micrurus lemniscatus lemniscatus,True,IPR005304,family,,103,30,91,CONTINUOUS
A0A2G2VRS0,Ribosomal RNA small subunit methyltransferase NEP1,217,CQW23_23365,33114,Capsicum baccatum,Capsicum baccatum (Peruvian pepper),True,IPR005304,family,,217,15,217,CONTINUOUS
A0A2G2W5N0,Ribosomal RNA small subunit methyltransferase NEP1,279,CQW23_19363,33114,Capsicum baccatum,Capsicum baccatum (Peruvian pepper),True,IPR005304,family,,279,40,279,CONTINUOUS
A0A2G2XY63,Ribosomal RNA small subunit methyltransferase NEP1,164,T459_33714,4072,Capsicum annuum,Capsicum annuum (Capsicum pepper),True,IPR005304,family,,164,2,158,CONTINUOUS
A0A2G2YY18,Ribosomal RNA small subunit methyltransferase NEP1,279,T459_21890,4072,Capsicum annuum,Capsicum annuum (Capsicum pepper),True,IPR005304,family,,279,42,279,CONTINUOUS
A0A2G4SVN3,Nep1-domain-containing protein,213,RHIMIDRAFT_192439,1340429,Rhizopus microsporus ATCC 52813,Rhizopus microsporus ATCC 52813,True,IPR005304,family,,213,1,213,CONTINUOUS
A0A2G4T0A5,Nep1-domain-containing protein,259,RHIMIDRAFT_199573,1340429,Rhizopus microsporus ATCC 52813,Rhizopus microsporus ATCC 52813,True,IPR005304,family,,259,4,259,CONTINUOUS
A0A2G5BC87,Nep1-domain-containing protein,327,COEREDRAFT_80997,763665,Coemansia reversa (strain ATCC 12441 / NRRL 1564),Coemansia reversa (strain ATCC 12441 / NRRL 1564),True,IPR005304,family,,327,87,327,CONTINUOUS
A0A2G5C992,Ribosomal RNA small subunit methyltransferase NEP1,209,AQUCO_07500032v1,218851,Aquilegia coerulea,Aquilegia coerulea (Rocky mountain columbine),True,IPR005304,family,,209,6,191,CONTINUOUS
A0A2G5C9A7,Ribosomal RNA small subunit methyltransferase NEP1,217,AQUCO_07500032v1,218851,Aquilegia coerulea,Aquilegia coerulea (Rocky mountain columbine),True,IPR005304,family,,217,6,216,CONTINUOUS
A0A2G5F666,Ribosomal RNA small subunit methyltransferase NEP1,326,AQUCO_00201051v1,218851,Aquilegia coerulea,Aquilegia coerulea (Rocky mountain columbine),True,IPR005304,family,,326,77,326,CONTINUOUS
A0A2G5HXH5,18S rRNA pseudouridine methyltransferase,293,EMG1,122368,Cercospora beticola,Cercospora beticola (Sugarbeet leaf spot fungus),True,IPR005304,family,,293,67,293,CONTINUOUS
A0A2G5HXJ0,Ribosomal RNA small subunit methyltransferase NEP1,256,CB0940_05578,122368,Cercospora beticola,Cercospora beticola (Sugarbeet leaf spot fungus),True,IPR005304,family,,256,34,256,CONTINUOUS
A0A2G5UTN1,18S rRNA (pseudouridine-N1)-methyltransferase,255,Cnig_chr_III.g9634,1611254,Caenorhabditis nigoni,Caenorhabditis nigoni,True,IPR005304,family,,255,11,223,CONTINUOUS
A0A2G7GBD6,Essential for mitotic growth 1,260,AARAC_007141,656916,Aspergillus arachidicola,Aspergillus arachidicola,True,IPR005304,family,,260,33,260,CONTINUOUS
A0A2G8K3Z4,Putative ribosomal RNA small subunit methyltransferase NEP1,89,BSL78_20442,307972,Stichopus japonicus,Stichopus japonicus (Sea cucumber),True,IPR005304,family,,89,1,88,CONTINUOUS
A0A2G8KSK6,Putative ribosomal RNA small subunit methyltransferase NEP1,167,BSL78_12220,307972,Stichopus japonicus,Stichopus japonicus (Sea cucumber),True,IPR005304,family,,167,1,166,CONTINUOUS
A0A2G8SSH2,Nep1-domain-containing protein,381,GSI_00217,1077348,Ganoderma sinense ZZ0214-1,Ganoderma sinense ZZ0214-1,True,IPR005304,family,,381,134,381,CONTINUOUS
A0A2G8Y050,Putative ribosome biogenesis protein nep1,143,TGCOUG_313980,1074873,Toxoplasma gondii COUG,Toxoplasma gondii COUG,True,IPR005304,family,,143,19,141,CONTINUOUS
A0A2G9G4E9,Protein required for 18S rRNA maturation and 40S ribosome biogenesis,281,CDL12_27324,429701,Handroanthus impetiginosus,Handroanthus impetiginosus,True,IPR005304,family,,281,69,281,CONTINUOUS
A0A2G9G4Q0,tRNA (Pseudouridine(54)-N(1))-methyltransferase,159,CDL12_27325,429701,Handroanthus impetiginosus,Handroanthus impetiginosus,True,IPR005304,family,,159,47,157,CONTINUOUS
A0A2G9TRR6,Uncharacterized protein,90,TELCIR_18347,45464,Teladorsagia circumcincta,Teladorsagia circumcincta (Brown stomach worm),True,IPR005304,family,,90,3,34,CONTINUOUS
A0A2G9UDE7,Uncharacterized protein,393,TELCIR_09974,45464,Teladorsagia circumcincta,Teladorsagia circumcincta (Brown stomach worm),True,IPR005304,family,,393,306,392,CONTINUOUS
A0A2G9UET1,Nep1 ribosome biogenesis protein,71,TELCIR_09975,45464,Teladorsagia circumcincta,Teladorsagia circumcincta (Brown stomach worm),True,IPR005304,family,,71,2,71,CONTINUOUS
A0A2H0ZET0,Ribosomal RNA small subunit methyltransferase NEP1,260,B9J08_04134,498019,Candidozyma auris,Candidozyma auris (Yeast),True,IPR005304,family,,260,3,260,CONTINUOUS
A0A2H1EF80,Ribosomal RNA small subunit methyltransferase Nep1,222,nep,1499975,Nitrosotalea sinensis,Nitrosotalea sinensis,True,IPR005304,family,,222,2,218,CONTINUOUS
A0A2H1FGP3,Ribosomal RNA small subunit methyltransferase Nep1,222,nep,1903276,Candidatus Nitrosotalea okcheonensis,Candidatus Nitrosotalea okcheonensis,True,IPR005304,family,,222,2,218,CONTINUOUS
A0A2H1H3R2,Ribosomal RNA small subunit methyltransferase NEP1,297,ZT1E4_G10414,1276532,Zymoseptoria tritici ST99CH_1E4,Zymoseptoria tritici ST99CH_1E4,True,IPR005304,family,,297,74,297,CONTINUOUS
A0A2H1W0H8,18S rRNA (pseudouridine-N1)-methyltransferase,236,LOC118262570,7108,Spodoptera frugiperda,Spodoptera frugiperda (Fall armyworm),True,IPR005304,family,,236,18,235,CONTINUOUS
A0A2H2ZTF8,Emg1p,262,A9Z42_0038060,858221,Trichoderma parareesei,Trichoderma parareesei (Filamentous fungus),True,IPR005304,family,,262,34,262,CONTINUOUS
A0A2H3B408,Nep1-domain-containing protein,278,ARMSODRAFT_891657,1076256,Armillaria solidipes,Armillaria solidipes,True,IPR005304,family,,278,41,278,CONTINUOUS
A0A2H3BGG1,Nep1-domain-containing protein,241,ARMSODRAFT_989530,1076256,Armillaria solidipes,Armillaria solidipes,True,IPR005304,family,,241,14,241,CONTINUOUS
A0A2H3BQJ9,Nep1-domain-containing protein,219,ARMSODRAFT_996426,1076256,Armillaria solidipes,Armillaria solidipes,True,IPR005304,family,,219,37,208,CONTINUOUS
A0A2H3DF92,Nep1-domain-containing protein,209,ARMGADRAFT_1047116,47427,Armillaria gallica,Armillaria gallica (Bulbous honey fungus),True,IPR005304,family,,209,15,209,CONTINUOUS
A0A2H3DFB4,Nep1-domain-containing protein,241,ARMGADRAFT_935543,47427,Armillaria gallica,Armillaria gallica (Bulbous honey fungus),True,IPR005304,family,,241,12,241,CONTINUOUS
A0A2H3E2T8,Nep1-domain-containing protein,276,ARMGADRAFT_915364,47427,Armillaria gallica,Armillaria gallica (Bulbous honey fungus),True,IPR005304,family,,276,39,276,CONTINUOUS
A0A2H3FU98,Uncharacterized protein,259,MDCFG202_LOCUS92673,5518,Gibberella zeae,Gibberella zeae (Wheat head blight fungus),True,IPR005304,family,,259,37,259,CONTINUOUS
A0A2H3HMT0,Ribosomal RNA small subunit methyltransferase NEP1,259,AU210_004469,327505,Fusarium oxysporum f. sp. radicis-cucumerinum,Fusarium oxysporum f. sp. radicis-cucumerinum,True,IPR005304,family,,259,37,259,CONTINUOUS
A0A2H3JV02,Nep1-domain-containing protein,237,WOLCODRAFT_69591,742152,Wolfiporia cocos (strain MD-104),Wolfiporia cocos (strain MD-104) (Brown rot fungus),True,IPR005304,family,,237,13,237,CONTINUOUS
A0A2H3TJ56,Probable nucleolar essential protein 1,259,FOXYS1_4823,5507,Fusarium oxysporum,Fusarium oxysporum (Fusarium vascular wilt),True,IPR005304,family,,259,37,259,CONTINUOUS
A0A2H4SNV6,Nucleolar essential 1,316,A9K55_005109,73501,Cordyceps militaris,Cordyceps militaris (Caterpillar fungus),True,IPR005304,family,,316,62,273,CONTINUOUS
A0A2H5PMU6,Ribosomal RNA small subunit methyltransferase NEP1,298,CUMW_150940,55188,Citrus unshiu,Citrus unshiu (Satsuma mandarin),True,IPR005304,family,,298,89,292,CONTINUOUS
A0A2H6K901,Nucleolar essential protein,293,BOVATA_009530,189622,Babesia ovata,Babesia ovata,True,IPR005304,family,,293,3,288,CONTINUOUS
A0A2H6KEK1,Ribosome biogenesis nep1,166,BOVATA_028970,189622,Babesia ovata,Babesia ovata,True,IPR005304,family,,166,18,160,CONTINUOUS
A0A2H9TNB5,Fe2OG dioxygenase domain-containing protein,536,PSACC_00946,1246581,Paramicrosporidium saccamoebae,Paramicrosporidium saccamoebae,True,IPR005304,family,,536,315,536,CONTINUOUS
A0A2I0AE84,Ribosomal RNA small subunit methyltransferase NEP1,269,AXF42_Ash011341,1088818,Apostasia shenzhenica,Apostasia shenzhenica,True,IPR005304,family,,269,34,269,CONTINUOUS
A0A2I0HLM3,Ribosomal RNA small subunit methyltransferase NEP1,281,CRG98_046985,22663,Punica granatum,Punica granatum (Pomegranate),True,IPR005304,family,,281,41,277,CONTINUOUS
A0A2I0MLB0,18S rRNA (pseudouridine(1248)-N1)-methyltransferase,151,EMG1,8932,Columba livia,Columba livia (Rock dove),True,IPR005304,family,,151,1,150,CONTINUOUS
A0A2I0UE86,18S rRNA (pseudouridine(1248)-N1)-methyltransferase,156,llap_5307,1758121,Limosa lapponica baueri,Limosa lapponica baueri,True,IPR005304,family,,156,3,155,CONTINUOUS
A0A2I0W0D7,Ribosomal RNA small subunit methyltransferase NEP1,269,MA16_Dca002401,906689,Dendrobium catenatum,Dendrobium catenatum,True,IPR005304,family,,269,52,269,CONTINUOUS
A0A2I0WIA2,Uncharacterized protein,132,MA16_Dca020472,906689,Dendrobium catenatum,Dendrobium catenatum,True,IPR005304,family,,132,17,129,CONTINUOUS
A0A2I1C1Y3,Putative RNA processing protein Emg1,254,P174DRAFT_443589,1392255,Aspergillus novofumigatus (strain IBT 16806),Aspergillus novofumigatus (strain IBT 16806),True,IPR005304,family,,254,31,254,CONTINUOUS
A0A2I1DCY6,Essential for mitotic growth 1,260,P168DRAFT_313889,1392248,Aspergillus campestris (strain IBT 28561),Aspergillus campestris (strain IBT 28561),True,IPR005304,family,,260,37,260,CONTINUOUS
A0A2I1EW71,Nep1-domain-containing protein,326,RhiirC2_753288,588596,Rhizophagus irregularis,Rhizophagus irregularis,True,IPR005304,family,,326,43,325,CONTINUOUS
A0A2I1GYK4,Nep1-domain-containing protein,326,RhiirA4_407636,588596,Rhizophagus irregularis,Rhizophagus irregularis,True,IPR005304,family,,326,43,325,CONTINUOUS
A0A2I2FFC7,Essential for mitotic growth 1,260,BDW47DRAFT_15075,41067,Aspergillus candidus,Aspergillus candidus,True,IPR005304,family,,260,37,260,CONTINUOUS
A0A2I2GFP1,Protein required for 18S rRNA maturation and 40S ribosome biogenesis,260,P170DRAFT_443844,1392250,Aspergillus steynii IBT 23096,Aspergillus steynii IBT 23096,True,IPR005304,family,,260,37,260,CONTINUOUS
A0A2I2YUL4,18S rRNA (pseudouridine(1248)-N1)-methyltransferase,229,EMG1,9595,Gorilla gorilla gorilla,Gorilla gorilla gorilla (Western lowland gorilla),True,IPR005304,family,,229,12,210,CONTINUOUS
A0A2I4BJY8,18S rRNA (pseudouridine(1248)-N1)-methyltransferase,238,emg1,52670,Austrofundulus limnaeus,Austrofundulus limnaeus (Annual killifish),True,IPR005304,family,,238,15,237,CONTINUOUS
A0A2J5HXP2,Essential for mitotic growth 1,260,BDW42DRAFT_84485,482145,Aspergillus taichungensis,Aspergillus taichungensis,True,IPR005304,family,,260,37,260,CONTINUOUS
A0A2J6N3G9,Ribosomal RNA small subunit methyltransferase Nep1,240,nep1,683846,Fervidicoccus fontis,Fervidicoccus fontis,True,IPR005304,family,,240,20,238,CONTINUOUS
A0A2J6PZ28,Putative nucleolar essential protein 1,259,NA56DRAFT_207288,2082293,Hyaloscypha hepaticicola,Hyaloscypha hepaticicola,True,IPR005304,family,,259,31,259,CONTINUOUS
A0A2J6QSV6,Nucleolar essential protein,259,L207DRAFT_549919,1149755,Hyaloscypha variabilis (strain UAMH 11265 / GT02V1 / F),Hyaloscypha variabilis (strain UAMH 11265 / GT02V1 / F),True,IPR005304,family,,259,30,259,CONTINUOUS
A0A2J6TV03,Putative RNA processing protein Emg1,249,K444DRAFT_623120,1095630,Hyaloscypha bicolor E,Hyaloscypha bicolor E,True,IPR005304,family,,249,25,249,CONTINUOUS
A0A2J7PKH9,18S rRNA (pseudouridine-N1)-methyltransferase,236,B7P43_G16790,105785,Cryptotermes secundus,Cryptotermes secundus,True,IPR005304,family,,236,13,235,CONTINUOUS
A0A2J8A6W6,Ribosomal RNA small subunit methyltransferase NEP1,186,TSOC_005191,47790,Tetrabaena socialis,Tetrabaena socialis,True,IPR005304,family,,186,1,186,CONTINUOUS
A0A2J8BPG5,Nucleolar essential protein,264,BJF96_g10043,27337,Verticillium dahliae,Verticillium dahliae (Verticillium wilt),True,IPR005304,family,,264,40,264,CONTINUOUS
A0A2J8JED7,18S rRNA (pseudouridine(1248)-N1)-methyltransferase,217,CK820_G0048114,9598,Pan troglodytes,Pan troglodytes (Chimpanzee),True,IPR005304,family,,217,7,201,CONTINUOUS
A0A2J8JEE0,18S rRNA (pseudouridine(1248)-N1)-methyltransferase,223,CK820_G0048114,9598,Pan troglodytes,Pan troglodytes (Chimpanzee),True,IPR005304,family,,223,13,214,CONTINUOUS
A0A2J8TBM3,EMG1 isoform 4,148,CR201_G0036299,9601,Pongo abelii,Pongo abelii (Sumatran orangutan),True,IPR005304,family,,148,1,142,CONTINUOUS
A0A2K0TRM4,Ribosomal RNA small subunit methyltransferase NEP1,252,TGAMA5MH_00831,398673,Trichoderma gamsii,Trichoderma gamsii,True,IPR005304,family,,252,27,252,CONTINUOUS
A0A2K0UC91,Nucleolar essential protein 1,255,THARTR1_04524,5544,Trichoderma harzianum,Trichoderma harzianum,True,IPR005304,family,,255,31,255,CONTINUOUS
A0A2K0WQ08,Ribosomal RNA small subunit methyltransferase NEP1,259,FNYG_01982,42673,Gibberella nygamai,Gibberella nygamai (Bean root rot disease fungus),True,IPR005304,family,,259,37,259,CONTINUOUS
A0A2K1IGE0,Ribosomal RNA small subunit methyltransferase NEP1,245,LOC112276962,3218,Physcomitrium patens,Physcomitrium patens (Spreading-leaved earth moss),True,IPR005304,family,,245,17,245,CONTINUOUS
A0A2K1R410,Ribosomal RNA small subunit methyltransferase NEP1,289,CAC42_531,2082308,Sphaceloma murrayae,Sphaceloma murrayae,True,IPR005304,family,,289,43,289,CONTINUOUS
A0A2K1XAA7,Ribosomal RNA small subunit methyltransferase NEP1,282,POPTR_016G037500,3694,Populus trichocarpa,Populus trichocarpa (Western balsam poplar),True,IPR005304,family,,282,44,282,CONTINUOUS
A0A2K1ZWH7,Ribosomal RNA small subunit methyltransferase NEP1,284,POPTR_006G040600,3694,Populus trichocarpa,Populus trichocarpa (Western balsam poplar),True,IPR005304,family,,284,33,284,CONTINUOUS
A0A2K3JN74,Ribosomal RNA small subunit methyltransferase NEP1-like protein,62,L195_g049121,57577,Trifolium pratense,Trifolium pratense (Red clover),True,IPR005304,family,,62,1,62,CONTINUOUS
A0A2K3LTB2,Ribosomal RNA small subunit methyltransferase NEP1-like protein,118,L195_g037801,57577,Trifolium pratense,Trifolium pratense (Red clover),True,IPR005304,family,,118,2,117,CONTINUOUS
A0A2K3MUJ0,Ribosomal RNA small subunit methyltransferase NEP1-like protein,271,L195_g017569,57577,Trifolium pratense,Trifolium pratense (Red clover),True,IPR005304,family,,271,33,271,CONTINUOUS
A0A2K3N5B2,Ribosomal RNA small subunit methyltransferase NEP1-like protein,287,L195_g021487,57577,Trifolium pratense,Trifolium pratense (Red clover),True,IPR005304,family,,287,44,287,CONTINUOUS
A0A2K3QPX1,Ribosomal RNA small subunit methyltransferase NEP1,303,TCAP_00497,45235,Tolypocladium capitatum,Tolypocladium capitatum,True,IPR005304,family,,303,78,303,CONTINUOUS
A0A2K5AT89,Ribosomal RNA small subunit methyltransferase Nep1,229,nep,2058097,Candidatus Nitrosocaldus cavascurensis,Candidatus Nitrosocaldus cavascurensis,True,IPR005304,family,,229,3,228,CONTINUOUS
A0A2K5CM42,18S rRNA (pseudouridine(1248)-N1)-methyltransferase,245,,37293,Aotus nancymaae,Aotus nancymaae (Ma's night monkey),True,IPR005304,family,,245,12,245,CONTINUOUS
A0A2K5DI12,Uncharacterized protein,91,,37293,Aotus nancymaae,Aotus nancymaae (Ma's night monkey),True,IPR005304,family,,91,2,71,CONTINUOUS
A0A2K5DRI2,18S rRNA (pseudouridine(1248)-N1)-methyltransferase,239,,37293,Aotus nancymaae,Aotus nancymaae (Ma's night monkey),True,IPR005304,family,,239,12,238,CONTINUOUS
A0A2K5K969,Ribosomal RNA small subunit methyltransferase NEP1,132,,336983,Colobus angolensis palliatus,Colobus angolensis palliatus (Peters' Angolan colobus),True,IPR005304,family,,132,1,132,CONTINUOUS
A0A2K5K972,18S rRNA (pseudouridine(1248)-N1)-methyltransferase,209,,336983,Colobus angolensis palliatus,Colobus angolensis palliatus (Peters' Angolan colobus),True,IPR005304,family,,209,2,209,CONTINUOUS
A0A2K5KCM1,18S rRNA (pseudouridine(1248)-N1)-methyltransferase,244,,336983,Colobus angolensis palliatus,Colobus angolensis palliatus (Peters' Angolan colobus),True,IPR005304,family,,244,12,244,CONTINUOUS
A0A2K5KW59,18S rRNA (pseudouridine(1248)-N1)-methyltransferase,244,EMG1,9531,Cercocebus atys,Cercocebus atys (Sooty mangabey),True,IPR005304,family,,244,12,244,CONTINUOUS
A0A2K5QAN3,Uncharacterized protein,123,,2715852,Cebus imitator,Cebus imitator (Panamanian white-faced capuchin),True,IPR005304,family,,123,1,41,CONTINUOUS
A0A2K5QAN3,Uncharacterized protein,123,,2715852,Cebus imitator,Cebus imitator (Panamanian white-faced capuchin),True,IPR005304,family,,123,42,123,CONTINUOUS
A0A2K5RQZ5,18S rRNA (pseudouridine(1248)-N1)-methyltransferase,244,,2715852,Cebus imitator,Cebus imitator (Panamanian white-faced capuchin),True,IPR005304,family,,244,12,244,CONTINUOUS
A0A2K5S021,Uncharacterized protein,150,,2715852,Cebus imitator,Cebus imitator (Panamanian white-faced capuchin),True,IPR005304,family,,150,3,128,CONTINUOUS
A0A2K5XS62,18S rRNA (pseudouridine(1248)-N1)-methyltransferase,244,EMG1,9568,Mandrillus leucophaeus,Mandrillus leucophaeus (Drill),True,IPR005304,family,,244,12,244,CONTINUOUS
A0A2K6DHX2,18S rRNA (pseudouridine(1248)-N1)-methyltransferase,244,EMG1,9545,Macaca nemestrina,Macaca nemestrina (Pig-tailed macaque),True,IPR005304,family,,244,12,244,CONTINUOUS
A0A2K6GZF4,18S rRNA (pseudouridine(1248)-N1)-methyltransferase,244,EMG1,379532,Propithecus coquereli,Propithecus coquereli (Coquerel's sifaka),True,IPR005304,family,,244,12,244,CONTINUOUS
A0A2K6KT20,18S rRNA (pseudouridine(1248)-N1)-methyltransferase,244,EMG1,61621,Rhinopithecus bieti,Rhinopithecus bieti (Black snub-nosed monkey),True,IPR005304,family,,244,13,244,CONTINUOUS
A0A2K6PMG4,18S rRNA (pseudouridine(1248)-N1)-methyltransferase,244,EMG1,61622,Rhinopithecus roxellana,Rhinopithecus roxellana (Golden snub-nosed monkey),True,IPR005304,family,,244,13,244,CONTINUOUS
A0A2K6SXN3,EMG1 N1-specific pseudouridine methyltransferase,199,,39432,Saimiri boliviensis boliviensis,Saimiri boliviensis boliviensis (Bolivian squirrel monkey),True,IPR005304,family,,199,13,193,CONTINUOUS
A0A2K6U0A7,18S rRNA (pseudouridine(1248)-N1)-methyltransferase,244,,39432,Saimiri boliviensis boliviensis,Saimiri boliviensis boliviensis (Bolivian squirrel monkey),True,IPR005304,family,,244,12,244,CONTINUOUS
A0A2K6VE74,18S rRNA (pseudouridine-N1)-methyltransferase,232,,6282,Onchocerca volvulus,Onchocerca volvulus,True,IPR005304,family,,232,11,227,CONTINUOUS
A0A2L2SSJ9,Ribosomal RNA small subunit methyltransferase NEP1,280,,56646,Fusarium venenatum,Fusarium venenatum,True,IPR005304,family,,280,58,280,CONTINUOUS
A0A2M3ZI37,18S rRNA (pseudouridine-N1)-methyltransferase,238,,58242,Anopheles braziliensis,Anopheles braziliensis,True,IPR005304,family,,238,14,238,CONTINUOUS
A0A2M4AUY8,18S rRNA (pseudouridine-N1)-methyltransferase,238,,58253,Anopheles triannulatus,Anopheles triannulatus,True,IPR005304,family,,238,20,238,CONTINUOUS
A0A2M4AV09,18S rRNA (pseudouridine-N1)-methyltransferase,238,,58253,Anopheles triannulatus,Anopheles triannulatus,True,IPR005304,family,,238,20,238,CONTINUOUS
A0A2M4BYG0,18S rRNA (pseudouridine-N1)-methyltransferase,238,,58244,Anopheles marajoara,Anopheles marajoara,True,IPR005304,family,,238,20,238,CONTINUOUS
A0A2N0S1H9,Nep1-domain-containing protein,326,RhiirA1_415685,588596,Rhizophagus irregularis,Rhizophagus irregularis,True,IPR005304,family,,326,43,325,CONTINUOUS
A0A2N1JC37,Emg1p,354,MVES_002032,2020962,Malassezia vespertilionis,Malassezia vespertilionis,True,IPR005304,family,,354,99,354,CONTINUOUS
A0A2N3N3S2,Ribosomal RNA small subunit methyltransferase NEP1,261,jhhlp_005659,41688,Lomentospora prolificans,Lomentospora prolificans,True,IPR005304,family,,261,33,261,CONTINUOUS
A0A2N5S8C7,Ribosomal RNA small subunit methyltransferase NEP1,287,PCASD_20782,200324,Puccinia coronata f. sp. avenae,Puccinia coronata f. sp. avenae,True,IPR005304,family,,287,19,287,CONTINUOUS
A0A2N5T1K9,Ribosomal RNA small subunit methyltransferase NEP1,365,PCANC_09107,200324,Puccinia coronata f. sp. avenae,Puccinia coronata f. sp. avenae,True,IPR005304,family,,365,95,365,CONTINUOUS
A0A2N5UVI2,Ribosomal RNA small subunit methyltransferase NEP1,287,PCASD_05658,200324,Puccinia coronata f. sp. avenae,Puccinia coronata f. sp. avenae,True,IPR005304,family,,287,22,287,CONTINUOUS
A0A2N5VW69,Ribosomal RNA small subunit methyltransferase NEP1,365,PCANC_04523,200324,Puccinia coronata f. sp. avenae,Puccinia coronata f. sp. avenae,True,IPR005304,family,,365,95,365,CONTINUOUS
A0A2N6NSJ6,Ribosomal RNA small subunit methyltransferase NEP1,261,EMG1,176275,Beauveria bassiana,Beauveria bassiana (White muscardine disease fungus),True,IPR005304,family,,261,36,261,CONTINUOUS
A0A2N8UNM2,Related to EMG1-Protein required for ribosome biogenesis,391,SRS1_11312,72559,Sporisorium reilianum f. sp. reilianum,Sporisorium reilianum f. sp. reilianum,True,IPR005304,family,,391,134,390,CONTINUOUS
A0A2N9FJW2,Ribosomal RNA small subunit methyltransferase NEP1,254,FSB_LOCUS18979,28930,Fagus sylvatica,Fagus sylvatica (Beechnut),True,IPR005304,family,,254,18,222,CONTINUOUS
A0A2N9HNP7,Reverse transcriptase,1536,FSB_LOCUS43679,28930,Fagus sylvatica,Fagus sylvatica (Beechnut),False,IPR005304,family,,1536,9,97,CONTINUOUS
A0A2N9HZ28,Ribosomal RNA small subunit methyltransferase NEP1,290,FSB_LOCUS45554,28930,Fagus sylvatica,Fagus sylvatica (Beechnut),True,IPR005304,family,,290,39,290,CONTINUOUS
A0A2N9I0Y4,Ribosomal RNA small subunit methyltransferase NEP1,251,FSB_LOCUS45555,28930,Fagus sylvatica,Fagus sylvatica (Beechnut),True,IPR005304,family,,251,33,241,CONTINUOUS
A0A2P2HXM4,18S rRNA (pseudouridine-N1)-methyltransferase,241,,1518452,Hirondellea gigas,Hirondellea gigas,True,IPR005304,family,,241,10,241,CONTINUOUS
A0A2P2M614,Nucleolar essential protein,281,,61149,Rhizophora mucronata,Rhizophora mucronata (Asiatic mangrove),True,IPR005304,family,,281,43,281,CONTINUOUS
A0A2P2M637,Ribosomal RNA small subunit methyltransferase nep-1,212,,61149,Rhizophora mucronata,Rhizophora mucronata (Asiatic mangrove),True,IPR005304,family,,212,42,209,CONTINUOUS
A0A2P2M647,Nucleolar essential protein,129,,61149,Rhizophora mucronata,Rhizophora mucronata (Asiatic mangrove),True,IPR005304,family,,129,42,124,CONTINUOUS
A0A2P4SUM4,18S rRNA (pseudouridine(1248)-N1)-methyltransferase,231,CIB84_008433,9083,Bambusicola thoracicus,Bambusicola thoracicus (Chinese bamboo-partridge),True,IPR005304,family,,231,10,230,CONTINUOUS
A0A2P4Z103,EMG1/NEP1 methyltransferase family protein,246,CmeUKMEL1_08760,93969,Cryptosporidium meleagridis,Cryptosporidium meleagridis,True,IPR005304,family,,246,13,246,CONTINUOUS
A0A2P4Z164,EMG1/NEP1 methyltransferase family protein,240,CmeUKMEL1_08755,93969,Cryptosporidium meleagridis,Cryptosporidium meleagridis,True,IPR005304,family,,240,10,238,CONTINUOUS
A0A2P5A3K1,Importin N-terminal domain-containing protein,1381,TGAM01_v200548,398673,Trichoderma gamsii,Trichoderma gamsii,False,IPR005304,family,,1381,1164,1375,CONTINUOUS
A0A2P5AQ36,"Ribosomal biogenesis, methyltransferase, EMG1/NEP",288,PanWU01x14_311050,3476,Parasponia andersonii,Parasponia andersonii,True,IPR005304,family,,288,40,288,CONTINUOUS
A0A2P5DUF4,"Ribosomal biogenesis, methyltransferase, EMG1/NEP",88,PanWU01x14_032070,3476,Parasponia andersonii,Parasponia andersonii,True,IPR005304,family,,88,2,77,CONTINUOUS
A0A2P5EHA3,"Ribosomal biogenesis, methyltransferase, EMG1/NEP",262,TorRG33x02_193250,63057,Trema orientale,Trema orientale (Charcoal tree),True,IPR005304,family,,262,21,233,CONTINUOUS
A0A2P5ETQ5,"Ribosomal biogenesis, methyltransferase, EMG1/NEP",288,TorRG33x02_152690,63057,Trema orientale,Trema orientale (Charcoal tree),True,IPR005304,family,,288,47,288,CONTINUOUS
A0A2P5HI76,Nucleolar essential protein 1,158,DHEL01_v211650,158607,Diaporthe helianthi,Diaporthe helianthi,True,IPR005304,family,,158,1,158,CONTINUOUS
A0A2P5X638,Ribosomal RNA small subunit methyltransferase NEP1,293,GOBAR_AA21885,3634,Gossypium barbadense,Gossypium barbadense (Sea Island cotton),True,IPR005304,family,,293,60,293,CONTINUOUS
A0A2P5YJ63,Ribosomal RNA small subunit methyltransferase NEP1,238,GOBAR_AA04938,3634,Gossypium barbadense,Gossypium barbadense (Sea Island cotton),True,IPR005304,family,,238,8,210,CONTINUOUS
A0A2P6NDW1,Ribosomal RNA small subunit methyltransferase NEP1-like,277,PROFUN_10323,1890364,Planoprotostelium fungivorum,Planoprotostelium fungivorum,True,IPR005304,family,,277,44,277,CONTINUOUS
A0A2P6QY71,Putative rRNA small subunit pseudouridine methyltransferase Nep1,114,RchiOBHm_Chr4g0421871,74649,Rosa chinensis,Rosa chinensis (China rose),True,IPR005304,family,,114,53,94,CONTINUOUS
A0A2P6RTL3,Putative rRNA small subunit pseudouridine methyltransferase Nep1,55,RchiOBHm_Chr2g0125441,74649,Rosa chinensis,Rosa chinensis (China rose),True,IPR005304,family,,55,2,55,CONTINUOUS
A0A2P6S9V1,Putative tRNA (Pseudouridine(54)-N(1))-methyltransferase,278,RchiOBHm_Chr1g0324931,74649,Rosa chinensis,Rosa chinensis (China rose),True,IPR005304,family,,278,25,278,CONTINUOUS
A0A2P6TKF6,Pre-rRNA processing,394,C2E21_6740,3076,Chlorella sorokiniana,Chlorella sorokiniana (Freshwater green alga),True,IPR005304,family,,394,14,227,CONTINUOUS
A0A2P6VA68,Pre-rRNA processing,231,C2E20_5743,554055,Micractinium conductrix,Micractinium conductrix,True,IPR005304,family,,231,22,231,CONTINUOUS
A0A2P7YTG5,Ribosomal RNA small subunit methyltransferase NEP1,268,C7M61_001852,418784,Candidozyma pseudohaemuli,Candidozyma pseudohaemuli,True,IPR005304,family,,268,24,268,CONTINUOUS
A0A2P7ZQ81,VOC domain-containing protein,861,B9Z65_297,40998,Elsinoe australis,Elsinoe australis,True,IPR005304,family,,861,55,291,CONTINUOUS
A0A2P9DI45,"Small subunit rRNA processing factor, putative",446,PRG01_1228800,5854,Plasmodium reichenowi,Plasmodium reichenowi,True,IPR005304,family,,446,173,445,CONTINUOUS
A0A2R5GQ73,Ribosomal RNA small subunit methyltransferase NEP1,305,FCC1311_067212,2315210,Hondaea fermentalgiana,Hondaea fermentalgiana,True,IPR005304,family,,305,72,305,CONTINUOUS
A0A2R5LGD4,18S rRNA (pseudouridine-N1)-methyltransferase,234,,34597,Ornithodoros turicata,Ornithodoros turicata,True,IPR005304,family,,234,14,233,CONTINUOUS
A0A2R6A927,Ribosomal RNA small subunit methyltransferase Nep1,209,nep1,1978155,Candidatus Marsarchaeota G1 archaeon OSP_D,Candidatus Marsarchaeota G1 archaeon OSP_D,True,IPR005304,family,,209,3,208,CONTINUOUS
A0A2R6AEX3,Ribosomal RNA small subunit methyltransferase Nep1,209,nep1,1978156,Candidatus Marsarchaeota G1 archaeon BE_D,Candidatus Marsarchaeota G1 archaeon BE_D,True,IPR005304,family,,209,3,208,CONTINUOUS
A0A2R6AN17,Ribosomal RNA small subunit methyltransferase Nep1,209,nep1,1978154,Candidatus Marsarchaeota G1 archaeon OSP_C,Candidatus Marsarchaeota G1 archaeon OSP_C,True,IPR005304,family,,209,3,208,CONTINUOUS
A0A2R6BEW4,Ribosomal RNA small subunit methyltransferase Nep1,209,nep1,1978165,Candidatus Marsarchaeota G2 archaeon ECH_B_SAG-F08,Candidatus Marsarchaeota G2 archaeon ECH_B_SAG-F08,True,IPR005304,family,,209,3,208,CONTINUOUS
A0A2R6C3Y5,Ribosomal RNA small subunit methyltransferase Nep1,209,nep1,1978167,Candidatus Marsarchaeota G2 archaeon ECH_B_SAG-G16,Candidatus Marsarchaeota G2 archaeon ECH_B_SAG-G16,True,IPR005304,family,,209,3,208,CONTINUOUS
A0A2R6NKI7,Nep1-domain-containing protein,372,PHLCEN_2v11240,98765,Hermanssonia centrifuga,Hermanssonia centrifuga,True,IPR005304,family,,372,142,372,CONTINUOUS
A0A2R6RU42,Ribosomal RNA small subunit methyltransferase,278,CEY00_Acc03912,1590841,Actinidia chinensis var. chinensis,Actinidia chinensis var. chinensis (Chinese soft-hair kiwi),True,IPR005304,family,,278,31,278,CONTINUOUS
A0A2R6RY72,Ribosomal RNA small subunit methyltransferase,197,CEY00_Acc03949,1590841,Actinidia chinensis var. chinensis,Actinidia chinensis var. chinensis (Chinese soft-hair kiwi),True,IPR005304,family,,197,26,193,CONTINUOUS
A0A2R6XHG2,Ribosomal RNA small subunit methyltransferase NEP1,233,MARPO_0014s0080,3197,Marchantia polymorpha,Marchantia polymorpha (Common liverwort),True,IPR005304,family,,233,3,233,CONTINUOUS
A0A2R7Y0H4,Ribosomal RNA small subunit methyltransferase Nep1,228,nep1,1980982,Candidatus Terraquivivens tikiterensis,Candidatus Terraquivivens tikiterensis,True,IPR005304,family,,228,4,223,CONTINUOUS
A0A2R7YA28,Ribosomal RNA small subunit methyltransferase Nep1,226,nep1,1973259,Zestosphaera tikiterensis,Zestosphaera tikiterensis,True,IPR005304,family,,226,2,224,CONTINUOUS
A0A2R9AXE4,18S rRNA (pseudouridine(1248)-N1)-methyltransferase,244,EMG1,9597,Pan paniscus,Pan paniscus (Pygmy chimpanzee),True,IPR005304,family,,244,12,244,CONTINUOUS
A0A2S2KT62,Ribosomal RNA small subunit methyltransferase Nep1,222,nep1,718286,Nitrosopumilus zosterae,Nitrosopumilus zosterae,True,IPR005304,family,,222,2,218,CONTINUOUS
A0A2S3GNW1,Ribosomal RNA small subunit methyltransferase NEP1,286,PAHAL_1G133800,206008,Panicum hallii,Panicum hallii,True,IPR005304,family,,286,59,285,CONTINUOUS
A0A2S3HT99,Ribosomal RNA small subunit methyltransferase NEP1,287,PAHAL_5G201900,206008,Panicum hallii,Panicum hallii,True,IPR005304,family,,287,57,286,CONTINUOUS
A0A2S4L355,Ribosomal RNA small subunit methyltransferase NEP1,261,TPAR_02905,94208,Tolypocladium paradoxum,Tolypocladium paradoxum,True,IPR005304,family,,261,36,261,CONTINUOUS
A0A2S4PSK0,Putative nucleolar essential protein 1,249,EPUL_004963,225359,Erysiphe pulchra,Erysiphe pulchra,True,IPR005304,family,,249,25,249,CONTINUOUS
A0A2S4VM47,Ribosomal RNA small subunit methyltransferase NEP1,296,PSHT_08681,27350,Puccinia striiformis,Puccinia striiformis,True,IPR005304,family,,296,26,296,CONTINUOUS
A0A2S5BBH5,Putative rRNA small subunit pseudouridine methyltransferase Nep1,316,BMF94_2936,741276,Rhodotorula taiwanensis,Rhodotorula taiwanensis,True,IPR005304,family,,316,69,315,CONTINUOUS
A0A2S6C474,Ribosomal RNA small subunit methyltransferase NEP1,293,CBER1_02497,357750,Cercospora berteroae,Cercospora berteroae,True,IPR005304,family,,293,67,293,CONTINUOUS
A0A2S7Y449,Ribosomal RNA small subunit methyltransferase NEP1,261,BB8028_0002g10220,176275,Beauveria bassiana,Beauveria bassiana (White muscardine disease fungus),True,IPR005304,family,,261,36,261,CONTINUOUS
A0A2T0FH30,Ribosomal RNA small subunit methyltransferase NEP1,239,B9G98_01887,45607,Wickerhamiella sorbophila,Wickerhamiella sorbophila,True,IPR005304,family,,239,11,239,CONTINUOUS
A0A2T2NB23,Nucleolar essential protein-like protein 1,275,BS50DRAFT_126365,1448308,Corynespora cassiicola Philippines,Corynespora cassiicola Philippines,True,IPR005304,family,,275,30,275,CONTINUOUS
A0A2T3A814,Alpha/beta knot methyltransferase,250,BD289DRAFT_482723,2025994,Coniella lustricola,Coniella lustricola,True,IPR005304,family,,250,25,250,CONTINUOUS
A0A2T3ARI6,Ribosomal RNA small subunit methyltransferase NEP1,248,M430DRAFT_53541,857342,Amorphotheca resinae ATCC 22711,Amorphotheca resinae ATCC 22711,True,IPR005304,family,,248,25,248,CONTINUOUS
A0A2T3YZK4,Ribosomal RNA small subunit methyltransferase NEP1,261,M441DRAFT_72355,1042311,Trichoderma asperellum (strain ATCC 204424 / CBS 433.97 / NBRC 101777),Trichoderma asperellum (strain ATCC 204424 / CBS 433.97 / NBRC 101777),True,IPR005304,family,,261,34,261,CONTINUOUS
A0A2T4AE29,Ribosomal RNA small subunit methyltransferase NEP1,261,M431DRAFT_82233,983964,Trichoderma harzianum CBS 226.95,Trichoderma harzianum CBS 226.95,True,IPR005304,family,,261,36,261,CONTINUOUS
A0A2T4B9R7,Nep1-domain-containing protein,261,BBK36DRAFT_1120721,58853,Trichoderma citrinoviride,Trichoderma citrinoviride,True,IPR005304,family,,261,34,261,CONTINUOUS
A0A2T4BQH9,Nep1-domain-containing protein,261,M440DRAFT_1344153,983965,Trichoderma longibrachiatum ATCC 18648,Trichoderma longibrachiatum ATCC 18648,True,IPR005304,family,,261,34,261,CONTINUOUS
A0A2T4GED8,Ribosomal RNA small subunit methyltransferase NEP1,242,FCULG_00009875,5516,Fusarium culmorum,Fusarium culmorum,True,IPR005304,family,,242,45,242,CONTINUOUS
A0A2T5M0B4,Ribosomal RNA small subunit methyltransferase NEP1,260,P175DRAFT_0508866,1392256,Aspergillus ochraceoroseus IBT 24754,Aspergillus ochraceoroseus IBT 24754,True,IPR005304,family,,260,33,260,CONTINUOUS
A0A2T6J1R4,Putative ribosome biogenesis protein NEP1,123,TGBR9_367190,943120,Toxoplasma gondii TgCATBr9,Toxoplasma gondii TgCATBr9,True,IPR005304,family,,123,19,123,CONTINUOUS
A0A2T6ZX28,Alpha/beta knot methyltransferase,250,B9Z19DRAFT_1063717,42251,Tuber borchii,Tuber borchii (White truffle),True,IPR005304,family,,250,33,250,CONTINUOUS
A0A2T7DIA7,Ribosomal RNA small subunit methyltransferase NEP1,287,GQ55_5G201400,1504633,Panicum hallii var. hallii,Panicum hallii var. hallii,True,IPR005304,family,,287,57,286,CONTINUOUS
A0A2T7F512,Ribosomal RNA small subunit methyltransferase NEP1,286,GQ55_1G129400,1504633,Panicum hallii var. hallii,Panicum hallii var. hallii,True,IPR005304,family,,286,59,285,CONTINUOUS
A0A2T7PH77,Ribosomal RNA small subunit methyltransferase NEP1,228,C0Q70_08220,400727,Pomacea canaliculata,Pomacea canaliculata (Golden apple snail),True,IPR005304,family,,228,10,227,CONTINUOUS
A0A2T9X8F7,Ribosomal RNA small subunit methyltransferase Nep1,216,nep1,563177,Acidianus hospitalis,Acidianus hospitalis,True,IPR005304,family,,216,3,209,CONTINUOUS
A0A2T9Y1G7,Ribosomal RNA small subunit methyltransferase NEP1,315,BB559_006623,61424,Furculomyces boomerangus,Furculomyces boomerangus,True,IPR005304,family,,315,54,315,CONTINUOUS
A0A2T9YIM8,Ribosomal RNA small subunit methyltransferase NEP1,271,BB561_003979,133385,Smittium simulii,Smittium simulii,True,IPR005304,family,,271,20,271,CONTINUOUS
A0A2T9ZBR3,Ribosomal RNA small subunit methyltransferase NEP1,256,BB560_003533,133381,Smittium megazygosporum,Smittium megazygosporum,True,IPR005304,family,,256,18,256,CONTINUOUS
A0A2U1IX31,Ribosomal RNA small subunit methyltransferase NEP1,278,BB558_006658,133377,Smittium angustum,Smittium angustum,True,IPR005304,family,,278,22,278,CONTINUOUS
A0A2U3EDJ7,Nucleolar essential protein 1,325,PCL_11202,33203,Purpureocillium lilacinum,Purpureocillium lilacinum,True,IPR005304,family,,325,100,325,CONTINUOUS
A0A2U3V175,18S rRNA (pseudouridine(1248)-N1)-methyltransferase,244,EMG1,9739,Tursiops truncatus,Tursiops truncatus (Atlantic bottle-nosed dolphin),True,IPR005304,family,,244,12,244,CONTINUOUS
A0A2U3WWQ8,18S rRNA (pseudouridine(1248)-N1)-methyltransferase,244,EMG1,9708,Odobenus rosmarus divergens,Odobenus rosmarus divergens (Pacific walrus),True,IPR005304,family,,244,12,244,CONTINUOUS
A0A2U3Y2K3,18S rRNA (pseudouridine(1248)-N1)-methyltransferase,244,EMG1,9713,Leptonychotes weddellii,Leptonychotes weddellii (Weddell seal),True,IPR005304,family,,244,12,244,CONTINUOUS
A0A2U4AL81,18S rRNA (pseudouridine(1248)-N1)-methyltransferase,194,EMG1,9739,Tursiops truncatus,Tursiops truncatus (Atlantic bottle-nosed dolphin),True,IPR005304,family,,194,12,188,CONTINUOUS
A0A2U9AXL2,18S rRNA (pseudouridine(1248)-N1)-methyltransferase,237,emg1,52904,Scophthalmus maximus,Scophthalmus maximus (Turbot),True,IPR005304,family,,237,15,237,CONTINUOUS
A0A2U9IBS1,Ribosomal RNA small subunit methyltransferase Nep1,219,nep1,41673,Acidianus brierleyi,Acidianus brierleyi,True,IPR005304,family,,219,3,214,CONTINUOUS
A0A2U9IKM7,Ribosomal RNA small subunit methyltransferase Nep1,212,nep1,619593,Acidianus sulfidivorans JP7,Acidianus sulfidivorans JP7,True,IPR005304,family,,212,2,206,CONTINUOUS
A0A2U9ISA5,Ribosomal RNA small subunit methyltransferase Nep1,209,nep1,1293036,Metallosphaera hakonensis JCM 8857 = DSM 7519,Metallosphaera hakonensis JCM 8857 = DSM 7519,True,IPR005304,family,,209,1,208,CONTINUOUS
A0A2V0PL43,Ribosomal RNA small subunit methyltransferase NEP1,232,Rsub_12996,307507,Raphidocelis subcapitata,Raphidocelis subcapitata,True,IPR005304,family,,232,10,232,CONTINUOUS
A0A2V1AEI3,Ribosomal RNA small subunit methyltransferase NEP1,242,CXQ87_004006,1231522,Candidozyma duobushaemuli,Candidozyma duobushaemuli,True,IPR005304,family,,242,17,242,CONTINUOUS
A0A2V1AV36,Ribosomal RNA small subunit methyltransferase NEP1,266,CXQ85_000616,45357,Candidozyma haemuli,Candidozyma haemuli,True,IPR005304,family,,266,20,266,CONTINUOUS
A0A2V1D736,Nep1-domain-containing protein,276,DM02DRAFT_258684,97972,Periconia macrospinosa,Periconia macrospinosa,True,IPR005304,family,,276,52,275,CONTINUOUS
A0A2V2ULY4,Ribosomal RNA small subunit methyltransferase NEP1,276,C4B63_184g18,5693,Trypanosoma cruzi,Trypanosoma cruzi,True,IPR005304,family,,276,46,264,CONTINUOUS
A0A2V2V0L7,EMG1/NEP1 methyltransferase,271,C4B63_55g62,5693,Trypanosoma cruzi,Trypanosoma cruzi,True,IPR005304,family,,271,6,263,CONTINUOUS
A0A2V2VTR1,Ribosomal RNA small subunit methyltransferase NEP1,276,C4B63_9g211,5693,Trypanosoma cruzi,Trypanosoma cruzi,True,IPR005304,family,,276,46,264,CONTINUOUS
A0A2V2W8I1,EMG1/NEP1 methyltransferase,271,C3747_168g47,5693,Trypanosoma cruzi,Trypanosoma cruzi,True,IPR005304,family,,271,6,263,CONTINUOUS
A0A2V2W979,Ribosomal RNA small subunit methyltransferase NEP1,276,C3747_136g61,5693,Trypanosoma cruzi,Trypanosoma cruzi,True,IPR005304,family,,276,49,264,CONTINUOUS
A0A2V2WJ29,Ribosomal RNA small subunit methyltransferase NEP1,276,C3747_88g206,5693,Trypanosoma cruzi,Trypanosoma cruzi,True,IPR005304,family,,276,47,264,CONTINUOUS
A0A2V2XIB7,EMG1/NEP1 methyltransferase,271,C3747_6g408,5693,Trypanosoma cruzi,Trypanosoma cruzi,True,IPR005304,family,,271,6,263,CONTINUOUS
A0A2V3IUB1,Ribosomal RNA small subunit methyltransferase NEP1,350,BWQ96_04470,448386,Gracilariopsis chorda,Gracilariopsis chorda,True,IPR005304,family,,350,79,349,CONTINUOUS
A0A2V5I3U9,Nucleolar essential protein 1,254,BP00DRAFT_345369,1450541,Aspergillus indologenus CBS 114.80,Aspergillus indologenus CBS 114.80,True,IPR005304,family,,254,32,254,CONTINUOUS
A0A2V5I4M0,Nucleolar essential protein 1,254,BO99DRAFT_426230,1450538,Aspergillus violaceofuscus (strain CBS 115571),Aspergillus violaceofuscus (strain CBS 115571),True,IPR005304,family,,254,32,254,CONTINUOUS
A0A2W1HWJ2,EMG1 domain containing protein,278,PtrM4_047450,45151,Pyrenophora tritici-repentis,Pyrenophora tritici-repentis,True,IPR005304,family,,278,33,277,CONTINUOUS
A0A2X0L8M9,BZ3500_MvSof-1268-A1-R1_Chr7-1g09278 protein,325,BZ3500_MVSOF-1268-A1-R1_CHR7-1G09278,289078,Microbotryum saponariae,Microbotryum saponariae,True,IPR005304,family,,325,69,324,CONTINUOUS
A0A2X0MGV7,Ribosomal RNA small subunit methyltransferase NEP1,325,BQ5605_C008g05121,796604,Microbotryum silenes-dioicae,Microbotryum silenes-dioicae,True,IPR005304,family,,325,69,324,CONTINUOUS
A0A2Y9E577,18S rRNA (pseudouridine(1248)-N1)-methyltransferase,244,EMG1,127582,Trichechus manatus latirostris,Trichechus manatus latirostris (Florida manatee),True,IPR005304,family,,244,12,244,CONTINUOUS
A0A2Y9ET21,18S rRNA (pseudouridine(1248)-N1)-methyltransferase,244,EMG1,9755,Physeter macrocephalus,Physeter macrocephalus (Sperm whale),True,IPR005304,family,,244,12,244,CONTINUOUS
A0A2Y9H3M5,18S rRNA (pseudouridine(1248)-N1)-methyltransferase,244,EMG1,29088,Neomonachus schauinslandi,Neomonachus schauinslandi (Hawaiian monk seal),True,IPR005304,family,,244,12,244,CONTINUOUS
A0A2Y9KVH4,18S rRNA (pseudouridine(1248)-N1)-methyltransferase,244,LOC111159741,391180,Enhydra lutris kenyoni,Enhydra lutris kenyoni (northern sea otter),True,IPR005304,family,,244,12,244,CONTINUOUS
A0A2Y9KY56,18S rRNA (pseudouridine(1248)-N1)-methyltransferase,194,LOC111159741,391180,Enhydra lutris kenyoni,Enhydra lutris kenyoni (northern sea otter),True,IPR005304,family,,194,12,188,CONTINUOUS
A0A2Y9NJW0,18S rRNA (pseudouridine(1248)-N1)-methyltransferase,244,EMG1,9749,Delphinapterus leucas,Delphinapterus leucas (Beluga whale),True,IPR005304,family,,244,12,244,CONTINUOUS
A0A2Y9NPB5,18S rRNA (pseudouridine(1248)-N1)-methyltransferase,194,EMG1,9749,Delphinapterus leucas,Delphinapterus leucas (Beluga whale),True,IPR005304,family,,194,12,188,CONTINUOUS
A0A2Z2HPP4,Ribosomal RNA small subunit methyltransferase Nep1,222,nep1,1898749,Candidatus Nitrosomarinus catalinensis,Candidatus Nitrosomarinus catalinensis,True,IPR005304,family,,222,2,218,CONTINUOUS
A0A2Z2M4D6,Ribosomal RNA small subunit methyltransferase Nep1,220,nep1,71997,Thermococcus gorgonarius,Thermococcus gorgonarius,True,IPR005304,family,,220,2,217,CONTINUOUS
A0A2Z2M8Z9,Ribosomal RNA small subunit methyltransferase Nep1,221,nep1,49899,Thermococcus profundus,Thermococcus profundus,True,IPR005304,family,,221,2,218,CONTINUOUS
A0A2Z2MCJ0,Ribosomal RNA small subunit methyltransferase Nep1,219,nep1,54077,Thermococcus barossii,Thermococcus barossii,True,IPR005304,family,,219,2,217,CONTINUOUS
A0A2Z2MKQ8,Ribosomal RNA small subunit methyltransferase Nep1,219,nep1,72803,Thermococcus siculi,Thermococcus siculi,True,IPR005304,family,,219,2,216,CONTINUOUS
A0A2Z2MXV6,Ribosomal RNA small subunit methyltransferase Nep1,219,nep1,187880,Thermococcus radiotolerans,Thermococcus radiotolerans,True,IPR005304,family,,219,2,217,CONTINUOUS
A0A2Z6Q6D4,Ribosomal RNA small subunit methyltransferase NEP1,328,RclHR1_12160002,94130,Rhizophagus clarus,Rhizophagus clarus,True,IPR005304,family,,328,34,327,CONTINUOUS
A0A2Z7A5T8,Uncharacterized protein,168,F511_33102,472368,Dorcoceras hygrometricum,Dorcoceras hygrometricum,True,IPR005304,family,,168,62,166,CONTINUOUS
A0A2Z7A9D7,Ribosomal RNA small subunit methyltransferase NEP1,251,F511_42215,472368,Dorcoceras hygrometricum,Dorcoceras hygrometricum,True,IPR005304,family,,251,18,250,CONTINUOUS
A0A2Z7BMI4,Nucleolar essential protein,206,F511_34904,472368,Dorcoceras hygrometricum,Dorcoceras hygrometricum,True,IPR005304,family,,206,60,204,CONTINUOUS
A0A2Z7BNS5,Uncharacterized protein,269,F511_30822,472368,Dorcoceras hygrometricum,Dorcoceras hygrometricum,True,IPR005304,family,,269,61,251,CONTINUOUS
A0A2Z7CZH9,Ribosomal RNA small subunit methyltransferase NEP1,183,F511_07005,472368,Dorcoceras hygrometricum,Dorcoceras hygrometricum,True,IPR005304,family,,183,5,183,CONTINUOUS
A0A314UJ51,Ribosomal RNA small subunit methyltransferase nep-1,320,Pyn_09883,2094558,Prunus yedoensis var. nudiflora,Prunus yedoensis var. nudiflora,True,IPR005304,family,,320,32,320,CONTINUOUS
A0A314UN64,Ribosomal RNA small subunit methyltransferase nep-1,85,Pyn_02677,2094558,Prunus yedoensis var. nudiflora,Prunus yedoensis var. nudiflora,True,IPR005304,family,,85,23,81,CONTINUOUS
A0A314XW91,Ribosomal RNA small subunit methyltransferase nep-1,293,Pyn_22370,2094558,Prunus yedoensis var. nudiflora,Prunus yedoensis var. nudiflora,True,IPR005304,family,,293,38,293,CONTINUOUS
A0A314YA50,Ribosomal RNA small subunit methyltransferase nep-1,290,Pyn_08383,2094558,Prunus yedoensis var. nudiflora,Prunus yedoensis var. nudiflora,True,IPR005304,family,,290,38,290,CONTINUOUS
A0A314YSW8,Ribosomal RNA small subunit methyltransferase nep-1-like,251,Pyn_38504,2094558,Prunus yedoensis var. nudiflora,Prunus yedoensis var. nudiflora,True,IPR005304,family,,251,33,240,CONTINUOUS
A0A314YZ97,Ribosomal RNA small subunit methyltransferase NEP1-like,238,Pyn_08242,2094558,Prunus yedoensis var. nudiflora,Prunus yedoensis var. nudiflora,True,IPR005304,family,,238,31,238,CONTINUOUS
A0A314Z2V3,Ribosomal RNA small subunit methyltransferase nep-1-like,206,Pyn_08243,2094558,Prunus yedoensis var. nudiflora,Prunus yedoensis var. nudiflora,True,IPR005304,family,,206,35,205,CONTINUOUS
A0A315A5E9,Ribosomal RNA small subunit methyltransferase NEP1-like,258,Pyn_38503,2094558,Prunus yedoensis var. nudiflora,Prunus yedoensis var. nudiflora,True,IPR005304,family,,258,31,258,CONTINUOUS
A0A315VLD6,18S rRNA (pseudouridine(1248)-N1)-methyltransferase,786,CCH79_00010910,33528,Gambusia affinis,Gambusia affinis (Western mosquitofish),True,IPR005304,family,,786,6,236,CONTINUOUS
A0A316UEN6,Nep1-domain-containing protein,389,BCV69DRAFT_264929,1684307,Pseudomicrostroma glucosiphilum,Pseudomicrostroma glucosiphilum,True,IPR005304,family,,389,122,388,CONTINUOUS
A0A316UT11,Nep1-domain-containing protein,391,BDZ90DRAFT_231891,1569628,Jaminaea rosea,Jaminaea rosea,True,IPR005304,family,,391,107,391,CONTINUOUS
A0A316VCQ2,Nep1-domain-containing protein,403,FA14DRAFT_160485,1280837,Meira miltonrushii,Meira miltonrushii,True,IPR005304,family,,403,150,402,CONTINUOUS
A0A316W8U4,Nep1-domain-containing protein,395,IE81DRAFT_296219,1522189,Ceraceosorus guamensis,Ceraceosorus guamensis,True,IPR005304,family,,395,128,395,CONTINUOUS
A0A316YKR7,Nep1-domain-containing protein,441,FA10DRAFT_240214,215250,Acaromyces ingoldii,Acaromyces ingoldii,True,IPR005304,family,,441,169,440,CONTINUOUS
A0A316ZBZ7,Nep1-domain-containing protein,371,FA09DRAFT_329025,58919,Tilletiopsis washingtonensis,Tilletiopsis washingtonensis,True,IPR005304,family,,371,124,370,CONTINUOUS
A0A317SHE0,Nep1-domain-containing protein,250,C7212DRAFT_329498,42249,Tuber magnatum,Tuber magnatum (white Piedmont truffle),True,IPR005304,family,,250,33,250,CONTINUOUS
A0A317SU60,Uncharacterized protein,226,C7212DRAFT_350766,42249,Tuber magnatum,Tuber magnatum (white Piedmont truffle),True,IPR005304,family,,226,30,206,CONTINUOUS
A0A317V0A9,Essential for mitotic growth 1,259,BO83DRAFT_112094,1448314,Aspergillus eucalypticola (strain CBS 122712 / IBT 29274),Aspergillus eucalypticola (strain CBS 122712 / IBT 29274),True,IPR005304,family,,259,33,259,CONTINUOUS
A0A317V2B1,Essential for mitotic growth 1,259,BO70DRAFT_374542,1448321,Aspergillus heteromorphus CBS 117.55,Aspergillus heteromorphus CBS 117.55,True,IPR005304,family,,259,37,259,CONTINUOUS
A0A317W5G2,Essential for mitotic growth 1,259,BO94DRAFT_165304,1450535,Aspergillus sclerotioniger CBS 115572,Aspergillus sclerotioniger CBS 115572,True,IPR005304,family,,259,33,259,CONTINUOUS
A0A317XKU6,Nep1-domain-containing protein,377,BCV70DRAFT_201472,1882483,Testicularia cyperi,Testicularia cyperi,True,IPR005304,family,,377,121,376,CONTINUOUS
A0A318YZ27,Nucleolar essential protein 1,254,BO87DRAFT_311542,1448310,Aspergillus neoniger (strain CBS 115656),Aspergillus neoniger (strain CBS 115656),True,IPR005304,family,,254,32,254,CONTINUOUS
A0A318ZKA7,Nucleolar essential protein 1,254,BP01DRAFT_297515,1450539,Aspergillus saccharolyticus JOP 1030-1,Aspergillus saccharolyticus JOP 1030-1,True,IPR005304,family,,254,32,254,CONTINUOUS
A0A319AU59,Essential for mitotic growth 1,259,BO88DRAFT_191577,1448311,Aspergillus vadensis (strain CBS 113365 / IMI 142717 / IBT 24658),Aspergillus vadensis (strain CBS 113365 / IMI 142717 / IBT 24658),True,IPR005304,family,,259,33,259,CONTINUOUS
A0A319C6A3,Nucleolar essential protein 1,254,BO82DRAFT_285634,1448315,Aspergillus uvarum CBS 121591,Aspergillus uvarum CBS 121591,True,IPR005304,family,,254,32,254,CONTINUOUS
A0A319CUJ3,Nucleolar essential protein 1,254,BO71DRAFT_337854,1448320,Aspergillus ellipticus CBS 707.79,Aspergillus ellipticus CBS 707.79,True,IPR005304,family,,254,32,254,CONTINUOUS
A0A319EMX6,Essential for mitotic growth 1,259,BO78DRAFT_410864,1448318,Aspergillus sclerotiicarbonarius (strain CBS 121057 / IBT 28362),Aspergillus sclerotiicarbonarius (strain CBS 121057 / IBT 28362),True,IPR005304,family,,259,33,259,CONTINUOUS
A0A328DZX9,Ribosomal RNA small subunit methyltransferase NEP1,285,DM860_010806,267555,Cuscuta australis,Cuscuta australis,True,IPR005304,family,,285,74,285,CONTINUOUS
A0A328DZY4,Ribosomal RNA small subunit methyltransferase NEP1,275,DM860_010807,267555,Cuscuta australis,Cuscuta australis,True,IPR005304,family,,275,17,229,CONTINUOUS
A0A328E611,Ribosomal RNA small subunit methyltransferase NEP1,298,DM860_010611,267555,Cuscuta australis,Cuscuta australis,True,IPR005304,family,,298,51,265,CONTINUOUS
A0A329RPN3,Ribosome biogenesis protein NEP1,219,PC113_g1660,29920,Phytophthora cactorum,Phytophthora cactorum,True,IPR005304,family,,219,5,219,CONTINUOUS
A0A340YAG7,18S rRNA (pseudouridine(1248)-N1)-methyltransferase,244,EMG1,118797,Lipotes vexillifer,Lipotes vexillifer (Yangtze river dolphin),True,IPR005304,family,,244,12,244,CONTINUOUS
A0A341AE14,Ribosomal RNA small subunit methyltransferase NEP1 isoform X2,194,EMG1,1706337,Neophocaena asiaeorientalis asiaeorientalis,Neophocaena asiaeorientalis asiaeorientalis (Yangtze finless porpoise),True,IPR005304,family,,194,12,188,CONTINUOUS
A0A341AE71,18S rRNA (pseudouridine(1248)-N1)-methyltransferase,244,EMG1,1706337,Neophocaena asiaeorientalis asiaeorientalis,Neophocaena asiaeorientalis asiaeorientalis (Yangtze finless porpoise),True,IPR005304,family,,244,12,244,CONTINUOUS
A0A364LBG8,Ribosomal RNA small subunit methyltransferase NEP1,247,BHQ10_009131,1196081,Talaromyces amestolkiae,Talaromyces amestolkiae,True,IPR005304,family,,247,28,247,CONTINUOUS
A0A364LYN9,Alpha/beta knot methyltransferase,262,CA14_002508,5059,Aspergillus flavus,Aspergillus flavus,True,IPR005304,family,,262,39,262,CONTINUOUS
A0A364MZC1,Nucleolar essential protein 1,276,DDE83_006389,183478,Stemphylium lycopersici,Stemphylium lycopersici (Tomato gray leaf spot disease fungus),True,IPR005304,family,,276,32,275,CONTINUOUS
A0A365N2S1,Ribosomal RNA small subunit methyltransferase NEP1,259,BFJ72_g12977,948311,Gibberella intermedia,Gibberella intermedia (Bulb rot disease fungus),True,IPR005304,family,,259,37,259,CONTINUOUS
A0A366RMQ7,Ribosomal RNA small subunit methyltransferase NEP1,250,FIESC28_06464,231269,Fusarium coffeatum,Fusarium coffeatum,True,IPR005304,family,,250,28,250,CONTINUOUS
A0A367IMY4,18S rRNA pseudouridine methyltransferase,159,CU098_002862,4846,Rhizopus stolonifer,Rhizopus stolonifer,True,IPR005304,family,,159,1,159,CONTINUOUS
A0A367INX4,18S rRNA pseudouridine methyltransferase,235,CU097_000034,86630,Rhizopus azygosporus,Rhizopus azygosporus,True,IPR005304,family,,235,10,235,CONTINUOUS
A0A367K062,Ribosomal RNA small subunit methyltransferase mra1,259,MRA1,86630,Rhizopus azygosporus,Rhizopus azygosporus,True,IPR005304,family,,259,4,259,CONTINUOUS
A0A367KZE9,Ribosomal RNA small subunit methyltransferase NEP1,268,L249_1667,1330021,Ophiocordyceps polyrhachis-furcata BCC 54312,Ophiocordyceps polyrhachis-furcata BCC 54312,True,IPR005304,family,,268,40,268,CONTINUOUS
A0A367XSI4,Ribosomal RNA small subunit methyltransferase NEP1,275,NEP1_0,5486,Candida viswanathii,Candida viswanathii,True,IPR005304,family,,275,28,274,CONTINUOUS
A0A367YDX0,Ribosomal RNA small subunit methyltransferase NEP1,270,NEP1_1,5486,Candida viswanathii,Candida viswanathii,True,IPR005304,family,,270,26,269,CONTINUOUS
A0A368FYB3,Nep1 ribosome biogenesis protein,168,ANCCAN_16921,29170,Ancylostoma caninum,Ancylostoma caninum (Dog hookworm),True,IPR005304,family,,168,31,166,CONTINUOUS
A0A368FYJ7,Nep1 ribosome biogenesis protein,73,ANCCAN_16920,29170,Ancylostoma caninum,Ancylostoma caninum (Dog hookworm),True,IPR005304,family,,73,2,73,CONTINUOUS
A0A368PKA2,Ribosomal RNA small subunit methyltransferase NEP1,238,SETIT_1G130800v2,4555,Setaria italica,Setaria italica (Foxtail millet),True,IPR005304,family,,238,16,237,CONTINUOUS
A0A369J0T6,Ribosomal RNA small subunit methyltransferase NEP1,396,NEP1,39966,Hypsizygus marmoreus,Hypsizygus marmoreus (White beech mushroom),True,IPR005304,family,,396,160,396,CONTINUOUS
A0A370CCF7,Essential for mitotic growth 1,259,M747DRAFT_155274,1353008,Aspergillus niger ATCC 13496,Aspergillus niger ATCC 13496,True,IPR005304,family,,259,33,259,CONTINUOUS
A0A370P605,Essential for mitotic growth 1,259,M752DRAFT_94864,1353007,Aspergillus phoenicis ATCC 13157,Aspergillus phoenicis ATCC 13157,True,IPR005304,family,,259,33,259,CONTINUOUS
A0A370TG82,EMG1 Protein Essential for Mitotic Growth,248,BP5553_08270,2656787,Venustampulla echinocandica,Venustampulla echinocandica,True,IPR005304,family,,248,25,248,CONTINUOUS
A0A371CWR5,Nep1-domain-containing protein,256,OH76DRAFT_1359197,2498619,Lentinus brumalis,Lentinus brumalis,True,IPR005304,family,,256,5,256,CONTINUOUS
A0A371DYU4,Ribosomal RNA small subunit methyltransferase NEP1,281,Emg1,157652,Mucuna pruriens,Mucuna pruriens (Velvet bean),True,IPR005304,family,,281,71,280,CONTINUOUS
A0A371EBT2,Ribosomal RNA small subunit methyltransferase NEP1,311,Emg1,157652,Mucuna pruriens,Mucuna pruriens (Velvet bean),True,IPR005304,family,,311,83,310,CONTINUOUS
A0A371EI37,Ribosomal RNA small subunit methyltransferase NEP1,289,Emg1,157652,Mucuna pruriens,Mucuna pruriens (Velvet bean),True,IPR005304,family,,289,24,278,CONTINUOUS
A0A371EKF7,Ribosomal RNA small subunit methyltransferase nep-1,243,Y39A1A.14,157652,Mucuna pruriens,Mucuna pruriens (Velvet bean),True,IPR005304,family,,243,25,242,CONTINUOUS
A0A371R5T5,Ribosomal RNA small subunit methyltransferase Nep1,221,nep1,13773,Pyrobaculum aerophilum,Pyrobaculum aerophilum,True,IPR005304,family,,221,1,215,CONTINUOUS
A0A376B613,Ribosomal RNA small subunit methyltransferase NEP1,260,SCODWIG_01833,36035,Saccharomycodes ludwigii,Saccharomycodes ludwigii,True,IPR005304,family,,260,33,260,CONTINUOUS
A0A381WRL8,16S rRNA (pseudouridine-N1-)-methyltransferase Nep1,224,METZ01_LOCUS107876,408172,marine metagenome,marine metagenome,True,IPR005304,family,,224,3,220,CONTINUOUS
A0A382VI16,16S rRNA (pseudouridine-N1-)-methyltransferase Nep1,224,METZ01_LOCUS398981,408172,marine metagenome,marine metagenome,True,IPR005304,family,,224,2,220,CONTINUOUS
A0A383DQQ9,Uncharacterized protein,184,METZ01_LOCUS499434,408172,marine metagenome,marine metagenome,True,IPR005304,family,,184,3,183,CONTINUOUS
A0A383UK05,Nucleolar essential protein 1,280,BLGHR1_10376,2867405,Blumeria hordei,Blumeria hordei (Barley powdery mildew),True,IPR005304,family,,280,18,280,CONTINUOUS
A0A383W0E6,Ribosomal RNA small subunit methyltransferase NEP1,229,BQ4739_LOCUS10366,3088,Tetradesmus obliquus,Tetradesmus obliquus (Green alga),True,IPR005304,family,,229,11,229,CONTINUOUS
A0A383Z551,18S rRNA (pseudouridine(1248)-N1)-methyltransferase,244,EMG1,9767,Balaenoptera acutorostrata,Balaenoptera acutorostrata (Common minke whale),True,IPR005304,family,,244,12,244,CONTINUOUS
A0A384BGP5,18S rRNA (pseudouridine(1248)-N1)-methyltransferase,244,EMG1,29073,Ursus maritimus,Ursus maritimus (Polar bear),True,IPR005304,family,,244,14,244,CONTINUOUS
A0A384J9I2,Nucleolar essential protein 1,260,Bcemg1,332648,Botryotinia fuckeliana (strain B05.10),Botryotinia fuckeliana (strain B05.10) (Noble rot fungus),True,IPR005304,family,,260,31,260,CONTINUOUS
A0A384KSP2,"Ribosomal RNA small subunit methyltransferase NEP1, putative",231,PKNH_1315500,5851,Plasmodium knowlesi (strain H),Plasmodium knowlesi (strain H),True,IPR005304,family,,231,12,226,CONTINUOUS
A0A384L4C4,"Ribosome biogenesis protein, putative",471,PKNH_1444900,5851,Plasmodium knowlesi (strain H),Plasmodium knowlesi (strain H),True,IPR005304,family,,471,229,470,CONTINUOUS
A0A388JUM7,Uncharacterized protein,84,CBR_g21861,69332,Chara braunii,Chara braunii (Braun's stonewort),True,IPR005304,family,,84,24,80,CONTINUOUS
A0A391P3F7,"Ribosomal biogenesis, methyltransferase, EMG1/NEP1",111,KIPB_016917,797122,Kipferlia bialata,Kipferlia bialata,True,IPR005304,family,,111,1,110,CONTINUOUS
A0A392NH36,Putative ribosomal RNA small subunit methyltransferase NEP1,101,A2U01_0020188,97028,Trifolium medium,Trifolium medium,True,IPR005304,family,,101,6,84,CONTINUOUS
A0A394DBK4,Ribosomal RNA small subunit methyltransferase NEP1,269,TanjilG_21793,3871,Lupinus angustifolius,Lupinus angustifolius (Narrow-leaved blue lupine),True,IPR005304,family,,269,31,269,CONTINUOUS
A0A394DGB0,Ribosomal RNA small subunit methyltransferase NEP1,189,TanjilG_31616,3871,Lupinus angustifolius,Lupinus angustifolius (Narrow-leaved blue lupine),True,IPR005304,family,,189,1,189,CONTINUOUS
A0A395HF70,Essential for mitotic growth 1,259,BO80DRAFT_343316,1448316,Aspergillus ibericus CBS 121593,Aspergillus ibericus CBS 121593,True,IPR005304,family,,259,33,259,CONTINUOUS
A0A395HUK8,Nucleolar essential protein 1,254,BO97DRAFT_349171,1450537,Aspergillus homomorphus (strain CBS 101889),Aspergillus homomorphus (strain CBS 101889),True,IPR005304,family,,254,32,254,CONTINUOUS
A0A395IG07,Ribosomal RNA small subunit methyltransferase NEP1,220,DID88_009274,38457,Monilinia fructigena,Monilinia fructigena,True,IPR005304,family,,220,28,216,CONTINUOUS
A0A395MER8,Ribosomal rna small subunit methyltransferase nep1,259,FIE12Z_9321,2675880,Fusarium flagelliforme,Fusarium flagelliforme,True,IPR005304,family,,259,37,259,CONTINUOUS
A0A395N7L0,Importin N-terminal domain-containing protein,1237,TARUN_10144,490622,Trichoderma arundinaceum,Trichoderma arundinaceum,True,IPR005304,family,,1237,1029,1231,CONTINUOUS
A0A395RJ82,Ribosomal rna small subunit methyltransferase nep1,259,FSPOR_11029,5514,Fusarium sporotrichioides,Fusarium sporotrichioides,True,IPR005304,family,,259,37,259,CONTINUOUS
A0A395RKL8,Ribosomal rna small subunit methyltransferase nep1,263,FLONG3_10901,694270,Fusarium longipes,Fusarium longipes,True,IPR005304,family,,263,37,263,CONTINUOUS
A0A396JZE5,Putative tRNA (Pseudouridine(54)-N(1))-methyltransferase,82,MtrunA17_Chr1g0211301,3880,Medicago truncatula,Medicago truncatula (Barrel medic),True,IPR005304,family,,82,8,81,CONTINUOUS
A0A396K4I8,Putative tRNA (Pseudouridine(54)-N(1))-methyltransferase,78,MtrunA17_Chr1g0211311,3880,Medicago truncatula,Medicago truncatula (Barrel medic),True,IPR005304,family,,78,2,64,CONTINUOUS
A0A397H3H7,18S rRNA pseudouridine methyltransferase,254,EMG1,41047,Aspergillus thermomutatus,Aspergillus thermomutatus,True,IPR005304,family,,254,31,254,CONTINUOUS
A0A397J1V7,Ribosomal RNA small subunit methyltransferase NEP1,354,Glove_134g212,1348612,Diversispora epigaea,Diversispora epigaea,True,IPR005304,family,,354,98,353,CONTINUOUS
A0A397TNS9,Alpha/beta knot methyltransferase,328,C1645_685801,658196,Glomus cerebriforme,Glomus cerebriforme,True,IPR005304,family,,328,75,327,CONTINUOUS
A0A397W4B7,Alpha/beta knot methyltransferase,325,C2G38_1950194,44941,Gigaspora rosea,Gigaspora rosea,True,IPR005304,family,,325,81,324,CONTINUOUS
A0A397W7N3,RNA methyltransferase,51,C2G38_1950184,44941,Gigaspora rosea,Gigaspora rosea,True,IPR005304,family,,51,1,50,CONTINUOUS
A0A397Y126,Ribosomal RNA small subunit methyltransferase NEP1,293,BRARA_I03930,3711,Brassica campestris,Brassica campestris (Field mustard),True,IPR005304,family,,293,48,293,CONTINUOUS
A0A3A2ZW60,Nucleolar essential protein 1,253,PHISCL_05439,2070753,Aspergillus sclerotialis,Aspergillus sclerotialis,True,IPR005304,family,,253,31,253,CONTINUOUS
A0A3B0K324,18S rRNA (pseudouridine-N1)-methyltransferase,252,DGUA_6G010335,7266,Drosophila guanche,Drosophila guanche (Fruit fly),True,IPR005304,family,,252,28,251,CONTINUOUS
A0A3B0N9F2,Ribosome biogenesis protein,271,TAT_000275900,5874,Theileria annulata,Theileria annulata,True,IPR005304,family,,271,3,266,CONTINUOUS
A0A3B3C0B4,18S rRNA (pseudouridine(1248)-N1)-methyltransferase,237,,30732,Oryzias melastigma,Oryzias melastigma (Marine medaka),True,IPR005304,family,,237,6,237,CONTINUOUS
A0A3B3QVQ7,18S rRNA (pseudouridine(1248)-N1)-methyltransferase,239,,1676925,Paramormyrops kingsleyae,Paramormyrops kingsleyae,True,IPR005304,family,,239,15,239,CONTINUOUS
A0A3B3VAB5,18S rRNA (pseudouridine(1248)-N1)-methyltransferase,236,,48699,Poecilia latipinna,Poecilia latipinna (sailfin molly),True,IPR005304,family,,236,6,236,CONTINUOUS
A0A3B3XH82,18S rRNA (pseudouridine(1248)-N1)-methyltransferase,236,,48701,Poecilia mexicana,Poecilia mexicana,True,IPR005304,family,,236,6,236,CONTINUOUS
A0A3B4B6P7,18S rRNA (pseudouridine(1248)-N1)-methyltransferase,236,,409849,Periophthalmus magnuspinnatus,Periophthalmus magnuspinnatus,True,IPR005304,family,,236,11,236,CONTINUOUS
A0A3B4CU39,18S rRNA (pseudouridine(1248)-N1)-methyltransferase,238,EMG1,42514,Pygocentrus nattereri,Pygocentrus nattereri (Red-bellied piranha),True,IPR005304,family,,238,12,238,CONTINUOUS
A0A3B4HAX9,18S rRNA (pseudouridine(1248)-N1)-methyltransferase,237,emg1,303518,Pundamilia nyererei,Pundamilia nyererei,True,IPR005304,family,,237,9,237,CONTINUOUS
A0A3B4UAZ1,18S rRNA (pseudouridine(1248)-N1)-methyltransferase,250,,41447,Seriola dumerili,Seriola dumerili (Greater amberjack),True,IPR005304,family,,250,19,250,CONTINUOUS
A0A3B4YIK8,18S rRNA (pseudouridine(1248)-N1)-methyltransferase,250,,1841481,Seriola lalandi dorsalis,Seriola lalandi dorsalis,True,IPR005304,family,,250,25,250,CONTINUOUS
A0A3B4ZHP2,18S rRNA (pseudouridine(1248)-N1)-methyltransferase,235,emg1,144197,Stegastes partitus,Stegastes partitus (bicolor damselfish),True,IPR005304,family,,235,6,234,CONTINUOUS
A0A3B5Q051,18S rRNA (pseudouridine(1248)-N1)-methyltransferase,209,,8083,Xiphophorus maculatus,Xiphophorus maculatus (Southern platyfish),True,IPR005304,family,,209,6,203,CONTINUOUS
A0A3B5XSV8,Uncharacterized protein,125,LOC123064378,4565,Triticum aestivum,Triticum aestivum (Wheat),True,IPR005304,family,,125,1,116,CONTINUOUS
A0A3B6NP02,Ribosomal RNA small subunit methyltransferase NEP1,262,LOC123127606,4565,Triticum aestivum,Triticum aestivum (Wheat),True,IPR005304,family,,262,34,261,CONTINUOUS
A0A3B6NR68,Ribosomal RNA small subunit methyltransferase NEP1,280,LOC123127606,4565,Triticum aestivum,Triticum aestivum (Wheat),True,IPR005304,family,,280,41,279,CONTINUOUS
A0A3B6PKE5,Nucleolar essential protein 1,279,,4565,Triticum aestivum,Triticum aestivum (Wheat),False,IPR005304,family,,279,40,278,CONTINUOUS
A0A3B6QEK9,Ribosomal RNA small subunit methyltransferase NEP1,262,LOC123144707,4565,Triticum aestivum,Triticum aestivum (Wheat),True,IPR005304,family,,262,36,261,CONTINUOUS
A0A3B6QEW8,Uncharacterized protein,280,LOC123144707,4565,Triticum aestivum,Triticum aestivum (Wheat),True,IPR005304,family,,280,43,279,CONTINUOUS
A0A3B6RL82,Ribosomal RNA small subunit methyltransferase NEP1,276,LOC123162013,4565,Triticum aestivum,Triticum aestivum (Wheat),True,IPR005304,family,,276,50,275,CONTINUOUS
A0A3B6SLY9,Ribosomal RNA small subunit methyltransferase NEP1,277,LOC123161461,4565,Triticum aestivum,Triticum aestivum (Wheat),True,IPR005304,family,,277,48,276,CONTINUOUS
A0A3B6SS26,Ribosomal RNA small subunit methyltransferase NEP1,276,,4565,Triticum aestivum,Triticum aestivum (Wheat),True,IPR005304,family,,276,47,275,CONTINUOUS
A0A3D8R234,Nucleolar essential protein 1,253,BP6252_09499,1849047,Coleophoma cylindrospora,Coleophoma cylindrospora,True,IPR005304,family,,253,28,253,CONTINUOUS
A0A3D8RHZ4,Putative nucleolar essential protein 1,260,BP5796_07109,565419,Coleophoma crateriformis,Coleophoma crateriformis,True,IPR005304,family,,260,33,260,CONTINUOUS
A0A3D8SIH2,Nucleolar essential protein 1,255,DSM5745_02769,1810919,Aspergillus mulundensis,Aspergillus mulundensis,True,IPR005304,family,,255,32,255,CONTINUOUS
A0A3E2H2S9,Uncharacterized protein,249,B7463_g8649,5539,Scytalidium lignicola,Scytalidium lignicola (Hyphomycete),True,IPR005304,family,,249,25,249,CONTINUOUS
A0A3F2RIZ7,Ribosomal RNA small subunit methyltransferase NEP1,219,JM16_006782,325452,Phytophthora kernoviae,Phytophthora kernoviae,True,IPR005304,family,,219,5,219,CONTINUOUS
A0A3F3PX50,Alpha/beta knot methyltransferase,254,BDQ94DRAFT_180469,1341132,Aspergillus welwitschiae,Aspergillus welwitschiae,True,IPR005304,family,,254,32,254,CONTINUOUS
A0A3G1AA83,Ribosomal RNA small subunit methyltransferase Nep1,228,nep1,697581,Thermofilum adornatum 1505,Thermofilum adornatum 1505,True,IPR005304,family,,228,3,222,CONTINUOUS
A0A3G1B543,Ribosomal RNA small subunit methyltransferase Nep1,222,nep1,1603555,Candidatus Nitrosotenuis cloacae,Candidatus Nitrosotenuis cloacae,True,IPR005304,family,,222,2,218,CONTINUOUS
A0A3G2S0G5,Ribosomal RNA small subunit methyltransferase NEP1,364,NEP1,425264,Malassezia restricta (strain ATCC 96810 / NBRC 103918 / CBS 7877),Malassezia restricta (strain ATCC 96810 / NBRC 103918 / CBS 7877) (Seborrheic dermatitis infection agent),True,IPR005304,family,,364,81,364,CONTINUOUS
A0A3L6LCF8,EMG1/NEP1 methyltransferase,279,DPX39_020021300,630700,Trypanosoma brucei equiperdum,Trypanosoma brucei equiperdum,True,IPR005304,family,,279,53,272,CONTINUOUS
A0A3L6LDA5,EMG1/NEP1 methyltransferase,278,DPX39_040067700,630700,Trypanosoma brucei equiperdum,Trypanosoma brucei equiperdum,True,IPR005304,family,,278,9,270,CONTINUOUS
A0A3L6NZ76,Ribosomal RNA small subunit methyltransferase NEP1,259,BFJ65_g2407,396571,Fusarium oxysporum f. sp. cepae,Fusarium oxysporum f. sp. cepae,True,IPR005304,family,,259,37,259,CONTINUOUS
A0A3L6QCR3,Ribosomal RNA small subunit methyltransferase NEP1,292,C2845_PM12G09900,4540,Panicum miliaceum,Panicum miliaceum (Proso millet),True,IPR005304,family,,292,60,266,CONTINUOUS
A0A3L6QYK0,Ribosomal RNA small subunit methyltransferase NEP1,289,C2845_PM08G22390,4540,Panicum miliaceum,Panicum miliaceum (Proso millet),True,IPR005304,family,,289,58,288,CONTINUOUS
A0A3L6RT72,Ribosomal RNA small subunit methyltransferase NEP1,289,C2845_PM11G16850,4540,Panicum miliaceum,Panicum miliaceum (Proso millet),True,IPR005304,family,,289,53,288,CONTINUOUS
A0A3L6SJQ7,Ribosomal RNA small subunit methyltransferase NEP1,290,C2845_PM07G19220,4540,Panicum miliaceum,Panicum miliaceum (Proso millet),True,IPR005304,family,,290,59,289,CONTINUOUS
A0A3L8DH33,18S rRNA (pseudouridine-N1)-methyltransferase,235,DMN91_008183,2015173,Ooceraea biroi,Ooceraea biroi (Clonal raider ant),True,IPR005304,family,,235,3,235,CONTINUOUS
A0A3L8SAU3,Ribosomal RNA small subunit methyltransferase NEP1,321,DV515_00010154,44316,Chloebia gouldiae,Chloebia gouldiae (Gouldian finch),True,IPR005304,family,,321,15,315,CONTINUOUS
A0A3M0K2V6,18S rRNA (pseudouridine(1248)-N1)-methyltransferase,241,DUI87_17061,333673,Hirundo rustica rustica,Hirundo rustica rustica,True,IPR005304,family,,241,12,240,CONTINUOUS
A0A3M2SK26,Ribosomal RNA small subunit methyltransferase NEP1,261,CDV36_002399,2010991,Fusarium kuroshium,Fusarium kuroshium,True,IPR005304,family,,261,34,261,CONTINUOUS
A0A3M6T6Z9,Ribosomal RNA small subunit methyltransferase NEP1,255,pdam_00010686,46731,Pocillopora damicornis,Pocillopora damicornis (Cauliflower coral),True,IPR005304,family,,255,36,248,CONTINUOUS
A0A3M6VUD3,Ribosomal RNA small subunit methyltransferase NEP1,219,DD238_000376,542832,Peronospora effusa,Peronospora effusa,True,IPR005304,family,,219,5,219,CONTINUOUS
A0A3M6XY12,Ribosomal RNA small subunit methyltransferase NEP1,261,D0867_13406,91943,Hortaea werneckii,Hortaea werneckii (Black yeast),True,IPR005304,family,,261,33,261,CONTINUOUS
A0A3M7CIR4,Ribosomal RNA small subunit methyltransferase NEP1,237,D0864_15236,91943,Hortaea werneckii,Hortaea werneckii (Black yeast),True,IPR005304,family,,237,11,237,CONTINUOUS
A0A3M7DYJ0,Ribosomal RNA small subunit methyltransferase NEP1,252,D0863_14254,91943,Hortaea werneckii,Hortaea werneckii (Black yeast),True,IPR005304,family,,252,26,252,CONTINUOUS
A0A3M7FKI9,Ribosomal RNA small subunit methyltransferase NEP1,237,D0861_04572,91943,Hortaea werneckii,Hortaea werneckii (Black yeast),True,IPR005304,family,,237,11,237,CONTINUOUS
A0A3M7GGN3,Ribosomal RNA small subunit methyltransferase NEP1,261,D0862_06935,91943,Hortaea werneckii,Hortaea werneckii (Black yeast),True,IPR005304,family,,261,33,261,CONTINUOUS
A0A3M7HW48,Ribosomal RNA small subunit methyltransferase NEP1,261,D0860_00468,91943,Hortaea werneckii,Hortaea werneckii (Black yeast),True,IPR005304,family,,261,35,261,CONTINUOUS
A0A3M7I4G4,Ribosomal RNA small subunit methyltransferase NEP1,287,D0859_15568,91943,Hortaea werneckii,Hortaea werneckii (Black yeast),True,IPR005304,family,,287,56,287,CONTINUOUS
A0A3M7SWK2,Ribosomal RNA small subunit methyltransferase NEP1,268,BpHYR1_000786,10195,Brachionus plicatilis,Brachionus plicatilis (Marine rotifer),True,IPR005304,family,,268,26,268,CONTINUOUS
A0A3M9Y116,18S rRNA pseudouridine methyltransferase,276,EMG1,1051616,Verticillium nonalfalfae,Verticillium nonalfalfae,True,IPR005304,family,,276,51,276,CONTINUOUS
A0A3N2Q7L3,Nucleolar essential protein 1,261,SODALDRAFT_267624,1314773,Sodiomyces alkalinus (strain CBS 110278 / VKM F-3762 / F11),Sodiomyces alkalinus (strain CBS 110278 / VKM F-3762 / F11) (Alkaliphilic filamentous fungus),True,IPR005304,family,,261,34,261,CONTINUOUS
A0A3N4IDY0,Nucleolar essential protein,248,BJ508DRAFT_323632,1160509,Ascobolus immersus RN42,Ascobolus immersus RN42,True,IPR005304,family,,248,28,248,CONTINUOUS
A0A3N4J782,Nep1-domain-containing protein,250,L873DRAFT_1702594,1336337,Choiromyces venosus 120613-1,Choiromyces venosus 120613-1,True,IPR005304,family,,250,33,250,CONTINUOUS
A0A3N4KPG7,Nep1-domain-containing protein,253,P167DRAFT_535843,1392247,Morchella conica CCBAS932,Morchella conica CCBAS932,True,IPR005304,family,,253,33,252,CONTINUOUS
A0A3N4LJ13,Nep1-domain-containing protein,250,L211DRAFT_790534,1051890,Terfezia boudieri ATCC MYA-4762,Terfezia boudieri ATCC MYA-4762,True,IPR005304,family,,250,33,250,CONTINUOUS
A0A3P3Y8Q0,Ribosomal RNA small subunit methyltransferase NEP1,398,PLBR_LOCUS3763,37360,Plasmodiophora brassicae,Plasmodiophora brassicae (Clubroot disease agent),True,IPR005304,family,,398,205,398,CONTINUOUS
A0A3P3Z2I4,EMG1/NEP1 methyltransferase,287,LBRM2904_16.1390,420245,Leishmania braziliensis MHOM/BR/75/M2904,Leishmania braziliensis MHOM/BR/75/M2904,True,IPR005304,family,,287,12,279,CONTINUOUS
A0A3P3ZAJ8,EMG1/NEP1_methyltransferase,246,LBRM2904_27.2220,420245,Leishmania braziliensis MHOM/BR/75/M2904,Leishmania braziliensis MHOM/BR/75/M2904,True,IPR005304,family,,246,2,197,CONTINUOUS
A0A3P5YNB8,Ribosomal RNA small subunit methyltransferase NEP1,295,BRAPAZ1V2_A09P62500.2,3711,Brassica campestris,Brassica campestris (Field mustard),True,IPR005304,family,,295,50,295,CONTINUOUS
A0A3P6FWZ2,Ribosomal RNA small subunit methyltransferase NEP1,292,BOLC8T50847H,3712,Brassica oleracea,Brassica oleracea (Wild cabbage),True,IPR005304,family,,292,48,292,CONTINUOUS
A0A3P6QLS8,Ribosomal RNA small subunit methyltransferase NEP1,160,DILT_LOCUS1572,60516,Dibothriocephalus latus,Dibothriocephalus latus (Fish tapeworm),True,IPR005304,family,,160,1,147,CONTINUOUS
A0A3P6T2H6,18S rRNA (pseudouridine-N1)-methyltransferase,213,ASIM_LOCUS17728,6269,Anisakis simplex,Anisakis simplex (Herring worm),True,IPR005304,family,,213,2,211,CONTINUOUS
A0A3P6TM16,18S rRNA (pseudouridine-N1)-methyltransferase,198,NLS_LOCUS8,42156,Litomosoides sigmodontis,Litomosoides sigmodontis (Filarial nematode worm),True,IPR005304,family,,198,25,193,CONTINUOUS
A0A3P7K7L0,18S rRNA (pseudouridine-N1)-methyltransferase,165,SVUK_LOCUS2323,40348,Strongylus vulgaris,Strongylus vulgaris (Blood worm),True,IPR005304,family,,165,8,165,CONTINUOUS
A0A3P7LR75,Uncharacterized protein,75,DILT_LOCUS9344,60516,Dibothriocephalus latus,Dibothriocephalus latus (Fish tapeworm),True,IPR005304,family,,75,7,55,CONTINUOUS
A0A3P7QIU0,Ribosomal RNA small subunit methyltransferase NEP1,143,GPUH_LOCUS18519,637853,Gongylonema pulchrum,Gongylonema pulchrum,True,IPR005304,family,,143,1,140,CONTINUOUS
A0A3P8CZ03,Ribosomal RNA small subunit methyltransferase NEP1,176,SCUD_LOCUS11370,6186,Schistosoma curassoni,Schistosoma curassoni,True,IPR005304,family,,176,18,162,CONTINUOUS
A0A3P8R0I1,18S rRNA (pseudouridine(1248)-N1)-methyltransferase,254,EMG1,8154,Astatotilapia calliptera,Astatotilapia calliptera (Eastern happy),True,IPR005304,family,,254,9,216,CONTINUOUS
A0A3P8STF9,18S rRNA (pseudouridine(1248)-N1)-methyltransferase,244,,161767,Amphiprion percula,Amphiprion percula (Orange clownfish),True,IPR005304,family,,244,17,244,CONTINUOUS
A0A3P8X397,18S rRNA (pseudouridine(1248)-N1)-methyltransferase,240,,244447,Cynoglossus semilaevis,Cynoglossus semilaevis (Tongue sole),True,IPR005304,family,,240,11,240,CONTINUOUS
A0A3P9CM69,18S rRNA (pseudouridine(1248)-N1)-methyltransferase,237,,106582,Maylandia zebra,Maylandia zebra (zebra mbuna),True,IPR005304,family,,237,9,237,CONTINUOUS
A0A3P9HSQ1,18S rRNA (pseudouridine(1248)-N1)-methyltransferase,237,,8090,Oryzias latipes,Oryzias latipes (Japanese rice fish),True,IPR005304,family,,237,6,237,CONTINUOUS
A0A3P9P0T8,18S rRNA (pseudouridine(1248)-N1)-methyltransferase,289,,8081,Poecilia reticulata,Poecilia reticulata (Guppy),True,IPR005304,family,,289,59,289,CONTINUOUS
A0A3Q0FNQ2,18S rRNA (pseudouridine(1248)-N1)-methyltransferase,202,EMG1,38654,Alligator sinensis,Alligator sinensis (Chinese alligator),True,IPR005304,family,,202,13,201,CONTINUOUS
A0A3Q0RWQ9,18S rRNA (pseudouridine(1248)-N1)-methyltransferase,237,,61819,Amphilophus citrinellus,Amphilophus citrinellus (Midas cichlid),True,IPR005304,family,,237,7,237,CONTINUOUS
A0A3Q1APE9,18S rRNA (pseudouridine(1248)-N1)-methyltransferase,242,EMG1,80972,Amphiprion ocellaris,Amphiprion ocellaris (Clown anemonefish),True,IPR005304,family,,242,17,207,CONTINUOUS
A0A3Q1CR30,18S rRNA (pseudouridine(1248)-N1)-methyltransferase,244,EMG1,80972,Amphiprion ocellaris,Amphiprion ocellaris (Clown anemonefish),True,IPR005304,family,,244,17,244,CONTINUOUS
A0A3Q1GR95,18S rRNA (pseudouridine(1248)-N1)-methyltransferase,235,,80966,Acanthochromis polyacanthus,Acanthochromis polyacanthus (spiny chromis),True,IPR005304,family,,235,5,234,CONTINUOUS
A0A3Q2DLB4,18S rRNA (pseudouridine(1248)-N1)-methyltransferase,236,,28743,Cyprinodon variegatus,Cyprinodon variegatus (Sheepshead minnow),True,IPR005304,family,,236,8,236,CONTINUOUS
A0A3Q2PIB1,EMG1 N1-specific pseudouridine methyltransferase,157,,8078,Fundulus heteroclitus,Fundulus heteroclitus (Killifish),True,IPR005304,family,,157,47,157,CONTINUOUS
A0A3Q2QRT4,EMG1 N1-specific pseudouridine methyltransferase,222,,8078,Fundulus heteroclitus,Fundulus heteroclitus (Killifish),True,IPR005304,family,,222,19,142,CONTINUOUS
A0A3Q2VX50,18S rRNA (pseudouridine(1248)-N1)-methyltransferase,254,,8153,Haplochromis burtoni,Haplochromis burtoni (Burton's mouthbrooder),True,IPR005304,family,,254,9,204,CONTINUOUS
A0A3Q2YM07,18S rRNA (pseudouridine(1248)-N1)-methyltransferase,237,,109280,Hippocampus comes,Hippocampus comes (Tiger tail seahorse),True,IPR005304,family,,237,14,237,CONTINUOUS
A0A3Q2ZZR5,18S rRNA (pseudouridine(1248)-N1)-methyltransferase,238,,37003,Kryptolebias marmoratus,Kryptolebias marmoratus (Mangrove killifish),True,IPR005304,family,,238,13,238,CONTINUOUS
A0A3Q3CT27,18S rRNA (pseudouridine(1248)-N1)-methyltransferase,237,,8153,Haplochromis burtoni,Haplochromis burtoni (Burton's mouthbrooder),True,IPR005304,family,,237,9,237,CONTINUOUS
A0A3Q3EQF7,18S rRNA (pseudouridine(1248)-N1)-methyltransferase,222,,56723,Labrus bergylta,Labrus bergylta (ballan wrasse),True,IPR005304,family,,222,12,204,CONTINUOUS
A0A3Q3ETL2,18S rRNA (pseudouridine(1248)-N1)-methyltransferase,237,,56723,Labrus bergylta,Labrus bergylta (ballan wrasse),True,IPR005304,family,,237,12,237,CONTINUOUS
A0A3Q3KGP1,18S rRNA (pseudouridine(1248)-N1)-methyltransferase,237,,43700,Monopterus albus,Monopterus albus (Swamp eel),True,IPR005304,family,,237,6,237,CONTINUOUS
A0A3Q3KMM5,18S rRNA (pseudouridine(1248)-N1)-methyltransferase,237,,205130,Mastacembelus armatus,Mastacembelus armatus (zig-zag eel),True,IPR005304,family,,237,14,237,CONTINUOUS
A0A3Q3LL80,18S rRNA (pseudouridine(1248)-N1)-methyltransferase,241,,56723,Labrus bergylta,Labrus bergylta (ballan wrasse),True,IPR005304,family,,241,12,217,CONTINUOUS
A0A3Q4BLJ0,18S rRNA (pseudouridine(1248)-N1)-methyltransferase,237,,94237,Mola mola,Mola mola (Ocean sunfish),True,IPR005304,family,,237,7,237,CONTINUOUS
A0A3Q4G0B2,18S rRNA (pseudouridine(1248)-N1)-methyltransferase,237,,32507,Neolamprologus brichardi,Neolamprologus brichardi (Fairy cichlid),True,IPR005304,family,,237,9,237,CONTINUOUS
A0A3Q7H0F5,Uncharacterized protein,188,,4081,Solanum lycopersicum,Solanum lycopersicum (Tomato),True,IPR005304,family,,188,20,146,CONTINUOUS
A0A3Q7J609,Uncharacterized protein,130,,4081,Solanum lycopersicum,Solanum lycopersicum (Tomato),True,IPR005304,family,,130,53,99,CONTINUOUS
A0A3Q7JTZ8,Ribosomal RNA small subunit methyltransferase NEP1,278,LOC101260019,4081,Solanum lycopersicum,Solanum lycopersicum (Tomato),True,IPR005304,family,,278,41,278,CONTINUOUS
A0A3Q7NWH3,18S rRNA (pseudouridine(1248)-N1)-methyltransferase,244,EMG1,34884,Callorhinus ursinus,Callorhinus ursinus (Northern fur seal),True,IPR005304,family,,244,12,244,CONTINUOUS
A0A3Q7T809,Ribosomal RNA small subunit methyltransferase NEP1,244,EMG1,9627,Vulpes vulpes,Vulpes vulpes (Red fox),True,IPR005304,family,,244,12,244,CONTINUOUS
A0A3Q7X1Y0,Ribosomal RNA small subunit methyltransferase NEP1-like isoform X1,311,LOC101494958,3827,Cicer arietinum,Cicer arietinum (Chickpea),True,IPR005304,family,,311,61,267,CONTINUOUS
A0A3Q7XM14,Ribosomal RNA small subunit methyltransferase NEP1-like isoform X5,272,LOC101494958,3827,Cicer arietinum,Cicer arietinum (Chickpea),True,IPR005304,family,,272,61,267,CONTINUOUS
A0A3Q7XUX9,Ribosomal RNA small subunit methyltransferase NEP1-like isoform X3,296,LOC101494958,3827,Cicer arietinum,Cicer arietinum (Chickpea),True,IPR005304,family,,296,61,274,CONTINUOUS
A0A3Q7Y8A8,Ribosomal RNA small subunit methyltransferase NEP1-like isoform X4,273,LOC101494958,3827,Cicer arietinum,Cicer arietinum (Chickpea),True,IPR005304,family,,273,61,267,CONTINUOUS
A0A3Q7YCV5,Ribosomal RNA small subunit methyltransferase NEP1-like isoform X2,297,LOC101494958,3827,Cicer arietinum,Cicer arietinum (Chickpea),True,IPR005304,family,,297,61,274,CONTINUOUS
A0A3Q8ICM7,EMG1/NEP1 methyltransferase family protein,287,CGC21_24690,5661,Leishmania donovani,Leishmania donovani,True,IPR005304,family,,287,9,279,CONTINUOUS
A0A3Q8IDJ6,"EMG1/NEP1 methyltransferase, putative",246,LDHU3_27.3300,5661,Leishmania donovani,Leishmania donovani,True,IPR005304,family,,246,2,197,CONTINUOUS
A0A3R6VEE4,TNFR-Cys domain-containing protein,982,DYB32_002617,157072,Aphanomyces invadans,Aphanomyces invadans,True,IPR005304,family,,982,902,962,CONTINUOUS
A0A3R7KPC0,Essential for mitotic growth 1,273,TraAM80_08627,5698,Trypanosoma rangeli,Trypanosoma rangeli,True,IPR005304,family,,273,6,265,CONTINUOUS
A0A3R8ASD1,Putative ribosome biogenesis protein nep1,246,TGCAST_313980B,943122,Toxoplasma gondii CAST,Toxoplasma gondii CAST,True,IPR005304,family,,246,42,153,CONTINUOUS
A0A3S0ZPK5,Ribosomal RNA small subunit methyltransferase NEP1,231,EGW08_012486,188477,Elysia chlorotica,Elysia chlorotica (Eastern emerald elysia),True,IPR005304,family,,231,13,230,CONTINUOUS
A0A3S2P2M4,18S rRNA (pseudouridine(1248)-N1)-methyltransferase,237,OJAV_G00161090,123683,Oryzias javanicus,Oryzias javanicus (Javanese ricefish),True,IPR005304,family,,237,5,237,CONTINUOUS
A0A3S3PQX9,18S rRNA (pseudouridine-N1)-methyltransferase,258,B4U79_08243,1965070,Dinothrombium tinctorium,Dinothrombium tinctorium,True,IPR005304,family,,258,17,257,CONTINUOUS
A0A3S5A004,Ribosomal RNA small subunit methyltransferase NEP1,206,PXEA_LOCUS4757,117903,Protopolystoma xenopodis,Protopolystoma xenopodis,True,IPR005304,family,,206,43,192,CONTINUOUS
A0A3S5A8M5,Uncharacterized protein,94,PXEA_LOCUS23981,117903,Protopolystoma xenopodis,Protopolystoma xenopodis,True,IPR005304,family,,94,11,84,CONTINUOUS
A0A401GA55,Ribosomal RNA small subunit methyltransferase NEP1,387,SCP_0202100,139825,Sparassis crispa,Sparassis crispa,True,IPR005304,family,,387,153,387,CONTINUOUS
A0A401GFJ1,Ribosomal RNA small subunit methyltransferase NEP1,353,SCP_0306510,139825,Sparassis crispa,Sparassis crispa,True,IPR005304,family,,353,129,353,CONTINUOUS
A0A401H8S6,Ribosomal RNA small subunit methyltransferase Nep1,233,nep1,56636,Aeropyrum pernix,Aeropyrum pernix,True,IPR005304,family,,233,10,227,CONTINUOUS
A0A401KNW7,Ribosomal RNA small subunit methyltransferase NEP1,254,AAWM_03824,105351,Aspergillus awamori,Aspergillus awamori (Black koji mold),True,IPR005304,family,,254,32,254,CONTINUOUS
A0A401Q9N8,18S rRNA (pseudouridine(1248)-N1)-methyltransferase,249,scyTo_0021942,75743,Scyliorhinus torazame,Scyliorhinus torazame (Cloudy catshark),True,IPR005304,family,,249,27,248,CONTINUOUS
A0A409W9K5,Ribosomal RNA small subunit methyltransferase NEP1,418,CVT24_010136,181874,Panaeolus cyanescens,Panaeolus cyanescens,True,IPR005304,family,,418,183,418,CONTINUOUS
A0A409WYT5,Ribosomal RNA small subunit methyltransferase NEP1,406,CVT25_006252,93625,Psilocybe cyanescens,Psilocybe cyanescens,True,IPR005304,family,,406,145,406,CONTINUOUS
A0A409Y593,Ribosomal RNA small subunit methyltransferase NEP1,413,CVT26_003182,231916,Gymnopilus dilepis,Gymnopilus dilepis,True,IPR005304,family,,413,161,413,CONTINUOUS
A0A420HLN5,Ribosomal RNA small subunit methyltransferase NEP1,271,OnM2_068061,212602,Erysiphe neolycopersici,Erysiphe neolycopersici,True,IPR005304,family,,271,45,271,CONTINUOUS
A0A420IA90,Ribosomal RNA small subunit methyltransferase NEP1,249,GcC1_100002,62708,Golovinomyces cichoracearum,Golovinomyces cichoracearum,True,IPR005304,family,,249,25,249,CONTINUOUS
A0A420ILT8,Ribosomal RNA small subunit methyltransferase NEP1,249,GcM1_233047,62708,Golovinomyces cichoracearum,Golovinomyces cichoracearum,True,IPR005304,family,,249,25,249,CONTINUOUS
A0A420IYW3,Ribosomal RNA small subunit methyltransferase NEP1,271,GcM3_052007,62708,Golovinomyces cichoracearum,Golovinomyces cichoracearum,True,IPR005304,family,,271,23,271,CONTINUOUS
A0A420Y1C0,18S rRNA pseudouridine methyltransferase,259,EMG1,177199,Coniochaeta pulveracea,Coniochaeta pulveracea,True,IPR005304,family,,259,35,259,CONTINUOUS
A0A422NAI1,rRNA small subunit pseudouridine methyltransferase Nep1,292,TraAM80_06380,5698,Trypanosoma rangeli,Trypanosoma rangeli,True,IPR005304,family,,292,64,278,CONTINUOUS
A0A422PN61,rRNA small subunit pseudouridine methyltransferase Nep1,272,Tco025E_04302,83891,Trypanosoma conorhini,Trypanosoma conorhini,True,IPR005304,family,,272,30,259,CONTINUOUS
A0A422QBX5,Essential for mitotic growth 1,263,Tco025E_00269,83891,Trypanosoma conorhini,Trypanosoma conorhini,True,IPR005304,family,,263,6,255,CONTINUOUS
A0A423SYJ6,18S rRNA (pseudouridine-N1)-methyltransferase,245,C7M84_012491,6689,Penaeus vannamei,Penaeus vannamei (Whiteleg shrimp),True,IPR005304,family,,245,1,244,CONTINUOUS
A0A423VE96,Ribosomal RNA small subunit methyltransferase NEP1,250,VMCG_09625,448051,Cytospora schulzeri,Cytospora schulzeri,True,IPR005304,family,,250,25,250,CONTINUOUS
A0A423W9U4,Ribosomal RNA small subunit methyltransferase NEP1,250,VSDG_03429,252740,Cytospora chrysosperma,Cytospora chrysosperma (Cytospora canker fungus),True,IPR005304,family,,250,25,250,CONTINUOUS
A0A423XHK6,Ribosomal RNA small subunit methyltransferase NEP1,250,VPNG_02013,1230097,Cytospora leucostoma,Cytospora leucostoma,True,IPR005304,family,,250,25,250,CONTINUOUS
A0A426YU75,Uncharacterized protein,1118,B296_00039943,4639,Ensete ventricosum,Ensete ventricosum (Abyssinian banana),True,IPR005304,family,,1118,1048,1096,CONTINUOUS
A0A426Z4T1,Uncharacterized protein,190,B296_00027320,4639,Ensete ventricosum,Ensete ventricosum (Abyssinian banana),True,IPR005304,family,,190,54,158,CONTINUOUS
A0A427XH76,18S rRNA pseudouridine methyltransferase,347,EMG1,105984,Apiotrichum porosum,Apiotrichum porosum,True,IPR005304,family,,347,106,347,CONTINUOUS
A0A427YMJ8,18S rRNA pseudouridine methyltransferase,522,EHS25_008730,1890683,Saitozyma podzolica,Saitozyma podzolica,True,IPR005304,family,,522,115,344,CONTINUOUS
A0A428Q840,Ribosomal RNA small subunit methyltransferase NEP1,261,CEP54_006250,1325734,Fusarium duplospermum,Fusarium duplospermum,True,IPR005304,family,,261,34,261,CONTINUOUS
A0A428SCA6,Ribosomal RNA small subunit methyltransferase NEP1,261,CEP51_002234,1325733,Fusarium floridanum,Fusarium floridanum,True,IPR005304,family,,261,34,261,CONTINUOUS
A0A428SEA0,Ribosomal RNA small subunit methyltransferase NEP1,261,CEP52_015312,2604345,Fusarium oligoseptatum,Fusarium oligoseptatum,True,IPR005304,family,,261,34,261,CONTINUOUS
A0A428U7I6,Ribosomal RNA small subunit methyltransferase NEP1,261,CDV31_007371,131363,Fusarium ambrosium,Fusarium ambrosium,True,IPR005304,family,,261,34,261,CONTINUOUS
A0A429G7F0,16S rRNA methyltransferase,218,D9Q81_03705,498846,Candidatus Korarchaeum cryptofilum,Candidatus Korarchaeum cryptofilum,True,IPR005304,family,,218,7,209,CONTINUOUS
A0A429GIL1,16S rRNA methyltransferase,207,EF810_04255,2478471,Candidatus Methanodesulfokora washburnensis,Candidatus Methanodesulfokora washburnensis,True,IPR005304,family,,207,26,186,CONTINUOUS
A0A430LUA1,Ribosomal RNA small subunit methyltransferase NEP1,261,BHE90_006201,1147111,Fusarium euwallaceae,Fusarium euwallaceae,True,IPR005304,family,,261,34,261,CONTINUOUS
A0A430QSB6,rRNA small subunit pseudouridine methyltransferase Nep1,233,DC041_0010842,6184,Schistosoma bovis,Schistosoma bovis (Blood fluke),True,IPR005304,family,,233,4,219,CONTINUOUS
A0A433QXB1,Alpha/beta knot methyltransferase,313,BC938DRAFT_480496,994334,Jimgerdemannia flammicorona,Jimgerdemannia flammicorona,True,IPR005304,family,,313,24,277,CONTINUOUS
A0A437ADG3,Ribosomal RNA small subunit methyltransferase NEP1,255,DFL_000348,97331,Arthrobotrys flagrans,Arthrobotrys flagrans (Nematode-trapping fungus),True,IPR005304,family,,255,34,255,CONTINUOUS
A0A437AM76,Required for 18S rRNA maturation and 40,183,TUBRATIS_11970,291195,Tubulinosema ratisbonensis,Tubulinosema ratisbonensis,True,IPR005304,family,,183,6,179,CONTINUOUS
A0A438DGF4,Ribosomal RNA small subunit methyltransferase mra1,304,mra1_0,29760,Vitis vinifera,Vitis vinifera (Grape),True,IPR005304,family,,304,66,299,CONTINUOUS
A0A438DKJ0,Ribosomal RNA small subunit methyltransferase mra1,249,mra1_2,29760,Vitis vinifera,Vitis vinifera (Grape),True,IPR005304,family,,249,36,248,CONTINUOUS
A0A438HXD8,Ribosomal RNA small subunit methyltransferase mra1,320,mra1_1,29760,Vitis vinifera,Vitis vinifera (Grape),True,IPR005304,family,,320,66,315,CONTINUOUS
A0A438I695,Ribosomal RNA small subunit methyltransferase nep-1,290,Y39A1A.14,29760,Vitis vinifera,Vitis vinifera (Grape),True,IPR005304,family,,290,38,289,CONTINUOUS
A0A438ND48,Ribosomal RNA small subunit methyltransferase NEP1,255,B0A52_02614,212818,Exophiala mesophila,Exophiala mesophila (Black yeast-like fungus),True,IPR005304,family,,255,32,255,CONTINUOUS
A0A439CZG9,Ribosomal RNA small subunit methyltransferase NEP1,255,EKO27_g7557,363999,Xylaria grammica,Xylaria grammica,True,IPR005304,family,,255,28,255,CONTINUOUS
A0A443I4D1,Protein required for 18S rRNA maturation and 40S ribosome biogenesis,260,C8Q69DRAFT_5320,264951,Byssochlamys spectabilis,Byssochlamys spectabilis,True,IPR005304,family,,260,37,260,CONTINUOUS
A0A443PT97,Ribosomal biogenesis,286,CKAN_02326300,337451,Cinnamomum micranthum f. kanehirae,Cinnamomum micranthum f. kanehirae,True,IPR005304,family,,286,35,286,CONTINUOUS
A0A443SGI0,18S rRNA (pseudouridine-N1)-methyltransferase,254,B4U80_07207,299467,Leptotrombidium deliense,Leptotrombidium deliense,True,IPR005304,family,,254,17,253,CONTINUOUS
A0A444L5H3,Ribosomal RNA small subunit methyltransferase Nep1,223,nep1,2593994,Methanosuratincola subterraneus,Methanosuratincola subterraneus,True,IPR005304,family,,223,2,222,CONTINUOUS
A0A444UNI4,Ribosomal RNA small subunit methyltransferase NEP1,220,EOD39_11509,7906,Acipenser ruthenus,Acipenser ruthenus (Sterlet sturgeon),True,IPR005304,family,,220,37,220,CONTINUOUS
A0A444X9N9,Uncharacterized protein,368,Ahy_B10g106040,3818,Arachis hypogaea,Arachis hypogaea (Peanut),True,IPR005304,family,,368,106,276,CONTINUOUS
A0A444ZPG9,Uncharacterized protein,238,Ahy_B04g073061,3818,Arachis hypogaea,Arachis hypogaea (Peanut),True,IPR005304,family,,238,30,233,CONTINUOUS
A0A444ZPR1,Ribosomal RNA small subunit methyltransferase,259,Ahy_B04g073061,3818,Arachis hypogaea,Arachis hypogaea (Peanut),True,IPR005304,family,,259,30,258,CONTINUOUS
A0A445AF21,Ribosomal RNA small subunit methyltransferase,292,Ahy_B02g058669,3818,Arachis hypogaea,Arachis hypogaea (Peanut),True,IPR005304,family,,292,83,289,CONTINUOUS
A0A445AF22,Ribosomal RNA small subunit methyltransferase NEP1,227,Ahy_B02g058668,3818,Arachis hypogaea,Arachis hypogaea (Peanut),True,IPR005304,family,,227,104,154,CONTINUOUS
A0A445AF22,Ribosomal RNA small subunit methyltransferase NEP1,227,Ahy_B02g058668,3818,Arachis hypogaea,Arachis hypogaea (Peanut),True,IPR005304,family,,227,154,226,CONTINUOUS
A0A445AF25,Uncharacterized protein,241,Ahy_B02g058669,3818,Arachis hypogaea,Arachis hypogaea (Peanut),True,IPR005304,family,,241,83,229,CONTINUOUS
A0A445AF26,Ribosomal RNA small subunit methyltransferase nep-1,283,Ahy_B02g058669,3818,Arachis hypogaea,Arachis hypogaea (Peanut),True,IPR005304,family,,283,125,271,CONTINUOUS
A0A445AF37,Ribosomal RNA small subunit methyltransferase,334,Ahy_B02g058669,3818,Arachis hypogaea,Arachis hypogaea (Peanut),True,IPR005304,family,,334,125,331,CONTINUOUS
A0A445AF39,Uncharacterized protein,81,Ahy_B02g058669,3818,Arachis hypogaea,Arachis hypogaea (Peanut),True,IPR005304,family,,81,28,78,CONTINUOUS
A0A445AI23,Ribosomal RNA small subunit methyltransferase,276,Ahy_B02g060237,3818,Arachis hypogaea,Arachis hypogaea (Peanut),True,IPR005304,family,,276,37,276,CONTINUOUS
A0A445DFE3,Uncharacterized protein,173,Ahy_A04g019157,3818,Arachis hypogaea,Arachis hypogaea (Peanut),True,IPR005304,family,,173,15,161,CONTINUOUS
A0A445DFF0,Uncharacterized protein,206,Ahy_A04g019161,3818,Arachis hypogaea,Arachis hypogaea (Peanut),True,IPR005304,family,,206,104,205,CONTINUOUS
A0A445DFF8,Ribosomal RNA small subunit methyltransferase,259,Ahy_A04g019145,3818,Arachis hypogaea,Arachis hypogaea (Peanut),True,IPR005304,family,,259,30,258,CONTINUOUS
A0A445DFG8,Uncharacterized protein,227,Ahy_A04g019160,3818,Arachis hypogaea,Arachis hypogaea (Peanut),True,IPR005304,family,,227,49,216,CONTINUOUS
A0A445EDG1,Ribosomal RNA small subunit methyltransferase,278,Ahy_A02g007799,3818,Arachis hypogaea,Arachis hypogaea (Peanut),True,IPR005304,family,,278,42,278,CONTINUOUS
A0A445EFY2,Uncharacterized protein,143,Ahy_A02g009138,3818,Arachis hypogaea,Arachis hypogaea (Peanut),True,IPR005304,family,,143,44,135,CONTINUOUS
A0A445EG39,Uncharacterized protein,243,Ahy_A02g009134,3818,Arachis hypogaea,Arachis hypogaea (Peanut),True,IPR005304,family,,243,79,231,CONTINUOUS
A0A445EG42,Uncharacterized protein,288,Ahy_A02g009134,3818,Arachis hypogaea,Arachis hypogaea (Peanut),True,IPR005304,family,,288,80,253,CONTINUOUS
A0A445G2G1,Ribosomal RNA small subunit methyltransferase NEP1,109,D0Y65_044877,3848,Glycine soja,Glycine soja (Wild soybean),True,IPR005304,family,,109,1,88,CONTINUOUS
A0A445HEJ4,Ribosomal RNA small subunit methyltransferase NEP1,109,D0Y65_036387,3848,Glycine soja,Glycine soja (Wild soybean),True,IPR005304,family,,109,1,108,CONTINUOUS
A0A445HJR5,Ribosomal RNA small subunit methyltransferase NEP1 isoform B,276,D0Y65_033167,3848,Glycine soja,Glycine soja (Wild soybean),True,IPR005304,family,,276,40,276,CONTINUOUS
A0A445HJY1,Ribosomal RNA small subunit methyltransferase NEP1 isoform A,278,D0Y65_033167,3848,Glycine soja,Glycine soja (Wild soybean),True,IPR005304,family,,278,40,270,CONTINUOUS
A0A445HK22,Ribosomal RNA small subunit methyltransferase NEP1 isoform C,253,D0Y65_033167,3848,Glycine soja,Glycine soja (Wild soybean),True,IPR005304,family,,253,40,250,CONTINUOUS
A0A445HK52,Ribosomal RNA small subunit methyltransferase NEP1 isoform D,252,D0Y65_033167,3848,Glycine soja,Glycine soja (Wild soybean),True,IPR005304,family,,252,40,250,CONTINUOUS
A0A445J039,Ribosomal RNA small subunit methyltransferase NEP1,156,D0Y65_023921,3848,Glycine soja,Glycine soja (Wild soybean),True,IPR005304,family,,156,18,156,CONTINUOUS
A0A445JXK9,Ribosomal RNA small subunit methyltransferase NEP1,89,D0Y65_018064,3848,Glycine soja,Glycine soja (Wild soybean),True,IPR005304,family,,89,1,89,CONTINUOUS
A0A446BTP8,536f5cb3-be7f-4949-b3d7-d9bce6d6e2eb,261,TT172_LOCUS8311,2587410,Thermothielavioides terrestris,Thermothielavioides terrestris,True,IPR005304,family,,261,36,261,CONTINUOUS
A0A448YQ79,Ribosomal RNA small subunit methyltransferase NEP1,271,BRENAR_LOCUS3831,13370,Brettanomyces naardenensis,Brettanomyces naardenensis (Yeast),True,IPR005304,family,,271,32,271,CONTINUOUS
A0A448ZEH5,Ribosomal RNA small subunit methyltransferase NEP1,439,PSNMU_V1.4_AUG-EV-PASAV3_0073460,183589,Pseudo-nitzschia multistriata,Pseudo-nitzschia multistriata,True,IPR005304,family,,439,197,438,CONTINUOUS
A0A449C0C1,"Small subunit rRNA processing factor, putative",410,PVVCY_1404250,54757,Plasmodium vinckei vinckei,Plasmodium vinckei vinckei,True,IPR005304,family,,410,150,409,CONTINUOUS
A0A452DP97,18S rRNA (pseudouridine(1248)-N1)-methyltransferase,244,EMG1,9925,Capra hircus,Capra hircus (Goat),True,IPR005304,family,,244,12,244,CONTINUOUS
A0A452GXW9,18S rRNA (pseudouridine(1248)-N1)-methyltransferase,151,,38772,Gopherus agassizii,Gopherus agassizii (Agassiz's desert tortoise),True,IPR005304,family,,151,1,150,CONTINUOUS
A0A452GY15,18S rRNA (pseudouridine(1248)-N1)-methyltransferase,309,,38772,Gopherus agassizii,Gopherus agassizii (Agassiz's desert tortoise),False,IPR005304,family,,309,120,308,CONTINUOUS
A0A452SRR5,18S rRNA (pseudouridine(1248)-N1)-methyltransferase,244,EMG1,9643,Ursus americanus,Ursus americanus (American black bear),True,IPR005304,family,,244,12,244,CONTINUOUS
A0A453NZY5,Ribosomal RNA small subunit methyltransferase NEP1,309,,200361,Aegilops tauschii subsp. strangulata,Aegilops tauschii subsp. strangulata (Goatgrass),True,IPR005304,family,,309,72,308,CONTINUOUS
A0A453NZZ0,Ribosomal RNA small subunit methyltransferase NEP1,260,,200361,Aegilops tauschii subsp. strangulata,Aegilops tauschii subsp. strangulata (Goatgrass),True,IPR005304,family,,260,67,232,CONTINUOUS
A0A453P0B1,Ribosomal RNA small subunit methyltransferase NEP1,276,,200361,Aegilops tauschii subsp. strangulata,Aegilops tauschii subsp. strangulata (Goatgrass),True,IPR005304,family,,276,73,268,CONTINUOUS
A0A453P0C5,Ribosomal RNA small subunit methyltransferase NEP1,280,,200361,Aegilops tauschii subsp. strangulata,Aegilops tauschii subsp. strangulata (Goatgrass),True,IPR005304,family,,280,43,279,CONTINUOUS
A0A453P0M1,Ribosomal RNA small subunit methyltransferase NEP1,91,,200361,Aegilops tauschii subsp. strangulata,Aegilops tauschii subsp. strangulata (Goatgrass),True,IPR005304,family,,91,17,90,CONTINUOUS
A0A453P0U2,Ribosomal RNA small subunit methyltransferase NEP1,126,,200361,Aegilops tauschii subsp. strangulata,Aegilops tauschii subsp. strangulata (Goatgrass),True,IPR005304,family,,126,1,125,CONTINUOUS
A0A453SVQ1,Ribosomal RNA small subunit methyltransferase NEP1,283,,200361,Aegilops tauschii subsp. strangulata,Aegilops tauschii subsp. strangulata (Goatgrass),True,IPR005304,family,,283,88,283,CONTINUOUS
A0A453SVS1,tRNA/rRNA methyltransferase SpoU type domain-containing protein,108,,200361,Aegilops tauschii subsp. strangulata,Aegilops tauschii subsp. strangulata (Goatgrass),True,IPR005304,family,,108,1,107,CONTINUOUS
A0A482VV06,18S rRNA (pseudouridine-N1)-methyltransferase,262,BDFB_002602,1661398,Asbolus verrucosus,Asbolus verrucosus (Desert ironclad beetle),True,IPR005304,family,,262,26,262,CONTINUOUS
A0A482WFG9,18S rRNA (pseudouridine-N1)-methyltransferase,212,LSTR_LSTR009468,195883,Laodelphax striatellus,Laodelphax striatellus (Small brown planthopper),True,IPR005304,family,,212,31,212,CONTINUOUS
A0A482XN72,18S rRNA (pseudouridine-N1)-methyltransferase,232,LSTR_LSTR014634,195883,Laodelphax striatellus,Laodelphax striatellus (Small brown planthopper),True,IPR005304,family,,232,12,232,CONTINUOUS
A0A484AU14,18S rRNA (pseudouridine-N1)-methyltransferase,252,AWZ03_013412,7232,Drosophila navojoa,Drosophila navojoa (Fruit fly),True,IPR005304,family,,252,26,251,CONTINUOUS
A0A484D8P9,18S rRNA (pseudouridine(1248)-N1)-methyltransferase,256,EPR50_G00063170,8167,Perca flavescens,Perca flavescens (American yellow perch),True,IPR005304,family,,256,24,255,CONTINUOUS
A0A484FP28,Ribosomal RNA small subunit methyltransferase NEP1,261,EMG1,1213857,Colletotrichum orbiculare (strain 104-T / ATCC 96160 / CBS 514.97 / LARS 414 / MAFF 240422),Colletotrichum orbiculare (strain 104-T / ATCC 96160 / CBS 514.97 / LARS 414 / MAFF 240422) (Cucumber anthracnose fungus),True,IPR005304,family,,261,36,260,CONTINUOUS
A0A484I9B4,Ribosome biogenesis protein,228,NFRAN_1021,1798806,Candidatus Nitrosocosmicus franklandianus,Candidatus Nitrosocosmicus franklandianus,True,IPR005304,family,,228,2,225,CONTINUOUS
A0A484KT53,Ribosomal RNA small subunit methyltransferase NEP1,253,CCAM_LOCUS9451,132261,Cuscuta campestris,Cuscuta campestris,True,IPR005304,family,,253,18,253,CONTINUOUS
A0A484KUU1,Uncharacterized protein,288,CCAM_LOCUS9450,132261,Cuscuta campestris,Cuscuta campestris,True,IPR005304,family,,288,77,288,CONTINUOUS
A0A484L1D0,Uncharacterized protein,232,CCAM_LOCUS11913,132261,Cuscuta campestris,Cuscuta campestris,True,IPR005304,family,,232,79,198,CONTINUOUS
A0A484L5V0,Ribosomal RNA small subunit methyltransferase NEP1,157,CCAM_LOCUS13478,132261,Cuscuta campestris,Cuscuta campestris,True,IPR005304,family,,157,1,157,CONTINUOUS
A0A484L8R8,Uncharacterized protein,100,CCAM_LOCUS14591,132261,Cuscuta campestris,Cuscuta campestris,True,IPR005304,family,,100,8,62,CONTINUOUS
A0A484L9A3,Ribosomal RNA small subunit methyltransferase NEP1,230,CCAM_LOCUS14590,132261,Cuscuta campestris,Cuscuta campestris,True,IPR005304,family,,230,16,229,CONTINUOUS
A0A484LM37,Ribosomal RNA small subunit methyltransferase NEP1,230,CCAM_LOCUS19256,132261,Cuscuta campestris,Cuscuta campestris,True,IPR005304,family,,230,16,229,CONTINUOUS
A0A484LMG1,Uncharacterized protein,170,CCAM_LOCUS19255,132261,Cuscuta campestris,Cuscuta campestris,True,IPR005304,family,,170,77,131,CONTINUOUS
A0A484LNF6,Uncharacterized protein,85,CCAM_LOCUS19254,132261,Cuscuta campestris,Cuscuta campestris,True,IPR005304,family,,85,1,80,CONTINUOUS
A0A485K8G8,Tyrosine-protein kinase ephrin type A/B receptor-like domain-containing protein,1783,Aste57867_2363,120398,Aphanomyces stellatus,Aphanomyces stellatus,False,IPR005304,family,,1783,1570,1783,CONTINUOUS
A0A485MCE2,18S rRNA (pseudouridine(1248)-N1)-methyltransferase,244,LYPA_23CLNC003911,191816,Lynx pardinus,Lynx pardinus (Iberian lynx),True,IPR005304,family,,244,12,244,CONTINUOUS
A0A497EYX7,Ribosomal RNA small subunit methyltransferase Nep1,235,nep1,2056631,Thermoproteota archaeon,Thermoproteota archaeon,True,IPR005304,family,,235,3,227,CONTINUOUS
A0A497EZ14,Ribosomal RNA small subunit methyltransferase Nep1,229,nep1,2056631,Thermoproteota archaeon,Thermoproteota archaeon,True,IPR005304,family,,229,5,223,CONTINUOUS
A0A497FA86,Ribosomal RNA small subunit methyltransferase Nep1,235,nep1,2056631,Thermoproteota archaeon,Thermoproteota archaeon,True,IPR005304,family,,235,3,227,CONTINUOUS
A0A498I1M1,Uncharacterized protein,348,DVH24_019707,3750,Malus domestica,Malus domestica (Apple),True,IPR005304,family,,348,45,341,CONTINUOUS
A0A498IFL6,Uncharacterized protein,167,DVH24_004868,3750,Malus domestica,Malus domestica (Apple),True,IPR005304,family,,167,34,115,CONTINUOUS
A0A498JCY6,Ribosomal RNA small subunit methyltransferase NEP1,268,DVH24_020274,3750,Malus domestica,Malus domestica (Apple),True,IPR005304,family,,268,34,268,CONTINUOUS
A0A498JIU3,Uncharacterized protein,149,DVH24_016001,3750,Malus domestica,Malus domestica (Apple),True,IPR005304,family,,149,76,148,CONTINUOUS
A0A498K8H6,Uncharacterized protein,186,DVH24_038002,3750,Malus domestica,Malus domestica (Apple),True,IPR005304,family,,186,11,101,CONTINUOUS
A0A498KD62,Ribosomal RNA small subunit methyltransferase NEP1,571,DVH24_006553,3750,Malus domestica,Malus domestica (Apple),True,IPR005304,family,,571,61,309,CONTINUOUS
A0A498KD62,Ribosomal RNA small subunit methyltransferase NEP1,571,DVH24_006553,3750,Malus domestica,Malus domestica (Apple),True,IPR005304,family,,571,358,571,CONTINUOUS
A0A498NMY4,18S rRNA (pseudouridine(1248)-N1)-methyltransferase,240,ROHU_015630,84645,Labeo rohita,Labeo rohita (Indian major carp),True,IPR005304,family,,240,13,240,CONTINUOUS
A0A498SAW8,18S rRNA (pseudouridine-N1)-methyltransferase,232,NAV_LOCUS3658,6277,Acanthocheilonema viteae,Acanthocheilonema viteae (Filarial nematode worm),True,IPR005304,family,,232,8,227,CONTINUOUS
A0A4C1XW98,Ribosomal RNA small subunit methyltransferase NEP1,205,EVAR_51413_1,151549,Eumeta variegata,Eumeta variegata (Bagworm moth),True,IPR005304,family,,205,3,199,CONTINUOUS
A0A4C2E9R5,Ribosomal RNA small subunit methyltransferase NEP1,252,EMG1,42258,Zygosaccharomyces mellis,Zygosaccharomyces mellis,True,IPR005304,family,,252,16,252,CONTINUOUS
A0A4D6LJB0,Essential for mitotic growth 1,305,DEO72_LG3g3330,3917,Vigna unguiculata,Vigna unguiculata (Cowpea),True,IPR005304,family,,305,57,305,CONTINUOUS
A0A4D8S3V2,Ribosomal RNA small subunit methyltransferase Nep1,209,nep1,47304,Metallosphaera prunae,Metallosphaera prunae,True,IPR005304,family,,209,1,206,CONTINUOUS
A0A4D9DCH5,Ribosomal RNA small subunit methyltransferase NEP1,227,NSK_002447,1027361,Nannochloropsis salina CCMP1776,Nannochloropsis salina CCMP1776,True,IPR005304,family,,227,4,227,CONTINUOUS
A0A4D9E2V3,18S rRNA (pseudouridine(1248)-N1)-methyltransferase,236,DR999_PMT16296,55544,Platysternon megacephalum,Platysternon megacephalum (big-headed turtle),True,IPR005304,family,,236,20,235,CONTINUOUS
A0A4E0RMZ8,Ribosomal RNA small subunit methyltransferase,238,D915_000998,6192,Fasciola hepatica,Fasciola hepatica (Liver fluke),True,IPR005304,family,,238,7,229,CONTINUOUS
A0A4E9FLG5,18S rRNA (pseudouridine-N1)-methyltransferase,157,Bm6449,6279,Brugia malayi,Brugia malayi (Filarial nematode worm),True,IPR005304,family,,157,1,152,CONTINUOUS
A0A4P1RRU5,Ribosomal RNA small subunit methyltransferase NEP1,269,TanjilG_14495,3871,Lupinus angustifolius,Lupinus angustifolius (Narrow-leaved blue lupine),True,IPR005304,family,,269,32,269,CONTINUOUS
A0A4P2VEZ5,Ribosomal RNA small subunit methyltransferase Nep1,233,nep1,1874277,Conexivisphaera calida,Conexivisphaera calida,True,IPR005304,family,,233,5,225,CONTINUOUS
A0A4P7NFD0,Nucleolar essential protein 1,252,PoMZ_07475,318829,Pyricularia oryzae,Pyricularia oryzae (Rice blast fungus),True,IPR005304,family,,252,23,252,CONTINUOUS
A0A4P9W7R3,Alpha/beta knot methyltransferase,230,BDK51DRAFT_36356,388810,Blyttiomyces helicus,Blyttiomyces helicus,True,IPR005304,family,,230,9,218,CONTINUOUS
A0A4P9X0D7,Nep1-domain-containing protein,234,CAUPRSCDRAFT_10219,1555241,Caulochytrium protostelioides,Caulochytrium protostelioides,True,IPR005304,family,,234,9,234,CONTINUOUS
A0A4P9XZG0,Nep1-domain-containing protein,238,BJ684DRAFT_21599,1907219,Piptocephalis cylindrospora,Piptocephalis cylindrospora,True,IPR005304,family,,238,10,238,CONTINUOUS
A0A4P9YBR6,Nep1-domain-containing protein,238,ROZALSC1DRAFT_17284,988480,Rozella allomycis (strain CSF55),Rozella allomycis (strain CSF55),True,IPR005304,family,,238,10,238,CONTINUOUS
A0A4P9Z4H5,Nep1-domain-containing protein,233,SYNPS1DRAFT_12792,1712513,Syncephalis pseudoplumigaleata,Syncephalis pseudoplumigaleata,True,IPR005304,family,,233,10,233,CONTINUOUS
A0A4P9Z9R5,Ribosomal RNA small subunit methyltransferase NEP1,239,METBISCDRAFT_18617,27322,Metschnikowia bicuspidata,Metschnikowia bicuspidata,True,IPR005304,family,,239,18,239,CONTINUOUS
A0A4Q1BSA8,Nucleolar essential protein 1,409,M231_01759,5217,Tremella mesenterica,Tremella mesenterica (Jelly fungus),True,IPR005304,family,,409,152,409,CONTINUOUS
A0A4Q2D9L6,Nucleolar essential protein 1,432,EST38_g10524,2316362,Candolleomyces aberdarensis,Candolleomyces aberdarensis,True,IPR005304,family,,432,201,432,CONTINUOUS
A0A4Q2VBU1,Ribosomal RNA small subunit methyltransferase NEP1,259,BFJ63_vAg12709,451672,Fusarium oxysporum f. sp. narcissi,Fusarium oxysporum f. sp. narcissi,True,IPR005304,family,,259,37,259,CONTINUOUS
A0A4Q4NUU7,Ribosomal RNA small subunit methyltransferase,277,AA0117_g1174,5599,Alternaria alternata,Alternaria alternata (Alternaria rot fungus),True,IPR005304,family,,277,30,276,CONTINUOUS
A0A4Q4PLK1,Ribosomal RNA small subunit methyltransferase,277,AA0115_g1544,119927,Alternaria tenuissima,Alternaria tenuissima,True,IPR005304,family,,277,30,276,CONTINUOUS
A0A4Q4SKN9,Ribosomal RNA small subunit methyltransferase,277,AA0113_g2285,156630,Alternaria arborescens,Alternaria arborescens,True,IPR005304,family,,277,30,276,CONTINUOUS
A0A4Q4SSW9,Ribosomal RNA small subunit methyltransferase NEP1,470,DL764_010365,155417,Monosporascus ibericus,Monosporascus ibericus,True,IPR005304,family,,470,244,470,CONTINUOUS
A0A4Q9KVF0,EMG1/NEP1 methyltransferase,181,CWI37_1586p0010,1176355,Hamiltosporidium tvaerminnensis,Hamiltosporidium tvaerminnensis,True,IPR005304,family,,181,6,179,CONTINUOUS
A0A4Q9KXU1,EMG1/NEP1 methyltransferase,197,CWI36_2053p0020,148818,Hamiltosporidium magnivora,Hamiltosporidium magnivora,True,IPR005304,family,,197,2,195,CONTINUOUS
A0A4Q9NT51,Nep1-domain-containing protein,302,BD310DRAFT_805853,114155,Dichomitus squalens,Dichomitus squalens,True,IPR005304,family,,302,49,302,CONTINUOUS
A0A4R0RU90,18S rRNA pseudouridine methyltransferase,376,EIP91_001651,92696,Steccherinum ochraceum,Steccherinum ochraceum,True,IPR005304,family,,376,131,376,CONTINUOUS
A0A4R8PR01,Ribosomal RNA small subunit methyltransferase NEP1,318,EMG1,5466,Colletotrichum trifolii,Colletotrichum trifolii,True,IPR005304,family,,318,93,317,CONTINUOUS
A0A4R8PSM8,Ribosomal RNA small subunit methyltransferase NEP1,318,EMG1,1347390,Colletotrichum spinosum,Colletotrichum spinosum,True,IPR005304,family,,318,93,317,CONTINUOUS
A0A4R8T1V6,Ribosomal RNA small subunit methyltransferase NEP1,304,EMG1,1347389,Colletotrichum sidae,Colletotrichum sidae,True,IPR005304,family,,304,79,303,CONTINUOUS
A0A4S2JPB4,18S rRNA (pseudouridine-N1)-methyltransferase,773,DBV15_05657,300112,Temnothorax longispinosus,Temnothorax longispinosus,True,IPR005304,family,,773,557,773,CONTINUOUS
A0A4S2LWB2,Ribosomal RNA small subunit methyltransferase NEP1,238,CRM22_004421,147828,Opisthorchis felineus,Opisthorchis felineus,True,IPR005304,family,,238,9,228,CONTINUOUS
A0A4S2N774,Nep1-domain-containing protein,266,EX30DRAFT_325977,341454,Ascodesmis nigricans,Ascodesmis nigricans,True,IPR005304,family,,266,44,266,CONTINUOUS
A0A4S3J1Z4,18S rRNA pseudouridine methyltransferase,255,EMG1,1220188,Aspergillus tanneri,Aspergillus tanneri,True,IPR005304,family,,255,32,255,CONTINUOUS
A0A4S4CXD4,Uncharacterized protein,415,TEA_026443,542762,Camellia sinensis var. sinensis,Camellia sinensis var. sinensis (China tea),True,IPR005304,family,,415,71,274,CONTINUOUS
A0A4S4D7R6,Uncharacterized protein,480,TEA_005974,542762,Camellia sinensis var. sinensis,Camellia sinensis var. sinensis (China tea),True,IPR005304,family,,480,397,442,CONTINUOUS
A0A4S4D7W9,non-specific serine/threonine protein kinase,825,TEA_005972,542762,Camellia sinensis var. sinensis,Camellia sinensis var. sinensis (China tea),True,IPR005304,family,,825,78,124,CONTINUOUS
A0A4S4DAE9,Uncharacterized protein,177,TEA_005980,542762,Camellia sinensis var. sinensis,Camellia sinensis var. sinensis (China tea),True,IPR005304,family,,177,35,119,CONTINUOUS
A0A4S4EP62,Uncharacterized protein,160,TEA_009236,542762,Camellia sinensis var. sinensis,Camellia sinensis var. sinensis (China tea),True,IPR005304,family,,160,37,119,CONTINUOUS
A0A4S4K9Y7,uracil phosphoribosyltransferase,426,EW026_g6766,98765,Hermanssonia centrifuga,Hermanssonia centrifuga,True,IPR005304,family,,426,230,426,CONTINUOUS
A0A4S4L148,Nep1-domain-containing protein,374,EW145_g5170,167371,Phellinidium pouzarii,Phellinidium pouzarii,True,IPR005304,family,,374,111,373,CONTINUOUS
A0A4S4LJQ4,Nucleolar essential protein 1,471,EW146_g7734,1095465,Bondarzewia mesenterica,Bondarzewia mesenterica,True,IPR005304,family,,471,52,273,CONTINUOUS
A0A4S4MUE7,Nep1-domain-containing protein,253,EUX98_g4630,2447956,Antrodiella citrinella,Antrodiella citrinella,True,IPR005304,family,,253,22,253,CONTINUOUS
A0A4S8IW45,Ribosomal RNA small subunit methyltransferase NEP1,289,C4D60_Mb10t10170,52838,Musa balbisiana,Musa balbisiana (Banana),True,IPR005304,family,,289,56,288,CONTINUOUS
A0A4S8KFY1,Uncharacterized protein,655,C4D60_Mb04t30600,52838,Musa balbisiana,Musa balbisiana (Banana),True,IPR005304,family,,655,111,255,CONTINUOUS
A0A4S8KVM4,Nep1-domain-containing protein,268,K435DRAFT_874850,1314807,Dendrothele bispora (strain CBS 962.96),Dendrothele bispora (strain CBS 962.96),True,IPR005304,family,,268,216,268,CONTINUOUS
A0A4S8MNP1,Nep1-domain-containing protein,430,K435DRAFT_774367,1314807,Dendrothele bispora (strain CBS 962.96),Dendrothele bispora (strain CBS 962.96),True,IPR005304,family,,430,159,429,CONTINUOUS
A0A4S8S878,Nep1-domain-containing protein,348,D6D28_08337,5580,Aureobasidium pullulans,Aureobasidium pullulans (Black yeast),True,IPR005304,family,,348,124,348,CONTINUOUS
A0A4S8UR10,Nep1-domain-containing protein,327,D6D19_02282,5580,Aureobasidium pullulans,Aureobasidium pullulans (Black yeast),True,IPR005304,family,,327,103,327,CONTINUOUS
A0A4S9B796,Nep1-domain-containing protein,349,D6D15_06321,5580,Aureobasidium pullulans,Aureobasidium pullulans (Black yeast),True,IPR005304,family,,349,123,349,CONTINUOUS
A0A4S9CXJ9,Nep1-domain-containing protein,323,D6D24_02894,5580,Aureobasidium pullulans,Aureobasidium pullulans (Black yeast),True,IPR005304,family,,323,99,323,CONTINUOUS
A0A4S9GG20,Nep1-domain-containing protein,349,D6C91_04732,5580,Aureobasidium pullulans,Aureobasidium pullulans (Black yeast),True,IPR005304,family,,349,125,349,CONTINUOUS
A0A4S9TT61,Nep1-domain-containing protein,352,D6D20_05693,5580,Aureobasidium pullulans,Aureobasidium pullulans (Black yeast),True,IPR005304,family,,352,129,352,CONTINUOUS
A0A4S9Y6M9,Nep1-domain-containing protein,327,D6C84_02394,5580,Aureobasidium pullulans,Aureobasidium pullulans (Black yeast),True,IPR005304,family,,327,103,327,CONTINUOUS
A0A4T0FJ25,Ribosomal RNA small subunit methyltransferase NEP1,276,E3P99_02737,1540922,Wallemia hederae,Wallemia hederae,True,IPR005304,family,,276,20,276,CONTINUOUS
A0A4T0H967,Autophagy-related protein 6,951,E3P90_02766,245174,Wallemia ichthyophaga,Wallemia ichthyophaga,True,IPR005304,family,,951,2,94,CONTINUOUS
A0A4T0IFT3,Uncharacterized protein,520,E3P86_03845,245174,Wallemia ichthyophaga,Wallemia ichthyophaga,True,IPR005304,family,,520,1,106,CONTINUOUS
A0A4T0R1V9,N-acetyltransferase domain-containing protein,768,E3Q22_01661,1708541,Wallemia mellicola,Wallemia mellicola,True,IPR005304,family,,768,6,224,CONTINUOUS
A0A4T0RZP6,N-acetyltransferase domain-containing protein,677,E3Q17_01461,1708541,Wallemia mellicola,Wallemia mellicola,True,IPR005304,family,,677,6,224,CONTINUOUS
A0A4T0TQA9,N-acetyltransferase domain-containing protein,677,E3Q01_01341,1708541,Wallemia mellicola,Wallemia mellicola,True,IPR005304,family,,677,6,224,CONTINUOUS
A0A4T0WYV8,Ribosomal RNA small subunit methyltransferase NEP1,258,CANINC_003757,52247,Pichia inconspicua,Pichia inconspicua,True,IPR005304,family,,258,18,258,CONTINUOUS
A0A4U0V7I1,Ribosomal RNA small subunit methyltransferase NEP1,260,B0A54_05086,329885,Friedmanniomyces endolithicus,Friedmanniomyces endolithicus,True,IPR005304,family,,260,33,260,CONTINUOUS
A0A4U0VGW0,Ribosomal RNA small subunit methyltransferase NEP1,260,B0A54_01837,329885,Friedmanniomyces endolithicus,Friedmanniomyces endolithicus,True,IPR005304,family,,260,34,260,CONTINUOUS
A0A4U0WZS9,Ribosomal RNA small subunit methyltransferase NEP1,335,B0A55_08684,329884,Friedmanniomyces simplex,Friedmanniomyces simplex,True,IPR005304,family,,335,106,335,CONTINUOUS
A0A4U0XBM6,Ribosomal RNA small subunit methyltransferase NEP1,477,B0A49_08144,331657,Cryomyces minteri,Cryomyces minteri,True,IPR005304,family,,477,253,477,CONTINUOUS
A0A4U0XS69,Ribosomal RNA small subunit methyltransferase NEP1,258,B0A49_03556,331657,Cryomyces minteri,Cryomyces minteri,True,IPR005304,family,,258,34,258,CONTINUOUS
A0A4U1FPP5,18S rRNA (pseudouridine(1248)-N1)-methyltransferase,244,EMG1,40151,Monodon monoceros,Monodon monoceros (Narwhal),True,IPR005304,family,,244,12,244,CONTINUOUS
A0A4U5PLX4,Ribosomal RNA small subunit methyltransferase NEP1,282,D5086_0000208660,43335,Populus alba,Populus alba (White poplar),True,IPR005304,family,,282,42,282,CONTINUOUS
A0A4U5QGW9,Ribosomal RNA small subunit methyltransferase nep-1-like,284,D5086_0000089690,43335,Populus alba,Populus alba (White poplar),True,IPR005304,family,,284,39,284,CONTINUOUS
A0A4U5V6T1,18S rRNA (pseudouridine(1248)-N1)-methyltransferase,237,D9C73_016334,240159,Collichthys lucidus,Collichthys lucidus (Big head croaker),True,IPR005304,family,,237,6,237,CONTINUOUS
A0A4U6W851,Ribosomal RNA small subunit methyltransferase NEP1,285,SEVIR_1G129700v2,4556,Setaria viridis,Setaria viridis (Green bristlegrass),True,IPR005304,family,,285,56,284,CONTINUOUS
A0A4U7AS79,Ribosomal RNA small subunit methyltransferase NEP1,299,C1H76_6689,40998,Elsinoe australis,Elsinoe australis,True,IPR005304,family,,299,52,299,CONTINUOUS
A0A4U7KRD7,Ribosomal RNA small subunit methyltransferase NEP1,395,EX895_003678,280036,Sporisorium graminicola,Sporisorium graminicola,True,IPR005304,family,,395,139,394,CONTINUOUS
A0A4V0KDY0,"Small subunit rRNA processing factor, putative",416,PCHAS_1442400,31271,Plasmodium chabaudi chabaudi,Plasmodium chabaudi chabaudi,True,IPR005304,family,,416,150,415,CONTINUOUS
A0A4V1AE89,Ribosomal RNA small subunit methyltransferase NEP1,252,MPUL0C03400,2163413,Metschnikowia aff. pulcherrima,Metschnikowia aff. pulcherrima,True,IPR005304,family,,252,8,252,CONTINUOUS
A0A4V1J4E3,Alpha/beta knot methyltransferase,258,BJ085DRAFT_15060,215637,Dimargaris cristalligena,Dimargaris cristalligena,True,IPR005304,family,,258,24,258,CONTINUOUS
A0A4V2JTJ3,EMG1/NEP1 methyltransferase,197,CWI39_3790p0010,148818,Hamiltosporidium magnivora,Hamiltosporidium magnivora,True,IPR005304,family,,197,2,195,CONTINUOUS
A0A4V2JXY5,EMG1/NEP1 methyltransferase,197,CWI38_0400p0030,1176355,Hamiltosporidium tvaerminnensis,Hamiltosporidium tvaerminnensis,True,IPR005304,family,,197,2,195,CONTINUOUS
A0A4V4HUM0,Ribosomal RNA small subunit methyltransferase NEP1,260,BGAL_0173g00120,278940,Botrytis galanthina,Botrytis galanthina,True,IPR005304,family,,260,31,260,CONTINUOUS
A0A4V4NB01,Ribosomal RNA small subunit methyltransferase NEP1,261,CH35J_009574,80884,Colletotrichum higginsianum,Colletotrichum higginsianum,True,IPR005304,family,,261,36,260,CONTINUOUS
A0A4V5N6B1,Ribosomal RNA small subunit methyltransferase NEP1,261,B0A50_01366,706561,Salinomyces thailandicus,Salinomyces thailandicus,True,IPR005304,family,,261,33,261,CONTINUOUS
A0A4V6A1T4,18S rRNA (pseudouridine-N1)-methyltransferase,225,L596_017580,34508,Steinernema carpocapsae,Steinernema carpocapsae (Entomopathogenic nematode),True,IPR005304,family,,225,11,225,CONTINUOUS
A0A4V6DID5,Ribosomal RNA small subunit methyltransferase NEP1,318,NEP1,1306861,Colletotrichum tanaceti,Colletotrichum tanaceti,True,IPR005304,family,,318,93,317,CONTINUOUS
A0A4V6TF54,Nep1-domain-containing protein,268,D6D01_00585,5580,Aureobasidium pullulans,Aureobasidium pullulans (Black yeast),True,IPR005304,family,,268,44,268,CONTINUOUS
A0A4W2E4X1,18S rRNA (pseudouridine(1248)-N1)-methyltransferase,347,,30522,Bos indicus x Bos taurus,Bos indicus x Bos taurus (Hybrid cattle),True,IPR005304,family,,347,115,347,CONTINUOUS
A0A4W2GAQ7,Ribosomal RNA small subunit methyltransferase NEP1,211,EMG1,30522,Bos indicus x Bos taurus,Bos indicus x Bos taurus (Hybrid cattle),True,IPR005304,family,,211,115,194,CONTINUOUS
A0A4W2HZX6,18S rRNA (pseudouridine(1248)-N1)-methyltransferase,347,EMG1,30522,Bos indicus x Bos taurus,Bos indicus x Bos taurus (Hybrid cattle),True,IPR005304,family,,347,115,347,CONTINUOUS
A0A4W4GZ28,18S rRNA (pseudouridine(1248)-N1)-methyltransferase,267,EMG1,8005,Electrophorus electricus,Electrophorus electricus (Electric eel),True,IPR005304,family,,267,41,267,CONTINUOUS
A0A4W5PUF5,18S rRNA (pseudouridine(1248)-N1)-methyltransferase,263,,62062,Hucho hucho,Hucho hucho (huchen),True,IPR005304,family,,263,36,263,CONTINUOUS
A0A4W5PXS2,18S rRNA (pseudouridine(1248)-N1)-methyltransferase,262,,62062,Hucho hucho,Hucho hucho (huchen),True,IPR005304,family,,262,35,262,CONTINUOUS
A0A4W6DC88,18S rRNA (pseudouridine(1248)-N1)-methyltransferase,237,EMG1,8187,Lates calcarifer,Lates calcarifer (Barramundi),True,IPR005304,family,,237,14,237,CONTINUOUS
A0A4X1UWG9,18S rRNA (pseudouridine(1248)-N1)-methyltransferase,244,EMG1,9823,Sus scrofa,Sus scrofa (Pig),True,IPR005304,family,,244,12,243,CONTINUOUS
A0A4X2JT87,18S rRNA (pseudouridine(1248)-N1)-methyltransferase,415,EMG1,29139,Vombatus ursinus,Vombatus ursinus (Common wombat),True,IPR005304,family,,415,183,415,CONTINUOUS
A0A4Y1RTV8,Nucleolar essential protein-related protein,283,Prudu_019061,3755,Prunus dulcis,Prunus dulcis (Almond),True,IPR005304,family,,283,71,276,CONTINUOUS
A0A4Y2FLP0,Uncharacterized protein,82,AVEN_240296_1,182803,Araneus ventricosus,Araneus ventricosus (Orbweaver spider),True,IPR005304,family,,82,14,82,CONTINUOUS
A0A4Y2PRV8,18S rRNA (pseudouridine-N1)-methyltransferase,237,CG3527,182803,Araneus ventricosus,Araneus ventricosus (Orbweaver spider),True,IPR005304,family,,237,14,236,CONTINUOUS
A0A4Y5SJV5,Ribosomal RNA small subunit methyltransferase Nep1,219,nep1,2586643,Thermococcus indicus,Thermococcus indicus,True,IPR005304,family,,219,2,217,CONTINUOUS
A0A4Y7JK37,Ribosomal RNA small subunit methyltransferase NEP1,325,C5167_022888,3469,Papaver somniferum,Papaver somniferum (Opium poppy),True,IPR005304,family,,325,42,271,CONTINUOUS
A0A4Y7PJZ8,Nep1-domain-containing protein,313,BD410DRAFT_777718,50990,Rickenella mellea,Rickenella mellea,True,IPR005304,family,,313,89,313,CONTINUOUS
A0A4Y7T5Z4,Nep1-domain-containing protein,234,FA13DRAFT_1632166,71717,Coprinellus micaceus,Coprinellus micaceus (Glistening ink-cap mushroom),True,IPR005304,family,,234,9,234,CONTINUOUS
A0A4Y8CXG7,Ribosomal RNA small subunit methyltransferase NEP1,260,BOTCAL_0233g00060,38488,Botryotinia calthae,Botryotinia calthae,True,IPR005304,family,,260,31,260,CONTINUOUS
A0A4Y9XLN6,Nep1-domain-containing protein,271,EVG20_g11631,205917,Dentipellis fragilis,Dentipellis fragilis,False,IPR005304,family,,271,36,271,CONTINUOUS
A0A4Y9XMF4,Uncharacterized protein,191,EVJ58_g10658,34475,Rhodofomes roseus,Rhodofomes roseus,True,IPR005304,family,,191,13,157,CONTINUOUS
A0A4Y9ZFU3,Ribosomal RNA small subunit methyltransferase NEP1,118,EWM64_g10387,135208,Hericium alpestre,Hericium alpestre,True,IPR005304,family,,118,8,118,CONTINUOUS
A0A4Z0YMQ3,Ribosomal RNA small subunit methyltransferase NEP1,256,E0Z10_g8522,37992,Xylaria hypoxylon,Xylaria hypoxylon,True,IPR005304,family,,256,28,256,CONTINUOUS
A0A4Z1F7D2,Ribosomal RNA small subunit methyltransferase NEP1,260,BTUL_0008g00140,87230,Botrytis tulipae,Botrytis tulipae,True,IPR005304,family,,260,31,260,CONTINUOUS
A0A4Z1FEK1,Ribosomal RNA small subunit methyltransferase NEP1,260,BPAE_0146g00140,278948,Botrytis paeoniae,Botrytis paeoniae,True,IPR005304,family,,260,31,260,CONTINUOUS
A0A4Z1HDP2,Ribosomal RNA small subunit methyltransferase NEP1,260,BHYA_0002g00170,278943,Botrytis hyacinthi,Botrytis hyacinthi,True,IPR005304,family,,260,31,260,CONTINUOUS
A0A4Z1I5C0,Ribosomal RNA small subunit methyltransferase NEP1,260,BCON_0075g00360,54673,Botryotinia convoluta,Botryotinia convoluta,True,IPR005304,family,,260,30,260,CONTINUOUS
A0A4Z1J9L2,Ribosomal RNA small subunit methyltransferase NEP1,260,BOTNAR_0006g00730,278944,Botryotinia narcissicola,Botryotinia narcissicola,True,IPR005304,family,,260,31,260,CONTINUOUS
A0A4Z1JXK3,Ribosomal RNA small subunit methyltransferase NEP1,260,BELL_0157g00020,278938,Botrytis elliptica,Botrytis elliptica,True,IPR005304,family,,260,31,260,CONTINUOUS
A0A4Z1KKD2,Ribosomal RNA small subunit methyltransferase NEP1,260,BPOR_0341g00090,87229,Botrytis porri,Botrytis porri,True,IPR005304,family,,260,31,260,CONTINUOUS
A0A4Z1P194,Ribosomal RNA small subunit methyltransferase NEP1,299,E6O75_ATG07226,86259,Venturia nashicola,Venturia nashicola,True,IPR005304,family,,299,75,299,CONTINUOUS
A0A4Z1SY30,Putative Ribosome biogenesis protein NEP1,227,GMRT_12550,5742,Giardia muris,Giardia muris,True,IPR005304,family,,227,9,227,CONTINUOUS
A0A4Z2CES2,18S rRNA (pseudouridine(1248)-N1)-methyltransferase,237,fugu_010229,433685,Takifugu bimaculatus,Takifugu bimaculatus,True,IPR005304,family,,237,4,237,CONTINUOUS
A0A4Z2CS49,Ribosomal RNA small subunit methyltransferase NEP1,233,EWB00_008056,6182,Schistosoma japonicum,Schistosoma japonicum (Blood fluke),True,IPR005304,family,,233,4,220,CONTINUOUS
A0A4Z2GGX1,Ribosomal RNA small subunit methyltransferase NEP1,189,Emg1,230148,Liparis tanakae,Liparis tanakae (Tanaka's snailfish),True,IPR005304,family,,189,37,189,CONTINUOUS
A0A504WWG9,EMG1/NEP1 methyltransferase family protein,287,CGC20_36885,5661,Leishmania donovani,Leishmania donovani,True,IPR005304,family,,287,11,279,CONTINUOUS
A0A504XIG2,EMG1/NEP1 methyltransferase family protein,358,CGC20_32240,5661,Leishmania donovani,Leishmania donovani,True,IPR005304,family,,358,80,309,CONTINUOUS
A0A507BMY6,Ribosomal RNA small subunit methyltransferase NEP1,251,E0L32_002647,1093900,Thyridium curvatum,Thyridium curvatum,True,IPR005304,family,,251,23,251,CONTINUOUS
A0A507C362,Ribosomal RNA small subunit methyltransferase NEP1,249,SmJEL517_g04832,1806994,Synchytrium microbalum,Synchytrium microbalum,True,IPR005304,family,,249,13,249,CONTINUOUS
A0A507DAP7,Ribosomal RNA small subunit methyltransferase NEP1,239,SeLEV6574_g01887,286115,Synchytrium endobioticum,Synchytrium endobioticum,True,IPR005304,family,,239,9,239,CONTINUOUS
A0A507E013,Ribosomal RNA small subunit methyltransferase NEP1,232,PhCBS80983_g04307,109895,Powellomyces hirtus,Powellomyces hirtus,True,IPR005304,family,,232,8,232,CONTINUOUS
A0A507FJB3,Ribosomal RNA small subunit methyltransferase NEP1,1048,CcCBS67573_g02440,246404,Chytriomyces confervae,Chytriomyces confervae,True,IPR005304,family,,1048,10,231,CONTINUOUS
A0A507QU16,18S rRNA pseudouridine methyltransferase,260,EMG1,5098,Monascus purpureus,Monascus purpureus (Red mold),True,IPR005304,family,,260,34,260,CONTINUOUS
A0A509AGG0,"Ribosomal RNA small subunit methyltransferase NEP1, putative",231,PBANKA_0709300,5823,Plasmodium berghei (strain Anka),Plasmodium berghei (strain Anka),True,IPR005304,family,,231,13,230,CONTINUOUS
A0A509AR01,"Small subunit rRNA processing factor, putative",426,PBANKA_1440400,5823,Plasmodium berghei (strain Anka),Plasmodium berghei (strain Anka),True,IPR005304,family,,426,162,425,CONTINUOUS
A0A510DYN0,Ribosomal RNA small subunit methyltransferase Nep1,290,nep1,1294262,Sulfuracidifex tepidarius,Sulfuracidifex tepidarius,True,IPR005304,family,,290,75,284,CONTINUOUS
A0A511KDR2,Nucleolar essential protein 1,298,Rt10032_c05g2459,5286,Rhodotorula toruloides,Rhodotorula toruloides (Yeast),True,IPR005304,family,,298,57,297,CONTINUOUS
A0A517L6X4,18S rRNA pseudouridine methyltransferase,280,EMG1,50376,Venturia effusa,Venturia effusa,True,IPR005304,family,,280,56,280,CONTINUOUS
A0A523B7F8,Ribosomal RNA small subunit methyltransferase Nep1,227,nep1,2056631,Thermoproteota archaeon,Thermoproteota archaeon,False,IPR005304,family,,227,4,225,CONTINUOUS
A0A523BHY1,Ribosomal RNA small subunit methyltransferase Nep1,227,nep1,2056631,Thermoproteota archaeon,Thermoproteota archaeon,True,IPR005304,family,,227,4,226,CONTINUOUS
A0A540K5J5,Ribosomal RNA small subunit methyltransferase NEP1,155,C1H46_044963,106549,Malus baccata,Malus baccata (Siberian crab apple),True,IPR005304,family,,155,1,155,CONTINUOUS
A0A540KDG5,Uncharacterized protein,133,C1H46_042300,106549,Malus baccata,Malus baccata (Siberian crab apple),True,IPR005304,family,,133,43,127,CONTINUOUS
A0A540KVA8,Ribosomal RNA small subunit methyltransferase NEP1,268,C1H46_036524,106549,Malus baccata,Malus baccata (Siberian crab apple),True,IPR005304,family,,268,34,268,CONTINUOUS
A0A540LAE0,Ribosomal RNA small subunit methyltransferase NEP1,193,C1H46_031000,106549,Malus baccata,Malus baccata (Siberian crab apple),True,IPR005304,family,,193,4,192,CONTINUOUS
A0A540LAF8,Ribosomal RNA small subunit methyltransferase NEP1,315,C1H46_031001,106549,Malus baccata,Malus baccata (Siberian crab apple),True,IPR005304,family,,315,65,261,CONTINUOUS
A0A540N493,Ribosomal RNA small subunit methyltransferase NEP1,286,C1H46_008555,106549,Malus baccata,Malus baccata (Siberian crab apple),True,IPR005304,family,,286,45,286,CONTINUOUS
A0A540NPV7,Uncharacterized protein,126,C1H46_001436,106549,Malus baccata,Malus baccata (Siberian crab apple),True,IPR005304,family,,126,10,96,CONTINUOUS
A0A545V9B3,EMG1/NEP1 methyltransferase,251,IF1G_02396,43265,Cordyceps javanica,Cordyceps javanica,True,IPR005304,family,,251,31,251,CONTINUOUS
A0A550CYK8,Alpha/beta knot methyltransferase,399,BD626DRAFT_563585,97359,Schizophyllum amplum,Schizophyllum amplum,True,IPR005304,family,,399,161,398,CONTINUOUS
A0A553HKV2,Ribosomal RNA small subunit methyltransferase NEP1,264,FHL15_010530,2512241,Xylaria flabelliformis,Xylaria flabelliformis,True,IPR005304,family,,264,35,264,CONTINUOUS
A0A553NDQ1,18S rRNA (pseudouridine-N1)-methyltransferase,261,TCAL_13732,6832,Tigriopus californicus,Tigriopus californicus (Marine copepod),True,IPR005304,family,,261,9,260,CONTINUOUS
A0A553QWE0,18S rRNA (pseudouridine(1248)-N1)-methyltransferase,223,DNTS_030380,2873325,Danionella cerebrum,Danionella cerebrum,True,IPR005304,family,,223,16,217,CONTINUOUS
A0A556TQ55,Zyxin,1160,Baya_4434,175774,Bagarius yarrelli,Bagarius yarrelli (Goonch),True,IPR005304,family,,1160,959,1154,CONTINUOUS
A0A557SXL6,Ribosomal RNA small subunit methyltransferase Nep1,228,nep,2035267,Candidatus Nitrosocosmicus arcticus,Candidatus Nitrosocosmicus arcticus,True,IPR005304,family,,228,2,224,CONTINUOUS
A0A559LSH9,Ribosomal RNA small subunit methyltransferase NEP1,259,NEP1,61366,Fusarium oxysporum f. sp. cubense,Fusarium oxysporum f. sp. cubense,True,IPR005304,family,,259,37,259,CONTINUOUS
A0A559LZU6,Ribosomal RNA small subunit methyltransferase,249,EMG1,215461,Lachnellula willkommii,Lachnellula willkommii,True,IPR005304,family,,249,26,249,CONTINUOUS
A0A565A3D6,(malaria parasite P. vivax) hypothetical protein,490,PVW1_140050000,5855,Plasmodium vivax,Plasmodium vivax (malaria parasite P. vivax),True,IPR005304,family,,490,229,489,CONTINUOUS
A0A565BX21,Ribosomal RNA small subunit methyltransferase NEP1,295,ANE_LOCUS16388,586526,Arabis nemorensis,Arabis nemorensis,True,IPR005304,family,,295,59,295,CONTINUOUS
A0A5A7Q4P5,Ribosomal RNA small subunit methyltransferaseNEP1,286,STAS_16512,4170,Striga asiatica,Striga asiatica (Asiatic witchweed),True,IPR005304,family,,286,50,286,CONTINUOUS
A0A5A7RJ55,Ribosomal RNA small subunit methyltransferaseNEP1,286,STAS_35007,4170,Striga asiatica,Striga asiatica (Asiatic witchweed),True,IPR005304,family,,286,46,286,CONTINUOUS
A0A5A7SNC0,Ribosomal RNA small subunit methyltransferase NEP1-like,263,E6C27_scaffold452G00430,1194695,Cucumis melo var. makuwa,Cucumis melo var. makuwa (Oriental melon),True,IPR005304,family,,263,31,256,CONTINUOUS
A0A5A8CV43,Ribosomal RNA small subunit methyltransferase NEP1,306,FNF27_08204,33653,Cafeteria roenbergensis,Cafeteria roenbergensis (Marine flagellate),True,IPR005304,family,,306,73,306,CONTINUOUS
A0A5B0NH08,18S rRNA pseudouridine methyltransferase,331,PGTUg99_017597,56615,Puccinia graminis f. sp. tritici,Puccinia graminis f. sp. tritici,True,IPR005304,family,,331,72,331,CONTINUOUS
A0A5B0PCV4,18S rRNA pseudouridine methyltransferase,290,NEP1,56615,Puccinia graminis f. sp. tritici,Puccinia graminis f. sp. tritici,True,IPR005304,family,,290,19,290,CONTINUOUS
A0A5B0PME6,18S rRNA pseudouridine methyltransferase,263,PGT21_036195,56615,Puccinia graminis f. sp. tritici,Puccinia graminis f. sp. tritici,True,IPR005304,family,,263,19,253,CONTINUOUS
A0A5B6UWX2,Ribosomal RNA small subunit methyltransferase nep-1,291,mra1,47621,Gossypium australe,Gossypium australe,True,IPR005304,family,,291,33,291,CONTINUOUS
A0A5B7AMM9,Putative ribosomal RNA small subunit methyltransferase nep-1,276,Din_026506,16924,Davidia involucrata,Davidia involucrata (Dove tree),True,IPR005304,family,,276,31,276,CONTINUOUS
A0A5B7DDK0,18S rRNA (pseudouridine-N1)-methyltransferase,288,Emg1_1,210409,Portunus trituberculatus,Portunus trituberculatus (Swimming crab),True,IPR005304,family,,288,6,195,CONTINUOUS
A0A5B7E6Z4,Ribosomal RNA small subunit methyltransferase NEP1,295,Emg1_0,210409,Portunus trituberculatus,Portunus trituberculatus (Swimming crab),True,IPR005304,family,,295,96,177,CONTINUOUS
A0A5B8MHK6,Ribosomal RNA small subunit methyltransferase NEP1,244,A3770_02p13700,1764295,Chloropicon primus,Chloropicon primus,True,IPR005304,family,,244,21,243,CONTINUOUS
A0A5B9DDH9,Uncharacterized protein,230,DSAG12_03202,2594042,Promethearchaeum syntrophicum,Promethearchaeum syntrophicum,True,IPR005304,family,,230,4,224,CONTINUOUS
A0A5C0SIJ6,Ribosomal RNA small subunit methyltransferase Nep1,219,nep1,2598455,Thermococcus aciditolerans,Thermococcus aciditolerans,True,IPR005304,family,,219,2,216,CONTINUOUS
A0A5C0XSS5,Ribosomal RNA small subunit methyltransferase Nep1,223,nep1,186497,Pyrococcus furiosus (strain ATCC 43587 / DSM 3638 / JCM 8422 / Vc1),Pyrococcus furiosus (strain ATCC 43587 / DSM 3638 / JCM 8422 / Vc1),True,IPR005304,family,,223,3,220,CONTINUOUS
A0A5C2SEJ2,Nep1-domain-containing protein,254,L227DRAFT_499436,1328759,Lentinus tigrinus ALCF2SS1-6,Lentinus tigrinus ALCF2SS1-6,True,IPR005304,family,,254,13,254,CONTINUOUS
A0A5C3ELL7,Related to EMG1 - Protein required for ribosome biogenesis,394,UTRI_06578,86804,Ustilago trichophora,Ustilago trichophora,True,IPR005304,family,,394,135,393,CONTINUOUS
A0A5C3EPP6,Related to EMG1 - Protein required for ribosome biogenesis,395,UTRI_06578_B,86804,Ustilago trichophora,Ustilago trichophora,True,IPR005304,family,,395,137,394,CONTINUOUS
A0A5C3F9Z2,Nucleolar essential protein 1,375,PSFLO_05947,84751,Pseudozyma flocculosa,Pseudozyma flocculosa,True,IPR005304,family,,375,119,374,CONTINUOUS
A0A5C3FWR8,Related to EMG1 - Protein required for ribosome biogenesis,384,PSANT_06549,84753,Pseudozyma antarctica,Pseudozyma antarctica (Yeast),False,IPR005304,family,,384,128,383,CONTINUOUS
A0A5C3L7W1,Nep1-domain-containing protein,409,FA15DRAFT_506497,230819,Coprinopsis marcescibilis,Coprinopsis marcescibilis (Agaric fungus),True,IPR005304,family,,409,164,408,CONTINUOUS
A0A5C3LQD1,Nep1-domain-containing protein,256,BDQ12DRAFT_612397,68775,Crucibulum laeve,Crucibulum laeve,True,IPR005304,family,,256,31,256,CONTINUOUS
A0A5C3MVJ1,Nep1-domain-containing protein,365,OE88DRAFT_1211698,5364,Heliocybe sulcata,Heliocybe sulcata,True,IPR005304,family,,365,103,365,CONTINUOUS
A0A5C3PGU3,Nep1-domain-containing protein,254,K466DRAFT_489686,1314778,Polyporus arcularius HHB13444,Polyporus arcularius HHB13444,True,IPR005304,family,,254,13,254,CONTINUOUS
A0A5C3QIK6,Alpha/beta knot methyltransferase,449,BDV98DRAFT_569876,1884261,Pterulicium gracile,Pterulicium gracile,True,IPR005304,family,,449,197,449,CONTINUOUS
A0A5C5FZ08,Nep1 protein,298,DMC30DRAFT_393218,5288,Rhodotorula diobovata,Rhodotorula diobovata,True,IPR005304,family,,298,45,297,CONTINUOUS
A0A5C6GJH1,Ribosomal RNA small subunit methyltransferase NEP1,261,ED733_007038,1649241,Metarhizium rileyi (strain RCEF 4871),Metarhizium rileyi (strain RCEF 4871),True,IPR005304,family,,261,36,261,CONTINUOUS
A0A5C6PI60,18S rRNA (pseudouridine(1248)-N1)-methyltransferase,242,D4764_10G0000850,433684,Takifugu flavidus,Takifugu flavidus (sansaifugu),True,IPR005304,family,,242,9,242,CONTINUOUS
A0A5C7HDG6,Ribosomal RNA small subunit methyltransferase NEP1,223,EZV62_020290,1000413,Acer yangbiense,Acer yangbiense,True,IPR005304,family,,223,10,222,CONTINUOUS
A0A5D2A609,Ribosomal RNA small subunit methyltransferase NEP1,193,ES288_D12G083900v1,34276,Gossypium darwinii,Gossypium darwinii (Darwin's cotton),True,IPR005304,family,,193,25,153,CONTINUOUS
A0A5D2A8X3,Ribosomal RNA small subunit methyltransferase NEP1,288,ES288_D12G126900v1,34276,Gossypium darwinii,Gossypium darwinii (Darwin's cotton),True,IPR005304,family,,288,34,288,CONTINUOUS
A0A5D2A9S8,Ribosomal RNA small subunit methyltransferase NEP1,288,ES288_D12G140100v1,34276,Gossypium darwinii,Gossypium darwinii (Darwin's cotton),True,IPR005304,family,,288,31,288,CONTINUOUS
A0A5D2E7D6,Ribosomal RNA small subunit methyltransferase NEP1,208,ES288_A12G085200v1,34276,Gossypium darwinii,Gossypium darwinii (Darwin's cotton),True,IPR005304,family,,208,8,195,CONTINUOUS
A0A5D2E8P6,Ribosomal RNA small subunit methyltransferase NEP1,289,ES288_A12G132700v1,34276,Gossypium darwinii,Gossypium darwinii (Darwin's cotton),True,IPR005304,family,,289,26,289,CONTINUOUS
A0A5D2I6U4,Uncharacterized protein,271,ES332_D12G103200v1,34277,Gossypium tomentosum,Gossypium tomentosum (Hawaiian cotton),True,IPR005304,family,,271,84,271,CONTINUOUS
A0A5D2I7Y2,Ribosomal RNA small subunit methyltransferase NEP1,288,ES332_D12G128200v1,34277,Gossypium tomentosum,Gossypium tomentosum (Hawaiian cotton),True,IPR005304,family,,288,34,288,CONTINUOUS
A0A5D2IAD6,Ribosomal RNA small subunit methyltransferase NEP1,288,ES332_D12G140200v1,34277,Gossypium tomentosum,Gossypium tomentosum (Hawaiian cotton),True,IPR005304,family,,288,31,288,CONTINUOUS
A0A5D2MX09,Ribosomal RNA small subunit methyltransferase NEP1,289,ES332_A12G133700v1,34277,Gossypium tomentosum,Gossypium tomentosum (Hawaiian cotton),True,IPR005304,family,,289,26,289,CONTINUOUS
A0A5D2SBY3,Ribosomal RNA small subunit methyltransferase NEP1,231,E1A91_D12G080000v1,34275,Gossypium mustelinum,Gossypium mustelinum (Cotton),True,IPR005304,family,,231,47,152,CONTINUOUS
A0A5D2SCU2,Ribosomal RNA small subunit methyltransferase NEP1,288,E1A91_D12G121900v1,34275,Gossypium mustelinum,Gossypium mustelinum (Cotton),True,IPR005304,family,,288,34,288,CONTINUOUS
A0A5D2SDK4,Ribosomal RNA small subunit methyltransferase NEP1,288,E1A91_D12G133100v1,34275,Gossypium mustelinum,Gossypium mustelinum (Cotton),True,IPR005304,family,,288,31,288,CONTINUOUS
A0A5D2WRJ0,Ribosomal RNA small subunit methyltransferase NEP1,241,E1A91_A12G078800v1,34275,Gossypium mustelinum,Gossypium mustelinum (Cotton),True,IPR005304,family,,241,20,228,CONTINUOUS
A0A5D2WT12,Ribosomal RNA small subunit methyltransferase NEP1,289,E1A91_A12G124200v1,34275,Gossypium mustelinum,Gossypium mustelinum (Cotton),True,IPR005304,family,,289,26,289,CONTINUOUS
A0A5D3B162,Ribosomal RNA small subunit methyltransferase NEP1,332,B9479_003293,2591691,Cryptococcus floricola,Cryptococcus floricola,True,IPR005304,family,,332,74,332,CONTINUOUS
A0A5D3CR92,Ribosomal RNA small subunit methyltransferase NEP1-like,215,E5676_scaffold186G00200,1194695,Cucumis melo var. makuwa,Cucumis melo var. makuwa (Oriental melon),True,IPR005304,family,,215,58,208,CONTINUOUS
A0A5D3D7D3,Ribosomal RNA small subunit methyltransferase NEP1-like,257,E5676_scaffold443G001510,1194695,Cucumis melo var. makuwa,Cucumis melo var. makuwa (Oriental melon),True,IPR005304,family,,257,45,256,CONTINUOUS
A0A5D3DPQ6,Ribosomal RNA small subunit methyltransferase NEP1,275,E6C27_scaffold135G002690,1194695,Cucumis melo var. makuwa,Cucumis melo var. makuwa (Oriental melon),True,IPR005304,family,,275,26,274,CONTINUOUS
A0A5E4B4F5,18S rRNA (pseudouridine(1248)-N1)-methyltransferase,207,MONAX_5E031413,9995,Marmota monax,Marmota monax (Woodchuck),True,IPR005304,family,,207,15,207,CONTINUOUS
A0A5E4B7D6,18S rRNA (pseudouridine(1248)-N1)-methyltransferase,244,MONAX_5E031413,9995,Marmota monax,Marmota monax (Woodchuck),True,IPR005304,family,,244,16,244,CONTINUOUS
A0A5E4F1J4,PREDICTED: ribosomal RNA small subunit,228,ALMOND_2B007252,3755,Prunus dulcis,Prunus dulcis (Almond),True,IPR005304,family,,228,13,227,CONTINUOUS
A0A5E4F2I9,PREDICTED: ribosomal RNA small subunit,281,ALMOND_2B007252,3755,Prunus dulcis,Prunus dulcis (Almond),True,IPR005304,family,,281,52,280,CONTINUOUS
A0A5E4F699,PREDICTED: ribosomal RNA small subunit,258,ALMOND_2B032893,3755,Prunus dulcis,Prunus dulcis (Almond),True,IPR005304,family,,258,31,258,CONTINUOUS
A0A5E4GE99,PREDICTED: ribosomal,290,ALMOND_2B016004,3755,Prunus dulcis,Prunus dulcis (Almond),True,IPR005304,family,,290,38,290,CONTINUOUS
A0A5E4GNX1,PREDICTED: ribosomal RNA small subunit,163,ALMOND_2B019274,3755,Prunus dulcis,Prunus dulcis (Almond),True,IPR005304,family,,163,1,163,CONTINUOUS
A0A5E4LYQ0,18S rRNA (pseudouridine-N1)-methyltransferase,232,CINCED_3A003367,506608,Cinara cedri,Cinara cedri,True,IPR005304,family,,232,7,232,CONTINUOUS
A0A5E4Q054,18S rRNA (pseudouridine-N1)-methyltransferase,236,LSINAPIS_LOCUS3737,189913,Leptidea sinapis,Leptidea sinapis,True,IPR005304,family,,236,11,236,CONTINUOUS
A0A5E8AWL6,Ribosomal RNA small subunit methyltransferase NEP1,264,SAPINGB_P000042,2606893,Magnusiomyces paraingens,Magnusiomyces paraingens,True,IPR005304,family,,264,29,264,CONTINUOUS
A0A5F8GAG1,18S rRNA (pseudouridine(1248)-N1)-methyltransferase,249,EMG1,13616,Monodelphis domestica,Monodelphis domestica (Gray short-tailed opossum),True,IPR005304,family,,249,17,249,CONTINUOUS
A0A5J4NUN3,rRNA small subunit pseudouridine methyltransferase Nep1,167,DEA37_0009565,34504,Paragonimus westermani,Paragonimus westermani,True,IPR005304,family,,167,1,159,CONTINUOUS
A0A5J4YGY8,Ribosomal RNA small subunit methyltransferase NEP1,315,FVE85_4407,35688,Porphyridium purpureum,Porphyridium purpureum (Red alga),True,IPR005304,family,,315,93,314,CONTINUOUS
A0A5J4ZI53,Ribosomal RNA small subunit methyltransferase NEP1,354,F0562_015817,561372,Nyssa sinensis,Nyssa sinensis,True,IPR005304,family,,354,109,354,CONTINUOUS
A0A5J4ZK91,Ribosomal RNA small subunit methyltransferase NEP1,276,F0562_015460,561372,Nyssa sinensis,Nyssa sinensis,True,IPR005304,family,,276,28,276,CONTINUOUS
A0A5J4ZWK7,Ribosomal RNA small subunit methyltransferase NEP1,276,F0562_009578,561372,Nyssa sinensis,Nyssa sinensis,True,IPR005304,family,,276,31,276,CONTINUOUS
A0A5J5F2N8,Alpha/beta knot methyltransferase,252,FN846DRAFT_775158,1250544,Sphaerosporella brunnea,Sphaerosporella brunnea,True,IPR005304,family,,252,32,252,CONTINUOUS
A0A5J5N103,18S rRNA (pseudouridine(1248)-N1)-methyltransferase,244,FD755_001354,9886,Muntiacus reevesi,Muntiacus reevesi (Reeves' muntjac),True,IPR005304,family,,244,12,244,CONTINUOUS
A0A5J5NWB5,Uncharacterized protein,250,ES319_D12G079900v1,3634,Gossypium barbadense,Gossypium barbadense (Sea Island cotton),True,IPR005304,family,,250,47,152,CONTINUOUS
A0A5J5NXG3,Ribosomal RNA small subunit methyltransferase NEP1,288,ES319_D12G131700v1,3634,Gossypium barbadense,Gossypium barbadense (Sea Island cotton),True,IPR005304,family,,288,31,288,CONTINUOUS
A0A5J5NZV2,Ribosomal RNA small subunit methyltransferase NEP1,288,ES319_D12G119900v1,3634,Gossypium barbadense,Gossypium barbadense (Sea Island cotton),True,IPR005304,family,,288,34,288,CONTINUOUS
A0A5J5TAP7,Uncharacterized protein,171,ES319_A12G079000v1,3634,Gossypium barbadense,Gossypium barbadense (Sea Island cotton),True,IPR005304,family,,171,8,157,CONTINUOUS
A0A5J5TDE8,Ribosomal RNA small subunit methyltransferase NEP1,289,ES319_A12G122400v1,3634,Gossypium barbadense,Gossypium barbadense (Sea Island cotton),True,IPR005304,family,,289,26,289,CONTINUOUS
A0A5J9SLC7,Ribosomal RNA small subunit methyltransferase NEP1,288,EJB05_54835,38414,Eragrostis curvula,Eragrostis curvula (weeping love grass),True,IPR005304,family,,288,57,287,CONTINUOUS
A0A5J9U4Z9,Ribosomal RNA small subunit methyltransferase NEP1,285,EJB05_34741,38414,Eragrostis curvula,Eragrostis curvula (weeping love grass),True,IPR005304,family,,285,57,284,CONTINUOUS
A0A5J9V8Y0,Ribosomal RNA small subunit methyltransferase NEP1,287,EJB05_24167,38414,Eragrostis curvula,Eragrostis curvula (weeping love grass),True,IPR005304,family,,287,53,286,CONTINUOUS
A0A5J9V8Z0,Ribosomal RNA small subunit methyltransferase NEP1,287,EJB05_24177,38414,Eragrostis curvula,Eragrostis curvula (weeping love grass),True,IPR005304,family,,287,53,286,CONTINUOUS
A0A5K1CSZ6,Uncharacterized protein,31,NYM_LOCUS17195,210225,Nymphaea colorata,Nymphaea colorata (pocket water lily),True,IPR005304,family,,31,1,31,CONTINUOUS
A0A5K1DI62,Uncharacterized protein,52,NYM_LOCUS20629,210225,Nymphaea colorata,Nymphaea colorata (pocket water lily),True,IPR005304,family,,52,1,51,CONTINUOUS
A0A5K1DL78,Uncharacterized protein,40,NYM_LOCUS19767,210225,Nymphaea colorata,Nymphaea colorata (pocket water lily),True,IPR005304,family,,40,2,38,CONTINUOUS
A0A5K1K520,Lmo1883 protein,146,Q8Y619,34458,Ganoderma boninense,Ganoderma boninense,True,IPR005304,family,,146,1,146,CONTINUOUS
A0A5K1K5G5,HTH lysR-type domain-containing protein,105,A0A0H3KEX5,34458,Ganoderma boninense,Ganoderma boninense,True,IPR005304,family,,105,20,97,CONTINUOUS
A0A5K1TWG3,"Ribosome biogenesis protein, putative",471,PKNA1_H1_1444900,5851,Plasmodium knowlesi (strain H),Plasmodium knowlesi (strain H),True,IPR005304,family,,471,229,470,CONTINUOUS
A0A5K1UNI0,"Ribosomal RNA small subunit methyltransferase NEP1, putative",231,PKNA1_C2_1315500,5851,Plasmodium knowlesi (strain H),Plasmodium knowlesi (strain H),True,IPR005304,family,,231,12,226,CONTINUOUS
A0A5K1VS80,Ribosome biogenesis protein nep1 putative,227,CL6EHI_044610,5759,Entamoeba histolytica,Entamoeba histolytica,True,IPR005304,family,,227,9,227,CONTINUOUS
A0A5M3MS09,Nep1-domain-containing protein,239,CONPUDRAFT_53859,741705,Coniophora puteana (strain RWD-64-598),Coniophora puteana (strain RWD-64-598) (Brown rot fungus),True,IPR005304,family,,239,12,239,CONTINUOUS
A0A5M3Z9U9,Essential for mitotic growth 1,254,ATEIFO6365_0010039300,33178,Aspergillus terreus,Aspergillus terreus,True,IPR005304,family,,254,32,254,CONTINUOUS
A0A5M6BWC0,Uncharacterized protein,344,CI109_106092,1734106,Kwoniella shandongensis,Kwoniella shandongensis,True,IPR005304,family,,344,95,344,CONTINUOUS
A0A5M8PPD8,Ribosomal RNA small subunit methyltransferase NEP1,258,FRX48_04644,136370,Lasallia pustulata,Lasallia pustulata,True,IPR005304,family,,258,35,258,CONTINUOUS
A0A5M9J9W0,Ribosomal RNA small subunit methyltransferase NEP1,217,EYC84_008786,38448,Monilinia fructicola,Monilinia fructicola (Brown rot fungus),True,IPR005304,family,,217,20,217,CONTINUOUS
A0A5N3VFG4,18S rRNA (pseudouridine(1248)-N1)-methyltransferase,244,FD754_012866,9888,Muntiacus muntjak,Muntiacus muntjak (Barking deer),True,IPR005304,family,,244,12,244,CONTINUOUS
A0A5N3X121,18S rRNA (pseudouridine(1248)-N1)-methyltransferase,231,FD754_010931,9888,Muntiacus muntjak,Muntiacus muntjak (Barking deer),True,IPR005304,family,,231,14,230,CONTINUOUS
A0A5N4C6J9,18S rRNA (pseudouridine(1248)-N1)-methyltransferase,244,Cadr_000029351,9838,Camelus dromedarius,Camelus dromedarius (Dromedary),True,IPR005304,family,,244,12,244,CONTINUOUS
A0A5N5DFA3,Ribosomal RNA small subunit methyltransferase NEP1,287,EMG1,45133,Lasiodiplodia theobromae,Lasiodiplodia theobromae,True,IPR005304,family,,287,21,287,CONTINUOUS
A0A5N5FYZ7,Ribosomal RNA small subunit methyltransferase nep-1-like,287,D8674_011533,2448454,Pyrus ussuriensis x Pyrus communis,Pyrus ussuriensis x Pyrus communis,True,IPR005304,family,,287,45,287,CONTINUOUS
A0A5N5GT49,Ribosomal RNA small subunit methyltransferase NEP1-like,196,D8674_022958,2448454,Pyrus ussuriensis x Pyrus communis,Pyrus ussuriensis x Pyrus communis,True,IPR005304,family,,196,36,192,CONTINUOUS
A0A5N5HHH0,Ribosomal RNA small subunit methyltransferase NEP1-like,263,D8674_021067,2448454,Pyrus ussuriensis x Pyrus communis,Pyrus ussuriensis x Pyrus communis,True,IPR005304,family,,263,35,262,CONTINUOUS
A0A5N5HPJ6,Ribosomal RNA small subunit methyltransferase NEP1-like,270,D8674_032847,2448454,Pyrus ussuriensis x Pyrus communis,Pyrus ussuriensis x Pyrus communis,True,IPR005304,family,,270,32,270,CONTINUOUS
A0A5N5HPL4,Ribosomal RNA small subunit methyltransferase NEP1-like,280,D8674_021068,2448454,Pyrus ussuriensis x Pyrus communis,Pyrus ussuriensis x Pyrus communis,True,IPR005304,family,,280,67,280,CONTINUOUS
A0A5N5HWI0,Ribosomal RNA small subunit methyltransferase nep-1-like,288,D8674_008682,2448454,Pyrus ussuriensis x Pyrus communis,Pyrus ussuriensis x Pyrus communis,True,IPR005304,family,,288,49,288,CONTINUOUS
A0A5N5JJW4,Ribosomal RNA small subunit methyltransferase NEP1,267,DKX38_023544,2182728,Salix brachista,Salix brachista,True,IPR005304,family,,267,31,267,CONTINUOUS
A0A5N5JKH6,Ribosomal RNA small subunit methyltransferase NEP1,322,DKX38_023691,2182728,Salix brachista,Salix brachista,True,IPR005304,family,,322,88,322,CONTINUOUS
A0A5N5JPF8,Ribosomal RNA small subunit methyltransferase NEP1,329,DKX38_023639,2182728,Salix brachista,Salix brachista,True,IPR005304,family,,329,95,329,CONTINUOUS
A0A5N5JPU0,Ribosomal RNA small subunit methyltransferase NEP1,267,DKX38_023642,2182728,Salix brachista,Salix brachista,True,IPR005304,family,,267,30,267,CONTINUOUS
A0A5N5Q4S3,18S rRNA (pseudouridine(1248)-N1)-methyltransferase,238,PHYPO_G00006160,310915,Pangasianodon hypophthalmus,Pangasianodon hypophthalmus (Striped catfish),True,IPR005304,family,,238,5,238,CONTINUOUS
A0A5N5QSM3,Ribosomal RNA small subunit methyltransferase mra1,348,CTheo_1951,1582974,Ceratobasidium theobromae,Ceratobasidium theobromae,True,IPR005304,family,,348,84,348,CONTINUOUS
A0A5N5T0H9,18S rRNA (pseudouridine-N1)-methyltransferase,250,EMG1,96803,Armadillidium nasatum,Armadillidium nasatum,True,IPR005304,family,,250,20,249,CONTINUOUS
A0A5N5WIW9,Alpha/beta knot methyltransferase,259,BDV29DRAFT_69961,41062,Aspergillus leporis,Aspergillus leporis,True,IPR005304,family,,259,34,259,CONTINUOUS
A0A5N6DQL3,Alpha/beta knot methyltransferase,262,BDV34DRAFT_70016,5067,Aspergillus parasiticus,Aspergillus parasiticus,True,IPR005304,family,,262,39,262,CONTINUOUS
A0A5N6EHB5,Alpha/beta knot methyltransferase,262,BDV33DRAFT_206794,986946,Aspergillus novoparasiticus,Aspergillus novoparasiticus,True,IPR005304,family,,262,39,262,CONTINUOUS
A0A5N6ILR5,Alpha/beta knot methyltransferase,262,BDV30DRAFT_50451,656917,Aspergillus minisclerotigenes,Aspergillus minisclerotigenes,True,IPR005304,family,,262,39,262,CONTINUOUS
A0A5N6JWN3,Ribosomal RNA small subunit methyltransferase NEP1,340,EYC80_007680,61186,Monilinia laxa,Monilinia laxa (Brown rot fungus),True,IPR005304,family,,340,35,242,CONTINUOUS
A0A5N6JWP7,Ribosomal RNA small subunit methyltransferase NEP1,260,EYC80_007680,61186,Monilinia laxa,Monilinia laxa (Brown rot fungus),True,IPR005304,family,,260,33,260,CONTINUOUS
A0A5N6PG11,Ribosomal RNA small subunit methyltransferase NEP1,330,E3N88_08349,192012,Mikania micrantha,Mikania micrantha (bitter vine),True,IPR005304,family,,330,56,293,CONTINUOUS
A0A5N6PJ05,Ribosomal RNA small subunit methyltransferase NEP1,308,E3N88_08330,192012,Mikania micrantha,Mikania micrantha (bitter vine),True,IPR005304,family,,308,55,289,CONTINUOUS
A0A5N6RSL5,Ribosomal RNA small subunit methyltransferase NEP1,278,FH972_020075,176857,Carpinus fangiana,Carpinus fangiana,True,IPR005304,family,,278,62,247,CONTINUOUS
A0A5N6T1G3,Alpha/beta knot methyltransferase,262,BDV38DRAFT_281026,132259,Aspergillus pseudotamarii,Aspergillus pseudotamarii,True,IPR005304,family,,262,39,262,CONTINUOUS
A0A5N6TDC7,Protein required for 18S rRNA maturation and 40S ribosome biogenesis,282,BDV25DRAFT_167182,36643,Aspergillus avenaceus,Aspergillus avenaceus,True,IPR005304,family,,282,45,282,CONTINUOUS
A0A5N6V679,Alpha/beta knot methyltransferase,262,BDV40DRAFT_296711,41984,Aspergillus tamarii,Aspergillus tamarii,True,IPR005304,family,,262,39,262,CONTINUOUS
A0A5N6W5D4,Alpha/beta knot methyltransferase,262,BDV41DRAFT_586551,1034304,Aspergillus transmontanensis,Aspergillus transmontanensis,True,IPR005304,family,,262,39,262,CONTINUOUS
A0A5N6WMP3,Protein required for 18S rRNA maturation and 40S ribosome biogenesis,260,BDV39DRAFT_162428,1034303,Aspergillus sergii,Aspergillus sergii,True,IPR005304,family,,260,33,260,CONTINUOUS
A0A5N6YHE5,Ribosomal RNA small subunit methyltransferase NEP1,252,BDV24DRAFT_150203,656916,Aspergillus arachidicola,Aspergillus arachidicola,True,IPR005304,family,,252,24,252,CONTINUOUS
A0A5N6YU34,Protein required for 18S rRNA maturation and 40S ribosome biogenesis,260,BDV28DRAFT_72769,138285,Aspergillus coremiiformis,Aspergillus coremiiformis,True,IPR005304,family,,260,33,260,CONTINUOUS
A0A5N6ZNG3,Alpha/beta knot methyltransferase,262,BDV27DRAFT_169179,61420,Aspergillus caelatus,Aspergillus caelatus,True,IPR005304,family,,262,39,262,CONTINUOUS
A0A5N7ASV9,Alpha/beta knot methyltransferase,262,BDV26DRAFT_80602,1226010,Aspergillus bertholletiae,Aspergillus bertholletiae,True,IPR005304,family,,262,39,262,CONTINUOUS
A0A5N7CNS6,Alpha/beta knot methyltransferase,262,ETB97_011282,209559,Petromyces alliaceus,Petromyces alliaceus,True,IPR005304,family,,262,39,262,CONTINUOUS
A0A5N7DCF4,Protein required for 18S rRNA maturation and 40S ribosome biogenesis,260,BDV37DRAFT_123769,1506151,Aspergillus pseudonomiae,Aspergillus pseudonomiae,True,IPR005304,family,,260,33,260,CONTINUOUS
A0A5P1FV72,Ribosomal RNA small subunit methyltransferase NEP1,293,A4U43_C01F27950,4686,Asparagus officinalis,Asparagus officinalis (Garden asparagus),True,IPR005304,family,,293,34,293,CONTINUOUS
A0A5Q4BBL7,Ribosomal RNA small subunit methyltransferase NEP1,261,EMG1,2078593,Colletotrichum shisoi,Colletotrichum shisoi,True,IPR005304,family,,261,36,260,CONTINUOUS
A0A5S6QRW5,Large ribosomal subunit protein eL6,667,,70415,Trichuris muris,Trichuris muris (Mouse whipworm),True,IPR005304,family,,667,12,216,CONTINUOUS
A0A640KEI3,EMG1/NEP1 methyltransferase,287,LtaPh_1613800,5689,Leishmania tarentolae,Leishmania tarentolae,True,IPR005304,family,,287,9,279,CONTINUOUS
A0A640KQX6,EMG1/NEP1 methyltransferase,397,LtaPh_2723200,5689,Leishmania tarentolae,Leishmania tarentolae,True,IPR005304,family,,397,121,348,CONTINUOUS
A0A642UEG1,Ribosomal RNA small subunit methyltransferase NEP1,270,DIURU_005167,5481,Diutina rugosa,Diutina rugosa (Yeast),True,IPR005304,family,,270,24,269,CONTINUOUS
A0A642V4W3,Ribosomal RNA small subunit methyltransferase NEP1,255,TRICI_002825,44093,Trichomonascus ciferrii,Trichomonascus ciferrii,True,IPR005304,family,,255,17,255,CONTINUOUS
A0A643CAH4,18S rRNA (pseudouridine(1248)-N1)-methyltransferase,244,E2I00_015138,9770,Balaenoptera physalus,Balaenoptera physalus (Fin whale),True,IPR005304,family,,244,12,244,CONTINUOUS
A0A650CIW2,Ribosomal RNA small subunit methyltransferase Nep1,219,nep1,69656,Sulfurisphaera ohwakuensis,Sulfurisphaera ohwakuensis,True,IPR005304,family,,219,3,215,CONTINUOUS
A0A650CS45,Ribosomal RNA small subunit methyltransferase Nep1,219,nep1,41675,Stygiolobus azoricus,Stygiolobus azoricus,True,IPR005304,family,,219,1,210,CONTINUOUS
A0A650CV11,Ribosomal RNA small subunit methyltransferase Nep1,216,nep1,2283,Acidianus ambivalens,Acidianus ambivalens,True,IPR005304,family,,216,3,209,CONTINUOUS
A0A653DFU2,18S rRNA (pseudouridine-N1)-methyltransferase,235,CALMAC_LOCUS17006,64391,Callosobruchus maculatus,Callosobruchus maculatus (Southern cowpea weevil),True,IPR005304,family,,235,3,234,CONTINUOUS
A0A654FGK2,Ribosomal RNA small subunit methyltransferase NEP1,298,C24_LOCUS15960,3702,Arabidopsis thaliana,Arabidopsis thaliana (Mouse-ear cress),True,IPR005304,family,,298,50,298,CONTINUOUS
A0A654M523,Ribosome biogenesis protein,228,NMY3_03732,1353260,Candidatus Nitrosocosmicus oleophilus,Candidatus Nitrosocosmicus oleophilus,True,IPR005304,family,,228,2,225,CONTINUOUS
A0A663F185,18S rRNA (pseudouridine(1248)-N1)-methyltransferase,231,EMG1,223781,Aquila chrysaetos chrysaetos,Aquila chrysaetos chrysaetos,True,IPR005304,family,,231,10,230,CONTINUOUS
A0A663M472,18S rRNA (pseudouridine(1248)-N1)-methyltransferase,151,EMG1,194338,Athene cunicularia,Athene cunicularia (Burrowing owl),True,IPR005304,family,,151,1,150,CONTINUOUS
A0A663M4D1,EMG1 N1-specific pseudouridine methyltransferase,149,EMG1,194338,Athene cunicularia,Athene cunicularia (Burrowing owl),True,IPR005304,family,,149,1,114,CONTINUOUS
A0A663M5I7,EMG1 N1-specific pseudouridine methyltransferase,87,,194338,Athene cunicularia,Athene cunicularia (Burrowing owl),True,IPR005304,family,,87,8,78,CONTINUOUS
A0A665TJX5,18S rRNA (pseudouridine(1248)-N1)-methyltransferase,237,emg1,173247,Echeneis naucrates,Echeneis naucrates (Live sharksucker),True,IPR005304,family,,237,13,237,CONTINUOUS
A0A667G1K9,18S rRNA (pseudouridine(1248)-N1)-methyltransferase,244,EMG1,61383,Lynx canadensis,Lynx canadensis (Canada lynx),True,IPR005304,family,,244,12,244,CONTINUOUS
A0A667YLI8,18S rRNA (pseudouridine(1248)-N1)-methyltransferase,238,EMG1,586833,Myripristis murdjan,Myripristis murdjan (pinecone soldierfish),True,IPR005304,family,,238,12,238,CONTINUOUS
A0A668V4E5,18S rRNA (pseudouridine(1248)-N1)-methyltransferase,237,EMG1,47969,Oreochromis aureus,Oreochromis aureus (Israeli tilapia),True,IPR005304,family,,237,8,237,CONTINUOUS
A0A669QGW6,18S rRNA (pseudouridine(1248)-N1)-methyltransferase,232,EMG1,9054,Phasianus colchicus,Phasianus colchicus (Common pheasant),True,IPR005304,family,,232,9,231,CONTINUOUS
A0A670JUA4,18S rRNA (pseudouridine(1248)-N1)-methyltransferase,380,EMG1,64176,Podarcis muralis,Podarcis muralis (Wall lizard),True,IPR005304,family,,380,171,379,CONTINUOUS
A0A670Z9Q8,18S rRNA (pseudouridine(1248)-N1)-methyltransferase,233,EMG1,8673,Pseudonaja textilis,Pseudonaja textilis (Eastern brown snake),True,IPR005304,family,,233,26,232,CONTINUOUS
A0A671DXD7,18S rRNA (pseudouridine(1248)-N1)-methyltransferase,244,EMG1,59479,Rhinolophus ferrumequinum,Rhinolophus ferrumequinum (Greater horseshoe bat),True,IPR005304,family,,244,12,243,CONTINUOUS
A0A671KEF0,18S rRNA (pseudouridine(1248)-N1)-methyltransferase,236,LOC107685516,1608454,Sinocyclocheilus anshuiensis,Sinocyclocheilus anshuiensis,True,IPR005304,family,,236,13,236,CONTINUOUS
A0A671NYG2,18S rRNA (pseudouridine(1248)-N1)-methyltransferase,238,emg1,1608454,Sinocyclocheilus anshuiensis,Sinocyclocheilus anshuiensis,True,IPR005304,family,,238,12,238,CONTINUOUS
A0A671WFQ6,18S rRNA (pseudouridine(1248)-N1)-methyltransferase,237,EMG1,8175,Sparus aurata,Sparus aurata (Gilthead sea bream),True,IPR005304,family,,237,16,237,CONTINUOUS
A0A672FW60,18S rRNA (pseudouridine(1248)-N1)-methyltransferase,237,emg1,181472,Salarias fasciatus,Salarias fasciatus (Jewelled blenny),True,IPR005304,family,,237,14,237,CONTINUOUS
A0A672NVJ4,18S rRNA (pseudouridine(1248)-N1)-methyltransferase,238,emg1,75366,Sinocyclocheilus grahami,Sinocyclocheilus grahami (Dianchi golden-line fish),True,IPR005304,family,,238,12,238,CONTINUOUS
A0A672PH68,EMG1 N1-specific pseudouridine methyltransferase,201,,75366,Sinocyclocheilus grahami,Sinocyclocheilus grahami (Dianchi golden-line fish),True,IPR005304,family,,201,15,72,CONTINUOUS
A0A672PH68,EMG1 N1-specific pseudouridine methyltransferase,201,,75366,Sinocyclocheilus grahami,Sinocyclocheilus grahami (Dianchi golden-line fish),True,IPR005304,family,,201,107,196,CONTINUOUS
A0A672PJ95,EMG1 N1-specific pseudouridine methyltransferase,131,,75366,Sinocyclocheilus grahami,Sinocyclocheilus grahami (Dianchi golden-line fish),True,IPR005304,family,,131,18,125,CONTINUOUS
A0A672U1R4,18S rRNA (pseudouridine(1248)-N1)-methyltransferase,234,EMG1,2489341,Strigops habroptila,Strigops habroptila (Kakapo),True,IPR005304,family,,234,8,233,CONTINUOUS
A0A673AHZ7,18S rRNA (pseudouridine(1248)-N1)-methyltransferase,237,emg1,375764,Sphaeramia orbicularis,Sphaeramia orbicularis (orbiculate cardinalfish),True,IPR005304,family,,237,7,237,CONTINUOUS
A0A673FN41,18S rRNA (pseudouridine(1248)-N1)-methyltransferase,238,emg1,307959,Sinocyclocheilus rhinocerous,Sinocyclocheilus rhinocerous,True,IPR005304,family,,238,12,238,CONTINUOUS
A0A673HFD0,18S rRNA (pseudouridine(1248)-N1)-methyltransferase,238,LOC107748869,307959,Sinocyclocheilus rhinocerous,Sinocyclocheilus rhinocerous,True,IPR005304,family,,238,12,238,CONTINUOUS
A0A673HJS6,18S rRNA (pseudouridine(1248)-N1)-methyltransferase,238,LOC107748869,307959,Sinocyclocheilus rhinocerous,Sinocyclocheilus rhinocerous,True,IPR005304,family,,238,12,238,CONTINUOUS
A0A673TWU0,18S rRNA (pseudouridine(1248)-N1)-methyltransferase,244,EMG1,37032,Suricata suricatta,Suricata suricatta (Meerkat),True,IPR005304,family,,244,12,244,CONTINUOUS
A0A673VIR3,18S rRNA (pseudouridine(1248)-N1)-methyltransferase,277,EMG1,8032,Salmo trutta,Salmo trutta (Brown trout),True,IPR005304,family,,277,88,277,CONTINUOUS
A0A673VV78,18S rRNA (pseudouridine(1248)-N1)-methyltransferase,333,EMG1,8032,Salmo trutta,Salmo trutta (Brown trout),True,IPR005304,family,,333,144,333,CONTINUOUS
A0A673VVU6,18S rRNA (pseudouridine(1248)-N1)-methyltransferase,263,EMG1,8032,Salmo trutta,Salmo trutta (Brown trout),True,IPR005304,family,,263,36,263,CONTINUOUS
A0A673Z1A0,18S rRNA (pseudouridine(1248)-N1)-methyltransferase,262,EMG1,8032,Salmo trutta,Salmo trutta (Brown trout),True,IPR005304,family,,262,37,262,CONTINUOUS
A0A674ITK2,18S rRNA (pseudouridine(1248)-N1)-methyltransferase,234,EMG1,2587831,Terrapene triunguis,Terrapene triunguis (Three-toed box turtle),True,IPR005304,family,,234,24,233,CONTINUOUS
A0A674NME8,18S rRNA (pseudouridine(1248)-N1)-methyltransferase,237,LOC101066424,31033,Takifugu rubripes,Takifugu rubripes (Japanese pufferfish),True,IPR005304,family,,237,4,237,CONTINUOUS
A0A6A0GXW1,Uncharacterized protein,200,HAZT_HAZT006815,294128,Hyalella azteca,Hyalella azteca (Amphipod),True,IPR005304,family,,200,1,142,CONTINUOUS
A0A6A1WD69,Ribosomal RNA small subunit methyltransferase NEP1,286,CJ030_MR2G023464,262757,Morella rubra,Morella rubra (Chinese bayberry),True,IPR005304,family,,286,46,259,CONTINUOUS
A0A6A2ZSA1,Ribosomal RNA small subunit methyltransferase NEP1,283,F3Y22_tig00110773pilonHSYRG00099,106335,Hibiscus syriacus,Hibiscus syriacus (Rose of Sharon),True,IPR005304,family,,283,35,283,CONTINUOUS
A0A6A3A0R8,Ribosomal RNA small subunit methyltransferase NEP1,288,F3Y22_tig00110610pilonHSYRG00271,106335,Hibiscus syriacus,Hibiscus syriacus (Rose of Sharon),True,IPR005304,family,,288,31,288,CONTINUOUS
A0A6A3C6S2,Nucleolar essential protein-related isoform 3,286,F3Y22_tig00012523pilonHSYRG00085,106335,Hibiscus syriacus,Hibiscus syriacus (Rose of Sharon),True,IPR005304,family,,286,34,286,CONTINUOUS
A0A6A3CAG9,Ribosomal RNA small subunit methyltransferase NEP1,287,F3Y22_tig00007432pilonHSYRG00003,106335,Hibiscus syriacus,Hibiscus syriacus (Rose of Sharon),True,IPR005304,family,,287,34,287,CONTINUOUS
A0A6A3CAH8,Ribosomal RNA small subunit methyltransferase NEP1,287,F3Y22_tig00007432pilonHSYRG00015,106335,Hibiscus syriacus,Hibiscus syriacus (Rose of Sharon),True,IPR005304,family,,287,34,287,CONTINUOUS
A0A6A3CPA6,Ribosomal RNA small subunit methyltransferase mra1,342,F3Y22_tig00002840pilonHSYRG00705,106335,Hibiscus syriacus,Hibiscus syriacus (Rose of Sharon),True,IPR005304,family,,342,25,279,CONTINUOUS
A0A6A3ZV74,Ribosomal RNA small subunit methyltransferase,219,PF007_g9088,53985,Phytophthora fragariae,Phytophthora fragariae,True,IPR005304,family,,219,5,219,CONTINUOUS
A0A6A4FUQ0,Ribosomal RNA small subunit methyltransferase,219,PR001_g7990,129364,Phytophthora rubi,Phytophthora rubi,True,IPR005304,family,,219,5,219,CONTINUOUS
A0A6A4I8G1,Nep1-domain-containing protein,285,BT96DRAFT_810115,1447944,Gymnopus androsaceus JB14,Gymnopus androsaceus JB14,True,IPR005304,family,,285,55,284,CONTINUOUS
A0A6A4JS02,18S rRNA (pseudouridine-N1)-methyltransferase,236,GE061_019128,248454,Apolygus lucorum,Apolygus lucorum (Small green plant bug),True,IPR005304,family,,236,12,236,CONTINUOUS
A0A6A4KZ10,Ribosomal RNA small subunit methyltransferase NEP1,184,C3L33_15334,262921,Rhododendron williamsianum,Rhododendron williamsianum,True,IPR005304,family,,184,2,133,CONTINUOUS
A0A6A4LI61,Ribosomal RNA small subunit methyltransferase NEP1,259,C3L33_12207,262921,Rhododendron williamsianum,Rhododendron williamsianum,False,IPR005304,family,,259,37,247,CONTINUOUS
A0A6A4QY73,Putative tRNA (Pseudouridine(54)-N(1))-methyltransferase,265,Lalb_Chr02g0156541,3870,Lupinus albus,Lupinus albus (White lupine),True,IPR005304,family,,265,29,265,CONTINUOUS
A0A6A4R315,Putative tRNA (Pseudouridine(54)-N(1))-methyltransferase,265,Lalb_Chr02g0156551,3870,Lupinus albus,Lupinus albus (White lupine),True,IPR005304,family,,265,28,265,CONTINUOUS
A0A6A4V1F6,18S rRNA (pseudouridine-N1)-methyltransferase,234,EMG1,1232801,Amphibalanus amphitrite,Amphibalanus amphitrite (Striped barnacle),True,IPR005304,family,,234,9,233,CONTINUOUS
A0A6A5AYJ8,Ribosomal RNA small subunit methyltransferase NEP1,188,AaE_002525,112090,Aphanomyces astaci,Aphanomyces astaci (Crayfish plague agent),True,IPR005304,family,,188,6,186,CONTINUOUS
A0A6A5CGZ8,Ribosomal RNA small subunit methyltransferase NEP1,228,FDP41_000454,5763,Naegleria fowleri,Naegleria fowleri (Brain eating amoeba),True,IPR005304,family,,228,24,202,CONTINUOUS
A0A6A5FBK8,18S rRNA (pseudouridine(1248)-N1)-methyltransferase,238,PFLUV_G00086480,8168,Perca fluviatilis,Perca fluviatilis (European perch),True,IPR005304,family,,238,6,237,CONTINUOUS
A0A6A5H5P3,18S rRNA (pseudouridine-N1)-methyltransferase,231,GCK72_010428,31234,Caenorhabditis remanei,Caenorhabditis remanei,True,IPR005304,family,,231,11,231,CONTINUOUS
A0A6A5KXD9,Nep1-domain-containing protein,276,BDW02DRAFT_6638,184978,Decorospora gaudefroyi,Decorospora gaudefroyi,True,IPR005304,family,,276,29,275,CONTINUOUS
A0A6A5R047,Alpha/beta knot methyltransferase,273,BDU57DRAFT_525541,50730,Ampelomyces quisqualis,Ampelomyces quisqualis (Powdery mildew agent),True,IPR005304,family,,273,32,272,CONTINUOUS
A0A6A5RN73,Nep1-domain-containing protein,274,M421DRAFT_61578,1150837,Didymella exigua CBS 183.55,Didymella exigua CBS 183.55,True,IPR005304,family,,274,29,273,CONTINUOUS
A0A6A5SE99,Nucleolar essential protein,243,EJ02DRAFT_37414,706981,Clathrospora elynae,Clathrospora elynae,True,IPR005304,family,,243,19,242,CONTINUOUS
A0A6A5U199,Nep1-domain-containing protein,270,CC80DRAFT_516281,147558,Byssothecium circinans,Byssothecium circinans,True,IPR005304,family,,270,43,269,CONTINUOUS
A0A6A5VIP2,Nucleolar essential protein 1,252,BU23DRAFT_565242,1447943,Bimuria novae-zelandiae CBS 107.79,Bimuria novae-zelandiae CBS 107.79,True,IPR005304,family,,252,26,252,CONTINUOUS
A0A6A5X4U2,Nep1-domain-containing protein,271,P154DRAFT_418677,1392246,Amniculicola lignicola CBS 123094,Amniculicola lignicola CBS 123094,True,IPR005304,family,,271,44,271,CONTINUOUS
A0A6A5XFX3,Nucleolar essential protein-like protein 1,273,BU24DRAFT_466410,1450172,Aaosphaeria arxii CBS 175.79,Aaosphaeria arxii CBS 175.79,True,IPR005304,family,,273,18,273,CONTINUOUS
A0A6A5ZTU3,Nucleolar essential protein-like protein 1,276,BDV96DRAFT_482463,690887,Lophiotrema nucula,Lophiotrema nucula,True,IPR005304,family,,276,47,276,CONTINUOUS
A0A6A6ADK5,Nucleolar essential protein 1,243,P153DRAFT_227127,1392245,Dothidotthia symphoricarpi CBS 119687,Dothidotthia symphoricarpi CBS 119687,True,IPR005304,family,,243,19,242,CONTINUOUS
A0A6A6BKT2,Ribosomal RNA small subunit methyltransferase NEP1,280,K452DRAFT_284970,1176127,Aplosporella prunicola CBS 121167,Aplosporella prunicola CBS 121167,True,IPR005304,family,,280,53,280,CONTINUOUS
A0A6A6CJ44,Ribosomal RNA small subunit methyltransferase NEP1,293,M409DRAFT_23412,1080233,Zasmidium cellare ATCC 36951,Zasmidium cellare ATCC 36951,True,IPR005304,family,,293,64,293,CONTINUOUS
A0A6A6D6J8,Nucleolar essential protein 1,173,K469DRAFT_703349,1314779,Zopfia rhizophila CBS 207.26,Zopfia rhizophila CBS 207.26,True,IPR005304,family,,173,1,173,CONTINUOUS
A0A6A6FCJ8,Ribosomal RNA small subunit methyltransferase NEP1,256,CERZMDRAFT_121632,717836,Cercospora zeae-maydis SCOH1-5,Cercospora zeae-maydis SCOH1-5,True,IPR005304,family,,256,34,256,CONTINUOUS
A0A6A6GGC5,Nucleolar essential protein 1,301,BDZ85DRAFT_261093,302913,Elsinoe ampelina,Elsinoe ampelina,True,IPR005304,family,,301,55,301,CONTINUOUS
A0A6A6HH89,Essential for mitotic growth 1,276,EV356DRAFT_511623,1048519,Viridothelium virens,Viridothelium virens (Speckled blister lichen),True,IPR005304,family,,276,46,276,CONTINUOUS
A0A6A6HW96,Nep1-domain-containing protein,276,BU26DRAFT_164157,390896,Trematosphaeria pertusa,Trematosphaeria pertusa,True,IPR005304,family,,276,23,276,CONTINUOUS
A0A6A6JPK9,Nucleolar essential protein 1,253,EI97DRAFT_456855,318751,Westerdykella ornata,Westerdykella ornata,True,IPR005304,family,,253,29,253,CONTINUOUS
A0A6A6KLR0,Ribosomal RNA small subunit methyltransferase NEP1,242,GH714_033326,3981,Hevea brasiliensis,Hevea brasiliensis (Para rubber tree),True,IPR005304,family,,242,14,222,CONTINUOUS
A0A6A6LKW5,Uncharacterized protein,237,GH714_032744,3981,Hevea brasiliensis,Hevea brasiliensis (Para rubber tree),True,IPR005304,family,,237,9,217,CONTINUOUS
A0A6A6LKZ4,Ribosomal RNA small subunit methyltransferase NEP1,210,GH714_032733,3981,Hevea brasiliensis,Hevea brasiliensis (Para rubber tree),True,IPR005304,family,,210,28,190,CONTINUOUS
A0A6A6LM54,Uncharacterized protein,241,GH714_032764,3981,Hevea brasiliensis,Hevea brasiliensis (Para rubber tree),True,IPR005304,family,,241,14,223,CONTINUOUS
A0A6A6LNK7,Ribosomal RNA small subunit methyltransferase NEP1,240,GH714_032713,3981,Hevea brasiliensis,Hevea brasiliensis (Para rubber tree),True,IPR005304,family,,240,14,220,CONTINUOUS
A0A6A6LNT6,Ribosomal RNA small subunit methyltransferase NEP1,216,GH714_032769,3981,Hevea brasiliensis,Hevea brasiliensis (Para rubber tree),True,IPR005304,family,,216,28,196,CONTINUOUS
A0A6A6LPC3,Ribosomal RNA small subunit methyltransferase NEP1,242,GH714_032781,3981,Hevea brasiliensis,Hevea brasiliensis (Para rubber tree),True,IPR005304,family,,242,14,222,CONTINUOUS
A0A6A6LPQ1,Uncharacterized protein,363,GH714_032749,3981,Hevea brasiliensis,Hevea brasiliensis (Para rubber tree),True,IPR005304,family,,363,9,218,CONTINUOUS
A0A6A6LPQ1,Uncharacterized protein,363,GH714_032749,3981,Hevea brasiliensis,Hevea brasiliensis (Para rubber tree),True,IPR005304,family,,363,216,341,CONTINUOUS
A0A6A6NYZ1,Alpha/beta knot methyltransferase,269,BDY21DRAFT_372273,578093,Lineolata rhizophorae,Lineolata rhizophorae,True,IPR005304,family,,269,41,269,CONTINUOUS
A0A6A6PPD6,Alpha/beta knot methyltransferase,254,BDY17DRAFT_252415,245834,Neohortaea acidophila,Neohortaea acidophila,True,IPR005304,family,,254,32,254,CONTINUOUS
A0A6A6R7H0,Nucleolar essential protein 1,259,BU16DRAFT_451855,390894,Lophium mytilinum,Lophium mytilinum,True,IPR005304,family,,259,34,259,CONTINUOUS
A0A6A6S2R1,Nep1-domain-containing protein,272,P280DRAFT_312919,1395130,Massarina eburnea CBS 473.64,Massarina eburnea CBS 473.64,True,IPR005304,family,,272,44,271,CONTINUOUS
A0A6A6TGF8,Nucleolar essential protein 1,253,K491DRAFT_676672,1314788,Lophiostoma macrostomum CBS 122681,Lophiostoma macrostomum CBS 122681,True,IPR005304,family,,253,29,253,CONTINUOUS
A0A6A6UJC7,Nucleolar essential protein 1,258,BT63DRAFT_180392,703497,Microthyrium microscopicum,Microthyrium microscopicum,True,IPR005304,family,,258,32,258,CONTINUOUS
A0A6A6VPU7,Nucleolar essential protein 1,253,M011DRAFT_463322,1340428,Sporormia fimetaria CBS 119925,Sporormia fimetaria CBS 119925,True,IPR005304,family,,253,29,253,CONTINUOUS
A0A6A6WFH5,Protein required for 18S rRNA maturation and 40S ribosome biogenesis,265,EJ05DRAFT_241350,470096,Pseudovirgaria hyperparasitica,Pseudovirgaria hyperparasitica,True,IPR005304,family,,265,36,265,CONTINUOUS
A0A6A6XWM9,Nucleolar essential protein-like protein 1,279,K505DRAFT_227794,1314802,Melanomma pulvis-pyrius CBS 109.77,Melanomma pulvis-pyrius CBS 109.77,True,IPR005304,family,,279,50,279,CONTINUOUS
A0A6A6Z0G9,Putative RNA processing protein Emg1,276,BDZ99DRAFT_486180,574789,Mytilinidion resinicola,Mytilinidion resinicola,True,IPR005304,family,,276,46,276,CONTINUOUS
A0A6A7A4D1,Nep1-domain-containing protein,274,CC86DRAFT_369737,1469910,Ophiobolus disseminans,Ophiobolus disseminans,True,IPR005304,family,,274,29,273,CONTINUOUS
A0A6A7B1I3,Nucleolar essential protein-like protein 1,275,T440DRAFT_533986,1408161,Plenodomus tracheiphilus IPT5,Plenodomus tracheiphilus IPT5,True,IPR005304,family,,275,46,274,CONTINUOUS
A0A6A7BSB3,Essential for mitotic growth 1,281,K470DRAFT_260455,1314780,Piedraia hortae CBS 480.64,Piedraia hortae CBS 480.64,True,IPR005304,family,,281,53,281,CONTINUOUS
A0A6A7GBX2,18S rRNA (pseudouridine-N1)-methyltransferase,228,,1518452,Hirondellea gigas,Hirondellea gigas,True,IPR005304,family,,228,10,226,CONTINUOUS
A0A6A9QGK7,Ribosomal RNA small subunit methyltransferase Nep1,216,nep1,12915,Acidianus infernus,Acidianus infernus,True,IPR005304,family,,216,3,209,CONTINUOUS
A0A6A9QPZ1,Ribosomal RNA small subunit methyltransferase Nep1,218,nep1,523847,Sulfuracidifex metallicus DSM 6482 = JCM 9184,Sulfuracidifex metallicus DSM 6482 = JCM 9184,True,IPR005304,family,,218,3,211,CONTINUOUS
A0A6B0SF06,18S rRNA (pseudouridine(1248)-N1)-methyltransferase,347,E5288_WYG002220,72004,Bos mutus,Bos mutus (wild yak),True,IPR005304,family,,347,115,347,CONTINUOUS
A0A6B2G4H7,Ribosomal RNA small subunit methyltransferase NEP1 (Trinotate prediction),112,,59785,Myxobolus squamalis,Myxobolus squamalis (Myxosporean),True,IPR005304,family,,112,2,103,CONTINUOUS
A0A6B2LGZ5,Ribosomal RNA small subunit methyltransferase NEP1,214,,1963864,Arcella intermedia,Arcella intermedia,True,IPR005304,family,,214,3,213,CONTINUOUS
A0A6C1DXA0,Ribosomal RNA small subunit methyltransferase NEP1,252,EMG1_1,27292,Saccharomyces pastorianus,Saccharomyces pastorianus (Lager yeast),True,IPR005304,family,,252,25,252,CONTINUOUS
A0A6C1EBY1,Ribosomal RNA small subunit methyltransferase NEP1,252,EMG1_2,27292,Saccharomyces pastorianus,Saccharomyces pastorianus (Lager yeast),True,IPR005304,family,,252,25,252,CONTINUOUS
A0A6D2IWP4,Ribosomal RNA small subunit methyltransferase NEP1,290,MERR_LOCUS22209,1685480,Microthlaspi erraticum,Microthlaspi erraticum,True,IPR005304,family,,290,43,290,CONTINUOUS
A0A6D2LJV2,Ribosomal RNA small subunit methyltransferase NEP1,343,MERR_LOCUS47778,1685480,Microthlaspi erraticum,Microthlaspi erraticum,True,IPR005304,family,,343,101,342,CONTINUOUS
A0A6E8V2S2,18S rRNA (pseudouridine-N1)-methyltransferase,238,,1518534,Anopheles coluzzii,Anopheles coluzzii (African malaria mosquito),True,IPR005304,family,,238,9,238,CONTINUOUS
A0A6F9DBD2,18S rRNA (pseudouridine(1248)-N1)-methyltransferase,236,Emg1,59560,Phallusia mammillata,Phallusia mammillata,True,IPR005304,family,,236,10,236,CONTINUOUS
A0A6G0IBP0,18S rRNA (pseudouridine(1248)-N1)-methyltransferase,237,D5F01_LYC12826,215358,Larimichthys crocea,Larimichthys crocea (Large yellow croaker),True,IPR005304,family,,237,6,237,CONTINUOUS
A0A6G0T694,18S rRNA (pseudouridine-N1)-methyltransferase,331,AGLY_013743,307491,Aphis glycines,Aphis glycines (Soybean aphid),True,IPR005304,family,,331,9,230,CONTINUOUS
A0A6G0U3X0,18S rRNA (pseudouridine-N1)-methyltransferase,331,AGLY_002004,307491,Aphis glycines,Aphis glycines (Soybean aphid),True,IPR005304,family,,331,9,230,CONTINUOUS
A0A6G0WBZ6,Ribosomal RNA small subunit methyltransferase NEP1,216,Ae201684_016852,100861,Aphanomyces euteiches,Aphanomyces euteiches,True,IPR005304,family,,216,5,216,CONTINUOUS
A0A6G0YPQ9,18S rRNA (pseudouridine-N1)-methyltransferase,232,FWK35_00011144,307492,Aphis craccivora,Aphis craccivora (Cowpea aphid),True,IPR005304,family,,232,9,232,CONTINUOUS
A0A6G1B490,18S rRNA (pseudouridine(1248)-N1)-methyltransferase,245,Emg1,9678,Crocuta crocuta,Crocuta crocuta (Spotted hyena),True,IPR005304,family,,245,12,244,CONTINUOUS
A0A6G1F6C2,Ribosomal RNA small subunit methyltransferase NEP1,285,E2562_010349,110450,Oryza meyeriana var. granulata,Oryza meyeriana var. granulata,True,IPR005304,family,,285,50,284,CONTINUOUS
A0A6G1FRS4,Nep1-domain-containing protein,256,P152DRAFT_405334,1392243,Eremomyces bilateralis CBS 781.70,Eremomyces bilateralis CBS 781.70,True,IPR005304,family,,256,32,256,CONTINUOUS
A0A6G1H4T4,Nep1-domain-containing protein,255,K402DRAFT_328955,1176131,Aulographum hederae CBS 113979,Aulographum hederae CBS 113979,True,IPR005304,family,,255,35,255,CONTINUOUS
A0A6G1HW02,Nep1-domain-containing protein,285,EJ06DRAFT_47460,703511,Trichodelitschia bisporula,Trichodelitschia bisporula,True,IPR005304,family,,285,58,285,CONTINUOUS
A0A6G1J579,Nep1-domain-containing protein,275,K458DRAFT_416899,1168545,Lentithecium fluviatile CBS 122367,Lentithecium fluviatile CBS 122367,True,IPR005304,family,,275,46,275,CONTINUOUS
A0A6G1K4N9,Nep1-domain-containing protein,276,K504DRAFT_383844,1314801,Pleomassaria siparia CBS 279.74,Pleomassaria siparia CBS 279.74,True,IPR005304,family,,276,23,276,CONTINUOUS
A0A6G1L2C7,EMG1/NEP1 methyltransferase,262,EJ03DRAFT_329634,161662,Teratosphaeria nubilosa,Teratosphaeria nubilosa,True,IPR005304,family,,262,35,262,CONTINUOUS
A0A6G1MDK8,18S rRNA pseudouridine methyltransferase,255,EMG1,2813651,Orbilia oligospora,Orbilia oligospora (Nematode-trapping fungus),True,IPR005304,family,,255,34,255,CONTINUOUS
A0A6G1RHB3,18S rRNA (pseudouridine(1248)-N1)-methyltransferase,230,,2861861,Hypotaenidia okinawae,Hypotaenidia okinawae,True,IPR005304,family,,230,17,229,CONTINUOUS
A0A6G1S948,18S rRNA (pseudouridine-N1)-methyltransferase,223,g.15542,561515,Aceria tosichella,Aceria tosichella (wheat curl mite),True,IPR005304,family,,223,2,215,CONTINUOUS
A0A6G1SFZ7,Ribosomal RNA small subunit methyltransferase NEP1,202,EMG1,561515,Aceria tosichella,Aceria tosichella (wheat curl mite),True,IPR005304,family,,202,23,201,CONTINUOUS
A0A6G3MFY9,Ribosomal RNA small subunit methyltransferase NEP1 (Trinotate prediction),225,,69463,Henneguya salminicola,Henneguya salminicola (Myxosporean),True,IPR005304,family,,225,14,224,CONTINUOUS
A0A6G5A011,18S rRNA (pseudouridine-N1)-methyltransferase,231,,6941,Rhipicephalus microplus,Rhipicephalus microplus (Cattle tick),True,IPR005304,family,,231,16,230,CONTINUOUS
A0A6H0Y0H5,VOC domain-containing protein,789,AMS68_006049,286661,Peltaster fructicola,Peltaster fructicola,True,IPR005304,family,,789,53,264,CONTINUOUS
A0A6H5GPA0,18S rRNA (pseudouridine-N1)-methyltransferase,236,NTEN_LOCUS10680,355587,Nesidiocoris tenuis,Nesidiocoris tenuis,True,IPR005304,family,,236,1,235,CONTINUOUS
A0A6H5IQQ3,18S rRNA (pseudouridine-N1)-methyltransferase,184,TBRA_LOCUS11355,86971,Trichogramma brassicae,Trichogramma brassicae,True,IPR005304,family,,184,6,178,CONTINUOUS
A0A6I8PHM9,18S rRNA (pseudouridine(1248)-N1)-methyltransferase,238,EMG1,9258,Ornithorhynchus anatinus,Ornithorhynchus anatinus (Duckbill platypus),True,IPR005304,family,,238,20,237,CONTINUOUS
A0A6I9HG53,18S rRNA (pseudouridine(1248)-N1)-methyltransferase,151,EMG1,48883,Geospiza fortis,Geospiza fortis (Medium ground-finch),True,IPR005304,family,,151,1,151,CONTINUOUS
A0A6I9IEN5,18S rRNA (pseudouridine(1248)-N1)-methyltransferase,244,EMG1,30538,Vicugna pacos,Vicugna pacos (Alpaca),True,IPR005304,family,,244,12,244,CONTINUOUS
A0A6I9M350,18S rRNA (pseudouridine(1248)-N1)-methyltransferase,244,Emg1,230844,Peromyscus maniculatus bairdii,Peromyscus maniculatus bairdii (Prairie deer mouse),True,IPR005304,family,,244,13,244,CONTINUOUS
A0A6I9P668,Ribosomal RNA small subunit methyltransferase NEP1,90,emg1,8208,Notothenia coriiceps,Notothenia coriiceps (black rockcod),True,IPR005304,family,,90,6,85,CONTINUOUS
A0A6I9S315,Ribosomal RNA small subunit methyltransferase NEP1 isoform X2,250,LOC105056316,51953,Elaeis guineensis var. tenera,Elaeis guineensis var. tenera (Oil palm),True,IPR005304,family,,250,53,244,CONTINUOUS
A0A6I9SBQ0,Ribosomal RNA small subunit methyltransferase nep-1 isoform X1,287,LOC105056316,51953,Elaeis guineensis var. tenera,Elaeis guineensis var. tenera (Oil palm),True,IPR005304,family,,287,52,286,CONTINUOUS
A0A6I9T9K0,Ribosomal RNA small subunit methyltransferase NEP1,282,LOC105162595,4182,Sesamum indicum,Sesamum indicum (Oriental sesame),True,IPR005304,family,,282,23,282,CONTINUOUS
A0A6I9TWD6,Ribosomal RNA small subunit methyltransferase NEP1,165,LOC105171118,4182,Sesamum indicum,Sesamum indicum (Oriental sesame),True,IPR005304,family,,165,3,164,CONTINUOUS
A0A6I9UIK9,Ribosomal RNA small subunit methyltransferase nep-1 isoform X2,300,LOC105179657,4182,Sesamum indicum,Sesamum indicum (Oriental sesame),True,IPR005304,family,,300,67,300,CONTINUOUS
A0A6I9V1Q0,Ribosomal RNA small subunit methyltransferase nep-1 isoform X1,312,LOC105179657,4182,Sesamum indicum,Sesamum indicum (Oriental sesame),True,IPR005304,family,,312,79,312,CONTINUOUS
A0A6I9WSD1,18S rRNA (pseudouridine-N1)-methyltransferase,235,LOC105432227,144034,Pogonomyrmex barbatus,Pogonomyrmex barbatus (red harvester ant),True,IPR005304,family,,235,4,235,CONTINUOUS
A0A6I9YUE1,18S rRNA (pseudouridine(1248)-N1)-methyltransferase,233,EMG1,35019,Thamnophis sirtalis,Thamnophis sirtalis,True,IPR005304,family,,233,25,232,CONTINUOUS
A0A6I9ZF54,18S rRNA (pseudouridine(1248)-N1)-methyltransferase,244,EMG1,32536,Acinonyx jubatus,Acinonyx jubatus (Cheetah),True,IPR005304,family,,244,12,244,CONTINUOUS
A0A6J0BNE5,18S rRNA (pseudouridine-N1)-methyltransferase,236,LOC107221576,441921,Neodiprion lecontei,Neodiprion lecontei (Redheaded pine sawfly),True,IPR005304,family,,236,4,236,CONTINUOUS
A0A6J0H8E3,18S rRNA (pseudouridine(1248)-N1)-methyltransferase,234,EMG1,321398,Lepidothrix coronata,Lepidothrix coronata (blue-crowned manakin),True,IPR005304,family,,234,25,233,CONTINUOUS
A0A6J0P586,Uncharacterized protein LOC108861721,292,LOC108861721,3726,Raphanus sativus,Raphanus sativus (Radish),True,IPR005304,family,,292,50,292,CONTINUOUS
A0A6J0UGL8,18S rRNA (pseudouridine(1248)-N1)-methyltransferase,235,EMG1,103695,Pogona vitticeps,Pogona vitticeps (central bearded dragon),True,IPR005304,family,,235,28,234,CONTINUOUS
A0A6J1A4Z7,Ribosomal RNA small subunit methyltransferase NEP1,284,LOC110415047,108875,Herrania umbratica,Herrania umbratica,True,IPR005304,family,,284,44,284,CONTINUOUS
A0A6J1AMJ5,Ribosomal RNA small subunit methyltransferase NEP1-like,242,LOC110419662,108875,Herrania umbratica,Herrania umbratica,True,IPR005304,family,,242,47,222,CONTINUOUS
A0A6J1ANJ2,Ribosomal RNA small subunit methyltransferase nep-1-like,267,LOC110419660,108875,Herrania umbratica,Herrania umbratica,True,IPR005304,family,,267,35,140,CONTINUOUS
A0A6J1D237,Ribosomal RNA small subunit methyltransferase nep-1,277,LOC111016653,3673,Momordica charantia,Momordica charantia (Bitter gourd),True,IPR005304,family,,277,24,276,CONTINUOUS
A0A6J1DAB0,Ribosomal RNA small subunit methyltransferase NEP1-like,257,LOC111018323,3673,Momordica charantia,Momordica charantia (Bitter gourd),True,IPR005304,family,,257,44,256,CONTINUOUS
A0A6J1F634,Ribosomal RNA small subunit methyltransferase nep-1,279,LOC111442430,3662,Cucurbita moschata,Cucurbita moschata (Winter crookneck squash),True,IPR005304,family,,279,41,278,CONTINUOUS
A0A6J1J0G6,Ribosomal RNA small subunit methyltransferase nep-1,279,LOC111482341,3661,Cucurbita maxima,Cucurbita maxima (Pumpkin),True,IPR005304,family,,279,42,278,CONTINUOUS
A0A6J1M8Q9,18S rRNA (pseudouridine-N1)-methyltransferase,252,LOC111604046,7224,Drosophila hydei,Drosophila hydei (Fruit fly),True,IPR005304,family,,252,28,251,CONTINUOUS
A0A6J1P0L9,Ribosomal RNA small subunit methyltransferase NEP1,236,LOC112055420,110368,Bicyclus anynana,Bicyclus anynana (Squinting bush brown butterfly),True,IPR005304,family,,236,10,236,CONTINUOUS
A0A6J1R057,Ribosomal RNA small subunit methyltransferase NEP1,137,LOC112464622,300111,Temnothorax curvispinosus,Temnothorax curvispinosus,True,IPR005304,family,,137,1,137,CONTINUOUS
A0A6J1S423,18S rRNA (pseudouridine-N1)-methyltransferase,235,LOC113203444,133901,Frankliniella occidentalis,Frankliniella occidentalis (Western flower thrips),True,IPR005304,family,,235,6,234,CONTINUOUS
A0A6J1VGP5,18S rRNA (pseudouridine(1248)-N1)-methyltransferase,233,EMG1,8663,Notechis scutatus,Notechis scutatus (mainland tiger snake),True,IPR005304,family,,233,25,232,CONTINUOUS
A0A6J1X4B9,18S rRNA (pseudouridine-N1)-methyltransferase,236,LOC113522939,7137,Galleria mellonella,Galleria mellonella (Greater wax moth),True,IPR005304,family,,236,3,235,CONTINUOUS
A0A6J2D071,18S rRNA (pseudouridine(1248)-N1)-methyltransferase,244,EMG1,9704,Zalophus californianus,Zalophus californianus (California sealion),False,IPR005304,family,,244,12,244,CONTINUOUS
A0A6J2FT08,18S rRNA (pseudouridine(1248)-N1)-methyltransferase,234,EMG1,649802,Pipra filicauda,Pipra filicauda (Wire-tailed manakin),True,IPR005304,family,,234,25,233,CONTINUOUS
A0A6J2JLA1,18S rRNA (pseudouridine-N1)-methyltransferase,236,LOC114242935,7092,Bombyx mandarina,Bombyx mandarina (Wild silk moth),True,IPR005304,family,,236,11,235,CONTINUOUS
A0A6J2NAB3,18S rRNA (pseudouridine(1248)-N1)-methyltransferase,244,EMG1,89673,Phyllostomus discolor,Phyllostomus discolor (pale spear-nosed bat),True,IPR005304,family,,244,12,243,CONTINUOUS
A0A6J2RCM0,18S rRNA (pseudouridine(1248)-N1)-methyltransferase,238,emg1,56716,Cottoperca gobio,Cottoperca gobio (Frogmouth),True,IPR005304,family,,238,12,238,CONTINUOUS
A0A6J2TPM6,18S rRNA (pseudouridine-N1)-methyltransferase,252,LOC115626705,7225,Drosophila lebanonensis,Drosophila lebanonensis (Fruit fly),True,IPR005304,family,,252,28,251,CONTINUOUS
A0A6J2W8L5,18S rRNA (pseudouridine(1248)-N1)-methyltransferase,238,emg1,29144,Chanos chanos,Chanos chanos (Milkfish),True,IPR005304,family,,238,11,238,CONTINUOUS
A0A6J2YL60,18S rRNA (pseudouridine-N1)-methyltransferase,237,LOC115888332,7048,Sitophilus oryzae,Sitophilus oryzae (Rice weevil),True,IPR005304,family,,237,1,236,CONTINUOUS
A0A6J3EM96,18S rRNA (pseudouridine(1248)-N1)-methyltransferase,229,EMG1,219594,Aythya fuligula,Aythya fuligula (Tufted duck),True,IPR005304,family,,229,19,228,CONTINUOUS
A0A6J3FXK9,18S rRNA (pseudouridine(1248)-N1)-methyltransferase,194,EMG1,9515,Sapajus apella,Sapajus apella (Brown-capped capuchin),True,IPR005304,family,,194,12,188,CONTINUOUS
A0A6J3FXL1,18S rRNA (pseudouridine(1248)-N1)-methyltransferase,244,EMG1,9515,Sapajus apella,Sapajus apella (Brown-capped capuchin),True,IPR005304,family,,244,12,244,CONTINUOUS
A0A6J3FYZ3,18S rRNA (pseudouridine(1248)-N1)-methyltransferase,190,EMG1,9515,Sapajus apella,Sapajus apella (Brown-capped capuchin),True,IPR005304,family,,190,1,190,CONTINUOUS
A0A6J3L2L7,18S rRNA (pseudouridine-N1)-methyltransferase,236,LOC117238122,207650,Bombus vosnesenskii,Bombus vosnesenskii,True,IPR005304,family,,236,3,236,CONTINUOUS
A0A6J3M9R6,Nep1-domain-containing protein,258,K489DRAFT_314295,1314786,Dissoconium aciculare CBS 342.82,Dissoconium aciculare CBS 342.82,True,IPR005304,family,,258,34,258,CONTINUOUS
A0A6J5TVM6,Ribosomal RNA small subunit methyltransferase NEP1,262,CURHAP_LOCUS10639,36596,Prunus armeniaca,Prunus armeniaca (Apricot),True,IPR005304,family,,262,28,262,CONTINUOUS
A0A6J5TWQ3,Ribosomal RNA small subunit methyltransferase NEP1,265,CURHAP_LOCUS10640,36596,Prunus armeniaca,Prunus armeniaca (Apricot),True,IPR005304,family,,265,33,262,CONTINUOUS
A0A6J5VE48,Ribosomal RNA small subunit methyltransferase NEP1,299,CURHAP_LOCUS43656,36596,Prunus armeniaca,Prunus armeniaca (Apricot),True,IPR005304,family,,299,41,299,CONTINUOUS
A0A6J5WCX0,Ribosomal RNA small subunit methyltransferase NEP1,258,ORAREDHAP_LOCUS10480,36596,Prunus armeniaca,Prunus armeniaca (Apricot),True,IPR005304,family,,258,31,258,CONTINUOUS
A0A6J5WFT8,Ribosomal RNA small subunit methyltransferase NEP1,265,ORAREDHAP_LOCUS10481,36596,Prunus armeniaca,Prunus armeniaca (Apricot),True,IPR005304,family,,265,33,256,CONTINUOUS
A0A6J5XSQ4,Ribosomal RNA small subunit methyltransferase NEP1,299,ORAREDHAP_LOCUS43027,36596,Prunus armeniaca,Prunus armeniaca (Apricot),True,IPR005304,family,,299,39,299,CONTINUOUS
A0A6J8BLN5,EMG1,225,MCOR_19332,42192,Mytilus coruscus,Mytilus coruscus (Sea mussel),True,IPR005304,family,,225,16,225,CONTINUOUS
A0A6L0WZN4,EMG1/NEP1_methyltransferase_-_putative,287,LINF_160019800,5671,Leishmania infantum,Leishmania infantum,True,IPR005304,family,,287,9,279,CONTINUOUS
A0A6L0XTI2,EMG1/NEP1_methyltransferase_-_putative,246,LINF_270029800,5671,Leishmania infantum,Leishmania infantum,True,IPR005304,family,,246,2,197,CONTINUOUS
A0A6L2PIS4,18S rRNA (pseudouridine-N1)-methyltransferase,236,Cfor_08128,36987,Coptotermes formosanus,Coptotermes formosanus (Formosan subterranean termite),True,IPR005304,family,,236,6,236,CONTINUOUS
A0A6M2CK30,18S rRNA (pseudouridine-N1)-methyltransferase,232,,6941,Rhipicephalus microplus,Rhipicephalus microplus (Cattle tick),True,IPR005304,family,,232,8,231,CONTINUOUS
A0A6M2CNI8,18S rRNA (pseudouridine-N1)-methyltransferase,232,HPB51_025748,6941,Rhipicephalus microplus,Rhipicephalus microplus (Cattle tick),True,IPR005304,family,,232,16,231,CONTINUOUS
A0A6M2DUB4,18S rRNA (pseudouridine-N1)-methyltransferase,236,,163159,Xenopsylla cheopis,Xenopsylla cheopis (Oriental rat flea),True,IPR005304,family,,236,4,236,CONTINUOUS
A0A6M2F7H5,Ribosomal RNA small subunit methyltransferase NEP1,284,,266767,Populus davidiana,Populus davidiana,True,IPR005304,family,,284,41,284,CONTINUOUS
A0A6N0NXT3,Ribosomal RNA small subunit methyltransferase Nep1,207,nep1,1532350,Metallosphaera tengchongensis,Metallosphaera tengchongensis,True,IPR005304,family,,207,1,206,CONTINUOUS
A0A6N2AP39,Ribosomal RNA small subunit methyltransferase NEP1,278,EJD97_025599,4083,Solanum chilense,Solanum chilense (Tomato),True,IPR005304,family,,278,41,278,CONTINUOUS
A0A6N2KY40,Ribosomal RNA small subunit methyltransferase NEP1,264,SVIM_LOCUS136286,40686,Salix viminalis,Salix viminalis (Common osier),True,IPR005304,family,,264,31,264,CONTINUOUS
A0A6N2L612,Uncharacterized protein,175,SVIM_LOCUS185331,40686,Salix viminalis,Salix viminalis (Common osier),True,IPR005304,family,,175,37,80,CONTINUOUS
A0A6N2LQP8,Ribosomal RNA small subunit methyltransferase NEP1,264,SVIM_LOCUS254910,40686,Salix viminalis,Salix viminalis (Common osier),True,IPR005304,family,,264,30,264,CONTINUOUS
A0A6N2N569,NUC153 domain-containing protein,423,SVIM_LOCUS467024,40686,Salix viminalis,Salix viminalis (Common osier),True,IPR005304,family,,423,42,82,CONTINUOUS
A0A6N2N569,NUC153 domain-containing protein,423,SVIM_LOCUS467024,40686,Salix viminalis,Salix viminalis (Common osier),True,IPR005304,family,,423,187,423,CONTINUOUS
A0A6P3DT42,18S rRNA (pseudouridine-N1)-methyltransferase,236,LOC100744183,132113,Bombus impatiens,Bombus impatiens (Bumblebee),True,IPR005304,family,,236,3,236,CONTINUOUS
A0A6P3ECF5,18S rRNA (pseudouridine(1248)-N1)-methyltransferase,244,JEQ12_015009,9940,Ovis aries,Ovis aries (Sheep),True,IPR005304,family,,244,12,243,CONTINUOUS
A0A6P3FD51,18S rRNA (pseudouridine(1248)-N1)-methyltransferase,243,Emg1,10160,Octodon degus,Octodon degus (Degu),True,IPR005304,family,,243,12,243,CONTINUOUS
A0A6P3HLD8,18S rRNA (pseudouridine(1248)-N1)-methyltransferase,291,EMG1,43346,Bison bison bison,Bison bison bison (North American plains bison),True,IPR005304,family,,291,12,236,CONTINUOUS
A0A6P3HV94,18S rRNA (pseudouridine(1248)-N1)-methyltransferase,244,EMG1,43346,Bison bison bison,Bison bison bison (North American plains bison),True,IPR005304,family,,244,12,244,CONTINUOUS
A0A6P3QPX4,18S rRNA (pseudouridine(1248)-N1)-methyltransferase,244,EMG1,132908,Pteropus vampyrus,Pteropus vampyrus (Large flying fox),True,IPR005304,family,,244,13,243,CONTINUOUS
A0A6P3VZ14,18S rRNA (pseudouridine(1248)-N1)-methyltransferase,238,emg1,7950,Clupea harengus,Clupea harengus (Atlantic herring),True,IPR005304,family,,238,8,238,CONTINUOUS
A0A6P3Y0W6,18S rRNA (pseudouridine-N1)-methyltransferase,235,LOC106749223,609295,Dinoponera quadriceps,Dinoponera quadriceps (South American ant),True,IPR005304,family,,235,3,235,CONTINUOUS
A0A6P4AU77,ribosomal RNA Small subunit methyltransferase Nep1-like,288,LOC107435882,326968,Ziziphus jujuba,Ziziphus jujuba (Chinese jujube),True,IPR005304,family,,288,37,287,CONTINUOUS
A0A6P4BZB6,Uncharacterized protein LOC107471582 isoform X1,292,LOC107471582,130453,Arachis duranensis,Arachis duranensis (Wild peanut),True,IPR005304,family,,292,83,289,CONTINUOUS
A0A6P4CCA5,Uncharacterized protein LOC107473739,125,LOC107473739,130453,Arachis duranensis,Arachis duranensis (Wild peanut),True,IPR005304,family,,125,2,124,CONTINUOUS
A0A6P4CEN3,Uncharacterized protein LOC107474632,278,LOC107474632,130453,Arachis duranensis,Arachis duranensis (Wild peanut),True,IPR005304,family,,278,42,278,CONTINUOUS
A0A6P4F498,18S rRNA (pseudouridine-N1)-methyltransferase,252,LOC108045371,1041015,Drosophila rhopaloa,Drosophila rhopaloa (Fruit fly),True,IPR005304,family,,252,28,251,CONTINUOUS
A0A6P4JLG6,18S rRNA (pseudouridine-N1)-methyltransferase,252,LOC108084681,30033,Drosophila kikkawai,Drosophila kikkawai (Fruit fly),True,IPR005304,family,,252,28,251,CONTINUOUS
A0A6P4YBZ1,18S rRNA (pseudouridine(1248)-N1)-methyltransferase,235,LOC109466448,7741,Branchiostoma belcheri,Branchiostoma belcheri (Amphioxus),True,IPR005304,family,,235,19,234,CONTINUOUS
A0A6P5BSD3,18S rRNA (pseudouridine(1248)-N1)-methyltransferase,291,EMG1,9915,Bos indicus,Bos indicus (Zebu),True,IPR005304,family,,291,12,236,CONTINUOUS
A0A6P5BSF4,18S rRNA (pseudouridine(1248)-N1)-methyltransferase,244,EMG1,9915,Bos indicus,Bos indicus (Zebu),True,IPR005304,family,,244,12,244,CONTINUOUS
A0A6P5F8M9,Ribosomal RNA small subunit methyltransferase nep-1,296,LOC109711127,4615,Ananas comosus,Ananas comosus (Pineapple),True,IPR005304,family,,296,59,295,CONTINUOUS
A0A6P5KVA4,18S rRNA (pseudouridine(1248)-N1)-methyltransferase,230,EMG1,38626,Phascolarctos cinereus,Phascolarctos cinereus (Koala),True,IPR005304,family,,230,36,230,CONTINUOUS
A0A6P5KZ02,18S rRNA (pseudouridine(1248)-N1)-methyltransferase,244,EMG1,38626,Phascolarctos cinereus,Phascolarctos cinereus (Koala),True,IPR005304,family,,244,12,244,CONTINUOUS
A0A6P5L2H9,18S rRNA (pseudouridine(1248)-N1)-methyltransferase,221,EMG1,38626,Phascolarctos cinereus,Phascolarctos cinereus (Koala),True,IPR005304,family,,221,12,210,CONTINUOUS
A0A6P5NI02,Uncharacterized protein LOC107484971,234,LOC107484971,130453,Arachis duranensis,Arachis duranensis (Wild peanut),True,IPR005304,family,,234,26,231,CONTINUOUS
A0A6P5PV31,18S rRNA (pseudouridine(1248)-N1)-methyltransferase,244,Emg1,10089,Mus caroli,Mus caroli (Ryukyu mouse),False,IPR005304,family,,244,13,244,CONTINUOUS
A0A6P5RCJ7,Ribosomal RNA small subunit methyltransferase NEP1-like,196,LOC110744927,42229,Prunus avium,Prunus avium (Cherry),True,IPR005304,family,,196,9,195,CONTINUOUS
A0A6P5RD16,Ribosomal RNA small subunit methyltransferase NEP1-like,258,LOC110744943,42229,Prunus avium,Prunus avium (Cherry),True,IPR005304,family,,258,31,258,CONTINUOUS
A0A6P5T262,Ribosomal RNA small subunit methyltransferase nep-1,293,LOC110762181,42229,Prunus avium,Prunus avium (Cherry),True,IPR005304,family,,293,41,293,CONTINUOUS
A0A6P5YRT9,Ribosomal RNA small subunit methyltransferase NEP1-like isoform X2,244,LOC111294256,66656,Durio zibethinus,Durio zibethinus (Durian),True,IPR005304,family,,244,70,244,CONTINUOUS
A0A6P5YRU0,Ribosomal RNA small subunit methyltransferase NEP1-like isoform X3,225,LOC111294256,66656,Durio zibethinus,Durio zibethinus (Durian),True,IPR005304,family,,225,70,225,CONTINUOUS
A0A6P5YSK0,Ribosomal RNA small subunit methyltransferase nep-1-like isoform X1,275,LOC111294256,66656,Durio zibethinus,Durio zibethinus (Durian),True,IPR005304,family,,275,25,275,CONTINUOUS
A0A6P6ALT9,Ribosomal RNA small subunit methyltransferase nep-1-like,227,LOC111310622,66656,Durio zibethinus,Durio zibethinus (Durian),True,IPR005304,family,,227,92,218,CONTINUOUS
A0A6P6ALV5,Ribosomal RNA small subunit methyltransferase NEP1-like,235,LOC111310623,66656,Durio zibethinus,Durio zibethinus (Durian),True,IPR005304,family,,235,19,234,CONTINUOUS
A0A6P6AP49,Ribosomal RNA small subunit methyltransferase nep-1-like isoform X2,279,LOC111311459,66656,Durio zibethinus,Durio zibethinus (Durian),True,IPR005304,family,,279,36,263,CONTINUOUS
A0A6P6AP75,Ribosomal RNA small subunit methyltransferase NEP1-like isoform X1,283,LOC111311459,66656,Durio zibethinus,Durio zibethinus (Durian),True,IPR005304,family,,283,36,283,CONTINUOUS
A0A6P6CQQ1,18S rRNA (pseudouridine(1248)-N1)-methyltransferase,194,EMG1,132908,Pteropus vampyrus,Pteropus vampyrus (Large flying fox),True,IPR005304,family,,194,13,188,CONTINUOUS
A0A6P6IF04,18S rRNA (pseudouridine(1248)-N1)-methyltransferase,194,EMG1,9696,Puma concolor,Puma concolor (Mountain lion),True,IPR005304,family,,194,12,188,CONTINUOUS
A0A6P6IHB3,18S rRNA (pseudouridine(1248)-N1)-methyltransferase,244,EMG1,9696,Puma concolor,Puma concolor (Mountain lion),True,IPR005304,family,,244,12,244,CONTINUOUS
A0A6P6LMT6,18S rRNA (pseudouridine(1248)-N1)-methyltransferase,238,LOC113060146,7957,Carassius auratus,Carassius auratus (Goldfish),True,IPR005304,family,,238,12,238,CONTINUOUS
A0A6P6R4V5,18S rRNA (pseudouridine(1248)-N1)-methyltransferase,238,emg1,7957,Carassius auratus,Carassius auratus (Goldfish),True,IPR005304,family,,238,8,238,CONTINUOUS
A0A6P6RQB7,Ribosomal RNA small subunit methyltransferase NEP1,229,LOC34619004,88456,Cyclospora cayetanensis,Cyclospora cayetanensis,True,IPR005304,family,,229,9,228,CONTINUOUS
A0A6P6RWA5,Uncharacterized protein LOC34620756,592,LOC34620756,88456,Cyclospora cayetanensis,Cyclospora cayetanensis,True,IPR005304,family,,592,315,423,CONTINUOUS
A0A6P6S5B1,Uncharacterized protein isoform X2,307,LOC113687761,13443,Coffea arabica,Coffea arabica (Arabian coffee),True,IPR005304,family,,307,68,307,CONTINUOUS
A0A6P6S612,Ribosomal RNA small subunit methyltransferase NEP1 isoform X2,251,LOC113688106,13443,Coffea arabica,Coffea arabica (Arabian coffee),True,IPR005304,family,,251,18,250,CONTINUOUS
A0A6P6SBX3,Ribosomal RNA small subunit methyltransferase nep-1-like,307,LOC113690071,13443,Coffea arabica,Coffea arabica (Arabian coffee),True,IPR005304,family,,307,68,307,CONTINUOUS
A0A6P6SC99,Uncharacterized protein isoform X1,307,LOC113689856,13443,Coffea arabica,Coffea arabica (Arabian coffee),True,IPR005304,family,,307,69,306,CONTINUOUS
A0A6P6SIT2,Uncharacterized protein,288,LOC113691922,13443,Coffea arabica,Coffea arabica (Arabian coffee),True,IPR005304,family,,288,49,288,CONTINUOUS
A0A6P6W6F2,Uncharacterized protein isoform X2,111,LOC113729688,13443,Coffea arabica,Coffea arabica (Arabian coffee),True,IPR005304,family,,111,38,110,CONTINUOUS
A0A6P6XID3,Uncharacterized protein isoform X2,286,LOC113743689,13443,Coffea arabica,Coffea arabica (Arabian coffee),True,IPR005304,family,,286,69,285,CONTINUOUS
A0A6P6XN78,Uncharacterized protein isoform X1,299,LOC113743689,13443,Coffea arabica,Coffea arabica (Arabian coffee),True,IPR005304,family,,299,69,299,CONTINUOUS
A0A6P6YBU0,18S rRNA (pseudouridine-N1)-methyltransferase,293,LOC113796644,6956,Dermatophagoides pteronyssinus,Dermatophagoides pteronyssinus (European house dust mite),True,IPR005304,family,,293,68,292,CONTINUOUS
A0A6P7GGZ9,18S rRNA (pseudouridine-N1)-methyltransferase,237,LOC114342445,50390,Diabrotica virgifera virgifera,Diabrotica virgifera virgifera (western corn rootworm),True,IPR005304,family,,237,5,237,CONTINUOUS
A0A6P7JTS2,18S rRNA (pseudouridine(1248)-N1)-methyltransferase,237,emg1,210632,Parambassis ranga,Parambassis ranga (Indian glassy fish),True,IPR005304,family,,237,7,237,CONTINUOUS
A0A6P7KR29,18S rRNA (pseudouridine(1248)-N1)-methyltransferase,237,emg1,158456,Betta splendens,Betta splendens (Siamese fighting fish),True,IPR005304,family,,237,12,237,CONTINUOUS
A0A6P7SWE9,Ribosomal RNA small subunit methyltransferase NEP1,232,LOC115217125,2607531,Octopus sinensis,Octopus sinensis (East Asian common octopus),True,IPR005304,family,,232,6,232,CONTINUOUS
A0A6P7WQD2,18S rRNA (pseudouridine(1248)-N1)-methyltransferase,238,EMG1,1415580,Microcaecilia unicolor,Microcaecilia unicolor,True,IPR005304,family,,238,22,237,CONTINUOUS
A0A6P8BKP4,Nucleolar essential protein 1,264,PgNI_00426,148305,Pyricularia grisea,Pyricularia grisea (Crabgrass-specific blast fungus),True,IPR005304,family,,264,18,264,CONTINUOUS
A0A6P8IY32,Ribosomal RNA small subunit methyltransferase NEP1-like,231,LOC116305091,6105,Actinia tenebrosa,Actinia tenebrosa (Australian red waratah sea anemone),True,IPR005304,family,,231,6,230,CONTINUOUS
A0A6P8L2M7,18S rRNA (pseudouridine-N1)-methyltransferase,252,LOC117147468,7226,Drosophila mauritiana,Drosophila mauritiana (Fruit fly),True,IPR005304,family,,252,27,251,CONTINUOUS
A0A6P8LKC6,18S rRNA (pseudouridine-N1)-methyltransferase,236,LOC117206018,103933,Bombus bifarius,Bombus bifarius,True,IPR005304,family,,236,3,236,CONTINUOUS
A0A6P8NUH8,18S rRNA (pseudouridine(1248)-N1)-methyltransferase,237,EMG1,260995,Geotrypetes seraphini,Geotrypetes seraphini (Gaboon caecilian),True,IPR005304,family,,237,24,236,CONTINUOUS
A0A6P8UD09,18S rRNA (pseudouridine(1248)-N1)-methyltransferase,238,emg1,8218,Gymnodraco acuticeps,Gymnodraco acuticeps (Antarctic dragonfish),True,IPR005304,family,,238,6,238,CONTINUOUS
A0A6P8WRI9,18S rRNA (pseudouridine-N1)-methyltransferase,252,LOC117565677,7291,Drosophila albomicans,Drosophila albomicans (Fruit fly),True,IPR005304,family,,252,30,251,CONTINUOUS
A0A6P9ACT6,18S rRNA (pseudouridine-N1)-methyltransferase,235,LOC117654005,161013,Thrips palmi,Thrips palmi (Melon thrips),True,IPR005304,family,,235,7,234,CONTINUOUS
A0A6P9B6N2,18S rRNA (pseudouridine(1248)-N1)-methyltransferase,233,EMG1,94885,Pantherophis guttatus,Pantherophis guttatus (Corn snake),True,IPR005304,family,,233,25,232,CONTINUOUS
A0A6P9EJD0,Ribosomal RNA small subunit methyltransferase nep-1 isoform X2,252,LOC109011590,51240,Juglans regia,Juglans regia (English walnut),True,IPR005304,family,,252,46,249,CONTINUOUS
A0A6P9ENK9,Ribosomal RNA small subunit methyltransferase nep-1 isoform X1,286,LOC109011590,51240,Juglans regia,Juglans regia (English walnut),True,IPR005304,family,,286,47,286,CONTINUOUS
A0A6S6WEG8,EMG1 domain containing protein,278,PTTW11_09948,97479,Pyrenophora teres f. teres,Pyrenophora teres f. teres,True,IPR005304,family,,278,33,277,CONTINUOUS
A0A6S7KJ77,Ribosomal RNA small subunit methyltransferase NEP1-like,74,PACLA_8A062919,317549,Paramuricea clavata,Paramuricea clavata (Red gorgonian),True,IPR005304,family,,74,8,74,CONTINUOUS
A0A6S8XKM1,Ribosomal RNA small subunit methyltransferase NEP1,294,DBRI00130_LOCUS37531,49249,Ditylum brightwellii,Ditylum brightwellii,True,IPR005304,family,,294,33,294,CONTINUOUS
A0A6U0WJW5,Ribosomal RNA small subunit methyltransferase NEP1,295,PPYR1160_LOCUS13180,172671,Pinguiococcus pyrenoidosus,Pinguiococcus pyrenoidosus,True,IPR005304,family,,295,57,295,CONTINUOUS
A0A6V1NKS5,Ribosomal RNA small subunit methyltransferase NEP1,225,HAKA00212_LOCUS1495,2829,Heterosigma akashiwo,Heterosigma akashiwo (Chromophytic alga),True,IPR005304,family,,225,5,224,CONTINUOUS
A0A6V7GX37,18S rRNA (pseudouridine-N1)-methyltransferase,241,MHI_LOCUS174439,395501,Heterotrigona itama,Heterotrigona itama,True,IPR005304,family,,241,9,241,CONTINUOUS
A0A6V7JSY9,Ribosomal RNA small subunit methyltransferase NEP1,81,BBRV_LOCUS61267,1563983,Bracon brevicornis,Bracon brevicornis,True,IPR005304,family,,81,1,81,CONTINUOUS
A0A6V7JYG1,Uncharacterized protein,69,BBRV_LOCUS61265,1563983,Bracon brevicornis,Bracon brevicornis,True,IPR005304,family,,69,1,69,CONTINUOUS
A0A6V7Q4Z3,Ribosomal RNA small subunit methyltransferase NEP1,111,CB5_LOCUS21485,296719,Ananas comosus var. bracteatus,Ananas comosus var. bracteatus (red pineapple),True,IPR005304,family,,111,1,110,CONTINUOUS
A0A6V7Q5D6,Uncharacterized protein,831,CB5_LOCUS21484,296719,Ananas comosus var. bracteatus,Ananas comosus var. bracteatus (red pineapple),True,IPR005304,family,,831,777,831,CONTINUOUS
A0A6V7S0U5,"Ribosomal RNA small subunit methyltransferase NEP1, putative",231,PVBDA_0700980,119398,Plasmodium vinckei brucechwatti,Plasmodium vinckei brucechwatti,True,IPR005304,family,,231,13,230,CONTINUOUS
A0A6V7S1I4,"Ribosomal RNA small subunit methyltransferase NEP1, putative",231,PVLDE_0702050,138297,Plasmodium vinckei lentum,Plasmodium vinckei lentum,True,IPR005304,family,,231,13,230,CONTINUOUS
A0A6V7SQ50,"Ribosomal RNA small subunit methyltransferase NEP1, putative",231,PVSEL_0701090,5860,Plasmodium vinckei,Plasmodium vinckei,True,IPR005304,family,,231,13,230,CONTINUOUS
A0A6V7T0E0,"Small subunit rRNA processing factor, putative",410,PVLDE_1404100,138297,Plasmodium vinckei lentum,Plasmodium vinckei lentum,True,IPR005304,family,,410,149,409,CONTINUOUS
A0A6V7T2X0,"Small subunit rRNA processing factor, putative",410,PVBDA_1404290,119398,Plasmodium vinckei brucechwatti,Plasmodium vinckei brucechwatti,True,IPR005304,family,,410,149,409,CONTINUOUS
A0A6V7TF87,"Small subunit rRNA processing factor, putative",410,PVSEL_1404350,5860,Plasmodium vinckei,Plasmodium vinckei,True,IPR005304,family,,410,150,409,CONTINUOUS
A0A6V8HNW2,Ribosomal RNA small subunit methyltransferase NEP1,247,TCE0_060f18729,128442,Talaromyces pinophilus,Talaromyces pinophilus,True,IPR005304,family,,247,28,247,CONTINUOUS
A0A6V8R4X5,TOG domain-containing protein,1114,TASIC1_0015028000,101201,Trichoderma asperellum,Trichoderma asperellum (Filamentous fungus),True,IPR005304,family,,1114,1051,1109,CONTINUOUS
A0A7C1E9L5,16S rRNA methyltransferase,221,ENO04_04830,683846,Fervidicoccus fontis,Fervidicoccus fontis,True,IPR005304,family,,221,2,217,CONTINUOUS
A0A7C1P2U5,Ribosomal RNA small subunit methyltransferase Nep1,236,nep1,2269,Thermofilum pendens,Thermofilum pendens,False,IPR005304,family,,236,9,234,CONTINUOUS
A0A7C2FGV3,Ribosomal RNA small subunit methyltransferase Nep1,227,nep1,54254,Thermosphaera aggregans,Thermosphaera aggregans,True,IPR005304,family,,227,4,227,CONTINUOUS
A0A7C2N934,Ribosomal RNA small subunit methyltransferase Nep1,217,nep1,2234,Archaeoglobus fulgidus,Archaeoglobus fulgidus,False,IPR005304,family,,217,5,210,CONTINUOUS
A0A7C2ZM49,Ribosomal RNA small subunit methyltransferase Nep1,232,nep1,334771,Ignisphaera aggregans,Ignisphaera aggregans,True,IPR005304,family,,232,4,231,CONTINUOUS
A0A7C3IS75,Ribosomal RNA small subunit methyltransferase Nep1,226,nep1,1867258,Candidatus Methanomethylicus mesodigestus,Candidatus Methanomethylicus mesodigestus,True,IPR005304,family,,226,2,224,CONTINUOUS
A0A7C3MEA8,Ribosomal RNA small subunit methyltransferase Nep1,217,nep1,2234,Archaeoglobus fulgidus,Archaeoglobus fulgidus,True,IPR005304,family,,217,5,210,CONTINUOUS
A0A7C3UHT5,Ribosomal RNA small subunit methyltransferase Nep1,214,nep1,113653,Geoglobus ahangari,Geoglobus ahangari,True,IPR005304,family,,214,2,211,CONTINUOUS
A0A7C4BB88,Ribosomal RNA small subunit methyltransferase Nep1,228,nep1,2269,Thermofilum pendens,Thermofilum pendens,True,IPR005304,family,,228,3,227,CONTINUOUS
A0A7C4D2F1,Ribosomal RNA small subunit methyltransferase Nep1,234,nep1,2269,Thermofilum pendens,Thermofilum pendens,True,IPR005304,family,,234,2,224,CONTINUOUS
A0A7C4D2I9,Ribosomal RNA small subunit methyltransferase Nep1,243,nep1,334771,Ignisphaera aggregans,Ignisphaera aggregans,True,IPR005304,family,,243,4,231,CONTINUOUS
A0A7C4D873,Ribosomal RNA small subunit methyltransferase Nep1,244,nep1,2280,Staphylothermus marinus,Staphylothermus marinus,True,IPR005304,family,,244,19,242,CONTINUOUS
A0A7C4FCD5,Ribosomal RNA small subunit methyltransferase Nep1,239,nep1,334771,Ignisphaera aggregans,Ignisphaera aggregans,True,IPR005304,family,,239,4,227,CONTINUOUS
A0A7C4I6Z5,Ribosomal RNA small subunit methyltransferase Nep1,230,nep1,311458,Caldiarchaeum subterraneum,Caldiarchaeum subterraneum,True,IPR005304,family,,230,4,225,CONTINUOUS
A0A7C4JNB0,Ribosomal RNA small subunit methyltransferase Nep1,230,nep1,2280,Staphylothermus marinus,Staphylothermus marinus,True,IPR005304,family,,230,3,224,CONTINUOUS
A0A7C4NSN3,Ribosomal RNA small subunit methyltransferase Nep1,232,nep1,334771,Ignisphaera aggregans,Ignisphaera aggregans,True,IPR005304,family,,232,4,228,CONTINUOUS
A0A7C5K037,Ribosomal RNA small subunit methyltransferase Nep1,220,nep1,2265,Thermococcus litoralis,Thermococcus litoralis,True,IPR005304,family,,220,2,215,CONTINUOUS
A0A7C5LG78,Ribosomal RNA small subunit methyltransferase Nep1,225,nep1,311458,Caldiarchaeum subterraneum,Caldiarchaeum subterraneum,True,IPR005304,family,,225,3,222,CONTINUOUS
A0A7C5U5J7,Ribosomal RNA small subunit methyltransferase Nep1,231,nep1,311458,Caldiarchaeum subterraneum,Caldiarchaeum subterraneum,True,IPR005304,family,,231,5,225,CONTINUOUS
A0A7C5UUG1,Ribosomal RNA small subunit methyltransferase Nep1,235,nep1,334771,Ignisphaera aggregans,Ignisphaera aggregans,True,IPR005304,family,,235,5,232,CONTINUOUS
A0A7C8I517,Alpha/beta knot methyltransferase,275,BDV95DRAFT_628921,100035,Massariosphaeria phaeospora,Massariosphaeria phaeospora,True,IPR005304,family,,275,48,275,CONTINUOUS
A0A7C8IY46,Ribosomal RNA small subunit methyltransferase NEP1,254,GQX73_g1556,323545,Xylaria multiplex,Xylaria multiplex,True,IPR005304,family,,254,28,254,CONTINUOUS
A0A7C8N3L8,18S rRNA pseudouridine methyltransferase,255,EMG1,2813651,Orbilia oligospora,Orbilia oligospora (Nematode-trapping fungus),True,IPR005304,family,,255,34,255,CONTINUOUS
A0A7C8YDD6,Uncharacterized protein,218,,393608,Opuntia streptacantha,Opuntia streptacantha (Prickly pear cactus),True,IPR005304,family,,218,50,218,CONTINUOUS
A0A7C9APK7,Uncharacterized protein,111,,393608,Opuntia streptacantha,Opuntia streptacantha (Prickly pear cactus),True,IPR005304,family,,111,1,111,CONTINUOUS
A0A7C9AQG3,Uncharacterized protein,277,,393608,Opuntia streptacantha,Opuntia streptacantha (Prickly pear cactus),True,IPR005304,family,,277,25,277,CONTINUOUS
A0A7C9ART0,Uncharacterized protein,237,,393608,Opuntia streptacantha,Opuntia streptacantha (Prickly pear cactus),True,IPR005304,family,,237,25,236,CONTINUOUS
A0A7C9E6M9,Uncharacterized protein,227,,393608,Opuntia streptacantha,Opuntia streptacantha (Prickly pear cactus),True,IPR005304,family,,227,25,227,CONTINUOUS
A0A7D5R1I0,Ribosomal RNA small subunit methyltransferase Nep1,222,nep1,1959104,Nitrosopumilus oxyclinae,Nitrosopumilus oxyclinae,True,IPR005304,family,,222,4,218,CONTINUOUS
A0A7D5R1Y7,Ribosomal RNA small subunit methyltransferase Nep1,223,nep1,1470066,Nitrosopumilus cobalaminigenes,Nitrosopumilus cobalaminigenes,True,IPR005304,family,,223,2,219,CONTINUOUS
A0A7D5R8C7,Ribosomal RNA small subunit methyltransferase Nep1,222,nep1,1470067,Nitrosopumilus ureiphilus,Nitrosopumilus ureiphilus,True,IPR005304,family,,222,2,218,CONTINUOUS
A0A7D5UW22,Ribosomal RNA small subunit methyltransferase NEP1,261,NEP1,500148,Metarhizium brunneum,Metarhizium brunneum,True,IPR005304,family,,261,36,261,CONTINUOUS
A0A7D8UKR6,Ribosomal RNA small subunit methyltransferase NEP1,248,EMG1,1316786,Lachnellula cervina,Lachnellula cervina,True,IPR005304,family,,248,25,248,CONTINUOUS
A0A7D8V1T8,Ribosomal RNA small subunit methyltransferase NEP1,313,VHUM_01524,5417,Vanrija humicola,Vanrija humicola (Yeast),True,IPR005304,family,,313,73,313,CONTINUOUS
A0A7D9H0M4,Ribosomal RNA small subunit methyltransferase NEP1,273,EMG1,5007,Dekkera bruxellensis,Dekkera bruxellensis,True,IPR005304,family,,273,34,273,CONTINUOUS
A0A7E4VX57,18S rRNA (pseudouridine-N1)-methyltransferase,241,,6233,Panagrellus redivivus,Panagrellus redivivus (Microworm),True,IPR005304,family,,241,36,240,CONTINUOUS
A0A7E5VBY9,18S rRNA (pseudouridine-N1)-methyltransferase,236,LOC113492521,7111,Trichoplusia ni,Trichoplusia ni (Cabbage looper),True,IPR005304,family,,236,9,235,CONTINUOUS
A0A7G2CMF4,"EMG1/NEP1 methyltransferase, putative",177,ADEAN_000695700,59799,Angomonas deanei,Angomonas deanei,True,IPR005304,family,,177,2,167,CONTINUOUS
A0A7G2D6X2,Ribosomal RNA small subunit methyltransferase Nep1,219,nep,2016373,Thermococcus camini,Thermococcus camini,True,IPR005304,family,,219,2,217,CONTINUOUS
A0A7G2ETC0,(thale cress) hypothetical protein,274,AT9943_LOCUS13839,3702,Arabidopsis thaliana,Arabidopsis thaliana (Mouse-ear cress),True,IPR005304,family,,274,50,267,CONTINUOUS
A0A7G3ZCI5,Ribosomal RNA small subunit methyltransferase NEP1,252,HG536_0B00820,48254,Torulaspora globosa,Torulaspora globosa,True,IPR005304,family,,252,18,252,CONTINUOUS
A0A7H8RDA2,Ribosomal RNA small subunit methyltransferase NEP1,248,TRUGW13939_11240,121627,Talaromyces rugulosus,Talaromyces rugulosus,True,IPR005304,family,,248,27,248,CONTINUOUS
A0A7H9AX30,Ribosomal RNA small subunit methyltransferase NEP1,252,HG535_0A00810,42260,Zygotorulaspora mrakii,Zygotorulaspora mrakii,True,IPR005304,family,,252,22,252,CONTINUOUS
A0A7H9HLR1,Ribosomal RNA small subunit methyltransferase NEP1,252,HG537_0B00830,48254,Torulaspora globosa,Torulaspora globosa,True,IPR005304,family,,252,18,252,CONTINUOUS
A0A7I4YFA0,18S rRNA (pseudouridine-N1)-methyltransferase,231,,6289,Haemonchus contortus,Haemonchus contortus (Barber pole worm),True,IPR005304,family,,231,4,231,CONTINUOUS
A0A7I8ITD1,Uncharacterized protein,300,SI7747_06007630,51605,Spirodela intermedia,Spirodela intermedia (Intermediate duckweed),True,IPR005304,family,,300,52,300,CONTINUOUS
A0A7I8ITU5,Uncharacterized protein,302,SI8410_06008328,51605,Spirodela intermedia,Spirodela intermedia (Intermediate duckweed),True,IPR005304,family,,302,48,302,CONTINUOUS
A0A7I8IUL7,Uncharacterized protein,301,SI7747_06007697,51605,Spirodela intermedia,Spirodela intermedia (Intermediate duckweed),True,IPR005304,family,,301,47,301,CONTINUOUS
A0A7I8KII5,Uncharacterized protein,300,SI8410_06008258,51605,Spirodela intermedia,Spirodela intermedia (Intermediate duckweed),True,IPR005304,family,,300,52,300,CONTINUOUS
A0A7I8V7S0,Ribosomal RNA small subunit methyltransferase NEP1,234,DGYR_LOCUS1542,2664684,Dimorphilus gyrociliatus,Dimorphilus gyrociliatus,True,IPR005304,family,,234,6,233,CONTINUOUS
A0A7J0DGJ5,Nucleolar essential protein-like protein,239,Acr_00g0032220,165716,Actinidia rufa,Actinidia rufa,True,IPR005304,family,,239,42,235,CONTINUOUS
A0A7J0EDY4,Nucleolar essential protein-like protein,279,Acr_03g0014290,165716,Actinidia rufa,Actinidia rufa,True,IPR005304,family,,279,26,272,CONTINUOUS
A0A7J2TIQ9,Ribosomal RNA small subunit methyltransferase Nep1,221,nep1,2234,Archaeoglobus fulgidus,Archaeoglobus fulgidus,True,IPR005304,family,,221,7,214,CONTINUOUS
A0A7J2U262,Ribosomal RNA small subunit methyltransferase Nep1,235,nep1,334771,Ignisphaera aggregans,Ignisphaera aggregans,True,IPR005304,family,,235,1,224,CONTINUOUS
A0A7J3G3T1,Ribosomal RNA small subunit methyltransferase Nep1,209,nep1,311458,Caldiarchaeum subterraneum,Caldiarchaeum subterraneum,True,IPR005304,family,,209,13,204,CONTINUOUS
A0A7J3I6X2,Ribosomal RNA small subunit methyltransferase Nep1,234,nep1,334771,Ignisphaera aggregans,Ignisphaera aggregans,True,IPR005304,family,,234,4,228,CONTINUOUS
A0A7J3JPS0,Ribosomal RNA small subunit methyltransferase Nep1,234,nep1,334771,Ignisphaera aggregans,Ignisphaera aggregans,True,IPR005304,family,,234,4,228,CONTINUOUS
A0A7J3KHF2,Ribosomal RNA small subunit methyltransferase Nep1,230,nep1,2280,Staphylothermus marinus,Staphylothermus marinus,True,IPR005304,family,,230,3,224,CONTINUOUS
A0A7J3M227,Ribosomal RNA small subunit methyltransferase Nep1,217,nep1,2234,Archaeoglobus fulgidus,Archaeoglobus fulgidus,True,IPR005304,family,,217,4,210,CONTINUOUS
A0A7J3MY17,Ribosomal RNA small subunit methyltransferase Nep1,243,nep1,334771,Ignisphaera aggregans,Ignisphaera aggregans,True,IPR005304,family,,243,4,231,CONTINUOUS
A0A7J3PJH2,Ribosomal RNA small subunit methyltransferase Nep1,244,nep1,2280,Staphylothermus marinus,Staphylothermus marinus,True,IPR005304,family,,244,19,242,CONTINUOUS
A0A7J3QFR2,Ribosomal RNA small subunit methyltransferase Nep1,235,nep1,334771,Ignisphaera aggregans,Ignisphaera aggregans,True,IPR005304,family,,235,5,232,CONTINUOUS
A0A7J3SNL7,Ribosomal RNA small subunit methyltransferase Nep1,229,ENW83_04660,683846,Fervidicoccus fontis,Fervidicoccus fontis,True,IPR005304,family,,229,8,224,CONTINUOUS
A0A7J3T9V3,Ribosomal RNA small subunit methyltransferase Nep1,226,nep1,379547,Candidatus Aciduliprofundum boonei,Candidatus Aciduliprofundum boonei,True,IPR005304,family,,226,2,218,CONTINUOUS
A0A7J3UZN5,Ribosomal RNA small subunit methyltransferase Nep1,228,nep1,1867261,Candidatus Methanosuratincola petrocarbonis (ex Vanwonterghem et al. 2016),Candidatus Methanosuratincola petrocarbonis (ex Vanwonterghem et al. 2016),True,IPR005304,family,,228,7,227,CONTINUOUS
A0A7J3VS72,Ribosomal RNA small subunit methyltransferase Nep1,222,nep1,311458,Caldiarchaeum subterraneum,Caldiarchaeum subterraneum,True,IPR005304,family,,222,3,219,CONTINUOUS
A0A7J3X9V6,Ribosomal RNA small subunit methyltransferase Nep1,279,nep1,2269,Thermofilum pendens,Thermofilum pendens,True,IPR005304,family,,279,50,277,CONTINUOUS
A0A7J3XX45,Ribosomal RNA small subunit methyltransferase Nep1,229,nep1,1200300,Thermogladius calderae,Thermogladius calderae,True,IPR005304,family,,229,3,223,CONTINUOUS
A0A7J3Z7X9,Ribosomal RNA small subunit methyltransferase Nep1,240,nep1,334771,Ignisphaera aggregans,Ignisphaera aggregans,True,IPR005304,family,,240,5,228,CONTINUOUS
A0A7J3ZIY5,Ribosomal RNA small subunit methyltransferase Nep1,227,nep1,683846,Fervidicoccus fontis,Fervidicoccus fontis,True,IPR005304,family,,227,9,225,CONTINUOUS
A0A7J5XRP4,18S rRNA (pseudouridine(1248)-N1)-methyltransferase,429,F7725_017946,36200,Dissostichus mawsoni,Dissostichus mawsoni (Antarctic cod),True,IPR005304,family,,429,190,405,CONTINUOUS
A0A7J6B1X5,18S rRNA (pseudouridine(1248)-N1)-methyltransferase,238,AMELA_G00079610,219545,Ameiurus melas,Ameiurus melas (Black bullhead),True,IPR005304,family,,238,2,238,CONTINUOUS
A0A7J6C8W4,18S rRNA (pseudouridine(1248)-N1)-methyltransferase,238,G5714_016364,369639,Onychostoma macrolepis,Onychostoma macrolepis,True,IPR005304,family,,238,12,238,CONTINUOUS
A0A7J6EAZ8,Uncharacterized protein,148,G4B88_008455,3483,Cannabis sativa,Cannabis sativa (Hemp),True,IPR005304,family,,148,79,142,CONTINUOUS
A0A7J6F4E0,Ribosomal RNA small subunit methyltransferase NEP1,256,F8388_007416,3483,Cannabis sativa,Cannabis sativa (Hemp),True,IPR005304,family,,256,13,256,CONTINUOUS
A0A7J6FUM4,Ribosomal RNA small subunit methyltransferase NEP1,215,F8388_016004,3483,Cannabis sativa,Cannabis sativa (Hemp),True,IPR005304,family,,215,41,215,CONTINUOUS
A0A7J6H4M2,Uncharacterized protein,122,F8388_009851,3483,Cannabis sativa,Cannabis sativa (Hemp),True,IPR005304,family,,122,73,121,CONTINUOUS
A0A7J6I793,Ribosomal RNA small subunit methyltransferase NEP1,278,G4B88_012325,3483,Cannabis sativa,Cannabis sativa (Hemp),True,IPR005304,family,,278,41,278,CONTINUOUS
A0A7J6JXD0,Putative ribosome biogenesis protein nep1,235,TGRH88_053100,5811,Toxoplasma gondii,Toxoplasma gondii,True,IPR005304,family,,235,20,234,CONTINUOUS
A0A7J6L2H8,18S rRNA pseudouridine methyltransferase,225,EMG1,330153,Perkinsus chesapeaki,Perkinsus chesapeaki (Clam parasite),True,IPR005304,family,,225,30,223,CONTINUOUS
A0A7J6LNR6,Lysophosphatidylcholine acyltransferase 2,436,FOL46_005965,32597,Perkinsus olseni,Perkinsus olseni,True,IPR005304,family,,436,64,124,CONTINUOUS
A0A7J6M8A6,Uncharacterized protein,241,FOZ61_007946,32597,Perkinsus olseni,Perkinsus olseni,True,IPR005304,family,,241,66,238,CONTINUOUS
A0A7J6MGV0,Lysophosphatidylcholine acyltransferase 2,616,LPCAT2_1,330153,Perkinsus chesapeaki,Perkinsus chesapeaki (Clam parasite),True,IPR005304,family,,616,64,131,CONTINUOUS
A0A7J6N5K7,18S rRNA pseudouridine methyltransferase,265,EMG1_3,32597,Perkinsus olseni,Perkinsus olseni,True,IPR005304,family,,265,18,265,CONTINUOUS
A0A7J6N5M6,18S rRNA pseudouridine methyltransferase,265,EMG1_2,32597,Perkinsus olseni,Perkinsus olseni,True,IPR005304,family,,265,18,265,CONTINUOUS
A0A7J6ND90,18S rRNA pseudouridine methyltransferase,265,EMG1_1,32597,Perkinsus olseni,Perkinsus olseni,True,IPR005304,family,,265,18,265,CONTINUOUS
A0A7J6PK33,Uncharacterized protein,279,FOZ60_000192,32597,Perkinsus olseni,Perkinsus olseni,True,IPR005304,family,,279,100,162,CONTINUOUS
A0A7J6RGW9,18S rRNA pseudouridine methyltransferase,242,EMG1_2,32597,Perkinsus olseni,Perkinsus olseni,True,IPR005304,family,,242,18,225,CONTINUOUS
A0A7J6RWL9,Uncharacterized protein,241,FOZ63_003123,32597,Perkinsus olseni,Perkinsus olseni,True,IPR005304,family,,241,62,124,CONTINUOUS
A0A7J6SWX9,18S rRNA pseudouridine methyltransferase,251,EMG1_1,32597,Perkinsus olseni,Perkinsus olseni,True,IPR005304,family,,251,18,251,CONTINUOUS
A0A7J6TFW9,18S rRNA pseudouridine methyltransferase,124,EMG1_1,32597,Perkinsus olseni,Perkinsus olseni,True,IPR005304,family,,124,1,123,CONTINUOUS
A0A7J6TUM4,18S rRNA pseudouridine methyltransferase,265,EMG1_2,32597,Perkinsus olseni,Perkinsus olseni,True,IPR005304,family,,265,18,264,CONTINUOUS
A0A7J6W1J0,Nucleolar essential protein-like protein,103,FRX31_019158,46969,Thalictrum thalictroides,Thalictrum thalictroides (Rue-anemone),True,IPR005304,family,,103,26,85,CONTINUOUS
A0A7J6W2M3,Ribosomal rna small subunit methyltransferase nep1,79,FRX31_018787,46969,Thalictrum thalictroides,Thalictrum thalictroides (Rue-anemone),True,IPR005304,family,,79,2,79,CONTINUOUS
A0A7J6W2T8,Ribosomal rna small subunit methyltransferase nep1,237,FRX31_019159,46969,Thalictrum thalictroides,Thalictrum thalictroides (Rue-anemone),False,IPR005304,family,,237,8,235,CONTINUOUS
A0A7J6W2V9,Ribosomal rna small subunit methyltransferase nep1,248,FRX31_018696,46969,Thalictrum thalictroides,Thalictrum thalictroides (Rue-anemone),True,IPR005304,family,,248,35,248,CONTINUOUS
A0A7J6X7I4,Ribosomal rna small subunit methyltransferase nep1,159,FRX31_005061,46969,Thalictrum thalictroides,Thalictrum thalictroides (Rue-anemone),True,IPR005304,family,,159,2,159,CONTINUOUS
A0A7J6Y7Q3,Ribosomal RNA small subunit methyltransferase NEP1,276,ECC02_004371,5693,Trypanosoma cruzi,Trypanosoma cruzi,True,IPR005304,family,,276,48,264,CONTINUOUS
A0A7J7CUS9,Putative Nucleolar essential protein,287,HS088_TW13G00533,458696,Tripterygium wilfordii,Tripterygium wilfordii (Thunder God vine),True,IPR005304,family,,287,53,265,CONTINUOUS
A0A7J7DNK8,Putative Nucleolar essential protein,316,HS088_TW05G00676,458696,Tripterygium wilfordii,Tripterygium wilfordii (Thunder God vine),True,IPR005304,family,,316,78,316,CONTINUOUS
A0A7J7E9Q1,18S rRNA (pseudouridine(1248)-N1)-methyltransferase,261,HPG69_004061,77932,Diceros bicornis minor,Diceros bicornis minor (South-central black rhinoceros),True,IPR005304,family,,261,12,261,CONTINUOUS
A0A7J7GK09,non-specific serine/threonine protein kinase,879,HYC85_022309,4442,Camellia sinensis,Camellia sinensis (Tea plant),True,IPR005304,family,,879,32,211,CONTINUOUS
A0A7J7GMN7,Ribosomal RNA small subunit methyltransferase NEP1,272,HYC85_022308,4442,Camellia sinensis,Camellia sinensis (Tea plant),True,IPR005304,family,,272,37,272,CONTINUOUS
A0A7J7IFS1,18S rRNA pseudouridine methyltransferase,237,EMG1,2690220,Cyanidiococcus yangmingshanensis,Cyanidiococcus yangmingshanensis,True,IPR005304,family,,237,13,237,CONTINUOUS
A0A7J7IWS6,EMG1,75,EB796_023427,10212,Bugula neritina,Bugula neritina (Brown bryozoan),True,IPR005304,family,,75,2,69,CONTINUOUS
A0A7J7KPL2,EMG1,244,EB796_001597,10212,Bugula neritina,Bugula neritina (Brown bryozoan),True,IPR005304,family,,244,21,238,CONTINUOUS
A0A7J7LDL0,Ribosomal RNA small subunit methyltransferase NEP1,296,GIB67_035140,39325,Kingdonia uniflora,Kingdonia uniflora,True,IPR005304,family,,296,66,255,CONTINUOUS
A0A7J7WPH7,18S rRNA (pseudouridine(1248)-N1)-methyltransferase,151,mRhiFer1_004497,59479,Rhinolophus ferrumequinum,Rhinolophus ferrumequinum (Greater horseshoe bat),True,IPR005304,family,,151,1,151,CONTINUOUS
A0A7J7Z1Z4,18S rRNA (pseudouridine(1248)-N1)-methyltransferase,151,mMyoMyo1_004462,51298,Myotis myotis,Myotis myotis (Greater mouse-eared bat),True,IPR005304,family,,151,1,151,CONTINUOUS
A0A7J7Z250,18S rRNA (pseudouridine(1248)-N1)-methyltransferase,232,mMyoMyo1_004462,51298,Myotis myotis,Myotis myotis (Greater mouse-eared bat),True,IPR005304,family,,232,12,210,CONTINUOUS
A0A7J7Z283,18S rRNA (pseudouridine(1248)-N1)-methyltransferase,244,mMyoMyo1_004462,51298,Myotis myotis,Myotis myotis (Greater mouse-eared bat),True,IPR005304,family,,244,12,243,CONTINUOUS
A0A7J7ZIL1,18S rRNA (pseudouridine(1248)-N1)-methyltransferase,244,mPipKuh1_004398,59472,Pipistrellus kuhlii,Pipistrellus kuhlii (Kuhl's pipistrelle),True,IPR005304,family,,244,12,243,CONTINUOUS
A0A7J8FX15,18S rRNA (pseudouridine(1248)-N1)-methyltransferase,247,HJG59_004472,27622,Molossus molossus,Molossus molossus (Pallas' mastiff bat),True,IPR005304,family,,247,19,247,CONTINUOUS
A0A7J8FX31,EMG1 N1-specific pseudouridine methyltransferase,197,HJG59_004472,27622,Molossus molossus,Molossus molossus (Pallas' mastiff bat),True,IPR005304,family,,197,19,191,CONTINUOUS
A0A7J8JF26,18S rRNA (pseudouridine(1248)-N1)-methyltransferase,244,HJG63_004462,9407,Rousettus aegyptiacus,Rousettus aegyptiacus (Egyptian fruit bat),True,IPR005304,family,,244,15,243,CONTINUOUS
A0A7J8S2Q3,Uncharacterized protein,62,Godav_006125,34287,Gossypium davidsonii,Gossypium davidsonii (Davidson's cotton),True,IPR005304,family,,62,1,62,CONTINUOUS
A0A7J8S2R9,Uncharacterized protein,124,Godav_006125,34287,Gossypium davidsonii,Gossypium davidsonii (Davidson's cotton),True,IPR005304,family,,124,15,124,CONTINUOUS
A0A7J8S3I0,Ribosomal RNA small subunit methyltransferase NEP1,288,Godav_006372,34287,Gossypium davidsonii,Gossypium davidsonii (Davidson's cotton),True,IPR005304,family,,288,31,288,CONTINUOUS
A0A7J8S513,Ribosomal RNA small subunit methyltransferase NEP1,92,Godav_006372,34287,Gossypium davidsonii,Gossypium davidsonii (Davidson's cotton),True,IPR005304,family,,92,19,92,CONTINUOUS
A0A7J8TB80,(+)-neomenthol dehydrogenase,368,Godav_029890,34287,Gossypium davidsonii,Gossypium davidsonii (Davidson's cotton),True,IPR005304,family,,368,11,132,CONTINUOUS
A0A7J8TFP4,Uncharacterized protein,62,Godav_005407,34287,Gossypium davidsonii,Gossypium davidsonii (Davidson's cotton),True,IPR005304,family,,62,1,62,CONTINUOUS
A0A7J8TFT1,Ribosomal RNA small subunit methyltransferase NEP1,222,Godav_005407,34287,Gossypium davidsonii,Gossypium davidsonii (Davidson's cotton),True,IPR005304,family,,222,9,215,CONTINUOUS
A0A7J8V0D3,Ribosomal RNA small subunit methyltransferase NEP1,288,Goklo_008515,34286,Gossypium klotzschianum,Gossypium klotzschianum,True,IPR005304,family,,288,31,288,CONTINUOUS
A0A7J8V0G2,Uncharacterized protein,140,Goklo_008432,34286,Gossypium klotzschianum,Gossypium klotzschianum,True,IPR005304,family,,140,34,135,CONTINUOUS
A0A7J8WEQ5,Uncharacterized protein,275,Goklo_025260,34286,Gossypium klotzschianum,Gossypium klotzschianum,False,IPR005304,family,,275,38,73,CONTINUOUS
A0A7J8WEQ5,Uncharacterized protein,275,Goklo_025260,34286,Gossypium klotzschianum,Gossypium klotzschianum,False,IPR005304,family,,275,96,268,CONTINUOUS
A0A7J8XMN4,Uncharacterized protein,197,Goari_006334,34290,Gossypium aridum,Gossypium aridum (American cotton),True,IPR005304,family,,197,85,197,CONTINUOUS
A0A7J9A161,Ribosomal RNA small subunit methyltransferase NEP1,160,Golax_005583,34288,Gossypium laxum,Gossypium laxum,True,IPR005304,family,,160,31,160,CONTINUOUS
A0A7J9A1K3,Ribosomal RNA small subunit methyltransferase NEP1,62,Golax_005582,34288,Gossypium laxum,Gossypium laxum,True,IPR005304,family,,62,1,62,CONTINUOUS
A0A7J9B234,Uncharacterized protein,139,Golax_025648,34288,Gossypium laxum,Gossypium laxum,True,IPR005304,family,,139,29,139,CONTINUOUS
A0A7J9B2I0,Uncharacterized protein,145,Golax_025648,34288,Gossypium laxum,Gossypium laxum,True,IPR005304,family,,145,73,145,CONTINUOUS
A0A7J9C4S0,Uncharacterized protein,132,Gogos_006150,34282,Gossypium gossypioides,Gossypium gossypioides (Mexican cotton),True,IPR005304,family,,132,12,116,CONTINUOUS
A0A7J9C547,Uncharacterized protein,160,Gogos_006277,34282,Gossypium gossypioides,Gossypium gossypioides (Mexican cotton),True,IPR005304,family,,160,34,160,CONTINUOUS
A0A7J9EHC3,Ribosomal RNA small subunit methyltransferase NEP1-like,162,Gotri_007802,34281,Gossypium trilobum,Gossypium trilobum,True,IPR005304,family,,162,16,162,CONTINUOUS
A0A7J9EHC9,Uncharacterized protein,131,Gotri_007802,34281,Gossypium trilobum,Gossypium trilobum,True,IPR005304,family,,131,42,93,CONTINUOUS
A0A7J9EHL4,Uncharacterized protein,92,Gotri_007878,34281,Gossypium trilobum,Gossypium trilobum,True,IPR005304,family,,92,34,83,CONTINUOUS
A0A7J9EHL6,Ribosomal RNA small subunit methyltransferase NEP1,288,Gotri_007878,34281,Gossypium trilobum,Gossypium trilobum,True,IPR005304,family,,288,29,288,CONTINUOUS
A0A7J9FV98,Ribosomal RNA small subunit methyltransferase NEP1,62,Gotri_028078,34281,Gossypium trilobum,Gossypium trilobum,True,IPR005304,family,,62,1,62,CONTINUOUS
A0A7J9H565,tRNA/rRNA methyltransferase SpoU type domain-containing protein,62,Gohar_004508,34285,Gossypium harknessii,Gossypium harknessii,True,IPR005304,family,,62,1,62,CONTINUOUS
A0A7J9H6J9,Uncharacterized protein,164,Gohar_004778,34285,Gossypium harknessii,Gossypium harknessii,True,IPR005304,family,,164,31,164,CONTINUOUS
A0A7J9H715,Ribosomal RNA small subunit methyltransferase NEP1,62,Gohar_004704,34285,Gossypium harknessii,Gossypium harknessii,True,IPR005304,family,,62,1,62,CONTINUOUS
A0A7J9IEZ8,Uncharacterized protein,142,Gohar_027901,34285,Gossypium harknessii,Gossypium harknessii,True,IPR005304,family,,142,23,142,CONTINUOUS
A0A7J9IF26,Ribosomal RNA small subunit methyltransferase NEP1,117,Gohar_027901,34285,Gossypium harknessii,Gossypium harknessii,True,IPR005304,family,,117,1,117,CONTINUOUS
A0A7J9IHL7,Ribosomal RNA small subunit methyltransferase NEP1,140,Gohar_027901,34285,Gossypium harknessii,Gossypium harknessii,True,IPR005304,family,,140,1,140,CONTINUOUS
A0A7J9LXZ9,Ribosomal RNA small subunit methyltransferase NEP1,288,Goshw_020577,34291,Gossypium schwendimanii,Gossypium schwendimanii (Cotton),True,IPR005304,family,,288,31,288,CONTINUOUS
A0A7K4FR96,Ribosomal RNA small subunit methyltransferase Nep1,222,nep1,74969,Ferroplasma acidiphilum,Ferroplasma acidiphilum,True,IPR005304,family,,222,2,215,CONTINUOUS
A0A7K4J8V5,18S rRNA (pseudouridine(1248)-N1)-methyltransferase,155,Emg1,8947,Geococcyx californianus,Geococcyx californianus (Greater roadrunner),True,IPR005304,family,,155,1,154,CONTINUOUS
A0A7K4K7U5,18S rRNA (pseudouridine(1248)-N1)-methyltransferase,206,Emg1,458187,Crypturellus soui,Crypturellus soui,True,IPR005304,family,,206,2,205,CONTINUOUS
A0A7K4L6V5,18S rRNA (pseudouridine(1248)-N1)-methyltransferase,205,Emg1,48396,Crypturellus undulatus,Crypturellus undulatus,True,IPR005304,family,,205,2,204,CONTINUOUS
A0A7K4P5S7,Ribosomal RNA small subunit methyltransferase Nep1,222,nep1,2511932,Marine Group I thaumarchaeote,Marine Group I thaumarchaeote,True,IPR005304,family,,222,2,218,CONTINUOUS
A0A7K4Q199,18S rRNA (pseudouridine(1248)-N1)-methyltransferase,206,Emg1,44397,Melospiza melodia,Melospiza melodia (Song sparrow),True,IPR005304,family,,206,2,206,CONTINUOUS
A0A7K4QIJ8,18S rRNA (pseudouridine(1248)-N1)-methyltransferase,206,Emg1,456388,Neopipo cinnamomea,Neopipo cinnamomea,True,IPR005304,family,,206,2,205,CONTINUOUS
A0A7K4RQA6,18S rRNA (pseudouridine(1248)-N1)-methyltransferase,206,Emg1,115618,Columbina picui,Columbina picui (Picui ground-dove),True,IPR005304,family,,206,2,205,CONTINUOUS
A0A7K4TDE8,18S rRNA (pseudouridine(1248)-N1)-methyltransferase,206,Emg1,240201,Burhinus bistriatus,Burhinus bistriatus,True,IPR005304,family,,206,2,205,CONTINUOUS
A0A7K4UPM4,18S rRNA (pseudouridine(1248)-N1)-methyltransferase,206,Emg1,337173,Sinosuthora webbiana,Sinosuthora webbiana,True,IPR005304,family,,206,2,205,CONTINUOUS
A0A7K4UZD4,18S rRNA (pseudouridine(1248)-N1)-methyltransferase,206,Emg1,337179,Emberiza fucata,Emberiza fucata,True,IPR005304,family,,206,2,206,CONTINUOUS
A0A7K4WMU5,18S rRNA (pseudouridine(1248)-N1)-methyltransferase,206,Emg1,495162,Tachuris rubrigastra,Tachuris rubrigastra,True,IPR005304,family,,206,2,205,CONTINUOUS
A0A7K4XKZ2,18S rRNA (pseudouridine(1248)-N1)-methyltransferase,188,Emg1,13245,Regulus satrapa,Regulus satrapa (Golden-crowned kinglet),True,IPR005304,family,,188,1,187,CONTINUOUS
A0A7K4Z2E1,18S rRNA (pseudouridine(1248)-N1)-methyltransferase,206,Emg1,153643,Bucorvus abyssinicus,Bucorvus abyssinicus (Northern ground-hornbill),True,IPR005304,family,,206,2,205,CONTINUOUS
A0A7K4ZZH8,18S rRNA (pseudouridine(1248)-N1)-methyltransferase,206,Emg1,1118519,Centropus unirufus,Centropus unirufus,True,IPR005304,family,,206,2,205,CONTINUOUS
A0A7K5APH4,18S rRNA (pseudouridine(1248)-N1)-methyltransferase,206,Emg1,463165,Furnarius figulus,Furnarius figulus,True,IPR005304,family,,206,2,205,CONTINUOUS
A0A7K5CKA1,18S rRNA (pseudouridine(1248)-N1)-methyltransferase,155,Emg1,45807,Motacilla alba,Motacilla alba (White wagtail),True,IPR005304,family,,155,1,155,CONTINUOUS
A0A7K5CNZ0,18S rRNA (pseudouridine(1248)-N1)-methyltransferase,206,Emg1,369605,Pachyramphus minor,Pachyramphus minor,True,IPR005304,family,,206,2,205,CONTINUOUS
A0A7K5ETC0,18S rRNA (pseudouridine(1248)-N1)-methyltransferase,206,Emg1,66707,Polioptila caerulea,Polioptila caerulea (Blue-grey gnatcatcher),True,IPR005304,family,,206,2,205,CONTINUOUS
A0A7K5FNF6,18S rRNA (pseudouridine(1248)-N1)-methyltransferase,206,Emg1,141839,Probosciger aterrimus,Probosciger aterrimus (Palm cockatoo),True,IPR005304,family,,206,2,205,CONTINUOUS
A0A7K5H3B0,18S rRNA (pseudouridine(1248)-N1)-methyltransferase,206,Emg1,1352770,Chunga burmeisteri,Chunga burmeisteri (Black-legged seriema),True,IPR005304,family,,206,2,205,CONTINUOUS
A0A7K5HVI3,18S rRNA (pseudouridine(1248)-N1)-methyltransferase,206,Emg1,33598,Crotophaga sulcirostris,Crotophaga sulcirostris (Groove-billed ani),True,IPR005304,family,,206,2,205,CONTINUOUS
A0A7K5IKC0,18S rRNA (pseudouridine(1248)-N1)-methyltransferase,206,Emg1,99882,Toxostoma redivivum,Toxostoma redivivum (California thrasher),True,IPR005304,family,,206,2,205,CONTINUOUS
A0A7K5K4L9,18S rRNA (pseudouridine(1248)-N1)-methyltransferase,206,Emg1,254557,Mionectes macconnelli,Mionectes macconnelli (McConnell's flycatcher),True,IPR005304,family,,206,2,205,CONTINUOUS
A0A7K5LSF3,18S rRNA (pseudouridine(1248)-N1)-methyltransferase,206,Emg1,34956,Vireo altiloquus,Vireo altiloquus (Black-whiskered vireo),True,IPR005304,family,,206,2,205,CONTINUOUS
A0A7K5MBK8,18S rRNA (pseudouridine(1248)-N1)-methyltransferase,206,Emg1,98964,Cardinalis cardinalis,Cardinalis cardinalis (Northern cardinal),True,IPR005304,family,,206,2,206,CONTINUOUS
A0A7K5N325,18S rRNA (pseudouridine(1248)-N1)-methyltransferase,206,Emg1,287016,Chroicocephalus maculipennis,Chroicocephalus maculipennis (Brown-hooded gull),True,IPR005304,family,,206,2,205,CONTINUOUS
A0A7K5PTL6,18S rRNA (pseudouridine(1248)-N1)-methyltransferase,206,Emg1,107208,Erythrocercus mccallii,Erythrocercus mccallii,True,IPR005304,family,,206,2,205,CONTINUOUS
A0A7K5QRF2,18S rRNA (pseudouridine(1248)-N1)-methyltransferase,206,Emg1,670356,Prunella himalayana,Prunella himalayana,True,IPR005304,family,,206,2,205,CONTINUOUS
A0A7K5RZ30,18S rRNA (pseudouridine(1248)-N1)-methyltransferase,206,Emg1,28713,Lanius ludovicianus,Lanius ludovicianus (Loggerhead shrike),True,IPR005304,family,,206,2,205,CONTINUOUS
A0A7K5TF25,18S rRNA (pseudouridine(1248)-N1)-methyltransferase,206,Emg1,571890,Urocynchramus pylzowi,Urocynchramus pylzowi,True,IPR005304,family,,206,2,205,CONTINUOUS
A0A7K5TQ27,18S rRNA (pseudouridine(1248)-N1)-methyltransferase,206,Emg1,114276,Cephalopterus ornatus,Cephalopterus ornatus (Amazonian umbrellabird),True,IPR005304,family,,206,2,205,CONTINUOUS
A0A7K5VPF5,18S rRNA (pseudouridine(1248)-N1)-methyltransferase,206,Emg1,1160851,Platysteira castanea,Platysteira castanea,True,IPR005304,family,,206,2,205,CONTINUOUS
A0A7K5WIN4,18S rRNA (pseudouridine(1248)-N1)-methyltransferase,206,Emg1,208073,Hylia prasina,Hylia prasina (green hylia),True,IPR005304,family,,206,2,205,CONTINUOUS
A0A7K5XJJ7,18S rRNA (pseudouridine(1248)-N1)-methyltransferase,188,Emg1,458190,Dromas ardeola,Dromas ardeola,True,IPR005304,family,,188,1,187,CONTINUOUS
A0A7K5YF91,18S rRNA (pseudouridine(1248)-N1)-methyltransferase,206,Emg1,2585816,Pterocles burchelli,Pterocles burchelli,True,IPR005304,family,,206,2,205,CONTINUOUS
A0A7K5ZEX3,18S rRNA (pseudouridine(1248)-N1)-methyltransferase,206,Emg1,360224,Onychorhynchus coronatus,Onychorhynchus coronatus (Royal flycatcher),True,IPR005304,family,,206,2,205,CONTINUOUS
A0A7K6BDM5,18S rRNA (pseudouridine(1248)-N1)-methyltransferase,188,Emg1,57439,Upupa epops,Upupa epops (Eurasian hoopoe),True,IPR005304,family,,188,1,187,CONTINUOUS
A0A7K6BV34,18S rRNA (pseudouridine(1248)-N1)-methyltransferase,206,Emg1,28724,Ptilonorhynchus violaceus,Ptilonorhynchus violaceus (Satin bowerbird),True,IPR005304,family,,206,2,205,CONTINUOUS
A0A7K6DHN3,18S rRNA (pseudouridine(1248)-N1)-methyltransferase,206,Emg1,720586,Origma solitaria,Origma solitaria,True,IPR005304,family,,206,2,205,CONTINUOUS
A0A7K6EFI0,18S rRNA (pseudouridine(1248)-N1)-methyltransferase,206,Emg1,266360,Grantiella picta,Grantiella picta,True,IPR005304,family,,206,2,205,CONTINUOUS
A0A7K6FWL1,18S rRNA (pseudouridine(1248)-N1)-methyltransferase,206,Emg1,254528,Daphoenositta chrysoptera,Daphoenositta chrysoptera (varied sittella),True,IPR005304,family,,206,2,205,CONTINUOUS
A0A7K6H7J0,18S rRNA (pseudouridine(1248)-N1)-methyltransferase,188,Emg1,720584,Malurus elegans,Malurus elegans (Red-winged fairywren),True,IPR005304,family,,188,1,187,CONTINUOUS
A0A7K6HHJ7,18S rRNA (pseudouridine(1248)-N1)-methyltransferase,206,Emg1,243059,Dasyornis broadbenti,Dasyornis broadbenti (rufous bristle-bird),True,IPR005304,family,,206,2,206,CONTINUOUS
A0A7K6IV31,18S rRNA (pseudouridine(1248)-N1)-methyltransferase,206,Emg1,1160894,Machaerirhynchus nigripectus,Machaerirhynchus nigripectus,True,IPR005304,family,,206,2,206,CONTINUOUS
A0A7K6JRV3,18S rRNA (pseudouridine(1248)-N1)-methyltransferase,204,Emg1,979223,Oreocharis arfaki,Oreocharis arfaki (tit berrypecker),True,IPR005304,family,,204,2,203,CONTINUOUS
A0A7K6LQA5,18S rRNA (pseudouridine(1248)-N1)-methyltransferase,206,Emg1,254539,Falcunculus frontatus,Falcunculus frontatus (Eastern shriketit),True,IPR005304,family,,206,2,205,CONTINUOUS
A0A7K6MKT6,18S rRNA (pseudouridine(1248)-N1)-methyltransferase,206,Emg1,181101,Panurus biarmicus,Panurus biarmicus (Bearded tit),True,IPR005304,family,,206,2,205,CONTINUOUS
A0A7K6NRP9,18S rRNA (pseudouridine(1248)-N1)-methyltransferase,188,Emg1,227192,Pedionomus torquatus,Pedionomus torquatus (Plains-wanderer),True,IPR005304,family,,188,1,187,CONTINUOUS
A0A7K6P2Z4,18S rRNA (pseudouridine(1248)-N1)-methyltransferase,188,Emg1,461245,Ifrita kowaldi,Ifrita kowaldi (blue-capped ifrita),True,IPR005304,family,,188,1,187,CONTINUOUS
A0A7K6QYZ9,18S rRNA (pseudouridine(1248)-N1)-methyltransferase,206,Emg1,47695,Climacteris rufus,Climacteris rufus (rufous treecreeper),True,IPR005304,family,,206,2,205,CONTINUOUS
A0A7K6S8N5,18S rRNA (pseudouridine(1248)-N1)-methyltransferase,206,Emg1,54386,Rhynochetos jubatus,Rhynochetos jubatus (kagu),True,IPR005304,family,,206,2,205,CONTINUOUS
A0A7K6T574,18S rRNA (pseudouridine(1248)-N1)-methyltransferase,206,Emg1,187106,Caloenas nicobarica,Caloenas nicobarica (Nicobar pigeon),True,IPR005304,family,,206,2,205,CONTINUOUS
A0A7K6TU40,18S rRNA (pseudouridine(1248)-N1)-methyltransferase,188,Emg1,48278,Aegotheles bennettii,Aegotheles bennettii,True,IPR005304,family,,188,1,187,CONTINUOUS
A0A7K6UV88,18S rRNA (pseudouridine(1248)-N1)-methyltransferase,206,Emg1,366454,Notiomystis cincta,Notiomystis cincta,True,IPR005304,family,,206,2,205,CONTINUOUS
A0A7K6WFS1,18S rRNA (pseudouridine(1248)-N1)-methyltransferase,206,Emg1,48435,Steatornis caripensis,Steatornis caripensis (Oilbird),True,IPR005304,family,,206,2,205,CONTINUOUS
A0A7K6XNS0,18S rRNA (pseudouridine(1248)-N1)-methyltransferase,206,Emg1,254652,Promerops cafer,Promerops cafer (Cape sugarbird),True,IPR005304,family,,206,2,205,CONTINUOUS
A0A7K6YND1,18S rRNA (pseudouridine(1248)-N1)-methyltransferase,206,Emg1,28689,Alca torda,Alca torda (Razorbill),True,IPR005304,family,,206,2,205,CONTINUOUS
A0A7K7AAE6,18S rRNA (pseudouridine(1248)-N1)-methyltransferase,162,Emg1,2585814,Nothoprocta pentlandii,Nothoprocta pentlandii,True,IPR005304,family,,162,6,161,CONTINUOUS
A0A7K7BIM7,18S rRNA (pseudouridine(1248)-N1)-methyltransferase,188,Emg1,83376,Nothoprocta ornata,Nothoprocta ornata,True,IPR005304,family,,188,1,187,CONTINUOUS
A0A7K7CMU3,18S rRNA (pseudouridine(1248)-N1)-methyltransferase,206,Emg1,39617,Aphelocoma coerulescens,Aphelocoma coerulescens (Florida scrub-jay),True,IPR005304,family,,206,2,205,CONTINUOUS
A0A7K7D740,18S rRNA (pseudouridine(1248)-N1)-methyltransferase,196,Emg1,371919,Pheucticus melanocephalus,Pheucticus melanocephalus (Black-headed grosbeak),True,IPR005304,family,,196,2,196,CONTINUOUS
A0A7K7EMP5,18S rRNA (pseudouridine(1248)-N1)-methyltransferase,206,Emg1,48155,Sylvia atricapilla,Sylvia atricapilla (blackcap),True,IPR005304,family,,206,2,205,CONTINUOUS
A0A7K7FD87,18S rRNA (pseudouridine(1248)-N1)-methyltransferase,206,Emg1,227182,Chionis minor,Chionis minor (Black-faced sheathbill),True,IPR005304,family,,206,2,206,CONTINUOUS
A0A7K7G6G8,18S rRNA (pseudouridine(1248)-N1)-methyltransferase,206,Emg1,37610,Erithacus rubecula,Erithacus rubecula (European robin),True,IPR005304,family,,206,2,205,CONTINUOUS
A0A7K7IC59,18S rRNA (pseudouridine(1248)-N1)-methyltransferase,206,Emg1,64802,Loxia curvirostra,Loxia curvirostra (Red crossbill),True,IPR005304,family,,206,2,206,CONTINUOUS
A0A7K7JEQ3,18S rRNA (pseudouridine(1248)-N1)-methyltransferase,206,Emg1,39638,Agelaius phoeniceus,Agelaius phoeniceus (Red-winged blackbird),True,IPR005304,family,,206,2,206,CONTINUOUS
A0A7K7LMA5,18S rRNA (pseudouridine(1248)-N1)-methyltransferase,206,Emg1,75869,Asarcornis scutulata,Asarcornis scutulata,True,IPR005304,family,,206,2,205,CONTINUOUS
A0A7K7M6Z0,18S rRNA (pseudouridine(1248)-N1)-methyltransferase,206,Emg1,3235156,Brachypodius melanocephalos,Brachypodius melanocephalos (black-headed bulbul),True,IPR005304,family,,206,2,205,CONTINUOUS
A0A7K7NJ07,18S rRNA (pseudouridine(1248)-N1)-methyltransferase,206,Emg1,8969,Haliaeetus albicilla,Haliaeetus albicilla (White-tailed sea-eagle),True,IPR005304,family,,206,2,205,CONTINUOUS
A0A7K7PAT4,18S rRNA (pseudouridine(1248)-N1)-methyltransferase,206,Emg1,39621,Acrocephalus arundinaceus,Acrocephalus arundinaceus (Great reed-warbler),True,IPR005304,family,,206,2,205,CONTINUOUS
A0A7K7QII0,18S rRNA (pseudouridine(1248)-N1)-methyltransferase,206,Emg1,48891,Poecile atricapillus,Poecile atricapillus (Black-capped chickadee),True,IPR005304,family,,206,2,205,CONTINUOUS
A0A7K7S431,18S rRNA (pseudouridine(1248)-N1)-methyltransferase,206,Emg1,381881,Nesospiza acunhae,Nesospiza acunhae,True,IPR005304,family,,206,2,206,CONTINUOUS
A0A7K7SQR8,18S rRNA (pseudouridine(1248)-N1)-methyltransferase,206,Emg1,239371,Sapayoa aenigma,Sapayoa aenigma (broad-billed sapayoa),True,IPR005304,family,,206,2,205,CONTINUOUS
A0A7K7UJ62,18S rRNA (pseudouridine(1248)-N1)-methyltransferase,209,Emg1,425643,Ibidorhyncha struthersii,Ibidorhyncha struthersii,True,IPR005304,family,,209,2,208,CONTINUOUS
A0A7K7VKB5,18S rRNA (pseudouridine(1248)-N1)-methyltransferase,206,Emg1,8805,Eudromia elegans,Eudromia elegans (Elegant crested-tinamou),True,IPR005304,family,,206,2,205,CONTINUOUS
A0A7K7WJ17,18S rRNA (pseudouridine(1248)-N1)-methyltransferase,188,Emg1,2585813,Nothocercus julius,Nothocercus julius,True,IPR005304,family,,188,1,187,CONTINUOUS
A0A7K7XQR2,18S rRNA (pseudouridine(1248)-N1)-methyltransferase,206,Emg1,874463,Mohoua ochrocephala,Mohoua ochrocephala,True,IPR005304,family,,206,2,205,CONTINUOUS
A0A7K7Z2L1,18S rRNA (pseudouridine(1248)-N1)-methyltransferase,206,Emg1,74200,Thryothorus ludovicianus,Thryothorus ludovicianus (Carolina wren),True,IPR005304,family,,206,2,205,CONTINUOUS
A0A7K8ACK6,18S rRNA (pseudouridine(1248)-N1)-methyltransferase,188,Emg1,254552,Melanocharis versteri,Melanocharis versteri (Fan-tailed berrypecker),True,IPR005304,family,,188,1,187,CONTINUOUS
A0A7K8AJW1,18S rRNA (pseudouridine(1248)-N1)-methyltransferase,206,Emg1,254448,Cnemophilus loriae,Cnemophilus loriae (Loria's bird-of-paradise),True,IPR005304,family,,206,2,205,CONTINUOUS
A0A7K8BFQ3,18S rRNA (pseudouridine(1248)-N1)-methyltransferase,206,Emg1,156170,Rhagologus leucostigma,Rhagologus leucostigma,True,IPR005304,family,,206,2,205,CONTINUOUS
A0A7K8D6R4,18S rRNA (pseudouridine(1248)-N1)-methyltransferase,206,Emg1,461239,Eulacestoma nigropectus,Eulacestoma nigropectus (wattled ploughbill),True,IPR005304,family,,206,2,205,CONTINUOUS
A0A7K8DVG7,18S rRNA (pseudouridine(1248)-N1)-methyltransferase,188,Emg1,127929,Leucopsar rothschildi,Leucopsar rothschildi (Bali myna),True,IPR005304,family,,188,1,187,CONTINUOUS
A0A7K8EW43,18S rRNA (pseudouridine(1248)-N1)-methyltransferase,206,Emg1,181839,Struthidea cinerea,Struthidea cinerea,True,IPR005304,family,,206,2,205,CONTINUOUS
A0A7K8GZ80,18S rRNA (pseudouridine(1248)-N1)-methyltransferase,206,Emg1,38397,Orthonyx spaldingii,Orthonyx spaldingii (Chowchilla),True,IPR005304,family,,206,2,205,CONTINUOUS
A0A7K8HY39,18S rRNA (pseudouridine(1248)-N1)-methyltransferase,206,Emg1,461220,Aleadryas rufinucha,Aleadryas rufinucha (rufous-naped whistler),True,IPR005304,family,,206,2,205,CONTINUOUS
A0A7K8J3N4,18S rRNA (pseudouridine(1248)-N1)-methyltransferase,206,Emg1,254446,Chaetorhynchus papuensis,Chaetorhynchus papuensis (pygmy drongo),True,IPR005304,family,,206,2,205,CONTINUOUS
A0A7K8K7X2,18S rRNA (pseudouridine(1248)-N1)-methyltransferase,206,Emg1,172689,Lophotis ruficrista,Lophotis ruficrista,True,IPR005304,family,,206,2,205,CONTINUOUS
A0A7K8L829,18S rRNA (pseudouridine(1248)-N1)-methyltransferase,206,Emg1,89386,Ardeotis kori,Ardeotis kori,True,IPR005304,family,,206,2,205,CONTINUOUS
A0A7K8MKC0,18S rRNA (pseudouridine(1248)-N1)-methyltransferase,206,Emg1,449384,Ptilorrhoa leucosticta,Ptilorrhoa leucosticta,True,IPR005304,family,,206,2,205,CONTINUOUS
A0A7K8NLI5,18S rRNA (pseudouridine(1248)-N1)-methyltransferase,206,Emg1,8787,Casuarius casuarius,Casuarius casuarius (Southern cassowary),True,IPR005304,family,,206,2,205,CONTINUOUS
A0A7K8PSJ0,18S rRNA (pseudouridine(1248)-N1)-methyltransferase,206,Emg1,110676,Cochlearius cochlearius,Cochlearius cochlearius (Boat-billed heron),True,IPR005304,family,,206,3,205,CONTINUOUS
A0A7K8QV57,18S rRNA (pseudouridine(1248)-N1)-methyltransferase,206,Emg1,363769,Smithornis capensis,Smithornis capensis,True,IPR005304,family,,206,2,205,CONTINUOUS
A0A7K8S0S7,18S rRNA (pseudouridine(1248)-N1)-methyltransferase,206,Emg1,58203,Rhodinocichla rosea,Rhodinocichla rosea,True,IPR005304,family,,206,2,206,CONTINUOUS
A0A7K8T337,18S rRNA (pseudouridine(1248)-N1)-methyltransferase,206,Emg1,48426,Nyctibius bracteatus,Nyctibius bracteatus (Rufous potoo),True,IPR005304,family,,206,2,205,CONTINUOUS
A0A7K8TZU2,18S rRNA (pseudouridine(1248)-N1)-methyltransferase,206,Emg1,79653,Oceanites oceanicus,Oceanites oceanicus (Wilson's storm petrel),True,IPR005304,family,,206,2,205,CONTINUOUS
A0A7K8UY95,18S rRNA (pseudouridine(1248)-N1)-methyltransferase,188,Emg1,1118524,Ciccaba nigrolineata,Ciccaba nigrolineata,True,IPR005304,family,,188,1,187,CONTINUOUS
A0A7K8WL64,18S rRNA (pseudouridine(1248)-N1)-methyltransferase,206,Emg1,265632,Sclerurus mexicanus,Sclerurus mexicanus (tawny-throated leaftosser),True,IPR005304,family,,206,2,205,CONTINUOUS
A0A7K8XL45,18S rRNA (pseudouridine(1248)-N1)-methyltransferase,206,Emg1,91767,Eubucco bourcierii,Eubucco bourcierii (red-headed barbet),True,IPR005304,family,,206,2,205,CONTINUOUS
A0A7K8YB67,18S rRNA (pseudouridine(1248)-N1)-methyltransferase,206,Emg1,419690,Sakesphorus luctuosus,Sakesphorus luctuosus,True,IPR005304,family,,206,2,205,CONTINUOUS
A0A7K8ZZF4,18S rRNA (pseudouridine(1248)-N1)-methyltransferase,206,Emg1,117165,Grallaria varia,Grallaria varia (variegated antpitta),True,IPR005304,family,,206,2,205,CONTINUOUS
A0A7K9B3I5,18S rRNA (pseudouridine(1248)-N1)-methyltransferase,206,Emg1,8790,Dromaius novaehollandiae,Dromaius novaehollandiae (Emu),True,IPR005304,family,,206,2,205,CONTINUOUS
A0A7K9C725,18S rRNA (pseudouridine(1248)-N1)-methyltransferase,203,Emg1,2585815,Psilopogon haemacephalus,Psilopogon haemacephalus (coppersmith barbet),True,IPR005304,family,,203,1,203,CONTINUOUS
A0A7K9DLF7,18S rRNA (pseudouridine(1248)-N1)-methyltransferase,206,Emg1,243314,Hemiprocne comata,Hemiprocne comata,True,IPR005304,family,,206,2,205,CONTINUOUS
A0A7K9EWB0,18S rRNA (pseudouridine(1248)-N1)-methyltransferase,205,Emg1,176943,Baryphthengus martii,Baryphthengus martii (Rufous motmot),True,IPR005304,family,,205,2,204,CONTINUOUS
A0A7K9FTG2,18S rRNA (pseudouridine(1248)-N1)-methyltransferase,206,Emg1,54059,Stercorarius parasiticus,Stercorarius parasiticus (Parasitic jaeger),True,IPR005304,family,,206,2,205,CONTINUOUS
A0A7K9G6E7,18S rRNA (pseudouridine(1248)-N1)-methyltransferase,206,Emg1,96539,Loxia leucoptera,Loxia leucoptera (White-winged crossbill),True,IPR005304,family,,206,2,206,CONTINUOUS
A0A7K9HK42,18S rRNA (pseudouridine(1248)-N1)-methyltransferase,205,Emg1,135168,Bucco capensis,Bucco capensis (collared puffbird),True,IPR005304,family,,205,2,204,CONTINUOUS
A0A7K9IKB3,18S rRNA (pseudouridine(1248)-N1)-methyltransferase,189,Emg1,381031,Myiagra hebetior,Myiagra hebetior,True,IPR005304,family,,189,1,188,CONTINUOUS
A0A7K9KJP2,18S rRNA (pseudouridine(1248)-N1)-methyltransferase,206,Emg1,667154,Dicaeum eximium,Dicaeum eximium,True,IPR005304,family,,206,2,205,CONTINUOUS
A0A7K9L536,18S rRNA (pseudouridine(1248)-N1)-methyltransferase,206,Emg1,237438,Rhabdornis inornatus,Rhabdornis inornatus,True,IPR005304,family,,206,2,205,CONTINUOUS
A0A7K9MSV0,18S rRNA (pseudouridine(1248)-N1)-methyltransferase,206,Emg1,79633,Oceanodroma tethys,Oceanodroma tethys (Wedge-rumped storm-petrel),True,IPR005304,family,,206,3,205,CONTINUOUS
A0A7K9NS74,18S rRNA (pseudouridine(1248)-N1)-methyltransferase,155,Emg1,2585810,Edolisoma coerulescens,Edolisoma coerulescens,True,IPR005304,family,,155,1,154,CONTINUOUS
A0A7K9PL09,18S rRNA (pseudouridine(1248)-N1)-methyltransferase,188,Emg1,449367,Pachycephala philippinensis,Pachycephala philippinensis (yellow-belllied whistler),True,IPR005304,family,,188,1,187,CONTINUOUS
A0A7K9QPW8,18S rRNA (pseudouridine(1248)-N1)-methyltransferase,206,Emg1,175120,Irena cyanogastra,Irena cyanogastra (Philippine fairy-bluebird),True,IPR005304,family,,206,2,205,CONTINUOUS
A0A7K9RUI0,18S rRNA (pseudouridine(1248)-N1)-methyltransferase,188,Emg1,2585820,Sterrhoptilus dennistouni,Sterrhoptilus dennistouni,True,IPR005304,family,,188,1,187,CONTINUOUS
A0A7K9SG98,18S rRNA (pseudouridine(1248)-N1)-methyltransferase,205,Emg1,1109041,Galbula dea,Galbula dea,True,IPR005304,family,,205,2,204,CONTINUOUS
A0A7K9TV95,18S rRNA (pseudouridine(1248)-N1)-methyltransferase,155,Emg1,176938,Chloroceryle aenea,Chloroceryle aenea (American pygmy kingfisher),True,IPR005304,family,,155,1,154,CONTINUOUS
A0A7K9VCI0,18S rRNA (pseudouridine(1248)-N1)-methyltransferase,206,Emg1,8851,Anseranas semipalmata,Anseranas semipalmata (Magpie goose),True,IPR005304,family,,206,2,205,CONTINUOUS
A0A7K9WSV5,18S rRNA (pseudouridine(1248)-N1)-methyltransferase,206,Emg1,667186,Rhipidura dahli,Rhipidura dahli,True,IPR005304,family,,206,2,205,CONTINUOUS
A0A7K9X7P8,18S rRNA (pseudouridine(1248)-N1)-methyltransferase,206,Emg1,54359,Psophia crepitans,Psophia crepitans (common trumpeter),True,IPR005304,family,,206,2,205,CONTINUOUS
A0A7K9YLE5,18S rRNA (pseudouridine(1248)-N1)-methyltransferase,206,Emg1,886794,Odontophorus gujanensis,Odontophorus gujanensis (marbled wood quail),True,IPR005304,family,,206,2,205,CONTINUOUS
A0A7K9ZPH8,18S rRNA (pseudouridine(1248)-N1)-methyltransferase,206,Emg1,450177,Dicrurus megarhynchus,Dicrurus megarhynchus,True,IPR005304,family,,206,2,206,CONTINUOUS
A0A7L0ASQ2,18S rRNA (pseudouridine(1248)-N1)-methyltransferase,206,Emg1,52777,Ciconia maguari,Ciconia maguari,True,IPR005304,family,,206,3,205,CONTINUOUS
A0A7L0BBH3,18S rRNA (pseudouridine(1248)-N1)-methyltransferase,206,Emg1,252798,Spizaetus tyrannus,Spizaetus tyrannus (black hawk-eagle),True,IPR005304,family,,206,2,205,CONTINUOUS
A0A7L0DKM0,18S rRNA (pseudouridine(1248)-N1)-methyltransferase,206,Emg1,118793,Rostratula benghalensis,Rostratula benghalensis (greater painted-snipe),True,IPR005304,family,,206,2,205,CONTINUOUS
A0A7L0E6K4,18S rRNA (pseudouridine(1248)-N1)-methyltransferase,206,Emg1,56311,Trogon melanurus,Trogon melanurus (Black-tailed trogon),True,IPR005304,family,,206,2,205,CONTINUOUS
A0A7L0FT74,18S rRNA (pseudouridine(1248)-N1)-methyltransferase,206,Emg1,103956,Corythaixoides concolor,Corythaixoides concolor (Grey go-away-bird),True,IPR005304,family,,206,2,205,CONTINUOUS
A0A7L0H3J5,18S rRNA (pseudouridine(1248)-N1)-methyltransferase,206,Emg1,56343,Herpetotheres cachinnans,Herpetotheres cachinnans (Laughing falcon),True,IPR005304,family,,206,2,205,CONTINUOUS
A0A7L0HDK2,18S rRNA (pseudouridine(1248)-N1)-methyltransferase,206,Emg1,54971,Arenaria interpres,Arenaria interpres (Ruddy turnstone),True,IPR005304,family,,206,2,205,CONTINUOUS
A0A7L0J7K4,18S rRNA (pseudouridine(1248)-N1)-methyltransferase,206,Emg1,114369,Piprites chloris,Piprites chloris (Wing-barred manakin),True,IPR005304,family,,206,2,205,CONTINUOUS
A0A7L0JML3,18S rRNA (pseudouridine(1248)-N1)-methyltransferase,206,Emg1,30388,Chauna torquata,Chauna torquata (Southern screamer),True,IPR005304,family,,206,2,205,CONTINUOUS
A0A7L0L6N7,18S rRNA (pseudouridine(1248)-N1)-methyltransferase,206,Emg1,208069,Sylvietta virens,Sylvietta virens (Green crombec),True,IPR005304,family,,206,2,205,CONTINUOUS
A0A7L0LST4,18S rRNA (pseudouridine(1248)-N1)-methyltransferase,206,Emg1,175529,Amazona guildingii,Amazona guildingii,True,IPR005304,family,,206,2,205,CONTINUOUS
A0A7L0N7K2,18S rRNA (pseudouridine(1248)-N1)-methyltransferase,206,Emg1,1118560,Formicarius rufipectus,Formicarius rufipectus,True,IPR005304,family,,206,2,206,CONTINUOUS
A0A7L0PUC1,18S rRNA (pseudouridine(1248)-N1)-methyltransferase,206,Emg1,1118748,Mesembrinibis cayennensis,Mesembrinibis cayennensis,True,IPR005304,family,,206,2,205,CONTINUOUS
A0A7L0QBE5,18S rRNA (pseudouridine(1248)-N1)-methyltransferase,206,Emg1,298831,Setophaga kirtlandii,Setophaga kirtlandii (Kirtland's warbler),True,IPR005304,family,,206,2,206,CONTINUOUS
A0A7L0RKZ6,18S rRNA (pseudouridine(1248)-N1)-methyltransferase,206,Emg1,78217,Glaucidium brasilianum,Glaucidium brasilianum (Ferruginous pygmy-owl),True,IPR005304,family,,206,2,206,CONTINUOUS
A0A7L0SX98,18S rRNA (pseudouridine(1248)-N1)-methyltransferase,206,Emg1,9252,Podilymbus podiceps,Podilymbus podiceps (Pied-billed grebe),True,IPR005304,family,,206,2,205,CONTINUOUS
A0A7L0UK72,18S rRNA (pseudouridine(1248)-N1)-methyltransferase,185,Emg1,118183,Chordeiles acutipennis,Chordeiles acutipennis (Lesser nighthawk),True,IPR005304,family,,185,2,179,CONTINUOUS
A0A7L0VTC9,18S rRNA (pseudouridine(1248)-N1)-methyltransferase,206,Emg1,2585812,Leptocoma aspasia,Leptocoma aspasia,True,IPR005304,family,,206,2,206,CONTINUOUS
A0A7L0WV69,18S rRNA (pseudouridine(1248)-N1)-methyltransferase,188,Emg1,81907,Alectura lathami,Alectura lathami (Australian brush turkey),True,IPR005304,family,,188,1,187,CONTINUOUS
A0A7L0X085,18S rRNA (pseudouridine(1248)-N1)-methyltransferase,206,Emg1,137541,Tyrannus savana,Tyrannus savana (Fork-tailed flycatcher),True,IPR005304,family,,206,2,205,CONTINUOUS
A0A7L0Y7E0,18S rRNA (pseudouridine(1248)-N1)-methyltransferase,206,Emg1,441696,Ploceus nigricollis,Ploceus nigricollis,True,IPR005304,family,,206,2,205,CONTINUOUS
A0A7L0ZVD5,18S rRNA (pseudouridine(1248)-N1)-methyltransferase,206,Emg1,114331,Oxyruncus cristatus,Oxyruncus cristatus (sharpbill),True,IPR005304,family,,206,2,205,CONTINUOUS
A0A7L1ACJ4,18S rRNA (pseudouridine(1248)-N1)-methyltransferase,206,Emg1,9132,Gymnorhina tibicen,Gymnorhina tibicen (Australian magpie),True,IPR005304,family,,206,2,205,CONTINUOUS
A0A7L1C9S6,18S rRNA (pseudouridine(1248)-N1)-methyltransferase,199,Emg1,201329,Illadopsis cleaveri,Illadopsis cleaveri (blackcap illadopsis),True,IPR005304,family,,199,1,198,CONTINUOUS
A0A7L1D888,18S rRNA (pseudouridine(1248)-N1)-methyltransferase,188,Emg1,239386,Serilophus lunatus,Serilophus lunatus (silver-breasted broadbill),True,IPR005304,family,,188,1,187,CONTINUOUS
A0A7L1E1A7,18S rRNA (pseudouridine(1248)-N1)-methyltransferase,206,Emg1,279966,Oenanthe oenanthe,Oenanthe oenanthe (Northern wheatear),True,IPR005304,family,,206,2,205,CONTINUOUS
A0A7L1EVG4,18S rRNA (pseudouridine(1248)-N1)-methyltransferase,205,Emg1,73324,Sylvia borin,Sylvia borin (Garden warbler),True,IPR005304,family,,205,2,204,CONTINUOUS
A0A7L1GRI0,18S rRNA (pseudouridine(1248)-N1)-methyltransferase,206,Emg1,545262,Indicator maculatus,Indicator maculatus (spotted honeyguide),True,IPR005304,family,,206,2,205,CONTINUOUS
A0A7L1H7H8,18S rRNA (pseudouridine(1248)-N1)-methyltransferase,206,Emg1,227226,Nycticryphes semicollaris,Nycticryphes semicollaris,True,IPR005304,family,,206,2,205,CONTINUOUS
A0A7L1IHS3,18S rRNA (pseudouridine(1248)-N1)-methyltransferase,188,Emg1,240209,Smutsornis africanus,Smutsornis africanus (Double-banded courser),True,IPR005304,family,,188,1,187,CONTINUOUS
A0A7L1KA64,18S rRNA (pseudouridine(1248)-N1)-methyltransferase,206,Emg1,227184,Rynchops niger,Rynchops niger (Black skimmer),True,IPR005304,family,,206,2,205,CONTINUOUS
A0A7L1LIH5,18S rRNA (pseudouridine(1248)-N1)-methyltransferase,206,Emg1,225398,Himantopus himantopus,Himantopus himantopus (Black-winged stilt),True,IPR005304,family,,206,2,205,CONTINUOUS
A0A7L1MPH5,18S rRNA (pseudouridine(1248)-N1)-methyltransferase,206,Emg1,125297,Bombycilla garrulus,Bombycilla garrulus (Bohemian waxwing),True,IPR005304,family,,206,2,205,CONTINUOUS
A0A7L1NUI9,18S rRNA (pseudouridine(1248)-N1)-methyltransferase,206,Emg1,113115,Rhinopomastus cyanomelas,Rhinopomastus cyanomelas (Common scimitarbill),True,IPR005304,family,,206,2,205,CONTINUOUS
A0A7L1PVZ9,18S rRNA (pseudouridine(1248)-N1)-methyltransferase,206,Emg1,181099,Oriolus oriolus,Oriolus oriolus (Eurasian golden oriole),True,IPR005304,family,,206,2,205,CONTINUOUS
A0A7L1Q847,18S rRNA (pseudouridine(1248)-N1)-methyltransferase,155,Emg1,52622,Cisticola juncidis,Cisticola juncidis,True,IPR005304,family,,155,1,154,CONTINUOUS
A0A7L1RW54,18S rRNA (pseudouridine(1248)-N1)-methyltransferase,206,Emg1,3150915,Helopsaltes ochotensis,Helopsaltes ochotensis (Middendorff's grasshopper-warbler),True,IPR005304,family,,206,2,205,CONTINUOUS
A0A7L1TCI3,18S rRNA (pseudouridine(1248)-N1)-methyltransferase,205,Emg1,54356,Aramus guarauna,Aramus guarauna (Limpkin),True,IPR005304,family,,205,2,204,CONTINUOUS
A0A7L1UFJ1,18S rRNA (pseudouridine(1248)-N1)-methyltransferase,188,Emg1,161653,Phainopepla nitens,Phainopepla nitens (Phainopepla),True,IPR005304,family,,188,1,187,CONTINUOUS
A0A7L1V0D4,18S rRNA (pseudouridine(1248)-N1)-methyltransferase,206,Emg1,50251,Sitta europaea,Sitta europaea (Eurasian nuthatch),True,IPR005304,family,,206,2,206,CONTINUOUS
A0A7L1W1R6,18S rRNA (pseudouridine(1248)-N1)-methyltransferase,206,Emg1,73330,Certhia brachydactyla,Certhia brachydactyla (short-toed tree-creeper),True,IPR005304,family,,206,2,205,CONTINUOUS
A0A7L1X7R6,18S rRNA (pseudouridine(1248)-N1)-methyltransferase,206,Emg1,161742,Thinocorus orbignyianus,Thinocorus orbignyianus,True,IPR005304,family,,206,2,205,CONTINUOUS
A0A7L1YVP1,18S rRNA (pseudouridine(1248)-N1)-methyltransferase,207,Emg1,312124,Scytalopus superciliaris,Scytalopus superciliaris,True,IPR005304,family,,207,2,207,CONTINUOUS
A0A7L1ZJ09,18S rRNA (pseudouridine(1248)-N1)-methyltransferase,206,Emg1,36275,Leiothrix lutea,Leiothrix lutea (Red-billed leiothrix),True,IPR005304,family,,206,2,205,CONTINUOUS
A0A7L2AQI1,NEP1 methyltransferase,109,Emg1,54369,Heliornis fulica,Heliornis fulica (sungrebe),True,IPR005304,family,,109,2,108,CONTINUOUS
A0A7L2BN41,18S rRNA (pseudouridine(1248)-N1)-methyltransferase,206,Emg1,670337,Alaudala cheleensis,Alaudala cheleensis (Asian short-toed lark),True,IPR005304,family,,206,2,205,CONTINUOUS
A0A7L2D4V8,18S rRNA (pseudouridine(1248)-N1)-methyltransferase,206,Emg1,159581,Catharus fuscescens,Catharus fuscescens (Veery),True,IPR005304,family,,206,2,205,CONTINUOUS
A0A7L2DYU0,18S rRNA (pseudouridine(1248)-N1)-methyltransferase,206,Emg1,156561,Anthoscopus minutus,Anthoscopus minutus (Southern penduline-tit),True,IPR005304,family,,206,2,205,CONTINUOUS
A0A7L2EV32,18S rRNA (pseudouridine(1248)-N1)-methyltransferase,206,Emg1,64278,Quiscalus mexicanus,Quiscalus mexicanus (Great-tailed grackle),True,IPR005304,family,,206,2,206,CONTINUOUS
A0A7L2GJT2,18S rRNA (pseudouridine(1248)-N1)-methyltransferase,206,Emg1,48427,Nyctibius grandis,Nyctibius grandis (Great potoo),True,IPR005304,family,,206,2,205,CONTINUOUS
A0A7L2H4R3,18S rRNA (pseudouridine(1248)-N1)-methyltransferase,206,Emg1,56258,Sagittarius serpentarius,Sagittarius serpentarius (Secretary bird),True,IPR005304,family,,206,2,205,CONTINUOUS
A0A7L2I350,18S rRNA (pseudouridine(1248)-N1)-methyltransferase,206,Emg1,91796,Semnornis frantzii,Semnornis frantzii,True,IPR005304,family,,206,2,205,CONTINUOUS
A0A7L2JQN4,18S rRNA (pseudouridine(1248)-N1)-methyltransferase,206,Emg1,161649,Cinclus mexicanus,Cinclus mexicanus (American dipper),True,IPR005304,family,,206,2,205,CONTINUOUS
A0A7L2KAF4,18S rRNA (pseudouridine(1248)-N1)-methyltransferase,206,Emg1,2485327,Zosterops hypoxanthus,Zosterops hypoxanthus,True,IPR005304,family,,206,2,205,CONTINUOUS
A0A7L2LJ18,18S rRNA (pseudouridine(1248)-N1)-methyltransferase,206,Emg1,68497,Hippolais icterina,Hippolais icterina (icterine warbler),True,IPR005304,family,,206,2,205,CONTINUOUS
A0A7L2MLT5,18S rRNA (pseudouridine(1248)-N1)-methyltransferase,206,Emg1,2585818,Rhadina sibilatrix,Rhadina sibilatrix,True,IPR005304,family,,206,2,205,CONTINUOUS
A0A7L2PE73,18S rRNA (pseudouridine(1248)-N1)-methyltransferase,206,Emg1,182897,Pycnonotus jocosus,Pycnonotus jocosus (Red-whiskered bulbul),True,IPR005304,family,,206,2,205,CONTINUOUS
A0A7L2Q7M9,18S rRNA (pseudouridine(1248)-N1)-methyltransferase,206,Emg1,589841,Hypocryptadius cinnamomeus,Hypocryptadius cinnamomeus,True,IPR005304,family,,206,2,205,CONTINUOUS
A0A7L2R5F8,NEP1 methyltransferase,120,Emg1,98144,Oxylabes madagascariensis,Oxylabes madagascariensis (white-throated Oxylabes),True,IPR005304,family,,120,2,120,CONTINUOUS
A0A7L2TGA0,18S rRNA (pseudouridine(1248)-N1)-methyltransferase,206,Emg1,9176,Pomatostomus ruficeps,Pomatostomus ruficeps (Chestnut-crowned babbler),True,IPR005304,family,,206,2,205,CONTINUOUS
A0A7L2UHJ7,18S rRNA (pseudouridine(1248)-N1)-methyltransferase,206,Emg1,33584,Balaeniceps rex,Balaeniceps rex (Shoebill),True,IPR005304,family,,206,2,205,CONTINUOUS
A0A7L2V3H1,18S rRNA (pseudouridine(1248)-N1)-methyltransferase,206,Emg1,135165,Brachypteracias leptosomus,Brachypteracias leptosomus (short-legged ground-roller),True,IPR005304,family,,206,2,205,CONTINUOUS
A0A7L2X2Q3,18S rRNA (pseudouridine(1248)-N1)-methyltransferase,205,Emg1,56262,Pandion haliaetus,Pandion haliaetus (Osprey),True,IPR005304,family,,205,2,204,CONTINUOUS
A0A7L2XQJ4,18S rRNA (pseudouridine(1248)-N1)-methyltransferase,206,Emg1,1112836,Erpornis zantholeuca,Erpornis zantholeuca,True,IPR005304,family,,206,2,205,CONTINUOUS
A0A7L2YXJ1,18S rRNA (pseudouridine(1248)-N1)-methyltransferase,206,Emg1,54508,Jacana jacana,Jacana jacana (Wattled jacana),True,IPR005304,family,,206,2,205,CONTINUOUS
A0A7L3A5K1,NEP1 methyltransferase,129,Emg1,670355,Prunella fulvescens,Prunella fulvescens (Brown accentor),True,IPR005304,family,,129,15,129,CONTINUOUS
A0A7L3BAH8,18S rRNA (pseudouridine(1248)-N1)-methyltransferase,206,Emg1,302527,Syrrhaptes paradoxus,Syrrhaptes paradoxus (Pallas's sandgrouse),True,IPR005304,family,,206,2,205,CONTINUOUS
A0A7L3C702,18S rRNA (pseudouridine(1248)-N1)-methyltransferase,206,Emg1,37079,Pelecanoides urinatrix,Pelecanoides urinatrix (Common diving petrel),True,IPR005304,family,,206,2,205,CONTINUOUS
A0A7L3CZI7,18S rRNA (pseudouridine(1248)-N1)-methyltransferase,155,Emg1,227228,Pluvianellus socialis,Pluvianellus socialis (Magellanic plover),True,IPR005304,family,,155,1,155,CONTINUOUS
A0A7L3FN47,18S rRNA (pseudouridine(1248)-N1)-methyltransferase,206,Emg1,2585822,Zapornia atra,Zapornia atra (Henderson crake),True,IPR005304,family,,206,2,205,CONTINUOUS
A0A7L3GS62,18S rRNA (pseudouridine(1248)-N1)-methyltransferase,206,Emg1,317792,Anhinga rufa,Anhinga rufa (African darter),True,IPR005304,family,,206,3,205,CONTINUOUS
A0A7L3GZB6,18S rRNA (pseudouridine(1248)-N1)-methyltransferase,206,Emg1,245048,Buphagus erythrorhynchus,Buphagus erythrorhynchus (red-billed oxpecker),True,IPR005304,family,,206,2,205,CONTINUOUS
A0A7L3INS1,18S rRNA (pseudouridine(1248)-N1)-methyltransferase,188,Emg1,254575,Pardalotus punctatus,Pardalotus punctatus (spotted pardalote),True,IPR005304,family,,188,1,188,CONTINUOUS
A0A7L3JPB1,18S rRNA (pseudouridine(1248)-N1)-methyltransferase,206,Emg1,54017,Thalassarche chlororhynchos,Thalassarche chlororhynchos (Atlantic yellow-nosed albatross),True,IPR005304,family,,206,3,205,CONTINUOUS
A0A7L3K6L3,18S rRNA (pseudouridine(1248)-N1)-methyltransferase,210,Emg1,626378,Drymodes brunneopygia,Drymodes brunneopygia,False,IPR005304,family,,210,2,209,CONTINUOUS
A0A7L3LQS8,18S rRNA (pseudouridine(1248)-N1)-methyltransferase,206,Emg1,2529409,Turnix velox,Turnix velox (Little buttonquail),True,IPR005304,family,,206,2,205,CONTINUOUS
A0A7L3NUJ2,18S rRNA (pseudouridine(1248)-N1)-methyltransferase,188,Emg1,689266,Oreotrochilus melanogaster,Oreotrochilus melanogaster,False,IPR005304,family,,188,1,187,CONTINUOUS
A0A7L3P2V9,18S rRNA (pseudouridine(1248)-N1)-methyltransferase,206,Emg1,269412,Xiphorhynchus elegans,Xiphorhynchus elegans (elegant woodcreeper),True,IPR005304,family,,206,2,205,CONTINUOUS
A0A7L3R0Y0,18S rRNA (pseudouridine(1248)-N1)-methyltransferase,206,Emg1,68486,Cettia cetti,Cettia cetti,True,IPR005304,family,,206,2,205,CONTINUOUS
A0A7L3S0J8,18S rRNA (pseudouridine(1248)-N1)-methyltransferase,206,Emg1,28697,Cepphus grylle,Cepphus grylle (Black guillemot),True,IPR005304,family,,206,2,206,CONTINUOUS
A0A7L3TAT0,18S rRNA (pseudouridine(1248)-N1)-methyltransferase,203,Emg1,75485,Rissa tridactyla,Rissa tridactyla (Black-legged kittiwake),True,IPR005304,family,,203,1,202,CONTINUOUS
A0A7L3U7J6,18S rRNA (pseudouridine(1248)-N1)-methyltransferase,206,Emg1,13746,Uria aalge,Uria aalge (Common mure),True,IPR005304,family,,206,2,205,CONTINUOUS
A0A7L3V1A6,18S rRNA (pseudouridine(1248)-N1)-methyltransferase,206,Emg1,84834,Molothrus ater,Molothrus ater (Brown-headed cowbird),True,IPR005304,family,,206,2,206,CONTINUOUS
A0A7L3W4Q9,18S rRNA (pseudouridine(1248)-N1)-methyltransferase,206,Emg1,2478892,Atlantisia rogersi,Atlantisia rogersi (Inaccessible Island rail),True,IPR005304,family,,206,2,205,CONTINUOUS
A0A7L3YBJ1,18S rRNA (pseudouridine(1248)-N1)-methyltransferase,206,Emg1,1323832,Calonectris borealis,Calonectris borealis (Cory's shearwater),True,IPR005304,family,,206,2,205,CONTINUOUS
A0A7L3Z3H1,18S rRNA (pseudouridine(1248)-N1)-methyltransferase,206,Emg1,79628,Fregetta grallaria,Fregetta grallaria (White-bellied storm-petrel),True,IPR005304,family,,206,2,205,CONTINUOUS
A0A7L4A7I9,18S rRNA (pseudouridine(1248)-N1)-methyltransferase,206,Emg1,321084,Circaetus pectoralis,Circaetus pectoralis (black-chested snake-eagle),True,IPR005304,family,,206,2,205,CONTINUOUS
A0A7L4B3T3,18S rRNA (pseudouridine(1248)-N1)-methyltransferase,206,Emg1,297813,Phaetusa simplex,Phaetusa simplex (large-billed tern),True,IPR005304,family,,206,2,205,CONTINUOUS
A0A7L4CCS3,18S rRNA (pseudouridine(1248)-N1)-methyltransferase,206,Emg1,382315,Nyctiprogne leucopyga,Nyctiprogne leucopyga,True,IPR005304,family,,206,2,205,CONTINUOUS
A0A7L4DS08,18S rRNA (pseudouridine(1248)-N1)-methyltransferase,206,Emg1,325343,Eurystomus gularis,Eurystomus gularis,True,IPR005304,family,,206,2,205,CONTINUOUS
A0A7L4F419,NEP1 methyltransferase,222,Emg1,43150,Hirundo rustica,Hirundo rustica (Barn swallow),True,IPR005304,family,,222,2,221,CONTINUOUS
A0A7L4G0C5,18S rRNA (pseudouridine(1248)-N1)-methyltransferase,206,Emg1,2953425,Pampusana beccarii,Pampusana beccarii (Western bronze ground-dove),True,IPR005304,family,,206,2,205,CONTINUOUS
A0A7L4HDG0,18S rRNA (pseudouridine(1248)-N1)-methyltransferase,206,Emg1,8905,Podargus strigoides,Podargus strigoides (Tawny frogmouth),True,IPR005304,family,,206,2,205,CONTINUOUS
A0A7L4IF31,NEP1 methyltransferase,120,Emg1,33581,Scopus umbretta,Scopus umbretta (Hammerkop),True,IPR005304,family,,120,3,120,CONTINUOUS
A0A7L4J7Y9,18S rRNA (pseudouridine(1248)-N1)-methyltransferase,206,Emg1,932028,Pomatorhinus ruficollis,Pomatorhinus ruficollis (streak-breasted scimitar babbler),True,IPR005304,family,,206,2,205,CONTINUOUS
A0A7L4K9H9,18S rRNA (pseudouridine(1248)-N1)-methyltransferase,206,Emg1,1961834,Ceuthmochares aereus,Ceuthmochares aereus,True,IPR005304,family,,206,2,205,CONTINUOUS
A0A7L4LL35,18S rRNA (pseudouridine(1248)-N1)-methyltransferase,206,Emg1,1347786,Callaeas wilsoni,Callaeas wilsoni (North Island kokako),True,IPR005304,family,,206,2,205,CONTINUOUS
A0A7L4MJP6,18S rRNA (pseudouridine(1248)-N1)-methyltransferase,188,Emg1,43316,Glareola pratincola,Glareola pratincola (Collared pratincole),True,IPR005304,family,,188,1,187,CONTINUOUS
A0A7L4N646,18S rRNA (pseudouridine(1248)-N1)-methyltransferase,215,Emg1,390723,Ceyx cyanopectus,Ceyx cyanopectus (Indigo-banded kingfisher),True,IPR005304,family,,215,2,214,CONTINUOUS
A0A7L4PCF5,Ribosomal RNA small subunit methyltransferase Nep1,221,nep1,121277,Pyrobaculum arsenaticum,Pyrobaculum arsenaticum,True,IPR005304,family,,221,1,216,CONTINUOUS
A0A7L9FGQ8,Ribosomal RNA small subunit methyltransferase Nep1,230,nep1,2776706,Infirmifilum lucidum,Infirmifilum lucidum,True,IPR005304,family,,230,3,224,CONTINUOUS
A0A7M1US42,Ribosomal RNA small subunit methyltransferase Nep1,227,nep1,3402707,Thermosphaera chiliense,Thermosphaera chiliense,True,IPR005304,family,,227,4,221,CONTINUOUS
A0A7M4EAE8,18S rRNA (pseudouridine(1248)-N1)-methyltransferase,226,EMG1,8502,Crocodylus porosus,Crocodylus porosus (Saltwater crocodile),True,IPR005304,family,,226,17,225,CONTINUOUS
A0A7M5VEV3,Ribosomal RNA small subunit methyltransferase NEP1,226,,252671,Clytia hemisphaerica,Clytia hemisphaerica,True,IPR005304,family,,226,9,225,CONTINUOUS
A0A7M7JLD8,18S rRNA (pseudouridine-N1)-methyltransferase,201,,109461,Varroa destructor,Varroa destructor (Honeybee mite),True,IPR005304,family,,201,10,182,CONTINUOUS
A0A7M7JMF5,Ribosomal RNA small subunit methyltransferase NEP1,204,,109461,Varroa destructor,Varroa destructor (Honeybee mite),True,IPR005304,family,,204,38,204,CONTINUOUS
A0A7M7MDF8,18S rRNA (pseudouridine-N1)-methyltransferase,240,,109461,Varroa destructor,Varroa destructor (Honeybee mite),True,IPR005304,family,,240,10,240,CONTINUOUS
A0A7M7PAF6,Ribosomal RNA small subunit methyltransferase NEP1,238,,7668,Strongylocentrotus purpuratus,Strongylocentrotus purpuratus (Purple sea urchin),True,IPR005304,family,,238,12,232,CONTINUOUS
A0A7M7Q3F6,18S rRNA (pseudouridine-N1)-methyltransferase,240,,7425,Nasonia vitripennis,Nasonia vitripennis (Parasitic wasp),True,IPR005304,family,,240,7,240,CONTINUOUS
A0A7M7R5T6,18S rRNA (pseudouridine-N1)-methyltransferase,234,409857,7460,Apis mellifera,Apis mellifera (Honeybee),True,IPR005304,family,,234,6,234,CONTINUOUS
A0A7N0V227,Ribosomal RNA small subunit methyltransferase NEP1,284,,63787,Kalanchoe fedtschenkoi,Kalanchoe fedtschenkoi (Lavender scallops),True,IPR005304,family,,284,32,283,CONTINUOUS
A0A7N0VGD3,Ribosomal RNA small subunit methyltransferase NEP1,276,,63787,Kalanchoe fedtschenkoi,Kalanchoe fedtschenkoi (Lavender scallops),True,IPR005304,family,,276,33,275,CONTINUOUS
A0A7N1A692,Ribosomal RNA small subunit methyltransferase NEP1,322,,63787,Kalanchoe fedtschenkoi,Kalanchoe fedtschenkoi (Lavender scallops),True,IPR005304,family,,322,66,321,CONTINUOUS
A0A7N2LLL5,Ribosomal RNA small subunit methyltransferase NEP1,275,,97700,Quercus lobata,Quercus lobata (Valley oak),True,IPR005304,family,,275,31,251,CONTINUOUS
A0A7N2MDI3,Ribosomal RNA small subunit methyltransferase NEP1,271,LOC115958561,97700,Quercus lobata,Quercus lobata (Valley oak),True,IPR005304,family,,271,25,271,CONTINUOUS
A0A7N2N9U1,Ribosomal RNA small subunit methyltransferase NEP1,270,,97700,Quercus lobata,Quercus lobata (Valley oak),True,IPR005304,family,,270,31,251,CONTINUOUS
A0A7N2R7E0,Uncharacterized protein,366,,97700,Quercus lobata,Quercus lobata (Valley oak),True,IPR005304,family,,366,48,263,CONTINUOUS
A0A7N6BK00,18S rRNA (pseudouridine(1248)-N1)-methyltransferase,237,EMG1,64144,Anabas testudineus,Anabas testudineus (Climbing perch),True,IPR005304,family,,237,14,236,CONTINUOUS
A0A7R7VVP9,Ribosomal RNA small subunit methyltransferase NEP1,259,EMG1,182096,Aspergillus chevalieri,Aspergillus chevalieri,True,IPR005304,family,,259,37,259,CONTINUOUS
A0A7R8AMS2,Nucleolar essential protein 1,255,EMG1,1220207,Aspergillus puulaauensis,Aspergillus puulaauensis,True,IPR005304,family,,255,33,255,CONTINUOUS
A0A7R8CPT4,18S rRNA (pseudouridine-N1)-methyltransferase,154,LSAA_7386,72036,Lepeophtheirus salmonis,Lepeophtheirus salmonis (Salmon louse),True,IPR005304,family,,154,1,153,CONTINUOUS
A0A7R8UXC8,18S rRNA (pseudouridine-N1)-methyltransferase,239,HERILL_LOCUS10358,343691,Hermetia illucens,Hermetia illucens (Black soldier fly),True,IPR005304,family,,239,5,239,CONTINUOUS
A0A7R8ZEA0,18S rRNA (pseudouridine-N1)-methyltransferase,236,TDIB3V08_LOCUS12400,61478,Timema douglasi,Timema douglasi (Walking stick),True,IPR005304,family,,236,20,236,CONTINUOUS
A0A7R8ZJB7,18S rRNA (pseudouridine-N1)-methyltransferase,235,CTOB1V02_LOCUS1549,163714,Cyprideis torosa,Cyprideis torosa,True,IPR005304,family,,235,4,235,CONTINUOUS
A0A7R9A7P1,Ribosomal RNA small subunit methyltransferase NEP1,171,DSTB1V02_LOCUS7310,69355,Darwinula stevensoni,Darwinula stevensoni,True,IPR005304,family,,171,55,170,CONTINUOUS
A0A7R9AHW8,Ribosomal RNA small subunit methyltransferase NEP1,53,DSTB1V02_LOCUS13973,69355,Darwinula stevensoni,Darwinula stevensoni,True,IPR005304,family,,53,3,53,CONTINUOUS
A0A7R9B9C9,18S rRNA (pseudouridine-N1)-methyltransferase,151,TSIB3V08_LOCUS12343,629360,Timema shepardi,Timema shepardi (Walking stick),True,IPR005304,family,,151,1,151,CONTINUOUS
A0A7R9DG62,18S rRNA (pseudouridine-N1)-methyltransferase,151,TCEB3V08_LOCUS11595,61476,Timema cristinae,Timema cristinae (Walking stick),True,IPR005304,family,,151,1,151,CONTINUOUS
A0A7R9FRL1,Ribosomal RNA small subunit methyltransferase NEP1,118,DSTB1V02_LOCUS12276,69355,Darwinula stevensoni,Darwinula stevensoni,True,IPR005304,family,,118,4,118,CONTINUOUS
A0A7R9GL29,18S rRNA (pseudouridine-N1)-methyltransferase,236,NMOB1V02_LOCUS11950,399045,Notodromas monacha,Notodromas monacha,True,IPR005304,family,,236,6,235,CONTINUOUS
A0A7R9HDM6,18S rRNA (pseudouridine-N1)-methyltransferase,236,TPSB3V08_LOCUS11838,170557,Timema poppense,Timema poppense (Walking stick),True,IPR005304,family,,236,20,236,CONTINUOUS
A0A7R9HV22,18S rRNA (pseudouridine-N1)-methyltransferase,236,TMSB3V08_LOCUS12148,170555,Timema monikensis,Timema monikensis,True,IPR005304,family,,236,20,236,CONTINUOUS
A0A7R9IUG9,18S rRNA (pseudouridine-N1)-methyltransferase,151,TTEB3V08_LOCUS12764,61484,Timema tahoe,Timema tahoe,True,IPR005304,family,,151,1,151,CONTINUOUS
A0A7R9KKX8,18S rRNA (pseudouridine-N1)-methyltransferase,256,OSB1V03_LOCUS4335,1979941,Medioppia subpectinata,Medioppia subpectinata,True,IPR005304,family,,256,26,255,CONTINUOUS
A0A7R9LDF1,Ribosomal RNA small subunit methyltransferase NEP1,109,ONB1V03_LOCUS2115,334625,Oppiella nova,Oppiella nova,True,IPR005304,family,,109,1,108,CONTINUOUS
A0A7R9LDK4,Uncharacterized protein,116,ONB1V03_LOCUS2116,334625,Oppiella nova,Oppiella nova,True,IPR005304,family,,116,11,94,CONTINUOUS
A0A7R9MQA6,Uncharacterized protein,138,ONB1V03_LOCUS21141,334625,Oppiella nova,Oppiella nova,True,IPR005304,family,,138,17,138,CONTINUOUS
A0A7R9PEJ9,18S rRNA (pseudouridine-N1)-methyltransferase,198,TCMB3V08_LOCUS12679,61474,Timema californicum,Timema californicum (California timema),True,IPR005304,family,,198,20,198,CONTINUOUS
A0A7R9PT38,18S rRNA (pseudouridine-N1)-methyltransferase,317,TGEB3V08_LOCUS11589,629358,Timema genevievae,Timema genevievae (Walking stick),True,IPR005304,family,,317,21,233,CONTINUOUS
A0A7R9V8V0,Ribosomal RNA small subunit methyltransferase NEP1,229,CEUR00632_LOCUS8203,1486919,Chlamydomonas euryale,Chlamydomonas euryale,True,IPR005304,family,,229,13,229,CONTINUOUS
A0A7R9W9I7,Ribosomal RNA small subunit methyltransferase NEP1,266,TDUB1175_LOCUS17080,2749911,Pseudictyota dubia,Pseudictyota dubia,True,IPR005304,family,,266,38,266,CONTINUOUS
A0A7S0A1X1,Ribosomal RNA small subunit methyltransferase NEP1,245,RSET0789_LOCUS285,3005,Sundstroemia setigera,Sundstroemia setigera,True,IPR005304,family,,245,14,245,CONTINUOUS
A0A7S0BQJ6,Ribosomal RNA small subunit methyltransferase NEP1,165,RMAR0315_LOCUS10409,101924,Rhodosorus marinus,Rhodosorus marinus,True,IPR005304,family,,165,32,164,CONTINUOUS
A0A7S0BQR3,Ribosomal RNA small subunit methyltransferase NEP1,275,RMAR0315_LOCUS10408,101924,Rhodosorus marinus,Rhodosorus marinus,True,IPR005304,family,,275,32,274,CONTINUOUS
A0A7S0D7K8,Ribosomal RNA small subunit methyltransferase NEP1,247,LAMO00422_LOCUS8504,1561963,Amorphochlora amoebiformis,Amorphochlora amoebiformis,True,IPR005304,family,,247,18,247,CONTINUOUS
A0A7S0DBV2,Ribosomal RNA small subunit methyltransferase NEP1,223,MSP1401_LOCUS11428,38833,Micromonas pusilla,Micromonas pusilla (Picoplanktonic green alga),True,IPR005304,family,,223,14,222,CONTINUOUS
A0A7S0DG47,Ribosomal RNA small subunit methyltransferase NEP1,146,LAMO00422_LOCUS12894,1561963,Amorphochlora amoebiformis,Amorphochlora amoebiformis,True,IPR005304,family,,146,1,142,CONTINUOUS
A0A7S0HQ06,Ribosomal RNA small subunit methyltransferase NEP1,264,PANT1444_LOCUS10719,33657,Phaeocystis antarctica,Phaeocystis antarctica,True,IPR005304,family,,264,37,263,CONTINUOUS
A0A7S0JCA5,Ribosomal RNA small subunit methyltransferase NEP1,294,CLEP1334_LOCUS21521,127549,Calcidiscus leptoporus,Calcidiscus leptoporus,True,IPR005304,family,,294,66,293,CONTINUOUS
A0A7S0QBZ7,Ribosomal RNA small subunit methyltransferase NEP1,302,CPEL01642_LOCUS25263,221442,Coccolithus braarudii,Coccolithus braarudii,True,IPR005304,family,,302,68,301,CONTINUOUS
A0A7S0QGU6,Ribosomal RNA small subunit methyltransferase NEP1,227,CCUR1050_LOCUS7599,233186,Cryptomonas curvata,Cryptomonas curvata,True,IPR005304,family,,227,5,227,CONTINUOUS
A0A7S0RDD6,Ribosomal RNA small subunit methyltransferase NEP1,227,POBO1169_LOCUS12147,1411642,Pyramimonas obovata,Pyramimonas obovata,True,IPR005304,family,,227,11,227,CONTINUOUS
A0A7S0RIM2,Ribosomal RNA small subunit methyltransferase NEP1,231,CLEI1391_LOCUS8155,1034604,Chlamydomonas leiostraca,Chlamydomonas leiostraca,True,IPR005304,family,,231,11,231,CONTINUOUS
A0A7S0TCC3,Uncharacterized protein,123,EMAR1385_LOCUS978,933848,Elphidium margaritaceum,Elphidium margaritaceum,True,IPR005304,family,,123,1,123,CONTINUOUS
A0A7S0TET7,Uncharacterized protein,146,EMAR1385_LOCUS986,933848,Elphidium margaritaceum,Elphidium margaritaceum,True,IPR005304,family,,146,23,146,CONTINUOUS
A0A7S0ZKE1,Ribosomal RNA small subunit methyltransferase NEP1,241,TOLI1172_LOCUS8987,708627,Timspurckia oligopyrenoides,Timspurckia oligopyrenoides,True,IPR005304,family,,241,77,239,CONTINUOUS
A0A7S1C0B5,Ribosomal RNA small subunit methyltransferase NEP1,261,CHYS00102_LOCUS28910,216773,Corethron hystrix,Corethron hystrix,True,IPR005304,family,,261,16,261,CONTINUOUS
A0A7S1CFT7,Ribosomal RNA small subunit methyltransferase NEP1,230,BSP0115_LOCUS11386,1486930,Bicosoecida sp. CB-2014,Bicosoecida sp. CB-2014,True,IPR005304,family,,230,17,230,CONTINUOUS
A0A7S1G1N4,Ribosomal RNA small subunit methyltransferase NEP1,188,CHYS00102_LOCUS28909,216773,Corethron hystrix,Corethron hystrix,True,IPR005304,family,,188,4,188,CONTINUOUS
A0A7S1IBB6,Ribosomal RNA small subunit methyltransferase NEP1,242,EGYM00392_LOCUS18113,73025,Eutreptiella gymnastica,Eutreptiella gymnastica,True,IPR005304,family,,242,11,235,CONTINUOUS
A0A7S1SIU2,Uncharacterized protein,143,TCHU04912_LOCUS158,63592,Tetraselmis chuii,Tetraselmis chuii,True,IPR005304,family,,143,1,142,CONTINUOUS
A0A7S1VGW9,Ribosomal RNA small subunit methyltransferase NEP1,181,SSP0437_LOCUS7432,1486929,Sexangularia sp. CB-2014,Sexangularia sp. CB-2014,True,IPR005304,family,,181,35,181,CONTINUOUS
A0A7S1W1G2,Uncharacterized protein,420,ACAT0790_LOCUS28232,2925,Alexandrium catenella,Alexandrium catenella (Red tide dinoflagellate),True,IPR005304,family,,420,228,392,CONTINUOUS
A0A7S1YQR7,Uncharacterized protein,155,DBRI1063_LOCUS2739,49249,Ditylum brightwellii,Ditylum brightwellii,True,IPR005304,family,,155,31,155,CONTINUOUS
A0A7S2CNH1,Uncharacterized protein,106,AAND1436_LOCUS19252,327968,Alexandrium andersonii,Alexandrium andersonii,True,IPR005304,family,,106,2,96,CONTINUOUS
A0A7S2E5A6,Uncharacterized protein,114,DBRI1063_LOCUS2738,49249,Ditylum brightwellii,Ditylum brightwellii,True,IPR005304,family,,114,1,114,CONTINUOUS
A0A7S2MGP7,Uncharacterized protein,108,AAND1436_LOCUS33451,327968,Alexandrium andersonii,Alexandrium andersonii,True,IPR005304,family,,108,1,107,CONTINUOUS
A0A7S2T517,Ribosomal RNA small subunit methyltransferase NEP1,237,CPRI1469_LOCUS7918,1764295,Chloropicon primus,Chloropicon primus,True,IPR005304,family,,237,15,236,CONTINUOUS
A0A7S2TXL2,Uncharacterized protein,257,LSP00402_LOCUS16685,641309,Lotharella oceanica,Lotharella oceanica,True,IPR005304,family,,257,40,256,CONTINUOUS
A0A7S2WTR9,Ribosomal RNA small subunit methyltransferase NEP1,241,RMAR1173_LOCUS18282,1034831,Rhizochromulina marina,Rhizochromulina marina,True,IPR005304,family,,241,4,241,CONTINUOUS
A0A7S2YC93,Ribosomal RNA small subunit methyltransferase NEP1,290,APAL1065_LOCUS12612,265537,Entomoneis paludosa,Entomoneis paludosa,True,IPR005304,family,,290,25,290,CONTINUOUS
A0A7S2Z1Y3,Ribosomal RNA small subunit methyltransferase NEP1,209,CLAU1311_LOCUS3817,464258,Chloropicon laureae,Chloropicon laureae,True,IPR005304,family,,209,2,208,CONTINUOUS
A0A7S3A1P6,Ribosomal RNA small subunit methyltransferase NEP1,249,RMAR00112_LOCUS26902,101924,Rhodosorus marinus,Rhodosorus marinus,True,IPR005304,family,,249,21,244,CONTINUOUS
A0A7S3A2Y4,Ribosomal RNA small subunit methyltransferase NEP1,196,RMAR00112_LOCUS26900,101924,Rhodosorus marinus,Rhodosorus marinus,True,IPR005304,family,,196,20,163,CONTINUOUS
A0A7S3A4Y6,Ribosomal RNA small subunit methyltransferase NEP1,274,RMAR00112_LOCUS26898,101924,Rhodosorus marinus,Rhodosorus marinus,True,IPR005304,family,,274,21,273,CONTINUOUS
A0A7S3EJJ1,Ribosomal RNA small subunit methyltransferase NEP1,206,RMAR00112_LOCUS26896,101924,Rhodosorus marinus,Rhodosorus marinus,True,IPR005304,family,,206,21,203,CONTINUOUS
A0A7S3FRF0,Ribosomal RNA small subunit methyltransferase NEP1,260,CROS1456_LOCUS6483,1461544,Chloropicon roscoffensis,Chloropicon roscoffensis,True,IPR005304,family,,260,44,259,CONTINUOUS
A0A7S3HLX2,Ribosomal RNA small subunit methyltransferase NEP1,244,SELO1098_LOCUS28227,89044,Spumella elongata,Spumella elongata,True,IPR005304,family,,244,18,244,CONTINUOUS
A0A7S3IEG5,Uncharacterized protein,134,SINC0208_LOCUS1907,197538,Strombidium inclinatum,Strombidium inclinatum,True,IPR005304,family,,134,1,107,CONTINUOUS
A0A7S3IWV0,Uncharacterized protein,112,SINC0208_LOCUS15742,197538,Strombidium inclinatum,Strombidium inclinatum,True,IPR005304,family,,112,1,112,CONTINUOUS
A0A7S3J0V9,Uncharacterized protein,100,EHAR0213_LOCUS380,151035,Euplotes harpa,Euplotes harpa,True,IPR005304,family,,100,11,100,CONTINUOUS
A0A7S3KT86,Uncharacterized protein,259,ECRA1380_LOCUS14844,5936,Euplotes crassus,Euplotes crassus,True,IPR005304,family,,259,19,259,CONTINUOUS
A0A7S3L0R0,Uncharacterized protein,110,ACOF00016_LOCUS3999,265554,Amphora coffeiformis,Amphora coffeiformis,True,IPR005304,family,,110,1,110,CONTINUOUS
A0A7S3N5U8,Ribosomal RNA small subunit methyltransferase NEP1,208,EHAR0213_LOCUS2377,151035,Euplotes harpa,Euplotes harpa,True,IPR005304,family,,208,7,207,CONTINUOUS
A0A7S3NDP7,Ribosomal RNA small subunit methyltransferase NEP1,249,ALAG00032_LOCUS1130,44058,Aureoumbra lagunensis,Aureoumbra lagunensis,True,IPR005304,family,,249,15,248,CONTINUOUS
A0A7S3Q0K3,Ribosomal RNA small subunit methyltransferase NEP1,358,CDEB00056_LOCUS6639,122233,Chaetoceros debilis,Chaetoceros debilis,True,IPR005304,family,,358,104,358,CONTINUOUS
A0A7S3T734,Ribosomal RNA small subunit methyltransferase NEP1,242,SACU0126_LOCUS22850,141414,Strombidinopsis acuminata,Strombidinopsis acuminata,True,IPR005304,family,,242,1,180,CONTINUOUS
A0A7S3U526,Uncharacterized protein,163,SACU0126_LOCUS34623,141414,Strombidinopsis acuminata,Strombidinopsis acuminata,True,IPR005304,family,,163,2,157,CONTINUOUS
A0A7S3Z835,Ribosomal RNA small subunit methyltransferase NEP1,277,LGLO00237_LOCUS26096,91324,Lotharella globosa,Lotharella globosa,True,IPR005304,family,,277,62,276,CONTINUOUS
A0A7S4EY60,Ribosomal RNA small subunit methyltransferase NEP1,261,PCAR00345_LOCUS12721,13221,Chrysotila carterae,Chrysotila carterae (Marine alga),True,IPR005304,family,,261,25,259,CONTINUOUS
A0A7S4FRR5,Uncharacterized protein,121,EGYM00163_LOCUS22747,73025,Eutreptiella gymnastica,Eutreptiella gymnastica,True,IPR005304,family,,121,28,121,CONTINUOUS
A0A7S4MGS3,Uncharacterized protein,226,VSP0166_LOCUS9166,1487602,Vannella robusta,Vannella robusta,True,IPR005304,family,,226,10,226,CONTINUOUS
A0A7S7LHA7,Uncharacterized protein,246,CPATCC_001767,5807,Cryptosporidium parvum,Cryptosporidium parvum,True,IPR005304,family,,246,13,246,CONTINUOUS
A0A7S8D8Y6,Ribosomal RNA small subunit methyltransferase NEP1,259,HYE67_006331,5516,Fusarium culmorum,Fusarium culmorum,True,IPR005304,family,,259,37,259,CONTINUOUS
A0A7S9PS05,Nucleolar essential protein 1,263,EMG1,877507,Epichloe festucae (strain Fl1),Epichloe festucae (strain Fl1),True,IPR005304,family,,263,38,263,CONTINUOUS
A0A7T6XV40,RNA processing protein Emg1,259,Pdw03_5467,36651,Penicillium digitatum,Penicillium digitatum (Green mold),True,IPR005304,family,,259,17,259,CONTINUOUS
A0A7U2I364,Nucleolar essential protein 1,274,JI435_122630,321614,Phaeosphaeria nodorum (strain SN15 / ATCC MYA-4574 / FGSC 10173),Phaeosphaeria nodorum (strain SN15 / ATCC MYA-4574 / FGSC 10173) (Glume blotch fungus),True,IPR005304,family,,274,31,273,CONTINUOUS
A0A803KXH5,Ribosomal RNA small subunit methyltransferase NEP1,250,,63459,Chenopodium quinoa,Chenopodium quinoa (Quinoa),True,IPR005304,family,,250,37,250,CONTINUOUS
A0A803LJM0,Ribosomal RNA small subunit methyltransferase NEP1,230,,63459,Chenopodium quinoa,Chenopodium quinoa (Quinoa),True,IPR005304,family,,230,26,223,CONTINUOUS
A0A803LNN4,Uncharacterized protein,222,,63459,Chenopodium quinoa,Chenopodium quinoa (Quinoa),True,IPR005304,family,,222,75,219,CONTINUOUS
A0A803LT63,Uncharacterized protein,132,,63459,Chenopodium quinoa,Chenopodium quinoa (Quinoa),True,IPR005304,family,,132,2,132,CONTINUOUS
A0A803LZJ8,Uncharacterized protein,257,,63459,Chenopodium quinoa,Chenopodium quinoa (Quinoa),True,IPR005304,family,,257,59,246,CONTINUOUS
A0A803LZJ9,Uncharacterized protein,139,,63459,Chenopodium quinoa,Chenopodium quinoa (Quinoa),True,IPR005304,family,,139,43,119,CONTINUOUS
A0A803LZY5,Uncharacterized protein,254,LOC110714774,63459,Chenopodium quinoa,Chenopodium quinoa (Quinoa),True,IPR005304,family,,254,74,254,CONTINUOUS
A0A803M264,Ribosomal RNA small subunit methyltransferase NEP1,257,,63459,Chenopodium quinoa,Chenopodium quinoa (Quinoa),True,IPR005304,family,,257,26,227,CONTINUOUS
A0A803M265,Uncharacterized protein,281,,63459,Chenopodium quinoa,Chenopodium quinoa (Quinoa),True,IPR005304,family,,281,24,250,CONTINUOUS
A0A803M267,Uncharacterized protein,353,,63459,Chenopodium quinoa,Chenopodium quinoa (Quinoa),True,IPR005304,family,,353,60,290,CONTINUOUS
A0A803M630,Ribosomal RNA small subunit methyltransferase NEP1,254,,63459,Chenopodium quinoa,Chenopodium quinoa (Quinoa),True,IPR005304,family,,254,26,247,CONTINUOUS
A0A803PVW8,Ribosomal RNA small subunit methyltransferase NEP1,260,,3483,Cannabis sativa,Cannabis sativa (Hemp),True,IPR005304,family,,260,18,208,CONTINUOUS
A0A803QPJ3,Uncharacterized protein,261,LOC115701331,3483,Cannabis sativa,Cannabis sativa (Hemp),True,IPR005304,family,,261,41,251,CONTINUOUS
A0A803QPJ4,Uncharacterized protein,262,LOC115701331,3483,Cannabis sativa,Cannabis sativa (Hemp),True,IPR005304,family,,262,41,252,CONTINUOUS
A0A803QPJ5,Ribosomal RNA small subunit methyltransferase NEP1,155,LOC115701331,3483,Cannabis sativa,Cannabis sativa (Hemp),True,IPR005304,family,,155,1,155,CONTINUOUS
A0A803VND6,EMG1 N1-specific pseudouridine methyltransferase,107,,59894,Ficedula albicollis,Ficedula albicollis (Collared flycatcher),True,IPR005304,family,,107,18,76,CONTINUOUS
A0A803Y7Q6,18S rRNA (pseudouridine(1248)-N1)-methyltransferase,214,EMG1,9103,Meleagris gallopavo,Meleagris gallopavo (Wild turkey),True,IPR005304,family,,214,6,213,CONTINUOUS
A0A803YCN3,18S rRNA (pseudouridine(1248)-N1)-methyltransferase,226,EMG1,9103,Meleagris gallopavo,Meleagris gallopavo (Wild turkey),True,IPR005304,family,,226,17,225,CONTINUOUS
A0A803YSA6,18S rRNA (pseudouridine(1248)-N1)-methyltransferase,295,EMG1,9103,Meleagris gallopavo,Meleagris gallopavo (Wild turkey),True,IPR005304,family,,295,64,294,CONTINUOUS
A0A804IVH5,(wild Malaysian banana) hypothetical protein,137,GSMUA_135900.1,214687,Musa acuminata subsp. malaccensis,Musa acuminata subsp. malaccensis (Wild banana),True,IPR005304,family,,137,59,129,CONTINUOUS
A0A804KYB2,Nucleolar essential protein,288,GSMUA_323210.1,214687,Musa acuminata subsp. malaccensis,Musa acuminata subsp. malaccensis (Wild banana),True,IPR005304,family,,288,55,287,CONTINUOUS
A0A804PL46,Ribosomal RNA small subunit methyltransferase NEP1,266,LOC100282562,4577,Zea mays,Zea mays (Maize),True,IPR005304,family,,266,52,265,CONTINUOUS
A0A804PMN2,Ribosomal RNA small subunit methyltransferase NEP1,228,LOC100282562,4577,Zea mays,Zea mays (Maize),True,IPR005304,family,,228,52,215,CONTINUOUS
A0A804U8T7,Nucleolar essential protein-related,283,LOC100282562,4577,Zea mays,Zea mays (Maize),True,IPR005304,family,,283,52,282,CONTINUOUS
A0A811K5V8,18S rRNA (pseudouridine-N1)-methyltransferase,228,BOKJ2_LOCUS3350,465554,Bursaphelenchus okinawaensis,Bursaphelenchus okinawaensis,True,IPR005304,family,,228,5,224,CONTINUOUS
A0A811PE66,Ribosomal RNA small subunit methyltransferase NEP1,285,NCGR_LOCUS28414,422564,Miscanthus lutarioriparius,Miscanthus lutarioriparius,True,IPR005304,family,,285,52,284,CONTINUOUS
A0A811PIQ4,Uncharacterized protein,304,NCGR_LOCUS31495,422564,Miscanthus lutarioriparius,Miscanthus lutarioriparius,True,IPR005304,family,,304,49,285,CONTINUOUS
A0A811PQH7,Ribosomal RNA small subunit methyltransferase NEP1,279,NCGR_LOCUS33838,422564,Miscanthus lutarioriparius,Miscanthus lutarioriparius,True,IPR005304,family,,279,48,278,CONTINUOUS
A0A811Q1N3,Uncharacterized protein,287,NCGR_LOCUS34846,422564,Miscanthus lutarioriparius,Miscanthus lutarioriparius,True,IPR005304,family,,287,49,286,CONTINUOUS
A0A811Y112,18S rRNA (pseudouridine(1248)-N1)-methyltransferase,244,NYPRO_LOCUS3253,34880,Nyctereutes procyonoides,Nyctereutes procyonoides (Raccoon dog),True,IPR005304,family,,244,12,244,CONTINUOUS
A0A812DF85,Ribosomal RNA small subunit methyltransferase NEP1,170,SPHA_53042,158019,Acanthosepion pharaonis,Acanthosepion pharaonis (Pharaoh cuttlefish),True,IPR005304,family,,170,62,169,CONTINUOUS
A0A812F3S0,Ribosomal RNA small subunit methyltransferase Nep1,222,nep,1407055,Candidatus Nitrosotenuis uzonensis,Candidatus Nitrosotenuis uzonensis,True,IPR005304,family,,222,2,218,CONTINUOUS
A0A812H4L8,Uncharacterized protein,148,SNAT2548_LOCUS1189,878477,Symbiodinium natans,Symbiodinium natans,True,IPR005304,family,,148,3,140,CONTINUOUS
A0A812I623,Mra1 protein,240,mra1,878477,Symbiodinium natans,Symbiodinium natans,True,IPR005304,family,,240,129,198,CONTINUOUS
A0A812PWX7,Ribosomal RNA small subunit methyltransferase NEP1,165,mra1,1628268,Symbiodinium necroappetens,Symbiodinium necroappetens,True,IPR005304,family,,165,1,165,CONTINUOUS
A0A812UGX5,PDZ domain-containing protein,1238,SNEC2469_LOCUS16810,1628268,Symbiodinium necroappetens,Symbiodinium necroappetens,True,IPR005304,family,,1238,95,206,CONTINUOUS
A0A813FC58,Ribosomal RNA small subunit methyltransferase NEP1,276,PGLA1383_LOCUS28963,89957,Polarella glacialis,Polarella glacialis (Dinoflagellate),True,IPR005304,family,,276,26,276,CONTINUOUS
A0A813PMQ2,Ribosomal RNA small subunit methyltransferase NEP1,242,GPM918_LOCUS1205,1234261,Didymodactylos carnosus,Didymodactylos carnosus,True,IPR005304,family,,242,8,242,CONTINUOUS
A0A813R8X1,Ribosomal RNA small subunit methyltransferase NEP1,268,OXX778_LOCUS5285,104777,Brachionus calyciflorus,Brachionus calyciflorus,True,IPR005304,family,,268,18,268,CONTINUOUS
A0A813SGB6,Ribosomal RNA small subunit methyltransferase NEP1,256,EDS130_LOCUS4591,249248,Adineta ricciae,Adineta ricciae (Rotifer),True,IPR005304,family,,256,19,256,CONTINUOUS
A0A813YC10,Ribosomal RNA small subunit methyltransferase NEP1,275,XAT740_LOCUS7057,249248,Adineta ricciae,Adineta ricciae (Rotifer),True,IPR005304,family,,275,44,275,CONTINUOUS
A0A814GXN3,Uncharacterized protein,332,JYZ213_LOCUS16087,433720,Adineta steineri,Adineta steineri,False,IPR005304,family,,332,12,326,CONTINUOUS
A0A814SV15,Ribosomal RNA small subunit methyltransferase NEP1,263,JBS370_LOCUS10297,392033,Rotaria sordida,Rotaria sordida,True,IPR005304,family,,263,17,263,CONTINUOUS
A0A814VFT1,Uncharacterized protein,138,JYZ213_LOCUS25995,433720,Adineta steineri,Adineta steineri,False,IPR005304,family,,138,41,138,CONTINUOUS
A0A814WGK8,Ribosomal RNA small subunit methyltransferase NEP1,250,BYL167_LOCUS8302,392030,Rotaria magnacalcarata,Rotaria magnacalcarata,True,IPR005304,family,,250,10,250,CONTINUOUS
A0A814Y806,Ribosomal RNA small subunit methyltransferase NEP1,258,QVE165_LOCUS25688,433720,Adineta steineri,Adineta steineri,True,IPR005304,family,,258,12,258,CONTINUOUS
A0A816DW83,Ribosomal RNA small subunit methyltransferase NEP1,256,XAT740_LOCUS52996,249248,Adineta ricciae,Adineta ricciae (Rotifer),True,IPR005304,family,,256,12,256,CONTINUOUS
A0A816PHR1,(rape) hypothetical protein,295,DARMORV10_A09P49930.1,3708,Brassica napus,Brassica napus (Rape),True,IPR005304,family,,295,50,295,CONTINUOUS
A0A816S8J4,Ribosomal RNA small subunit methyltransferase NEP1,262,WKI299_LOCUS16436,392030,Rotaria magnacalcarata,Rotaria magnacalcarata,True,IPR005304,family,,262,10,262,CONTINUOUS
A0A816UCS7,(rape) hypothetical protein,292,DARMORV10_C08P32330.1,3708,Brassica napus,Brassica napus (Rape),True,IPR005304,family,,292,49,292,CONTINUOUS
A0A816Y550,Ribosomal RNA small subunit methyltransferase NEP1,262,UXM345_LOCUS17301,392030,Rotaria magnacalcarata,Rotaria magnacalcarata,True,IPR005304,family,,262,10,262,CONTINUOUS
A0A818CKI7,Ribosomal RNA small subunit methyltransferase NEP1,262,TOA249_LOCUS18207,392032,Rotaria socialis,Rotaria socialis,True,IPR005304,family,,262,10,262,CONTINUOUS
A0A818GCZ1,Ribosomal RNA small subunit methyltransferase NEP1,258,OXD698_LOCUS544,433720,Adineta steineri,Adineta steineri,True,IPR005304,family,,258,12,258,CONTINUOUS
A0A819FNV8,Ribosomal RNA small subunit methyltransferase NEP1,262,FNK824_LOCUS9938,392033,Rotaria sordida,Rotaria sordida,True,IPR005304,family,,262,17,262,CONTINUOUS
A0A821N8W0,18S rRNA (pseudouridine-N1)-methyltransferase,236,PMACD_LOCUS2470,345717,Pieris macdunnoughi,Pieris macdunnoughi,True,IPR005304,family,,236,1,235,CONTINUOUS
A0A830BV79,Ribosomal RNA small subunit methyltransferase NEP1,344,PHJA_001329700,374723,Phtheirospermum japonicum,Phtheirospermum japonicum,True,IPR005304,family,,344,98,344,CONTINUOUS
A0A830C1W8,Ribosomal RNA small subunit methyltransferase NEP1,251,PHJA_001605100,374723,Phtheirospermum japonicum,Phtheirospermum japonicum,True,IPR005304,family,,251,20,250,CONTINUOUS
A0A830C420,Ribosomal RNA small subunit methyltransferase NEP1,282,PHJA_001433500,374723,Phtheirospermum japonicum,Phtheirospermum japonicum,True,IPR005304,family,,282,44,282,CONTINUOUS
A0A830EIU8,Ribosomal RNA small subunit methyltransferase Nep1,228,nep1,1293586,Vulcanisaeta souniana JCM 11219,Vulcanisaeta souniana JCM 11219,True,IPR005304,family,,228,3,223,CONTINUOUS
A0A830GT11,16S rRNA (pseudouridine-N1-)-methyltransferase Nep1,205,GCM10007981_01540,62609,Thermocladium modestius,Thermocladium modestius,True,IPR005304,family,,205,2,200,CONTINUOUS
A0A830HK86,Ribosomal RNA small subunit methyltransferase NEP1,310,PPROV_000629600,41880,Pycnococcus provasolii,Pycnococcus provasolii,True,IPR005304,family,,310,68,310,CONTINUOUS
A0A832WDG3,Ribosomal RNA small subunit methyltransferase Nep1,219,nep1,111955,Sulfurisphaera tokodaii,Sulfurisphaera tokodaii,True,IPR005304,family,,219,3,215,CONTINUOUS
A0A832WIN2,Ribosomal RNA small subunit methyltransferase Nep1,229,nep1,53953,Pyrococcus horikoshii,Pyrococcus horikoshii,True,IPR005304,family,,229,3,222,CONTINUOUS
A0A832WS13,Ribosomal RNA small subunit methyltransferase Nep1,231,nep1,2320,Methanopyrus kandleri,Methanopyrus kandleri,True,IPR005304,family,,231,2,225,CONTINUOUS
A0A832ZUS8,Ribosomal RNA small subunit methyltransferase Nep1,232,nep1,1273541,Pyrodictium delaneyi,Pyrodictium delaneyi,True,IPR005304,family,,232,4,222,CONTINUOUS
A0A832ZWQ9,Ribosomal RNA small subunit methyltransferase Nep1,227,nep1,311458,Caldiarchaeum subterraneum,Caldiarchaeum subterraneum,True,IPR005304,family,,227,4,224,CONTINUOUS
A0A833E1Y4,Ribosomal RNA small subunit methyltransferase Nep1,218,nep1,582419,Thermococcus paralvinellae,Thermococcus paralvinellae,True,IPR005304,family,,218,2,212,CONTINUOUS
A0A833QU90,Ribosomal RNA small subunit methyltransferase NEP1,295,FCM35_KLT02332,544730,Carex littledalei,Carex littledalei,True,IPR005304,family,,295,48,294,CONTINUOUS
A0A833RYL7,Ribosomal RNA small subunit methyltransferase NEP1,211,E2986_00980,561572,Frieseomelitta varia,Frieseomelitta varia,True,IPR005304,family,,211,4,205,CONTINUOUS
A0A833WG83,Ribosome biogenesis protein NEP1,219,GN958_ATG13120,4787,Phytophthora infestans,Phytophthora infestans (Potato late blight agent),True,IPR005304,family,,219,5,219,CONTINUOUS
A0A833XQL4,Ribosomal RNA small subunit methyltransferase NEP1,286,F2P56_006165,51240,Juglans regia,Juglans regia (English walnut),True,IPR005304,family,,286,47,286,CONTINUOUS
A0A833Y0G6,Ribosomal RNA small subunit methyltransferase NEP1-like,126,F2P56_006166,51240,Juglans regia,Juglans regia (English walnut),True,IPR005304,family,,126,9,126,CONTINUOUS
A0A834FJ48,18S rRNA (pseudouridine(1248)-N1)-methyltransferase,237,FQA47_012131,30732,Oryzias melastigma,Oryzias melastigma (Marine medaka),True,IPR005304,family,,237,5,237,CONTINUOUS
A0A834GEZ7,Ribosomal RNA small subunit methyltransferase NEP1,281,RHSIM_Rhsim09G0125200,118357,Rhododendron simsii,Rhododendron simsii (Sims's rhododendron),True,IPR005304,family,,281,30,280,CONTINUOUS
A0A834H5P1,Ribosomal RNA small subunit methyltransferase NEP1,271,RHSIM_Rhsim04G0110900,118357,Rhododendron simsii,Rhododendron simsii (Sims's rhododendron),True,IPR005304,family,,271,37,271,CONTINUOUS
A0A834H8N6,Ribosomal RNA small subunit methyltransferase NEP1,276,RHSIM_Rhsim02G0223300,118357,Rhododendron simsii,Rhododendron simsii (Sims's rhododendron),True,IPR005304,family,,276,28,275,CONTINUOUS
A0A834ILI5,18S rRNA (pseudouridine-N1)-methyltransferase,237,GWI33_003668,354439,Rhynchophorus ferrugineus,Rhynchophorus ferrugineus (Red palm weevil),True,IPR005304,family,,237,1,237,CONTINUOUS
A0A834JW89,18S rRNA (pseudouridine-N1)-methyltransferase,236,HZH68_009607,30212,Vespula germanica,Vespula germanica (German yellow jacket),True,IPR005304,family,,236,3,236,CONTINUOUS
A0A834LB76,Ribosomal RNA small subunit methyltransferase NEP1,318,RHSIM_Rhsim09G0083500,118357,Rhododendron simsii,Rhododendron simsii (Sims's rhododendron),True,IPR005304,family,,318,86,317,CONTINUOUS
A0A834LEF2,Ribosomal RNA small subunit methyltransferase NEP1,245,RHSIM_Rhsim09G0083600,118357,Rhododendron simsii,Rhododendron simsii (Sims's rhododendron),True,IPR005304,family,,245,27,231,CONTINUOUS
A0A834N3G5,18S rRNA (pseudouridine-N1)-methyltransferase,236,HZH66_008701,7454,Vespula vulgaris,Vespula vulgaris (Yellow jacket),True,IPR005304,family,,236,3,236,CONTINUOUS
A0A834NY09,18S rRNA (pseudouridine-N1)-methyltransferase,236,H0235_010913,30213,Vespula pensylvanica,Vespula pensylvanica (Western yellow jacket),True,IPR005304,family,,236,3,236,CONTINUOUS
A0A834PZ38,18S rRNA (pseudouridine(1248)-N1)-methyltransferase,244,GHT09_019613,9995,Marmota monax,Marmota monax (Woodchuck),True,IPR005304,family,,244,16,244,CONTINUOUS
A0A834PZT9,18S rRNA (pseudouridine(1248)-N1)-methyltransferase,207,GHT09_019613,9995,Marmota monax,Marmota monax (Woodchuck),True,IPR005304,family,,207,15,207,CONTINUOUS
A0A834SJX8,Ribosomal RNA small subunit methyltransferase nep-1,230,G2W53_043051,362788,Senna tora,Senna tora,True,IPR005304,family,,230,51,205,CONTINUOUS
A0A834SNE3,Ribosomal RNA small subunit methyltransferase NEP1,233,G2W53_043053,362788,Senna tora,Senna tora,True,IPR005304,family,,233,24,232,CONTINUOUS
A0A834W0E6,Ribosomal RNA small subunit methyltransferase NEP1,283,G2W53_043131,362788,Senna tora,Senna tora,True,IPR005304,family,,283,38,283,CONTINUOUS
A0A834X0Z5,Ribosomal RNA small subunit methyltransferase NEP1,238,G2W53_011025,362788,Senna tora,Senna tora,True,IPR005304,family,,238,12,235,CONTINUOUS
A0A834XC55,Ribosomal RNA small subunit methyltransferase NEP1,242,G2W53_004602,362788,Senna tora,Senna tora,True,IPR005304,family,,242,18,241,CONTINUOUS
A0A834YKU0,Ribosomal RNA small subunit methyltransferase NEP1,372,HHK36_024349,13715,Tetracentron sinense,Tetracentron sinense (Spur-leaf),True,IPR005304,family,,372,27,366,CONTINUOUS
A0A835C6L8,Uncharacterized protein,287,HU200_022844,1010633,Digitaria exilis,Digitaria exilis,True,IPR005304,family,,287,53,286,CONTINUOUS
A0A835CVB2,18S rRNA (pseudouridine-N1)-methyltransferase,237,HCN44_005554,684658,Aphidius gifuensis,Aphidius gifuensis (Parasitoid wasp),True,IPR005304,family,,237,5,236,CONTINUOUS
A0A835E5J4,Uncharacterized protein,263,HU200_050906,1010633,Digitaria exilis,Digitaria exilis,True,IPR005304,family,,263,55,249,CONTINUOUS
A0A835E788,Ribosomal RNA small subunit methyltransferase NEP1,287,HU200_050902,1010633,Digitaria exilis,Digitaria exilis,True,IPR005304,family,,287,53,286,CONTINUOUS
A0A835GK26,18S rRNA (pseudouridine-N1)-methyltransferase,235,HW555_006022,7107,Spodoptera exigua,Spodoptera exigua (Beet armyworm),True,IPR005304,family,,235,17,234,CONTINUOUS
A0A835HFY6,Ribosomal RNA small subunit methyltransferase NEP1,254,IFM89_001831,261450,Coptis chinensis,Coptis chinensis,True,IPR005304,family,,254,18,252,CONTINUOUS
A0A835HIG6,Ribosomal RNA small subunit methyltransferase NEP1,235,IFM89_001841,261450,Coptis chinensis,Coptis chinensis,True,IPR005304,family,,235,35,231,CONTINUOUS
A0A835J4U7,Ribosomal RNA small subunit methyltransferase NEP1,264,SADUNF_Sadunf16G0034500,1413687,Salix dunnii,Salix dunnii,True,IPR005304,family,,264,30,264,CONTINUOUS
A0A835J7Q6,Ribosomal RNA small subunit methyltransferase NEP1,272,SADUNF_Sadunf16G0034000,1413687,Salix dunnii,Salix dunnii,True,IPR005304,family,,272,30,272,CONTINUOUS
A0A835LF26,RNase H type-1 domain-containing protein,521,IFM89_014238,261450,Coptis chinensis,Coptis chinensis,True,IPR005304,family,,521,214,404,CONTINUOUS
A0A835LHW1,Ribosomal RNA small subunit methyltransferase NEP1,263,IFM89_014222,261450,Coptis chinensis,Coptis chinensis,True,IPR005304,family,,263,52,260,CONTINUOUS
A0A835MJK9,Ribosomal RNA small subunit methyltransferase NEP1,272,IFM89_030719,261450,Coptis chinensis,Coptis chinensis,True,IPR005304,family,,272,32,271,CONTINUOUS
A0A835NNS6,18S rRNA (pseudouridine(1248)-N1)-methyltransferase,399,IHE44_001334,245042,Lamprotornis superbus,Lamprotornis superbus,True,IPR005304,family,,399,12,233,CONTINUOUS
A0A835S863,Ribosomal RNA small subunit methyltransferase NEP1,274,HPP92_003408,51239,Vanilla planifolia,Vanilla planifolia (Vanilla),True,IPR005304,family,,274,41,274,CONTINUOUS
A0A835SBS6,Ribosomal RNA small subunit methyltransferase NEP1,274,HPP92_003413,51239,Vanilla planifolia,Vanilla planifolia (Vanilla),True,IPR005304,family,,274,41,274,CONTINUOUS
A0A835VQR8,Ribosomal RNA small subunit methyltransferase NEP1,230,HYH02_014958,2026947,Chlamydomonas schloesseri,Chlamydomonas schloesseri,True,IPR005304,family,,230,13,230,CONTINUOUS
A0A836B0L3,Ribosomal RNA small subunit methyltransferase NEP1,230,HXX76_001032,51695,Chlamydomonas incerta,Chlamydomonas incerta,True,IPR005304,family,,230,13,230,CONTINUOUS
A0A836BV39,Ribosomal RNA small subunit methyltransferase NEP1,231,HYH03_011510,47281,Edaphochlamys debaryana,Edaphochlamys debaryana,True,IPR005304,family,,231,13,231,CONTINUOUS
A0A836CMU2,Ribosomal RNA small subunit methyltransferase NEP1,230,JKP88DRAFT_197648,303371,Tribonema minus,Tribonema minus,True,IPR005304,family,,230,11,230,CONTINUOUS
A0A836EYN4,NEP1 methyltransferase,116,G6Z75_0013437,230686,Acromyrmex insinuator,Acromyrmex insinuator,True,IPR005304,family,,116,31,115,CONTINUOUS
A0A836FPR9,Nardilysin,465,Nrdc_11,2715315,Acromyrmex charruanus,Acromyrmex charruanus,True,IPR005304,family,,465,379,410,CONTINUOUS
A0A836G3A2,18S rRNA (pseudouridine-N1)-methyltransferase,185,G6Z77_0003608,230685,Acromyrmex heyeri,Acromyrmex heyeri,True,IPR005304,family,,185,5,183,CONTINUOUS
A0A836G4P5,18S rRNA (pseudouridine-N1)-methyltransferase,1625,Brd2,2715315,Acromyrmex charruanus,Acromyrmex charruanus,False,IPR005304,family,,1625,34,200,CONTINUOUS
A0A836G5T7,EMG1/NEP1 methyltransferase,395,LSCM4_04306,2249476,Leishmania orientalis,Leishmania orientalis,True,IPR005304,family,,395,111,346,CONTINUOUS
A0A836G698,EMG1/NEP1 methyltransferase,395,CUR178_03707,5663,Leishmania enriettii,Leishmania enriettii,True,IPR005304,family,,395,114,346,CONTINUOUS
A0A836GHC8,EMG1/NEP1 methyltransferase,287,LSCM1_05783,1580590,Leishmania martiniquensis,Leishmania martiniquensis,True,IPR005304,family,,287,9,279,CONTINUOUS
A0A836HQZ6,EMG1/NEP1 methyltransferase,287,CUR178_05734,5663,Leishmania enriettii,Leishmania enriettii,True,IPR005304,family,,287,8,279,CONTINUOUS
A0A836ICL7,Uncharacterized protein,286,JKF63_05349,2761500,Porcisia hertigi,Porcisia hertigi,True,IPR005304,family,,286,9,278,CONTINUOUS
A0A836JF72,18S rRNA (pseudouridine-N1)-methyltransferase,235,G6Z75_0014535,230686,Acromyrmex insinuator,Acromyrmex insinuator,True,IPR005304,family,,235,5,234,CONTINUOUS
A0A836JHH1,18S rRNA (pseudouridine-N1)-methyltransferase,1811,Brd2,621737,Pseudoatta argentina,Pseudoatta argentina,False,IPR005304,family,,1811,34,200,CONTINUOUS
A0A836KGP9,EMG1/NEP1 methyltransferase,385,LSCM1_03579,1580590,Leishmania martiniquensis,Leishmania martiniquensis,True,IPR005304,family,,385,113,336,CONTINUOUS
A0A836KTQ2,EMG1/NEP1 methyltransferase,287,LSCM4_05679,2249476,Leishmania orientalis,Leishmania orientalis,True,IPR005304,family,,287,9,279,CONTINUOUS
A0A836LAV1,Uncharacterized protein,399,JKF63_03405,2761500,Porcisia hertigi,Porcisia hertigi,True,IPR005304,family,,399,124,350,CONTINUOUS
A0A843A967,Ribosomal RNA small subunit methyltransferase Nep1,240,nep1,683846,Fervidicoccus fontis,Fervidicoccus fontis,True,IPR005304,family,,240,20,238,CONTINUOUS
A0A843UXC6,Ribosomal RNA small subunit methyltransferase NEP1,299,Taro_023434,4460,Colocasia esculenta,Colocasia esculenta (Wild taro),True,IPR005304,family,,299,43,299,CONTINUOUS
A0A850U6Z3,18S rRNA (pseudouridine(1248)-N1)-methyltransferase,206,Emg1,9117,Grus americana,Grus americana (Whooping crane),True,IPR005304,family,,206,2,205,CONTINUOUS
A0A850USQ2,18S rRNA (pseudouridine(1248)-N1)-methyltransferase,206,Emg1,667144,Chloropsis hardwickii,Chloropsis hardwickii,True,IPR005304,family,,206,2,205,CONTINUOUS
A0A850VI85,18S rRNA (pseudouridine(1248)-N1)-methyltransferase,188,Emg1,37042,Fregata magnificens,Fregata magnificens (Magnificent frigatebird),True,IPR005304,family,,188,1,187,CONTINUOUS
A0A850XM94,18S rRNA (pseudouridine(1248)-N1)-methyltransferase,206,Emg1,33601,Piaya cayana,Piaya cayana (Common squirrel cuckoo),True,IPR005304,family,,206,2,205,CONTINUOUS
A0A850YUR1,18S rRNA (pseudouridine(1248)-N1)-methyltransferase,206,Emg1,237442,Tichodroma muraria,Tichodroma muraria,True,IPR005304,family,,206,2,205,CONTINUOUS
A0A851AML3,18S rRNA (pseudouridine(1248)-N1)-methyltransferase,188,Emg1,56068,Sula dactylatra,Sula dactylatra (Masked booby),True,IPR005304,family,,188,1,187,CONTINUOUS
A0A851BAD7,18S rRNA (pseudouridine(1248)-N1)-methyltransferase,206,Emg1,175131,Picathartes gymnocephalus,Picathartes gymnocephalus (White-necked rockfowl),True,IPR005304,family,,206,2,205,CONTINUOUS
A0A851C0T2,18S rRNA (pseudouridine(1248)-N1)-methyltransferase,206,Emg1,135972,Calyptomena viridis,Calyptomena viridis (Lesser green broadbill),True,IPR005304,family,,206,3,205,CONTINUOUS
A0A851DBL4,18S rRNA (pseudouridine(1248)-N1)-methyltransferase,205,Emg1,135184,Todus mexicanus,Todus mexicanus (Puerto Rican tody),True,IPR005304,family,,205,2,204,CONTINUOUS
A0A851E6R6,18S rRNA (pseudouridine(1248)-N1)-methyltransferase,206,Emg1,85069,Dryoscopus gambensis,Dryoscopus gambensis,True,IPR005304,family,,206,2,205,CONTINUOUS
A0A851FBH5,18S rRNA (pseudouridine(1248)-N1)-methyltransferase,206,Emg1,9163,Pitta sordida,Pitta sordida (Hooded pitta),True,IPR005304,family,,206,2,205,CONTINUOUS
A0A851JAU5,18S rRNA (pseudouridine(1248)-N1)-methyltransferase,206,Emg1,237420,Donacobius atricapilla,Donacobius atricapilla,True,IPR005304,family,,206,2,205,CONTINUOUS
A0A851K048,18S rRNA (pseudouridine(1248)-N1)-methyltransferase,206,Emg1,81927,Vidua chalybeata,Vidua chalybeata (Village indigobird),True,IPR005304,family,,206,2,205,CONTINUOUS
A0A851LPI9,18S rRNA (pseudouridine(1248)-N1)-methyltransferase,206,Emg1,103954,Corythaeola cristata,Corythaeola cristata (Great blue turaco),True,IPR005304,family,,206,2,205,CONTINUOUS
A0A851NAL9,18S rRNA (pseudouridine(1248)-N1)-methyltransferase,206,Emg1,190295,Campylorhamphus procurvoides,Campylorhamphus procurvoides,True,IPR005304,family,,206,2,205,CONTINUOUS
A0A851PET7,18S rRNA (pseudouridine(1248)-N1)-methyltransferase,206,Emg1,1118817,Penelope pileata,Penelope pileata,True,IPR005304,family,,206,2,205,CONTINUOUS
A0A851Q186,18S rRNA (pseudouridine(1248)-N1)-methyltransferase,206,Emg1,56067,Anhinga anhinga,Anhinga anhinga (Anhinga),True,IPR005304,family,,206,3,205,CONTINUOUS
A0A851QXQ3,18S rRNA (pseudouridine(1248)-N1)-methyltransferase,206,Emg1,614051,Tychaedon coryphoeus,Tychaedon coryphoeus (Karoo scrub-robin),True,IPR005304,family,,206,2,205,CONTINUOUS
A0A851SH92,NEP1 methyltransferase,120,Emg1,73333,Certhia familiaris,Certhia familiaris (Eurasian treecreeper),True,IPR005304,family,,120,2,120,CONTINUOUS
A0A851TG41,18S rRNA (pseudouridine(1248)-N1)-methyltransferase,206,Emg1,1977171,Nothocercus nigrocapillus,Nothocercus nigrocapillus,True,IPR005304,family,,206,2,205,CONTINUOUS
A0A851TZF1,18S rRNA (pseudouridine(1248)-N1)-methyltransferase,206,Emg1,1463973,Elachura formosa,Elachura formosa (spotted wren-babbler),True,IPR005304,family,,206,2,205,CONTINUOUS
A0A851VVV9,18S rRNA (pseudouridine(1248)-N1)-methyltransferase,206,Emg1,797021,Copsychus sechellarum,Copsychus sechellarum,True,IPR005304,family,,206,2,205,CONTINUOUS
A0A851WHH0,18S rRNA (pseudouridine(1248)-N1)-methyltransferase,206,Emg1,1196302,Corvus moneduloides,Corvus moneduloides (New Caledonian crow),True,IPR005304,family,,206,2,205,CONTINUOUS
A0A851XMF7,18S rRNA (pseudouridine(1248)-N1)-methyltransferase,206,Emg1,176039,Eolophus roseicapilla,Eolophus roseicapilla (Galah cockatoo),True,IPR005304,family,,206,2,205,CONTINUOUS
A0A851ZCK0,18S rRNA (pseudouridine(1248)-N1)-methyltransferase,205,Emg1,342381,Halcyon senegalensis,Halcyon senegalensis,True,IPR005304,family,,205,2,204,CONTINUOUS
A0A851ZT62,18S rRNA (pseudouridine(1248)-N1)-methyltransferase,206,Emg1,198940,Calcarius ornatus,Calcarius ornatus (Chestnut-collared longspur),True,IPR005304,family,,206,2,206,CONTINUOUS
A0A852AX22,18S rRNA (pseudouridine(1248)-N1)-methyltransferase,206,Emg1,1218682,Chloropsis cyanopogon,Chloropsis cyanopogon,True,IPR005304,family,,206,2,205,CONTINUOUS
A0A852C7V6,18S rRNA (pseudouridine(1248)-N1)-methyltransferase,206,Emg1_0,322582,Ramphastos sulfuratus,Ramphastos sulfuratus,True,IPR005304,family,,206,2,205,CONTINUOUS
A0A852CA79,NEP1 methyltransferase,156,Emg1_1,322582,Ramphastos sulfuratus,Ramphastos sulfuratus,True,IPR005304,family,,156,1,155,CONTINUOUS
A0A852DS08,18S rRNA (pseudouridine(1248)-N1)-methyltransferase,206,Emg1,142471,Passerina amoena,Passerina amoena (Lazuli bunting),True,IPR005304,family,,206,2,206,CONTINUOUS
A0A852E397,18S rRNA (pseudouridine(1248)-N1)-methyltransferase,206,Emg1,187451,Vidua macroura,Vidua macroura (Pin-tailed whydah),True,IPR005304,family,,206,2,205,CONTINUOUS
A0A852FQX3,18S rRNA (pseudouridine(1248)-N1)-methyltransferase,206,Emg1,135441,Peucedramus taeniatus,Peucedramus taeniatus (Olive warbler),True,IPR005304,family,,206,2,205,CONTINUOUS
A0A852GC27,18S rRNA (pseudouridine(1248)-N1)-methyltransferase,206,Emg1,243888,Larus smithsonianus,Larus smithsonianus (American herring gull),True,IPR005304,family,,206,2,205,CONTINUOUS
A0A852HHN8,18S rRNA (pseudouridine(1248)-N1)-methyltransferase,206,Emg1,237433,Nicator chloris,Nicator chloris,True,IPR005304,family,,206,2,205,CONTINUOUS
A0A852J2H4,18S rRNA (pseudouridine(1248)-N1)-methyltransferase,206,Emg1,240729,Tricholaema leucomelas,Tricholaema leucomelas (pied barbet),True,IPR005304,family,,206,2,205,CONTINUOUS
A0A852JY15,18S rRNA (pseudouridine(1248)-N1)-methyltransferase,206,Emg1,40210,Spizella passerina,Spizella passerina (Chipping sparrow),True,IPR005304,family,,206,2,206,CONTINUOUS
A0A852L426,18S rRNA (pseudouridine(1248)-N1)-methyltransferase,206,Emg1,458196,Urocolius indicus,Urocolius indicus (Red-faced mousebird),True,IPR005304,family,,206,2,205,CONTINUOUS
A0A852M329,18S rRNA (pseudouridine(1248)-N1)-methyltransferase,206,Emg1,1463675,Centropus bengalensis,Centropus bengalensis (lesser coucal),True,IPR005304,family,,206,2,205,CONTINUOUS
A0A852NPE5,18S rRNA (pseudouridine(1248)-N1)-methyltransferase,206,Emg1,449594,Atrichornis clamosus,Atrichornis clamosus,True,IPR005304,family,,206,2,205,CONTINUOUS
A0A854QCG8,Nucleolar essential protein 1,328,C361_05842,1230072,Cryptococcus neoformans Tu259-1,Cryptococcus neoformans Tu259-1,True,IPR005304,family,,328,70,328,CONTINUOUS
A0A875RZT5,Ribosomal RNA small subunit methyltransferase NEP1,269,NEP1,13502,Eeniella nana,Eeniella nana (Yeast),True,IPR005304,family,,269,29,269,CONTINUOUS
A0A896WPZ2,Nucleolar essential protein 1,190,,2804710,Metchnikovella dogieli,Metchnikovella dogieli,True,IPR005304,family,,190,6,187,CONTINUOUS
A0A899FWK6,Ribosomal RNA small subunit methyltransferase NEP1,216,MERGE_001723,38082,Pneumocystis wakefieldiae,Pneumocystis wakefieldiae,True,IPR005304,family,,216,31,216,CONTINUOUS
A0A8A1LNQ8,Nucleolar essential protein 1,258,EMG1,544711,Ajellomyces capsulatus (strain H88),Ajellomyces capsulatus (strain H88) (Darling's disease fungus),True,IPR005304,family,,258,35,258,CONTINUOUS
A0A8A1M0W1,Nucleolar essential protein 1,258,EMG1,5037,Ajellomyces capsulatus,Ajellomyces capsulatus (Darling's disease fungus),True,IPR005304,family,,258,31,258,CONTINUOUS
A0A8A3PDZ4,Ribosomal RNA small subunit methyltransferase NEP1,250,DSL72_004990,61207,Monilinia vaccinii-corymbosi,Monilinia vaccinii-corymbosi,True,IPR005304,family,,250,25,250,CONTINUOUS
A0A8B6CCF9,Ribosomal RNA small subunit methyltransferase NEP1,225,MGAL_10B089306,29158,Mytilus galloprovincialis,Mytilus galloprovincialis (Mediterranean mussel),True,IPR005304,family,,225,16,225,CONTINUOUS
A0A8B6ZI27,18S rRNA (pseudouridine(1248)-N1)-methyltransferase,244,EMG1,1230840,Orycteropus afer afer,Orycteropus afer afer,True,IPR005304,family,,244,13,244,CONTINUOUS
A0A8B7BP64,Ribosomal RNA small subunit methyltransferase NEP1,287,LOC103701962,42345,Phoenix dactylifera,Phoenix dactylifera (Date palm),True,IPR005304,family,,287,52,286,CONTINUOUS
A0A8B7K651,18S rRNA (pseudouridine(1248)-N1)-methyltransferase,194,EMG1,419612,Camelus ferus,Camelus ferus (Wild bactrian camel),True,IPR005304,family,,194,12,188,CONTINUOUS
A0A8B7PPC6,18S rRNA (pseudouridine-N1)-methyltransferase,240,LOC108683267,294128,Hyalella azteca,Hyalella azteca (Amphipod),True,IPR005304,family,,240,1,240,CONTINUOUS
A0A8B7Q472,18S rRNA (pseudouridine(1248)-N1)-methyltransferase,244,EMG1,186990,Hipposideros armiger,Hipposideros armiger (Great Himalayan leaf-nosed bat),True,IPR005304,family,,244,12,243,CONTINUOUS
A0A8B7ZB91,Ribosomal RNA small subunit methyltransferase NEP1,234,LOC110985399,133434,Acanthaster planci,Acanthaster planci (Crown-of-thorns starfish),True,IPR005304,family,,234,5,233,CONTINUOUS
A0A8B8F0D7,Ribosomal RNA small subunit methyltransferase NEP1,227,LOC111138173,6565,Crassostrea virginica,Crassostrea virginica (Eastern oyster),True,IPR005304,family,,227,8,227,CONTINUOUS
A0A8B8GEM5,18S rRNA (pseudouridine-N1)-methyltransferase,232,LOC112691321,143950,Sipha flava,Sipha flava (yellow sugarcane aphid),True,IPR005304,family,,232,8,232,CONTINUOUS
A0A8B8GFB1,Ribosomal RNA small subunit methyltransferase NEP1,201,LOC112691321,143950,Sipha flava,Sipha flava (yellow sugarcane aphid),True,IPR005304,family,,201,8,195,CONTINUOUS
A0A8B8HJ20,18S rRNA (pseudouridine-N1)-methyltransferase,236,LOC113392355,334116,Vanessa tameamea,Vanessa tameamea (Kamehameha butterfly),True,IPR005304,family,,236,18,235,CONTINUOUS
A0A8B8JQ94,Ribosomal RNA small subunit methyltransferase NEP1,251,LOC113848239,3816,Abrus precatorius,Abrus precatorius (Indian licorice),True,IPR005304,family,,251,44,250,CONTINUOUS
A0A8B8KV09,Ribosomal RNA small subunit methyltransferase NEP1,242,LOC113858104,3816,Abrus precatorius,Abrus precatorius (Indian licorice),True,IPR005304,family,,242,11,241,CONTINUOUS
A0A8B8LCJ7,Ribosomal RNA small subunit methyltransferase NEP1,271,LOC113864443,3816,Abrus precatorius,Abrus precatorius (Indian licorice),True,IPR005304,family,,271,26,271,CONTINUOUS
A0A8B8LCJ9,Ribosomal RNA small subunit methyltransferase NEP1,250,LOC113864443,3816,Abrus precatorius,Abrus precatorius (Indian licorice),True,IPR005304,family,,250,26,248,CONTINUOUS
A0A8B8LGN9,Ribosomal RNA small subunit methyltransferase NEP1,271,LOC113864443,3816,Abrus precatorius,Abrus precatorius (Indian licorice),True,IPR005304,family,,271,26,245,CONTINUOUS
A0A8B8M215,Ribosomal RNA small subunit methyltransferase NEP1,235,LOC113869699,3816,Abrus precatorius,Abrus precatorius (Indian licorice),True,IPR005304,family,,235,12,234,CONTINUOUS
A0A8B8M2K0,Ribosomal RNA small subunit methyltransferase NEP1,242,LOC113869699,3816,Abrus precatorius,Abrus precatorius (Indian licorice),True,IPR005304,family,,242,12,241,CONTINUOUS
A0A8B8MKT6,Ribosomal RNA small subunit methyltransferase NEP1,143,LOC113874198,3816,Abrus precatorius,Abrus precatorius (Indian licorice),True,IPR005304,family,,143,2,142,CONTINUOUS
A0A8B8P0U1,Ribosomal RNA small subunit methyltransferase NEP1,288,LOC115739295,178133,Rhodamnia argentea,Rhodamnia argentea,True,IPR005304,family,,288,50,284,CONTINUOUS
A0A8B8P1Q7,Ribosomal RNA small subunit methyltransferase NEP1,288,LOC115739644,178133,Rhodamnia argentea,Rhodamnia argentea,True,IPR005304,family,,288,48,284,CONTINUOUS
A0A8B8UVZ8,Ribosomal RNA small subunit methyltransferase NEP1,252,EMG1,27291,Saccharomyces paradoxus,Saccharomyces paradoxus (Yeast),True,IPR005304,family,,252,25,252,CONTINUOUS
A0A8B9AXI6,FK506-binding protein 5-like,130,LOC103705840,42345,Phoenix dactylifera,Phoenix dactylifera (Date palm),True,IPR005304,family,,130,71,122,CONTINUOUS
A0A8B9C3D6,18S rRNA (pseudouridine(1248)-N1)-methyltransferase,219,EMG1,132585,Anser brachyrhynchus,Anser brachyrhynchus (Pink-footed goose),True,IPR005304,family,,219,16,218,CONTINUOUS
A0A8B9C3E2,18S rRNA (pseudouridine(1248)-N1)-methyltransferase,218,EMG1,132585,Anser brachyrhynchus,Anser brachyrhynchus (Pink-footed goose),True,IPR005304,family,,218,11,217,CONTINUOUS
A0A8B9C3G4,18S rRNA (pseudouridine(1248)-N1)-methyltransferase,238,EMG1,132585,Anser brachyrhynchus,Anser brachyrhynchus (Pink-footed goose),True,IPR005304,family,,238,29,237,CONTINUOUS
A0A8B9C5C1,18S rRNA (pseudouridine(1248)-N1)-methyltransferase,239,EMG1,132585,Anser brachyrhynchus,Anser brachyrhynchus (Pink-footed goose),True,IPR005304,family,,239,18,238,CONTINUOUS
A0A8B9C5E0,18S rRNA (pseudouridine(1248)-N1)-methyltransferase,212,EMG1,132585,Anser brachyrhynchus,Anser brachyrhynchus (Pink-footed goose),True,IPR005304,family,,212,9,211,CONTINUOUS
A0A8B9DUJ1,18S rRNA (pseudouridine(1248)-N1)-methyltransferase,272,,8845,Anser cygnoides,Anser cygnoides (Swan goose),False,IPR005304,family,,272,61,271,CONTINUOUS
A0A8B9F3F1,18S rRNA (pseudouridine(1248)-N1)-methyltransferase,235,,241587,Amazona collaria,Amazona collaria (yellow-billed parrot),True,IPR005304,family,,235,7,234,CONTINUOUS
A0A8B9I6T9,18S rRNA (pseudouridine(1248)-N1)-methyltransferase,300,EMG1,132585,Anser brachyrhynchus,Anser brachyrhynchus (Pink-footed goose),True,IPR005304,family,,300,90,299,CONTINUOUS
A0A8B9KM33,18S rRNA (pseudouridine(1248)-N1)-methyltransferase,238,emg1,7994,Astyanax mexicanus,Astyanax mexicanus (Blind cave fish),True,IPR005304,family,,238,4,238,CONTINUOUS
A0A8B9NCA5,18S rRNA (pseudouridine(1248)-N1)-methyltransferase,231,,211598,Accipiter nisus,Accipiter nisus (Eurasian sparrowhawk),True,IPR005304,family,,231,10,230,CONTINUOUS
A0A8B9PXY3,18S rRNA (pseudouridine(1248)-N1)-methyltransferase,229,,8824,Apteryx owenii,Apteryx owenii (Little spotted kiwi),True,IPR005304,family,,229,18,228,CONTINUOUS
A0A8B9QY77,18S rRNA (pseudouridine(1248)-N1)-methyltransferase,229,EMG1,8839,Anas platyrhynchos,Anas platyrhynchos (Mallard),True,IPR005304,family,,229,19,228,CONTINUOUS
A0A8B9UUU9,18S rRNA (pseudouridine(1248)-N1)-methyltransferase,229,,75864,Anas zonorhyncha,Anas zonorhyncha (Eastern spot-billed duck),True,IPR005304,family,,229,19,228,CONTINUOUS
A0A8B9Y6S7,18S rRNA (pseudouridine(1248)-N1)-methyltransferase,242,,30521,Bos mutus grunniens,Bos mutus grunniens (Wild yak),True,IPR005304,family,,242,12,242,CONTINUOUS
A0A8B9YAM6,Uncharacterized protein,96,,30521,Bos mutus grunniens,Bos mutus grunniens (Wild yak),True,IPR005304,family,,96,14,81,CONTINUOUS
A0A8C0EL27,18S rRNA (pseudouridine(1248)-N1)-methyltransferase,151,,30461,Bubo bubo,Bubo bubo (Eurasian eagle-owl),True,IPR005304,family,,151,1,150,CONTINUOUS
A0A8C0HPT9,18S rRNA (pseudouridine(1248)-N1)-methyltransferase,151,,224669,Buteo japonicus,Buteo japonicus,True,IPR005304,family,,151,1,150,CONTINUOUS
A0A8C0I3D0,18S rRNA (pseudouridine(1248)-N1)-methyltransferase,244,EMG1,9771,Balaenoptera musculus,Balaenoptera musculus (Blue whale),True,IPR005304,family,,244,12,244,CONTINUOUS
A0A8C0IKA5,18S rRNA (pseudouridine(1248)-N1)-methyltransferase,234,EMG1,106734,Chelonoidis abingdonii,Chelonoidis abingdonii (Abingdon island giant tortoise),True,IPR005304,family,,234,25,233,CONTINUOUS
A0A8C0JNP7,18S rRNA (pseudouridine(1248)-N1)-methyltransferase,244,EMG1,286419,Canis lupus dingo,Canis lupus dingo (dingo),True,IPR005304,family,,244,12,244,CONTINUOUS
A0A8C0NYH7,18S rRNA (pseudouridine(1248)-N1)-methyltransferase,244,EMG1,9615,Canis lupus familiaris,Canis lupus familiaris (Dog),True,IPR005304,family,,244,12,244,CONTINUOUS
A0A8C0UU30,18S rRNA (pseudouridine(1248)-N1)-methyltransferase,151,EMG1,156563,Cyanistes caeruleus,Cyanistes caeruleus (Eurasian blue tit),True,IPR005304,family,,151,1,150,CONTINUOUS
A0A8C0YAP8,18S rRNA (pseudouridine(1248)-N1)-methyltransferase,223,,630221,Cyprinus carpio carpio,Cyprinus carpio carpio,True,IPR005304,family,,223,13,219,CONTINUOUS
A0A8C1I577,18S rRNA (pseudouridine(1248)-N1)-methyltransferase,244,,630221,Cyprinus carpio carpio,Cyprinus carpio carpio,True,IPR005304,family,,244,13,237,CONTINUOUS
A0A8C1L691,18S rRNA (pseudouridine(1248)-N1)-methyltransferase,238,LOC122147965,7962,Cyprinus carpio,Cyprinus carpio (Common carp),True,IPR005304,family,,238,11,238,CONTINUOUS
A0A8C2Q2F8,18S rRNA (pseudouridine(1248)-N1)-methyltransferase,238,,7962,Cyprinus carpio,Cyprinus carpio (Common carp),True,IPR005304,family,,238,13,238,CONTINUOUS
A0A8C2T2F1,18S rRNA (pseudouridine(1248)-N1)-methyltransferase,208,,93934,Coturnix japonica,Coturnix japonica (Japanese quail),True,IPR005304,family,,208,9,207,CONTINUOUS
A0A8C2TZ48,18S rRNA (pseudouridine(1248)-N1)-methyltransferase,147,,93934,Coturnix japonica,Coturnix japonica (Japanese quail),True,IPR005304,family,,147,1,147,CONTINUOUS
A0A8C2W1T2,18S rRNA (pseudouridine(1248)-N1)-methyltransferase,244,EMG1,34839,Chinchilla lanigera,Chinchilla lanigera (Long-tailed chinchilla),True,IPR005304,family,,244,13,244,CONTINUOUS
A0A8C2WE20,18S rRNA (pseudouridine(1248)-N1)-methyltransferase,238,emg1,8103,Cyclopterus lumpus,Cyclopterus lumpus (Lumpsucker),True,IPR005304,family,,238,12,238,CONTINUOUS
A0A8C3BM74,18S rRNA (pseudouridine(1248)-N1)-methyltransferase,318,,8855,Cairina moschata,Cairina moschata (Muscovy duck),True,IPR005304,family,,318,107,317,CONTINUOUS
A0A8C3DVD4,18S rRNA (pseudouridine(1248)-N1)-methyltransferase,232,EMG1,1196302,Corvus moneduloides,Corvus moneduloides (New Caledonian crow),True,IPR005304,family,,232,16,231,CONTINUOUS
A0A8C3FCQ6,18S rRNA (pseudouridine(1248)-N1)-methyltransferase,290,EMG1,8478,Chrysemys picta bellii,Chrysemys picta bellii (Western painted turtle),True,IPR005304,family,,290,27,203,CONTINUOUS
A0A8C3JEA9,18S rRNA (pseudouridine(1248)-N1)-methyltransferase,236,,425635,Calidris pygmaea,Calidris pygmaea (Spoon-billed sandpiper),True,IPR005304,family,,236,3,235,CONTINUOUS
A0A8C3LXM0,18S rRNA (pseudouridine(1248)-N1)-methyltransferase,232,,9089,Chrysolophus pictus,Chrysolophus pictus (Golden pheasant),True,IPR005304,family,,232,5,231,CONTINUOUS
A0A8C3MZQ2,18S rRNA (pseudouridine(1248)-N1)-methyltransferase,235,EMG1,87175,Geospiza parvula,Geospiza parvula (Small tree-finch),True,IPR005304,family,,235,15,235,CONTINUOUS
A0A8C3NT87,18S rRNA (pseudouridine(1248)-N1)-methyltransferase,234,,181631,Cyanoderma ruficeps,Cyanoderma ruficeps (rufous-capped babbler),True,IPR005304,family,,234,11,233,CONTINUOUS
A0A8C3SV57,18S rRNA (pseudouridine(1248)-N1)-methyltransferase,232,,8475,Chelydra serpentina,Chelydra serpentina (Snapping turtle),True,IPR005304,family,,232,21,231,CONTINUOUS
A0A8C3UTT0,18S rRNA (pseudouridine(1248)-N1)-methyltransferase,233,EMG1,91951,Catharus ustulatus,Catharus ustulatus (Russet-backed thrush),True,IPR005304,family,,233,15,232,CONTINUOUS
A0A8C3W0Z5,18S rRNA (pseudouridine(1248)-N1)-methyltransferase,244,EMG1,51154,Catagonus wagneri,Catagonus wagneri (Chacoan peccary),True,IPR005304,family,,244,12,243,CONTINUOUS
A0A8C4KHQ9,NEP1 methyltransferase,171,,8790,Dromaius novaehollandiae,Dromaius novaehollandiae (Emu),True,IPR005304,family,,171,1,170,CONTINUOUS
A0A8C4MIG3,18S rRNA (pseudouridine(1248)-N1)-methyltransferase,244,EMG1,83772,Equus asinus asinus,Equus asinus asinus,True,IPR005304,family,,244,12,244,CONTINUOUS
A0A8C4QC01,18S rRNA (pseudouridine(1248)-N1)-methyltransferase,255,,7764,Eptatretus burgeri,Eptatretus burgeri (Inshore hagfish),True,IPR005304,family,,255,14,254,CONTINUOUS
A0A8C4S8D1,18S rRNA (pseudouridine(1248)-N1)-methyltransferase,240,EMG1,27687,Erpetoichthys calabaricus,Erpetoichthys calabaricus (Rope fish),True,IPR005304,family,,240,13,239,CONTINUOUS
A0A8C4U3R8,18S rRNA (pseudouridine(1248)-N1)-methyltransferase,233,,100819,Falco tinnunculus,Falco tinnunculus (Common kestrel),True,IPR005304,family,,233,9,232,CONTINUOUS
A0A8C4WE59,Ribosomal RNA small subunit methyltransferase NEP1,172,EMG1,1825980,Gopherus evgoodei,Gopherus evgoodei (Goodes thornscrub tortoise),True,IPR005304,family,,172,66,171,CONTINUOUS
A0A8C4Y2Q6,18S rRNA (pseudouridine(1248)-N1)-methyltransferase,415,EMG1,1825980,Gopherus evgoodei,Gopherus evgoodei (Goodes thornscrub tortoise),True,IPR005304,family,,415,226,414,CONTINUOUS
A0A8C4ZC36,18S rRNA (pseudouridine(1248)-N1)-methyltransferase,238,emg1,8049,Gadus morhua,Gadus morhua (Atlantic cod),True,IPR005304,family,,238,11,238,CONTINUOUS
A0A8C5DBS2,18S rRNA (pseudouridine(1248)-N1)-methyltransferase,237,emg1,441366,Gouania willdenowi,Gouania willdenowi (Blunt-snouted clingfish),True,IPR005304,family,,237,12,237,CONTINUOUS
A0A8C5J3Q1,EMG1 N1-specific pseudouridine methyltransferase,226,,40217,Junco hyemalis,Junco hyemalis (Dark-eyed junco),True,IPR005304,family,,226,11,220,CONTINUOUS
A0A8C5J6P9,EMG1 N1-specific pseudouridine methyltransferase,225,,40217,Junco hyemalis,Junco hyemalis (Dark-eyed junco),True,IPR005304,family,,225,24,219,CONTINUOUS
A0A8C5J752,NEP1 methyltransferase,225,,40217,Junco hyemalis,Junco hyemalis (Dark-eyed junco),True,IPR005304,family,,225,20,219,CONTINUOUS
A0A8C5J8I9,18S rRNA (pseudouridine(1248)-N1)-methyltransferase,216,,40217,Junco hyemalis,Junco hyemalis (Dark-eyed junco),True,IPR005304,family,,216,15,210,CONTINUOUS
A0A8C5L148,18S rRNA (pseudouridine(1248)-N1)-methyltransferase,246,Emg1,51337,Jaculus jaculus,Jaculus jaculus (Lesser Egyptian jerboa),True,IPR005304,family,,246,16,246,CONTINUOUS
A0A8C5PMC9,18S rRNA (pseudouridine(1248)-N1)-methyltransferase,233,EMG1,445787,Leptobrachium leishanense,Leptobrachium leishanense (Leishan spiny toad),True,IPR005304,family,,233,21,232,CONTINUOUS
A0A8C5SK95,18S rRNA (pseudouridine(1248)-N1)-methyltransferase,233,EMG1,8630,Laticauda laticaudata,Laticauda laticaudata (Blue-ringed sea krait),True,IPR005304,family,,233,26,232,CONTINUOUS
A0A8C5U238,18S rRNA (pseudouridine(1248)-N1)-methyltransferase,234,,2593467,Malurus cyaneus samueli,Malurus cyaneus samueli,True,IPR005304,family,,234,10,233,CONTINUOUS
A0A8C5UQ66,18S rRNA (pseudouridine(1248)-N1)-methyltransferase,243,EMG1,30608,Microcebus murinus,Microcebus murinus (Gray mouse lemur),True,IPR005304,family,,243,12,224,CONTINUOUS
A0A8C5Y7B7,18S rRNA (pseudouridine(1248)-N1)-methyltransferase,244,EMG1,30608,Microcebus murinus,Microcebus murinus (Gray mouse lemur),True,IPR005304,family,,244,12,244,CONTINUOUS
A0A8C5ZTR0,18S rRNA (pseudouridine(1248)-N1)-methyltransferase,244,EMG1,9994,Marmota marmota marmota,Marmota marmota marmota (Alpine marmot),True,IPR005304,family,,244,16,244,CONTINUOUS
A0A8C6E8M0,18S rRNA (pseudouridine(1248)-N1)-methyltransferase,244,EMG1,68415,Moschus moschiferus,Moschus moschiferus (Siberian musk deer),True,IPR005304,family,,244,12,243,CONTINUOUS
A0A8C6HFL3,18S rRNA (pseudouridine(1248)-N1)-methyltransferase,244,,10103,Mus spicilegus,Mus spicilegus (Mound-building mouse),True,IPR005304,family,,244,13,244,CONTINUOUS
A0A8C6ISP9,18S rRNA (pseudouridine(1248)-N1)-methyltransferase,232,LOC101873450,13146,Melopsittacus undulatus,Melopsittacus undulatus (Budgerigar),True,IPR005304,family,,232,7,231,CONTINUOUS
A0A8C6UJP9,18S rRNA (pseudouridine(1248)-N1)-methyltransferase,225,,47308,Neogobius melanostomus,Neogobius melanostomus (round goby),True,IPR005304,family,,225,13,224,CONTINUOUS
A0A8C6WCT0,18S rRNA (pseudouridine(1248)-N1)-methyltransferase,240,Emg1,1026970,Nannospalax galili,Nannospalax galili (Northern Israeli blind subterranean mole rat),True,IPR005304,family,,240,12,240,CONTINUOUS
A0A8C6XWX7,18S rRNA (pseudouridine(1248)-N1)-methyltransferase,233,EMG1,35670,Naja naja,Naja naja (Indian cobra),True,IPR005304,family,,233,25,232,CONTINUOUS
A0A8C6YPJ8,18S rRNA (pseudouridine(1248)-N1)-methyltransferase,151,,30464,Nothoprocta perdicaria,Nothoprocta perdicaria (Chilean tinamou),True,IPR005304,family,,151,1,150,CONTINUOUS
A0A8C7C5B3,18S rRNA (pseudouridine(1248)-N1)-methyltransferase,244,EMG1,452646,Neovison vison,Neovison vison (American mink),True,IPR005304,family,,244,12,244,CONTINUOUS
A0A8C7CXE6,18S rRNA (pseudouridine(1248)-N1)-methyltransferase,225,EMG1,8019,Oncorhynchus kisutch,Oncorhynchus kisutch (Coho salmon),True,IPR005304,family,,225,11,221,CONTINUOUS
A0A8C7DGA1,18S rRNA (pseudouridine(1248)-N1)-methyltransferase,238,EMG1,8019,Oncorhynchus kisutch,Oncorhynchus kisutch (Coho salmon),True,IPR005304,family,,238,11,238,CONTINUOUS
A0A8C7GNZ8,18S rRNA (pseudouridine(1248)-N1)-methyltransferase,262,EMG1,8019,Oncorhynchus kisutch,Oncorhynchus kisutch (Coho salmon),True,IPR005304,family,,262,36,262,CONTINUOUS
A0A8C7RRE4,18S rRNA (pseudouridine(1248)-N1)-methyltransferase,226,LOC110537348,8022,Oncorhynchus mykiss,Oncorhynchus mykiss (Rainbow trout),True,IPR005304,family,,226,11,225,CONTINUOUS
A0A8C7S3A6,18S rRNA (pseudouridine(1248)-N1)-methyltransferase,262,,8022,Oncorhynchus mykiss,Oncorhynchus mykiss (Rainbow trout),True,IPR005304,family,,262,36,262,CONTINUOUS
A0A8C8BHH5,18S rRNA (pseudouridine(1248)-N1)-methyltransferase,151,,257818,Otus sunia,Otus sunia (Oriental scops-owl),True,IPR005304,family,,151,1,150,CONTINUOUS
A0A8C8DQI5,18S rRNA (pseudouridine(1248)-N1)-methyltransferase,237,,183150,Oryzias sinensis,Oryzias sinensis (Chinese medaka),True,IPR005304,family,,237,6,237,CONTINUOUS
A0A8C8EH46,18S rRNA (pseudouridine(1248)-N1)-methyltransferase,262,EMG1,74940,Oncorhynchus tshawytscha,Oncorhynchus tshawytscha (Chinook salmon),True,IPR005304,family,,262,36,262,CONTINUOUS
A0A8C8IBM8,18S rRNA (pseudouridine(1248)-N1)-methyltransferase,239,EMG1,74940,Oncorhynchus tshawytscha,Oncorhynchus tshawytscha (Chinook salmon),True,IPR005304,family,,239,11,239,CONTINUOUS
A0A8C8RSZ3,18S rRNA (pseudouridine(1248)-N1)-methyltransferase,245,,367368,Pelusios castaneus,Pelusios castaneus (West African mud turtle),True,IPR005304,family,,245,28,244,CONTINUOUS
A0A8C8UJE1,Ribosomal RNA small subunit methyltransferase NEP1,137,,230844,Peromyscus maniculatus bairdii,Peromyscus maniculatus bairdii (Prairie deer mouse),True,IPR005304,family,,137,16,129,CONTINUOUS
A0A8C8WIX3,18S rRNA (pseudouridine(1248)-N1)-methyltransferase,244,EMG1,9689,Panthera leo,Panthera leo (Lion),True,IPR005304,family,,244,12,244,CONTINUOUS
A0A8C8ZR53,18S rRNA (pseudouridine(1248)-N1)-methyltransferase,244,EMG1,1328070,Prolemur simus,Prolemur simus (Greater bamboo lemur),True,IPR005304,family,,244,12,244,CONTINUOUS
A0A8C9B8N0,18S rRNA (pseudouridine(1248)-N1)-methyltransferase,244,EMG1,42100,Phocoena sinus,Phocoena sinus (Vaquita),True,IPR005304,family,,244,12,244,CONTINUOUS
A0A8C9ETB4,18S rRNA (pseudouridine(1248)-N1)-methyltransferase,231,,9049,Pavo cristatus,Pavo cristatus (Indian peafowl),True,IPR005304,family,,231,11,230,CONTINUOUS
A0A8C9IP60,18S rRNA (pseudouridine(1248)-N1)-methyltransferase,244,EMG1,591936,Piliocolobus tephrosceles,Piliocolobus tephrosceles (Ugandan red Colobus),True,IPR005304,family,,244,12,244,CONTINUOUS
A0A8C9J422,18S rRNA (pseudouridine(1248)-N1)-methyltransferase,244,EMG1,74533,Panthera tigris altaica,Panthera tigris altaica (Siberian tiger),True,IPR005304,family,,244,12,244,CONTINUOUS
A0A8C9NMF6,18S rRNA (pseudouridine(1248)-N1)-methyltransferase,234,EMG1,9135,Serinus canaria,Serinus canaria (Island canary),True,IPR005304,family,,234,25,234,CONTINUOUS
A0A8C9Q9M5,18S rRNA (pseudouridine(1248)-N1)-methyltransferase,244,,99837,Spermophilus dauricus,Spermophilus dauricus (Daurian ground squirrel),True,IPR005304,family,,244,16,244,CONTINUOUS
A0A8C9R041,18S rRNA (pseudouridine(1248)-N1)-methyltransferase,239,EMG1,113540,Scleropages formosus,Scleropages formosus (Asian bonytongue),True,IPR005304,family,,239,12,239,CONTINUOUS
A0A8C9Y8A1,18S rRNA (pseudouridine(1248)-N1)-methyltransferase,238,emg1,283035,Sander lucioperca,Sander lucioperca (Pike-perch),True,IPR005304,family,,238,6,237,CONTINUOUS
A0A8D0E1C3,18S rRNA (pseudouridine(1248)-N1)-methyltransferase,231,,96440,Salvator merianae,Salvator merianae (Argentine black and white tegu),True,IPR005304,family,,231,22,230,CONTINUOUS
A0A8D0E1Z0,18S rRNA (pseudouridine(1248)-N1)-methyltransferase,151,,96440,Salvator merianae,Salvator merianae (Argentine black and white tegu),True,IPR005304,family,,151,1,150,CONTINUOUS
A0A8D0EQN3,18S rRNA (pseudouridine(1248)-N1)-methyltransferase,239,,311401,Strix occidentalis caurina,Strix occidentalis caurina (northern spotted owl),True,IPR005304,family,,239,26,238,CONTINUOUS
A0A8D0JJK3,18S rRNA (pseudouridine(1248)-N1)-methyltransferase,244,,9823,Sus scrofa,Sus scrofa (Pig),True,IPR005304,family,,244,12,243,CONTINUOUS
A0A8D0L9J6,18S rRNA (pseudouridine(1248)-N1)-methyltransferase,235,EMG1,8508,Sphenodon punctatus,Sphenodon punctatus (Tuatara),True,IPR005304,family,,235,28,234,CONTINUOUS
A0A8D1ETV0,18S rRNA (pseudouridine(1248)-N1)-methyltransferase,244,,9823,Sus scrofa,Sus scrofa (Pig),True,IPR005304,family,,244,12,243,CONTINUOUS
A0A8D2AIN1,18S rRNA (pseudouridine(1248)-N1)-methyltransferase,244,EMG1,55149,Sciurus vulgaris,Sciurus vulgaris (Eurasian red squirrel),True,IPR005304,family,,244,17,244,CONTINUOUS
A0A8D2EN96,18S rRNA (pseudouridine(1248)-N1)-methyltransferase,244,EMG1,9565,Theropithecus gelada,Theropithecus gelada (Gelada baboon),True,IPR005304,family,,244,12,244,CONTINUOUS
A0A8D2HMU7,18S rRNA (pseudouridine(1248)-N1)-methyltransferase,244,EMG1,9999,Urocitellus parryii,Urocitellus parryii (Arctic ground squirrel),True,IPR005304,family,,244,16,244,CONTINUOUS
A0A8D2J5J2,18S rRNA (pseudouridine(1248)-N1)-methyltransferase,229,EMG1,61221,Varanus komodoensis,Varanus komodoensis (Komodo dragon),True,IPR005304,family,,229,20,228,CONTINUOUS
A0A8D2NHI7,18S rRNA (pseudouridine(1248)-N1)-methyltransferase,151,EMG1,44394,Zonotrichia albicollis,Zonotrichia albicollis (White-throated sparrow),True,IPR005304,family,,151,1,151,CONTINUOUS
A0A8D2NKN9,18S rRNA (pseudouridine(1248)-N1)-methyltransferase,151,,1220523,Zosterops lateralis melanops,Zosterops lateralis melanops,True,IPR005304,family,,151,1,150,CONTINUOUS
A0A8D5U4S3,Ribosomal RNA small subunit methyltransferase Nep1,222,nep1,2824673,Stygiolobus caldivivus,Stygiolobus caldivivus,True,IPR005304,family,,222,4,213,CONTINUOUS
A0A8D6SWT7,Ribosomal RNA small subunit methyltransferase Nep1,204,nep,2546128,Methanocaldococcus lauensis,Methanocaldococcus lauensis,True,IPR005304,family,,204,2,202,CONTINUOUS
A0A8D8E5D2,18S rRNA (pseudouridine-N1)-methyltransferase,239,,7175,Culex pipiens,Culex pipiens (House mosquito),True,IPR005304,family,,239,10,239,CONTINUOUS
A0A8D8RH69,Ribosomal RNA small subunit methyltransferase NEP1,99,,428564,Cacopsylla melanoneura,Cacopsylla melanoneura,True,IPR005304,family,,99,1,58,CONTINUOUS
A0A8D8V3D8,18S rRNA (pseudouridine-N1)-methyltransferase,233,,428564,Cacopsylla melanoneura,Cacopsylla melanoneura,True,IPR005304,family,,233,22,232,CONTINUOUS
A0A8D8W510,18S rRNA (pseudouridine-N1)-methyltransferase,189,,428564,Cacopsylla melanoneura,Cacopsylla melanoneura,True,IPR005304,family,,189,3,188,CONTINUOUS
A0A8D8W668,18S rRNA (pseudouridine-N1)-methyltransferase,233,,428564,Cacopsylla melanoneura,Cacopsylla melanoneura,True,IPR005304,family,,233,22,232,CONTINUOUS
A0A8D9FBX5,18S rRNA (pseudouridine-N1)-methyltransferase,233,,428564,Cacopsylla melanoneura,Cacopsylla melanoneura,True,IPR005304,family,,233,22,232,CONTINUOUS
A0A8E0QJP7,Ribosomal RNA small subunit methyltransferase NEP1,254,Aud_002911,91492,Aspergillus udagawae,Aspergillus udagawae,True,IPR005304,family,,254,31,254,CONTINUOUS
A0A8E0VIK9,Ribosomal RNA small subunit methyltransferase NEP1,143,FBUS_10520,27845,Fasciolopsis buskii,Fasciolopsis buskii,True,IPR005304,family,,143,12,137,CONTINUOUS
A0A8E2AVB1,Nep1-domain-containing protein,250,OBBRIDRAFT_738774,1052685,Obba rivulosa,Obba rivulosa,True,IPR005304,family,,250,22,250,CONTINUOUS
A0A8E2F7G1,Nucleolar essential protein 1,275,AOQ84DRAFT_286103,574774,Glonium stellatum,Glonium stellatum,True,IPR005304,family,,275,51,275,CONTINUOUS
A0A8E2JJQ1,Nucleolar essential protein 1,258,K432DRAFT_287938,1314670,Lepidopterella palustris CBS 459.81,Lepidopterella palustris CBS 459.81,True,IPR005304,family,,258,34,258,CONTINUOUS
A0A8E5MH61,Nucleolar essential protein 1,282,UV8b_03847,1159556,Ustilaginoidea virens,Ustilaginoidea virens (Rice false smut fungus),True,IPR005304,family,,282,57,282,CONTINUOUS
A0A8F3AIN9,Ribosomal RNA small subunit methyltransferase NEP1,670,CA7LBN_003544,498019,Candidozyma auris,Candidozyma auris (Yeast),True,IPR005304,family,,670,4,258,CONTINUOUS
A0A8F5BMS8,Ribosomal RNA small subunit methyltransferase Nep1,223,nep1,523848,Saccharolobus shibatae (strain ATCC 51178 / DSM 5389 / JCM 8931 / NBRC 15437 / B12),Saccharolobus shibatae (strain ATCC 51178 / DSM 5389 / JCM 8931 / NBRC 15437 / B12),True,IPR005304,family,,223,7,218,CONTINUOUS
A0A8F5BUB4,Ribosomal RNA small subunit methyltransferase Nep1,218,nep1,2286,Saccharolobus shibatae,Saccharolobus shibatae,True,IPR005304,family,,218,3,213,CONTINUOUS
A0A8G0L6D5,Nucleolar essential protein 1,261,H0G86_003702,1491479,Trichoderma simmonsii,Trichoderma simmonsii,True,IPR005304,family,,261,36,261,CONTINUOUS
A0A8G1R2X9,Nucleolar essential protein 1,259,BO85DRAFT_371097,1448313,Aspergillus piperis CBS 112811,Aspergillus piperis CBS 112811,True,IPR005304,family,,259,33,259,CONTINUOUS
A0A8G1RR22,Nucleolar essential protein 1,254,BO72DRAFT_128427,1448319,Aspergillus fijiensis CBS 313.89,Aspergillus fijiensis CBS 313.89,True,IPR005304,family,,254,32,254,CONTINUOUS
A0A8H2VR40,Nucleolar essential protein 1,260,SCLTRI_LOCUS2906,28548,Sclerotinia trifoliorum,Sclerotinia trifoliorum,True,IPR005304,family,,260,30,260,CONTINUOUS
A0A8H2WMA7,Ribosomal RNA small subunit methyltransferase NEP1,338,RDB_LOCUS27769,456999,Rhizoctonia solani,Rhizoctonia solani,True,IPR005304,family,,338,77,338,CONTINUOUS
A0A8H2XKX1,Ribosomal RNA small subunit methyltransferase NEP1,333,RDB_LOCUS62841,456999,Rhizoctonia solani,Rhizoctonia solani,True,IPR005304,family,,333,67,333,CONTINUOUS
A0A8H2XSL3,Ribosomal RNA small subunit methyltransferase NEP1,334,RDB_LOCUS42670,456999,Rhizoctonia solani,Rhizoctonia solani,True,IPR005304,family,,334,73,334,CONTINUOUS
A0A8H2ZJ67,Ribosomal RNA small subunit methyltransferase NEP1,251,KABA2_03S08888,61262,Maudiozyma barnettii,Maudiozyma barnettii,True,IPR005304,family,,251,18,251,CONTINUOUS
A0A8H3AP10,CRAL-TRIO domain-containing protein,642,RDB_LOCUS60027,456999,Rhizoctonia solani,Rhizoctonia solani,True,IPR005304,family,,642,126,330,CONTINUOUS
A0A8H3BU11,Ribosomal RNA small subunit methyltransferase NEP1,329,RDB_LOCUS102157,456999,Rhizoctonia solani,Rhizoctonia solani,True,IPR005304,family,,329,75,329,CONTINUOUS
A0A8H3CNZ3,Ribosomal RNA small subunit methyltransferase NEP1,336,RDB_LOCUS94603,456999,Rhizoctonia solani,Rhizoctonia solani,True,IPR005304,family,,336,77,330,CONTINUOUS
A0A8H3CP67,CRAL-TRIO domain-containing protein,616,RDB_LOCUS80909,456999,Rhizoctonia solani,Rhizoctonia solani,True,IPR005304,family,,616,120,319,CONTINUOUS
A0A8H3DXX9,Ribosomal RNA small subunit methyltransferase NEP1,256,RDB_LOCUS43566,456999,Rhizoctonia solani,Rhizoctonia solani,True,IPR005304,family,,256,68,256,CONTINUOUS
A0A8H3DYA6,Ribosomal RNA small subunit methyltransferase NEP1,317,RDB_LOCUS43565,456999,Rhizoctonia solani,Rhizoctonia solani,True,IPR005304,family,,317,70,317,CONTINUOUS
A0A8H3EKV3,Ribosomal RNA small subunit methyltransferase NEP1,257,EMG1,1903189,Alectoria fallacina,Alectoria fallacina,True,IPR005304,family,,257,32,257,CONTINUOUS
A0A8H3F378,Ribosomal RNA small subunit methyltransferase NEP1,270,EMG1,1940652,Gomphillus americanus,Gomphillus americanus,True,IPR005304,family,,270,48,270,CONTINUOUS
A0A8H3G6M9,Ribosomal RNA small subunit methyltransferase NEP1,259,EMG1,116794,Heterodermia speciosa,Heterodermia speciosa,True,IPR005304,family,,259,36,259,CONTINUOUS
A0A8H3GC91,Ribosomal RNA small subunit methyltransferase NEP1,339,RDB_LOCUS54356,456999,Rhizoctonia solani,Rhizoctonia solani,True,IPR005304,family,,339,75,339,CONTINUOUS
A0A8H3HHJ9,Ribosomal RNA small subunit methyltransferase NEP1,339,RDB_LOCUS176515,456999,Rhizoctonia solani,Rhizoctonia solani,True,IPR005304,family,,339,75,339,CONTINUOUS
A0A8H3I8D3,Ribosomal RNA small subunit methyltransferase NEP1,257,EMG1,172621,Imshaugia aleurites,Imshaugia aleurites,True,IPR005304,family,,257,32,257,CONTINUOUS
A0A8H3V4N2,Nucleolar essential protein 1,299,EMG1,5025,Venturia inaequalis,Venturia inaequalis (Apple scab fungus),True,IPR005304,family,,299,75,299,CONTINUOUS
A0A8H3VVJ1,Nucleolar essential protein 1,285,EG327_008101,5025,Venturia inaequalis,Venturia inaequalis (Apple scab fungus),True,IPR005304,family,,285,61,285,CONTINUOUS
A0A8H3YHE2,Ribosomal RNA small subunit methyltransferase NEP1,300,NliqN6_5675,104408,Naganishia liquefaciens,Naganishia liquefaciens,True,IPR005304,family,,300,25,300,CONTINUOUS
A0A8H3ZG80,Ribosomal RNA small subunit methyltransferase NEP1,261,GQ607_017800,702518,Colletotrichum asianum,Colletotrichum asianum,True,IPR005304,family,,261,36,260,CONTINUOUS
A0A8H4BKF8,Ribosomal RNA small subunit methyltransferase NEP1,244,FB192DRAFT_1369133,29924,Mucor circinelloides f. lusitanicus,Mucor circinelloides f. lusitanicus,True,IPR005304,family,,244,4,244,CONTINUOUS
A0A8H4EKC9,NEP1-domain-containing protein,327,F8M41_019820,4874,Gigaspora margarita,Gigaspora margarita,True,IPR005304,family,,327,80,325,CONTINUOUS
A0A8H4F6F3,Ribosomal RNA small subunit methyltransferase NEP1,260,FB192DRAFT_1362003,29924,Mucor circinelloides f. lusitanicus,Mucor circinelloides f. lusitanicus,True,IPR005304,family,,260,12,260,CONTINUOUS
A0A8H4GK91,RNA processing protein Emg1,254,CNMCM6805_007015,340414,Aspergillus fumigatiaffinis,Aspergillus fumigatiaffinis,True,IPR005304,family,,254,31,254,CONTINUOUS
A0A8H4JUX4,Ribosomal RNA small subunit methyltransferase NEP1,259,FACUT_4903,78861,Fusarium acutatum,Fusarium acutatum,True,IPR005304,family,,259,37,259,CONTINUOUS
A0A8H4KQN5,Ribosomal RNA small subunit methyltransferase NEP1,259,F53441_3784,2364996,Fusarium austroafricanum,Fusarium austroafricanum,True,IPR005304,family,,259,37,259,CONTINUOUS
A0A8H4NB08,Nucleolar essential protein 1 protein,286,GTA08_BOTSDO06684,55169,Botryosphaeria dothidea,Botryosphaeria dothidea,True,IPR005304,family,,286,17,286,CONTINUOUS
A0A8H4PJ09,Ribosomal RNA small subunit methyltransferase NEP1,261,FALBO_9442,1237068,Fusarium albosuccineum,Fusarium albosuccineum,True,IPR005304,family,,261,34,261,CONTINUOUS
A0A8H4PXA5,Nucleolar essential protein 1,261,G6O67_001328,72228,Ophiocordyceps sinensis,Ophiocordyceps sinensis,True,IPR005304,family,,261,35,261,CONTINUOUS
A0A8H4Q977,Ribosomal RNA small subunit methyltransferase NEP1,262,GQ602_001787,2030778,Ophiocordyceps camponoti-floridani,Ophiocordyceps camponoti-floridani,True,IPR005304,family,,262,38,262,CONTINUOUS
A0A8H4QSA5,Nep1-domain-containing protein,387,D9613_011417,84607,Agrocybe pediades,Agrocybe pediades,True,IPR005304,family,,387,135,387,CONTINUOUS
A0A8H4QZQ4,Uncharacterized protein,938,G7Y89_g14638,354080,Cudoniella acicularis,Cudoniella acicularis,True,IPR005304,family,,938,25,229,CONTINUOUS
A0A8H4TFW3,Ribosomal RNA small subunit methyltransferase NEP1,259,FGADI_3169,282569,Fusarium gaditjirri,Fusarium gaditjirri,True,IPR005304,family,,259,37,259,CONTINUOUS
A0A8H4U034,Ribosomal RNA small subunit methyltransferase NEP1,259,FSARC_5310,1208366,Fusarium sarcochroum,Fusarium sarcochroum,True,IPR005304,family,,259,37,259,CONTINUOUS
A0A8H4UGU4,Ribosomal RNA small subunit methyltransferase NEP1,262,FZEAL_7203,1053134,Fusarium zealandicum,Fusarium zealandicum,True,IPR005304,family,,262,35,262,CONTINUOUS
A0A8H5C962,Nep1-domain-containing protein,425,D9611_002947,980116,Ephemerocybe angulata,Ephemerocybe angulata,True,IPR005304,family,,425,160,425,CONTINUOUS
A0A8H5CWI7,acyl-CoA oxidase,1089,D9758_011761,182062,Tetrapyrgos nigripes,Tetrapyrgos nigripes,True,IPR005304,family,,1089,211,420,CONTINUOUS
A0A8H5E2M9,Ribosomal RNA small subunit methyltransferase NEP1,259,FANTH_7746,48485,Fusarium anthophilum,Fusarium anthophilum,True,IPR005304,family,,259,37,259,CONTINUOUS
A0A8H5F2Y8,Nep1-domain-containing protein,425,D9619_001252,2480587,Psilocybe cf. subviscida,Psilocybe cf. subviscida,True,IPR005304,family,,425,165,425,CONTINUOUS
A0A8H5GEE3,Nucleolar essential protein 1,413,D9756_000977,201217,Leucocoprinus leucothites,Leucocoprinus leucothites,True,IPR005304,family,,413,179,412,CONTINUOUS
A0A8H5HYI0,Nep1-domain-containing protein,389,D9757_001636,2823264,Collybiopsis confluens,Collybiopsis confluens,True,IPR005304,family,,389,153,388,CONTINUOUS
A0A8H5IZL0,Ribosomal RNA small subunit methyltransferase NEP1,259,FMEXI_5729,751941,Fusarium mexicanum,Fusarium mexicanum,True,IPR005304,family,,259,37,259,CONTINUOUS
A0A8H5JPX1,Ribosomal RNA small subunit methyltransferase NEP1,259,FNAPI_4828,42672,Fusarium napiforme,Fusarium napiforme,True,IPR005304,family,,259,37,259,CONTINUOUS
A0A8H5LAN3,Ribosomal RNA small subunit methyltransferase NEP1,259,FSUBG_11601,42677,Gibberella subglutinans,Gibberella subglutinans,True,IPR005304,family,,259,37,259,CONTINUOUS
A0A8H5MAU5,CRAL-TRIO domain-containing protein,961,D9615_000006,117010,Tricholomella constricta,Tricholomella constricta,True,IPR005304,family,,961,406,613,CONTINUOUS
A0A8H5N150,Ribosomal RNA small subunit methyltransferase NEP1,259,FPHYL_9571,47803,Fusarium phyllophilum,Fusarium phyllophilum,True,IPR005304,family,,259,37,259,CONTINUOUS
A0A8H5PYQ8,Ribosomal RNA small subunit methyltransferase NEP1,259,FPCIR_506,56676,Fusarium pseudocircinatum,Fusarium pseudocircinatum,True,IPR005304,family,,259,37,259,CONTINUOUS
A0A8H5TY38,Ribosomal RNA small subunit methyltransferase NEP1,259,FHETE_1776,42747,Fusarium heterosporum,Fusarium heterosporum,True,IPR005304,family,,259,37,259,CONTINUOUS
A0A8H5V185,Ribosomal RNA small subunit methyltransferase NEP1,259,FPANT_995,48495,Fusarium pseudoanthophilum,Fusarium pseudoanthophilum,True,IPR005304,family,,259,37,259,CONTINUOUS
A0A8H5VTQ1,Ribosomal RNA small subunit methyltransferase NEP1,259,FTJAE_6854,1567544,Fusarium tjaetaba,Fusarium tjaetaba,True,IPR005304,family,,259,37,259,CONTINUOUS
A0A8H5XEG7,Ribosomal RNA small subunit methyltransferase NEP1,259,FCIRC_106,48490,Fusarium circinatum,Fusarium circinatum (Pitch canker fungus),True,IPR005304,family,,259,37,259,CONTINUOUS
A0A8H6BR45,Ribosomal RNA small subunit methyltransferase NEP1,204,EMG1,5476,Candida albicans,Candida albicans (Yeast),True,IPR005304,family,,204,2,203,CONTINUOUS
A0A8H6C8N1,Ribosomal RNA small subunit methyltransferase NEP1,257,HO133_006002,560253,Letharia lupina,Letharia lupina,True,IPR005304,family,,257,34,257,CONTINUOUS
A0A8H6CUI9,Ribosomal RNA small subunit methyltransferase NEP1,259,FDENT_2759,48507,Fusarium denticulatum,Fusarium denticulatum,True,IPR005304,family,,259,37,259,CONTINUOUS
A0A8H6D966,Ribosomal RNA small subunit methyltransferase NEP1,259,FGLOB1_7190,78864,Fusarium globosum,Fusarium globosum,True,IPR005304,family,,259,37,259,CONTINUOUS
A0A8H6DPX7,Ribosomal RNA small subunit methyltransferase NEP1,259,FMUND_254,1567541,Fusarium mundagurra,Fusarium mundagurra,True,IPR005304,family,,259,37,259,CONTINUOUS
A0A8H6ELA0,Ribosomal RNA small subunit methyltransferase NEP1,250,Bfra_002826,1964551,Botrytis fragariae,Botrytis fragariae,True,IPR005304,family,,250,25,250,CONTINUOUS
A0A8H6G5S8,Ribosomal RNA small subunit methyltransferase NEP1,257,HO173_000888,112416,Letharia columbiana,Letharia columbiana,True,IPR005304,family,,257,34,257,CONTINUOUS
A0A8H6GQ06,Ribosomal RNA small subunit methyltransferase NEP1,259,HZS61_013871,100902,Fusarium oxysporum f. sp. conglutinans,Fusarium oxysporum f. sp. conglutinans,True,IPR005304,family,,259,37,259,CONTINUOUS
A0A8H6HKB0,Nep1-domain-containing protein,418,DFP72DRAFT_1145869,980116,Ephemerocybe angulata,Ephemerocybe angulata,True,IPR005304,family,,418,164,418,CONTINUOUS
A0A8H6INZ7,Essential for mitotic growth 1,281,CSOJ01_14827,2175907,Colletotrichum sojae,Colletotrichum sojae,True,IPR005304,family,,281,44,280,CONTINUOUS
A0A8H6JLP5,Essential for mitotic growth 1,281,CMUS01_12561,2175873,Colletotrichum musicola,Colletotrichum musicola,True,IPR005304,family,,281,44,280,CONTINUOUS
A0A8H6MYN8,Essential for mitotic growth 1,281,CPLU01_14722,2175906,Colletotrichum plurivorum,Colletotrichum plurivorum,True,IPR005304,family,,281,44,280,CONTINUOUS
A0A8H6Q867,RNA processing protein Emg1,254,CNMCM5623_001309,1287682,Aspergillus felis,Aspergillus felis,True,IPR005304,family,,254,31,254,CONTINUOUS
A0A8H6SLZ7,Nucleolar essential protein 1,369,MIND_00673100,2126181,Mycena indigotica,Mycena indigotica,True,IPR005304,family,,369,134,369,CONTINUOUS
A0A8H6TIU2,Nucleolar essential protein 1,358,HMN09_00317500,658473,Mycena chlorophos,Mycena chlorophos (Agaric fungus),True,IPR005304,family,,358,146,358,CONTINUOUS
A0A8H6UQQ0,Nucleolar essential protein 1,254,CNMCM6106_007301,1194566,Aspergillus hiratsukae,Aspergillus hiratsukae,True,IPR005304,family,,254,31,254,CONTINUOUS
A0A8H6VIG1,Nucleolar essential protein 1,257,HII31_07154,685502,Pseudocercospora fuligena,Pseudocercospora fuligena,True,IPR005304,family,,257,36,257,CONTINUOUS
A0A8H6WYQ4,Nucleolar essential protein 1,385,MVEN_02433200,2733690,Mycena venus,Mycena venus,True,IPR005304,family,,385,150,385,CONTINUOUS
A0A8H6Y8Y0,Nucleolar essential protein 1,464,MSAN_01393900,230812,Mycena sanguinolenta,Mycena sanguinolenta,True,IPR005304,family,,464,84,363,CONTINUOUS
A0A8H6ZWK8,Nep1-domain-containing protein,413,PC9H_005486,5322,Pleurotus ostreatus,Pleurotus ostreatus (Oyster mushroom),True,IPR005304,family,,413,181,413,CONTINUOUS
A0A8H7A4Q0,Ribosomal RNA small subunit methyltransferase NEP1,256,NEP1,364733,Endocarpon pusillum,Endocarpon pusillum,True,IPR005304,family,,256,32,256,CONTINUOUS
A0A8H7BCK4,VOC domain-containing protein,1004,GT037_000591,1187904,Alternaria burnsii,Alternaria burnsii,True,IPR005304,family,,1004,32,265,CONTINUOUS
A0A8H7BZ31,Nep1-domain-containing protein,261,EC973_008266,679940,Apophysomyces ossiformis,Apophysomyces ossiformis,True,IPR005304,family,,261,10,261,CONTINUOUS
A0A8H7CYB8,Nep1-domain-containing protein,284,MSAN_01393200,230812,Mycena sanguinolenta,Mycena sanguinolenta,True,IPR005304,family,,284,58,284,CONTINUOUS
A0A8H7ESW2,2Fe-2S ferredoxin-type domain-containing protein,401,EC973_000625,679940,Apophysomyces ossiformis,Apophysomyces ossiformis,True,IPR005304,family,,401,162,400,CONTINUOUS
A0A8H7F4P5,Nep1-domain-containing protein,386,Agabi119p4_5203,192524,Agaricus bisporus var. burnettii,Agaricus bisporus var. burnettii,True,IPR005304,family,,386,140,385,CONTINUOUS
A0A8H7GZ13,Ribosomal RNA small subunit methyltransferase NEP1,252,HF325_000323,27326,Metschnikowia pulcherrima,Metschnikowia pulcherrima,True,IPR005304,family,,252,8,252,CONTINUOUS
A0A8H7HC50,CRAL-TRIO domain-containing protein,700,RHS04_03560,456999,Rhizoctonia solani,Rhizoctonia solani,True,IPR005304,family,,700,125,327,CONTINUOUS
A0A8H7HTZ3,CRAL-TRIO domain-containing protein,648,RHS03_03214,456999,Rhizoctonia solani,Rhizoctonia solani,True,IPR005304,family,,648,125,326,CONTINUOUS
A0A8H7M4V1,CRAL-TRIO domain-containing protein,617,RHS01_02063,456999,Rhizoctonia solani,Rhizoctonia solani,True,IPR005304,family,,617,114,309,CONTINUOUS
A0A8H7MN07,Nucleolar essential protein 1,274,EKO04_000532,205686,Ascochyta lentis,Ascochyta lentis,True,IPR005304,family,,274,24,273,CONTINUOUS
A0A8H7NIY6,Ribosomal RNA small subunit methyltransferase NEP1,262,IM811_007517,29856,Bionectria ochroleuca,Bionectria ochroleuca,True,IPR005304,family,,262,35,262,CONTINUOUS
A0A8H7PZ48,Nudix hydrolase domain-containing protein,639,INT43_007373,91625,Mortierella isabellina,Mortierella isabellina (Filamentous fungus),True,IPR005304,family,,639,213,449,CONTINUOUS
A0A8H7Q1P7,Nep1-domain-containing protein,272,INT43_000712,91625,Mortierella isabellina,Mortierella isabellina (Filamentous fungus),True,IPR005304,family,,272,22,272,CONTINUOUS
A0A8H7Q9F8,Uncharacterized protein,250,INT44_004004,44442,Umbelopsis vinacea,Umbelopsis vinacea,True,IPR005304,family,,250,25,250,CONTINUOUS
A0A8H7R0I2,Uncharacterized protein,235,INT47_003176,64648,Mucor saturninus,Mucor saturninus,True,IPR005304,family,,235,9,235,CONTINUOUS
A0A8H7R5S7,Nep1-domain-containing protein,259,INT47_011633,64648,Mucor saturninus,Mucor saturninus,True,IPR005304,family,,259,16,259,CONTINUOUS
A0A8H7SGN6,Ribosomal RNA small subunit methyltransferase NEP1,223,INT45_011002,1195481,Circinella minor,Circinella minor,True,IPR005304,family,,223,17,221,CONTINUOUS
A0A8H7TBJ8,Nucleolar essential protein 1,249,EMG1,108018,Cadophora malorum,Cadophora malorum,True,IPR005304,family,,249,25,249,CONTINUOUS
A0A8H7UCR2,Nep1-domain-containing protein,270,INT44_007431,44442,Umbelopsis vinacea,Umbelopsis vinacea,True,IPR005304,family,,270,15,270,CONTINUOUS
A0A8H7UQB9,Nep1-domain-containing protein,260,INT46_004885,97098,Mucor plumbeus,Mucor plumbeus,True,IPR005304,family,,260,10,260,CONTINUOUS
A0A8H7VEQ2,Ribosomal RNA small subunit methyltransferase NEP1,246,INT46_009891,97098,Mucor plumbeus,Mucor plumbeus,True,IPR005304,family,,246,9,246,CONTINUOUS
A0A8H7VF77,Ribosomal RNA small subunit methyltransferase NEP1,269,INT45_004482,1195481,Circinella minor,Circinella minor,True,IPR005304,family,,269,22,269,CONTINUOUS
A0A8H7VN01,Nudix hydrolase domain-containing protein,382,INT48_003836,101142,Thamnidium elegans,Thamnidium elegans,True,IPR005304,family,,382,15,223,CONTINUOUS
A0A8H7Y1C7,Nucleolar essential protein 1,394,JR316_006283,181762,Psilocybe cubensis,Psilocybe cubensis (Psychedelic mushroom),True,IPR005304,family,,394,132,394,CONTINUOUS
A0A8H7YQC5,Nucleolar essential protein 1,258,EMG1,5037,Ajellomyces capsulatus,Ajellomyces capsulatus (Darling's disease fungus),True,IPR005304,family,,258,31,258,CONTINUOUS
A0A8H8D9B2,Ribosomal RNA small subunit methyltransferase NEP1,279,I9W82_005150,273372,Candida metapsilosis,Candida metapsilosis,True,IPR005304,family,,279,21,278,CONTINUOUS
A0A8H8DLY3,Nucleolar essential protein 1,435,BJ554DRAFT_4006,278681,Olpidium bornovanus,Olpidium bornovanus,True,IPR005304,family,,435,121,304,CONTINUOUS
A0A8H8NNZ5,CRAL-TRIO domain-containing protein,629,RhiXN_03847,456999,Rhizoctonia solani,Rhizoctonia solani,True,IPR005304,family,,629,125,302,CONTINUOUS
A0A8H8RG54,Ribosomal RNA small subunit methyltransferase NEP1,248,EMG1,215460,Lachnellula occidentalis,Lachnellula occidentalis,True,IPR005304,family,,248,25,248,CONTINUOUS
A0A8H8RIW5,Ribosomal RNA small subunit methyltransferase NEP1,296,EMG1,602034,Lachnellula subtilissima,Lachnellula subtilissima,True,IPR005304,family,,296,71,296,CONTINUOUS
A0A8H8TVR3,Ribosomal RNA small subunit methyltransferase NEP1,248,EMG1,1316788,Lachnellula hyalina,Lachnellula hyalina,True,IPR005304,family,,248,25,248,CONTINUOUS
A0A8H8WN65,Essential for mitotic growth 1,261,GCG54_00015623,474922,Colletotrichum gloeosporioides,Colletotrichum gloeosporioides (Anthracnose fungus),True,IPR005304,family,,261,36,260,CONTINUOUS
A0A8I2YNG7,EMG1/NEP1 methyltransferase-domain-containing protein,295,JVT61DRAFT_3339,495285,Boletus reticuloceps,Boletus reticuloceps,True,IPR005304,family,,295,97,266,CONTINUOUS
A0A8I2ZQE1,Ribosomal RNA small subunit methyltransferase NEP1,264,HYQ45_007485,100787,Verticillium longisporum,Verticillium longisporum,True,IPR005304,family,,264,40,264,CONTINUOUS
A0A8I3PLM1,18S rRNA (pseudouridine(1248)-N1)-methyltransferase,244,EMG1,9615,Canis lupus familiaris,Canis lupus familiaris (Dog),True,IPR005304,family,,244,12,244,CONTINUOUS
A0A8I6RVT9,18S rRNA (pseudouridine-N1)-methyltransferase,233,,79782,Cimex lectularius,Cimex lectularius (Bed bug),True,IPR005304,family,,233,6,232,CONTINUOUS
A0A8I7BJW0,Ribosomal RNA small subunit methyltransferase NEP1,278,LOC123413543,112509,Hordeum vulgare subsp. vulgare,Hordeum vulgare subsp. vulgare (Domesticated barley),True,IPR005304,family,,278,47,277,CONTINUOUS
A0A8J1UH57,Uncharacterized protein,231,OFUS_LOCUS11432,6347,Owenia fusiformis,Owenia fusiformis (Polychaete worm),True,IPR005304,family,,231,7,230,CONTINUOUS
A0A8J2HM40,18S rRNA (pseudouridine-N1)-methyltransferase,521,HICCMSTLAB_LOCUS10778,51543,Cotesia congregata,Cotesia congregata (Parasitoid wasp),True,IPR005304,family,,521,35,216,CONTINUOUS
A0A8J2HM40,18S rRNA (pseudouridine-N1)-methyltransferase,521,HICCMSTLAB_LOCUS10778,51543,Cotesia congregata,Cotesia congregata (Parasitoid wasp),True,IPR005304,family,,521,298,517,CONTINUOUS
A0A8J2HMT8,Similar to Emg1: Ribosomal RNA small subunit methyltransferase NEP1 (Mus musculus),214,HICCMSTLAB_LOCUS10819,51543,Cotesia congregata,Cotesia congregata (Parasitoid wasp),True,IPR005304,family,,214,45,135,CONTINUOUS
A0A8J2J2D4,Ribosomal RNA small subunit methyltransferase NEP1,259,FEQUK3_LOCUS11035,61235,Fusarium equiseti,Fusarium equiseti,True,IPR005304,family,,259,37,259,CONTINUOUS
A0A8J2MD25,18S rRNA (pseudouridine-N1)-methyltransferase,232,CJOHNSTONI_LOCUS10107,2874296,Cercopithifilaria johnstoni,Cercopithifilaria johnstoni,True,IPR005304,family,,232,9,227,CONTINUOUS
A0A8J2N2U7,Nucleolar essential protein 1,301,ALTATR162_LOCUS2222,119953,Alternaria atra,Alternaria atra,True,IPR005304,family,,301,30,268,CONTINUOUS
A0A8J2PFQ9,18S rRNA (pseudouridine-N1)-methyltransferase,237,AFUS01_LOCUS37808,39272,Allacma fusca,Allacma fusca,True,IPR005304,family,,237,6,236,CONTINUOUS
A0A8J2TC05,Ribosomal RNA small subunit methyltransferase NEP1,252,BN860_01376g,1333698,Zygosaccharomyces bailii (strain CLIB 213 / ATCC 58445 / CBS 680 / BCRC 21525 / NBRC 1098 / NCYC 1416 / NRRL Y-2227),Zygosaccharomyces bailii (strain CLIB 213 / ATCC 58445 / CBS 680 / BCRC 21525 / NBRC 1098 / NCYC 1416 / NRRL Y-2227),True,IPR005304,family,,252,14,252,CONTINUOUS
A0A8J2W7Y9,18S rRNA (pseudouridine-N1)-methyltransferase,236,DCHRY22_LOCUS11479,151541,Danaus chrysippus,Danaus chrysippus (African queen),True,IPR005304,family,,236,4,236,CONTINUOUS
A0A8J2WDQ5,18S rRNA (pseudouridine-N1)-methyltransferase,237,DGAL_LOCUS5788,27404,Daphnia galeata,Daphnia galeata,True,IPR005304,family,,237,4,236,CONTINUOUS
A0A8J2WRP7,Ribosomal RNA small subunit methyltransferase NEP1,221,PECAL_5P25550,35677,Pelagomonas calceolata,Pelagomonas calceolata,True,IPR005304,family,,221,6,216,CONTINUOUS
A0A8J4BRQ9,Ribosomal RNA small subunit methyltransferase NEP1,229,Vafri_20898,51714,Volvox africanus,Volvox africanus,True,IPR005304,family,,229,14,229,CONTINUOUS
A0A8J4FT22,Ribosomal RNA small subunit methyltransferase NEP1,230,Vretimale_19532,1737510,Volvox reticuliferus,Volvox reticuliferus,True,IPR005304,family,,230,14,230,CONTINUOUS
A0A8J4IHR0,18S rRNA (pseudouridine(1248)-N1)-methyltransferase,206,Emg1,156760,Spheniscus mendiculus,Spheniscus mendiculus (Galapagos penguin),True,IPR005304,family,,206,3,205,CONTINUOUS
A0A8J4JFB4,18S rRNA (pseudouridine(1248)-N1)-methyltransferase,206,Emg1,92688,Eudyptes sclateri,Eudyptes sclateri (Erect-crested penguin),True,IPR005304,family,,206,3,205,CONTINUOUS
A0A8J4KCR3,18S rRNA (pseudouridine(1248)-N1)-methyltransferase,206,Emg1,37083,Eudyptula minor,Eudyptula minor (Little blue penguin),True,IPR005304,family,,206,3,205,CONTINUOUS
A0A8J4KF97,18S rRNA (pseudouridine(1248)-N1)-methyltransferase,206,Emg1,79626,Eudyptes chrysocome,Eudyptes chrysocome (Western rockhopper penguin),True,IPR005304,family,,206,3,205,CONTINUOUS
A0A8J4PZQ6,Ribosome biogenesis protein,310,CYY_001504,133409,Polysphondylium violaceum,Polysphondylium violaceum,True,IPR005304,family,,310,11,310,CONTINUOUS
A0A8J4QNR2,Ribosomal RNA small subunit methyltransferase NEP1,272,CMV_023031,60419,Castanea mollissima,Castanea mollissima (Chinese chestnut),True,IPR005304,family,,272,52,262,CONTINUOUS
A0A8J4QRW9,Uncharacterized protein,272,CMV_023031,60419,Castanea mollissima,Castanea mollissima (Chinese chestnut),True,IPR005304,family,,272,52,263,CONTINUOUS
A0A8J4S1U5,Ribosomal RNA small subunit methyltransferase NEP1,271,CMV_000125,60419,Castanea mollissima,Castanea mollissima (Chinese chestnut),True,IPR005304,family,,271,32,271,CONTINUOUS
A0A8J4SD45,Ribosomal RNA small subunit methyltransferase NEP1,219,G195_008060,1284355,Phytophthora kernoviae 00238/432,Phytophthora kernoviae 00238/432,True,IPR005304,family,,219,5,219,CONTINUOUS
A0A8J4SK20,Ribosomal RNA small subunit methyltransferase NEP1,240,PHET_10126,100268,Paragonimus heterotremus,Paragonimus heterotremus,True,IPR005304,family,,240,14,231,CONTINUOUS
A0A8J4U920,Zyxin,1032,zyx,1594786,Clarias magur,Clarias magur (Asian catfish),True,IPR005304,family,,1032,881,1031,CONTINUOUS
A0A8J4UWQ9,18S rRNA (pseudouridine(1248)-N1)-methyltransferase,206,Emg1,9234,Aptenodytes patagonicus,Aptenodytes patagonicus (King penguin),True,IPR005304,family,,206,3,205,CONTINUOUS
A0A8J5CTX9,18S rRNA (pseudouridine-N1)-methyltransferase,236,Emg1,41210,Chionoecetes opilio,Chionoecetes opilio (Atlantic snow crab),True,IPR005304,family,,236,1,235,CONTINUOUS
A0A8J5GTB3,Ribosomal RNA small subunit methyltransferase NEP1,281,ZIOFF_027534,94328,Zingiber officinale,Zingiber officinale (Ginger),True,IPR005304,family,,281,49,280,CONTINUOUS
A0A8J5GZC8,Ribosomal RNA small subunit methyltransferase NEP1,279,ZIOFF_023589,94328,Zingiber officinale,Zingiber officinale (Ginger),True,IPR005304,family,,279,49,278,CONTINUOUS
A0A8J5KFE8,18S rRNA (pseudouridine-N1)-methyltransferase,209,EMG1-L,6706,Homarus americanus,Homarus americanus (American lobster),True,IPR005304,family,,209,9,209,CONTINUOUS
A0A8J5MIN1,Ribosome biogenesis protein NEP1,222,JG688_00000374,2496075,Phytophthora aleatoria,Phytophthora aleatoria,True,IPR005304,family,,222,5,222,CONTINUOUS
A0A8J5Q7F1,Ribosomal RNA small subunit methyltransferase NEP1,259,NEP1,96318,Fusarium oxysporum f. sp. raphani,Fusarium oxysporum f. sp. raphani,True,IPR005304,family,,259,37,259,CONTINUOUS
A0A8J5S9M9,Nucleolar essential protein 1,288,GUJ93_ZPchr0002g26285,103762,Zizania palustris,Zizania palustris (Northern wild rice),True,IPR005304,family,,288,75,287,CONTINUOUS
A0A8J5SXK2,Uncharacterized protein,263,GUJ93_ZPchr0006g41892,103762,Zizania palustris,Zizania palustris (Northern wild rice),True,IPR005304,family,,263,45,263,CONTINUOUS
A0A8J5T6U0,Uncharacterized protein,285,GUJ93_ZPchr0006g41892,103762,Zizania palustris,Zizania palustris (Northern wild rice),True,IPR005304,family,,285,45,284,CONTINUOUS
A0A8J5TVC9,Ribosomal RNA small subunit methyltransferase NEP1,259,NEP1,485398,Fusarium oxysporum f. sp. rapae,Fusarium oxysporum f. sp. rapae,True,IPR005304,family,,259,37,259,CONTINUOUS
A0A8J5V4W1,Ribosomal RNA small subunit methyltransferase NEP1,256,J8A68_001122,561895,[Candida] subhashii,[Candida] subhashii,True,IPR005304,family,,256,7,255,CONTINUOUS
A0A8J5X2Q3,Ribosomal RNA small subunit methyltransferase NEP1,225,KFE25_013007,2081491,Diacronema lutheri,Diacronema lutheri (Unicellular marine alga),True,IPR005304,family,,225,11,224,CONTINUOUS
A0A8J5YC58,Ribosomal RNA small subunit methyltransferase NEP1,285,CXB51_032027,47600,Gossypium anomalum,Gossypium anomalum,True,IPR005304,family,,285,34,285,CONTINUOUS
A0A8J5YC95,Uncharacterized protein,383,CXB51_031774,47600,Gossypium anomalum,Gossypium anomalum,True,IPR005304,family,,383,108,383,CONTINUOUS
A0A8J5ZRQ4,18S rRNA (pseudouridine(1248)-N1)-methyltransferase,259,J0S82_007979,202257,Galemys pyrenaicus,Galemys pyrenaicus (Iberian desman),True,IPR005304,family,,259,12,259,CONTINUOUS
A0A8J6B3Z9,Ribosomal biogenesis methyltransferase EMG1/NEP1,217,J8273_5439,201153,Carpediemonas membranifera,Carpediemonas membranifera,True,IPR005304,family,,217,6,216,CONTINUOUS
A0A8J6B6R1,"Ribosomal biogenesis, methyltransferase, EMG1/NEP1",224,J8273_4577,201153,Carpediemonas membranifera,Carpediemonas membranifera,True,IPR005304,family,,224,3,223,CONTINUOUS
A0A8J6CJM0,Ribosomal RNA small subunit methyltransferase NEP1,307,CXB51_031548,47600,Gossypium anomalum,Gossypium anomalum,True,IPR005304,family,,307,37,306,CONTINUOUS
A0A8J6FBV3,18S rRNA (pseudouridine(1248)-N1)-methyltransferase,229,GDO78_008047,57060,Eleutherodactylus coqui,Eleutherodactylus coqui (Puerto Rican coqui),True,IPR005304,family,,229,12,228,CONTINUOUS
A0A8J6KWM6,Ribosomal RNA small subunit methyltransferase NEP1,182,LTLLF_137530,79684,Microtus ochrogaster,Microtus ochrogaster (Prairie vole),True,IPR005304,family,,182,43,117,CONTINUOUS
A0A8J6KZY5,18S rRNA (pseudouridine(1248)-N1)-methyltransferase,244,LTLLF_102735,79684,Microtus ochrogaster,Microtus ochrogaster (Prairie vole),True,IPR005304,family,,244,12,244,CONTINUOUS
A0A8J7TIS1,18S rRNA (pseudouridine(1248)-N1)-methyltransferase,241,Emg1,7917,Atractosteus spatula,Atractosteus spatula (Alligator gar),True,IPR005304,family,,241,13,240,CONTINUOUS
A0A8J8CAP0,Ribosomal RNA small subunit methyltransferase Nep1,220,nep1,2823368,Candidatus Sysuiplasma superficiale,Candidatus Sysuiplasma superficiale,True,IPR005304,family,,220,2,216,CONTINUOUS
A0A8J8NLI5,Ribosomal RNA small subunit methyltransferase NEP1,276,FGO68_gene4597,5974,Halteria grandinella,Halteria grandinella,True,IPR005304,family,,276,21,276,CONTINUOUS
A0A8J8PCB1,Ribosome biogenesis protein,187,A3207_03690,1406512,Candidatus Methanomassiliicoccus intestinalis,Candidatus Methanomassiliicoccus intestinalis,True,IPR005304,family,,187,33,185,CONTINUOUS
A0A8J8WJJ2,Ribosomal RNA small subunit methyltransferase NEP1,257,PECM_006689,2839758,Penicillium ucsense,Penicillium ucsense,True,IPR005304,family,,257,32,257,CONTINUOUS
A0A8J8XFU7,18S rRNA (pseudouridine(1248)-N1)-methyltransferase,244,EGM_02926,9541,Macaca fascicularis,Macaca fascicularis (Crab-eating macaque),True,IPR005304,family,,244,12,244,CONTINUOUS
A0A8J8XZS0,Ribosomal RNA small subunit methyltransferase NEP1,286,Emg1,4577,Zea mays,Zea mays (Maize),True,IPR005304,family,,286,52,285,CONTINUOUS
A0A8J8Y867,18S rRNA (pseudouridine(1248)-N1)-methyltransferase,244,EGK_03301,9544,Macaca mulatta,Macaca mulatta (Rhesus macaque),True,IPR005304,family,,244,12,244,CONTINUOUS
A0A8J9UL96,18S rRNA (pseudouridine-N1)-methyltransferase,236,BINO364_LOCUS8320,405034,Brenthis ino,Brenthis ino (lesser marbled fritillary),True,IPR005304,family,,236,18,235,CONTINUOUS
A0A8J9VZM3,18S rRNA (pseudouridine(1248)-N1)-methyltransferase,235,EMG1,7740,Branchiostoma lanceolatum,Branchiostoma lanceolatum (Common lancelet),True,IPR005304,family,,235,20,234,CONTINUOUS
A0A8J9X9L5,Ribosome biogenesis protein NEP1,174,PTTT1_LOCUS55135,2850,Phaeodactylum tricornutum,Phaeodactylum tricornutum (Diatom),True,IPR005304,family,,174,1,174,CONTINUOUS
A0A8K0DK96,18S rRNA (pseudouridine-N1)-methyltransferase,238,ILUMI_01372,2038154,Ignelater luminosus,Ignelater luminosus (Cucubano),True,IPR005304,family,,238,1,237,CONTINUOUS
A0A8K0FL78,18S rRNA (pseudouridine(1248)-N1)-methyltransferase,206,Emg1,1419345,Eudyptes filholi,Eudyptes filholi (Southern rockhopper penguin),True,IPR005304,family,,206,3,205,CONTINUOUS
A0A8K0HEZ8,Small ribosomal subunit protein uS5c,586,FNV43_RR07552,2594499,Rhamnella rubrinervis,Rhamnella rubrinervis,True,IPR005304,family,,586,337,586,CONTINUOUS
A0A8K0HPA2,Ribosomal RNA small subunit methyltransferase NEP1,257,FNV43_RR01256,2594499,Rhamnella rubrinervis,Rhamnella rubrinervis,True,IPR005304,family,,257,27,256,CONTINUOUS
A0A8K0HRZ2,Ribosomal RNA small subunit methyltransferase NEP1,254,FNV43_RR01254,2594499,Rhamnella rubrinervis,Rhamnella rubrinervis,True,IPR005304,family,,254,53,239,CONTINUOUS
A0A8K0HX01,Putative ribosomal RNA small subunit methyltransferase nep-1,186,COCNU_01G016420,13894,Cocos nucifera,Cocos nucifera (Coconut palm),True,IPR005304,family,,186,13,165,CONTINUOUS
A0A8K0L0F8,Ribosomal RNA small subunit methyltransferase NEP1,322,KVT40_006946,2601811,Elsinoe batatas,Elsinoe batatas,True,IPR005304,family,,322,76,322,CONTINUOUS
A0A8K0NIP2,Nucleolar essential protein 1,261,EMG1,83212,Claviceps africana,Claviceps africana,True,IPR005304,family,,261,36,261,CONTINUOUS
A0A8K0NSS8,Uncharacterized protein,259,FFLO_03856,5210,Filobasidium floriforme,Filobasidium floriforme,True,IPR005304,family,,259,30,259,CONTINUOUS
A0A8K0P1W4,18S rRNA (pseudouridine-N1)-methyltransferase,237,J437_LFUL013323,123851,Ladona fulva,Ladona fulva (Scarce chaser dragonfly),True,IPR005304,family,,237,6,237,CONTINUOUS
A0A8K0RJQ5,Nucleolar essential protein 1,274,FB567DRAFT_19255,798071,Paraphoma chrysanthemicola,Paraphoma chrysanthemicola,True,IPR005304,family,,274,30,273,CONTINUOUS
A0A8K0RXL2,Ribosomal RNA small subunit methyltransferase NEP1,250,BKA59DRAFT_527767,61284,Fusarium tricinctum,Fusarium tricinctum,True,IPR005304,family,,250,28,250,CONTINUOUS
A0A8K0SUQ0,Ribosomal RNA small subunit methyltransferase NEP1,342,B0I35DRAFT_176540,80388,Stachybotrys elegans,Stachybotrys elegans,True,IPR005304,family,,342,117,342,CONTINUOUS
A0A8K0TNV8,Ribosomal RNA small subunit methyltransferase NEP1,261,B0T11DRAFT_293354,40658,Plectosphaerella cucumerina,Plectosphaerella cucumerina,True,IPR005304,family,,261,36,261,CONTINUOUS
A0A8K0XTB8,Nep1-domain-containing protein,377,BXZ70DRAFT_525806,1940300,Cristinia sonorae,Cristinia sonorae,True,IPR005304,family,,377,135,377,CONTINUOUS
A0A8K1C6C6,Ribosome biogenesis protein NEP1,219,Poli38472_006872,41045,Pythium oligandrum,Pythium oligandrum (Mycoparasitic fungus),True,IPR005304,family,,219,5,219,CONTINUOUS
A0A8K1GC17,18S rRNA (pseudouridine(1248)-N1)-methyltransferase,238,HGM15179_011735,364589,Zosterops borbonicus,Zosterops borbonicus,True,IPR005304,family,,238,14,237,CONTINUOUS
A0A8M1MEA2,18S rRNA (pseudouridine(1248)-N1)-methyltransferase,194,EMG1,29088,Neomonachus schauinslandi,Neomonachus schauinslandi (Hawaiian monk seal),True,IPR005304,family,,194,12,188,CONTINUOUS
A0A8P4G2P1,18S rRNA (pseudouridine(1248)-N1)-methyltransferase,237,emg1,13489,Dicentrarchus labrax,Dicentrarchus labrax (European seabass),True,IPR005304,family,,237,6,237,CONTINUOUS
A0A8R1ENL6,Ribosomal RNA small subunit methyltransferase NEP1,96,,281687,Caenorhabditis japonica,Caenorhabditis japonica,False,IPR005304,family,,96,2,89,CONTINUOUS
A0A8R1HNP3,18S rRNA (pseudouridine-N1)-methyltransferase,231,,281687,Caenorhabditis japonica,Caenorhabditis japonica,True,IPR005304,family,,231,11,231,CONTINUOUS
A0A8R7TT50,Ribosomal RNA small subunit methyltransferase NEP1,146,,4572,Triticum urartu,Triticum urartu (Red wild einkorn),True,IPR005304,family,,146,2,137,CONTINUOUS
A0A8S0SDJ1,Ribosomal RNA small subunit methyltransferase NEP1,82,OLEA9_A074656,158383,Olea europaea subsp. europaea,Olea europaea subsp. europaea,True,IPR005304,family,,82,11,78,CONTINUOUS
A0A8S0SDP1,Ribosomal RNA small subunit methyltransferase NEP1,89,OLEA9_A074656,158383,Olea europaea subsp. europaea,Olea europaea subsp. europaea,True,IPR005304,family,,89,11,80,CONTINUOUS
A0A8S0UPM0,Ribosomal RNA small subunit methyltransferase NEP1,279,OLEA9_A120061,158383,Olea europaea subsp. europaea,Olea europaea subsp. europaea,True,IPR005304,family,,279,32,279,CONTINUOUS
A0A8S0VN30,Ribosomal RNA small subunit methyltransferase NEP1,279,OLEA9_A103631,158383,Olea europaea subsp. europaea,Olea europaea subsp. europaea,True,IPR005304,family,,279,32,279,CONTINUOUS
A0A8S0XT45,Nep1-domain-containing protein,396,AAE3_LOCUS12957,1973307,Cyclocybe aegerita,Cyclocybe aegerita (Black poplar mushroom),True,IPR005304,family,,396,131,395,CONTINUOUS
A0A8S0ZST7,18S rRNA (pseudouridine-N1)-methyltransferase,236,APLA_LOCUS7562,874455,Arctia plantaginis,Arctia plantaginis (Wood tiger moth),True,IPR005304,family,,236,6,236,CONTINUOUS
A0A8S1BAX3,18S rRNA (pseudouridine-N1)-methyltransferase,236,APLA_LOCUS14954,874455,Arctia plantaginis,Arctia plantaginis (Wood tiger moth),True,IPR005304,family,,236,6,236,CONTINUOUS
A0A8S1C355,18S rRNA (pseudouridine-N1)-methyltransferase,263,CLODIP_2_CD05051,197152,Cloeon dipterum,Cloeon dipterum,True,IPR005304,family,,263,34,263,CONTINUOUS
A0A8S1EMQ0,18S rRNA (pseudouridine-N1)-methyltransferase,609,CBOVIS_LOCUS4733,2654633,Caenorhabditis bovis,Caenorhabditis bovis,True,IPR005304,family,,609,387,609,CONTINUOUS
A0A8S1GWU7,18S rRNA (pseudouridine-N1)-methyltransferase,231,CAUJ_LOCUS3724,2777116,Caenorhabditis auriculariae,Caenorhabditis auriculariae,True,IPR005304,family,,231,9,231,CONTINUOUS
A0A8S1J186,Ribosomal RNA small subunit methyltransferase NEP1,233,OSTQU699_LOCUS6487,121088,Ostreobium quekettii,Ostreobium quekettii,True,IPR005304,family,,233,16,232,CONTINUOUS
A0A8S1JUC5,Ribosomal RNA small subunit methyltransferase NEP1,225,PPRIM_AZ9-3.1.T0100007,5886,Paramecium primaurelia,Paramecium primaurelia,True,IPR005304,family,,225,10,224,CONTINUOUS
A0A8S1K6B1,Ribosomal RNA small subunit methyltransferase NEP1,225,PSON_ATCC_30995.1.T0040587,65129,Paramecium sonneborni,Paramecium sonneborni,True,IPR005304,family,,225,10,224,CONTINUOUS
A0A8S1KVI6,Ribosomal RNA small subunit methyltransferase NEP1,243,PPRIM_AZ9-3.1.T0250019,5886,Paramecium primaurelia,Paramecium primaurelia,True,IPR005304,family,,243,24,243,CONTINUOUS
A0A8S1L8Y0,Ribosomal RNA small subunit methyltransferase NEP1,245,PSON_ATCC_30995.1.T0170026,65129,Paramecium sonneborni,Paramecium sonneborni,True,IPR005304,family,,245,23,245,CONTINUOUS
A0A8S1LQ35,Ribosomal RNA small subunit methyltransferase NEP1,243,PSON_ATCC_30995.1.T0220015,65129,Paramecium sonneborni,Paramecium sonneborni,True,IPR005304,family,,243,27,243,CONTINUOUS
A0A8S1SXB0,Ribosomal RNA small subunit methyltransferase NEP1,225,PPENT_87.1.T0120495,43138,Paramecium pentaurelia,Paramecium pentaurelia,True,IPR005304,family,,225,10,224,CONTINUOUS
A0A8S1TA34,Ribosomal RNA small subunit methyltransferase NEP1,243,PPENT_87.1.T0190015,43138,Paramecium pentaurelia,Paramecium pentaurelia,True,IPR005304,family,,243,23,243,CONTINUOUS
A0A8S1TTM3,Ribosomal RNA small subunit methyltransferase NEP1,243,POCTA_138.1.T0300015,43137,Paramecium octaurelia,Paramecium octaurelia,True,IPR005304,family,,243,23,242,CONTINUOUS
A0A8S1U4C0,Ribosomal RNA small subunit methyltransferase NEP1,225,POCTA_138.1.T0360367,43137,Paramecium octaurelia,Paramecium octaurelia,True,IPR005304,family,,225,10,224,CONTINUOUS
A0A8S2AFR2,Ribosomal RNA small subunit methyltransferase NEP1,297,AARE701A_LOCUS13604,38785,Arabidopsis arenosa,Arabidopsis arenosa (Sand rock-cress),True,IPR005304,family,,297,50,297,CONTINUOUS
A0A8S2VEB2,Ribosomal RNA small subunit methyltransferase NEP1,215,TMI583_LOCUS43193,1234261,Didymodactylos carnosus,Didymodactylos carnosus,True,IPR005304,family,,215,6,215,CONTINUOUS
A0A8S3T4F1,EMG1,197,MEDL_41255,6550,Mytilus edulis,Mytilus edulis (Blue mussel),True,IPR005304,family,,197,16,191,CONTINUOUS
A0A8S3UV20,EMG1,173,MEDL_58026,6550,Mytilus edulis,Mytilus edulis (Blue mussel),True,IPR005304,family,,173,2,163,CONTINUOUS
A0A8S3XVH8,18S rRNA (pseudouridine-N1)-methyltransferase,236,PAPOLLO_LOCUS22297,110799,Parnassius apollo,Parnassius apollo (Apollo butterfly),True,IPR005304,family,,236,11,235,CONTINUOUS
A0A8S3YN39,Ribosomal RNA small subunit methyltransferase NEP1,264,CUNI_LOCUS1314,100452,Candidula unifasciata,Candidula unifasciata,True,IPR005304,family,,264,41,263,CONTINUOUS
A0A8S3Z9H9,Ribosomal RNA small subunit methyltransferase NEP1,230,CUNI_LOCUS9280,100452,Candidula unifasciata,Candidula unifasciata,True,IPR005304,family,,230,12,229,CONTINUOUS
A0A8S4BU78,18S rRNA (pseudouridine(1248)-N1)-methyltransferase,247,MMEN_LOCUS19473,238744,Menidia menidia,Menidia menidia (Atlantic silverside),True,IPR005304,family,,247,17,247,CONTINUOUS
A0A8S4E546,18S rRNA (pseudouridine-N1)-methyltransferase,234,PLXY2_LOCUS4449,51655,Plutella xylostella,Plutella xylostella (Diamondback moth),True,IPR005304,family,,234,6,233,CONTINUOUS
A0A8S4RBJ9,18S rRNA (pseudouridine-N1)-methyltransferase,236,jg14679,348720,Pararge aegeria aegeria,Pararge aegeria aegeria,True,IPR005304,family,,236,18,235,CONTINUOUS
A0A8S8ZL77,Uncharacterized protein,257,SMACR_08316,5147,Sordaria macrospora,Sordaria macrospora,True,IPR005304,family,,257,32,256,CONTINUOUS
A0A8S9EPU3,18S rRNA (pseudouridine(1248)-N1)-methyltransferase,206,Emg1,2052820,Eudyptula minor novaehollandiae,Eudyptula minor novaehollandiae (Australian little penguin),True,IPR005304,family,,206,3,205,CONTINUOUS
A0A8S9MT88,Uncharacterized protein,199,F2Q68_00041662,69181,Brassica cretica,Brassica cretica (Mustard),False,IPR005304,family,,199,48,177,CONTINUOUS
A0A8S9PVG8,Uncharacterized protein,422,F2Q69_00049239,69181,Brassica cretica,Brassica cretica (Mustard),False,IPR005304,family,,422,139,324,CONTINUOUS
A0A8S9YY89,Ribosomal RNA small subunit methyltransferase NEP1,237,EG68_10249,59628,Paragonimus skrjabini miyazakii,Paragonimus skrjabini miyazakii,True,IPR005304,family,,237,12,231,CONTINUOUS
A0A8T0BNC9,18S rRNA (pseudouridine(1248)-N1)-methyltransferase,211,HF521_017645,175797,Silurus meridionalis,Silurus meridionalis (Southern catfish),True,IPR005304,family,,211,3,211,CONTINUOUS
A0A8T0CF09,Ribosomal RNA small subunit methyltransferase NEP1,176,BT93_L5711,360336,Corymbia citriodora subsp. variegata,Corymbia citriodora subsp. variegata,True,IPR005304,family,,176,1,176,CONTINUOUS
A0A8T0DQ51,rRNA small subunit pseudouridine methyltransferase Nep1,240,P879_05353,34504,Paragonimus westermani,Paragonimus westermani,True,IPR005304,family,,240,14,231,CONTINUOUS
A0A8T0E5P8,18S rRNA (pseudouridine-N1)-methyltransferase,237,HNY73_019704,94029,Argiope bruennichi,Argiope bruennichi (Wasp spider),True,IPR005304,family,,237,14,236,CONTINUOUS
A0A8T0II91,Ribosomal RNA small subunit methyltransferase NEP1,198,KC19_3G066400,3225,Ceratodon purpureus,Ceratodon purpureus (Fire moss),True,IPR005304,family,,198,9,198,CONTINUOUS
A0A8T0IJ03,Ribosomal RNA small subunit methyltransferase NEP1,252,KC19_3G066400,3225,Ceratodon purpureus,Ceratodon purpureus (Fire moss),True,IPR005304,family,,252,18,252,CONTINUOUS
A0A8T0RWB7,Uncharacterized protein,263,PVAP13_5NG459300,38727,Panicum virgatum,Panicum virgatum (Blackwell switchgrass),True,IPR005304,family,,263,56,260,CONTINUOUS
A0A8T0RWQ0,Ribosomal RNA small subunit methyltransferase NEP1,286,PVAP13_5NG459300,38727,Panicum virgatum,Panicum virgatum (Blackwell switchgrass),True,IPR005304,family,,286,56,285,CONTINUOUS
A0A8T0S225,Ribosomal RNA small subunit methyltransferase NEP1,269,PVAP13_5NG459300,38727,Panicum virgatum,Panicum virgatum (Blackwell switchgrass),True,IPR005304,family,,269,82,268,CONTINUOUS
A0A8T0SMR8,Ribosomal RNA small subunit methyltransferase NEP1,287,PVAP13_5KG500900,38727,Panicum virgatum,Panicum virgatum (Blackwell switchgrass),True,IPR005304,family,,287,55,286,CONTINUOUS
A0A8T0WMQ0,Uncharacterized protein,262,PVAP13_1NG196400,38727,Panicum virgatum,Panicum virgatum (Blackwell switchgrass),True,IPR005304,family,,262,57,260,CONTINUOUS
A0A8T0WZG0,Uncharacterized protein,286,PVAP13_1NG196400,38727,Panicum virgatum,Panicum virgatum (Blackwell switchgrass),True,IPR005304,family,,286,59,285,CONTINUOUS
A0A8T0XCY6,Ribosomal RNA small subunit methyltransferase NEP1,283,PVAP13_1KG163200,38727,Panicum virgatum,Panicum virgatum (Blackwell switchgrass),True,IPR005304,family,,283,53,282,CONTINUOUS
A0A8T1MF96,Ribosomal RNA small subunit methyltransferase NEP1,238,CSKR_200611,79923,Clonorchis sinensis,Clonorchis sinensis (Chinese liver fluke),True,IPR005304,family,,238,11,228,CONTINUOUS
A0A8T1PGF2,Ribosomal RNA small subunit methyltransferase NEP1,286,CIPAW_09G046900,32201,Carya illinoinensis,Carya illinoinensis (Pecan),True,IPR005304,family,,286,49,286,CONTINUOUS
A0A8T1S9U6,18S rRNA (pseudouridine(1248)-N1)-methyltransferase,237,EMG1,8475,Chelydra serpentina,Chelydra serpentina (Snapping turtle),True,IPR005304,family,,237,19,236,CONTINUOUS
A0A8T1V1T1,Alpha/beta knot methyltransferase,222,JG687_00000248,29920,Phytophthora cactorum,Phytophthora cactorum,True,IPR005304,family,,222,5,222,CONTINUOUS
A0A8T1WIK0,Ribosome biogenesis protein NEP1,205,EMG1,221518,Phytophthora pseudosyringae,Phytophthora pseudosyringae,True,IPR005304,family,,205,5,205,CONTINUOUS
A0A8T1WIR2,Ribosome biogenesis protein NEP1,219,EMG1,109152,Phytophthora boehmeriae,Phytophthora boehmeriae,True,IPR005304,family,,219,5,219,CONTINUOUS
A0A8T1ZRC9,Ribosomal RNA small subunit methyltransferase NEP1,299,ISN45_Aa05g026010,1240361,Arabidopsis thaliana x Arabidopsis arenosa,Arabidopsis thaliana x Arabidopsis arenosa,True,IPR005304,family,,299,48,299,CONTINUOUS
A0A8T2A2W2,Ribosomal RNA small subunit methyltransferase NEP1,299,ISN44_As10g025990,45249,Arabidopsis suecica,Arabidopsis suecica (Swedish thale-cress),True,IPR005304,family,,299,48,299,CONTINUOUS
A0A8T2EY56,Ribosomal RNA small subunit methyltransferase NEP1,298,ISN45_At03g049980,1240361,Arabidopsis thaliana x Arabidopsis arenosa,Arabidopsis thaliana x Arabidopsis arenosa,True,IPR005304,family,,298,50,298,CONTINUOUS
A0A8T2FIG4,Ribosomal RNA small subunit methyltransferase NEP1,298,ISN44_As03g048810,45249,Arabidopsis suecica,Arabidopsis suecica (Swedish thale-cress),True,IPR005304,family,,298,50,298,CONTINUOUS
A0A8T2IAZ3,Uncharacterized protein,87,GDO86_018337,247094,Hymenochirus boettgeri,Hymenochirus boettgeri (Congo dwarf clawed frog),True,IPR005304,family,,87,1,86,CONTINUOUS
A0A8T2IGF5,18S rRNA (pseudouridine(1248)-N1)-methyltransferase,151,GDO86_019158,247094,Hymenochirus boettgeri,Hymenochirus boettgeri (Congo dwarf clawed frog),True,IPR005304,family,,151,1,150,CONTINUOUS
A0A8T2NXR7,Ribosomal RNA small subunit methyltransferase NEP1,213,JZ751_009474,121402,Albula glossodonta,Albula glossodonta (roundjaw bonefish),True,IPR005304,family,,213,9,207,CONTINUOUS
A0A8T2PYU6,Ribosomal RNA small subunit methyltransferase NEP1,180,KP509_39G015200,49495,Ceratopteris richardii,Ceratopteris richardii (Triangle waterfern),True,IPR005304,family,,180,6,174,CONTINUOUS
A0A8T2PYY4,Ribosomal RNA small subunit methyltransferase NEP1,217,KP509_39G015200,49495,Ceratopteris richardii,Ceratopteris richardii (Triangle waterfern),True,IPR005304,family,,217,6,217,CONTINUOUS
A0A8T2WZE1,Ribosomal RNA small subunit methyltransferase NEP1,282,H0E87_027282,3696,Populus deltoides,Populus deltoides (Eastern poplar),True,IPR005304,family,,282,44,282,CONTINUOUS
A0A8T2YNI5,Ribosomal RNA small subunit methyltransferase NEP1,281,H0E87_013474,3696,Populus deltoides,Populus deltoides (Eastern poplar),True,IPR005304,family,,281,39,281,CONTINUOUS
A0A8T3A6G8,Ribosomal RNA small subunit methyltransferase NEP1,269,KFK09_025978,94219,Dendrobium nobile,Dendrobium nobile (Orchid),True,IPR005304,family,,269,37,269,CONTINUOUS
A0A8T3A6V5,Uncharacterized protein,525,KFK09_026119,94219,Dendrobium nobile,Dendrobium nobile (Orchid),True,IPR005304,family,,525,191,248,CONTINUOUS
A0A8T3B9Y0,Ribosomal RNA small subunit methyltransferase NEP1,269,KFK09_013697,94219,Dendrobium nobile,Dendrobium nobile (Orchid),True,IPR005304,family,,269,56,269,CONTINUOUS
A0A8T3CN16,18S rRNA (pseudouridine(1248)-N1)-methyltransferase,238,AGOR_G00207580,1534307,Albula goreensis,Albula goreensis,True,IPR005304,family,,238,9,238,CONTINUOUS
A0A8T8X4H3,Nucleolar essential protein 1,254,BO86DRAFT_310192,1448312,Aspergillus japonicus CBS 114.51,Aspergillus japonicus CBS 114.51,True,IPR005304,family,,254,32,254,CONTINUOUS
A0A8T9AZX8,Ribosomal RNA small subunit methyltransferase NEP1,248,EMG1,1316785,Lachnellula arida,Lachnellula arida,True,IPR005304,family,,248,25,248,CONTINUOUS
A0A8T9C667,Ribosomal RNA small subunit methyltransferase NEP1,268,EMG1,602035,Lachnellula suecica,Lachnellula suecica,True,IPR005304,family,,268,45,268,CONTINUOUS
A0A8U0PXR6,18S rRNA (pseudouridine(1248)-N1)-methyltransferase,262,LOC120031278,8040,Salvelinus namaycush,Salvelinus namaycush (Lake trout),True,IPR005304,family,,262,36,262,CONTINUOUS
A0A8U0QSG1,18S rRNA (pseudouridine(1248)-N1)-methyltransferase,237,emg1,8040,Salvelinus namaycush,Salvelinus namaycush (Lake trout),True,IPR005304,family,,237,11,237,CONTINUOUS
A0A8U0WL09,18S rRNA (pseudouridine-N1)-methyltransferase,257,LOC119635198,7396,Glossina fuscipes,Glossina fuscipes,True,IPR005304,family,,257,23,256,CONTINUOUS
A0A8W8K272,Ribosomal RNA small subunit methyltransferase NEP1,228,,29159,Magallana gigas,Magallana gigas (Pacific oyster),True,IPR005304,family,,228,6,228,CONTINUOUS
A0A8W8K4T3,Ribosomal RNA small subunit methyltransferase NEP1,224,,29159,Magallana gigas,Magallana gigas (Pacific oyster),True,IPR005304,family,,224,5,224,CONTINUOUS
A0A8X6IKG4,18S rRNA (pseudouridine-N1)-methyltransferase,236,CG3527,2740835,Trichonephila clavata,Trichonephila clavata (Joro spider),True,IPR005304,family,,236,8,235,CONTINUOUS
A0A8X6PAY2,18S rRNA (pseudouridine-N1)-methyltransferase,236,CG3527,299642,Nephila pilipes,Nephila pilipes (Giant wood spider),True,IPR005304,family,,236,13,235,CONTINUOUS
A0A8X7BUF9,18S rRNA (pseudouridine-N1)-methyltransferase,237,CG3527,2747483,Trichonephila inaurata madagascariensis,Trichonephila inaurata madagascariensis,True,IPR005304,family,,237,7,236,CONTINUOUS
A0A8X7MUG8,Ribosomal RNA small subunit methyltransferase NEP1,416,A4X06_0g3450,13291,Tilletia controversa,Tilletia controversa (dwarf bunt fungus),True,IPR005304,family,,416,150,416,CONTINUOUS
A0A8X7PVX5,Ribosomal RNA small subunit methyltransferase NEP1,294,Bca52824_077556,52824,Brassica carinata,Brassica carinata (Ethiopian mustard),True,IPR005304,family,,294,54,294,CONTINUOUS
A0A8X7QN59,Cyclin-like domain-containing protein,307,Bca52824_056054,52824,Brassica carinata,Brassica carinata (Ethiopian mustard),True,IPR005304,family,,307,37,97,CONTINUOUS
A0A8X7R7F6,Cyclin-like domain-containing protein,323,Bca52824_051129,52824,Brassica carinata,Brassica carinata (Ethiopian mustard),True,IPR005304,family,,323,89,176,CONTINUOUS
A0A8X7T6Y0,Ribosomal RNA small subunit methyltransferase NEP1,417,A4X09_0g1213,117179,Tilletia walkeri,Tilletia walkeri,True,IPR005304,family,,417,152,417,CONTINUOUS
A0A8X7TD87,Ribosomal RNA small subunit methyltransferase NEP1,289,NEP1,5480,Candida parapsilosis,Candida parapsilosis (Yeast),True,IPR005304,family,,289,36,288,CONTINUOUS
A0A8X7TXB4,Ribosomal RNA small subunit methyltransferase NEP1,292,Bca52824_077489,52824,Brassica carinata,Brassica carinata (Ethiopian mustard),True,IPR005304,family,,292,49,292,CONTINUOUS
A0A8X7WAC6,Nucleolar essential protein 1,297,Bca52824_007626,52824,Brassica carinata,Brassica carinata (Ethiopian mustard),True,IPR005304,family,,297,52,297,CONTINUOUS
A0A8X7XKA0,18S rRNA (pseudouridine(1248)-N1)-methyltransferase,561,Emg1,55291,Polypterus senegalus,Polypterus senegalus (Senegal bichir),True,IPR005304,family,,561,367,560,CONTINUOUS
A0A8X7Y5W4,Nucleolar essential protein-related,282,POTOM_051342,118781,Populus tomentosa,Populus tomentosa (Chinese white poplar),True,IPR005304,family,,282,42,282,CONTINUOUS
A0A8X7ZDU0,Ribosomal RNA small subunit methyltransferase NEP1,302,POTOM_024724,118781,Populus tomentosa,Populus tomentosa (Chinese white poplar),True,IPR005304,family,,302,41,295,CONTINUOUS
A0A8X7ZJS4,Ribosomal RNA small subunit methyltransferase NEP1,302,POTOM_022541,118781,Populus tomentosa,Populus tomentosa (Chinese white poplar),True,IPR005304,family,,302,41,295,CONTINUOUS
A0A8X8C0A4,Nucleolar essential protein-related,282,POTOM_052407,118781,Populus tomentosa,Populus tomentosa (Chinese white poplar),True,IPR005304,family,,282,44,282,CONTINUOUS
A0A8X8WMR7,rRNA small subunit pseudouridine methyltransferase Nep1,321,SASPL_143475,180675,Salvia splendens,Salvia splendens (Scarlet sage),True,IPR005304,family,,321,26,265,CONTINUOUS
A0A8X8WRX9,rRNA small subunit pseudouridine methyltransferase Nep1,272,SASPL_141130,180675,Salvia splendens,Salvia splendens (Scarlet sage),True,IPR005304,family,,272,26,272,CONTINUOUS
A0A8X8XLS0,rRNA small subunit pseudouridine methyltransferase Nep1,264,SASPL_126400,180675,Salvia splendens,Salvia splendens (Scarlet sage),True,IPR005304,family,,264,6,257,CONTINUOUS
A0A8X8ZMQ6,rRNA small subunit pseudouridine methyltransferase Nep1,179,SASPL_129151,180675,Salvia splendens,Salvia splendens (Scarlet sage),True,IPR005304,family,,179,1,172,CONTINUOUS
A0A913Y5U4,Ribosomal RNA small subunit methyltransferase NEP1,231,,2652724,Exaiptasia diaphana,Exaiptasia diaphana (Tropical sea anemone),True,IPR005304,family,,231,4,230,CONTINUOUS
A0A914BK13,Ribosomal RNA small subunit methyltransferase NEP1,234,,46514,Patiria miniata,Patiria miniata (Bat star),True,IPR005304,family,,234,4,233,CONTINUOUS
A0A914DG20,18S rRNA (pseudouridine-N1)-methyltransferase,231,,290746,Acrobeloides nanus,Acrobeloides nanus,True,IPR005304,family,,231,4,230,CONTINUOUS
A0A914HZD1,18S rRNA (pseudouridine-N1)-methyltransferase,241,,31243,Globodera rostochiensis,Globodera rostochiensis (Golden nematode worm),True,IPR005304,family,,241,21,241,CONTINUOUS
A0A914V2D4,18S rRNA (pseudouridine-N1)-methyltransferase,227,,2011161,Plectus sambesii,Plectus sambesii,True,IPR005304,family,,227,7,227,CONTINUOUS
A0A914Z0T3,18S rRNA (pseudouridine-N1)-methyltransferase,230,,310955,Panagrolaimus superbus,Panagrolaimus superbus,True,IPR005304,family,,230,12,230,CONTINUOUS
A0A914ZPT7,18S rRNA (pseudouridine-N1)-methyltransferase,232,,6257,Parascaris univalens,Parascaris univalens (Nematode worm),True,IPR005304,family,,232,20,230,CONTINUOUS
A0A915CKR5,Uncharacterized protein,143,,166011,Ditylenchus dipsaci,Ditylenchus dipsaci,True,IPR005304,family,,143,26,98,CONTINUOUS
A0A915KY48,Uncharacterized protein,118,,13658,Romanomermis culicivorax,Romanomermis culicivorax (Nematode worm),True,IPR005304,family,,118,1,81,CONTINUOUS
A0A915L7N8,Uncharacterized protein,115,,13658,Romanomermis culicivorax,Romanomermis culicivorax (Nematode worm),True,IPR005304,family,,115,6,115,CONTINUOUS
A0A915PKV3,18S rRNA (pseudouridine-N1)-methyltransferase,272,,48799,Setaria digitata,Setaria digitata,True,IPR005304,family,,272,54,268,CONTINUOUS
A0A921R4X2,Ribosomal RNA small subunit methyltransferase NEP1,285,BDA96_04G138900,4558,Sorghum bicolor,Sorghum bicolor (Sorghum),True,IPR005304,family,,285,50,284,CONTINUOUS
A0A921R6V7,Ribosomal RNA small subunit methyltransferase NEP1,280,BDA96_04G316400,4558,Sorghum bicolor,Sorghum bicolor (Sorghum),True,IPR005304,family,,280,49,279,CONTINUOUS
A0A921ZT45,18S rRNA (pseudouridine-N1)-methyltransferase,236,O3G_MSEX013586,7130,Manduca sexta,Manduca sexta (Tobacco hawkmoth),True,IPR005304,family,,236,12,235,CONTINUOUS
A0A921ZT69,18S rRNA (pseudouridine-N1)-methyltransferase,236,O3G_MSEX013870,7130,Manduca sexta,Manduca sexta (Tobacco hawkmoth),True,IPR005304,family,,236,12,235,CONTINUOUS
A0A922ILX8,18S rRNA pseudouridine methyltransferase,136,EMG1_1,6185,Schistosoma haematobium,Schistosoma haematobium (Blood fluke),True,IPR005304,family,,136,4,129,CONTINUOUS
A0A922LD06,18S rRNA (pseudouridine-N1)-methyltransferase,288,EMG1,6954,Dermatophagoides farinae,Dermatophagoides farinae (American house dust mite),True,IPR005304,family,,288,61,287,CONTINUOUS
A0A973Y7Y4,18S rRNA (pseudouridine(1248)-N1)-methyltransferase,206,Emg1,468512,Rhegmatorhina hoffmannsi,Rhegmatorhina hoffmannsi (white-breasted antbird),True,IPR005304,family,,206,2,205,CONTINUOUS
A0A974CC09,18S rRNA (pseudouridine(1248)-N1)-methyltransferase,234,emg1.S,8355,Xenopus laevis,Xenopus laevis (African clawed frog),True,IPR005304,family,,234,15,233,CONTINUOUS
A0A974CDR2,18S rRNA (pseudouridine(1248)-N1)-methyltransferase,234,XELAEV_18034349mg,8355,Xenopus laevis,Xenopus laevis (African clawed frog),True,IPR005304,family,,234,23,233,CONTINUOUS
A0A976FHY5,Ribosomal RNA small subunit methyltransferase NEP1,226,CCR75_006200,4779,Bremia lactucae,Bremia lactucae (Lettuce downy mildew),True,IPR005304,family,,226,6,226,CONTINUOUS
A0A976M422,rRNA small subunit pseudouridine methyltransferase Nep1,180,MACJ_000433,68886,Theileria orientalis,Theileria orientalis,True,IPR005304,family,,180,17,176,CONTINUOUS
A0A976M6S4,Ribosome biogenesis protein,284,MACJ_001989,68886,Theileria orientalis,Theileria orientalis,True,IPR005304,family,,284,3,280,CONTINUOUS
A0A976M9J4,Nucleolar essential protein 1,180,MACK_000478,68886,Theileria orientalis,Theileria orientalis,True,IPR005304,family,,180,17,176,CONTINUOUS
A0A976MAW0,Ribosome biogenesis protein,284,MACK_001943,68886,Theileria orientalis,Theileria orientalis,True,IPR005304,family,,284,3,279,CONTINUOUS
A0A977ICW1,Ribosomal RNA small subunit methyltransferase Nep1,227,nep1,1034015,Nitrososphaera viennensis,Nitrososphaera viennensis,True,IPR005304,family,,227,2,217,CONTINUOUS
A0A977K984,Ribosomal RNA small subunit methyltransferase Nep1,226,nep1,940294,Ignicoccus pacificus DSM 13166,Ignicoccus pacificus DSM 13166,True,IPR005304,family,,226,3,220,CONTINUOUS
A0A977KB24,Ribosomal RNA small subunit methyltransferase Nep1,209,IPA_03485,940294,Ignicoccus pacificus DSM 13166,Ignicoccus pacificus DSM 13166,True,IPR005304,family,,209,2,203,CONTINUOUS
A0A978UAF8,Ribosomal RNA small subunit methyltransferase NEP1,303,FEM48_Zijuj12G0016000,714518,Ziziphus jujuba var. spinosa,Ziziphus jujuba var. spinosa,True,IPR005304,family,,303,37,302,CONTINUOUS
A0A978UTV7,Uncharacterized protein,137,FEM48_Zijuj09G0157500,714518,Ziziphus jujuba var. spinosa,Ziziphus jujuba var. spinosa,True,IPR005304,family,,137,5,127,CONTINUOUS
A0A9B0WN29,18S rRNA (pseudouridine(1248)-N1)-methyltransferase,243,EMG1,185453,Chrysochloris asiatica,Chrysochloris asiatica (Cape golden mole),True,IPR005304,family,,243,12,242,CONTINUOUS
A0A9B2JS31,18S rRNA (pseudouridine-N1)-methyltransferase,236,LOC100650006,30195,Bombus terrestris,Bombus terrestris (Buff-tailed bumblebee),True,IPR005304,family,,236,3,236,CONTINUOUS
A0A9C6TNP5,Ribosomal RNA small subunit methyltransferase nep-1,325,LOC107473715,130453,Arachis duranensis,Arachis duranensis (Wild peanut),True,IPR005304,family,,325,124,317,CONTINUOUS
A0A9C6WLX5,Ribosomal RNA small subunit methyltransferase nep-1,261,LOC107471582,130453,Arachis duranensis,Arachis duranensis (Wild peanut),True,IPR005304,family,,261,52,258,CONTINUOUS
A0A9C6WTQ2,Ribosomal RNA small subunit methyltransferase NEP1,259,LOC107484975,130453,Arachis duranensis,Arachis duranensis (Wild peanut),True,IPR005304,family,,259,30,258,CONTINUOUS
A0A9C7PYJ2,Ribosomal RNA small subunit methyltransferase NEP1,263,GpartN1_g4033.t1,83374,Galdieria partita,Galdieria partita,True,IPR005304,family,,263,21,262,CONTINUOUS
A0A9D3MWD7,18S rRNA (pseudouridine(1248)-N1)-methyltransferase,271,ANANG_G00006460,7936,Anguilla anguilla,Anguilla anguilla (European freshwater eel),True,IPR005304,family,,271,42,271,CONTINUOUS
A0A9D3P7I0,18S rRNA (pseudouridine(1248)-N1)-methyltransferase,211,KOW79_000720,337641,Hemibagrus wyckioides,Hemibagrus wyckioides,True,IPR005304,family,,211,5,202,CONTINUOUS
A0A9D3Q054,18S rRNA (pseudouridine(1248)-N1)-methyltransferase,916,MATL_G00127830,7932,Megalops atlanticus,Megalops atlanticus (Tarpon),True,IPR005304,family,,916,728,916,CONTINUOUS
A0A9D3V7G7,Ribosomal RNA small subunit methyltransferase NEP1,293,J1N35_026110,47602,Gossypium stocksii,Gossypium stocksii,True,IPR005304,family,,293,34,293,CONTINUOUS
A0A9D3ZY84,Uncharacterized protein,544,J1N35_025994,47602,Gossypium stocksii,Gossypium stocksii,True,IPR005304,family,,544,56,235,CONTINUOUS
A0A9D4B982,18S rRNA (pseudouridine(1248)-N1)-methyltransferase,234,KIL84_018225,74926,Mauremys mutica,Mauremys mutica (yellowpond turtle),True,IPR005304,family,,234,25,233,CONTINUOUS
A0A9D4N792,Ribosomal RNA small subunit methyltransferase NEP1,226,DPMN_012586,45954,Dreissena polymorpha,Dreissena polymorpha (Zebra mussel),True,IPR005304,family,,226,9,225,CONTINUOUS
A0A9D4P068,18S rRNA (pseudouridine-N1)-methyltransferase,288,HUG17_4643,6954,Dermatophagoides farinae,Dermatophagoides farinae (American house dust mite),True,IPR005304,family,,288,61,287,CONTINUOUS
A0A9D4PWY2,18S rRNA (pseudouridine-N1)-methyltransferase,234,HPB52_011679,34632,Rhipicephalus sanguineus,Rhipicephalus sanguineus (Brown dog tick),True,IPR005304,family,,234,17,233,CONTINUOUS
A0A9D4TL89,Ribosomal RNA small subunit methyltransferase NEP1,229,D9Q98_007472,3077,Chlorella vulgaris,Chlorella vulgaris (Green alga),True,IPR005304,family,,229,16,229,CONTINUOUS
A0A9D4VYZ5,Ribosomal RNA small subunit methyltransferase NEP1,279,KIW84_076188,3888,Pisum sativum,Pisum sativum (Garden pea),True,IPR005304,family,,279,29,279,CONTINUOUS
A0A9D4ZKF9,Ribosomal RNA small subunit methyltransferase NEP1,223,GOP47_0006907,13818,Adiantum capillus-veneris,Adiantum capillus-veneris (Maidenhair fern),True,IPR005304,family,,223,12,223,CONTINUOUS
A0A9D5BZA0,Ribosomal RNA small subunit methyltransferase NEP1,290,J5N97_028553,325984,Dioscorea zingiberensis,Dioscorea zingiberensis,True,IPR005304,family,,290,64,278,CONTINUOUS
A0A9D5BZE1,Ribosomal RNA small subunit methyltransferase NEP1,258,J5N97_028556,325984,Dioscorea zingiberensis,Dioscorea zingiberensis,True,IPR005304,family,,258,11,143,CONTINUOUS
A0A9D5BZE1,Ribosomal RNA small subunit methyltransferase NEP1,258,J5N97_028556,325984,Dioscorea zingiberensis,Dioscorea zingiberensis,True,IPR005304,family,,258,144,247,CONTINUOUS
A0A9D5BZK8,Ribosomal RNA small subunit methyltransferase NEP1,190,J5N97_028554,325984,Dioscorea zingiberensis,Dioscorea zingiberensis,True,IPR005304,family,,190,76,181,CONTINUOUS
A0A9D5BZP0,Uncharacterized protein,404,J5N97_028551,325984,Dioscorea zingiberensis,Dioscorea zingiberensis,True,IPR005304,family,,404,9,123,CONTINUOUS
A0A9D5BZP0,Uncharacterized protein,404,J5N97_028551,325984,Dioscorea zingiberensis,Dioscorea zingiberensis,True,IPR005304,family,,404,168,397,CONTINUOUS
A0A9D5CNM9,Uncharacterized protein,78,J5N97_018359,325984,Dioscorea zingiberensis,Dioscorea zingiberensis,True,IPR005304,family,,78,21,67,CONTINUOUS
A0A9D5DBT4,Uncharacterized protein,124,J5N97_007454,325984,Dioscorea zingiberensis,Dioscorea zingiberensis,True,IPR005304,family,,124,37,124,CONTINUOUS
A0A9D5DC10,Ribosomal RNA small subunit methyltransferase NEP1,275,J5N97_007452,325984,Dioscorea zingiberensis,Dioscorea zingiberensis,True,IPR005304,family,,275,35,275,CONTINUOUS
A0A9D5DCN1,Uncharacterized protein,84,J5N97_007455,325984,Dioscorea zingiberensis,Dioscorea zingiberensis,True,IPR005304,family,,84,1,83,CONTINUOUS
A0A9D5DHV8,Mra1/NEP1 like protein,246,OJ253_1198,195482,Cryptosporidium canis,Cryptosporidium canis,True,IPR005304,family,,246,13,246,CONTINUOUS
A0A9D5DMX5,Mra1/NEP1 like protein,240,OJ253_1197,195482,Cryptosporidium canis,Cryptosporidium canis,True,IPR005304,family,,240,14,239,CONTINUOUS
A0A9D5H4X8,Ribosomal RNA small subunit methyltransferase NEP1,277,J5N97_028560,325984,Dioscorea zingiberensis,Dioscorea zingiberensis,True,IPR005304,family,,277,49,206,CONTINUOUS
A0A9D5H4X8,Ribosomal RNA small subunit methyltransferase NEP1,277,J5N97_028560,325984,Dioscorea zingiberensis,Dioscorea zingiberensis,True,IPR005304,family,,277,222,268,CONTINUOUS
A0A9D5H4Y1,Uncharacterized protein,291,J5N97_028558,325984,Dioscorea zingiberensis,Dioscorea zingiberensis,True,IPR005304,family,,291,27,182,CONTINUOUS
A0A9E7I9W5,Ribosome biogenesis protein NEP1,322,MUK42_32661,320322,Musa troglodytarum,Musa troglodytarum (fe'i banana),True,IPR005304,family,,322,92,321,CONTINUOUS
A0A9E7MCC0,Ribosomal RNA small subunit methyltransferase Nep1,220,nep1,2866384,Thermococcus argininiproducens,Thermococcus argininiproducens,True,IPR005304,family,,220,2,215,CONTINUOUS
A0A9E7MXZ6,Ribosomal RNA small subunit methyltransferase Nep1,220,nep1,110163,Thermococcus aggregans,Thermococcus aggregans,True,IPR005304,family,,220,2,215,CONTINUOUS
A0A9F2N1D7,18S rRNA (pseudouridine(1248)-N1)-methyltransferase,233,EMG1,176946,Python bivittatus,Python bivittatus (Burmese python),True,IPR005304,family,,233,24,232,CONTINUOUS
A0A9I9DKU7,Ribosomal RNA small subunit methyltransferase NEP1,336,,3656,Cucumis melo,Cucumis melo (Muskmelon),True,IPR005304,family,,336,104,329,CONTINUOUS
A0A9I9EDL4,Ribosomal RNA small subunit methyltransferase NEP1-like,104,,3656,Cucumis melo,Cucumis melo (Muskmelon),True,IPR005304,family,,104,3,91,CONTINUOUS
A0A9J2P0W7,18S rRNA (pseudouridine-N1)-methyltransferase,231,,6252,Ascaris lumbricoides,Ascaris lumbricoides (Giant roundworm),True,IPR005304,family,,231,22,229,CONTINUOUS
A0A9J5XXA2,Nucleolar essential protein,278,H5410_042354,4109,Solanum commersonii,Solanum commersonii (Commerson's wild potato),True,IPR005304,family,,278,39,278,CONTINUOUS
A0A9J5YQL8,Nucleolar essential protein,202,H5410_033575,4109,Solanum commersonii,Solanum commersonii (Commerson's wild potato),True,IPR005304,family,,202,95,202,CONTINUOUS
A0A9J6BJW8,18S rRNA (pseudouridine-N1)-methyltransferase,242,PVAND_000305,319348,Polypedilum vanderplanki,Polypedilum vanderplanki (Sleeping chironomid midge),True,IPR005304,family,,242,20,236,CONTINUOUS
A0A9J6CVU2,Uncharacterized protein,83,HPB51_028835,6941,Rhipicephalus microplus,Rhipicephalus microplus (Cattle tick),True,IPR005304,family,,83,4,72,CONTINUOUS
A0A9J6GSC1,Ribosomal RNA small subunit methyltransferase NEP1,137,HPB48_003136,44386,Haemaphysalis longicornis,Haemaphysalis longicornis (Bush tick),True,IPR005304,family,,137,49,136,CONTINUOUS
A0A9J7CKL8,Ribosomal RNA small subunit methyltransferase NEP1,251,LOC101895994,7370,Musca domestica,Musca domestica (House fly),False,IPR005304,family,,251,18,251,CONTINUOUS
A0A9J7E4L7,18S rRNA (pseudouridine-N1)-methyltransferase,236,LOC111354890,69820,Spodoptera litura,Spodoptera litura (Asian cotton leafworm),True,IPR005304,family,,236,17,235,CONTINUOUS
A0A9J7M152,18S rRNA (pseudouridine(1248)-N1)-methyltransferase,235,LOC118426063,7739,Branchiostoma floridae,Branchiostoma floridae (Florida lancelet),True,IPR005304,family,,235,19,234,CONTINUOUS
A0A9J7XWZ8,18S rRNA (pseudouridine(1248)-N1)-methyltransferase,238,,630221,Cyprinus carpio carpio,Cyprinus carpio carpio,True,IPR005304,family,,238,11,238,CONTINUOUS
A0A9J7Z4I3,18S rRNA (pseudouridine(1248)-N1)-methyltransferase,238,,630221,Cyprinus carpio carpio,Cyprinus carpio carpio,True,IPR005304,family,,238,13,238,CONTINUOUS
A0A9J8CWE8,18S rRNA (pseudouridine(1248)-N1)-methyltransferase,243,,630221,Cyprinus carpio carpio,Cyprinus carpio carpio,True,IPR005304,family,,243,13,233,CONTINUOUS
A0A9K3K9N2,Ribosomal RNA small subunit methyltransferase NEP1,293,IV203_020447,303405,Nitzschia inconspicua,Nitzschia inconspicua,True,IPR005304,family,,293,27,293,CONTINUOUS
A0A9K3KH85,Ribosomal RNA small subunit methyltransferase NEP1,291,IV203_021696,303405,Nitzschia inconspicua,Nitzschia inconspicua,True,IPR005304,family,,291,26,291,CONTINUOUS
A0A9L0ILH5,EMG1 N1-specific pseudouridine methyltransferase,143,EMG1,9793,Equus asinus,Equus asinus (Donkey),True,IPR005304,family,,143,55,143,CONTINUOUS
A0A9L0JTF5,18S rRNA (pseudouridine(1248)-N1)-methyltransferase,244,EMG1,9793,Equus asinus,Equus asinus (Donkey),True,IPR005304,family,,244,12,244,CONTINUOUS
A0A9L0SB07,18S rRNA (pseudouridine(1248)-N1)-methyltransferase,244,EMG1,9796,Equus caballus,Equus caballus (Horse),True,IPR005304,family,,244,12,244,CONTINUOUS
A0A9N7N9Z0,Nucleolar essential protein-related,249,SHERM_25354,68872,Striga hermonthica,Striga hermonthica (Purple witchweed),True,IPR005304,family,,249,53,249,CONTINUOUS
A0A9N7P259,Ribosomal RNA small subunit methyltransferase NEP1,289,SHERM_08688,68872,Striga hermonthica,Striga hermonthica (Purple witchweed),True,IPR005304,family,,289,47,289,CONTINUOUS
A0A9N7ZA33,18S rRNA (pseudouridine(1248)-N1)-methyltransferase,237,PLEPLA_LOCUS44130,8262,Pleuronectes platessa,Pleuronectes platessa (European plaice),True,IPR005304,family,,237,13,237,CONTINUOUS
A0A9N8HKG6,Ribosomal RNA small subunit methyltransferase NEP1,275,SEMRO_756_G197710.1,568900,Seminavis robusta,Seminavis robusta,True,IPR005304,family,,275,27,275,CONTINUOUS
A0A9N8JBH9,Nep1-domain-containing protein,374,AWRI4619_LOCUS1005,2773715,Aureobasidium vineae,Aureobasidium vineae,False,IPR005304,family,,374,132,374,CONTINUOUS
A0A9N8KU40,18S rRNA (pseudouridine-N1)-methyltransferase,236,CINC_LOCUS9591,689277,Chrysodeixis includens,Chrysodeixis includens (Soybean looper),True,IPR005304,family,,236,9,235,CONTINUOUS
A0A9N8P8C6,Nep1-domain-containing protein,375,AWRI4233_LOCUS259,2773714,Aureobasidium mustum,Aureobasidium mustum,False,IPR005304,family,,375,133,375,CONTINUOUS
A0A9N8PNA8,Nep1-domain-containing protein,371,AWRI4620_LOCUS1042,2773716,Aureobasidium uvarum,Aureobasidium uvarum,False,IPR005304,family,,371,139,371,CONTINUOUS
A0A9N8QAD4,Ribosomal RNA small subunit methyltransferase NEP1,416,JKILLFL_G5092,157183,Tilletia laevis,Tilletia laevis,True,IPR005304,family,,416,150,416,CONTINUOUS
A0A9N9B865,Ribosomal RNA small subunit methyltransferase NEP1,316,FCALED_LOCUS6492,1117310,Funneliformis caledonium,Funneliformis caledonium,True,IPR005304,family,,316,55,315,CONTINUOUS
A0A9N9B9U0,9999_t:CDS:1,325,FMOSSE_LOCUS6823,27381,Funneliformis mosseae,Funneliformis mosseae (Endomycorrhizal fungus),True,IPR005304,family,,325,55,324,CONTINUOUS
A0A9N9BV20,Ribosomal RNA small subunit methyltransferase NEP1,353,PBRASI_LOCUS6525,144538,Paraglomus brasilianum,Paraglomus brasilianum,True,IPR005304,family,,353,89,353,CONTINUOUS
A0A9N9C1E6,Ribosomal RNA small subunit methyltransferase NEP1,318,AGERDE_LOCUS8470,144530,Ambispora gerdemannii,Ambispora gerdemannii,True,IPR005304,family,,318,59,318,CONTINUOUS
A0A9N9CT32,Nep1-domain-containing protein,311,CPELLU_LOCUS7592,1433469,Cetraspora pellucida,Cetraspora pellucida,True,IPR005304,family,,311,85,310,CONTINUOUS
A0A9N9DAH2,2441_t:CDS:1,353,POCULU_LOCUS8991,144539,Paraglomus occultum,Paraglomus occultum,True,IPR005304,family,,353,103,353,CONTINUOUS
A0A9N9FF35,Polyketide synthase,59,DEBURN_LOCUS6054,1213867,Diversispora eburnea,Diversispora eburnea,True,IPR005304,family,,59,1,58,CONTINUOUS
A0A9N9FLQ8,DNA polymerase,399,DEBURN_LOCUS6821,1213867,Diversispora eburnea,Diversispora eburnea,True,IPR005304,family,,399,315,398,CONTINUOUS
A0A9N9HQR1,Ribosomal RNA small subunit methyltransferase NEP1,300,ALEPTO_LOCUS11576,144679,Ambispora leptoticha,Ambispora leptoticha,True,IPR005304,family,,300,45,300,CONTINUOUS
A0A9N9I6A9,791_t:CDS:1,148,RFULGI_LOCUS11517,60492,Racocetra fulgida,Racocetra fulgida,True,IPR005304,family,,148,73,147,CONTINUOUS
A0A9N9KV54,Nucleolar essential protein 1,248,HYFRA_00008551,746836,Hymenoscyphus fraxineus,Hymenoscyphus fraxineus,True,IPR005304,family,,248,25,248,CONTINUOUS
A0A9N9N1D0,18S rRNA (pseudouridine-N1)-methyltransferase,237,CEUTPL_LOCUS13352,467358,Ceutorhynchus assimilis,Ceutorhynchus assimilis (cabbage seed weevil),True,IPR005304,family,,237,1,237,CONTINUOUS
A0A9N9N7Q9,Ribosomal RNA small subunit methyltransferase NEP1,316,AMORRO_LOCUS12644,94023,Acaulospora morrowiae,Acaulospora morrowiae,True,IPR005304,family,,316,79,316,CONTINUOUS
A0A9N9NFY1,Ribosomal RNA small subunit methyltransferase NEP1,275,DERYTH_LOCUS15100,1348616,Dentiscutata erythropus,Dentiscutata erythropus,True,IPR005304,family,,275,20,274,CONTINUOUS
A0A9N9PSI5,Nucleolar essential protein 1,248,HYALB_00008274,595503,Hymenoscyphus albidus,Hymenoscyphus albidus,True,IPR005304,family,,248,25,248,CONTINUOUS
A0A9N9S5F5,18S rRNA (pseudouridine-N1)-methyltransferase,244,CHIRRI_LOCUS12474,315576,Chironomus riparius,Chironomus riparius,True,IPR005304,family,,244,6,237,CONTINUOUS
A0A9N9W769,18S rRNA (pseudouridine-N1)-methyltransferase,236,DIATSA_LOCUS1364,40085,Diatraea saccharalis,Diatraea saccharalis (sugarcane borer),True,IPR005304,family,,236,10,235,CONTINUOUS
A0A9N9XDX7,18S rRNA (pseudouridine-N1)-methyltransferase,237,DIABBA_LOCUS8750,107213,Diabrotica balteata,Diabrotica balteata (Banded cucumber beetle),True,IPR005304,family,,237,6,237,CONTINUOUS
A0A9N9XPN5,18S rRNA (pseudouridine-N1)-methyltransferase,237,PHYEVI_LOCUS3595,444603,Phyllotreta striolata,Phyllotreta striolata (Striped flea beetle),True,IPR005304,family,,237,1,236,CONTINUOUS
A0A9N9Y6S8,Ribosomal RNA small subunit methyltransferase NEP1,262,CBYS24578_00006163,160290,Clonostachys byssicola,Clonostachys byssicola,True,IPR005304,family,,262,35,262,CONTINUOUS
A0A9N9YFN4,Ribosomal RNA small subunit methyltransferase NEP1,262,CRHIZ90672A_00008054,160324,Clonostachys rhizophaga,Clonostachys rhizophaga,True,IPR005304,family,,262,35,262,CONTINUOUS
A0A9N9YS04,Ribosomal RNA small subunit methyltransferase NEP1,262,CSOL1703_00002805,160281,Clonostachys solani,Clonostachys solani,True,IPR005304,family,,262,33,262,CONTINUOUS
A0A9P0A9M9,18S rRNA (pseudouridine-N1)-methyltransferase,230,BEMITA_LOCUS6138,7038,Bemisia tabaci,Bemisia tabaci (Sweetpotato whitefly),True,IPR005304,family,,230,20,229,CONTINUOUS
A0A9P0DI93,18S rRNA (pseudouridine-N1)-methyltransferase,237,PHAECO_LOCUS3094,80249,Phaedon cochleariae,Phaedon cochleariae (Mustard beetle),True,IPR005304,family,,237,1,237,CONTINUOUS
A0A9P0E956,18S rRNA (pseudouridine-N1)-methyltransferase,243,NEZAVI_LOCUS1929,85310,Nezara viridula,Nezara viridula (Southern green stink bug),True,IPR005304,family,,243,13,243,CONTINUOUS
A0A9P0FED5,18S rRNA (pseudouridine-N1)-methyltransferase,237,MELIAE_LOCUS5073,1431903,Brassicogethes aeneus,Brassicogethes aeneus (Rape pollen beetle),True,IPR005304,family,,237,1,236,CONTINUOUS
A0A9P0GBB7,18S rRNA (pseudouridine-N1)-methyltransferase,237,PSYICH_LOCUS10001,3402493,Psylliodes chrysocephalus,Psylliodes chrysocephalus,True,IPR005304,family,,237,1,237,CONTINUOUS
A0A9P0ICZ9,18S rRNA (pseudouridine-N1)-methyltransferase,236,SPLIT_LOCUS8975,7109,Spodoptera littoralis,Spodoptera littoralis (Egyptian cotton leafworm),True,IPR005304,family,,236,17,235,CONTINUOUS
A0A9P0JFK7,18S rRNA (pseudouridine-N1)-methyltransferase,232,APHIGO_LOCUS11598,80765,Aphis gossypii,Aphis gossypii (Cotton aphid),True,IPR005304,family,,232,9,232,CONTINUOUS
A0A9P0PEU9,18S rRNA (pseudouridine-N1)-methyltransferase,236,ACAOBT_LOCUS15491,200917,Acanthoscelides obtectus,Acanthoscelides obtectus (Bean weevil),True,IPR005304,family,,236,8,235,CONTINUOUS
A0A9P0VYV9,Ribosomal RNA small subunit methyltransferase NEP1,248,EMG1,45579,[Candida] railenensis,[Candida] railenensis,True,IPR005304,family,,248,9,247,CONTINUOUS
A0A9P0X8G0,18S rRNA (pseudouridine-N1)-methyltransferase,236,PIBRA_LOCUS3426,7116,Pieris brassicae,Pieris brassicae (White butterfly),True,IPR005304,family,,236,1,235,CONTINUOUS
A0A9P0Z579,Ribosomal RNA small subunit methyltransferase NEP1,280,CEURO_LOCUS10097,41803,Cuscuta europaea,Cuscuta europaea (European dodder),True,IPR005304,family,,280,43,280,CONTINUOUS
A0A9P0ZJR1,Ribosomal RNA small subunit methyltransferase NEP1,280,CEURO_LOCUS15837,41803,Cuscuta europaea,Cuscuta europaea (European dodder),True,IPR005304,family,,280,47,280,CONTINUOUS
A0A9P1DPT0,Ribosomal RNA small subunit methyltransferase NEP1 (18S rRNA (Pseudouridine-N1)-methyltransferase ) (Ribosome biogenesis protein NEP1),295,C1SCF055_LOCUS38282,2562237,Cladocopium goreaui,Cladocopium goreaui,True,IPR005304,family,,295,87,292,CONTINUOUS
A0A9P1FQ28,EF-hand domain-containing protein,669,C1SCF055_LOCUS12837,2562237,Cladocopium goreaui,Cladocopium goreaui,True,IPR005304,family,,669,430,540,CONTINUOUS
A0A9P1H246,Uncharacterized protein,246,PPNO1_LOCUS4317,1442378,Parascedosporium putredinis,Parascedosporium putredinis,True,IPR005304,family,,246,35,206,CONTINUOUS
A0A9P1IFD3,18S rRNA (pseudouridine-N1)-methyltransferase,231,CAMP_LOCUS6672,860376,Caenorhabditis angaria,Caenorhabditis angaria,True,IPR005304,family,,231,13,231,CONTINUOUS
A0A9P3BG23,Nucleolar essential protein 1,254,Asppvi_006145,1517512,Aspergillus pseudoviridinutans,Aspergillus pseudoviridinutans,True,IPR005304,family,,254,31,254,CONTINUOUS
A0A9P3BRM3,Nucleolar essential protein 1,254,Aspvir_005086,75553,Aspergillus viridinutans,Aspergillus viridinutans,True,IPR005304,family,,254,31,254,CONTINUOUS
A0A9P3FC04,Ribosomal RNA small subunit methyltransferase NEP1,293,CKM354_000155500,84275,Cercospora kikuchii,Cercospora kikuchii,True,IPR005304,family,,293,67,293,CONTINUOUS
A0A9P3FX40,Nep1-domain-containing protein,366,PsYK624_000120,48140,Phanerochaete sordida,Phanerochaete sordida,True,IPR005304,family,,366,114,366,CONTINUOUS
A0A9P3HDW3,rRNA small subunit pseudouridine methyltransferase Nep1,239,EMPS_06910,205924,Entomortierella parvispora,Entomortierella parvispora,True,IPR005304,family,,239,12,239,CONTINUOUS
A0A9P3LJT7,Nep1-domain-containing protein,347,PsYK624_140780,48140,Phanerochaete sordida,Phanerochaete sordida,True,IPR005304,family,,347,127,346,CONTINUOUS
A0A9P3PCZ1,Nep1-domain-containing protein,304,NEP1,47721,Lyophyllum shimeji,Lyophyllum shimeji (Hon-shimeji),True,IPR005304,family,,304,56,304,CONTINUOUS
A0A9P4GE28,Nucleolar essential protein 1,275,K460DRAFT_152915,1168544,Cucurbitaria berberidis CBS 394.84,Cucurbitaria berberidis CBS 394.84,True,IPR005304,family,,275,43,274,CONTINUOUS
A0A9P4H3M1,Nucleolar essential protein 1,274,EK21DRAFT_73377,210430,Setomelanomma holmii,Setomelanomma holmii,True,IPR005304,family,,274,29,273,CONTINUOUS
A0A9P4HUX0,Nucleolar essential protein 1,251,K490DRAFT_42532,1314787,Saccharata proteae CBS 121410,Saccharata proteae CBS 121410,True,IPR005304,family,,251,28,251,CONTINUOUS
A0A9P4IH85,Nucleolar essential protein 1,276,NA57DRAFT_65789,1504668,Rhizodiscina lignyota,Rhizodiscina lignyota,True,IPR005304,family,,276,30,276,CONTINUOUS
A0A9P4IUU7,Ribosomal RNA small subunit methyltransferase NEP1,302,K461DRAFT_315815,1168546,Myriangium duriaei CBS 260.36,Myriangium duriaei CBS 260.36,True,IPR005304,family,,302,76,302,CONTINUOUS
A0A9P4KEE7,Nucleolar essential protein 1,265,CC78DRAFT_541599,147567,Lojkania enalia,Lojkania enalia,True,IPR005304,family,,265,36,265,CONTINUOUS
A0A9P4MMR5,Nucleolar essential protein 1,259,GQ43DRAFT_476374,1513339,Delitschia confertaspora ATCC 74209,Delitschia confertaspora ATCC 74209,True,IPR005304,family,,259,30,259,CONTINUOUS
A0A9P4R0K9,Nucleolar essential protein 1,274,EJ04DRAFT_246728,682080,Polyplosphaeria fusca,Polyplosphaeria fusca,True,IPR005304,family,,274,45,274,CONTINUOUS
A0A9P4TWX1,Ribosomal RNA small subunit methyltransferase NEP1,287,EJ08DRAFT_671597,1048955,Tothia fuscella,Tothia fuscella,True,IPR005304,family,,287,42,287,CONTINUOUS
A0A9P4UCK9,Nucleolar essential protein 1,277,P171DRAFT_463948,1392251,Karstenula rhodostoma CBS 690.94,Karstenula rhodostoma CBS 690.94,True,IPR005304,family,,277,49,277,CONTINUOUS
A0A9P4UKP2,Ribosomal RNA small subunit methyltransferase NEP1,257,K431DRAFT_288378,1314669,Polychaeton citri CBS 116435,Polychaeton citri CBS 116435,True,IPR005304,family,,257,35,257,CONTINUOUS
A0A9P4VR89,Nucleolar essential protein 1,257,M501DRAFT_935380,1346257,Patellaria atrata CBS 101060,Patellaria atrata CBS 101060,True,IPR005304,family,,257,33,257,CONTINUOUS
A0A9P4WDA8,Nucleolar essential protein 1,274,EMG1,90978,Curvularia kusanoi,Curvularia kusanoi,True,IPR005304,family,,274,22,273,CONTINUOUS
A0A9P4X6F6,Nucleolar essential protein 1,261,CFAM422_011088,1567552,Trichoderma lentiforme,Trichoderma lentiforme,True,IPR005304,family,,261,36,261,CONTINUOUS
A0A9P4XYL8,Ribosomal RNA small subunit methyltransferase NEP1,250,M406DRAFT_332183,660469,Cryphonectria parasitica (strain ATCC 38755 / EP155),Cryphonectria parasitica (strain ATCC 38755 / EP155),True,IPR005304,family,,250,25,250,CONTINUOUS
A0A9P5A8E4,Ribosomal RNA small subunit methyltransferase NEP1,259,FBEOM_12073,44412,Fusarium beomiforme,Fusarium beomiforme,True,IPR005304,family,,259,37,259,CONTINUOUS
A0A9P5BAK4,Ribosomal RNA small subunit methyltransferase NEP1,259,FAGAP_6163,1803897,Fusarium agapanthi,Fusarium agapanthi,True,IPR005304,family,,259,37,259,CONTINUOUS
A0A9P5C6U8,Nucleolar essential protein 1,279,NEP1,1769908,Didymella heteroderae,Didymella heteroderae,True,IPR005304,family,,279,22,278,CONTINUOUS
A0A9P5D0G5,Ribosomal RNA small subunit methyltransferase NEP1,250,GMORB2_1985,1094350,Geosmithia morbida,Geosmithia morbida,True,IPR005304,family,,250,25,250,CONTINUOUS
A0A9P5EZJ5,Essential for mitotic growth 1,261,EMG1,690259,Colletotrichum siamense,Colletotrichum siamense (Anthracnose fungus),True,IPR005304,family,,261,36,260,CONTINUOUS
A0A9P5GJI6,Ribosomal RNA small subunit methyltransferase NEP1,259,PCG10_009409,36656,Penicillium crustosum,Penicillium crustosum (Blue mold fungus),True,IPR005304,family,,259,32,259,CONTINUOUS
A0A9P5I793,Ribosomal RNA small subunit methyltransferase NEP1,279,EAE97_009631,139641,Botrytis byssoidea,Botrytis byssoidea,True,IPR005304,family,,279,49,279,CONTINUOUS
A0A9P5LAQ9,Ribosomal RNA small subunit methyltransferase NEP1,219,G7Z17_g6551,595255,Cylindrodendrum hubeiense,Cylindrodendrum hubeiense,True,IPR005304,family,,219,44,219,CONTINUOUS
A0A9P5N300,Nep1-domain-containing protein,371,DFH94DRAFT_718980,152965,Russula ochroleuca,Russula ochroleuca,True,IPR005304,family,,371,112,371,CONTINUOUS
A0A9P5NXJ4,Nep1-domain-containing protein,332,CPB84DRAFT_1671420,109634,Gymnopilus junonius,Gymnopilus junonius (Spectacular rustgill mushroom),True,IPR005304,family,,332,77,332,CONTINUOUS
A0A9P5PWC4,Nucleolar essential protein 1,390,BDP27DRAFT_1323843,206335,Rhodocollybia butyracea,Rhodocollybia butyracea,True,IPR005304,family,,390,154,389,CONTINUOUS
A0A9P5SA24,18S rRNA pseudouridine methyltransferase,239,EMG1,64567,Linnemannia schmuckeri,Linnemannia schmuckeri,True,IPR005304,family,,239,12,239,CONTINUOUS
A0A9P5VIC7,Ribosomal RNA small subunit methyltransferase NEP1,239,EMG1,64525,Podila minutissima,Podila minutissima,True,IPR005304,family,,239,12,239,CONTINUOUS
A0A9P5X2N6,Nucleolar essential protein 1,409,P691DRAFT_808471,1400762,Macrolepiota fuliginosa MF-IS2,Macrolepiota fuliginosa MF-IS2,True,IPR005304,family,,409,175,409,CONTINUOUS
A0A9P5YGY0,Nep1-domain-containing protein,368,BDZ94DRAFT_1152776,64659,Collybia nuda,Collybia nuda,True,IPR005304,family,,368,119,368,CONTINUOUS
A0A9P5YWJ5,Nep1-domain-containing protein,409,BDN70DRAFT_814463,109636,Pholiota conissans,Pholiota conissans,True,IPR005304,family,,409,153,409,CONTINUOUS
A0A9P6B6Y0,Uncharacterized protein,266,BS47DRAFT_1371035,1448309,Hydnum rufescens UP504,Hydnum rufescens UP504,True,IPR005304,family,,266,18,247,CONTINUOUS
A0A9P6DB98,Nep1-domain-containing protein,240,BDN71DRAFT_1382294,5323,Pleurotus eryngii,Pleurotus eryngii (Boletus of the steppes),True,IPR005304,family,,240,15,240,CONTINUOUS
A0A9P6ELI5,Nep1-domain-containing protein,422,CPB83DRAFT_892266,179855,Crepidotus variabilis,Crepidotus variabilis,True,IPR005304,family,,422,182,422,CONTINUOUS
A0A9P6F5N7,18S rRNA pseudouridine methyltransferase,239,EMG1,979708,Mortierella hygrophila,Mortierella hygrophila,True,IPR005304,family,,239,12,239,CONTINUOUS
A0A9P6FJX1,Ribosomal RNA small subunit methyltransferase mra1,83,MRA1,979761,Lunasporangiospora selenospora,Lunasporangiospora selenospora,True,IPR005304,family,,83,13,83,CONTINUOUS
A0A9P6FLE1,18S rRNA pseudouridine methyltransferase,150,EMG1,979761,Lunasporangiospora selenospora,Lunasporangiospora selenospora,True,IPR005304,family,,150,1,150,CONTINUOUS
A0A9P6G9D9,Nucleolar essential protein 1,277,PMIN01_10569,565426,Paraphaeosphaeria minitans,Paraphaeosphaeria minitans,True,IPR005304,family,,277,49,277,CONTINUOUS
A0A9P6GWW1,Ribosomal RNA small subunit methyltransferase NEP1,171,Emg1,83296,Nosema granulosis,Nosema granulosis,True,IPR005304,family,,171,24,170,CONTINUOUS
A0A9P6HCK5,Uncharacterized protein,260,BJ322DRAFT_1021203,56493,Thelephora terrestris,Thelephora terrestris,True,IPR005304,family,,260,86,126,CONTINUOUS
A0A9P6HT34,Ribosomal RNA small subunit methyltransferase NEP1,261,CkaCkLH20_12054,1095194,Colletotrichum karsti,Colletotrichum karsti,True,IPR005304,family,,261,36,260,CONTINUOUS
A0A9P6JAH2,Ribosomal RNA small subunit methyltransferase mra1,82,MRA1,1440133,Modicella reniformis,Modicella reniformis,True,IPR005304,family,,82,13,82,CONTINUOUS
A0A9P6JDG9,Nucleolar essential protein 1,239,EMG1,64518,Mortierella alpina,Mortierella alpina (Oleaginous fungus),True,IPR005304,family,,239,12,239,CONTINUOUS
A0A9P6L351,Nep1-domain-containing protein,373,BJ322DRAFT_321189,56493,Thelephora terrestris,Thelephora terrestris,True,IPR005304,family,,373,123,373,CONTINUOUS
A0A9P6LWJ3,18S rRNA pseudouridine methyltransferase,151,EMG1,1440133,Modicella reniformis,Modicella reniformis,True,IPR005304,family,,151,1,117,CONTINUOUS
A0A9P6NCF7,Ribosomal RNA small subunit methyltransferase NEP1,275,CROQUDRAFT_52011,708437,Cronartium quercuum f. sp. fusiforme G11,Cronartium quercuum f. sp. fusiforme G11,True,IPR005304,family,,275,24,275,CONTINUOUS
A0A9P6PMA4,Nucleolar essential protein 1,239,EMG1,41804,Mortierella polycephala,Mortierella polycephala,True,IPR005304,family,,239,12,239,CONTINUOUS
A0A9P6R310,Ribosomal RNA small subunit methyltransferase mra1,239,MRA1,979702,Dissophora globulifera,Dissophora globulifera,True,IPR005304,family,,239,12,239,CONTINUOUS
A0A9P6T1Q4,Nucleolar essential protein 1,239,EMG1,101097,Entomortierella chlamydospora,Entomortierella chlamydospora,True,IPR005304,family,,239,12,239,CONTINUOUS
A0A9P6UBV6,Ribosomal RNA small subunit methyltransferase mra1,239,MRA1,1343610,Actinomortierella ambigua,Actinomortierella ambigua,True,IPR005304,family,,239,10,239,CONTINUOUS
A0A9P6UIX3,Nucleolar essential protein 1,239,EMG1,64522,Linnemannia gamsii,Linnemannia gamsii,True,IPR005304,family,,239,12,239,CONTINUOUS
A0A9P6W3J5,Nucleolar essential protein 1,319,NEP1,5537,Rhodotorula mucilaginosa,Rhodotorula mucilaginosa (Yeast),True,IPR005304,family,,319,72,318,CONTINUOUS
A0A9P6W8N6,Ribosomal RNA small subunit methyltransferase NEP1,251,EMG1,34358,Maudiozyma exigua,Maudiozyma exigua (Yeast),True,IPR005304,family,,251,18,251,CONTINUOUS
A0A9P6WK85,Ribosomal RNA small subunit methyltransferase NEP1,257,EMG1,460514,Pichia californica,Pichia californica,True,IPR005304,family,,257,16,257,CONTINUOUS
A0A9P6YNG3,Uncharacterized protein,259,G6F51_000950,64495,Rhizopus oryzae,Rhizopus oryzae (Mucormycosis agent),True,IPR005304,family,,259,7,259,CONTINUOUS
A0A9P6YTA1,Nep1-domain-containing protein,234,G6F50_011690,936053,Rhizopus delemar,Rhizopus delemar,True,IPR005304,family,,234,11,234,CONTINUOUS
A0A9P6ZSM1,Nep1-domain-containing protein,384,EV702DRAFT_1046411,48579,Suillus placidus,Suillus placidus,True,IPR005304,family,,384,137,384,CONTINUOUS
A0A9P7AV10,Ribosomal RNA small subunit methyltransferase NEP1,249,D0Z07_7054,353542,Hyphodiscus hymeniophilus,Hyphodiscus hymeniophilus,True,IPR005304,family,,249,25,249,CONTINUOUS
A0A9P7BNS3,Nep1-domain-containing protein,234,G6F64_010049,64495,Rhizopus oryzae,Rhizopus oryzae (Mucormycosis agent),True,IPR005304,family,,234,11,234,CONTINUOUS
A0A9P7BWR2,Uncharacterized protein,259,G6F64_001013,64495,Rhizopus oryzae,Rhizopus oryzae (Mucormycosis agent),True,IPR005304,family,,259,7,259,CONTINUOUS
A0A9P7CFX9,Nep1-domain-containing protein,234,G6F51_001566,64495,Rhizopus oryzae,Rhizopus oryzae (Mucormycosis agent),True,IPR005304,family,,234,11,234,CONTINUOUS
A0A9P7CUL9,Nep1-domain-containing protein,259,G6F50_000639,936053,Rhizopus delemar,Rhizopus delemar,True,IPR005304,family,,259,7,259,CONTINUOUS
A0A9P7DA65,Nep1-domain-containing protein,379,HD556DRAFT_83532,116603,Suillus plorans,Suillus plorans,True,IPR005304,family,,379,102,379,CONTINUOUS
A0A9P7E528,Nep1-domain-containing protein,383,BJ212DRAFT_1376099,48587,Suillus subaureus,Suillus subaureus,True,IPR005304,family,,383,125,383,CONTINUOUS
A0A9P7FDV7,Nep1-domain-containing protein,382,F5147DRAFT_677450,1912936,Suillus discolor,Suillus discolor,True,IPR005304,family,,382,105,382,CONTINUOUS
A0A9P7GF02,Nep1-domain-containing protein,396,DXG03_005329,117018,Asterophora parasitica,Asterophora parasitica,True,IPR005304,family,,396,140,367,CONTINUOUS
A0A9P7GNV7,3-hydroxyisobutyrate dehydrogenase,835,H0H81_001348,117069,Sphagnurus paluster,Sphagnurus paluster,True,IPR005304,family,,835,637,829,CONTINUOUS
A0A9P7II84,Ribosomal RNA small subunit methyltransferase NEP1,259,H9Q72_007675,221167,Fusarium xylarioides,Fusarium xylarioides,True,IPR005304,family,,259,37,259,CONTINUOUS
A0A9P7KND8,Ribosomal RNA small subunit methyltransferase NEP1,259,KAF25_008975,40199,Fusarium avenaceum,Fusarium avenaceum,True,IPR005304,family,,259,37,259,CONTINUOUS
A0A9P7M482,Ribosomal RNA small subunit methyltransferase NEP1,261,EMG1,1649127,Claviceps pazoutovae,Claviceps pazoutovae,True,IPR005304,family,,261,36,261,CONTINUOUS
A0A9P7MKP4,Nucleolar essential protein 1,261,NEP1,1623583,Claviceps arundinis,Claviceps arundinis,True,IPR005304,family,,261,36,261,CONTINUOUS
A0A9P7NHV9,Nucleolar essential protein 1,261,EMG1,123648,Claviceps pusilla,Claviceps pusilla,True,IPR005304,family,,261,36,261,CONTINUOUS
A0A9P7QAU1,Nucleolar essential protein 1,261,EMG1,1967640,Claviceps aff. purpurea,Claviceps aff. purpurea,True,IPR005304,family,,261,36,261,CONTINUOUS
A0A9P7TR75,Nucleolar essential protein 1,261,NEP1,1294629,Claviceps humidiphila,Claviceps humidiphila,True,IPR005304,family,,261,36,261,CONTINUOUS
A0A9P7U8Q3,Essential for mitotic growth 1,261,JMJ77_015043,1209932,Colletotrichum scovillei,Colletotrichum scovillei,True,IPR005304,family,,261,36,260,CONTINUOUS
A0A9P7UQ34,Nep1-domain-containing protein,410,E1B28_012594,181124,Marasmius oreades,Marasmius oreades (fairy-ring Marasmius),True,IPR005304,family,,410,182,409,CONTINUOUS
A0A9P7VBL1,Ribosomal RNA small subunit methyltransferase NEP1,262,NEP1,45513,Scheffersomyces spartinae,Scheffersomyces spartinae,True,IPR005304,family,,262,17,261,CONTINUOUS
A0A9P7VGU5,Nep1-domain-containing protein,276,BT62DRAFT_909920,856835,Guyanagaster necrorhizus,Guyanagaster necrorhizus,True,IPR005304,family,,276,38,276,CONTINUOUS
A0A9P7XRX5,Nucleolar essential protein 1,239,EMG1,64524,Linnemannia hyalina,Linnemannia hyalina,True,IPR005304,family,,239,12,239,CONTINUOUS
A0A9P7YQE8,Ribosomal RNA small subunit methyltransferase NEP1,248,BJ875DRAFT_114910,45428,Amylocarpus encephaloides,Amylocarpus encephaloides,True,IPR005304,family,,248,25,248,CONTINUOUS
A0A9P8A021,Nucleolar essential protein 1,239,KVV02_007142,64518,Mortierella alpina,Mortierella alpina (Oleaginous fungus),True,IPR005304,family,,239,12,239,CONTINUOUS
A0A9P8ASC9,Nep1-domain-containing protein,241,BT62DRAFT_895773,856835,Guyanagaster necrorhizus,Guyanagaster necrorhizus,True,IPR005304,family,,241,14,241,CONTINUOUS
A0A9P8CD26,Ribosomal RNA small subunit methyltransferase NEP1,258,BJ878DRAFT_523798,1763456,Calycina marina,Calycina marina,True,IPR005304,family,,258,36,258,CONTINUOUS
A0A9P8CKK3,Ribosomal RNA small subunit methyltransferase NEP1,258,F5Z01DRAFT_421477,2614577,Emericellopsis atlantica,Emericellopsis atlantica,True,IPR005304,family,,258,27,258,CONTINUOUS
A0A9P8DGB7,Ribosomal RNA small subunit methyltransferase NEP1,259,EMG1,1042133,Fusarium musae,Fusarium musae,True,IPR005304,family,,259,37,259,CONTINUOUS
A0A9P8EKY2,Nucleolar essential protein 1,335,KCU76_g6260,46634,Aureobasidium melanogenum,Aureobasidium melanogenum,True,IPR005304,family,,335,111,335,CONTINUOUS
A0A9P8EKZ9,Nucleolar essential protein 1,352,KCU76_g6622,46634,Aureobasidium melanogenum,Aureobasidium melanogenum,True,IPR005304,family,,352,128,352,CONTINUOUS
A0A9P8G6K2,VOC domain-containing protein,1336,KCU98_g165,46634,Aureobasidium melanogenum,Aureobasidium melanogenum,False,IPR005304,family,,1336,188,405,CONTINUOUS
A0A9P8HIX2,Nucleolar essential protein 1,261,TsFJ059_004568,1491008,Trichoderma semiorbis,Trichoderma semiorbis,True,IPR005304,family,,261,36,261,CONTINUOUS
A0A9P8I496,Nucleolar essential protein 1,261,EMG1,1670608,Glutinoglossum americanum,Glutinoglossum americanum,True,IPR005304,family,,261,33,261,CONTINUOUS
A0A9P8K7T3,Nucleolar essential protein 1,357,KCV03_g5539,46634,Aureobasidium melanogenum,Aureobasidium melanogenum,True,IPR005304,family,,357,130,357,CONTINUOUS
A0A9P8MFI1,Nucleolar essential protein 1,176,MHUMG1_03403,2596975,Metarhizium humberi,Metarhizium humberi,True,IPR005304,family,,176,1,176,CONTINUOUS
A0A9P8MMX1,Nucleolar essential protein 1,261,HRG_11047,111463,Hirsutella rhossiliensis,Hirsutella rhossiliensis,True,IPR005304,family,,261,36,261,CONTINUOUS
A0A9P8Q277,Ribosomal RNA small subunit methyltransferase NEP1,245,WICPIJ_007130,599730,Wickerhamomyces pijperi,Wickerhamomyces pijperi (Yeast),True,IPR005304,family,,245,16,244,CONTINUOUS
A0A9P8RNC4,Nucleolar essential protein 1,261,EMG1,265104,Trichoglossum hirsutum,Trichoglossum hirsutum,True,IPR005304,family,,261,34,261,CONTINUOUS
A0A9P8SZG2,Ribosomal RNA small subunit methyltransferase NEP1,256,OGAPHI_007269,1378263,Ogataea philodendri,Ogataea philodendri,True,IPR005304,family,,256,9,255,CONTINUOUS
A0A9P8TCQ4,Ribosomal RNA small subunit methyltransferase NEP1,243,WICMUC_003398,1378264,Wickerhamomyces mucosus,Wickerhamomyces mucosus,True,IPR005304,family,,243,15,242,CONTINUOUS
A0A9P8TRB9,Nucleolar essential protein 1,261,Trco_008156,654480,Trichoderma cornu-damae,Trichoderma cornu-damae,True,IPR005304,family,,261,36,261,CONTINUOUS
A0A9P8UK54,Ribosomal RNA small subunit methyltransferase NEP1,260,BKA67DRAFT_658070,152316,Truncatella angustata,Truncatella angustata,True,IPR005304,family,,260,34,260,CONTINUOUS
A0A9P8V8J7,Ribosomal RNA small subunit methyltransferase NEP1,261,F5X68DRAFT_277623,936078,Plectosphaerella plurivora,Plectosphaerella plurivora,True,IPR005304,family,,261,36,261,CONTINUOUS
A0A9P8W6W3,Ribosomal RNA small subunit methyltransferase NEP1,262,B0T10DRAFT_298985,1576542,Thelonectria olida,Thelonectria olida,True,IPR005304,family,,262,35,262,CONTINUOUS
A0A9P8Y6Q5,Nucleolar essential protein 1,262,B0I36DRAFT_132016,1682393,Microdochium trichocladiopsis,Microdochium trichocladiopsis,True,IPR005304,family,,262,36,262,CONTINUOUS
A0A9P9EJB9,Nucleolar essential protein 1,274,B0J11DRAFT_6242,256645,Dendryphion nanum,Dendryphion nanum,True,IPR005304,family,,274,45,274,CONTINUOUS
A0A9P9H4F2,Ribosomal RNA small subunit methyltransferase NEP1,250,BKA55DRAFT_511986,48865,Fusarium redolens,Fusarium redolens,True,IPR005304,family,,250,28,250,CONTINUOUS
A0A9P9J9C9,Ribosomal RNA small subunit methyltransferase NEP1,261,EDB81DRAFT_418856,307937,Dactylonectria macrodidyma,Dactylonectria macrodidyma,True,IPR005304,family,,261,34,261,CONTINUOUS
A0A9P9JBR2,Ribosomal RNA small subunit methyltransferase NEP1,266,B0J13DRAFT_210040,1079267,Dactylonectria estremocensis,Dactylonectria estremocensis,True,IPR005304,family,,266,41,266,CONTINUOUS
A0A9P9L0W0,Ribosomal RNA small subunit methyltransferase NEP1,252,B0J15DRAFT_386875,169388,Fusarium solani,Fusarium solani (Filamentous fungus),True,IPR005304,family,,252,27,252,CONTINUOUS
A0A9P9XJB4,Ribosomal RNA small subunit methyltransferase NEP1,261,CABS02_04966,1671311,Colletotrichum abscissum,Colletotrichum abscissum,True,IPR005304,family,,261,36,260,CONTINUOUS
A0A9P9XXH9,Ribosomal RNA small subunit methyltransferase NEP1,258,J7T54_007724,2686198,Emericellopsis cladophorae,Emericellopsis cladophorae,True,IPR005304,family,,258,27,258,CONTINUOUS
A0A9P9YEL9,18S rRNA (pseudouridine-N1)-methyltransferase,252,M5D96_011738,103775,Drosophila gunungcola,Drosophila gunungcola (fruit fly),True,IPR005304,family,,252,28,251,CONTINUOUS
A0A9Q0ANE9,Nucleolar essential protein 1,305,JX265_008891,1658444,Neoarthrinium moseri,Neoarthrinium moseri,True,IPR005304,family,,305,78,305,CONTINUOUS
A0A9Q0E0B0,18S rRNA (pseudouridine(1248)-N1)-methyltransferase,238,NHX12_001362,630683,Muraenolepis orangiensis,Muraenolepis orangiensis (Patagonian moray cod),True,IPR005304,family,,238,11,238,CONTINUOUS
A0A9Q0FHV1,Ribosomal RNA small subunit methyltransferase NEP1,410,Tsubulata_025531,218843,Turnera subulata,Turnera subulata,True,IPR005304,family,,410,163,365,CONTINUOUS
A0A9Q0FJW9,Ribosomal RNA small subunit methyltransferase NEP1,315,Tsubulata_025528,218843,Turnera subulata,Turnera subulata,True,IPR005304,family,,315,76,314,CONTINUOUS
A0A9Q0G9I9,Ribosomal RNA small subunit methyltransferase NEP1,274,Tsubulata_003550,218843,Turnera subulata,Turnera subulata,True,IPR005304,family,,274,26,265,CONTINUOUS
A0A9Q0HGI9,Ribosomal RNA small subunit methyltransferase NEP1,282,NE237_024267,273540,Protea cynaroides,Protea cynaroides,True,IPR005304,family,,282,31,282,CONTINUOUS
A0A9Q0HLZ8,Ribosomal RNA small subunit methyltransferase NEP1,286,LUZ63_014783,2022672,Rhynchospora breviuscula,Rhynchospora breviuscula,True,IPR005304,family,,286,39,285,CONTINUOUS
A0A9Q0LL07,SAM domain-containing protein,616,M0811_07396,1746090,Anaeramoeba ignava,Anaeramoeba ignava (Anaerobic marine amoeba),True,IPR005304,family,,616,415,616,CONTINUOUS
A0A9Q0MTD6,18S rRNA (pseudouridine-N1)-methyltransferase,240,Bhyg_14593,35572,Pseudolycoriella hygida,Pseudolycoriella hygida,True,IPR005304,family,,240,7,240,CONTINUOUS
A0A9Q0RNM8,18S rRNA (pseudouridine-N1)-methyltransferase,294,RDWZM_001123,40697,Blomia tropicalis,Blomia tropicalis (Mite),True,IPR005304,family,,294,52,294,CONTINUOUS
A0A9Q0VJP4,Ribosomal RNA small subunit methyltransferase NEP1,267,OIU85_000189,40686,Salix viminalis,Salix viminalis (Common osier),True,IPR005304,family,,267,31,267,CONTINUOUS
A0A9Q0VLD1,Ribosomal RNA small subunit methyltransferase NEP1,226,OIU85_000297,40686,Salix viminalis,Salix viminalis (Common osier),True,IPR005304,family,,226,30,226,CONTINUOUS
A0A9Q0VXC4,Ribosomal RNA small subunit methyltransferase NEP1,267,OIU79_028793,77065,Salix purpurea,Salix purpurea (Purple osier willow),True,IPR005304,family,,267,30,267,CONTINUOUS
A0A9Q0X4X9,Ribosomal RNA small subunit methyltransferase NEP1,236,OIU74_002607,2511006,Salix koriyanagi,Salix koriyanagi,True,IPR005304,family,,236,62,236,CONTINUOUS
A0A9Q0X6S2,Ribosomal RNA small subunit methyltransferase NEP1,111,OIU74_002725,2511006,Salix koriyanagi,Salix koriyanagi,True,IPR005304,family,,111,1,111,CONTINUOUS
A0A9Q0XI39,18S rRNA (pseudouridine(1248)-N1)-methyltransferase,246,JRQ81_002158,171643,Phrynocephalus forsythii,Phrynocephalus forsythii,True,IPR005304,family,,246,22,245,CONTINUOUS
A0A9Q1A396,Ribosomal RNA small subunit methyltransferase NEP1,244,OIU79_028910,77065,Salix purpurea,Salix purpurea (Purple osier willow),True,IPR005304,family,,244,7,244,CONTINUOUS
A0A9Q1CCY9,Ribosomal RNA small subunit methyltransferase NEP1,244,HOLleu_09991,206669,Holothuria leucospilota,Holothuria leucospilota (Black long sea cucumber),True,IPR005304,family,,244,15,243,CONTINUOUS
A0A9Q1E1A6,18S rRNA (pseudouridine(1248)-N1)-methyltransferase,941,COCON_G00004660,82655,Conger conger,Conger conger (Conger eel),True,IPR005304,family,,941,724,909,CONTINUOUS
A0A9Q1IWA1,EMG1 N1-specific pseudouridine methyltransferase,261,SKAU_G00225430,118154,Synaphobranchus kaupii,Synaphobranchus kaupii (Kaup's arrowtooth eel),True,IPR005304,family,,261,49,255,CONTINUOUS
A0A9Q1KKZ3,Ribosomal RNA small subunit methyltransferase NEP1,324,Cgig2_012423,171969,Carnegiea gigantea,Carnegiea gigantea,True,IPR005304,family,,324,70,324,CONTINUOUS
A0A9Q1KMM6,Uncharacterized protein,347,Cgig2_012424,171969,Carnegiea gigantea,Carnegiea gigantea,True,IPR005304,family,,347,177,277,CONTINUOUS
A0A9Q1KVE9,Ribosomal RNA small subunit methyltransferase NEP1,255,Cgig2_001441,171969,Carnegiea gigantea,Carnegiea gigantea,True,IPR005304,family,,255,35,254,CONTINUOUS
A0A9Q1LTT9,Tubulin beta chain,631,K7X08_005622,402998,Anisodus acutangulus,Anisodus acutangulus,True,IPR005304,family,,631,482,625,CONTINUOUS
A0A9Q1MD56,Ribosomal RNA small subunit methyltransferase NEP1,276,K7X08_012913,402998,Anisodus acutangulus,Anisodus acutangulus,True,IPR005304,family,,276,29,276,CONTINUOUS
A0A9Q3BCL3,Ribosomal RNA small subunit methyltransferase NEP1,289,O181_002515,1389203,Austropuccinia psidii MF-1,Austropuccinia psidii MF-1,True,IPR005304,family,,289,24,289,CONTINUOUS
A0A9Q5HZ27,Nucleolar essential protein 1,356,A7U60_g4544,108892,Sanghuangporus baumii,Sanghuangporus baumii,True,IPR005304,family,,356,69,350,CONTINUOUS
A0A9Q8PJE5,Ribosomal RNA small subunit methyltransferase NEP1,302,CLAFUR5_12710,5499,Passalora fulva,Passalora fulva (Tomato leaf mold),True,IPR005304,family,,302,78,302,CONTINUOUS
A0A9Q8QEA3,Ribosomal RNA small subunit methyltransferase NEP1,261,NEP1,2060973,Purpureocillium takamizusanense,Purpureocillium takamizusanense,True,IPR005304,family,,261,36,261,CONTINUOUS
A0A9Q8T1C3,Nucleolar essential protein 1,379,CLUP02_12580,145971,Colletotrichum lupini,Colletotrichum lupini,True,IPR005304,family,,379,89,301,CONTINUOUS
A0A9Q8YZY9,Ribosomal RNA small subunit methyltransferase NEP1,276,yc1106_00443,95742,Curvularia clavata,Curvularia clavata,True,IPR005304,family,,276,29,275,CONTINUOUS
A0A9Q9C8E9,Ribosomal RNA small subunit methyltransferase NEP1,180,GPU96_01g00490,27973,Encephalitozoon hellem,Encephalitozoon hellem (Microsporidian parasite),True,IPR005304,family,,180,28,179,CONTINUOUS
A0A9Q9EQZ2,Nucleolar essential protein 1,293,Slin15195_G126580,215465,Septoria linicola,Septoria linicola,True,IPR005304,family,,293,69,293,CONTINUOUS
A0A9Q9X7J3,18S rRNA (pseudouridine(1248)-N1)-methyltransferase,238,LOC109105743,7962,Cyprinus carpio,Cyprinus carpio (Common carp),True,IPR005304,family,,238,13,238,CONTINUOUS
A0A9R0HRC8,Ribosomal RNA small subunit methyltransferase NEP1,235,LOC110774752,3562,Spinacia oleracea,Spinacia oleracea (Spinach),True,IPR005304,family,,235,23,232,CONTINUOUS
A0A9R0HRM4,Ribosomal RNA small subunit methyltransferase NEP1,286,LOC110775425,3562,Spinacia oleracea,Spinacia oleracea (Spinach),True,IPR005304,family,,286,73,286,CONTINUOUS
A0A9R0HVN7,Ribosomal RNA small subunit methyltransferase NEP1,265,LOC110777573,3562,Spinacia oleracea,Spinacia oleracea (Spinach),True,IPR005304,family,,265,19,264,CONTINUOUS
A0A9R0Y1U6,Ribosomal RNA small subunit methyltransferase NEP1,256,TRITD_6Av1G131520,4567,Triticum turgidum subsp. durum,Triticum turgidum subsp. durum (Durum wheat),True,IPR005304,family,,256,41,254,CONTINUOUS
A0A9R0Y222,Ribosomal RNA small subunit methyltransferase NEP1,246,TRITD_6Av1G131520,4567,Triticum turgidum subsp. durum,Triticum turgidum subsp. durum (Durum wheat),True,IPR005304,family,,246,41,240,CONTINUOUS
A0A9R0YM80,Ribosomal RNA small subunit methyltransferase NEP1,262,TRITD_6Bv1G125170,4567,Triticum turgidum subsp. durum,Triticum turgidum subsp. durum (Durum wheat),True,IPR005304,family,,262,33,261,CONTINUOUS
A0A9R0YM94,Ribosomal RNA small subunit methyltransferase NEP1,255,TRITD_6Bv1G125170,4567,Triticum turgidum subsp. durum,Triticum turgidum subsp. durum (Durum wheat),True,IPR005304,family,,255,40,253,CONTINUOUS
A0A9R0YN22,Ribosomal RNA small subunit methyltransferase NEP1,245,TRITD_6Bv1G125170,4567,Triticum turgidum subsp. durum,Triticum turgidum subsp. durum (Durum wheat),True,IPR005304,family,,245,40,239,CONTINUOUS
A0A9R0ZL78,Ribosomal RNA small subunit methyltransferase NEP1,276,TRITD_7Av1G243480,4567,Triticum turgidum subsp. durum,Triticum turgidum subsp. durum (Durum wheat),True,IPR005304,family,,276,50,275,CONTINUOUS
A0A9R1AA66,Ribosomal RNA small subunit methyltransferase NEP1,277,TRITD_7Bv1G192050,4567,Triticum turgidum subsp. durum,Triticum turgidum subsp. durum (Durum wheat),True,IPR005304,family,,277,47,276,CONTINUOUS
A0A9R1B060,Ribosomal RNA small subunit methyltransferase NEP1,262,TRITD_6Av1G131520,4567,Triticum turgidum subsp. durum,Triticum turgidum subsp. durum (Durum wheat),True,IPR005304,family,,262,34,261,CONTINUOUS
A0A9R1B068,Ribosomal RNA small subunit methyltransferase NEP1,242,TRITD_6Av1G131520,4567,Triticum turgidum subsp. durum,Triticum turgidum subsp. durum (Durum wheat),True,IPR005304,family,,242,41,235,CONTINUOUS
A0A9R1I932,Ribosomal RNA small subunit methyltransferase NEP1,280,CFC21_083544,4565,Triticum aestivum,Triticum aestivum (Wheat),True,IPR005304,family,,280,41,279,CONTINUOUS
A0A9R1L6A4,Ribosomal RNA small subunit methyltransferase NEP1,262,CFC21_083544,4565,Triticum aestivum,Triticum aestivum (Wheat),True,IPR005304,family,,262,34,261,CONTINUOUS
A0A9R1LJ82,Ribosomal RNA small subunit methyltransferase NEP1,262,CFC21_092706,4565,Triticum aestivum,Triticum aestivum (Wheat),True,IPR005304,family,,262,36,261,CONTINUOUS
A0A9R1LJ88,Ribosomal RNA small subunit methyltransferase NEP1,280,CFC21_092706,4565,Triticum aestivum,Triticum aestivum (Wheat),True,IPR005304,family,,280,43,279,CONTINUOUS
A0A9R1LZF4,Ribosomal RNA small subunit methyltransferase NEP1,276,CFC21_099675,4565,Triticum aestivum,Triticum aestivum (Wheat),True,IPR005304,family,,276,50,275,CONTINUOUS
A0A9R1MAF2,Ribosomal RNA small subunit methyltransferase NEP1,277,CFC21_104712,4565,Triticum aestivum,Triticum aestivum (Wheat),True,IPR005304,family,,277,48,276,CONTINUOUS
A0A9R1N7R1,Ribosomal RNA small subunit methyltransferase NEP1,276,CFC21_104710,4565,Triticum aestivum,Triticum aestivum (Wheat),True,IPR005304,family,,276,47,275,CONTINUOUS
A0A9R1SY87,18S rRNA (pseudouridine-N1)-methyltransferase,236,LOC105264274,64838,Fopius arisanus,Fopius arisanus,True,IPR005304,family,,236,1,236,CONTINUOUS
A0A9R1V5B3,Ribosomal RNA small subunit methyltransferase NEP1,291,LSAT_V11C600328500,4236,Lactuca sativa,Lactuca sativa (Garden lettuce),True,IPR005304,family,,291,51,290,CONTINUOUS
A0A9V1GDL8,18S rRNA (pseudouridine(1248)-N1)-methyltransferase,222,EMG1,9691,Panthera pardus,Panthera pardus (Leopard),True,IPR005304,family,,222,12,216,CONTINUOUS
A0A9V1GDN0,18S rRNA (pseudouridine(1248)-N1)-methyltransferase,194,EMG1,9691,Panthera pardus,Panthera pardus (Leopard),True,IPR005304,family,,194,12,188,CONTINUOUS
A0A9V1GDR8,18S rRNA (pseudouridine(1248)-N1)-methyltransferase,244,EMG1,9691,Panthera pardus,Panthera pardus (Leopard),True,IPR005304,family,,244,12,244,CONTINUOUS
A0A9W2YFS3,Ribosomal RNA small subunit methyltransferase NEP1,239,LOC106057791,6526,Biomphalaria glabrata,Biomphalaria glabrata (Bloodfluke planorb),True,IPR005304,family,,239,11,238,CONTINUOUS
A0A9W3C511,BAH domain-containing protein,1094,LOC130497703,3726,Raphanus sativus,Raphanus sativus (Radish),True,IPR005304,family,,1094,174,395,CONTINUOUS
A0A9W3F0V5,18S rRNA (pseudouridine(1248)-N1)-methyltransferase,244,EMG1,9837,Camelus bactrianus,Camelus bactrianus (Bactrian camel),True,IPR005304,family,,244,12,244,CONTINUOUS
A0A9W4D5X1,Nucleolar essential protein 1,280,BGTH12_LOCUS6246,1689686,Blumeria graminis f. sp. triticale,Blumeria graminis f. sp. triticale,True,IPR005304,family,,280,50,280,CONTINUOUS
A0A9W4IFU6,Ribosomal RNA small subunit methyltransferase NEP1,404,PSALAMII_LOCUS1843,1612424,Penicillium salamii,Penicillium salamii,True,IPR005304,family,,404,182,404,CONTINUOUS
A0A9W4IRD6,Ribosomal RNA small subunit methyltransferase NEP1,405,PSALAMII_LOCUS2504,1612424,Penicillium salamii,Penicillium salamii,True,IPR005304,family,,405,183,405,CONTINUOUS
A0A9W4MSL2,Ribosomal RNA small subunit methyltransferase NEP1,252,PNAL_LOCUS5022,60175,Penicillium nalgiovense,Penicillium nalgiovense,True,IPR005304,family,,252,30,252,CONTINUOUS
A0A9W4N2S1,Ribosomal RNA small subunit methyltransferase NEP1,259,POLS_LOCUS8607,99116,Penicillium olsonii,Penicillium olsonii,True,IPR005304,family,,259,16,259,CONTINUOUS
A0A9W4NKD1,Ribosomal RNA small subunit methyltransferase NEP1,404,PSALAMII_LOCUS5443,1612424,Penicillium salamii,Penicillium salamii,True,IPR005304,family,,404,182,404,CONTINUOUS
A0A9W4P7Z5,Ribosomal RNA small subunit methyltransferase NEP1,259,PEGY_LOCUS8092,1303716,Penicillium egyptiacum,Penicillium egyptiacum,True,IPR005304,family,,259,17,259,CONTINUOUS
A0A9W4RL71,Essential for mitotic growth 1,261,CGXH109_LOCUS24849,2664923,Colletotrichum noveboracense,Colletotrichum noveboracense,True,IPR005304,family,,261,36,260,CONTINUOUS
A0A9W4TTQ5,Ribosomal RNA small subunit methyltransferase NEP1,503,CANVERA_P1388,1227364,Candida verbasci,Candida verbasci,True,IPR005304,family,,503,19,260,CONTINUOUS
A0A9W4X582,Ribosomal RNA small subunit methyltransferase NEP1,326,FWILDA_LOCUS13087,1117311,Funneliformis geosporum,Funneliformis geosporum,True,IPR005304,family,,326,31,325,CONTINUOUS
A0A9W4XNW1,Nucleolar essential protein 1,272,PDIGIT_LOCUS11990,1303443,Periconia digitata,Periconia digitata,True,IPR005304,family,,272,25,271,CONTINUOUS
A0A9W5T8U7,Ribosomal RNA small subunit methyltransferase NEP1,293,BaOVIS_002700,5869,Babesia ovis,Babesia ovis,True,IPR005304,family,,293,2,219,CONTINUOUS
A0A9W5TD32,Ribosome biogenesis related protein nep1,188,BaOVIS_031240,5869,Babesia ovis,Babesia ovis,True,IPR005304,family,,188,18,182,CONTINUOUS
A0A9W6AGB5,Ribosomal RNA small subunit methyltransferase NEP1,254,AtubIFM56815_004574,5068,Aspergillus tubingensis,Aspergillus tubingensis,True,IPR005304,family,,254,32,254,CONTINUOUS
A0A9W6DPV7,Ribosomal RNA small subunit methyltransferase NEP1,259,AbraCBS73388_009724,319629,Aspergillus brasiliensis,Aspergillus brasiliensis,True,IPR005304,family,,259,33,259,CONTINUOUS
A0A9W6FCP3,Ribosomal RNA small subunit methyltransferase NEP1,231,PLEST012116,330485,Pleodorina starrii,Pleodorina starrii,True,IPR005304,family,,231,15,231,CONTINUOUS
A0A9W6SV45,Ribosomal RNA small subunit methyltransferase NEP1,256,Cboi02_000033100,5477,Candida boidinii,Candida boidinii (Yeast),True,IPR005304,family,,256,17,256,CONTINUOUS
A0A9W6YJR2,Unnamed protein product,93,Plil01_001774800,2077276,Phytophthora lilii,Phytophthora lilii,True,IPR005304,family,,93,5,78,CONTINUOUS
A0A9W7A476,Ribosomal RNA small subunit methyltransferase NEP1,258,TrLO_g1078,1714387,Triparma laevis f. longispina,Triparma laevis f. longispina,True,IPR005304,family,,258,29,257,CONTINUOUS
A0A9W7ANW7,Ribosomal RNA small subunit methyltransferase NEP1,217,TL16_g06167,1714386,Triparma laevis f. inornata,Triparma laevis f. inornata,True,IPR005304,family,,217,1,216,CONTINUOUS
A0A9W7BIQ4,Ribosomal RNA small subunit methyltransferase NEP1,258,TrST_g1718,1606541,Triparma strigata,Triparma strigata,True,IPR005304,family,,258,26,257,CONTINUOUS
A0A9W7DGV2,Ribosomal RNA small subunit methyltransferase NEP1,257,Amon01_000540900,43982,Ambrosiozyma monospora,Ambrosiozyma monospora (Yeast),True,IPR005304,family,,257,18,257,CONTINUOUS
A0A9W7FJC0,Ribosomal RNA small subunit methyltransferase NEP1,258,TrVE_jg2578,1606542,Triparma verrucosa,Triparma verrucosa,True,IPR005304,family,,258,26,257,CONTINUOUS
A0A9W7FY26,Ribosomal RNA small subunit methyltransferase NEP1,238,TrCOL_g11386,722753,Triparma columacea,Triparma columacea,True,IPR005304,family,,238,11,238,CONTINUOUS
A0A9W7ITK2,Ribosomal RNA small subunit methyltransferase NEP1,284,HRI_003906500,183268,Hibiscus trionum,Hibiscus trionum (Flower of an hour),True,IPR005304,family,,284,28,284,CONTINUOUS
A0A9W7SSU1,Nucleolar essential protein 1,297,Tdes44962_MAKER09515,418781,Teratosphaeria destructans,Teratosphaeria destructans,True,IPR005304,family,,297,66,297,CONTINUOUS
A0A9W7WRG7,18S rRNA (pseudouridine(1248)-N1)-methyltransferase,238,IRJ41_018205,992332,Triplophysa rosa,Triplophysa rosa (Cave loach),True,IPR005304,family,,238,12,238,CONTINUOUS
A0A9W7XJY8,Nep1-domain-containing protein,378,NEP1,1052880,Coemansia asiatica,Coemansia asiatica,True,IPR005304,family,,378,121,378,CONTINUOUS
A0A9W7Y0M4,Cyclin N-terminal domain-containing protein,551,NEP1,147472,Coemansia erecta,Coemansia erecta,True,IPR005304,family,,551,313,551,CONTINUOUS
A0A9W7ZTD2,18S rRNA pseudouridine methyltransferase,148,NEP1_2,417184,Mycoemilia scoparia,Mycoemilia scoparia,True,IPR005304,family,,148,44,144,CONTINUOUS
A0A9W8A2U6,18S rRNA pseudouridine methyltransferase,113,NEP1_1,417184,Mycoemilia scoparia,Mycoemilia scoparia,True,IPR005304,family,,113,1,113,CONTINUOUS
A0A9W8AJG8,18S rRNA pseudouridine methyltransferase,304,NEP1,1520584,Dispira parvispora,Dispira parvispora,True,IPR005304,family,,304,45,304,CONTINUOUS
A0A9W8BNU6,Nep1-domain-containing protein,314,NEP1,2663907,Coemansia thaxteri,Coemansia thaxteri,True,IPR005304,family,,314,69,314,CONTINUOUS
A0A9W8CWH9,Nep1-domain-containing protein,328,NEP1,1286918,Coemansia biformis,Coemansia biformis,True,IPR005304,family,,328,84,328,CONTINUOUS
A0A9W8DK61,Nep1-domain-containing protein,253,NEP1_2,78921,Tieghemiomyces parasiticus,Tieghemiomyces parasiticus,True,IPR005304,family,,253,18,253,CONTINUOUS
A0A9W8DS40,Nep1-domain-containing protein,253,NEP1_1,78921,Tieghemiomyces parasiticus,Tieghemiomyces parasiticus,True,IPR005304,family,,253,14,253,CONTINUOUS
A0A9W8EBC7,Nep1-domain-containing protein,319,NEP1,2761393,Dimargaris verticillata,Dimargaris verticillata,True,IPR005304,family,,319,68,319,CONTINUOUS
A0A9W8G4Y6,18S rRNA pseudouridine methyltransferase,146,NEP1_2,417178,Coemansia spiralis,Coemansia spiralis,True,IPR005304,family,,146,1,104,CONTINUOUS
A0A9W8GGT2,Nucleolar essential protein 1,208,NEP1_1,417178,Coemansia spiralis,Coemansia spiralis,True,IPR005304,family,,208,85,208,CONTINUOUS
A0A9W8GRJ6,Nep1-domain-containing protein,329,NEP1,1052879,Coemansia pectinata,Coemansia pectinata,True,IPR005304,family,,329,88,329,CONTINUOUS
A0A9W8H6Y8,Cyclin N-terminal domain-containing protein,626,NEP1,2761396,Coemansia javaensis,Coemansia javaensis,True,IPR005304,family,,626,377,626,CONTINUOUS
A0A9W8IJD7,Nep1-domain-containing protein,329,NEP1,417176,Coemansia aciculifera,Coemansia aciculifera,True,IPR005304,family,,329,89,329,CONTINUOUS
A0A9W8JGZ8,Nep1-domain-containing protein,432,H1R20_g6415,2828524,Candolleomyces eurysporus,Candolleomyces eurysporus,True,IPR005304,family,,432,201,432,CONTINUOUS
A0A9W8KZD0,18S rRNA pseudouridine methyltransferase,779,NEP1,417178,Coemansia spiralis,Coemansia spiralis,True,IPR005304,family,,779,537,779,CONTINUOUS
A0A9W8LN45,Cyclin N-terminal domain-containing protein,514,NEP1,1126814,Coemansia interrupta,Coemansia interrupta,True,IPR005304,family,,514,277,514,CONTINUOUS
A0A9W8LPV4,Nucleolar essential protein 1,146,NEP1,2761395,Coemansia guatemalensis,Coemansia guatemalensis,True,IPR005304,family,,146,7,146,CONTINUOUS
A0A9W8LZ89,18S rRNA pseudouridine methyltransferase,303,NEP1,2650707,Coemansia brasiliensis,Coemansia brasiliensis,True,IPR005304,family,,303,51,303,CONTINUOUS
A0A9W8MRI4,Ribosomal RNA small subunit methyltransferase NEP1,112,NLJ89_g9133,84603,Agrocybe chaxingu,Agrocybe chaxingu,True,IPR005304,family,,112,1,111,CONTINUOUS
A0A9W8N3Z4,Ribosomal RNA small subunit methyltransferase NEP1,176,NPX13_g10799,114810,Xylaria arbuscula,Xylaria arbuscula,True,IPR005304,family,,176,1,176,CONTINUOUS
A0A9W8NWC9,Nep1-domain-containing protein,394,DFH05DRAFT_1450183,2804962,Lentinula detonsa,Lentinula detonsa,True,IPR005304,family,,394,158,393,CONTINUOUS
A0A9W8PQD7,Ribosomal RNA small subunit methyltransferase NEP1,259,NEP1,2494466,Fusarium irregulare,Fusarium irregulare,True,IPR005304,family,,259,37,259,CONTINUOUS
A0A9W8RFP8,Ribosomal RNA small subunit methyltransferase NEP1,261,NEP1,195108,Fusarium falciforme,Fusarium falciforme,True,IPR005304,family,,261,34,261,CONTINUOUS
A0A9W8US85,Nucleolar essential protein 1,173,LMH87_005796,2231603,Akanthomyces muscarius,Akanthomyces muscarius (Entomopathogenic fungus),True,IPR005304,family,,173,1,173,CONTINUOUS
A0A9W8VE44,Ribosomal RNA small subunit methyltransferase NEP1,250,NEP1,1237075,Fusarium torreyae,Fusarium torreyae,True,IPR005304,family,,250,28,250,CONTINUOUS
A0A9W8XEG2,Nucleolar essential protein 1,252,NEP1,1932322,Didymosphaeria variabile,Didymosphaeria variabile,True,IPR005304,family,,252,26,252,CONTINUOUS
A0A9W8YQL3,Ribosomal RNA small subunit methyltransferase NEP1,265,NEP1,1191159,Gnomoniopsis smithogilvyi,Gnomoniopsis smithogilvyi,True,IPR005304,family,,265,36,265,CONTINUOUS
A0A9W8ZGL3,Nucleolar essential protein 1,274,NEP1,749634,Didymella pomorum,Didymella pomorum,True,IPR005304,family,,274,24,273,CONTINUOUS
A0A9W9AEY7,Nep1-domain-containing protein,285,C8J55DRAFT_428881,40482,Lentinula lateritia,Lentinula lateritia,True,IPR005304,family,,285,55,284,CONTINUOUS
A0A9W9BJ27,Nucleolar essential protein 1,261,T069G_03208,2034170,Trichoderma breve,Trichoderma breve,True,IPR005304,family,,261,36,261,CONTINUOUS
A0A9W9BM91,Ribosomal RNA small subunit methyltransferase NEP1,261,NEP1,1435070,Fusarium piperis,Fusarium piperis,True,IPR005304,family,,261,34,261,CONTINUOUS
A0A9W9BVD5,Nucleolar essential protein 1,274,NEP1,749621,Didymella glomerata,Didymella glomerata,True,IPR005304,family,,274,27,273,CONTINUOUS
A0A9W9CIM7,Nucleolar essential protein 1,275,NEP1,798079,Neocucurbitaria cava,Neocucurbitaria cava,True,IPR005304,family,,275,46,274,CONTINUOUS
A0A9W9DW92,Nep1-domain-containing protein,385,J3R30DRAFT_3280800,153920,Lentinula aciculospora,Lentinula aciculospora,True,IPR005304,family,,385,150,384,CONTINUOUS
A0A9W9GA26,Ribosomal RNA small subunit methyltransferase NEP1,259,NUU61_000407,1506179,Penicillium alfredii,Penicillium alfredii,True,IPR005304,family,,259,35,259,CONTINUOUS
A0A9W9GCS6,Ribosomal RNA small subunit methyltransferase NEP1,258,N7456_000787,116970,Penicillium angulare,Penicillium angulare,True,IPR005304,family,,258,32,258,CONTINUOUS
A0A9W9GN65,Ribosomal RNA small subunit methyltransferase NEP1,275,N7515_008521,126998,Penicillium bovifimosum,Penicillium bovifimosum,True,IPR005304,family,,275,19,275,CONTINUOUS
A0A9W9HR67,Ribosomal RNA small subunit methyltransferase NEP1,258,N7482_009389,189055,Penicillium canariense,Penicillium canariense,True,IPR005304,family,,258,33,258,CONTINUOUS
A0A9W9I2R7,Nucleolar essential protein 1,258,N7492_007780,69766,Penicillium capsulatum,Penicillium capsulatum,True,IPR005304,family,,258,32,258,CONTINUOUS
A0A9W9JJY3,Ribosomal RNA small subunit methyltransferase NEP1,257,N7498_007460,70096,Penicillium cinerascens,Penicillium cinerascens,True,IPR005304,family,,257,34,257,CONTINUOUS
A0A9W9KL55,Nucleolar essential protein 1,340,N7532_001339,1131581,Penicillium argentinense,Penicillium argentinense,True,IPR005304,family,,340,117,340,CONTINUOUS
A0A9W9MAB6,Ribosomal RNA small subunit methyltransferase NEP1,259,N7449_009079,2972119,Penicillium cf. viridicatum,Penicillium cf. viridicatum,True,IPR005304,family,,259,17,259,CONTINUOUS
A0A9W9N0A7,Ribosomal RNA small subunit methyltransferase NEP1,252,N7472_000492,2972120,Penicillium cf. griseofulvum,Penicillium cf. griseofulvum,True,IPR005304,family,,252,30,252,CONTINUOUS
A0A9W9SK42,Ribosomal RNA small subunit methyltransferase NEP1,330,N7496_005212,2100454,Penicillium cataractarum,Penicillium cataractarum,True,IPR005304,family,,330,105,330,CONTINUOUS
A0A9W9TEW3,Ribosomal RNA small subunit methyltransferase NEP1,258,N7468_009048,63820,Penicillium chermesinum,Penicillium chermesinum,True,IPR005304,family,,258,32,258,CONTINUOUS
A0A9W9TPL7,Ribosomal RNA small subunit methyltransferase NEP1,251,N7469_005414,5077,Penicillium citrinum,Penicillium citrinum,True,IPR005304,family,,251,33,251,CONTINUOUS
A0A9W9U151,Ribosomal RNA small subunit methyltransferase NEP1,245,N7476_010947,1132637,Penicillium atrosanguineum,Penicillium atrosanguineum,True,IPR005304,family,,245,34,245,CONTINUOUS
A0A9W9UUJ8,Ribosomal RNA small subunit methyltransferase NEP1,259,N7452_007775,5074,Penicillium brevicompactum,Penicillium brevicompactum,True,IPR005304,family,,259,16,259,CONTINUOUS
A0A9W9V7X0,Ribosomal RNA small subunit methyltransferase NEP1,252,N7517_004194,293559,Penicillium concentricum,Penicillium concentricum,True,IPR005304,family,,252,30,252,CONTINUOUS
A0A9W9W1F1,Ribosomal RNA small subunit methyltransferase NEP1,257,N7509_004906,1131564,Penicillium cosmopolitanum,Penicillium cosmopolitanum,True,IPR005304,family,,257,32,257,CONTINUOUS
A0A9W9Y5J2,Ribosomal RNA small subunit methyltransferase NEP1,259,N7463_001019,1882269,Penicillium fimorum,Penicillium fimorum,True,IPR005304,family,,259,17,259,CONTINUOUS
A0A9X0AJI1,Nucleolar essential protein 1,250,OCU04_007789,352851,Sclerotinia nivalis,Sclerotinia nivalis,True,IPR005304,family,,250,25,250,CONTINUOUS
A0A9X0AJJ0,Nucleolar essential protein 1,260,OCU04_007789,352851,Sclerotinia nivalis,Sclerotinia nivalis,True,IPR005304,family,,260,30,260,CONTINUOUS
A0A9X0BJF0,Ribosomal RNA small subunit methyltransferase NEP1,352,N7539_009123,2819901,Penicillium diatomitis,Penicillium diatomitis,True,IPR005304,family,,352,127,352,CONTINUOUS
A0A9X0BMJ6,Ribosomal RNA small subunit methyltransferase NEP1,243,N7530_006509,1303715,Penicillium desertorum,Penicillium desertorum,True,IPR005304,family,,243,17,243,CONTINUOUS
A0A9X6RLC6,Ribosomal RNA small subunit methyltransferase NEP1,837,BV898_16199,2072580,Hypsibius exemplaris,Hypsibius exemplaris (Freshwater tardigrade),True,IPR005304,family,,837,13,275,CONTINUOUS
A0A9X8EBJ7,Ribosomal RNA small subunit methyltransferase NEP1,146,DYB28_012374,112090,Aphanomyces astaci,Aphanomyces astaci (Crayfish plague agent),True,IPR005304,family,,146,6,146,CONTINUOUS
A0A9X9MLU5,Nucleolar essential protein 1,251,BGT96224V316_LOCUS6668,62690,Blumeria graminis f. sp. tritici,Blumeria graminis f. sp. tritici,True,IPR005304,family,,251,25,251,CONTINUOUS
A0A9X9Q9X9,18S rRNA (pseudouridine(1248)-N1)-methyltransferase,244,BN2614_LOCUS6,48420,Gulo gulo,Gulo gulo (Wolverine),True,IPR005304,family,,244,12,244,CONTINUOUS
A0A9Y1BJE1,Ribosomal RNA small subunit methyltransferase Nep1,235,K9W45_09225,2876573,Candidatus Heimdallarchaeum aukensis,Candidatus Heimdallarchaeum aukensis,True,IPR005304,family,,235,5,224,CONTINUOUS
A0A9Y1BPI8,Ribosomal RNA small subunit methyltransferase Nep1,235,K9W46_09355,2876572,Candidatus Heimdallarchaeum endolithica,Candidatus Heimdallarchaeum endolithica,True,IPR005304,family,,235,5,224,CONTINUOUS
A0AA35IS21,Ribosomal RNA small subunit methyltransferase NEP1,252,SMKI12G2430,226126,Saccharomyces mikatae IFO 1815,Saccharomyces mikatae IFO 1815,True,IPR005304,family,,252,25,252,CONTINUOUS
A0AA35LJJ7,18S rRNA (pseudouridine(1248)-N1)-methyltransferase,232,PODLI_1B019056,74358,Podarcis lilfordi,Podarcis lilfordi (Lilford's wall lizard),True,IPR005304,family,,232,23,231,CONTINUOUS
A0AA35NI00,Uncharacterized protein,252,SKDI12G2220,226230,Saccharomyces kudriavzevii (strain ATCC MYA-4449 / AS 2.2408 / CBS 8840 / NBRC 1802 / NCYC 2889),Saccharomyces kudriavzevii (strain ATCC MYA-4449 / AS 2.2408 / CBS 8840 / NBRC 1802 / NCYC 2889) (Yeast),False,IPR005304,family,,252,16,252,CONTINUOUS
A0AA35NJX5,Ribosomal RNA small subunit methyltransferase NEP1,252,SUVC12G2330,230603,Saccharomyces uvarum,Saccharomyces uvarum (Yeast),True,IPR005304,family,,252,25,252,CONTINUOUS
A0AA35Q2D3,Ribosomal RNA small subunit methyltransferase NEP1,262,CCHLO57077_00000369,1926264,Clonostachys chloroleuca,Clonostachys chloroleuca,True,IPR005304,family,,262,35,262,CONTINUOUS
A0AA35SMJ3,Ribosomal RNA small subunit methyltransferase NEP1,241,GBAR_LOCUS18548,519541,Geodia barretti,Geodia barretti (Barrett's horny sponge),True,IPR005304,family,,241,13,240,CONTINUOUS
A0AA35SQ36,Ribosomal RNA small subunit methyltransferase NEP1,220,GBAR_LOCUS18548,519541,Geodia barretti,Geodia barretti (Barrett's horny sponge),True,IPR005304,family,,220,13,198,CONTINUOUS
A0AA35TMS4,Ribosome biogenesis protein,221,GBAR_LOCUS27906,519541,Geodia barretti,Geodia barretti (Barrett's horny sponge),True,IPR005304,family,,221,1,217,CONTINUOUS
A0AA35USP4,Ribosomal RNA small subunit methyltransferase NEP1,291,LSALG_LOCUS674,75948,Lactuca saligna,Lactuca saligna (Willowleaf lettuce),True,IPR005304,family,,291,52,290,CONTINUOUS
A0AA36AH52,Ribosomal RNA small subunit methyltransferase NEP1,232,OCTVUL_1B012354,6645,Octopus vulgaris,Octopus vulgaris (Common octopus),True,IPR005304,family,,232,6,232,CONTINUOUS
A0AA36CI77,18S rRNA (pseudouridine-N1)-methyltransferase,230,MSPICULIGERA_LOCUS7761,96644,Mesorhabditis spiculigera,Mesorhabditis spiculigera,True,IPR005304,family,,230,9,230,CONTINUOUS
A0AA36CQG8,18S rRNA (pseudouridine-N1)-methyltransferase,236,MSPICULIGERA_LOCUS11741,96644,Mesorhabditis spiculigera,Mesorhabditis spiculigera,True,IPR005304,family,,236,9,236,CONTINUOUS
A0AA36IT58,Uncharacterized protein,2709,EVOR1521_LOCUS18375,2562239,Effrenium voratum,Effrenium voratum,False,IPR005304,family,,2709,2531,2705,CONTINUOUS
A0AA36IT59,Uncharacterized protein,2413,EVOR1521_LOCUS18375,2562239,Effrenium voratum,Effrenium voratum,False,IPR005304,family,,2413,2219,2409,CONTINUOUS
A0AA36JG12,Uncharacterized protein,194,EVOR1521_LOCUS26783,2562239,Effrenium voratum,Effrenium voratum,True,IPR005304,family,,194,51,194,CONTINUOUS
A0AA36M604,18S rRNA (pseudouridine-N1)-methyltransferase,233,CYNAS_LOCUS11028,53992,Cylicocyclus nassatus,Cylicocyclus nassatus (Nematode worm),True,IPR005304,family,,233,13,229,CONTINUOUS
A0AA36N5S4,Uncharacterized protein,2754,EVOR1521_LOCUS18375,2562239,Effrenium voratum,Effrenium voratum,False,IPR005304,family,,2754,2560,2750,CONTINUOUS
A0AA37BR86,Ribosomal RNA small subunit methyltransferase Nep1,244,nep1,399579,Thermogymnomonas acidicola,Thermogymnomonas acidicola,True,IPR005304,family,,244,26,238,CONTINUOUS
A0AA37GV39,Essential for mitotic growth 1,340,ColLi_10168,708192,Colletotrichum liriopes,Colletotrichum liriopes,True,IPR005304,family,,340,98,339,CONTINUOUS
A0AA37NV51,Essential for mitotic growth 1,257,ColSpa_00101,700344,Colletotrichum spaethianum,Colletotrichum spaethianum,True,IPR005304,family,,257,29,256,CONTINUOUS
A0AA38F2L9,Ribosomal RNA small subunit methyltransferase NEP1,216,KI387_031857,29808,Taxus chinensis,Taxus chinensis (Chinese yew),True,IPR005304,family,,216,7,216,CONTINUOUS
A0AA38H8G6,Nep1-domain-containing protein,341,MKK02DRAFT_26099,4972,Dioszegia hungarica,Dioszegia hungarica,True,IPR005304,family,,341,82,341,CONTINUOUS
A0AA38MYF0,Nep1-domain-containing protein,393,DFJ43DRAFT_264011,2804957,Lentinula guzmanii,Lentinula guzmanii,True,IPR005304,family,,393,157,392,CONTINUOUS
A0AA38NQ82,Nep1-domain-containing protein,393,GGU10DRAFT_330528,2804958,Lentinula aff. detonsa,Lentinula aff. detonsa,True,IPR005304,family,,393,157,392,CONTINUOUS
A0AA38PCP2,Nep1-domain-containing protein,396,F5878DRAFT_613037,153919,Lentinula raphanica,Lentinula raphanica,True,IPR005304,family,,396,134,395,CONTINUOUS
A0AA38Q9S5,Nep1-domain-containing protein,395,F5890DRAFT_879463,2804962,Lentinula detonsa,Lentinula detonsa,True,IPR005304,family,,395,155,394,CONTINUOUS
A0AA38VMB5,Nucleolar essential protein 1,260,NKR23_g9906,41990,Pleurostoma richardsiae,Pleurostoma richardsiae,True,IPR005304,family,,260,35,260,CONTINUOUS
A0AA38VMQ5,Nucleolar essential protein 1,259,NKR19_g7352,91930,Coniochaeta hoffmannii,Coniochaeta hoffmannii,True,IPR005304,family,,259,32,259,CONTINUOUS
A0AA38W353,Ribosomal RNA small subunit methyltransferase NEP1,291,OSB04_029708,347529,Centaurea solstitialis,Centaurea solstitialis (yellow star-thistle),True,IPR005304,family,,291,48,291,CONTINUOUS
A0AA38XRG8,Ribosomal RNA small subunit methyltransferase NEP1,258,NEP1,1002370,Knufia peltigerae,Knufia peltigerae,True,IPR005304,family,,258,37,258,CONTINUOUS
A0AA38Z9X6,Ribosomal RNA small subunit methyltransferase NEP1,271,PVL29_017240,103349,Vitis rotundifolia,Vitis rotundifolia (Muscadine grape),True,IPR005304,family,,271,37,270,CONTINUOUS
A0AA38ZV58,Ribosomal RNA small subunit methyltransferase NEP1,271,PVL29_010727,103349,Vitis rotundifolia,Vitis rotundifolia (Muscadine grape),True,IPR005304,family,,271,36,270,CONTINUOUS
A0AA39CMZ1,Ribosomal RNA small subunit methyltransferase NEP1,270,NEP1,386627,Cladophialophora chaetospira,Cladophialophora chaetospira,True,IPR005304,family,,270,48,270,CONTINUOUS
A0AA39FXC7,18S rRNA (pseudouridine-N1)-methyltransferase,234,PV328_001625,144406,Microctonus aethiopoides,Microctonus aethiopoides,True,IPR005304,family,,234,5,233,CONTINUOUS
A0AA39I0N9,18S rRNA (pseudouridine-N1)-methyltransferase,684,QR680_011623,289476,Steinernema hermaphroditum,Steinernema hermaphroditum,True,IPR005304,family,,684,460,684,CONTINUOUS
A0AA39JHX0,Nep1-domain-containing protein,221,EV420DRAFT_1631478,1929756,Armillaria tabescens,Armillaria tabescens (Ringless honey mushroom),True,IPR005304,family,,221,10,215,CONTINUOUS
A0AA39JSN8,Nep1-domain-containing protein,241,EV421DRAFT_1785660,47425,Armillaria borealis,Armillaria borealis,True,IPR005304,family,,241,12,241,CONTINUOUS
A0AA39L117,18S rRNA (pseudouridine-N1)-methyltransferase,233,PV327_003297,165561,Microctonus hyperodae,Microctonus hyperodae (Parasitoid wasp),True,IPR005304,family,,233,5,232,CONTINUOUS
A0AA39L780,Ribosomal RNA small subunit methyltransferase NEP1,261,NLU13_5434,5046,Sarocladium strictum,Sarocladium strictum (Black bundle disease fungus),True,IPR005304,family,,261,34,261,CONTINUOUS
A0AA39MK22,Nep1-domain-containing protein,296,EV420DRAFT_1587267,1929756,Armillaria tabescens,Armillaria tabescens (Ringless honey mushroom),True,IPR005304,family,,296,70,296,CONTINUOUS
A0AA39MMK3,Nep1-domain-containing protein,241,EV421DRAFT_1712493,47425,Armillaria borealis,Armillaria borealis,True,IPR005304,family,,241,14,241,CONTINUOUS
A0AA39MMK8,Nep1-domain-containing protein,256,EV421DRAFT_1816786,47425,Armillaria borealis,Armillaria borealis,True,IPR005304,family,,256,12,229,CONTINUOUS
A0AA39N347,Nep1-domain-containing protein,339,EV420DRAFT_1552989,1929756,Armillaria tabescens,Armillaria tabescens (Ringless honey mushroom),True,IPR005304,family,,339,107,339,CONTINUOUS
A0AA39P283,Nep1-domain-containing protein,303,IW261DRAFT_1644614,153914,Armillaria novae-zelandiae,Armillaria novae-zelandiae,True,IPR005304,family,,303,65,303,CONTINUOUS
A0AA39PAS0,Nep1-domain-containing protein,371,EDD18DRAFT_1295403,153913,Armillaria luteobubalina,Armillaria luteobubalina,True,IPR005304,family,,371,117,371,CONTINUOUS
A0AA39Q469,Nep1-domain-containing protein,296,EDD18DRAFT_1075325,153913,Armillaria luteobubalina,Armillaria luteobubalina,True,IPR005304,family,,296,58,296,CONTINUOUS
A0AA39RAH7,Ribosomal RNA small subunit methyltransferase NEP1,257,JMJ35_000090,184061,Cladonia borealis,Cladonia borealis,True,IPR005304,family,,257,29,257,CONTINUOUS
A0AA39TWM7,Nucleolar essential protein 1,260,B0T17DRAFT_112931,252184,Bombardia bombarda,Bombardia bombarda,True,IPR005304,family,,260,35,260,CONTINUOUS
A0AA39TXI3,Nucleolar essential protein 1,261,B0T14DRAFT_540324,314043,Immersiella caudata,Immersiella caudata,True,IPR005304,family,,261,36,261,CONTINUOUS
A0AA39UNE8,Nep1-domain-containing protein,371,IW261DRAFT_1412897,153914,Armillaria novae-zelandiae,Armillaria novae-zelandiae,True,IPR005304,family,,371,119,371,CONTINUOUS
A0AA39VSX7,Uncharacterized protein,290,LWI29_014705,4024,Acer saccharum,Acer saccharum (Sugar maple),True,IPR005304,family,,290,44,289,CONTINUOUS
A0AA39YC90,Nucleolar essential protein 1,261,B0T16DRAFT_435970,92897,Cercophora newfieldiana,Cercophora newfieldiana,True,IPR005304,family,,261,36,261,CONTINUOUS
A0AA39ZFP3,Ribosomal RNA small subunit methyltransferase NEP1,286,QBC41DRAFT_223231,330535,Cercophora samala,Cercophora samala,True,IPR005304,family,,286,61,286,CONTINUOUS
A0AA40AZA1,Nucleolar essential protein 1,261,B0H67DRAFT_598241,260670,Lasiosphaeris hirsuta,Lasiosphaeris hirsuta,True,IPR005304,family,,261,36,261,CONTINUOUS
A0AA40CVJ4,Ribosomal RNA small subunit methyltransferase NEP1,287,EMG1,869390,Lasiodiplodia hormozganensis,Lasiodiplodia hormozganensis,True,IPR005304,family,,287,21,287,CONTINUOUS
A0AA40DS95,Nucleolar essential protein 1,286,B0T21DRAFT_387012,314023,Apiosordaria backusii,Apiosordaria backusii,True,IPR005304,family,,286,61,286,CONTINUOUS
A0AA40DUN8,Nucleolar essential protein 1,261,B0T26DRAFT_678136,1954250,Lasiosphaeria miniovina,Lasiosphaeria miniovina,True,IPR005304,family,,261,36,261,CONTINUOUS
A0AA40F3B3,Nucleolar essential protein 1,261,B0T18DRAFT_437606,314040,Schizothecium vesticola,Schizothecium vesticola,True,IPR005304,family,,261,36,261,CONTINUOUS
A0AA40I1S1,18S rRNA (pseudouridine(1248)-N1)-methyltransferase,244,QTO34_017844,3371016,Cnephaeus nilssonii,Cnephaeus nilssonii (Northern bat),True,IPR005304,family,,244,12,243,CONTINUOUS
A0AA40KGI6,18S rRNA (pseudouridine-N1)-methyltransferase,236,K0M31_013394,60889,Melipona bicolor,Melipona bicolor,True,IPR005304,family,,236,3,236,CONTINUOUS
A0AA40KZE8,18S rRNA (pseudouridine(1248)-N1)-methyltransferase,206,Emg1,30457,Pygoscelis papua,Pygoscelis papua (Gentoo penguin),True,IPR005304,family,,206,3,205,CONTINUOUS
A0AA41MQT9,18S rRNA (pseudouridine(1248)-N1)-methyltransferase,244,SUZIE_138050,30640,Sciurus carolinensis,Sciurus carolinensis (Eastern gray squirrel),True,IPR005304,family,,244,16,244,CONTINUOUS
A0AA41SH68,Ribosomal RNA small subunit methyltransferase NEP1,312,MKW94_018586,74823,Papaver nudicaule,Papaver nudicaule (Iceland poppy),True,IPR005304,family,,312,40,269,CONTINUOUS
A0AA41TC13,Ribosomal RNA small subunit methyltransferase NEP1,113,SUZIE_210385,30640,Sciurus carolinensis,Sciurus carolinensis (Eastern gray squirrel),True,IPR005304,family,,113,62,109,CONTINUOUS
A0AA43QEL4,Ribosomal RNA small subunit methyltransferase NEP1,257,NEP1,258253,Ramalina farinacea,Ramalina farinacea,True,IPR005304,family,,257,30,257,CONTINUOUS
A0AA47P4L2,18S rRNA (pseudouridine(1248)-N1)-methyltransferase,326,Emg1,89951,Merluccius polli,Merluccius polli (Benguela hake),True,IPR005304,family,,326,11,234,CONTINUOUS
A0AA48L4A3,Nep1-domain-containing protein,338,NEP1,279322,Cutaneotrichosporon cavernicola,Cutaneotrichosporon cavernicola,True,IPR005304,family,,338,80,338,CONTINUOUS
A0AA85AJM4,Ribosomal RNA small subunit methyltransferase NEP1,233,,48269,Schistosoma margrebowiei,Schistosoma margrebowiei,True,IPR005304,family,,233,4,219,CONTINUOUS
A0AA85C150,Ribosomal RNA small subunit methyltransferase NEP1,233,,31246,Schistosoma mattheei,Schistosoma mattheei,True,IPR005304,family,,233,4,219,CONTINUOUS
A0AA85C333,Ribosomal RNA small subunit methyltransferase NEP1,172,,31246,Schistosoma mattheei,Schistosoma mattheei,True,IPR005304,family,,172,1,158,CONTINUOUS
A0AA85GD01,Ribosomal RNA small subunit methyltransferase NEP1,247,,6188,Schistosoma rodhaini,Schistosoma rodhaini,True,IPR005304,family,,247,4,219,CONTINUOUS
A0AA85GDW6,Ribosomal RNA small subunit methyltransferase NEP1,254,,6188,Schistosoma rodhaini,Schistosoma rodhaini,True,IPR005304,family,,254,4,219,CONTINUOUS
A0AA85IT69,Ribosomal RNA small subunit methyltransferase NEP1,236,,157069,Trichobilharzia regenti,Trichobilharzia regenti (Nasal bird schistosome),True,IPR005304,family,,236,4,220,CONTINUOUS
A0AA85J4X3,Ribosomal RNA small subunit methyltransferase NEP1,236,,157069,Trichobilharzia regenti,Trichobilharzia regenti (Nasal bird schistosome),True,IPR005304,family,,236,4,220,CONTINUOUS
A0AA86NIC8,Ribosomal RNA small subunit methyltransferase NEP1,219,HINF_LOCUS44448,28002,Hexamita inflata,Hexamita inflata,True,IPR005304,family,,219,7,219,CONTINUOUS
A0AA86QLT0,Ribosomal RNA small subunit methyltransferase NEP1,219,HINF_LOCUS49564,28002,Hexamita inflata,Hexamita inflata,True,IPR005304,family,,219,7,219,CONTINUOUS
A0AA86RW16,Uncharacterized protein,123,AYBTSS11_LOCUS5787,92480,Sphenostylis stenocarpa,Sphenostylis stenocarpa,True,IPR005304,family,,123,28,115,CONTINUOUS
A0AA86SHV9,Uncharacterized protein,212,AYBTSS11_LOCUS9781,92480,Sphenostylis stenocarpa,Sphenostylis stenocarpa,True,IPR005304,family,,212,51,208,CONTINUOUS
A0AA86SM59,Ribosomal RNA small subunit methyltransferase NEP1,280,AYBTSS11_LOCUS6601,92480,Sphenostylis stenocarpa,Sphenostylis stenocarpa,True,IPR005304,family,,280,44,280,CONTINUOUS
A0AA88DSL5,Ribosomal RNA small subunit methyltransferase NEP1,348,TIFTF001_029988,3494,Ficus carica,Ficus carica (Common fig),True,IPR005304,family,,348,104,348,CONTINUOUS
A0AA88HE69,18S rRNA (pseudouridine-N1)-methyltransferase,235,QYM36_014310,6661,Artemia franciscana,Artemia franciscana (Brine shrimp),True,IPR005304,family,,235,4,235,CONTINUOUS
A0AA88KMJ0,Ribosomal RNA small subunit methyltransferase NEP1,238,C9374_002059,51637,Naegleria lovaniensis,Naegleria lovaniensis (Amoeba),True,IPR005304,family,,238,27,238,CONTINUOUS
A0AA88MWT9,18S rRNA (pseudouridine(1248)-N1)-methyltransferase,257,Q5P01_011389,64152,Channa striata,Channa striata (Snakehead murrel),True,IPR005304,family,,257,26,257,CONTINUOUS
A0AA88N9Y7,18S rRNA (pseudouridine(1248)-N1)-methyltransferase,238,Q7C36_006741,175792,Tachysurus vachellii,Tachysurus vachellii (Darkbarbel catfish),True,IPR005304,family,,238,5,238,CONTINUOUS
A0AA88PTN2,18S rRNA (pseudouridine(1248)-N1)-methyltransferase,240,Q8A67_008042,172907,Cirrhinus molitorella,Cirrhinus molitorella (mud carp),True,IPR005304,family,,240,11,240,CONTINUOUS
A0AA88RDM9,Ribosomal RNA small subunit methyltransferase NEP1,429,RJ640_006850,112253,Escallonia rubra,Escallonia rubra,True,IPR005304,family,,429,153,386,CONTINUOUS
A0AA88RNK7,Ribosomal RNA small subunit methyltransferase NEP1,385,RJ640_006040,112253,Escallonia rubra,Escallonia rubra,True,IPR005304,family,,385,145,385,CONTINUOUS
A0AA88UAP7,Ribosomal RNA small subunit methyltransferase NEP1,305,RJ640_021055,112253,Escallonia rubra,Escallonia rubra,True,IPR005304,family,,305,69,305,CONTINUOUS
A0AA88UKU5,Ribosomal RNA small subunit methyltransferase NEP1,260,RJ640_021172,112253,Escallonia rubra,Escallonia rubra,True,IPR005304,family,,260,49,260,CONTINUOUS
A0AA88UKY7,Uncharacterized protein,206,RJ640_006851,112253,Escallonia rubra,Escallonia rubra,True,IPR005304,family,,206,39,158,CONTINUOUS
A0AA88UQX3,Ribosomal RNA small subunit methyltransferase NEP1,305,RJ640_021056,112253,Escallonia rubra,Escallonia rubra,True,IPR005304,family,,305,68,305,CONTINUOUS
A0AA88WNS0,Uncharacterized protein,338,RJ639_038372,1293975,Escallonia herrerae,Escallonia herrerae,True,IPR005304,family,,338,97,153,CONTINUOUS
A0AA88WNS0,Uncharacterized protein,338,RJ639_038372,1293975,Escallonia herrerae,Escallonia herrerae,True,IPR005304,family,,338,240,320,CONTINUOUS
A0AA88WRW6,Ribosomal RNA small subunit methyltransferase NEP1,106,RJ639_038373,1293975,Escallonia herrerae,Escallonia herrerae,True,IPR005304,family,,106,31,106,CONTINUOUS
A0AA88XDI3,Ribosomal RNA small subunit methyltransferase NEP1,189,FSP39_017734,66713,Pinctada imbricata,Pinctada imbricata (Atlantic pearl-oyster),True,IPR005304,family,,189,1,188,CONTINUOUS
A0AA88XEQ7,Ribosomal RNA small subunit methyltransferase NEP1,262,RJ639_001622,1293975,Escallonia herrerae,Escallonia herrerae,True,IPR005304,family,,262,45,262,CONTINUOUS
A0AA89ALM7,Uncharacterized protein,559,RJ639_016629,1293975,Escallonia herrerae,Escallonia herrerae,True,IPR005304,family,,559,39,229,CONTINUOUS
A0AA89ALM7,Uncharacterized protein,559,RJ639_016629,1293975,Escallonia herrerae,Escallonia herrerae,True,IPR005304,family,,559,482,558,CONTINUOUS
A0AA89AYX3,Ribosomal RNA small subunit methyltransferase NEP1,265,RJ639_046563,1293975,Escallonia herrerae,Escallonia herrerae,True,IPR005304,family,,265,51,265,CONTINUOUS
A0AA91Q2X6,Ribosomal RNA small subunit methyltransferase NEP1,292,A9F13_02g01463,36911,Clavispora lusitaniae,Clavispora lusitaniae,True,IPR005304,family,,292,38,292,CONTINUOUS
A0AA97KM62,18S rRNA (pseudouridine(1248)-N1)-methyltransferase,235,EMG1,481883,Eublepharis macularius,Eublepharis macularius (Leopard gecko),True,IPR005304,family,,235,12,234,CONTINUOUS
A0AA97N8E5,18S rRNA (pseudouridine(1248)-N1)-methyltransferase,205,Emg1,47692,Menura novaehollandiae,Menura novaehollandiae (superb lyrebird),True,IPR005304,family,,205,2,204,CONTINUOUS
A0AA97NUL9,Nucleolar essential protein 1,240,OOU_Y34scaffold00655g21,1143189,Pyricularia oryzae (strain Y34),Pyricularia oryzae (strain Y34) (Rice blast fungus),True,IPR005304,family,,240,23,240,CONTINUOUS
A0AAD1TB57,18S rRNA (pseudouridine(1248)-N1)-methyltransferase,233,PECUL_23A051299,61616,Pelobates cultripes,Pelobates cultripes (Western spadefoot toad),True,IPR005304,family,,233,23,233,CONTINUOUS
A0AAD1TFY1,18S rRNA (pseudouridine(1248)-N1)-methyltransferase,190,PECUL_23A051299,61616,Pelobates cultripes,Pelobates cultripes (Western spadefoot toad),True,IPR005304,family,,190,1,190,CONTINUOUS
A0AAD1ZGG8,Uncharacterized protein,144,FPE_LOCUS15988,56036,Fraxinus pennsylvanica,Fraxinus pennsylvanica,True,IPR005304,family,,144,25,92,CONTINUOUS
A0AAD2D3H4,Ribosomal RNA small subunit methyltransferase NEP1,274,ECRASSUSDP1_LOCUS19538,5936,Euplotes crassus,Euplotes crassus,True,IPR005304,family,,274,18,274,CONTINUOUS
A0AAD2DYN9,Ribosomal RNA small subunit methyltransferase NEP1,279,FPE_LOCUS15665,56036,Fraxinus pennsylvanica,Fraxinus pennsylvanica,True,IPR005304,family,,279,25,279,CONTINUOUS
A0AAD2FCK6,Ribosomal RNA small subunit methyltransferase NEP1,267,CYCCA115_LOCUS875,2856,Cylindrotheca closterium,Cylindrotheca closterium,True,IPR005304,family,,267,13,267,CONTINUOUS
A0AAD2HI29,Nucleolar essential protein 1,378,MYCIT1_LOCUS24289,2018698,Mycena citricolor,Mycena citricolor,True,IPR005304,family,,378,135,378,CONTINUOUS
A0AAD2Q5G9,Nucleolar essential protein 1,378,MYCIT1_LOCUS24485,2018698,Mycena citricolor,Mycena citricolor,True,IPR005304,family,,378,131,378,CONTINUOUS
A0AAD3CLU4,Ribosomal RNA small subunit methyltransferase NEP1,276,CTEN210_04908,426638,Chaetoceros tenuissimus,Chaetoceros tenuissimus,True,IPR005304,family,,276,22,276,CONTINUOUS
A0AAD3HLB1,Ribosomal RNA small subunit methyltransferase NEP1,113,Agub_g6018,47775,Astrephomene gubernaculifera,Astrephomene gubernaculifera,True,IPR005304,family,,113,1,113,CONTINUOUS
A0AAD3N0D9,18S rRNA (pseudouridine(1248)-N1)-methyltransferase,237,AKAME5_001536500,270547,Lates japonicus,Lates japonicus (Japanese lates),True,IPR005304,family,,237,12,237,CONTINUOUS
A0AAD3T050,Ribosomal RNA small subunit methyltransferase NEP1,388,Nepgr_022035,150966,Nepenthes gracilis,Nepenthes gracilis (Slender pitcher plant),True,IPR005304,family,,388,51,278,CONTINUOUS
A0AAD3YEW8,Nep1-domain-containing protein,338,NEP1,1672016,Cutaneotrichosporon spelunceum,Cutaneotrichosporon spelunceum,True,IPR005304,family,,338,96,338,CONTINUOUS
A0AAD4CL27,Nucleolar essential protein 1,256,FE257_008734,2582783,Aspergillus nanangensis,Aspergillus nanangensis,True,IPR005304,family,,256,30,256,CONTINUOUS
A0AAD4DJL7,Nucleolar essential protein 1,239,EMG1,604196,Linnemannia exigua,Linnemannia exigua,True,IPR005304,family,,239,12,239,CONTINUOUS
A0AAD4EN65,Nucleolar essential protein 1,261,EMG1,669026,Staphylotrichum longicolle,Staphylotrichum longicolle,True,IPR005304,family,,261,36,261,CONTINUOUS
A0AAD4GLL8,Nep1-domain-containing protein,353,L210DRAFT_960276,1328754,Boletus edulis BED1,Boletus edulis BED1,True,IPR005304,family,,353,97,353,CONTINUOUS
A0AAD4HHP3,Nep1-domain-containing protein,382,F5891DRAFT_1056463,1912939,Suillus fuscotomentosus,Suillus fuscotomentosus,True,IPR005304,family,,382,106,382,CONTINUOUS
A0AAD4IDG3,Ribosomal RNA small subunit methyltransferase NEP1,277,G6011_11140,48097,Alternaria panax,Alternaria panax,True,IPR005304,family,,277,30,276,CONTINUOUS
A0AAD4J8A8,Ribosomal RNA small subunit methyltransferase NEP1,282,C2S53_006679,608512,Perilla frutescens var. hirtella,Perilla frutescens var. hirtella (Perilla citriodora),True,IPR005304,family,,282,24,282,CONTINUOUS
A0AAD4KBB8,18S rRNA (pseudouridine-N1)-methyltransferase,252,KR093_007286,30044,Drosophila rubida,Drosophila rubida,True,IPR005304,family,,252,29,251,CONTINUOUS
A0AAD4L0G6,Ribosomal RNA small subunit methyltransferase NEP1,247,BGW36DRAFT_287278,1131652,Talaromyces proteolyticus,Talaromyces proteolyticus,True,IPR005304,family,,247,27,247,CONTINUOUS
A0AAD4LPT2,Nep1-domain-containing protein,374,EDB92DRAFT_1791082,416441,Lactarius akahatsu,Lactarius akahatsu,True,IPR005304,family,,374,116,374,CONTINUOUS
A0AAD4M798,Ribosomal RNA small subunit methyltransferase NEP1,359,B0F90DRAFT_1810001,376703,Multifurca ochricompacta,Multifurca ochricompacta,True,IPR005304,family,,359,142,359,CONTINUOUS
A0AAD4NHS5,18S rRNA (pseudouridine-N1)-methyltransferase,227,DdX_01214,166010,Ditylenchus destructor,Ditylenchus destructor,True,IPR005304,family,,227,8,226,CONTINUOUS
A0AAD4SQP2,Ribosomal RNA small subunit methyltransferase NEP1,285,MKW98_017303,357466,Papaver atlanticum,Papaver atlanticum,True,IPR005304,family,,285,44,285,CONTINUOUS
A0AAD4ULK8,18S rRNA (pseudouridine(1248)-N1)-methyltransferase,244,MG293_002574,230172,Ovis ammon polii,Ovis ammon polii,True,IPR005304,family,,244,12,243,CONTINUOUS
A0AAD4V3S7,Nucleolar essential protein-related protein,290,L3X38_037646,3755,Prunus dulcis,Prunus dulcis (Almond),True,IPR005304,family,,290,38,290,CONTINUOUS
A0AAD5ALT0,18S rRNA (pseudouridine(1248)-N1)-methyltransferase,242,C0J50_22152,30991,Silurus asotus,Silurus asotus (Amur catfish),True,IPR005304,family,,242,9,242,CONTINUOUS
A0AAD5DI84,Uncharacterized protein,164,COHA_009447,2649997,Chlorella ohadii,Chlorella ohadii,True,IPR005304,family,,164,14,158,CONTINUOUS
A0AAD5EB74,Nep1-domain-containing protein,232,K450DRAFT_265436,1314678,Umbelopsis ramanniana AG,Umbelopsis ramanniana AG,True,IPR005304,family,,232,15,232,CONTINUOUS
A0AAD5F7N5,Nucleolar essential protein-related protein,258,L3X38_009119,3755,Prunus dulcis,Prunus dulcis (Almond),True,IPR005304,family,,258,31,258,CONTINUOUS
A0AAD5F7T5,Ribosomal RNA small subunit methyltransferase NEP1,225,L3X38_009120,3755,Prunus dulcis,Prunus dulcis (Almond),True,IPR005304,family,,225,14,224,CONTINUOUS
A0AAD5FYB6,Ribosomal RNA small subunit methyltransferase NEP1,305,KGF57_002827,1198502,Candida theae,Candida theae,True,IPR005304,family,,305,34,304,CONTINUOUS
A0AAD5GKK2,Ribosomal RNA small subunit methyltransferase NEP1,284,M8C21_032688,4212,Ambrosia artemisiifolia,Ambrosia artemisiifolia (Common ragweed),True,IPR005304,family,,284,45,284,CONTINUOUS
A0AAD5HHA5,Uncharacterized protein,250,K450DRAFT_230254,1314678,Umbelopsis ramanniana AG,Umbelopsis ramanniana AG,True,IPR005304,family,,250,25,250,CONTINUOUS
A0AAD5IV46,Ribosomal RNA small subunit methyltransferase NEP1,223,LWI28_020813,4023,Acer negundo,Acer negundo (Box elder),True,IPR005304,family,,223,10,222,CONTINUOUS
A0AAD5JL56,Alpha/beta knot methyltransferase,267,BDA99DRAFT_529470,60185,Phascolomyces articulosus,Phascolomyces articulosus,True,IPR005304,family,,267,16,267,CONTINUOUS
A0AAD5LA31,Ribosome biogenesis protein NEP1,225,P43SY_002160,114742,Pythium insidiosum,Pythium insidiosum (Pythiosis disease agent),True,IPR005304,family,,225,4,225,CONTINUOUS
A0AAD5N9G3,Ribosomal RNA small subunit methyltransferase NEP1,147,EMG1,148309,Parelaphostrongylus tenuis,Parelaphostrongylus tenuis (Meningeal worm),True,IPR005304,family,,147,12,138,CONTINUOUS
A0AAD5PIL1,Alpha/beta knot methyltransferase,224,BDA99DRAFT_497880,60185,Phascolomyces articulosus,Phascolomyces articulosus,True,IPR005304,family,,224,8,224,CONTINUOUS
A0AAD5PVF1,18S rRNA (pseudouridine-N1)-methyltransferase,221,GHT06_013593,1820382,Daphnia sinensis,Daphnia sinensis,True,IPR005304,family,,221,5,220,CONTINUOUS
A0AAD5RAE1,18S rRNA (pseudouridine-N1)-methyltransferase,212,KIN20_034900,148309,Parelaphostrongylus tenuis,Parelaphostrongylus tenuis (Meningeal worm),True,IPR005304,family,,212,43,211,CONTINUOUS
A0AAD5RVG2,Ribosomal RNA small subunit methyltransferase NEP1,258,MKZ38_006644,339359,Zalerion maritima,Zalerion maritima,True,IPR005304,family,,258,32,258,CONTINUOUS
A0AAD5S5W7,18S rRNA pseudouridine methyltransferase,235,EMG1,64517,Rhizophlyctis rosea,Rhizophlyctis rosea,True,IPR005304,family,,235,9,235,CONTINUOUS
A0AAD5TRA7,Nep1-domain-containing protein,232,EMG1,109894,Geranomyces variabilis,Geranomyces variabilis,True,IPR005304,family,,232,8,232,CONTINUOUS
A0AAD5U2W8,Ribosomal RNA small subunit methyltransferase NEP1,234,MRA1,447962,Clydaea vesicula,Clydaea vesicula,True,IPR005304,family,,234,10,234,CONTINUOUS
A0AAD5UTD1,Nep1-domain-containing protein,364,NLI96_g11936,2056292,Meripilus lineatus,Meripilus lineatus,True,IPR005304,family,,364,109,358,CONTINUOUS
A0AAD5VJ83,Nep1-domain-containing protein,346,NP233_g10439,56174,Leucocoprinus birnbaumii,Leucocoprinus birnbaumii,True,IPR005304,family,,346,116,346,CONTINUOUS
A0AAD5WC82,Ribosomal RNA small subunit methyltransferase NEP1,288,LUZ61_015130,198213,Rhynchospora tenuis,Rhynchospora tenuis,True,IPR005304,family,,288,47,287,CONTINUOUS
A0AAD5XFA8,Ribosomal RNA small subunit methyltransferase NEP1,234,MRA1,109957,Physocladia obscura,Physocladia obscura,True,IPR005304,family,,234,8,234,CONTINUOUS
A0AAD5Y5H9,Uncharacterized protein,197,HK103_000202,261099,Boothiomyces macroporosus,Boothiomyces macroporosus,True,IPR005304,family,,197,7,191,CONTINUOUS
A0AAD6CCB8,Ribosomal RNA small subunit methyltransferase NEP1,330,N7458_001763,63821,Penicillium daleae,Penicillium daleae,True,IPR005304,family,,330,105,330,CONTINUOUS
A0AAD6DCP7,Ribosomal RNA small subunit methyltransferase NEP1,257,N7450_009865,911720,Penicillium hetheringtonii,Penicillium hetheringtonii,True,IPR005304,family,,257,35,257,CONTINUOUS
A0AAD6DU75,Ribosomal RNA small subunit methyltransferase NEP1,259,N7537_009849,40994,Penicillium hordei,Penicillium hordei,True,IPR005304,family,,259,32,259,CONTINUOUS
A0AAD6FEB2,18S rRNA (pseudouridine(1248)-N1)-methyltransferase,236,JOQ06_024841,1090488,Pogonophryne albipinna,Pogonophryne albipinna,True,IPR005304,family,,236,6,236,CONTINUOUS
A0AAD6GEQ8,Ribosomal RNA small subunit methyltransferase NEP1,258,N7494_007466,3151616,Penicillium frequentans,Penicillium frequentans,True,IPR005304,family,,258,33,258,CONTINUOUS
A0AAD6I110,Ribosomal RNA small subunit methyltransferase NEP1,259,N7460_011600,5083,Penicillium canescens,Penicillium canescens,True,IPR005304,family,,259,32,259,CONTINUOUS
A0AAD6KLZ9,Uncharacterized protein,111,OIU84_026535,889485,Salix udensis,Salix udensis,True,IPR005304,family,,111,3,107,CONTINUOUS
A0AAD6KN96,Uncharacterized protein,115,OIU84_026533,889485,Salix udensis,Salix udensis,True,IPR005304,family,,115,18,115,CONTINUOUS
A0AAD6KNG7,Ribosomal RNA small subunit methyltransferase NEP1,150,OIU84_026635,889485,Salix udensis,Salix udensis,True,IPR005304,family,,150,31,142,CONTINUOUS
A0AAD6LKB5,Ribosomal RNA small subunit methyltransferase NEP1,282,NC653_035987,444605,Populus alba x Populus x berolinensis,Populus alba x Populus x berolinensis,True,IPR005304,family,,282,42,282,CONTINUOUS
A0AAD6MZW7,Ribosomal RNA small subunit methyltransferase NEP1,252,N7493_001472,1324776,Penicillium malachiteum,Penicillium malachiteum,True,IPR005304,family,,252,31,252,CONTINUOUS
A0AAD6NGN8,Nucleolar essential protein 1,254,Dda_5821,74499,Drechslerella dactyloides,Drechslerella dactyloides (Nematode-trapping fungus),True,IPR005304,family,,254,31,254,CONTINUOUS
A0AAD6QKU6,Nucleolar essential protein 1,278,NC653_015565,444605,Populus alba x Populus x berolinensis,Populus alba x Populus x berolinensis,True,IPR005304,family,,278,39,258,CONTINUOUS
A0AAD6QKV1,Ribosomal RNA small subunit methyltransferase NEP1,284,NC653_015565,444605,Populus alba x Populus x berolinensis,Populus alba x Populus x berolinensis,True,IPR005304,family,,284,39,284,CONTINUOUS
A0AAD6X7H4,Nucleolar essential protein 1,380,C8F04DRAFT_396173,1745969,Mycena alexandri,Mycena alexandri,True,IPR005304,family,,380,147,380,CONTINUOUS
A0AAD6Y1K7,Nucleolar essential protein 1,366,GGX14DRAFT_606347,153505,Mycena pura,Mycena pura,True,IPR005304,family,,366,123,366,CONTINUOUS
A0AAD7ATH7,Nep1-domain-containing protein,377,DFH08DRAFT_829161,1033008,Mycena albidolilacea,Mycena albidolilacea,True,IPR005304,family,,377,143,376,CONTINUOUS
A0AAD7C3J9,Nucleolar essential protein 1,348,FB45DRAFT_902363,1738132,Roridomyces roridus,Roridomyces roridus,True,IPR005304,family,,348,87,347,CONTINUOUS
A0AAD7CY04,Nep1-domain-containing protein,239,B0H17DRAFT_949472,1033263,Mycena rosella,Mycena rosella (Pink bonnet),True,IPR005304,family,,239,14,239,CONTINUOUS
A0AAD7I054,Nucleolar essential protein 1,379,DFH07DRAFT_157669,230809,Mycena maculata,Mycena maculata,True,IPR005304,family,,379,143,379,CONTINUOUS
A0AAD7JLR2,Alpha/beta knot methyltransferase,229,DFH07DRAFT_866922,230809,Mycena maculata,Mycena maculata,True,IPR005304,family,,229,15,229,CONTINUOUS
A0AAD7MJ99,Nucleolar essential protein 1,379,B0H16DRAFT_1336322,1033252,Mycena metata,Mycena metata,True,IPR005304,family,,379,147,379,CONTINUOUS
A0AAD7Q8B5,Ribosomal RNA small subunit methyltransferase NEP1,283,O6P43_006380,32244,Quillaja saponaria,Quillaja saponaria (Soap bark tree),True,IPR005304,family,,283,33,283,CONTINUOUS
A0AAD7RYZ9,18S rRNA (pseudouridine(1248)-N1)-methyltransferase,273,AAFF_G00070880,143900,Aldrovandia affinis,Aldrovandia affinis,True,IPR005304,family,,273,24,252,CONTINUOUS
A0AAD7UUK1,Nep1-domain-containing protein,280,O0I10_011375,688661,Lichtheimia ornata,Lichtheimia ornata,True,IPR005304,family,,280,42,280,CONTINUOUS
A0AAD7VVI7,Ribosomal RNA small subunit methyltransferase NEP1,249,POJ06DRAFT_242182,54092,Lipomyces tetrasporus,Lipomyces tetrasporus,True,IPR005304,family,,249,29,249,CONTINUOUS
A0AAD7XA46,uracil phosphoribosyltransferase,600,ONZ51_g6878,1111947,Trametes cubensis,Trametes cubensis,True,IPR005304,family,,600,345,600,CONTINUOUS
A0AAD7XKQ8,Uncharacterized protein,214,CTAYLR_008105,2483200,Chrysophaeum taylorii,Chrysophaeum taylorii,True,IPR005304,family,,214,5,211,CONTINUOUS
A0AAD7Y1Z5,Nep1-domain-containing protein,261,O0I10_001949,688661,Lichtheimia ornata,Lichtheimia ornata,True,IPR005304,family,,261,15,261,CONTINUOUS
A0AAD7Z1G5,18S rRNA (pseudouridine-N1)-methyltransferase,236,PYW07_014745,271217,Mythimna separata,Mythimna separata (Oriental armyworm),True,IPR005304,family,,236,18,235,CONTINUOUS
A0AAD7ZG39,18S rRNA (pseudouridine-N1)-methyltransferase,235,L9F63_004463,6984,Diploptera punctata,Diploptera punctata (Pacific beetle cockroach),True,IPR005304,family,,235,6,235,CONTINUOUS
A0AAD8FLJ1,Ribosomal RNA small subunit methyltransferase NEP1,298,Bpfe_001713,112525,Biomphalaria pfeifferi,Biomphalaria pfeifferi (Bloodfluke planorb),True,IPR005304,family,,298,105,297,CONTINUOUS
A0AAD8G473,18S rRNA (pseudouridine(1248)-N1)-methyltransferase,238,EMG1,40147,Acipenser oxyrinchus oxyrinchus,Acipenser oxyrinchus oxyrinchus,True,IPR005304,family,,238,13,238,CONTINUOUS
A0AAD8JIJ8,Ribosomal RNA small subunit methyltransferase NEP1,284,POM88_004702,360622,Heracleum sosnowskyi,Heracleum sosnowskyi,True,IPR005304,family,,284,45,284,CONTINUOUS
A0AAD8LLC2,Alpha/beta knot like protein,199,BgAZ_304470,33632,Babesia gibsoni,Babesia gibsoni,True,IPR005304,family,,199,18,198,CONTINUOUS
A0AAD8PGF9,Alpha/beta knot like protein,292,BgAZ_108070,33632,Babesia gibsoni,Babesia gibsoni,True,IPR005304,family,,292,3,288,CONTINUOUS
A0AAD8PV24,Essential for mitotic growth 1,261,LY79DRAFT_705171,681940,Colletotrichum navitas,Colletotrichum navitas,True,IPR005304,family,,261,36,260,CONTINUOUS
A0AAD8UKH3,Nucleolar essential protein 1,340,BDZ83DRAFT_751657,27357,Glomerella acutata,Glomerella acutata,True,IPR005304,family,,340,112,339,CONTINUOUS
A0AAD8Z9K1,18S rRNA (pseudouridine(1248)-N1)-methyltransferase,247,P4O66_010346,2609070,Electrophorus voltai,Electrophorus voltai,True,IPR005304,family,,247,20,247,CONTINUOUS
A0AAD9A9Q9,Essential for mitotic growth 1,276,CCHR01_13277,1836956,Colletotrichum chrysophilum,Colletotrichum chrysophilum,True,IPR005304,family,,276,52,275,CONTINUOUS
A0AAD9C531,18S rRNA (pseudouridine(1248)-N1)-methyltransferase,236,KUDE01_021513,100907,Dissostichus eleginoides,Dissostichus eleginoides (Patagonian toothfish),True,IPR005304,family,,236,6,236,CONTINUOUS
A0AAD9CWG7,Nucleolar essential protein 1,332,DB88DRAFT_498906,5418,Papiliotrema laurentii,Papiliotrema laurentii,True,IPR005304,family,,332,75,332,CONTINUOUS
A0AAD9DFI7,Ribosomal RNA small subunit methyltransferase NEP1,286,QTG54_004832,267567,Skeletonema marinoi,Skeletonema marinoi,True,IPR005304,family,,286,29,286,CONTINUOUS
A0AAD9GK28,Ribosomal RNA small subunit methyltransferase NEP1,197,X943_003754,32595,Babesia divergens,Babesia divergens,True,IPR005304,family,,197,17,192,CONTINUOUS
A0AAD9HBB9,Essential for mitotic growth 1,261,LX32DRAFT_655941,1216348,Colletotrichum zoysiae,Colletotrichum zoysiae,True,IPR005304,family,,261,36,260,CONTINUOUS
A0AAD9IM14,Uncharacterized protein,229,QBZ16_002775,3111,Prototheca wickerhamii,Prototheca wickerhamii,True,IPR005304,family,,229,11,229,CONTINUOUS
A0AAD9K4U7,Ribosomal RNA small subunit methyltransferase NEP1,199,LSH36_57g02027,53620,Paralvinella palmiformis,Paralvinella palmiformis,True,IPR005304,family,,199,11,199,CONTINUOUS
A0AAD9KU99,Ribosomal RNA small subunit methyltransferase NEP1,226,NP493_623g01025,27915,Ridgeia piscesae,Ridgeia piscesae (Tubeworm),True,IPR005304,family,,226,13,226,CONTINUOUS
A0AAD9LEG2,Uncharacterized protein,294,X943_003082,32595,Babesia divergens,Babesia divergens,True,IPR005304,family,,294,3,289,CONTINUOUS
A0AAD9LPZ3,Ribosome biogenesis protein NEP1,214,P3T76_003823,4793,Phytophthora citrophthora,Phytophthora citrophthora,True,IPR005304,family,,214,4,214,CONTINUOUS
A0AAD9PJN6,Bifunctional Alpha-beta knot methyltransferases/Ribosomal biogenesis,281,BdWA1_002665,323732,Babesia duncani,Babesia duncani,True,IPR005304,family,,281,3,276,CONTINUOUS
A0AAD9QTD0,Ribosomal RNA small subunit methyltransferase NEP1,228,P5673_008839,6130,Acropora cervicornis,Acropora cervicornis (Staghorn coral),True,IPR005304,family,,228,6,227,CONTINUOUS
A0AAD9R8D5,18S rRNA (pseudouridine-N1)-methyltransferase,325,KPH14_008750,1348599,Odynerus spinipes,Odynerus spinipes,True,IPR005304,family,,325,4,234,CONTINUOUS
A0AAD9SZ13,Ribosomal RNA small subunit methyltransferase NEP1,249,QTJ16_004477,946125,Diplocarpon rosae,Diplocarpon rosae,True,IPR005304,family,,249,25,249,CONTINUOUS
A0AAD9W5B6,Ribosomal RNA small subunit methyltransferase NEP1,250,N8I77_003799,1214568,Phomopsis amygdali,Phomopsis amygdali,True,IPR005304,family,,250,25,250,CONTINUOUS
A0AAD9YA31,Essential for mitotic growth 1,261,CKAH01_18127,34407,Colletotrichum kahawae,Colletotrichum kahawae (Coffee berry disease fungus),True,IPR005304,family,,261,36,260,CONTINUOUS
A0AAD9ZBS9,Ribosomal RNA small subunit methyltransferase NEP1,257,EMG1,209136,Lepraria neglecta,Lepraria neglecta,True,IPR005304,family,,257,30,257,CONTINUOUS
A0AAD9ZL35,Ribosomal RNA small subunit methyltransferase NEP1,330,Dsin_031272,43782,Dipteronia sinensis,Dipteronia sinensis,True,IPR005304,family,,330,47,265,CONTINUOUS
A0AAE0C592,Ribosomal RNA small subunit methyltransferase NEP1,221,CYMTET_41856,36881,Cymbomonas tetramitiformis,Cymbomonas tetramitiformis,True,IPR005304,family,,221,7,221,CONTINUOUS
A0AAE0CWC2,Ribosomal RNA small subunit methyltransferase NEP1,381,Ddye_004465,168575,Dipteronia dyeriana,Dipteronia dyeriana,True,IPR005304,family,,381,45,264,CONTINUOUS
A0AAE0HS79,Nucleolar essential protein 1,261,B0H64DRAFT_39246,1854472,Chaetomium fimeti,Chaetomium fimeti,True,IPR005304,family,,261,36,261,CONTINUOUS
A0AAE0I864,Ribosomal RNA small subunit methyltransferase NEP1,249,B0T19DRAFT_445859,314031,Cercophora scortea,Cercophora scortea,True,IPR005304,family,,249,25,249,CONTINUOUS
A0AAE0ID44,Nucleolar essential protein 1,260,B0H66DRAFT_553303,516989,Apodospora peruviana,Apodospora peruviana,True,IPR005304,family,,260,35,260,CONTINUOUS
A0AAE0JHP0,Nucleolar essential protein 1,250,B0H65DRAFT_424561,94610,Neurospora tetraspora,Neurospora tetraspora,True,IPR005304,family,,250,25,250,CONTINUOUS
A0AAE0N9P6,Nucleolar essential protein 1,261,B0T24DRAFT_648084,92902,Lasiosphaeria ovina,Lasiosphaeria ovina,True,IPR005304,family,,261,36,261,CONTINUOUS
A0AAE0P1A3,Nucleolar essential protein 1,250,B0T20DRAFT_362948,83679,Sordaria brevicollis,Sordaria brevicollis,True,IPR005304,family,,250,25,250,CONTINUOUS
A0AAE0RCC0,18S rRNA (pseudouridine(1248)-N1)-methyltransferase,938,QTP70_013841,175788,Hemibagrus guttatus,Hemibagrus guttatus,True,IPR005304,family,,938,705,938,CONTINUOUS
A0AAE0TYZ7,Nucleolar essential protein 1,260,B0H63DRAFT_494012,330526,Podospora didyma,Podospora didyma,True,IPR005304,family,,260,36,260,CONTINUOUS
A0AAE0WSH5,Nucleolar essential protein 1,283,NEP1,574656,Recurvomyces mirabilis,Recurvomyces mirabilis,True,IPR005304,family,,283,31,283,CONTINUOUS
A0AAE0XCI0,Nucleolar essential protein 1,249,B0T22DRAFT_186026,314037,Podospora appendiculata,Podospora appendiculata,True,IPR005304,family,,249,25,249,CONTINUOUS
A0AAE1B3A3,Ribosomal RNA small subunit methyltransferase NEP1,230,RRG08_063381,231223,Elysia crispata,Elysia crispata (lettuce slug),True,IPR005304,family,,230,15,229,CONTINUOUS
A0AAE1FRB1,18S rRNA (pseudouridine-N1)-methyltransferase,236,Pcinc_017140,88211,Petrolisthes cinctipes,Petrolisthes cinctipes (Flat porcelain crab),True,IPR005304,family,,236,1,235,CONTINUOUS
A0AAE1I8J1,Nucleolar essential protein 1,255,Triagg1_8158,173218,Trichoderma aggressivum f. europaeum,Trichoderma aggressivum f. europaeum,True,IPR005304,family,,255,30,255,CONTINUOUS
A0AAE1K7E1,18S rRNA (pseudouridine-N1)-methyltransferase,236,Pcinc_029729,88211,Petrolisthes cinctipes,Petrolisthes cinctipes (Flat porcelain crab),True,IPR005304,family,,236,1,235,CONTINUOUS
A0AAE1LIW7,18S rRNA (pseudouridine-N1)-methyltransferase,235,KUF71_010563,407009,Frankliniella fusca,Frankliniella fusca,True,IPR005304,family,,235,6,234,CONTINUOUS
A0AAE1M857,Ribosomal RNA small subunit methyltransferase NEP1,282,QN277_009119,499986,Acacia crassicarpa,Acacia crassicarpa (northern wattle),True,IPR005304,family,,282,44,282,CONTINUOUS
A0AAE1QGP8,18S rRNA (pseudouridine-N1)-methyltransferase,264,Pmani_002986,1843537,Petrolisthes manimaculis,Petrolisthes manimaculis,True,IPR005304,family,,264,29,263,CONTINUOUS
A0AAE1S9M7,Ribosomal RNA small subunit methyltransferase NEP1,295,RND71_016329,243964,Anisodus tanguticus,Anisodus tanguticus,True,IPR005304,family,,295,67,295,CONTINUOUS
A0AAE1V4X4,Ribosomal RNA small subunit methyltransferase NEP1,129,RND71_024418,243964,Anisodus tanguticus,Anisodus tanguticus,True,IPR005304,family,,129,1,47,CONTINUOUS
A0AAE1V4X4,Ribosomal RNA small subunit methyltransferase NEP1,129,RND71_024418,243964,Anisodus tanguticus,Anisodus tanguticus,True,IPR005304,family,,129,47,120,CONTINUOUS
A0AAE1VCK8,Ribosomal RNA small subunit methyltransferase NEP1,276,RND71_016331,243964,Anisodus tanguticus,Anisodus tanguticus,True,IPR005304,family,,276,31,276,CONTINUOUS
A0AAE1VDP2,Ribosomal RNA small subunit methyltransferase NEP1,277,RND71_016330,243964,Anisodus tanguticus,Anisodus tanguticus,True,IPR005304,family,,277,39,277,CONTINUOUS
A0AAE1WG07,Ribosomal RNA small subunit methyltransferase NEP1,307,Sango_2029700,2727404,Sesamum angolense,Sesamum angolense,True,IPR005304,family,,307,151,261,CONTINUOUS
A0AAE1WJT9,Ribosomal RNA small subunit methyltransferase NEP1,282,Sango_1613400,2727404,Sesamum angolense,Sesamum angolense,True,IPR005304,family,,282,58,281,CONTINUOUS
A0AAE1X3M6,Ribosomal RNA small subunit methyltransferase NEP1,230,Sango_0796400,2727404,Sesamum angolense,Sesamum angolense,True,IPR005304,family,,230,40,228,CONTINUOUS
A0AAE1YWR0,Ribosomal RNA small subunit methyltransferase NEP1,246,Salat_0048500,300844,Sesamum alatum,Sesamum alatum,True,IPR005304,family,,246,19,245,CONTINUOUS
A0AAE2BQY8,Ribosomal RNA small subunit methyltransferase NEP1,288,Sango_1613500,2727404,Sesamum angolense,Sesamum angolense,True,IPR005304,family,,288,95,283,CONTINUOUS
A0AAE2C091,Ribosomal RNA small subunit methyltransferase NEP1,216,Sango_0796900,2727404,Sesamum angolense,Sesamum angolense,True,IPR005304,family,,216,20,142,CONTINUOUS
A0AAE2CRQ3,Ribosomal RNA small subunit methyltransferase NEP1,282,Salat_0968600,300844,Sesamum alatum,Sesamum alatum,True,IPR005304,family,,282,39,282,CONTINUOUS
A0AAE2CWI0,Ribosomal RNA small subunit methyltransferase NEP1,296,Salat_0048600,300844,Sesamum alatum,Sesamum alatum,True,IPR005304,family,,296,78,291,CONTINUOUS
A0AAE2D2J5,Ribosomal RNA small subunit methyltransferase NEP1,233,MN116_007991,38744,Schistosoma mekongi,Schistosoma mekongi (Parasitic worm),True,IPR005304,family,,233,5,220,CONTINUOUS
A0AAE4NWD0,Ribosomal RNA small subunit methyltransferase Nep1,220,nep1,90909,Thermococcus waiotapuensis,Thermococcus waiotapuensis,True,IPR005304,family,,220,2,217,CONTINUOUS
A0AAE8MBA4,Ribosomal RNA small subunit methyltransferase NEP1,259,FTOL_07368,33205,Fusarium torulosum,Fusarium torulosum,True,IPR005304,family,,259,37,259,CONTINUOUS
A0AAE8MV91,EMG1 domain-containing protein,250,DNG_03983,2041049,Cephalotrichum gorgonifer,Cephalotrichum gorgonifer,True,IPR005304,family,,250,25,250,CONTINUOUS
A0AAE9EIP9,18S rRNA (pseudouridine-N1)-methyltransferase,357,L5515_003764,6238,Caenorhabditis briggsae,Caenorhabditis briggsae,True,IPR005304,family,,357,11,223,CONTINUOUS
A0AAE9EMZ9,18S rRNA (pseudouridine-N1)-methyltransferase,231,L5515_003764,6238,Caenorhabditis briggsae,Caenorhabditis briggsae,True,IPR005304,family,,231,11,231,CONTINUOUS
A0AAE9WTI6,Ribosomal RNA small subunit methyltransferase NEP1,232,Py17XNL_000704184,73239,Plasmodium yoelii yoelii,Plasmodium yoelii yoelii,True,IPR005304,family,,232,12,231,CONTINUOUS
A0AAF0AYF0,Ribosome biogenesis protein Mra1,359,mra1,2545709,Schizosaccharomyces osmophilus,Schizosaccharomyces osmophilus,True,IPR005304,family,,359,106,357,CONTINUOUS
A0AAF0B7K6,Small subunit rRNA processing factor,359,Py17XNL_001401261,73239,Plasmodium yoelii yoelii,Plasmodium yoelii yoelii,True,IPR005304,family,,359,156,356,CONTINUOUS
A0AAF0D347,Ribosomal RNA small subunit methyltransferase Nep1,234,nep1,1841599,Odinarchaeota yellowstonii (strain LCB_4),Odinarchaeota yellowstonii (strain LCB_4),True,IPR005304,family,,234,3,221,CONTINUOUS
A0AAF0DFD5,Nucleolar essential protein 1,282,NEP1,2070801,Emydomyces testavorans,Emydomyces testavorans,True,IPR005304,family,,282,61,282,CONTINUOUS
A0AAF0DTN7,Nucleolar essential protein 1,356,NEP1,1821822,Malassezia brasiliensis,Malassezia brasiliensis,True,IPR005304,family,,356,100,356,CONTINUOUS
A0AAF0E044,Ribosomal RNA small subunit methyltransferase NEP1,364,NEP1,76774,Malassezia obtusa,Malassezia obtusa,True,IPR005304,family,,364,77,364,CONTINUOUS
A0AAF0E8A6,Ribosomal RNA small subunit methyltransferase NEP1,345,NEP1,1381934,Malassezia caprae,Malassezia caprae,True,IPR005304,family,,345,100,345,CONTINUOUS
A0AAF0EED3,Ribosomal RNA small subunit methyltransferase NEP1,347,NEP1,1381935,Malassezia equina,Malassezia equina,True,IPR005304,family,,347,100,347,CONTINUOUS
A0AAF0EV75,Ribosomal RNA small subunit methyltransferase NEP1,371,NEP1,948313,Malassezia cuniculi,Malassezia cuniculi,True,IPR005304,family,,371,117,371,CONTINUOUS
A0AAF0F046,Nucleolar essential protein 1,353,NEP1,223818,Malassezia japonica,Malassezia japonica,True,IPR005304,family,,353,100,353,CONTINUOUS
A0AAF0FG08,rRNA small subunit pseudouridine methyltransferase Nep1,387,NEP1,1821823,Malassezia psittaci,Malassezia psittaci,True,IPR005304,family,,387,116,387,CONTINUOUS
A0AAF0J3Z0,Ribosomal RNA small subunit methyltransferase NEP1,345,NEP1,180528,Malassezia nana,Malassezia nana,True,IPR005304,family,,345,101,345,CONTINUOUS
A0AAF0U018,Ribosomal RNA small subunit methyltransferase NEP1,297,MTR67_028645,315347,Solanum verrucosum,Solanum verrucosum,True,IPR005304,family,,297,158,297,CONTINUOUS
A0AAF0UBQ8,Ribosomal RNA small subunit methyltransferase NEP1,314,MTR67_036156,315347,Solanum verrucosum,Solanum verrucosum,True,IPR005304,family,,314,73,314,CONTINUOUS
A0AAF0WZN4,Ribosomal RNA small subunit methyltransferase NEP1,285,DCAR_0417948,79200,Daucus carota subsp. sativus,Daucus carota subsp. sativus (Carrot),True,IPR005304,family,,285,45,285,CONTINUOUS
A0AAF1BJQ4,Ribosomal RNA small subunit methyltransferase NEP1,342,NEP1,143232,Vanrija pseudolonga,Vanrija pseudolonga,True,IPR005304,family,,342,101,342,CONTINUOUS
A0AAF3EBA8,18S rRNA (pseudouridine-N1)-methyltransferase,230,,2138241,Mesorhabditis belari,Mesorhabditis belari,True,IPR005304,family,,230,11,230,CONTINUOUS
A0AAG5CUG1,18S rRNA (pseudouridine-N1)-methyltransferase,306,,41427,Anopheles atroparvus,Anopheles atroparvus (European mosquito),True,IPR005304,family,,306,89,306,CONTINUOUS
A0AAI8Z4K6,Nucleolar essential protein 1,257,LECACI_7A007471,111012,Lecanosticta acicola,Lecanosticta acicola,True,IPR005304,family,,257,35,257,CONTINUOUS
A0AAI9SZ23,Ribosomal RNA small subunit methyltransferase NEP1,280,KGF56_001403,497107,Candida oxycetoniae,Candida oxycetoniae,True,IPR005304,family,,280,21,279,CONTINUOUS
A0AAI9TCY8,Ribosomal RNA small subunit methyltransferase NEP1,259,VN97_g8920,293382,Penicillium thymicola,Penicillium thymicola,True,IPR005304,family,,259,16,259,CONTINUOUS
A0AAI9UI11,Essential for mitotic growth 1,274,CMEL01_15867,1209925,Colletotrichum melonis,Colletotrichum melonis,True,IPR005304,family,,274,49,273,CONTINUOUS
A0AAI9XRT0,Essential for mitotic growth 1,261,CCUS01_09565,1209917,Colletotrichum cuscutae,Colletotrichum cuscutae,True,IPR005304,family,,261,36,260,CONTINUOUS
A0AAI9YPT7,Essential for mitotic growth 1,261,CCOS01_10980,1209916,Colletotrichum costaricense,Colletotrichum costaricense,True,IPR005304,family,,261,36,260,CONTINUOUS
A0AAI9ZTZ8,Ribosomal RNA small subunit methyltransferase NEP1,270,BDP81DRAFT_448228,359342,Colletotrichum phormii,Colletotrichum phormii,True,IPR005304,family,,270,46,269,CONTINUOUS
A0AAJ0AIK3,Essential for mitotic growth 1,261,BDP55DRAFT_230147,1209918,Colletotrichum godetiae,Colletotrichum godetiae,True,IPR005304,family,,261,37,260,CONTINUOUS
A0AAJ0BXM0,Nucleolar essential protein 1,250,QBC33DRAFT_94992,1093897,Phialemonium atrogriseum,Phialemonium atrogriseum,True,IPR005304,family,,250,25,250,CONTINUOUS
A0AAJ0CYV8,Ribosomal RNA small subunit methyltransferase NEP1,261,NEP1,1105319,Conoideocrella luteorostrata,Conoideocrella luteorostrata,True,IPR005304,family,,261,36,261,CONTINUOUS
A0AAJ0F4J7,Ribosomal RNA small subunit methyltransferase NEP1,261,QBC47DRAFT_430129,438768,Echria macrotheca,Echria macrotheca,True,IPR005304,family,,261,32,261,CONTINUOUS
A0AAJ0GSS3,Nucleolar essential protein 1,261,B0T15DRAFT_555671,1170767,Chaetomium strumarium,Chaetomium strumarium,True,IPR005304,family,,261,36,261,CONTINUOUS
A0AAJ0HB12,Nucleolar essential protein 1,261,B0T25DRAFT_272403,260671,Lasiosphaeria hispida,Lasiosphaeria hispida,True,IPR005304,family,,261,36,261,CONTINUOUS
A0AAJ0I0G9,Nucleolar essential protein 1,250,B0T23DRAFT_324719,588809,Neurospora hispaniola,Neurospora hispaniola,True,IPR005304,family,,250,25,250,CONTINUOUS
A0AAJ0LUJ6,Ribosomal RNA small subunit methyltransferase NEP1,260,NEP1,702011,Extremus antarcticus,Extremus antarcticus,True,IPR005304,family,,260,34,260,CONTINUOUS
A0AAJ4XRJ8,EMG1-Protein required for ribosome biogenesis,389,MEPE_06665,63383,Melanopsichium pennsylvanicum,Melanopsichium pennsylvanicum,True,IPR005304,family,,389,137,388,CONTINUOUS
A0AAJ5YTZ1,rRNA small subunit pseudouridine methyltransferase Nep1,369,NEP1,253288,Malassezia yamatoensis,Malassezia yamatoensis,True,IPR005304,family,,369,111,369,CONTINUOUS
A0AAJ5YWN5,Ribosomal RNA small subunit methyltransferase NEP1,364,NEP1,1514897,Malassezia arunalokei,Malassezia arunalokei,True,IPR005304,family,,364,81,364,CONTINUOUS
A0AAJ6QF35,Nucleolar essential protein 1,254,An11g10540,5061,Aspergillus niger,Aspergillus niger,True,IPR005304,family,,254,32,254,CONTINUOUS
A0AAJ6SXE6,Ribosomal RNA small subunit methyltransferase NEP1,282,LOC105108005,75702,Populus euphratica,Populus euphratica (Euphrates poplar),True,IPR005304,family,,282,42,282,CONTINUOUS
A0AAJ6TS27,Ribosomal RNA small subunit methyltransferase NEP1,284,LOC105119554,75702,Populus euphratica,Populus euphratica (Euphrates poplar),True,IPR005304,family,,284,41,284,CONTINUOUS
A0AAJ6XQH3,Ribosomal RNA small subunit methyltransferase NEP1,284,LOC105127605,75702,Populus euphratica,Populus euphratica (Euphrates poplar),True,IPR005304,family,,284,42,283,CONTINUOUS
A0AAJ6YLM8,18S rRNA (pseudouridine-N1)-methyltransferase,235,LOC105364172,326594,Ceratosolen solmsi marchali,Ceratosolen solmsi marchali,True,IPR005304,family,,235,4,234,CONTINUOUS
A0AAJ7CEI6,18S rRNA (pseudouridine-N1)-methyltransferase,236,LOC107274229,211228,Cephus cinctus,Cephus cinctus (Wheat stem sawfly),True,IPR005304,family,,236,3,236,CONTINUOUS
A0AAJ7L386,18S rRNA (pseudouridine-N1)-methyltransferase,238,LOC100902493,34638,Galendromus occidentalis,Galendromus occidentalis (western predatory mite),True,IPR005304,family,,238,13,238,CONTINUOUS
A0AAJ7NFG5,Ribosomal RNA small subunit methyltransferase NEP1,102,LOC108632029,156304,Ceratina calcarata,Ceratina calcarata,True,IPR005304,family,,102,1,102,CONTINUOUS
A0AAJ8L0U5,Nucleolar essential protein 1,348,I206_102020,1296096,Kwoniella pini CBS 10737,Kwoniella pini CBS 10737,True,IPR005304,family,,348,103,348,CONTINUOUS
A0AAJ8M2B4,Nucleolar essential protein 1,328,L203_104532,1295531,Cryptococcus depauperatus CBS 7841,Cryptococcus depauperatus CBS 7841,True,IPR005304,family,,328,65,327,CONTINUOUS
A0AAN0IAB8,Ribosomal RNA small subunit methyltransferase NEP1,233,,400682,Amphimedon queenslandica,Amphimedon queenslandica (Sponge),True,IPR005304,family,,233,4,232,CONTINUOUS
A0AAN4PDT1,Ribosomal RNA small subunit methyltransferase NEP1,254,CNMCM8927_009785,293939,Aspergillus lentulus,Aspergillus lentulus,True,IPR005304,family,,254,31,254,CONTINUOUS
A0AAN6DAY7,Ribosomal RNA small subunit methyltransferase NEP1,256,KL933_000505,1937702,Ogataea haglerorum,Ogataea haglerorum,True,IPR005304,family,,256,9,255,CONTINUOUS
A0AAN6DKE4,Ribosomal RNA small subunit methyltransferase NEP1,256,KL940_000902,870730,Pichia angusta,Pichia angusta (Yeast),True,IPR005304,family,,256,17,255,CONTINUOUS
A0AAN6E5C9,Ribosomal RNA small subunit methyltransferase NEP1,256,EDD36DRAFT_30898,2486360,Exophiala viscosa,Exophiala viscosa,True,IPR005304,family,,256,31,256,CONTINUOUS
A0AAN6F092,Ribosomal RNA small subunit methyltransferase NEP1,256,NEP1,5970,Exophiala dermatitidis,Exophiala dermatitidis (Black yeast-like fungus),True,IPR005304,family,,256,33,256,CONTINUOUS
A0AAN6FXD8,Ribosomal RNA small subunit methyltransferase NEP1,293,NEP1_1,329885,Friedmanniomyces endolithicus,Friedmanniomyces endolithicus,True,IPR005304,family,,293,64,293,CONTINUOUS
A0AAN6GQJ2,18S rRNA pseudouridine methyltransferase,1276,NEP1,155126,Tilletia horrida,Tilletia horrida,True,IPR005304,family,,1276,195,448,CONTINUOUS
A0AAN6HGV4,Ribosomal RNA small subunit methyltransferase NEP1,259,FAUST_4391,282268,Fusarium austroamericanum,Fusarium austroamericanum,True,IPR005304,family,,259,37,259,CONTINUOUS
A0AAN6JIT0,Ribosomal RNA small subunit methyltransferase NEP1,429,NEP1,155126,Tilletia horrida,Tilletia horrida,True,IPR005304,family,,429,163,429,CONTINUOUS
A0AAN6JX63,Ribosomal RNA small subunit methyltransferase NEP1,293,NEP1_3,329885,Friedmanniomyces endolithicus,Friedmanniomyces endolithicus,True,IPR005304,family,,293,63,293,CONTINUOUS
A0AAN6L0J8,Ribosomal RNA small subunit methyltransferase NEP1,317,NEP1_1,329885,Friedmanniomyces endolithicus,Friedmanniomyces endolithicus,True,IPR005304,family,,317,86,317,CONTINUOUS
A0AAN6LVL5,Nucleolar essential protein 1,283,GRF29_103g1501235,1892770,Pseudopithomyces chartarum,Pseudopithomyces chartarum,True,IPR005304,family,,283,56,283,CONTINUOUS
A0AAN6N9I7,Nucleolar essential protein 1,261,QBC46DRAFT_383352,303347,Diplogelasinospora grovesii,Diplogelasinospora grovesii,True,IPR005304,family,,261,36,261,CONTINUOUS
A0AAN6PHV3,Ribosomal RNA small subunit methyltransferase NEP1,261,C8A01DRAFT_45755,2588326,Parachaetomium inaequale,Parachaetomium inaequale,True,IPR005304,family,,261,36,261,CONTINUOUS
A0AAN6RVY6,Nucleolar essential protein 1,261,C8A05DRAFT_42181,2831512,Staphylotrichum tortipilum,Staphylotrichum tortipilum,True,IPR005304,family,,261,36,261,CONTINUOUS
A0AAN6SEH4,Nucleolar essential protein 1,265,QBC32DRAFT_347183,241081,Pseudoneurospora amorphoporcata,Pseudoneurospora amorphoporcata,True,IPR005304,family,,265,40,264,CONTINUOUS
A0AAN6T0V9,Nucleolar essential protein 1,263,N658DRAFT_150967,113614,Parathielavia hyrcaniae,Parathielavia hyrcaniae,True,IPR005304,family,,263,38,263,CONTINUOUS
A0AAN6T7L2,Ribosomal RNA small subunit methyltransferase NEP1,250,N656DRAFT_718518,2074819,Canariomyces notabilis,Canariomyces notabilis,True,IPR005304,family,,250,26,250,CONTINUOUS
A0AAN6U1F6,Nucleolar essential protein 1,263,N657DRAFT_571649,2587402,Parathielavia appendiculata,Parathielavia appendiculata,True,IPR005304,family,,263,38,263,CONTINUOUS
A0AAN6UND2,Nucleolar essential protein 1,262,BT67DRAFT_461227,1450529,Trichocladium antarcticum,Trichocladium antarcticum,True,IPR005304,family,,262,37,262,CONTINUOUS
A0AAN6UY93,Nucleolar essential protein 1,263,C8A04DRAFT_40175,1934379,Dichotomopilus funicola,Dichotomopilus funicola,True,IPR005304,family,,263,38,263,CONTINUOUS
A0AAN6VRD4,Nucleolar essential protein 1,261,C8A00DRAFT_41089,669021,Chaetomidium leptoderma,Chaetomidium leptoderma,True,IPR005304,family,,261,36,261,CONTINUOUS
A0AAN6WN86,Nucleolar essential protein 1,261,QBC35DRAFT_19473,1536484,Podospora australis,Podospora australis,True,IPR005304,family,,261,36,261,CONTINUOUS
A0AAN6X5G6,Ribosomal RNA small subunit methyltransferase NEP1,289,QBC40DRAFT_311458,2587418,Triangularia verruculosa,Triangularia verruculosa,True,IPR005304,family,,289,64,289,CONTINUOUS
A0AAN7A8Y0,Ribosomal RNA small subunit methyltransferase NEP1,286,QBC36DRAFT_343542,2587417,Triangularia setosa,Triangularia setosa,True,IPR005304,family,,286,61,286,CONTINUOUS
A0AAN7BAS7,Nucleolar essential protein 1,249,QBC37DRAFT_279667,261697,Rhypophila decipiens,Rhypophila decipiens,True,IPR005304,family,,249,26,249,CONTINUOUS
A0AAN7BTQ1,Nucleolar essential protein 1,262,QBC38DRAFT_508403,252190,Podospora fimiseda,Podospora fimiseda,True,IPR005304,family,,262,36,262,CONTINUOUS
A0AAN7C913,Nucleolar essential protein 1,261,C8A03DRAFT_44907,79813,Achaetomium macrosporum,Achaetomium macrosporum,True,IPR005304,family,,261,36,261,CONTINUOUS
A0AAN7DKT5,Ribosomal RNA small subunit methyltransferase NEP1,244,AUR1_1,708070,Mucor velutinosus,Mucor velutinosus,True,IPR005304,family,,244,5,244,CONTINUOUS
A0AAN7HCG7,Ribosomal RNA small subunit methyltransferase NEP1,261,C7999DRAFT_43696,1126955,Corynascus novoguineensis,Corynascus novoguineensis,True,IPR005304,family,,261,36,261,CONTINUOUS
A0AAN7I3L0,Nep1-domain-containing protein,260,ATC70_009844,708070,Mucor velutinosus,Mucor velutinosus,True,IPR005304,family,,260,12,260,CONTINUOUS
A0AAN7IGR9,Ribosomal RNA small subunit methyltransferase NEP1,287,RGQ29_024577,3512,Quercus rubra,Quercus rubra (Northern red oak),True,IPR005304,family,,287,50,287,CONTINUOUS
A0AAN7IKP8,Ribosomal RNA small subunit methyltransferase NEP1,223,RGQ29_024577,3512,Quercus rubra,Quercus rubra (Northern red oak),True,IPR005304,family,,223,50,220,CONTINUOUS
A0AAN7ILP6,Ribosomal RNA small subunit methyltransferase NEP1,271,RGQ29_027721,3512,Quercus rubra,Quercus rubra (Northern red oak),True,IPR005304,family,,271,25,271,CONTINUOUS
A0AAN7JHA7,Ribosomal RNA small subunit methyltransferase NEP1,363,SAY87_001348,236973,Trapa incisa,Trapa incisa,True,IPR005304,family,,363,125,359,CONTINUOUS
A0AAN7LCB9,Ribosomal RNA small subunit methyltransferase NEP1,285,SAY86_018220,22666,Trapa natans,Trapa natans (Water chestnut),True,IPR005304,family,,285,34,281,CONTINUOUS
A0AAN7LRY6,Ribosomal RNA small subunit methyltransferase NEP1,329,SAY86_017383,22666,Trapa natans,Trapa natans (Water chestnut),True,IPR005304,family,,329,91,325,CONTINUOUS
A0AAN7PFN8,18S rRNA (pseudouridine(1248)-N1)-methyltransferase,242,QYF61_006632,33587,Mycteria americana,Mycteria americana (Wood stork),True,IPR005304,family,,242,19,241,CONTINUOUS
A0AAN7QS37,Ribosomal RNA small subunit methyltransferase NEP1,303,SAY87_017686,236973,Trapa incisa,Trapa incisa,True,IPR005304,family,,303,35,280,CONTINUOUS
A0AAN7SB73,18S rRNA (pseudouridine-N1)-methyltransferase,237,RN001_006250,1421715,Aquatica leii,Aquatica leii,True,IPR005304,family,,237,9,236,CONTINUOUS
A0AAN7TGQ9,Nucleolar essential protein 1,278,EMG1,1508187,Meristemomyces frigidus,Meristemomyces frigidus,True,IPR005304,family,,278,49,278,CONTINUOUS
A0AAN7TLV4,Uncharacterized protein,334,RB653_010410,79012,Dictyostelium firmibasis,Dictyostelium firmibasis,True,IPR005304,family,,334,7,334,CONTINUOUS
A0AAN7WKM6,Ribosomal RNA small subunit methyltransferase NEP1,252,RI543_004455,278026,Arxiozyma heterogenica,Arxiozyma heterogenica,True,IPR005304,family,,252,21,252,CONTINUOUS
A0AAN7XIK5,18S rRNA (pseudouridine(1248)-N1)-methyltransferase,238,PBY51_017220,56733,Eleginops maclovinus,Eleginops maclovinus (Patagonian blennie),True,IPR005304,family,,238,6,238,CONTINUOUS
A0AAN7Y9Z0,Ribosomal RNA small subunit methyltransferase NEP1,259,NEP1,1690604,Lithohypha guttulata,Lithohypha guttulata,True,IPR005304,family,,259,32,259,CONTINUOUS
A0AAN7ZPR3,18S rRNA (pseudouridine-N1)-methyltransferase,237,RI129_001496,417401,Pyrocoelia pectoralis,Pyrocoelia pectoralis,True,IPR005304,family,,237,3,237,CONTINUOUS
A0AAN8A1E4,Ribosomal RNA small subunit methyltransferase NEP1,286,NEP1,574655,Elasticomyces elasticus,Elasticomyces elasticus,True,IPR005304,family,,286,41,286,CONTINUOUS
A0AAN8BX08,18S rRNA (pseudouridine(1248)-N1)-methyltransferase,238,CesoFtcFv8_012238,159716,Champsocephalus esox,Champsocephalus esox (pike icefish),True,IPR005304,family,,238,6,238,CONTINUOUS
A0AAN8DH51,18S rRNA (pseudouridine(1248)-N1)-methyltransferase,238,CgunFtcFv8_019069,52237,Champsocephalus gunnari,Champsocephalus gunnari (Mackerel icefish),True,IPR005304,family,,238,6,238,CONTINUOUS
A0AAN8ET72,Ribosomal RNA small subunit methyltransferase NEP1,259,NEP1,191047,Knufia fluminis,Knufia fluminis,True,IPR005304,family,,259,18,259,CONTINUOUS
A0AAN8FER8,18S rRNA (pseudouridine-N1)-methyltransferase,173,GCK32_012003,6319,Trichostrongylus colubriformis,Trichostrongylus colubriformis (Black scour worm),False,IPR005304,family,,173,13,162,CONTINUOUS
A0AAN8KB85,Ribosomal RNA small subunit methyltransferase NEP1,230,SNE40_001869,87958,Patella caerulea,Patella caerulea (Rayed Mediterranean limpet),True,IPR005304,family,,230,13,230,CONTINUOUS
A0AAN8N2I5,Nucleolar essential protein 1,255,EMG1,74498,Arthrobotrys conoides,Arthrobotrys conoides,True,IPR005304,family,,255,34,255,CONTINUOUS
A0AAN8NG40,18S rRNA (pseudouridine(1248)-N1)-methyltransferase,296,J4Q44_G00023760,861788,Coregonus suidteri,Coregonus suidteri,True,IPR005304,family,,296,69,296,CONTINUOUS
A0AAN8P4W9,18S rRNA (pseudouridine-N1)-methyltransferase,237,RUM44_013595,468196,Polyplax serrata,Polyplax serrata (Common mouse louse),True,IPR005304,family,,237,1,237,CONTINUOUS
A0AAN8RIT4,18S rRNA pseudouridine methyltransferase,255,EMG1,47235,Orbilia javanica,Orbilia javanica,True,IPR005304,family,,255,34,255,CONTINUOUS
A0AAN8T687,Nucleolar essential protein,320,RDI58_020394,147425,Solanum bulbocastanum,Solanum bulbocastanum (Wild potato),True,IPR005304,family,,320,73,320,CONTINUOUS
A0AAN8Z1X5,"Ribosomal biogenesis, methyltransferase, EMG1/NEP1",101,RJ641_011718,194707,Dillenia turbinata,Dillenia turbinata,True,IPR005304,family,,101,25,80,CONTINUOUS
A0AAN8ZPR4,Ribosomal RNA small subunit methyltransferase NEP1,284,RJ641_027560,194707,Dillenia turbinata,Dillenia turbinata,True,IPR005304,family,,284,35,284,CONTINUOUS
A0AAN8ZT62,Ribosomal RNA small subunit methyltransferase NEP1,318,RJ641_025547,194707,Dillenia turbinata,Dillenia turbinata,True,IPR005304,family,,318,46,285,CONTINUOUS
A0AAN9AHN7,18S rRNA (pseudouridine-N1)-methyltransferase,238,EMG1,373956,Halocaridina rubra,Halocaridina rubra (Hawaiian red shrimp),True,IPR005304,family,,238,1,237,CONTINUOUS
A0AAN9EWC3,Ribosomal RNA small subunit methyltransferase NEP1,275,RJT34_31707,43366,Clitoria ternatea,Clitoria ternatea (Butterfly pea),True,IPR005304,family,,275,30,275,CONTINUOUS
A0AAN9FXE2,Ribosomal RNA small subunit methyltransferase NEP1,213,V1264_021266,31220,Littorina saxatilis,Littorina saxatilis,True,IPR005304,family,,213,5,212,CONTINUOUS
A0AAN9H5P4,18S rRNA (pseudouridine(1248)-N1)-methyltransferase,238,R3I93_008756,58324,Phoxinus phoxinus,Phoxinus phoxinus (Eurasian minnow),True,IPR005304,family,,238,15,238,CONTINUOUS
A0AAN9JA46,Uncharacterized protein,286,RJT34_17868,43366,Clitoria ternatea,Clitoria ternatea (Butterfly pea),True,IPR005304,family,,286,19,238,CONTINUOUS
A0AAN9M541,Uncharacterized protein,283,VNO80_22451,3886,Phaseolus coccineus,Phaseolus coccineus (Scarlet runner bean),True,IPR005304,family,,283,64,221,CONTINUOUS
A0AAN9QMV6,Ribosomal RNA small subunit methyltransferase NEP1,367,VNO80_24223,3886,Phaseolus coccineus,Phaseolus coccineus (Scarlet runner bean),True,IPR005304,family,,367,114,367,CONTINUOUS
A0AAN9R982,Uncharacterized protein,217,VNO77_06079,3824,Canavalia gladiata,Canavalia gladiata (Sword bean),True,IPR005304,family,,217,56,215,CONTINUOUS
A0AAN9S4A1,Uncharacterized protein,256,VNO78_23115,3891,Psophocarpus tetragonolobus,Psophocarpus tetragonolobus (Winged bean),True,IPR005304,family,,256,95,255,CONTINUOUS
A0AAN9SC27,Ribosomal RNA small subunit methyltransferase NEP1,239,VNO78_20796,3891,Psophocarpus tetragonolobus,Psophocarpus tetragonolobus (Winged bean),True,IPR005304,family,,239,12,238,CONTINUOUS
A0AAN9THN6,18S rRNA (pseudouridine-N1)-methyltransferase,234,V9T40_000005,536013,Parthenolecanium corni,Parthenolecanium corni,True,IPR005304,family,,234,4,234,CONTINUOUS
A0AAN9UFG8,Ribosomal RNA small subunit methyltransferase NEP1,250,NEP1,2898453,Cytospora paraplurivora,Cytospora paraplurivora,True,IPR005304,family,,250,25,250,CONTINUOUS
A0AAN9WIA7,18S rRNA (pseudouridine-N1)-methyltransferase,236,R5R35_007028,2509291,Gryllus longicercus,Gryllus longicercus,True,IPR005304,family,,236,1,236,CONTINUOUS
A0AAN9YWZ9,Ribosomal RNA small subunit methyltransferase NEP1,258,NEP1,117547,Diatrype stigma,Diatrype stigma,True,IPR005304,family,,258,34,258,CONTINUOUS
A0AAP0AT81,Uncharacterized protein,367,KSP39_PZI024075,2320716,Platanthera zijinensis,Platanthera zijinensis,True,IPR005304,family,,367,27,257,CONTINUOUS
A0AAP0GFZ2,Ribosomal RNA small subunit methyltransferase NEP1,276,KSP39_PZI000982,2320716,Platanthera zijinensis,Platanthera zijinensis,True,IPR005304,family,,276,28,276,CONTINUOUS
A0AAP0H0J1,Ribosomal RNA small subunit methyltransferase NEP1,290,SSX86_012015,3103831,Deinandra increscens subsp. villosa,Deinandra increscens subsp. villosa,True,IPR005304,family,,290,52,290,CONTINUOUS
A0AAP0J2G9,Ribosomal RNA small subunit methyltransferase NEP1,303,Scep_015055,152367,Stephania cephalantha,Stephania cephalantha,True,IPR005304,family,,303,56,303,CONTINUOUS
A0AAP0J762,Ribosomal RNA small subunit methyltransferase NEP1,306,Syun_016702,152371,Stephania yunnanensis,Stephania yunnanensis,True,IPR005304,family,,306,43,306,CONTINUOUS
A0AAP0KJ85,Ribosomal RNA small subunit methyltransferase NEP1,297,Sjap_001047,461633,Stephania japonica,Stephania japonica,True,IPR005304,family,,297,53,297,CONTINUOUS
A0AAP0LUS6,Uncharacterized protein,294,WN944_024728,2935761,Citrus x changshan-huyou,Citrus x changshan-huyou,True,IPR005304,family,,294,36,293,CONTINUOUS
A0AAP0N419,Ribosomal RNA small subunit methyltransferase NEP1,268,L1049_001790,63359,Liquidambar formosana,Liquidambar formosana (Formosan gum),True,IPR005304,family,,268,41,267,CONTINUOUS
A0AAP0N713,Ribosomal RNA small subunit methyltransferase NEP1,273,L1049_001786,63359,Liquidambar formosana,Liquidambar formosana (Formosan gum),True,IPR005304,family,,273,65,272,CONTINUOUS
A0AAP0S4V8,Ribosomal RNA small subunit methyltransferase NEP1,276,L1049_009183,63359,Liquidambar formosana,Liquidambar formosana (Formosan gum),True,IPR005304,family,,276,39,275,CONTINUOUS
A0AAP0X092,Ribosomal RNA small subunit methyltransferase NEP1,273,L1049_016086,63359,Liquidambar formosana,Liquidambar formosana (Formosan gum),True,IPR005304,family,,273,65,272,CONTINUOUS
A0AAP0X7P3,Ribosomal RNA small subunit methyltransferase NEP1,276,L1049_007663,63359,Liquidambar formosana,Liquidambar formosana (Formosan gum),True,IPR005304,family,,276,39,275,CONTINUOUS
A0AAP0X8E1,Ribosomal RNA small subunit methyltransferase NEP1,278,L1049_017715,63359,Liquidambar formosana,Liquidambar formosana (Formosan gum),True,IPR005304,family,,278,48,277,CONTINUOUS
A0AAQ3LXC1,Ribosomal RNA small subunit methyltransferase NEP1,286,R9X50_00048200,150365,Acrodontium crateriforme,Acrodontium crateriforme,True,IPR005304,family,,286,57,286,CONTINUOUS
A0AAQ3N6H1,Ribosomal RNA small subunit methyltransferase NEP1,277,V8G54_024765,3915,Vigna mungo,Vigna mungo (Black gram),True,IPR005304,family,,277,25,277,CONTINUOUS
A0AAQ3SSJ0,Ribosomal RNA small subunit methyltransferase NEP1,286,U9M48_009784,547442,Paspalum notatum var. saurae,Paspalum notatum var. saurae,True,IPR005304,family,,286,58,285,CONTINUOUS
A0AAQ4CTA3,Ribosomal RNA small subunit methyltransferase Nep1,218,nep1,1702097,Saccharolobus caldissimus,Saccharolobus caldissimus,True,IPR005304,family,,218,3,213,CONTINUOUS
A0AAQ4RT28,18S rRNA (pseudouridine(1248)-N1)-methyltransferase,238,,481459,Gasterosteus aculeatus aculeatus,Gasterosteus aculeatus aculeatus (three-spined stickleback),True,IPR005304,family,,238,7,238,CONTINUOUS
A0AAQ6A8Z6,18S rRNA (pseudouridine(1248)-N1)-methyltransferase,236,EMG1,80972,Amphiprion ocellaris,Amphiprion ocellaris (Clown anemonefish),True,IPR005304,family,,236,9,236,CONTINUOUS
A0AAT9GNS7,Ribosomal RNA small subunit methyltransferase Nep1,219,nep1,2049879,Sulfurisphaera javensis,Sulfurisphaera javensis,True,IPR005304,family,,219,3,214,CONTINUOUS
A0AAU9G268,18S rRNA (pseudouridine-N1)-methyltransferase,252,DMAD_01623,30013,Drosophila madeirensis,Drosophila madeirensis (Fruit fly),True,IPR005304,family,,252,27,251,CONTINUOUS
A0AAU9KCA9,Ribosomal RNA small subunit methyltransferase NEP1,225,BSTOLATCC_MIC62500,1481888,Blepharisma stoltei,Blepharisma stoltei,True,IPR005304,family,,225,3,225,CONTINUOUS
A0AAU9KLU9,Ribosome biogenesis protein NEP1,213,PBS003_LOCUS2144,622444,Peronospora belbahrii,Peronospora belbahrii,True,IPR005304,family,,213,5,185,CONTINUOUS
A0AAU9KPQ6,Ribosomal RNA small subunit methyltransferase NEP1,219,PBS001_LOCUS7886,622444,Peronospora belbahrii,Peronospora belbahrii,True,IPR005304,family,,219,5,219,CONTINUOUS
A0AAU9PTR5,Uncharacterized protein,175,LVIROSA_LOCUS38679,75947,Lactuca virosa,Lactuca virosa,True,IPR005304,family,,175,50,154,CONTINUOUS
A0AAU9SE86,Ribosomal RNA small subunit methyltransferase NEP1,291,TAV2_LOCUS15455,13288,Thlaspi arvense,Thlaspi arvense (Field penny-cress),True,IPR005304,family,,291,50,291,CONTINUOUS
A0AAU9UQM2,18S rRNA (pseudouridine-N1)-methyltransferase,236,EEDITHA_LOCUS15100,104508,Euphydryas editha,Euphydryas editha (Edith's checkerspot),True,IPR005304,family,,236,9,235,CONTINUOUS
A0AAU9XCF5,Ribosomal RNA small subunit methyltransferase NEP1,264,PMEA_00020372,46732,Pocillopora meandrina,Pocillopora meandrina,True,IPR005304,family,,264,30,263,CONTINUOUS
A0AAV0AAS2,18S rRNA (pseudouridine(1248)-N1)-methyltransferase,244,Emg1,109678,Phodopus roborovskii,Phodopus roborovskii (Roborovski's desert hamster),True,IPR005304,family,,244,12,244,CONTINUOUS
A0AAV0BQN4,Nucleolar essential protein 1,321,PPACK8108_LOCUS24798,170000,Phakopsora pachyrhizi,Phakopsora pachyrhizi (Asian soybean rust disease fungus),True,IPR005304,family,,321,67,321,CONTINUOUS
A0AAV0C5V2,Ribosomal RNA small subunit methyltransferase NEP1,280,CEPIT_LOCUS2892,186058,Cuscuta epithymum,Cuscuta epithymum,True,IPR005304,family,,280,46,280,CONTINUOUS
A0AAV0CQU0,Ribosomal RNA small subunit methyltransferase NEP1,280,CEPIT_LOCUS7257,186058,Cuscuta epithymum,Cuscuta epithymum,True,IPR005304,family,,280,43,280,CONTINUOUS
A0AAV0FH06,Ribosomal RNA small subunit methyltransferase NEP1,280,CEPIT_LOCUS34080,186058,Cuscuta epithymum,Cuscuta epithymum,True,IPR005304,family,,280,47,280,CONTINUOUS
A0AAV0GB50,Ribosomal RNA small subunit methyltransferase NEP1,280,CEPIT_LOCUS41880,186058,Cuscuta epithymum,Cuscuta epithymum,True,IPR005304,family,,280,43,280,CONTINUOUS
A0AAV0JKT8,Ribosomal RNA small subunit methyltransferase NEP1,261,LITE_LOCUS14810,586396,Linum tenue,Linum tenue,True,IPR005304,family,,261,50,259,CONTINUOUS
A0AAV0JKT9,Uncharacterized protein,245,LITE_LOCUS14810,586396,Linum tenue,Linum tenue,True,IPR005304,family,,245,32,243,CONTINUOUS
A0AAV0JLF0,Ribosomal RNA small subunit methyltransferase NEP1,260,LITE_LOCUS14889,586396,Linum tenue,Linum tenue,True,IPR005304,family,,260,48,259,CONTINUOUS
A0AAV0JLF4,Ribosomal RNA small subunit methyltransferase NEP1,274,LITE_LOCUS14889,586396,Linum tenue,Linum tenue,True,IPR005304,family,,274,62,273,CONTINUOUS
A0AAV0JLI8,Ribosomal RNA small subunit methyltransferase NEP1,266,LITE_LOCUS14887,586396,Linum tenue,Linum tenue,True,IPR005304,family,,266,40,265,CONTINUOUS
A0AAV0M800,Ribosomal RNA small subunit methyltransferase NEP1,274,LITE_LOCUS27269,586396,Linum tenue,Linum tenue,True,IPR005304,family,,274,63,273,CONTINUOUS
A0AAV0T1N0,Ribosome biogenesis protein NEP1,219,PFR001_LOCUS4921,134698,Peronospora farinosa,Peronospora farinosa,True,IPR005304,family,,219,5,219,CONTINUOUS
A0AAV0T3F7,Ribosomal RNA small subunit methyltransferase NEP1,219,HBR001_LOCUS1098,162125,Hyaloperonospora brassicae,Hyaloperonospora brassicae (Brassica downy mildew),True,IPR005304,family,,219,5,219,CONTINUOUS
A0AAV0VAE8,Ribosome biogenesis protein NEP1,219,PDE001_LOCUS11163,86335,Peronospora destructor,Peronospora destructor,True,IPR005304,family,,219,5,219,CONTINUOUS
A0AAV0W3Q1,18S rRNA (pseudouridine-N1)-methyltransferase,232,MEUPH1_LOCUS6882,13131,Macrosiphum euphorbiae,Macrosiphum euphorbiae (potato aphid),True,IPR005304,family,,232,8,232,CONTINUOUS
A0AAV0ZRK7,Ribosomal RNA small subunit methyltransferase NEP1,279,VFH_II228720,3906,Vicia faba,Vicia faba (Broad bean),True,IPR005304,family,,279,30,279,CONTINUOUS
A0AAV1CMX9,Ribosomal RNA small subunit methyltransferase NEP1,394,OLC1_LOCUS7578,529605,Oldenlandia corymbosa var. corymbosa,Oldenlandia corymbosa var. corymbosa,True,IPR005304,family,,394,163,394,CONTINUOUS
A0AAV1CNE2,OLC1v1033227C5,245,OLC1_LOCUS7577,529605,Oldenlandia corymbosa var. corymbosa,Oldenlandia corymbosa var. corymbosa,True,IPR005304,family,,245,34,244,CONTINUOUS
A0AAV1CNL1,Ribosomal RNA small subunit methyltransferase NEP1,266,OLC1_LOCUS7577,529605,Oldenlandia corymbosa var. corymbosa,Oldenlandia corymbosa var. corymbosa,True,IPR005304,family,,266,34,265,CONTINUOUS
A0AAV1CNP2,Ribosomal RNA small subunit methyltransferase NEP1,303,OLC1_LOCUS7577,529605,Oldenlandia corymbosa var. corymbosa,Oldenlandia corymbosa var. corymbosa,True,IPR005304,family,,303,34,297,CONTINUOUS
A0AAV1CPB7,THUMP domain-containing protein,229,OLC1_LOCUS7577,529605,Oldenlandia corymbosa var. corymbosa,Oldenlandia corymbosa var. corymbosa,True,IPR005304,family,,229,34,222,CONTINUOUS
A0AAV1CQH2,OLC1v1033227C4,239,OLC1_LOCUS7577,529605,Oldenlandia corymbosa var. corymbosa,Oldenlandia corymbosa var. corymbosa,True,IPR005304,family,,239,34,157,CONTINUOUS
A0AAV1FP40,18S rRNA (pseudouridine(1248)-N1)-methyltransferase,237,XNOV1_A042704,13765,Xyrichtys novacula,Xyrichtys novacula (Pearly razorfish),True,IPR005304,family,,237,7,237,CONTINUOUS
A0AAV1HXA4,Ribosomal RNA small subunit methyltransferase NEP1,229,CVIRNUC_001818,1274662,Coccomyxa viridis,Coccomyxa viridis,True,IPR005304,family,,229,8,229,CONTINUOUS
A0AAV1JH29,18S rRNA (pseudouridine-N1)-methyltransferase,235,LNINA_LOCUS7649,320188,Leptosia nina,Leptosia nina,True,IPR005304,family,,235,6,234,CONTINUOUS
A0AAV1LW93,18S rRNA (pseudouridine-N1)-methyltransferase,236,PARMNEM_LOCUS18411,213953,Parnassius mnemosyne,Parnassius mnemosyne (clouded apollo),True,IPR005304,family,,236,11,235,CONTINUOUS
A0AAV1P3C3,18S rRNA (pseudouridine(1248)-N1)-methyltransferase,237,FSCOSCO3_A005949,13677,Scomber scombrus,Scomber scombrus (Atlantic mackerel),True,IPR005304,family,,237,13,236,CONTINUOUS
A0AAV1RV13,Ribosomal RNA small subunit methyltransferase NEP1,283,DCAF_LOCUS15301,77055,Dovyalis caffra,Dovyalis caffra,True,IPR005304,family,,283,40,283,CONTINUOUS
A0AAV1UFZ5,Ribosomal RNA small subunit methyltransferase NEP1,219,PM001_LOCUS17753,2874970,Peronospora matthiolae,Peronospora matthiolae,True,IPR005304,family,,219,5,219,CONTINUOUS
A0AAV1VPV7,Ribosomal RNA small subunit methyltransferase NEP1,265,LLUT_LOCUS2,3873,Lupinus luteus,Lupinus luteus (European yellow lupine),True,IPR005304,family,,265,28,265,CONTINUOUS
A0AAV1VQP3,Ribosomal RNA small subunit methyltransferase NEP1,269,LLUT_LOCUS375,3873,Lupinus luteus,Lupinus luteus (European yellow lupine),True,IPR005304,family,,269,34,269,CONTINUOUS
A0AAV2A2J9,Uncharacterized protein,245,LARSCL_LOCUS9688,280406,Larinioides sclopetarius,Larinioides sclopetarius,True,IPR005304,family,,245,36,240,CONTINUOUS
A0AAV2A2M4,18S rRNA (pseudouridine-N1)-methyltransferase,269,LARSCL_LOCUS9688,280406,Larinioides sclopetarius,Larinioides sclopetarius,True,IPR005304,family,,269,36,268,CONTINUOUS
A0AAV2DJH7,Uncharacterized protein,268,LTRI10_LOCUS15923,586398,Linum trigynum,Linum trigynum,True,IPR005304,family,,268,99,267,CONTINUOUS
A0AAV2DJS3,Ribosomal RNA small subunit methyltransferase NEP1,266,LTRI10_LOCUS16005,586398,Linum trigynum,Linum trigynum,True,IPR005304,family,,266,41,265,CONTINUOUS
A0AAV2DM57,Ribosomal RNA small subunit methyltransferase NEP1,274,LTRI10_LOCUS16006,586398,Linum trigynum,Linum trigynum,True,IPR005304,family,,274,62,273,CONTINUOUS
A0AAV2ELR2,Ribosomal RNA small subunit methyltransferase NEP1,274,LTRI10_LOCUS27942,586398,Linum trigynum,Linum trigynum,True,IPR005304,family,,274,63,273,CONTINUOUS
A0AAV2ELS2,Ribosomal RNA small subunit methyltransferase NEP1,280,LTRI10_LOCUS27885,586398,Linum trigynum,Linum trigynum,True,IPR005304,family,,280,39,279,CONTINUOUS
A0AAV2H505,Ribosomal RNA small subunit methyltransferase NEP1,233,GSLYS_00002936001,6523,Lymnaea stagnalis,Lymnaea stagnalis (Great pond snail),True,IPR005304,family,,233,12,232,CONTINUOUS
A0AAV2MC24,18S rRNA (pseudouridine(1248)-N1)-methyltransferase,205,KC01_LOCUS37437,637954,Knipowitschia caucasica,Knipowitschia caucasica (Caucasian dwarf goby),True,IPR005304,family,,205,9,205,CONTINUOUS
A0AAV2NUW0,18S rRNA (pseudouridine-N1)-methyltransferase,235,LPLAT_LOCUS9773,488582,Lasius platythorax,Lasius platythorax,True,IPR005304,family,,235,6,235,CONTINUOUS
A0AAV2PYZ7,18S rRNA (pseudouridine-N1)-methyltransferase,241,MNOR_LOCUS6372,48144,Meganyctiphanes norvegica,Meganyctiphanes norvegica (Northern krill),True,IPR005304,family,,241,1,240,CONTINUOUS
A0AAV2SYE4,Ribosomal RNA small subunit methyltransferase NEP1,240,CDAUBV1_LOCUS1391,300641,Calicophoron daubneyi,Calicophoron daubneyi (Rumen fluke),True,IPR005304,family,,240,12,231,CONTINUOUS
A0AAV2ZIG2,Ribosomal RNA small subunit methyltransferase NEP1,218,N0F65_011122,4803,Lagenidium giganteum,Lagenidium giganteum,True,IPR005304,family,,218,4,218,CONTINUOUS
A0AAV2ZL57,18S rRNA (pseudouridine(1248)-N1)-methyltransferase,228,GDO54_004181,30357,Pyxicephalus adspersus,Pyxicephalus adspersus (African bullfrog),True,IPR005304,family,,228,12,228,CONTINUOUS
A0AAV3P4G9,Uncharacterized protein,148,LIER_06469,34254,Lithospermum erythrorhizon,Lithospermum erythrorhizon (Purple gromwell),True,IPR005304,family,,148,100,137,CONTINUOUS
A0AAV3Q708,Ribosomal RNA small subunit methyltransferase NEP1,281,LIER_16535,34254,Lithospermum erythrorhizon,Lithospermum erythrorhizon (Purple gromwell),True,IPR005304,family,,281,37,281,CONTINUOUS
A0AAV4CLZ7,Ribosomal RNA small subunit methyltransferase NEP1,156,PoB_005922700,259542,Plakobranchus ocellatus,Plakobranchus ocellatus,True,IPR005304,family,,156,51,155,CONTINUOUS
A0AAV4JMF6,Ribosomal RNA small subunit methyltransferase NEP1,234,ElyMa_005145900,1093978,Elysia marginata,Elysia marginata,True,IPR005304,family,,234,18,233,CONTINUOUS
A0AAV4LR13,Ribosomal RNA small subunit methyltransferase NEP1,293,BcabD6B2_16750,5871,Babesia caballi,Babesia caballi,True,IPR005304,family,,293,3,288,CONTINUOUS
A0AAV4LW35,Ribosomal RNA small subunit methyltransferase NEP1,185,BcabD6B2_36430,5871,Babesia caballi,Babesia caballi,True,IPR005304,family,,185,38,179,CONTINUOUS
A0AAV4Q0L7,18S rRNA (pseudouridine-N1)-methyltransferase,217,CG3527,172846,Caerostris extrusa,Caerostris extrusa (Bark spider),True,IPR005304,family,,217,12,214,CONTINUOUS
A0AAV4SMX7,18S rRNA (pseudouridine-N1)-methyltransferase,236,CG3527,1538125,Caerostris darwini,Caerostris darwini,True,IPR005304,family,,236,13,235,CONTINUOUS
A0AAV5A0Q4,Uncharacterized protein,410,Clacol_002035,1419009,Clathrus columnatus,Clathrus columnatus,True,IPR005304,family,,410,116,357,CONTINUOUS
A0AAV5BYP5,Uncharacterized protein,293,ga07235,191504,Eleusine coracana subsp. coracana,Eleusine coracana subsp. coracana,True,IPR005304,family,,293,58,292,CONTINUOUS
A0AAV5GK61,Nep1-domain-containing protein,296,Rhopal_002761-T1,86838,Rhodotorula paludigena,Rhodotorula paludigena,True,IPR005304,family,,296,53,295,CONTINUOUS
A0AAV5LVD8,Ribosomal RNA small subunit methyltransferase NEP1,283,SLEP1_g48382,152421,Rubroshorea leprosula,Rubroshorea leprosula,True,IPR005304,family,,283,45,283,CONTINUOUS
A0AAV5LX02,Ribosomal RNA small subunit methyltransferase NEP1,220,SLEP1_g49186,152421,Rubroshorea leprosula,Rubroshorea leprosula,True,IPR005304,family,,220,4,220,CONTINUOUS
A0AAV5LYA0,Ribosomal RNA small subunit methyltransferase NEP1,193,SLEP1_g49186,152421,Rubroshorea leprosula,Rubroshorea leprosula,True,IPR005304,family,,193,4,151,CONTINUOUS
A0AAV5QEE1,Ribosomal RNA small subunit methyltransferase NEP1,247,DASC09_000390,43959,Saccharomycopsis crataegensis,Saccharomycopsis crataegensis,True,IPR005304,family,,247,9,247,CONTINUOUS
A0AAV5QZ05,Ribosomal RNA small subunit methyltransferase NEP1,257,DAPK24_010980,36015,Pichia kluyveri,Pichia kluyveri (Yeast),True,IPR005304,family,,257,15,256,CONTINUOUS
A0AAV5RJB1,Ribosomal RNA small subunit methyltransferase NEP1,240,DASB73_021910,1247836,Starmerella bacillaris,Starmerella bacillaris (Yeast),True,IPR005304,family,,240,7,240,CONTINUOUS
A0AAV5S303,Ribosomal RNA small subunit methyltransferase NEP1,252,DAKH74_045390,51915,Maudiozyma humilis,Maudiozyma humilis (Sour dough yeast),True,IPR005304,family,,252,17,252,CONTINUOUS
A0AAV5T9X2,18S rRNA (pseudouridine-N1)-methyltransferase,235,PENTCL1PPCAC_13068,358040,Pristionchus entomophagus,Pristionchus entomophagus,True,IPR005304,family,,235,9,235,CONTINUOUS
A0AAV5VMY8,18S rRNA (pseudouridine-N1)-methyltransferase,230,PFISCL1PPCAC_12364,1538716,Pristionchus fissidentatus,Pristionchus fissidentatus,True,IPR005304,family,,230,10,230,CONTINUOUS
A0AAV6G9L8,18S rRNA (pseudouridine(1248)-N1)-methyltransferase,238,AALO_G00172410,278164,Alosa alosa,Alosa alosa (allis shad),True,IPR005304,family,,238,7,238,CONTINUOUS
A0AAV6ISV2,Ribosomal RNA small subunit methyltransferase NEP1,257,RHGRI_026472,479676,Rhododendron griersonianum,Rhododendron griersonianum,True,IPR005304,family,,257,27,256,CONTINUOUS
A0AAV6IUG6,Ribosomal RNA small subunit methyltransferase NEP1,281,RHGRI_026472,479676,Rhododendron griersonianum,Rhododendron griersonianum,True,IPR005304,family,,281,64,275,CONTINUOUS
A0AAV6IWD6,Uncharacterized protein,534,RHGRI_026469,479676,Rhododendron griersonianum,Rhododendron griersonianum,True,IPR005304,family,,534,64,161,CONTINUOUS
A0AAV6IWI7,Ribosomal RNA small subunit methyltransferase NEP1,299,RHGRI_026472,479676,Rhododendron griersonianum,Rhododendron griersonianum,True,IPR005304,family,,299,64,298,CONTINUOUS
A0AAV6KJA2,Ribosomal RNA small subunit methyltransferase NEP1,271,RHGRI_010612,479676,Rhododendron griersonianum,Rhododendron griersonianum,True,IPR005304,family,,271,37,271,CONTINUOUS
A0AAV6KJR0,Ribosomal RNA small subunit methyltransferase NEP1,231,RHGRI_010612,479676,Rhododendron griersonianum,Rhododendron griersonianum,True,IPR005304,family,,231,37,229,CONTINUOUS
A0AAV6L7R9,Ribosomal RNA small subunit methyltransferase NEP1,370,RHGRI_004198,479676,Rhododendron griersonianum,Rhododendron griersonianum,True,IPR005304,family,,370,127,369,CONTINUOUS
A0AAV6L7S2,Ribosomal RNA small subunit methyltransferase NEP1,361,RHGRI_004198,479676,Rhododendron griersonianum,Rhododendron griersonianum,True,IPR005304,family,,361,127,360,CONTINUOUS
A0AAV6L818,Ribosomal RNA small subunit methyltransferase NEP1,319,RHGRI_004198,479676,Rhododendron griersonianum,Rhododendron griersonianum,True,IPR005304,family,,319,62,318,CONTINUOUS
A0AAV6L851,Uncharacterized protein,181,RHGRI_004197,479676,Rhododendron griersonianum,Rhododendron griersonianum,True,IPR005304,family,,181,19,181,CONTINUOUS
A0AAV6L8S0,Ribosomal RNA small subunit methyltransferase NEP1,239,RHGRI_004196,479676,Rhododendron griersonianum,Rhododendron griersonianum,True,IPR005304,family,,239,27,233,CONTINUOUS
A0AAV6L8Y1,Ribosomal RNA small subunit methyltransferase NEP1,257,RHGRI_004196,479676,Rhododendron griersonianum,Rhododendron griersonianum,True,IPR005304,family,,257,27,256,CONTINUOUS
A0AAV6LA27,Ribosomal RNA small subunit methyltransferase NEP1,266,RHGRI_004198,479676,Rhododendron griersonianum,Rhododendron griersonianum,True,IPR005304,family,,266,32,265,CONTINUOUS
A0AAV6MG64,Ribosomal RNA small subunit methyltransferase NEP1,279,EMG1,37648,Cucurbita argyrosperma subsp. sororia,Cucurbita argyrosperma subsp. sororia,True,IPR005304,family,,279,41,278,CONTINUOUS
A0AAV6PSZ0,18S rRNA (pseudouridine(1248)-N1)-methyltransferase,237,JOB18_013832,28829,Solea senegalensis,Solea senegalensis (Senegalese sole),True,IPR005304,family,,237,10,237,CONTINUOUS
A0AAV6UKG9,18S rRNA (pseudouridine-N1)-methyltransferase,238,JTE90_013085,931172,Oedothorax gibbosus,Oedothorax gibbosus,True,IPR005304,family,,238,10,237,CONTINUOUS
A0AAV6W426,Uncharacterized protein,119,BUALT_BualtUnG0002700,168488,Buddleja alternifolia,Buddleja alternifolia,True,IPR005304,family,,119,2,86,CONTINUOUS
A0AAV6WCB7,Ribosomal RNA small subunit methyltransferase NEP1,284,BUALT_Bualt16G0113800,168488,Buddleja alternifolia,Buddleja alternifolia,True,IPR005304,family,,284,48,284,CONTINUOUS
A0AAV6X7G9,Ribosomal RNA small subunit methyltransferase NEP1,288,BUALT_Bualt07G0049100,168488,Buddleja alternifolia,Buddleja alternifolia,True,IPR005304,family,,288,73,285,CONTINUOUS
A0AAV6XET6,Ribosomal RNA small subunit methyltransferase NEP1,254,BUALT_Bualt07G0049200,168488,Buddleja alternifolia,Buddleja alternifolia,True,IPR005304,family,,254,24,253,CONTINUOUS
A0AAV6XKN0,Uncharacterized protein,144,BUALT_Bualt04G0027900,168488,Buddleja alternifolia,Buddleja alternifolia,True,IPR005304,family,,144,2,84,CONTINUOUS
A0AAV6ZQ58,18S rRNA (pseudouridine(1248)-N1)-methyltransferase,229,GDO81_004096,76066,Engystomops pustulosus,Engystomops pustulosus (Tungara frog),True,IPR005304,family,,229,15,228,CONTINUOUS
A0AAV7EN18,Ribosomal RNA small subunit methyltransferase NEP1,279,H6P81_009999,158543,Aristolochia fimbriata,Aristolochia fimbriata (White veined hardy Dutchman's pipe vine),True,IPR005304,family,,279,41,279,CONTINUOUS
A0AAV7G556,Ribosomal RNA small subunit methyltransferase NEP1,269,IEQ34_021597,161865,Dendrobium chrysotoxum,Dendrobium chrysotoxum (Orchid),True,IPR005304,family,,269,37,269,CONTINUOUS
A0AAV7IA77,18S rRNA (pseudouridine-N1)-methyltransferase,235,KQX54_006538,32391,Cotesia glomerata,Cotesia glomerata (Lepidopteran parasitic wasp),True,IPR005304,family,,235,3,234,CONTINUOUS
A0AAV7IFF0,18S rRNA (pseudouridine-N1)-methyltransferase,234,KQX54_006534,32391,Cotesia glomerata,Cotesia glomerata (Lepidopteran parasitic wasp),True,IPR005304,family,,234,7,233,CONTINUOUS
A0AAV7JV78,Ribosomal RNA small subunit methyltransferase NEP1,263,LOD99_4346,111878,Oopsacas minuta,Oopsacas minuta,True,IPR005304,family,,263,22,256,CONTINUOUS
A0AAV7P5C4,18S rRNA (pseudouridine(1248)-N1)-methyltransferase,253,NDU88_000855,8319,Pleurodeles waltl,Pleurodeles waltl (Iberian ribbed newt),True,IPR005304,family,,253,23,252,CONTINUOUS
A0AAV7XLI9,18S rRNA (pseudouridine-N1)-methyltransferase,235,ONE63_010117,439358,Megalurothrips usitatus,Megalurothrips usitatus (bean blossom thrips),True,IPR005304,family,,235,8,234,CONTINUOUS
A0AAV7Z862,Ribosomal RNA small subunit methyltransferase NEP1,220,M0812_18312,1746091,Anaeramoeba flamelloides,Anaeramoeba flamelloides,True,IPR005304,family,,220,6,220,CONTINUOUS
A0AAV7Z8B8,Ribosomal RNA small subunit methyltransferase NEP1,221,M0813_23794,1746091,Anaeramoeba flamelloides,Anaeramoeba flamelloides,True,IPR005304,family,,221,5,221,CONTINUOUS
A0AAV7ZHS7,Ribosomal RNA small subunit methyltransferase NEP1,222,M0812_14124,1746091,Anaeramoeba flamelloides,Anaeramoeba flamelloides,True,IPR005304,family,,222,7,221,CONTINUOUS
A0AAV8A267,Ribosomal RNA small subunit methyltransferase NEP1,222,M0812_00860,1746091,Anaeramoeba flamelloides,Anaeramoeba flamelloides,True,IPR005304,family,,222,7,221,CONTINUOUS
A0AAV8BZ47,Ribosomal RNA small subunit methyltransferase NEP1,282,LUZ62_082620,906938,Rhynchospora pubera,Rhynchospora pubera,True,IPR005304,family,,282,42,282,CONTINUOUS
A0AAV8CR79,Ribosomal RNA small subunit methyltransferase NEP1,284,LUZ62_068331,906938,Rhynchospora pubera,Rhynchospora pubera,True,IPR005304,family,,284,42,284,CONTINUOUS
A0AAV8EQ78,Ribosomal RNA small subunit methyltransferase NEP1,283,LUZ62_065922,906938,Rhynchospora pubera,Rhynchospora pubera,True,IPR005304,family,,283,37,282,CONTINUOUS
A0AAV8FAB6,Ribosomal RNA small subunit methyltransferase NEP1,287,LUZ62_039820,906938,Rhynchospora pubera,Rhynchospora pubera,True,IPR005304,family,,287,38,286,CONTINUOUS
A0AAV8G3G9,Ribosomal RNA small subunit methyltransferase NEP1,282,LUZ62_050066,906938,Rhynchospora pubera,Rhynchospora pubera,True,IPR005304,family,,282,42,282,CONTINUOUS
A0AAV8GWW7,Ribosomal RNA small subunit methyltransferase NEP1,289,LUZ62_020662,906938,Rhynchospora pubera,Rhynchospora pubera,True,IPR005304,family,,289,38,288,CONTINUOUS
A0AAV8H570,Ribosomal RNA small subunit methyltransferase NEP1,282,LUZ62_022979,906938,Rhynchospora pubera,Rhynchospora pubera,True,IPR005304,family,,282,42,282,CONTINUOUS
A0AAV8QUB0,Ribosomal RNA small subunit methyltransferase NEP1,286,OPV22_023257,4639,Ensete ventricosum,Ensete ventricosum (Abyssinian banana),True,IPR005304,family,,286,55,285,CONTINUOUS
A0AAV8S137,RNA helicase,1299,OPV22_003552,4639,Ensete ventricosum,Ensete ventricosum (Abyssinian banana),False,IPR005304,family,,1299,84,280,CONTINUOUS
A0AAV8S6B7,Ribosomal RNA small subunit methyltransferase NEP1,299,K2173_012664,1862640,Erythroxylum novogranatense,Erythroxylum novogranatense,True,IPR005304,family,,299,47,299,CONTINUOUS
A0AAV8TTF6,Ribosomal RNA small subunit methyltransferase NEP1,299,K2173_009791,1862640,Erythroxylum novogranatense,Erythroxylum novogranatense,True,IPR005304,family,,299,48,299,CONTINUOUS
A0AAV8UX39,Ribosomal RNA small subunit methyltransferase NEP1,304,NDN08_003652,101924,Rhodosorus marinus,Rhodosorus marinus,True,IPR005304,family,,304,31,260,CONTINUOUS
A0AAV8VSX1,18S rRNA (pseudouridine-N1)-methyltransferase,237,NQ315_012644,1586481,Exocentrus adspersus,Exocentrus adspersus,True,IPR005304,family,,237,1,236,CONTINUOUS
A0AAV8Y4I4,18S rRNA (pseudouridine-N1)-methyltransferase,237,NQ314_009034,1586634,Rhamnusium bicolor,Rhamnusium bicolor,True,IPR005304,family,,237,1,237,CONTINUOUS
A0AAV8Y7Y2,18S rRNA (pseudouridine-N1)-methyltransferase,236,NQ318_019936,1265417,Aromia moschata,Aromia moschata,True,IPR005304,family,,236,1,236,CONTINUOUS
A0AAV9AVG6,Ribosomal RNA small subunit methyltransferase NEP1,243,QJS04_geneDACA004986,55184,Acorus gramineus,Acorus gramineus (Dwarf sweet flag),True,IPR005304,family,,243,28,237,CONTINUOUS
A0AAV9DQU5,Ribosomal RNA small subunit methyltransferase NEP1,221,QJS10_CPB12g00232,4465,Acorus calamus,Acorus calamus (Sweet flag),True,IPR005304,family,,221,10,221,CONTINUOUS
A0AAV9FKP2,Ribosomal RNA small subunit methyltransferase NEP1,221,QJS10_CPA01g01342,4465,Acorus calamus,Acorus calamus (Sweet flag),True,IPR005304,family,,221,10,221,CONTINUOUS
A0AAV9GTV8,Nucleolar essential protein 1,261,QBC34DRAFT_40417,3040156,Podospora aff. communis PSN243,Podospora aff. communis PSN243,True,IPR005304,family,,261,36,261,CONTINUOUS
A0AAV9HXK8,Ribosomal RNA small subunit methyltransferase NEP1,262,QBC42DRAFT_249712,585594,Cladorrhinum samala,Cladorrhinum samala,True,IPR005304,family,,262,36,262,CONTINUOUS
A0AAV9IDK5,Ribosomal RNA small subunit methyltransferase NEP1,259,GAYE_SCF13G3428,3028027,Galdieria yellowstonensis,Galdieria yellowstonensis,True,IPR005304,family,,259,38,258,CONTINUOUS
A0AAV9IY24,Ribosomal RNA small subunit methyltransferase NEP1,241,CDCA_CDCA11G3217,2771,Cyanidium caldarium,Cyanidium caldarium (Red alga),True,IPR005304,family,,241,4,241,CONTINUOUS
A0AAV9J737,Nucleolar essential protein 1,290,EMG1,1507867,Oleoguttula mirabilis,Oleoguttula mirabilis,True,IPR005304,family,,290,58,290,CONTINUOUS
A0AAV9LX27,Nucleolar essential protein,278,R3W88_023264,50273,Solanum pinnatisectum,Solanum pinnatisectum (tansyleaf nightshade),True,IPR005304,family,,278,40,278,CONTINUOUS
A0AAV9N9V1,Ribosomal RNA small subunit methyltransferase NEP1,258,EMG1,1690606,Exophiala bonariae,Exophiala bonariae,True,IPR005304,family,,258,18,258,CONTINUOUS
A0AAV9PGJ2,Ribosomal RNA small subunit methyltransferase NEP1,259,NEP1,1690608,Saxophila tyrrhenica,Saxophila tyrrhenica,True,IPR005304,family,,259,34,259,CONTINUOUS
A0AAV9QPV2,Ribosomal RNA small subunit methyltransferase NEP1,256,NEP1,1690605,Vermiconidia calcicola,Vermiconidia calcicola,True,IPR005304,family,,256,31,256,CONTINUOUS
A0AAV9RVS0,18S rRNA (pseudouridine(1248)-N1)-methyltransferase,236,EMG1,28760,Crenichthys baileyi,Crenichthys baileyi (White River springfish),True,IPR005304,family,,236,7,236,CONTINUOUS
A0AAV9T376,Ribosomal RNA small subunit methyltransferase NEP1,261,QIS74_09021,1209068,Colletotrichum tabaci,Colletotrichum tabaci,True,IPR005304,family,,261,36,260,CONTINUOUS
A0AAV9U3G4,Nucleolar essential protein 1,254,EMG1,3140254,Orbilia brochopaga,Orbilia brochopaga,True,IPR005304,family,,254,31,254,CONTINUOUS
A0AAV9U5S8,18S rRNA pseudouridine methyltransferase,255,EMG1,1796055,Orbilia blumenaviensis,Orbilia blumenaviensis,True,IPR005304,family,,255,34,255,CONTINUOUS
A0AAV9VS73,18S rRNA pseudouridine methyltransferase,255,EMG1,47236,Arthrobotrys musiformis,Arthrobotrys musiformis,True,IPR005304,family,,255,34,255,CONTINUOUS
A0AAV9WS03,Nucleolar essential protein 1,255,EMG1,2528407,Orbilia ellipsospora,Orbilia ellipsospora,True,IPR005304,family,,255,34,255,CONTINUOUS
A0AAV9XZ05,Uncharacterized protein,248,RS030_192990,659607,Cryptosporidium xiaoi,Cryptosporidium xiaoi,True,IPR005304,family,,248,13,248,CONTINUOUS
A0AAV9Y063,Uncharacterized protein,240,RS030_192991,659607,Cryptosporidium xiaoi,Cryptosporidium xiaoi,True,IPR005304,family,,240,15,239,CONTINUOUS
A0AAW0DZV3,Nep1-domain-containing protein,402,NEP1,297713,Paramarasmius palmivorus,Paramarasmius palmivorus,True,IPR005304,family,,402,155,402,CONTINUOUS
A0AAW0E7E8,Nep1-domain-containing protein,349,R3P38DRAFT_2828083,2862362,Favolaschia claudopus,Favolaschia claudopus,True,IPR005304,family,,349,121,349,CONTINUOUS
A0AAW0ENU9,EMG1/NEP1 methyltransferase,287,NESM_000419200,1808958,Novymonas esmeraldas,Novymonas esmeraldas,True,IPR005304,family,,287,9,279,CONTINUOUS
A0AAW0EW51,EMG1/NEP1 methyltransferase,430,NESM_000727500,1808958,Novymonas esmeraldas,Novymonas esmeraldas,True,IPR005304,family,,430,146,370,CONTINUOUS
A0AAW0H010,Nep1-domain-containing protein,369,MRA1,2478898,Cerrena zonata,Cerrena zonata,True,IPR005304,family,,369,124,369,CONTINUOUS
A0AAW0HAQ4,18S rRNA (pseudouridine(1248)-N1)-methyltransferase,244,U0070_012000,447135,Myodes glareolus,Myodes glareolus (Bank vole),True,IPR005304,family,,244,12,244,CONTINUOUS
A0AAW0IRK5,Ribosomal RNA small subunit methyltransferase NEP1,283,Emg1_2,58331,Quercus suber,Quercus suber (Cork oak),True,IPR005304,family,,283,75,244,CONTINUOUS
A0AAW0IW73,Ribosomal RNA small subunit methyltransferase NEP1,270,EMG1_2,58331,Quercus suber,Quercus suber (Cork oak),True,IPR005304,family,,270,24,270,CONTINUOUS
A0AAW0IWA2,Nucleolar essential protein 1,252,Emg1_3,58331,Quercus suber,Quercus suber (Cork oak),True,IPR005304,family,,252,24,252,CONTINUOUS
A0AAW0JDR5,Ribosomal rna small subunit methyltransferase nep1,258,Emg1_1,58331,Quercus suber,Quercus suber (Cork oak),True,IPR005304,family,,258,121,251,CONTINUOUS
A0AAW0KSE8,Ribosomal RNA small subunit methyltransferase NEP1,246,Emg1_0,58331,Quercus suber,Quercus suber (Cork oak),True,IPR005304,family,,246,27,240,CONTINUOUS
A0AAW0N807,18S rRNA (pseudouridine(1248)-N1)-methyltransferase,236,WMY93_026537,88201,Mugilogobius chulae,Mugilogobius chulae (yellowstripe goby),True,IPR005304,family,,236,14,236,CONTINUOUS
A0AAW0QYN3,Ribosomal RNA small subunit methyltransferase NEP1,259,PG999_004186,1337665,Apiospora kogelbergensis,Apiospora kogelbergensis,True,IPR005304,family,,259,33,259,CONTINUOUS
A0AAW0S1R6,Ribosomal RNA small subunit methyltransferase NEP1,261,EMG1,1069075,Beauveria asiatica,Beauveria asiatica,True,IPR005304,family,,261,36,261,CONTINUOUS
A0AAW0TLQ7,18S rRNA (pseudouridine-N1)-methyltransferase,175,O3P69_020439,85552,Scylla paramamosain,Scylla paramamosain (Mud crab),True,IPR005304,family,,175,1,174,CONTINUOUS
A0AAW0TP60,18S rRNA (pseudouridine-N1)-methyltransferase,234,O3P69_020439,85552,Scylla paramamosain,Scylla paramamosain (Mud crab),True,IPR005304,family,,234,3,233,CONTINUOUS
A0AAW0XIB1,18S rRNA (pseudouridine-N1)-methyltransferase,234,OTU49_003041,27406,Cherax quadricarinatus,Cherax quadricarinatus (Australian red claw crayfish),True,IPR005304,family,,234,8,233,CONTINUOUS
A0AAW0YHA9,Nucleolar essential protein 1,349,IAR55_005373,1651941,Kwoniella newhampshirensis,Kwoniella newhampshirensis,True,IPR005304,family,,349,89,349,CONTINUOUS
A0AAW1A7V2,18S rRNA (pseudouridine-N1)-methyltransferase,236,QLX08_003848,166442,Tetragonisca angustula,Tetragonisca angustula,True,IPR005304,family,,236,3,236,CONTINUOUS
A0AAW1C1H1,18S rRNA (pseudouridine(1248)-N1)-methyltransferase,377,NXF25_006637,8729,Crotalus adamanteus,Crotalus adamanteus (Eastern diamondback rattlesnake),True,IPR005304,family,,377,168,376,CONTINUOUS
A0AAW1CWJ7,18S rRNA (pseudouridine-N1)-methyltransferase,236,O3M35_011793,488301,Rhynocoris fuscipes,Rhynocoris fuscipes,True,IPR005304,family,,236,7,235,CONTINUOUS
A0AAW1DVN2,18S rRNA (pseudouridine(1248)-N1)-methyltransferase,238,VZT92_027463,48416,Zoarces viviparus,Zoarces viviparus (Viviparous eelpout),True,IPR005304,family,,238,6,238,CONTINUOUS
A0AAW1GKV7,Ribosomal RNA small subunit methyltransferase NEP1,278,RND81_14G041200,3572,Saponaria officinalis,Saponaria officinalis (Common soapwort),True,IPR005304,family,,278,27,278,CONTINUOUS
A0AAW1M7Z5,18S rRNA (pseudouridine-N1)-methyltransferase,206,QE152_g8558,7064,Popillia japonica,Popillia japonica (Japanese beetle),True,IPR005304,family,,206,4,204,CONTINUOUS
A0AAW1NTB8,Ribosomal RNA small subunit methyltransferase NEP1,227,WJX73_007869,706552,Symbiochloris irregularis,Symbiochloris irregularis,True,IPR005304,family,,227,16,227,CONTINUOUS
A0AAW1QRY1,Ribosomal RNA small subunit methyltransferase NEP1,229,WJX72_008575,41462,[Myrmecia] bisecta,[Myrmecia] bisecta,True,IPR005304,family,,229,10,229,CONTINUOUS
A0AAW1QXG7,Ribosomal RNA small subunit methyltransferase NEP1,232,WJX74_006693,904363,Apatococcus lobatus,Apatococcus lobatus,True,IPR005304,family,,232,11,232,CONTINUOUS
A0AAW1R226,Uncharacterized protein,192,WJX74_003910,904363,Apatococcus lobatus,Apatococcus lobatus,True,IPR005304,family,,192,48,88,CONTINUOUS
A0AAW1SJ88,Ribosomal RNA small subunit methyltransferase NEP1,229,WJX81_002629,381761,Elliptochloris bilobata,Elliptochloris bilobata,True,IPR005304,family,,229,11,229,CONTINUOUS
A0AAW1TG39,Ribosomal RNA small subunit methyltransferase NEP1,207,WJX84_011976,2026836,Apatococcus fuscideae,Apatococcus fuscideae,True,IPR005304,family,,207,23,207,CONTINUOUS
A0AAW1UM06,18S rRNA (pseudouridine-N1)-methyltransferase,235,WA026_007475,420089,Henosepilachna vigintioctopunctata,Henosepilachna vigintioctopunctata,True,IPR005304,family,,235,5,235,CONTINUOUS
A0AAW1WFF6,Ribosomal RNA small subunit methyltransferase NEP1,247,M0R45_030844,59490,Rubus argutus,Rubus argutus (Southern blackberry),True,IPR005304,family,,247,11,247,CONTINUOUS
A0AAW1WFS8,Ribosomal RNA small subunit methyltransferase NEP1,240,M0R45_030844,59490,Rubus argutus,Rubus argutus (Southern blackberry),True,IPR005304,family,,240,11,240,CONTINUOUS
A0AAW1ZGK3,18S rRNA (pseudouridine(1248)-N1)-methyltransferase,238,ABG768_008427,194366,Culter alburnus,Culter alburnus (Topmouth culter),True,IPR005304,family,,238,10,238,CONTINUOUS
A0AAW2BMI1,Ribosomal RNA small subunit methyltransferase NEP1,283,SO802_032121,425828,Lithocarpus litseifolius,Lithocarpus litseifolius,True,IPR005304,family,,283,48,283,CONTINUOUS
A0AAW2CX69,Reverse transcriptase zinc-binding domain-containing protein,765,SO802_015511,425828,Lithocarpus litseifolius,Lithocarpus litseifolius,True,IPR005304,family,,765,28,266,CONTINUOUS
A0AAW2FBS5,18S rRNA (pseudouridine-N1)-methyltransferase,235,PUN28_011988,286306,Cardiocondyla obscurior,Cardiocondyla obscurior,True,IPR005304,family,,235,5,235,CONTINUOUS
A0AAW2H903,18S rRNA (pseudouridine-N1)-methyltransferase,204,PYX00_008865,328185,Menopon gallinae,Menopon gallinae (poultry shaft louse),True,IPR005304,family,,204,12,202,CONTINUOUS
A0AAW2H970,18S rRNA (pseudouridine-N1)-methyltransferase,239,PYX00_008865,328185,Menopon gallinae,Menopon gallinae (poultry shaft louse),True,IPR005304,family,,239,12,239,CONTINUOUS
A0AAW2IVF8,Ribosomal RNA small subunit methyltransferase NEP1,295,Scaly_2800200,2727403,Sesamum calycinum,Sesamum calycinum,True,IPR005304,family,,295,101,295,CONTINUOUS
A0AAW2LDZ4,Ribosomal RNA small subunit methyltransferase NEP1,342,Sradi_5554400,300843,Sesamum radiatum,Sesamum radiatum (Black benniseed),True,IPR005304,family,,342,23,261,CONTINUOUS
A0AAW2LG79,Uncharacterized protein,194,Sangu_1992400,2727405,Sesamum angustifolium,Sesamum angustifolium,True,IPR005304,family,,194,21,89,CONTINUOUS
A0AAW2MU98,Ribosomal RNA small subunit methyltransferase NEP1,230,Sangu_1592500,2727405,Sesamum angustifolium,Sesamum angustifolium,True,IPR005304,family,,230,19,230,CONTINUOUS
A0AAW2ND95,Ribosomal RNA small subunit methyltransferase NEP1,264,Sradi_4552400,300843,Sesamum radiatum,Sesamum radiatum (Black benniseed),True,IPR005304,family,,264,93,234,CONTINUOUS
A0AAW2NH74,Ribosomal RNA small subunit methyltransferase NEP1,296,Scaly_1939800,2727403,Sesamum calycinum,Sesamum calycinum,True,IPR005304,family,,296,79,291,CONTINUOUS
A0AAW2NJX3,Ribosomal RNA small subunit methyltransferase NEP1,246,Scaly_1939700,2727403,Sesamum calycinum,Sesamum calycinum,True,IPR005304,family,,246,19,245,CONTINUOUS
A0AAW2NSC8,Ribosomal RNA small subunit methyltransferase NEP1,282,Sradi_4448600,300843,Sesamum radiatum,Sesamum radiatum (Black benniseed),True,IPR005304,family,,282,23,282,CONTINUOUS
A0AAW2NXT3,Ribosomal protein S2,231,Sangu_1035600,2727405,Sesamum angustifolium,Sesamum angustifolium,True,IPR005304,family,,231,10,199,CONTINUOUS
A0AAW2PM76,Ribosomal RNA small subunit methyltransferase nep-1,277,Sradi_4044300,300843,Sesamum radiatum,Sesamum radiatum (Black benniseed),True,IPR005304,family,,277,79,270,CONTINUOUS
A0AAW2PPV5,Ribosomal RNA small subunit methyltransferase NEP1,330,Sangu_0677100,2727405,Sesamum angustifolium,Sesamum angustifolium,True,IPR005304,family,,330,115,330,CONTINUOUS
A0AAW2RS60,Ribosomal RNA small subunit methyltransferase NEP1,231,Scaly_0588000,2727403,Sesamum calycinum,Sesamum calycinum,True,IPR005304,family,,231,20,226,CONTINUOUS
A0AAW2RS81,Ribosomal RNA small subunit methyltransferase NEP1,373,Scaly_0587800,2727403,Sesamum calycinum,Sesamum calycinum,True,IPR005304,family,,373,115,187,CONTINUOUS
A0AAW2UK30,Uncharacterized protein,215,Slati_3526200,2727402,Sesamum latifolium,Sesamum latifolium,True,IPR005304,family,,215,127,212,CONTINUOUS
A0AAW2UKP3,Ribosomal RNA small subunit methyltransferase NEP1,239,Slati_3526100,2727402,Sesamum latifolium,Sesamum latifolium,True,IPR005304,family,,239,18,239,CONTINUOUS
A0AAW2VG79,Ribosomal RNA small subunit methyltransferase NEP1,319,Slati_3022000,2727402,Sesamum latifolium,Sesamum latifolium,True,IPR005304,family,,319,161,319,CONTINUOUS
A0AAW2WIA6,Ribosomal RNA small subunit methyltransferase NEP1,246,Sradi_0020800,300843,Sesamum radiatum,Sesamum radiatum (Black benniseed),True,IPR005304,family,,246,19,245,CONTINUOUS
A0AAW2WKP5,Ribosomal RNA small subunit methyltransferase NEP1,252,Sradi_0020900,300843,Sesamum radiatum,Sesamum radiatum (Black benniseed),True,IPR005304,family,,252,89,247,CONTINUOUS
A0AAW2ZEY4,Ribosomal RNA small subunit methyltransferase NEP1,256,AKO1_015178,1008807,Acrasis kona,Acrasis kona,True,IPR005304,family,,256,17,256,CONTINUOUS
A0AAW3A7Y0,EMG1/NEP1 methyltransferase,246,Q4I31_005149,651832,Leishmania lindenbergi,Leishmania lindenbergi,True,IPR005304,family,,246,2,197,CONTINUOUS
A0AAW3AE59,EMG1/NEP1 methyltransferase,246,Q4I30_005168,653362,Leishmania utingensis,Leishmania utingensis,True,IPR005304,family,,246,2,197,CONTINUOUS
A0AAW3AN09,EMG1/NEP1 methyltransferase,287,Q4I31_002534,651832,Leishmania lindenbergi,Leishmania lindenbergi,True,IPR005304,family,,287,12,279,CONTINUOUS
A0AAW3ARU7,EMG1/NEP1 methyltransferase,287,Q4I30_002549,653362,Leishmania utingensis,Leishmania utingensis,True,IPR005304,family,,287,12,279,CONTINUOUS
A0AAW3BK60,EMG1/NEP1 methyltransferase,246,Q4I28_005142,5678,Leishmania naiffi,Leishmania naiffi,True,IPR005304,family,,246,2,197,CONTINUOUS
A0AAW3BK95,EMG1/NEP1 methyltransferase,246,Q4I29_005109,5680,Leishmania shawi,Leishmania shawi,True,IPR005304,family,,246,2,197,CONTINUOUS
A0AAW3C0Y4,EMG1/NEP1 methyltransferase,287,Q4I32_002552,5680,Leishmania shawi,Leishmania shawi,True,IPR005304,family,,287,12,279,CONTINUOUS
A0AAW3C1J2,EMG1/NEP1 methyltransferase,287,Q4I28_002446,5678,Leishmania naiffi,Leishmania naiffi,True,IPR005304,family,,287,12,279,CONTINUOUS
A0AAX4H6R5,Ribosomal RNA small subunit methyltransferase NEP1,331,PUMCH_001481,291208,Australozyma saopauloensis,Australozyma saopauloensis,True,IPR005304,family,,331,85,331,CONTINUOUS
A0AAX4INQ5,Essential for mitotic growth 1,261,CDEST_10149,34406,Colletotrichum destructivum,Colletotrichum destructivum,True,IPR005304,family,,261,36,260,CONTINUOUS
A0AAX4JD36,Ribosomal RNA small subunit methyltransferase (EMG1),163,VNE69_06184,6039,Vairimorpha necatrix,Vairimorpha necatrix,True,IPR005304,family,,163,22,158,CONTINUOUS
A0AAX4JMV1,Nucleolar essential protein 1,342,L201_001634,1295534,Kwoniella dendrophila CBS 6074,Kwoniella dendrophila CBS 6074,True,IPR005304,family,,342,101,342,CONTINUOUS
A0AAX4KM03,Nucleolar essential protein 1,348,V865_005606,1423913,Kwoniella europaea PYCC6329,Kwoniella europaea PYCC6329,True,IPR005304,family,,348,102,348,CONTINUOUS
A0AAX4L3N3,Ribosomal RNA small subunit methyltransferase Nep1,218,nep1,207809,Sulfolobus tengchongensis,Sulfolobus tengchongensis,True,IPR005304,family,,218,3,212,CONTINUOUS
A0AAX4NEG9,Ribosomal RNA small subunit methyltransferase Nep1,222,nep1,3073602,Oxyplasma meridianum,Oxyplasma meridianum,True,IPR005304,family,,222,2,218,CONTINUOUS
A0AAX4PC74,Ribosomal RNA small subunit methyltransferase NEP1,246,HKI87_07g49390,1461544,Chloropicon roscoffensis,Chloropicon roscoffensis,True,IPR005304,family,,246,30,245,CONTINUOUS
A0AAX6DNZ7,Ribosomal RNA small subunit methyltransferase NEP1,279,M6B38_236400,29817,Iris pallida,Iris pallida (Sweet iris),True,IPR005304,family,,279,27,279,CONTINUOUS
A0AAX6HY95,Ribosomal RNA small subunit methyltransferase NEP1,282,M6B38_287390,29817,Iris pallida,Iris pallida (Sweet iris),True,IPR005304,family,,282,27,282,CONTINUOUS
A0AAX6MJL7,Nucleolar essential protein 1,254,EMG1,292717,Daldinia eschscholtzii,Daldinia eschscholtzii,True,IPR005304,family,,254,28,254,CONTINUOUS
A0AAX6S2H5,Ribosomal RNA small subunit methyltransferase NEP1,277,Emg1,10181,Heterocephalus glaber,Heterocephalus glaber (Naked mole rat),True,IPR005304,family,,277,45,267,CONTINUOUS
A0AAX6S7S3,Ribosomal RNA small subunit methyltransferase NEP1,301,Emg1,10181,Heterocephalus glaber,Heterocephalus glaber (Naked mole rat),True,IPR005304,family,,301,45,301,CONTINUOUS
A0AAX7TTJ8,18S rRNA (pseudouridine(1248)-N1)-methyltransferase,250,EMG1,8154,Astatotilapia calliptera,Astatotilapia calliptera (Eastern happy),True,IPR005304,family,,250,22,250,CONTINUOUS
A0AAY4A4H1,18S rRNA (pseudouridine(1248)-N1)-methyltransferase,238,EMG1,299321,Denticeps clupeoides,Denticeps clupeoides (denticle herring),True,IPR005304,family,,238,15,238,CONTINUOUS
A0AAY5KRK8,18S rRNA (pseudouridine(1248)-N1)-methyltransferase,238,EMG1,8010,Esox lucius,Esox lucius (Northern pike),True,IPR005304,family,,238,11,238,CONTINUOUS
A0AAZ3Q608,18S rRNA (pseudouridine(1248)-N1)-methyltransferase,238,EMG1,74940,Oncorhynchus tshawytscha,Oncorhynchus tshawytscha (Chinook salmon),True,IPR005304,family,,238,11,238,CONTINUOUS
A0AB32UYJ7,Nucleolar essential protein-related,284,LOC18594442,3641,Theobroma cacao,Theobroma cacao (Cacao),True,IPR005304,family,,284,41,284,CONTINUOUS
A0AB32VFC9,Nucleolar essential protein-related,313,LOC18606478,3641,Theobroma cacao,Theobroma cacao (Cacao),True,IPR005304,family,,313,100,313,CONTINUOUS
A0AB32WCB4,Nucleolar essential protein-related,284,LOC18598769,3641,Theobroma cacao,Theobroma cacao (Cacao),True,IPR005304,family,,284,44,284,CONTINUOUS
A0AB32WMB0,Ribosomal RNA small subunit methyltransferase NEP1,175,LOC18594471,3641,Theobroma cacao,Theobroma cacao (Cacao),True,IPR005304,family,,175,34,150,CONTINUOUS
A0AB32WQA0,Ribosomal RNA small subunit methyltransferase nep-1-like,244,LOC108662772,3641,Theobroma cacao,Theobroma cacao (Cacao),True,IPR005304,family,,244,73,242,CONTINUOUS
A0AB34FMZ2,Ribosomal RNA small subunit methyltransferase NEP1,261,EMG1,1247861,Purpureocillium lavendulum,Purpureocillium lavendulum,True,IPR005304,family,,261,36,261,CONTINUOUS
A0AB34HIU2,18S rRNA (pseudouridine(1248)-N1)-methyltransferase,244,J1605_021005,9764,Eschrichtius robustus,Eschrichtius robustus (California gray whale),True,IPR005304,family,,244,12,244,CONTINUOUS
A0AB34K9R3,Ribosomal RNA small subunit methyltransferase NEP1,294,AB1Y20_000312,97485,Prymnesium parvum,Prymnesium parvum (Toxic golden alga),True,IPR005304,family,,294,78,293,CONTINUOUS
A0AB34KVS7,Nucleolar essential protein 1,298,WHR41_04371,1052096,Cladosporium halotolerans,Cladosporium halotolerans,True,IPR005304,family,,298,55,298,CONTINUOUS
A0AB34PYF9,Ribosomal RNA small subunit methyltransferase NEP1,267,MG3_01153,1094989,Candida albicans P78048,Candida albicans P78048,True,IPR005304,family,,267,21,266,CONTINUOUS
A0AB38LUS8,Nep1-domain-containing protein,323,D6C94_06021,5580,Aureobasidium pullulans,Aureobasidium pullulans (Black yeast),True,IPR005304,family,,323,99,323,CONTINUOUS
A0AB38MUA2,Autophagy protein 6,752,E3Q02_02231,1708541,Wallemia mellicola,Wallemia mellicola,True,IPR005304,family,,752,6,224,CONTINUOUS
A0AB39ZFP1,Ribosomal RNA small subunit methyltransferase NEP1,229,LOC108012331,28584,Drosophila suzukii,Drosophila suzukii (Spotted-wing drosophila fruit fly),True,IPR005304,family,,229,18,228,CONTINUOUS
A0AB39ZMA4,18S rRNA (pseudouridine-N1)-methyltransferase,252,LOC108016676,28584,Drosophila suzukii,Drosophila suzukii (Spotted-wing drosophila fruit fly),True,IPR005304,family,,252,28,251,CONTINUOUS
A0AB40B970,Ribosomal RNA small subunit methyltransferase NEP1,276,LOC120260392,55577,Dioscorea cayennensis subsp. rotundata,Dioscorea cayennensis subsp. rotundata (White Guinea yam),True,IPR005304,family,,276,27,276,CONTINUOUS
A0AB74KGG0,Autophagy protein 6,752,E3Q03_02213,1708541,Wallemia mellicola,Wallemia mellicola,True,IPR005304,family,,752,6,224,CONTINUOUS
A0ABC8KQW9,Ribosomal RNA small subunit methyltransferase NEP1,305,ERUC_LOCUS26140,29727,Eruca vesicaria subsp. sativa,Eruca vesicaria subsp. sativa (Garden rocket),True,IPR005304,family,,305,53,271,CONTINUOUS
A0ABC8KWZ0,Ribosomal RNA small subunit methyltransferase NEP1,289,ERUC_LOCUS26189,29727,Eruca vesicaria subsp. sativa,Eruca vesicaria subsp. sativa (Garden rocket),True,IPR005304,family,,289,49,289,CONTINUOUS
A0ABC8V5K3,Ribosomal RNA small subunit methyltransferase NEP1,279,ILEXP_LOCUS59169,185542,Ilex paraguariensis,Ilex paraguariensis (yerba mate),True,IPR005304,family,,279,43,279,CONTINUOUS
A0ABC8YYN5,Nucleolar essential protein 1,288,URODEC1_LOCUS37556,240449,Urochloa decumbens,Urochloa decumbens,True,IPR005304,family,,288,55,287,CONTINUOUS
A0ABC8ZCS9,Nucleolar essential protein 1,282,URODEC1_LOCUS41664,240449,Urochloa decumbens,Urochloa decumbens,True,IPR005304,family,,282,48,281,CONTINUOUS
A0ABC8ZM46,Nucleolar essential protein 1,263,URODEC1_LOCUS45736,240449,Urochloa decumbens,Urochloa decumbens,True,IPR005304,family,,263,48,206,CONTINUOUS
A0ABC8ZMQ0,Ribosomal RNA small subunit methyltransferase NEP1,188,URODEC1_LOCUS45736,240449,Urochloa decumbens,Urochloa decumbens,True,IPR005304,family,,188,1,187,CONTINUOUS
A0ABC8ZMZ1,Nucleolar essential protein 1,279,URODEC1_LOCUS45736,240449,Urochloa decumbens,Urochloa decumbens,True,IPR005304,family,,279,48,278,CONTINUOUS
A0ABC9AAN3,Nucleolar essential protein 1,279,URODEC1_LOCUS53030,240449,Urochloa decumbens,Urochloa decumbens,True,IPR005304,family,,279,47,278,CONTINUOUS
A0ABC9ADC0,Nucleolar essential protein 1,263,URODEC1_LOCUS53030,240449,Urochloa decumbens,Urochloa decumbens,True,IPR005304,family,,263,47,206,CONTINUOUS
A0ABC9VXB9,18S rRNA (pseudouridine(1248)-N1)-methyltransferase,231,GRJ2_000216900,30415,Grus japonensis,Grus japonensis (Japanese crane),True,IPR005304,family,,231,14,230,CONTINUOUS
A0ABD0K9V4,Uncharacterized protein,169,BaRGS_00025047,370345,Batillaria attramentaria,Batillaria attramentaria,True,IPR005304,family,,169,16,156,CONTINUOUS
A0ABD0TM86,18S rRNA (pseudouridine-N1)-methyltransferase,236,ABMA28_012213,481309,Loxostege sticticalis,Loxostege sticticalis (Beet webworm moth),True,IPR005304,family,,236,4,235,CONTINUOUS
A0ABD0U115,Ribosomal RNA small subunit methyltransferase NEP1,269,M5K25_024146,117978,Dendrobium thyrsiflorum,Dendrobium thyrsiflorum (Pinecone-like raceme dendrobium),True,IPR005304,family,,269,37,269,CONTINUOUS
A0ABD0UX93,Ribosomal RNA small subunit methyltransferase NEP1,269,M5K25_012526,117978,Dendrobium thyrsiflorum,Dendrobium thyrsiflorum (Pinecone-like raceme dendrobium),True,IPR005304,family,,269,54,269,CONTINUOUS
A0ABD0XDJ8,18S rRNA (pseudouridine(1248)-N1)-methyltransferase,238,UPYG_G00153150,75934,Umbra pygmaea,Umbra pygmaea (Eastern mudminnow),True,IPR005304,family,,238,16,238,CONTINUOUS
A0ABD0Z5S2,18S rRNA (pseudouridine-N1)-methyltransferase,234,AAG570_009148,642074,Ranatra chinensis,Ranatra chinensis,True,IPR005304,family,,234,3,233,CONTINUOUS
A0ABD0ZA07,Ribosomal RNA small subunit methyltransferase NEP1,298,V5N11_002361,228776,Cardamine amara subsp. amara,Cardamine amara subsp. amara,True,IPR005304,family,,298,51,298,CONTINUOUS
A0ABD1DLU2,18S rRNA (pseudouridine-N1)-methyltransferase,239,pipiens_007279,38569,Culex pipiens pipiens,Culex pipiens pipiens (Northern house mosquito),True,IPR005304,family,,239,10,239,CONTINUOUS
A0ABD1F2K0,18S rRNA (pseudouridine-N1)-methyltransferase,237,ABEB36_005572,57062,Hypothenemus hampei,Hypothenemus hampei (Coffee berry borer),True,IPR005304,family,,237,1,236,CONTINUOUS
A0ABD1HE34,Ribosomal RNA small subunit methyltransferase NEP1,262,AAHA92_15226,28513,Salvia divinorum,Salvia divinorum (Maria pastora),True,IPR005304,family,,262,15,252,CONTINUOUS
A0ABD1IIJ9,Ribosomal RNA small subunit methyltransferase NEP1,280,AAHA92_00139,28513,Salvia divinorum,Salvia divinorum (Maria pastora),True,IPR005304,family,,280,35,280,CONTINUOUS
A0ABD1IL46,Ribosomal RNA small subunit methyltransferase NEP1,276,AAHA92_00904,28513,Salvia divinorum,Salvia divinorum (Maria pastora),True,IPR005304,family,,276,23,276,CONTINUOUS
A0ABD1JA85,18S rRNA (pseudouridine(1248)-N1)-methyltransferase,240,ACEWY4_019616,363190,Coilia grayii,Coilia grayii (Gray's grenadier anchovy),True,IPR005304,family,,240,12,240,CONTINUOUS
A0ABD1M046,Ribosomal RNA small subunit methyltransferase NEP1,332,Fmac_022586,520843,Flemingia macrophylla,Flemingia macrophylla,True,IPR005304,family,,332,79,332,CONTINUOUS
A0ABD1M5B9,Uncharacterized protein,255,Fmac_018565,520843,Flemingia macrophylla,Flemingia macrophylla,True,IPR005304,family,,255,103,248,CONTINUOUS
A0ABD1MSM7,Ribosomal RNA small subunit methyltransferase NEP1,244,Fmac_013265,520843,Flemingia macrophylla,Flemingia macrophylla,True,IPR005304,family,,244,23,243,CONTINUOUS
A0ABD1N5E4,Uncharacterized protein,215,Fmac_004605,520843,Flemingia macrophylla,Flemingia macrophylla,True,IPR005304,family,,215,55,213,CONTINUOUS
A0ABD1NJ71,Ribosomal RNA small subunit methyltransferase NEP1,252,Fmac_001717,520843,Flemingia macrophylla,Flemingia macrophylla,True,IPR005304,family,,252,57,251,CONTINUOUS
A0ABD1NJK4,Uncharacterized protein,241,Fmac_001718,520843,Flemingia macrophylla,Flemingia macrophylla,True,IPR005304,family,,241,77,239,CONTINUOUS
A0ABD1QJU2,Nucleolar essential protein-related,146,Adt_37230,126358,Abeliophyllum distichum,Abeliophyllum distichum,True,IPR005304,family,,146,20,123,CONTINUOUS
A0ABD1QX64,Ribosomal RNA small subunit methyltransferase NEP1,280,Adt_33714,126358,Abeliophyllum distichum,Abeliophyllum distichum,True,IPR005304,family,,280,25,280,CONTINUOUS
A0ABD1SNH0,Ribosomal RNA small subunit methyltransferase NEP1,273,Fot_35731,205694,Forsythia ovata,Forsythia ovata,True,IPR005304,family,,273,12,273,CONTINUOUS
A0ABD1TCN8,Ribosomal RNA small subunit methyltransferase NEP1,279,Adt_16092,126358,Abeliophyllum distichum,Abeliophyllum distichum,True,IPR005304,family,,279,25,279,CONTINUOUS
A0ABD1VE34,Ribosomal RNA small subunit methyltransferase NEP1,279,Fot_16882,205694,Forsythia ovata,Forsythia ovata,True,IPR005304,family,,279,25,279,CONTINUOUS
A0ABD1ZL32,Ribosomal RNA small subunit methyltransferase NEP1,237,R1flu_019793,41844,Riccia fluitans,Riccia fluitans,True,IPR005304,family,,237,8,237,CONTINUOUS
A0ABD2A3V9,18S rRNA (pseudouridine-N1)-methyltransferase,236,V1478_015004,30214,Vespula squamosa,Vespula squamosa (Southern yellow jacket),True,IPR005304,family,,236,4,236,CONTINUOUS
A0ABD2BTS5,18S rRNA (pseudouridine-N1)-methyltransferase,236,V1477_012690,7453,Vespula maculifrons,Vespula maculifrons (Eastern yellow jacket),True,IPR005304,family,,236,3,236,CONTINUOUS
A0ABD2ECM0,18S rRNA (pseudouridine(1248)-N1)-methyltransferase,244,WCI35_014782,31869,Daubentonia madagascariensis,Daubentonia madagascariensis (Aye-aye),True,IPR005304,family,,244,12,244,CONTINUOUS
A0ABD2EDT7,18S rRNA (pseudouridine(1248)-N1)-methyltransferase,194,WCI35_014782,31869,Daubentonia madagascariensis,Daubentonia madagascariensis (Aye-aye),True,IPR005304,family,,194,12,188,CONTINUOUS
A0ABD2H1C3,18S rRNA (pseudouridine(1248)-N1)-methyltransferase,238,OYC64_014260,8213,Pagothenia borchgrevinki,Pagothenia borchgrevinki (Bald rockcod),True,IPR005304,family,,238,6,238,CONTINUOUS
A0ABD2K7B4,18S rRNA (pseudouridine-N1)-methyltransferase,241,niasHT_024546,157864,Heterodera trifolii,Heterodera trifolii,True,IPR005304,family,,241,19,241,CONTINUOUS
A0ABD2KDH7,18S rRNA (pseudouridine-N1)-methyltransferase,241,niasHS_001454,97005,Heterodera schachtii,Heterodera schachtii (Sugarbeet cyst nematode worm),True,IPR005304,family,,241,19,241,CONTINUOUS
A0ABD2NCF6,18S rRNA (pseudouridine-N1)-methyltransferase,237,HHI36_011831,559131,Cryptolaemus montrouzieri,Cryptolaemus montrouzieri,True,IPR005304,family,,237,1,237,CONTINUOUS
A0ABD2QJN0,Ribosomal RNA small subunit methyltransferase NEP1,244,EMG1,1844966,Cichlidogyrus casuarinus,Cichlidogyrus casuarinus,True,IPR005304,family,,244,16,238,CONTINUOUS
A0ABD2RI21,Nucleolar essential protein,278,AABB24_034365,62892,Solanum stoloniferum,Solanum stoloniferum,True,IPR005304,family,,278,40,278,CONTINUOUS
A0ABD2TYK1,Nucleolar essential protein,278,AABB24_014310,62892,Solanum stoloniferum,Solanum stoloniferum,True,IPR005304,family,,278,39,278,CONTINUOUS
A0ABD2WVA7,18S rRNA (pseudouridine-N1)-methyltransferase,237,TKK_009380,54128,Trichogramma kaykai,Trichogramma kaykai,True,IPR005304,family,,237,3,237,CONTINUOUS
A0ABD2Z9M8,Uncharacterized protein,239,ACH5RR_023088,153742,Cinchona calisaya,Cinchona calisaya,True,IPR005304,family,,239,84,237,CONTINUOUS
A0ABD3ATQ5,Ribosomal RNA small subunit methyltransferase NEP1,284,ACH5RR_003046,153742,Cinchona calisaya,Cinchona calisaya,True,IPR005304,family,,284,30,284,CONTINUOUS
A0ABD3C1S4,Uncharacterized protein,50,CASFOL_032546,1961234,Castilleja foliolosa,Castilleja foliolosa,True,IPR005304,family,,50,1,50,CONTINUOUS
A0ABD3C8F3,Ribosomal RNA small subunit methyltransferase NEP1,288,CASFOL_031038,1961234,Castilleja foliolosa,Castilleja foliolosa,True,IPR005304,family,,288,50,288,CONTINUOUS
A0ABD3F4V7,Ribosome biogenesis protein NEP1,219,V7S43_013614,2107226,Phytophthora oleae,Phytophthora oleae,True,IPR005304,family,,219,5,219,CONTINUOUS
A0ABD3I8W3,Ribosomal RNA small subunit methyltransferase NEP1,237,R1sor_018160,122646,Riccia sorocarpa,Riccia sorocarpa,True,IPR005304,family,,237,24,237,CONTINUOUS
A0ABD3LMI9,Nucleolar essential protein,288,ACJRO7_000410,34317,Eucalyptus globulus,Eucalyptus globulus (Tasmanian blue gum),True,IPR005304,family,,288,50,284,CONTINUOUS
A0ABD3LUX9,Uncharacterized protein,289,ACJRO7_002608,34317,Eucalyptus globulus,Eucalyptus globulus (Tasmanian blue gum),True,IPR005304,family,,289,50,285,CONTINUOUS
A0ABD3N4G5,Ribosomal RNA small subunit methyltransferase NEP1,295,ACHAWU_005294,259834,Discostella pseudostelligera,Discostella pseudostelligera,True,IPR005304,family,,295,34,295,CONTINUOUS
A0ABD3NQB3,Ribosomal RNA small subunit methyltransferase NEP1,287,ACHAW5_008303,2934178,Stephanodiscus triporus,Stephanodiscus triporus,True,IPR005304,family,,287,59,287,CONTINUOUS
A0ABD3Q1A0,Ribosomal RNA small subunit methyltransferase NEP1,288,HJC23_012862,29204,Cyclotella cryptica,Cyclotella cryptica,True,IPR005304,family,,288,47,288,CONTINUOUS
A0ABD3QPH8,Ribosomal RNA small subunit methyltransferase NEP1,283,ACHAWO_002447,382360,Cyclotella atomus,Cyclotella atomus,True,IPR005304,family,,283,28,283,CONTINUOUS
A0ABD3S5F9,Ribosomal RNA small subunit methyltransferase NEP1,276,ACJIZ3_005613,265156,Penstemon smallii,Penstemon smallii,True,IPR005304,family,,276,35,276,CONTINUOUS
A0ABD3SPX5,Ribosomal RNA small subunit methyltransferase NEP1,288,ACHAXA_003636,382380,Cyclostephanos tholiformis,Cyclostephanos tholiformis,True,IPR005304,family,,288,45,288,CONTINUOUS
A0ABD3TW26,Ribosomal RNA small subunit methyltransferase NEP1,258,ACJIZ3_025883,265156,Penstemon smallii,Penstemon smallii,True,IPR005304,family,,258,12,258,CONTINUOUS
A0ABD3VBV3,Ribosomal RNA small subunit methyltransferase NEP1,227,ACJMK2_012845,1069815,Sinanodonta woodiana,Sinanodonta woodiana (Chinese pond mussel),True,IPR005304,family,,227,15,227,CONTINUOUS
A0ABD4Z4X5,Ribosomal RNA small subunit methyltransferase Nep1,239,nep1,3050454,Ignisphaera cupida,Ignisphaera cupida,True,IPR005304,family,,239,6,229,CONTINUOUS
A0ABD6EMI7,18S rRNA (pseudouridine-N1)-methyltransferase,191,AB6A40_007464,75299,Gnathostoma spinigerum,Gnathostoma spinigerum,True,IPR005304,family,,191,11,190,CONTINUOUS
A0ABD6ETL6,Uncharacterized protein,45,AB6A40_009360,75299,Gnathostoma spinigerum,Gnathostoma spinigerum,True,IPR005304,family,,45,1,41,CONTINUOUS
A0ABI7YQK1,EMG1 N1-specific pseudouridine methyltransferase,244,EMG1,9685,Felis catus,Felis catus (Cat),False,IPR005304,family,,244,12,244,CONTINUOUS
A0ABI7YSZ6,EMG1 N1-specific pseudouridine methyltransferase,108,EMG1,9685,Felis catus,Felis catus (Cat),False,IPR005304,family,,108,12,91,CONTINUOUS
A0ABM0GQF6,Ribosomal RNA small subunit methyltransferase NEP1,218,LOC100378866,10224,Saccoglossus kowalevskii,Saccoglossus kowalevskii (Acorn worm),False,IPR005304,family,,218,28,218,CONTINUOUS
A0ABM0I281,Ribosomal RNA small subunit methyltransferase NEP1,244,LOC101395531,73337,Ceratotherium simum simum,Ceratotherium simum simum (Southern white rhinoceros),False,IPR005304,family,,244,12,244,CONTINUOUS
A0ABM0JHQ0,Ribosomal RNA small subunit methyltransferase NEP1,229,LOC101853918,6500,Aplysia californica,Aplysia californica (California sea hare),False,IPR005304,family,,229,10,228,CONTINUOUS
A0ABM0LFU8,EMG1 N1-specific pseudouridine methyltransferase,244,Emg1,79684,Microtus ochrogaster,Microtus ochrogaster (Prairie vole),False,IPR005304,family,,244,12,244,CONTINUOUS
A0ABM0N3G3,Ribosomal RNA small subunit methyltransferase NEP1,264,LOC103319212,102107,Prunus mume,Prunus mume (Japanese apricot),False,IPR005304,family,,264,32,263,CONTINUOUS
A0ABM0PUW4,Ribosomal RNA small subunit methyltransferase NEP1,302,LOC103342954,102107,Prunus mume,Prunus mume (Japanese apricot),False,IPR005304,family,,302,39,302,CONTINUOUS
A0ABM0QBY7,Ribosomal RNA small subunit methyltransferase NEP1,244,EMG1,482537,Galeopterus variegatus,Galeopterus variegatus (Malayan flying lemur),False,IPR005304,family,,244,12,244,CONTINUOUS
A0ABM0TK23,Ribosomal RNA small subunit methyltransferase NEP1,302,LOC104712361,90675,Camelina sativa,Camelina sativa (False flax),False,IPR005304,family,,302,65,302,CONTINUOUS
A0ABM1BS32,Ribosomal RNA small subunit methyltransferase NEP1,236,LOC106471527,6850,Limulus polyphemus,Limulus polyphemus (Atlantic horseshoe crab),False,IPR005304,family,,236,6,235,CONTINUOUS
A0ABM1DWC8,Ribosomal RNA small subunit methyltransferase NEP1,172,LOC106806729,37621,Priapulus caudatus,Priapulus caudatus (Priapulid worm),False,IPR005304,family,,172,1,172,CONTINUOUS
A0ABM1FUC0,Nucleolar essential protein,278,LOC107007641,28526,Solanum pennellii,Solanum pennellii (Tomato),False,IPR005304,family,,278,41,278,CONTINUOUS
A0ABM1HED9,Ribosomal RNA small subunit methyltransferase NEP1,159,LOC107027793,28526,Solanum pennellii,Solanum pennellii (Tomato),False,IPR005304,family,,159,56,159,CONTINUOUS
A0ABM1J3T3,Ribosomal RNA small subunit methyltransferase NEP1,236,LOC107072053,743375,Polistes dominula,Polistes dominula (European paper wasp),False,IPR005304,family,,236,1,236,CONTINUOUS
A0ABM1KKQ7,Ribosomal RNA small subunit methyltransferase NEP1,234,EMG1,146911,Gekko japonicus,Gekko japonicus (Schlegel's Japanese gecko),False,IPR005304,family,,234,22,233,CONTINUOUS
A0ABM1LJB9,Ribosomal RNA small subunit methyltransferase NEP1,210,LOC103319213,102107,Prunus mume,Prunus mume (Japanese apricot),False,IPR005304,family,,210,2,210,CONTINUOUS
A0ABM1N6H4,Ribosomal RNA small subunit methyltransferase NEP1,235,LOC108566853,110193,Nicrophorus vespilloides,Nicrophorus vespilloides (Boreal carrion beetle),False,IPR005304,family,,235,1,235,CONTINUOUS
A0ABM1PY75,Ribosomal RNA small subunit methyltransferase NEP1,252,LOC108619872,7263,Drosophila arizonae,Drosophila arizonae (Fruit fly),False,IPR005304,family,,252,26,251,CONTINUOUS
A0ABM1RMY6,Ribosomal RNA small subunit methyltransferase NEP1,299,LOC104791988,90675,Camelina sativa,Camelina sativa (False flax),False,IPR005304,family,,299,59,299,CONTINUOUS
A0ABM1RTR1,Ribosomal RNA small subunit methyltransferase NEP1,299,LOC109124664,90675,Camelina sativa,Camelina sativa (False flax),False,IPR005304,family,,299,60,299,CONTINUOUS
A0ABM1UPU4,EMG1 N1-specific pseudouridine methyltransferase,257,Emg1,79684,Microtus ochrogaster,Microtus ochrogaster (Prairie vole),False,IPR005304,family,,257,12,232,CONTINUOUS
A0ABM1V0W0,Ribosomal RNA small subunit methyltransferase mra1-like,167,LOC114075221,28526,Solanum pennellii,Solanum pennellii (Tomato),False,IPR005304,family,,167,40,126,CONTINUOUS
A0ABM1XZ63,Nucleolar essential protein 1,238,,7160,Aedes albopictus,Aedes albopictus (Asian tiger mosquito),False,IPR005304,family,,238,1,238,CONTINUOUS
A0ABM2ELV4,EMG1 N1-specific pseudouridine methyltransferase,244,EMG1,9798,Equus przewalskii,Equus przewalskii (Przewalski's horse),False,IPR005304,family,,244,12,244,CONTINUOUS
A0ABM2Z7V0,Ribosomal RNA small subunit methyltransferase NEP1-like,289,LOC121210907,3635,Gossypium hirsutum,Gossypium hirsutum (Upland cotton),False,IPR005304,family,,289,26,289,CONTINUOUS
A0ABM3B6L7,Ribosomal RNA small subunit methyltransferase nep-1-like,259,LOC107948147,3635,Gossypium hirsutum,Gossypium hirsutum (Upland cotton),False,IPR005304,family,,259,34,255,CONTINUOUS
A0ABM3RA25,Ribosomal RNA small subunit methyltransferase NEP1,285,LOC110797674,3562,Spinacia oleracea,Spinacia oleracea (Spinach),False,IPR005304,family,,285,72,285,CONTINUOUS
A0ABM3ZRW4,Uncharacterized protein LOC107427300,180,LOC107427300,326968,Ziziphus jujuba,Ziziphus jujuba (Chinese jujube),False,IPR005304,family,,180,45,170,CONTINUOUS
A0ABM4CQM5,Ribosomal RNA small subunit methyltransferase NEP1,229,LOC100209283,6087,Hydra vulgaris,Hydra vulgaris (Hydra),False,IPR005304,family,,229,11,228,CONTINUOUS
A0ABM4F345,Ribosomal RNA small subunit methyltransferase NEP1,229,EMG1,2696672,Apteryx mantelli,Apteryx mantelli (North Island brown kiwi),False,IPR005304,family,,229,18,228,CONTINUOUS
A0ABM4H0T8,Ribosomal RNA small subunit methyltransferase NEP1,244,EMG1,9874,Odocoileus virginianus,Odocoileus virginianus (White-tailed deer),False,IPR005304,family,,244,12,244,CONTINUOUS
A0ABM4H0U2,Ribosomal RNA small subunit methyltransferase NEP1,200,EMG1,9874,Odocoileus virginianus,Odocoileus virginianus (White-tailed deer),False,IPR005304,family,,200,12,194,CONTINUOUS
A0ABM4H0U4,Ribosomal RNA small subunit methyltransferase NEP1,286,EMG1,9874,Odocoileus virginianus,Odocoileus virginianus (White-tailed deer),False,IPR005304,family,,286,12,158,CONTINUOUS
A0ABM4SET8,Ribosomal RNA small subunit methyltransferase NEP1,242,EMG1,9915,Bos indicus,Bos indicus (Zebu),False,IPR005304,family,,242,89,187,CONTINUOUS
A0ABM4UBH1,Ribosomal RNA small subunit methyltransferase NEP1-like,279,LOC113688106,13443,Coffea arabica,Coffea arabica (Arabian coffee),False,IPR005304,family,,279,45,278,CONTINUOUS
A0ABM4UBI1,Ribosomal RNA small subunit methyltransferase NEP1-like,247,LOC113688106,13443,Coffea arabica,Coffea arabica (Arabian coffee),False,IPR005304,family,,247,45,235,CONTINUOUS
A0ABM4UBI6,Ribosomal RNA small subunit methyltransferase nep-1-like,309,LOC113687761,13443,Coffea arabica,Coffea arabica (Arabian coffee),False,IPR005304,family,,309,68,309,CONTINUOUS
A0ABM4UHH3,Ribosomal RNA small subunit methyltransferase nep-1-like,299,LOC113689856,13443,Coffea arabica,Coffea arabica (Arabian coffee),False,IPR005304,family,,299,69,298,CONTINUOUS
A0ABM4UHW9,Ribosomal RNA small subunit methyltransferase NEP1-like,251,LOC140004530,13443,Coffea arabica,Coffea arabica (Arabian coffee),False,IPR005304,family,,251,18,250,CONTINUOUS
A0ABM4X0K9,Uncharacterized protein isoform X1,119,LOC113729688,13443,Coffea arabica,Coffea arabica (Arabian coffee),False,IPR005304,family,,119,38,119,CONTINUOUS
A0ABM4X0M5,Ribosomal RNA small subunit methyltransferase NEP1-like,92,LOC113729688,13443,Coffea arabica,Coffea arabica (Arabian coffee),False,IPR005304,family,,92,1,92,CONTINUOUS
A0ABM8ISU2,Ribosomal RNA small subunit methyltransferase Nep1,237,nep1,54256,Pyrodictium abyssi,Pyrodictium abyssi,False,IPR005304,family,,237,7,227,CONTINUOUS
A0ABM9YIB4,Ribosomal RNA small subunit methyltransferase NEP1,258,BDCG_05866,559297,Ajellomyces dermatitidis (strain ER-3 / ATCC MYA-2586),Ajellomyces dermatitidis (strain ER-3 / ATCC MYA-2586),False,IPR005304,family,,258,35,258,CONTINUOUS
A0ABN6ZSZ8,Ribosomal RNA small subunit methyltransferase Nep1,228,nep1,54256,Pyrodictium abyssi,Pyrodictium abyssi,False,IPR005304,family,,228,3,223,CONTINUOUS
A0ABN7ALV3,Ribosomal RNA small subunit methyltransferase NEP1,236,NTJ_06030,355587,Nesidiocoris tenuis,Nesidiocoris tenuis,False,IPR005304,family,,236,1,235,CONTINUOUS
A0ABN7D727,Uncharacterized protein,302,SI7747_06007692,51605,Spirodela intermedia,Spirodela intermedia (Intermediate duckweed),False,IPR005304,family,,302,48,302,CONTINUOUS
A0ABN7PNB3,Ribosomal RNA small subunit methyltransferase NEP1,236,TPAB3V08_LOCUS15543,61482,Timema podura,Timema podura (Walking stick),False,IPR005304,family,,236,20,236,CONTINUOUS
A0ABN7SAZ7,Ribosomal RNA small subunit methyltransferase NEP1,261,OKIOD_LOCUS6401,34765,Oikopleura dioica,Oikopleura dioica (Tunicate),False,IPR005304,family,,261,16,260,CONTINUOUS
A0ABN7W4H1,26711_t:CDS:1,325,GMARGA_LOCUS26205,4874,Gigaspora margarita,Gigaspora margarita,False,IPR005304,family,,325,81,324,CONTINUOUS
A0ABN8IY15,Ribosomal RNA small subunit methyltransferase NEP1,236,IPOD504_LOCUS14288,110791,Iphiclides podalirius,Iphiclides podalirius (scarce swallowtail),False,IPR005304,family,,236,4,235,CONTINUOUS
A0ABN8RF50,Ribosomal RNA small subunit methyltransferase NEP1,228,PLOB_00020120,104759,Porites lobata,Porites lobata,False,IPR005304,family,,228,11,228,CONTINUOUS
A0ABN8RHT8,Ribosomal RNA small subunit methyltransferase NEP1,228,PEVE_00011963,104178,Porites evermanni,Porites evermanni,False,IPR005304,family,,228,11,228,CONTINUOUS
A0ABN8VJW5,EMG1-like protein,252,U6500L02470,1080349,Saccharomyces eubayanus,Saccharomyces eubayanus (Yeast),False,IPR005304,family,,252,25,252,CONTINUOUS
A0ABN8WL11,Uncharacterized protein,252,SUVZ12G2270,230603,Saccharomyces uvarum,Saccharomyces uvarum (Yeast),False,IPR005304,family,,252,25,252,CONTINUOUS
A0ABN8YX32,EMG1 N1-specific pseudouridine methyltransferase,244,MRATA1EN1_LOCUS15127,3082113,Rangifer tarandus platyrhynchus,Rangifer tarandus platyrhynchus (Svalbard reindeer),False,IPR005304,family,,244,12,244,CONTINUOUS
A0ABN9MEZ7,Ribosomal RNA small subunit methyltransferase NEP1,228,RIMI_LOCUS20164134,111125,Ranitomeya imitator,Ranitomeya imitator (mimic poison frog),False,IPR005304,family,,228,19,227,CONTINUOUS
A0ABN9PAK8,Uncharacterized protein,319,PCOR1329_LOCUS1187,2364126,Prorocentrum cordatum,Prorocentrum cordatum,False,IPR005304,family,,319,161,301,CONTINUOUS
A0ABN9RSZ2,Uncharacterized protein,163,PCOR1329_LOCUS23459,2364126,Prorocentrum cordatum,Prorocentrum cordatum,False,IPR005304,family,,163,4,163,CONTINUOUS
A0ABN9ZZQ5,EMG1 N1-specific pseudouridine methyltransferase,244,MPIPNATIZW_LOCUS12039,59473,Pipistrellus nathusii,Pipistrellus nathusii (Nathusius' pipistrelle),False,IPR005304,family,,244,12,243,CONTINUOUS
A0ABP0AP31,Nucleolar essential protein 1,263,NEP1,1260050,Sporothrix curviconia,Sporothrix curviconia,False,IPR005304,family,,263,29,263,CONTINUOUS
A0ABP0BPK8,Nucleolar essential protein 1,263,NEP1,1812306,Sporothrix eucalyptigena,Sporothrix eucalyptigena,False,IPR005304,family,,263,28,263,CONTINUOUS
A0ABP0D1U6,Nucleolar essential protein 1,253,NEP1,671064,Sporothrix bragantina,Sporothrix bragantina,False,IPR005304,family,,253,24,253,CONTINUOUS
A0ABP0DDB6,Nucleolar essential protein 1,263,NEP1,1892477,Sporothrix epigloea,Sporothrix epigloea,False,IPR005304,family,,263,29,263,CONTINUOUS
A0ABP0DXC5,Nucleolar essential protein 1,253,NEP1,1892477,Sporothrix epigloea,Sporothrix epigloea,False,IPR005304,family,,253,24,253,CONTINUOUS
A0ABP0EBD0,Nucleolar essential protein 1,249,EMG1,148631,[Candida] anglica,[Candida] anglica,False,IPR005304,family,,249,8,248,CONTINUOUS
A0ABP0GU46,Ribosomal RNA small subunit methyltransferase NEP1,241,CVLEPA_LOCUS28384,159417,Clavelina lepadiformis,Clavelina lepadiformis (Light-bulb sea squirt),False,IPR005304,family,,241,30,241,CONTINUOUS
A0ABP0MPD4,Uncharacterized protein,1853,SCF082_LOCUS28981,1381693,Durusdinium trenchii,Durusdinium trenchii,False,IPR005304,family,,1853,1664,1849,CONTINUOUS
A0ABP0PED7,Ribosomal RNA small subunit methyltransferase NEP1,221,CCMP2556_LOCUS36658,1381693,Durusdinium trenchii,Durusdinium trenchii,False,IPR005304,family,,221,2,221,CONTINUOUS
A0ABP0TV52,Ribosomal RNA small subunit methyltransferase NEP1,246,CSSPTR1EN2_LOCUS7752,128251,Sphagnum troendelagicum,Sphagnum troendelagicum,False,IPR005304,family,,246,33,246,CONTINUOUS
A0ABP0UR07,Uncharacterized protein,103,CSSPTR1EN2_LOCUS18931,128251,Sphagnum troendelagicum,Sphagnum troendelagicum,False,IPR005304,family,,103,7,50,CONTINUOUS
A0ABP0UXW5,ATPase AAA-type core domain-containing protein,313,CSSPTR1EN2_LOCUS21386,128251,Sphagnum troendelagicum,Sphagnum troendelagicum,False,IPR005304,family,,313,52,99,CONTINUOUS
A0ABP0VJS2,Ribosomal RNA small subunit methyltransferase NEP1,215,CSSPJE1EN1_LOCUS29128,128206,Sphagnum jensenii,Sphagnum jensenii,False,IPR005304,family,,215,40,90,CONTINUOUS
A0ABP0VJS2,Ribosomal RNA small subunit methyltransferase NEP1,215,CSSPJE1EN1_LOCUS29128,128206,Sphagnum jensenii,Sphagnum jensenii,False,IPR005304,family,,215,92,175,CONTINUOUS
A0ABP0W529,AAA+ ATPase domain-containing protein,301,CSSPJE1EN1_LOCUS6534,128206,Sphagnum jensenii,Sphagnum jensenii,False,IPR005304,family,,301,52,109,CONTINUOUS
A0ABP0W9A5,Uncharacterized protein,248,CSSPJE1EN1_LOCUS7931,128206,Sphagnum jensenii,Sphagnum jensenii,False,IPR005304,family,,248,35,248,CONTINUOUS
A0ABP0WCY4,ATPase AAA-type core domain-containing protein,301,CSSPJE1EN1_LOCUS10158,128206,Sphagnum jensenii,Sphagnum jensenii,False,IPR005304,family,,301,52,110,CONTINUOUS
A0ABP0WSB1,Uncharacterized protein,63,CSSPJE1EN1_LOCUS15211,128206,Sphagnum jensenii,Sphagnum jensenii,False,IPR005304,family,,63,1,63,CONTINUOUS
A0ABP0YQH3,Ribosomal RNA small subunit methyltransferase NEP1,275,CITCOLO1_LOCUS14933,252529,Citrullus colocynthis,Citrullus colocynthis (colocynth),False,IPR005304,family,,275,31,274,CONTINUOUS
A0ABP0YYI3,MULE transposase domain-containing protein,116,CITCOLO1_LOCUS16321,252529,Citrullus colocynthis,Citrullus colocynthis (colocynth),False,IPR005304,family,,116,2,82,CONTINUOUS
A0ABP0ZDM3,Nucleolar essential protein 1,284,LODBEIA_P02130,1775926,Lodderomyces beijingensis,Lodderomyces beijingensis,False,IPR005304,family,,284,31,283,CONTINUOUS
A0ABP0ZXJ7,AAA+ ATPase domain-containing protein,301,CSSPJE1EN2_LOCUS25245,128206,Sphagnum jensenii,Sphagnum jensenii,False,IPR005304,family,,301,52,111,CONTINUOUS
A0ABP1A0R6,Ribosomal RNA small subunit methyltransferase NEP1,248,CSSPJE1EN2_LOCUS25930,128206,Sphagnum jensenii,Sphagnum jensenii,False,IPR005304,family,,248,35,248,CONTINUOUS
A0ABP1AQT4,Ribosomal RNA small subunit methyltransferase NEP1,248,CSSPJE1EN2_LOCUS7915,128206,Sphagnum jensenii,Sphagnum jensenii,False,IPR005304,family,,248,35,248,CONTINUOUS
A0ABP1D1W7,Ribosomal RNA small subunit methyltransferase NEP1,258,GFSPODELE1_LOCUS3804,3059160,Somion occarium,Somion occarium,False,IPR005304,family,,258,24,246,CONTINUOUS
A0ABP1D1X1,Nucleolar essential protein 1,360,GFSPODELE1_LOCUS3804,3059160,Somion occarium,Somion occarium,False,IPR005304,family,,360,107,360,CONTINUOUS
A0ABP1FN89,Ribosomal RNA small subunit methyltransferase NEP1,229,g752,1274662,Coccomyxa viridis,Coccomyxa viridis,False,IPR005304,family,,229,8,229,CONTINUOUS
A0ABP1P477,Ribosomal RNA small subunit methyltransferase NEP1,236,XYLVIOL_LOCUS8051,135666,Xylocopa violacea,Xylocopa violacea (Violet carpenter bee),False,IPR005304,family,,236,4,236,CONTINUOUS
A0ABP1QHR0,Ribosomal RNA small subunit methyltransferase NEP1,240,ODALV1_LOCUS10456,48710,Orchesella dallaii,Orchesella dallaii,False,IPR005304,family,,240,6,239,CONTINUOUS
A0ABP9XRI0,Uncharacterized protein,235,HPULCUR_002790,562976,Helicostylum pulchrum,Helicostylum pulchrum,False,IPR005304,family,,235,14,235,CONTINUOUS
A0ABP9YAH1,Nep1-domain-containing protein,259,MRA1,562976,Helicostylum pulchrum,Helicostylum pulchrum,False,IPR005304,family,,259,18,259,CONTINUOUS
A0ABP9YL01,Uncharacterized protein,395,MFLAVUS_000894,439312,Mucor flavus,Mucor flavus,False,IPR005304,family,,395,15,235,CONTINUOUS
A0ABP9YZC3,Nep1-domain-containing protein,259,MRA1,439312,Mucor flavus,Mucor flavus,False,IPR005304,family,,259,17,259,CONTINUOUS
A0ABQ0CEK9,Nucleolar essential protein 1,262,g326,79588,Epichloe bromicola,Epichloe bromicola,False,IPR005304,family,,262,37,262,CONTINUOUS
A0ABQ0DXU3,Ribosome biogenesis protein NEP1,227,ENUP19_0346G0021,412467,Entamoeba nuttalli,Entamoeba nuttalli,False,IPR005304,family,,227,9,227,CONTINUOUS
A0ABQ0EW45,Ribosomal RNA small subunit methyltransferase NEP1,244,APTSU1_000649900,105296,Apodemus speciosus,Apodemus speciosus (Large Japanese field mouse),False,IPR005304,family,,244,13,244,CONTINUOUS
A0ABQ0GHT5,Ribosomal RNA small subunit methyltransferase NEP1,261,NEP1,1157608,Madurella fahalii,Madurella fahalii,False,IPR005304,family,,261,36,261,CONTINUOUS
A0ABQ0LH38,Nucleolar essential protein 1,375,MCHLO_07671,658473,Mycena chlorophos,Mycena chlorophos (Agaric fungus),False,IPR005304,family,,375,128,375,CONTINUOUS
A0ABQ1APE6,Ribosomal RNA small subunit methyltransferase NEP1,260,IFM60648_07432,293939,Aspergillus lentulus,Aspergillus lentulus,False,IPR005304,family,,260,37,260,CONTINUOUS
A0ABQ4ZJB8,Ribosomal RNA small subunit methyltransferase NEP1,295,Tco_0772462,301880,Tanacetum coccineum,Tanacetum coccineum,False,IPR005304,family,,295,36,295,CONTINUOUS
A0ABQ5DXV5,Ribosomal RNA small subunit methyltransferase NEP1,295,Tco_0951766,301880,Tanacetum coccineum,Tanacetum coccineum,False,IPR005304,family,,295,35,295,CONTINUOUS
A0ABQ5KIH1,"Ribosomal biogenesis, methyltransferase, EMG1/NEP1 like protein",727,ADUPG1_006498,2918883,Aduncisulcus paluster,Aduncisulcus paluster,False,IPR005304,family,,727,29,301,CONTINUOUS
A0ABQ5SQE7,Ribosomal RNA small subunit methyltransferase NEP1,229,VaNZ11_016998,51714,Volvox africanus,Volvox africanus,False,IPR005304,family,,229,14,229,CONTINUOUS
A0ABQ6KAX1,Unnamed protein product,262,Aory05_000036000,332754,Aspergillus oryzae var. brunneus,Aspergillus oryzae var. brunneus,False,IPR005304,family,,262,39,262,CONTINUOUS
A0ABQ6M9R8,Uncharacterized protein,262,TeGR_g10949,2962635,Tetraparma gracilis,Tetraparma gracilis,False,IPR005304,family,,262,21,261,CONTINUOUS
A0ABQ6W6U2,Alpha/beta knot methyltransferase,262,BDV36DRAFT_49675,1825620,Aspergillus pseudocaelatus,Aspergillus pseudocaelatus,False,IPR005304,family,,262,39,262,CONTINUOUS
A0ABQ7AL57,Ribosomal RNA small subunit methyltransferase NEP1,292,DY000_02056456,69181,Brassica cretica,Brassica cretica (Mustard),False,IPR005304,family,,292,48,292,CONTINUOUS
A0ABQ7AWE0,Uncharacterized protein,264,DY000_02061543,69181,Brassica cretica,Brassica cretica (Mustard),False,IPR005304,family,,264,85,214,CONTINUOUS
A0ABQ7G5A1,Ribosomal RNA small subunit methyltransferase NEP1,191,DUNSADRAFT_15481,3046,Dunaliella salina,Dunaliella salina (Green alga),False,IPR005304,family,,191,3,191,CONTINUOUS
A0ABQ7I210,Ribosomal RNA small subunit methyltransferase NEP1,209,NEP1,164912,Astathelohania contejeani,Astathelohania contejeani,False,IPR005304,family,,209,2,208,CONTINUOUS
A0ABQ7J233,Ribosomal RNA small subunit methyltransferase NEP1,260,EAE98_000234,2478750,Botrytis deweyae,Botrytis deweyae,False,IPR005304,family,,260,31,260,CONTINUOUS
A0ABQ7J8J3,Ribosome biogenesis protein nep1,246,IE077_003297,476202,Cardiosporidium cionae,Cardiosporidium cionae,False,IPR005304,family,,246,48,235,CONTINUOUS
A0ABQ7JEF2,Ribosomal RNA small subunit methyltransferase NEP1,221,IE077_003953,476202,Cardiosporidium cionae,Cardiosporidium cionae,False,IPR005304,family,,221,3,220,CONTINUOUS
A0ABQ7JTV8,Nucleolar essential protein 1,239,EMG1,64522,Linnemannia gamsii,Linnemannia gamsii,False,IPR005304,family,,239,12,239,CONTINUOUS
A0ABQ7LIA4,Ribosomal RNA small subunit methyltransferase NEP1,295,A09p062920.1_BraROA,1813537,Brassica rapa subsp. trilocularis,Brassica rapa subsp. trilocularis,False,IPR005304,family,,295,50,295,CONTINUOUS
A0ABQ7QFN7,Ribosomal RNA small subunit methyltransferase NEP1,234,JYU34_010938,51655,Plutella xylostella,Plutella xylostella (Diamondback moth),False,IPR005304,family,,234,6,233,CONTINUOUS
A0ABQ7RNN7,Nucleolar essential protein 1,256,KL946_000504,1937702,Ogataea haglerorum,Ogataea haglerorum,False,IPR005304,family,,256,9,255,CONTINUOUS
A0ABQ7TGP5,Ribosomal RNA small subunit methyltransferase NEP1,185,JD844_009906,52577,Phrynosoma platyrhinos,Phrynosoma platyrhinos (Desert horned lizard),False,IPR005304,family,,185,3,169,CONTINUOUS
A0ABQ7U2I9,Nucleolar essential protein,278,KY290_034128,4113,Solanum tuberosum,Solanum tuberosum (Potato),False,IPR005304,family,,278,39,278,CONTINUOUS
A0ABQ7UIY6,Nucleolar essential protein,174,KY290_028812,4113,Solanum tuberosum,Solanum tuberosum (Potato),False,IPR005304,family,,174,95,174,CONTINUOUS
A0ABQ7YAE2,Ribosomal RNA small subunit methyltransferase NEP1,314,HID58_082417,3708,Brassica napus,Brassica napus (Rape),False,IPR005304,family,,314,49,314,CONTINUOUS
A0ABQ8C5H6,Ribosomal RNA small subunit methyltransferase NEP1,295,HID58_035589,3708,Brassica napus,Brassica napus (Rape),False,IPR005304,family,,295,48,295,CONTINUOUS
A0ABQ8F3A3,Ribosomal RNA small subunit methyltransferase NEP1,234,BASA50_008771,1357716,Batrachochytrium salamandrivorans,Batrachochytrium salamandrivorans,False,IPR005304,family,,234,10,234,CONTINUOUS
A0ABQ8FYU6,Ribosomal biogenesis methyltransferase EMG1/NEP1,252,B0J12DRAFT_581763,35725,Macrophomina phaseolina,Macrophomina phaseolina,False,IPR005304,family,,252,29,252,CONTINUOUS
A0ABQ8HES9,Ribosomal RNA small subunit methyltransferase NEP1,276,JRO89_XS11G0058000,99658,Xanthoceras sorbifolium,Xanthoceras sorbifolium,False,IPR005304,family,,276,10,200,CONTINUOUS
A0ABQ8HZI4,Ribosomal RNA small subunit methyltransferase NEP1,223,JRO89_XS06G0265700,99658,Xanthoceras sorbifolium,Xanthoceras sorbifolium,False,IPR005304,family,,223,10,222,CONTINUOUS
A0ABQ8HZY9,Ribosomal RNA small subunit methyltransferase NEP1,223,JRO89_XS06G0264900,99658,Xanthoceras sorbifolium,Xanthoceras sorbifolium,False,IPR005304,family,,223,10,222,CONTINUOUS
A0ABQ8JW73,Band 7 domain-containing protein,568,DERP_002650,6956,Dermatophagoides pteronyssinus,Dermatophagoides pteronyssinus (European house dust mite),False,IPR005304,family,,568,366,562,CONTINUOUS
A0ABQ8KW25,Nep1-domain-containing protein,370,C8Q71DRAFT_852048,34475,Rhodofomes roseus,Rhodofomes roseus,False,IPR005304,family,,370,116,370,CONTINUOUS
A0ABQ8LXY6,Ribosomal RNA small subunit methyltransferase NEP1,151,H4Q32_017910,84645,Labeo rohita,Labeo rohita (Indian major carp),False,IPR005304,family,,151,1,151,CONTINUOUS
A0ABQ8NSM3,Ribosomal RNA small subunit methyltransferase NEP1,197,EMG1,148305,Pyricularia grisea,Pyricularia grisea (Crabgrass-specific blast fungus),False,IPR005304,family,,197,6,197,CONTINUOUS
A0ABQ8P5H4,Mra1/NEP1 like protein,240,OJ252_2372,195482,Cryptosporidium canis,Cryptosporidium canis,False,IPR005304,family,,240,13,239,CONTINUOUS
A0ABQ8P5T2,Mra1/NEP1 like protein,246,OJ252_2373,195482,Cryptosporidium canis,Cryptosporidium canis,False,IPR005304,family,,246,13,246,CONTINUOUS
A0ABQ8PJF5,Nep1-domain-containing protein,335,NEP1,1424467,Coemansia umbellata,Coemansia umbellata,False,IPR005304,family,,335,92,335,CONTINUOUS
A0ABQ8QHW7,Nep1-domain-containing protein,410,F5050DRAFT_1798664,40481,Lentinula boryana,Lentinula boryana,False,IPR005304,family,,410,157,409,CONTINUOUS
A0ABQ8RDQ0,Ribosomal RNA small subunit methyltransferase NEP1,250,NEP1,61235,Fusarium equiseti,Fusarium equiseti,False,IPR005304,family,,250,28,250,CONTINUOUS
A0ABQ8TK69,Ribosomal RNA small subunit methyltransferase NEP1,236,ANN_12761,6978,Periplaneta americana,Periplaneta americana (American cockroach),False,IPR005304,family,,236,6,235,CONTINUOUS
A0ABQ8UUT8,Ribosomal RNA small subunit methyltransferase NEP1,228,PAPYR_2364,342808,Paratrimastix pyriformis,Paratrimastix pyriformis,False,IPR005304,family,,228,15,227,CONTINUOUS
A0ABQ8VZA1,Nep1-domain-containing protein,410,C8R41DRAFT_10462,40482,Lentinula lateritia,Lentinula lateritia,False,IPR005304,family,,410,178,409,CONTINUOUS
A0ABQ8ZR99,Ribosomal RNA small subunit methyltransferase NEP1,212,OIU77_018107,1278906,Salix suchowensis,Salix suchowensis,False,IPR005304,family,,212,17,212,CONTINUOUS
A0ABQ8ZRB6,Ribosomal RNA small subunit methyltransferase NEP1,229,OIU77_017998,1278906,Salix suchowensis,Salix suchowensis,False,IPR005304,family,,229,14,229,CONTINUOUS
A0ABQ9D294,NEP1 methyltransferase,213,Emg1,1566151,Willisornis vidua,Willisornis vidua (Xingu scale-backed antbird),False,IPR005304,family,,213,7,212,CONTINUOUS
A0ABQ9F8Q5,Ribosomal RNA small subunit methyltransferase NEP1,178,KUTeg_009386,220873,Tegillarca granosa,Tegillarca granosa (Malaysian cockle),False,IPR005304,family,,178,26,177,CONTINUOUS
A0ABQ9GB08,Ribosomal RNA small subunit methyltransferase NEP1,236,PR048_028593,614101,Dryococelus australis,Dryococelus australis,False,IPR005304,family,,236,1,236,CONTINUOUS
A0ABQ9K501,Ribosomal RNA small subunit methyltransferase NEP1,237,NQ317_014338,1323400,Molorchus minor,Molorchus minor,False,IPR005304,family,,237,1,237,CONTINUOUS
A0ABQ9K712,Nucleolar essential protein 1,132,P3X46_034982,3981,Hevea brasiliensis,Hevea brasiliensis (Para rubber tree),False,IPR005304,family,,132,45,130,CONTINUOUS
A0ABQ9K9Y1,Ribosomal RNA small subunit methyltransferase NEP1,109,P3X46_034983,3981,Hevea brasiliensis,Hevea brasiliensis (Para rubber tree),False,IPR005304,family,,109,1,109,CONTINUOUS
A0ABQ9KA04,Ribosomal RNA small subunit methyltransferase NEP1,209,P3X46_034981,3981,Hevea brasiliensis,Hevea brasiliensis (Para rubber tree),False,IPR005304,family,,209,11,197,CONTINUOUS
A0ABQ9NAJ0,Ribosomal RNA small subunit methyltransferase NEP1,287,P3X46_000813,3981,Hevea brasiliensis,Hevea brasiliensis (Para rubber tree),False,IPR005304,family,,287,48,287,CONTINUOUS
A0ABQ9NAK2,Ribosomal RNA small subunit methyltransferase NEP1,287,P3X46_000810,3981,Hevea brasiliensis,Hevea brasiliensis (Para rubber tree),False,IPR005304,family,,287,48,287,CONTINUOUS
A0ABQ9NAK9,Ribosomal RNA small subunit methyltransferase NEP1,273,P3X46_000807,3981,Hevea brasiliensis,Hevea brasiliensis (Para rubber tree),False,IPR005304,family,,273,48,261,CONTINUOUS
A0ABQ9NAU3,Ribosomal RNA small subunit methyltransferase NEP1,290,P3X46_000808,3981,Hevea brasiliensis,Hevea brasiliensis (Para rubber tree),False,IPR005304,family,,290,46,290,CONTINUOUS
A0ABQ9NC51,Ribosomal RNA small subunit methyltransferase NEP1,287,P3X46_000807,3981,Hevea brasiliensis,Hevea brasiliensis (Para rubber tree),False,IPR005304,family,,287,48,287,CONTINUOUS
A0ABQ9NCJ3,Ribosomal RNA small subunit methyltransferase NEP1,273,P3X46_000811,3981,Hevea brasiliensis,Hevea brasiliensis (Para rubber tree),False,IPR005304,family,,273,46,261,CONTINUOUS
A0ABQ9ND54,Ribosomal RNA small subunit methyltransferase NEP1,276,P3X46_000812,3981,Hevea brasiliensis,Hevea brasiliensis (Para rubber tree),False,IPR005304,family,,276,48,263,CONTINUOUS
A0ABQ9NDN7,Ribosomal RNA small subunit methyltransferase NEP1,287,P3X46_000814,3981,Hevea brasiliensis,Hevea brasiliensis (Para rubber tree),False,IPR005304,family,,287,48,287,CONTINUOUS
A0ABQ9NFL4,Ribosomal RNA small subunit methyltransferase NEP1,287,P3X46_000815,3981,Hevea brasiliensis,Hevea brasiliensis (Para rubber tree),False,IPR005304,family,,287,46,287,CONTINUOUS
A0ABQ9P2B4,Ribosomal RNA small subunit methyltransferase NEP1,258,NEP1,61459,Coniosporium apollinis,Coniosporium apollinis,False,IPR005304,family,,258,34,258,CONTINUOUS
A0ABQ9PI32,Essential for mitotic growth 1,261,CLIM01_10949,1209924,Colletotrichum limetticola,Colletotrichum limetticola,False,IPR005304,family,,261,36,260,CONTINUOUS
A0ABQ9QK16,Essential for mitotic growth 1,261,CTAM01_15893,1209934,Colletotrichum tamarilloi,Colletotrichum tamarilloi,False,IPR005304,family,,261,36,260,CONTINUOUS
A0ABQ9RXB2,Essential for mitotic growth 1,261,CPAR01_16103,1914294,Colletotrichum paranaense,Colletotrichum paranaense,False,IPR005304,family,,261,36,260,CONTINUOUS
A0ABQ9UWD5,Ribosomal RNA small subunit methyltransferase NEP1,194,EMG1_2,9490,Saguinus oedipus,Saguinus oedipus (Cotton-top tamarin),False,IPR005304,family,,194,12,188,CONTINUOUS
A0ABQ9UWP6,Ribosomal RNA small subunit methyltransferase NEP1,244,EMG1_1,9490,Saguinus oedipus,Saguinus oedipus (Cotton-top tamarin),False,IPR005304,family,,244,12,244,CONTINUOUS
A0ABQ9XJ04,Ribosomal RNA small subunit methyltransferase NEP1,219,BLNAU_13582,2049346,Blattamonas nauphoetae,Blattamonas nauphoetae,False,IPR005304,family,,219,11,218,CONTINUOUS
A0ABR0E733,Nucleolar essential protein 1,293,PRZ48_011625,395010,Zasmidium cellare,Zasmidium cellare (Wine cellar mold),False,IPR005304,family,,293,66,293,CONTINUOUS
A0ABR0FG42,Nucleolar essential protein 1,261,NEP1,2093777,Podospora bellae-mahoneyi,Podospora bellae-mahoneyi,False,IPR005304,family,,261,36,261,CONTINUOUS
A0ABR0GBP9,Ribosomal RNA small subunit methyltransferase NEP1,369,NEP1,2093779,Podospora pseudocomata,Podospora pseudocomata,False,IPR005304,family,,369,144,369,CONTINUOUS
A0ABR0H999,Nucleolar essential protein 1,369,NEP1,2093780,Podospora pseudopauciseta,Podospora pseudopauciseta,False,IPR005304,family,,369,144,369,CONTINUOUS
A0ABR0I6N9,Nucleolar essential protein 1,366,NEP1,2609844,Podospora pseudoanserina,Podospora pseudoanserina,False,IPR005304,family,,366,141,366,CONTINUOUS
A0ABR0J931,Ribosomal RNA small subunit methyltransferase NEP1,255,NEP1,1016849,Exophiala sideris,Exophiala sideris,False,IPR005304,family,,255,30,255,CONTINUOUS
A0ABR0K7Z1,Ribosomal RNA small subunit methyltransferase NEP1,259,NEP1,1690604,Lithohypha guttulata,Lithohypha guttulata,False,IPR005304,family,,259,29,259,CONTINUOUS
A0ABR0L8T1,Ribosomal RNA small subunit methyltransferase NEP1,293,NEP1,1507873,Rachicladosporium monterosium,Rachicladosporium monterosium,False,IPR005304,family,,293,63,293,CONTINUOUS
A0ABR0LVZ6,Ribosomal RNA small subunit methyltransferase NEP1,158,NEP1,329879,Cryomyces antarcticus,Cryomyces antarcticus,False,IPR005304,family,,158,1,158,CONTINUOUS
A0ABR0MN44,Ribosomal RNA small subunit methyltransferase NEP1-like,294,PVK06_043292,29729,Gossypium arboreum,Gossypium arboreum (Tree cotton),False,IPR005304,family,,294,70,281,CONTINUOUS
A0ABR0MQE0,Ribosomal RNA small subunit methyltransferase NEP1,289,PVK06_044155,29729,Gossypium arboreum,Gossypium arboreum (Tree cotton),False,IPR005304,family,,289,27,289,CONTINUOUS
A0ABR0RKQ0,Ribosomal RNA small subunit methyltransferase NEP1,259,NEP1,1635080,Knufia obscura,Knufia obscura,False,IPR005304,family,,259,18,259,CONTINUOUS
A0ABR0SUG6,Ribosomal RNA small subunit methyltransferase NEP1,271,PT974_04221,491253,Cladobotryum mycophilum,Cladobotryum mycophilum,False,IPR005304,family,,271,46,271,CONTINUOUS
A0ABR0TNA5,Nep1-domain-containing protein,333,QM012_007289,5580,Aureobasidium pullulans,Aureobasidium pullulans (Black yeast),False,IPR005304,family,,333,111,333,CONTINUOUS
A0ABR0UED5,Uncharacterized protein,307,DH2020_045426,99300,Rehmannia glutinosa,Rehmannia glutinosa (Chinese foxglove),False,IPR005304,family,,307,23,259,CONTINUOUS
A0ABR0UX17,Ribosomal RNA small subunit methyltransferase NEP1,268,DH2020_038980,99300,Rehmannia glutinosa,Rehmannia glutinosa (Chinese foxglove),False,IPR005304,family,,268,35,262,CONTINUOUS
A0ABR0UY93,Ribosomal RNA small subunit methyltransferase NEP1,282,DH2020_039015,99300,Rehmannia glutinosa,Rehmannia glutinosa (Chinese foxglove),False,IPR005304,family,,282,38,282,CONTINUOUS
A0ABR0UZ08,Uncharacterized protein,230,DH2020_038978,99300,Rehmannia glutinosa,Rehmannia glutinosa (Chinese foxglove),False,IPR005304,family,,230,79,123,CONTINUOUS
A0ABR0UZ08,Uncharacterized protein,230,DH2020_038978,99300,Rehmannia glutinosa,Rehmannia glutinosa (Chinese foxglove),False,IPR005304,family,,230,161,230,CONTINUOUS
A0ABR0WWH8,Ribosomal RNA small subunit methyltransferase NEP1,302,DH2020_013966,99300,Rehmannia glutinosa,Rehmannia glutinosa (Chinese foxglove),False,IPR005304,family,,302,35,262,CONTINUOUS
A0ABR0YXN9,EMG1 N1-specific pseudouridine methyltransferase,240,HHUSO_G22269,61971,Huso huso,Huso huso (Beluga),False,IPR005304,family,,240,13,240,CONTINUOUS
A0ABR1CZ62,Nep1 ribosome biogenesis protein,275,Necator_chrIII.g11459,51031,Necator americanus,Necator americanus (Human hookworm),False,IPR005304,family,,275,55,275,CONTINUOUS
A0ABR1CZW9,Nep1 ribosome biogenesis protein,256,Necator_chrIII.g11459,51031,Necator americanus,Necator americanus (Human hookworm),False,IPR005304,family,,256,36,256,CONTINUOUS
A0ABR1F3H4,Nucleolar essential protein 1,112,BZA70DRAFT_283108,54550,Myxozyma melibiosi,Myxozyma melibiosi,False,IPR005304,family,,112,1,112,CONTINUOUS
A0ABR1FLR1,Ribosomal RNA small subunit methyltransferase NEP1,224,EMG1,44056,Aureococcus anophagefferens,Aureococcus anophagefferens (Harmful bloom alga),False,IPR005304,family,,224,17,220,CONTINUOUS
A0ABR1GZ56,Ribosomal RNA small subunit methyltransferase NEP1,284,NEP1,979145,Neonectria punicea,Neonectria punicea,False,IPR005304,family,,284,57,284,CONTINUOUS
A0ABR1I758,Ribosomal RNA small subunit methyltransferase NEP1,266,NEP1,2732573,Neonectria magnoliae,Neonectria magnoliae,False,IPR005304,family,,266,41,266,CONTINUOUS
A0ABR1K2T1,Nucleolar essential protein 1,423,NEP1,2682957,Marasmiellus scandens,Marasmiellus scandens,False,IPR005304,family,,423,184,422,CONTINUOUS
A0ABR1KSI7,Ribosomal RNA small subunit methyltransferase NEP1,254,IWZ03DRAFT_392945,595635,Phyllosticta citriasiana,Phyllosticta citriasiana,False,IPR005304,family,,254,32,254,CONTINUOUS
A0ABR1LZF8,Nucleolar essential protein 1,253,J3D65DRAFT_644540,989973,Phyllosticta citribraziliensis,Phyllosticta citribraziliensis,False,IPR005304,family,,253,29,253,CONTINUOUS
A0ABR1M755,Nucleolar essential protein 1,254,IWX46DRAFT_620837,55181,Phyllosticta citricarpa,Phyllosticta citricarpa,False,IPR005304,family,,254,32,254,CONTINUOUS
A0ABR1N6S7,Ribosomal RNA small subunit methyltransferase NEP1,265,JOL62DRAFT_592682,2016321,Phyllosticta paracitricarpa,Phyllosticta paracitricarpa,False,IPR005304,family,,265,41,265,CONTINUOUS
A0ABR1P6M8,Nucleolar essential protein 1,250,NEP1,83184,Diaporthe eres,Diaporthe eres,False,IPR005304,family,,250,25,250,CONTINUOUS
A0ABR1PZN5,Nucleolar essential protein 1,254,PG986_012330,335848,Apiospora aurea,Apiospora aurea,False,IPR005304,family,,254,29,254,CONTINUOUS
A0ABR1RTN0,Nucleolar essential protein 1,253,PG991_007432,335849,Apiospora marii,Apiospora marii,False,IPR005304,family,,253,29,253,CONTINUOUS
A0ABR1TE40,Nucleolar essential protein 1,259,PG993_004917,990691,Apiospora rasikravindrae,Apiospora rasikravindrae,False,IPR005304,family,,259,33,259,CONTINUOUS
A0ABR1U3P3,Nucleolar essential protein 1,253,PG996_012754,335842,Apiospora saccharicola,Apiospora saccharicola,False,IPR005304,family,,253,29,253,CONTINUOUS
A0ABR1VDJ8,Nucleolar essential protein 1,254,PG994_005914,2905665,Apiospora phragmitis,Apiospora phragmitis,False,IPR005304,family,,254,29,254,CONTINUOUS
A0ABR1WRD0,Nucleolar essential protein 1,254,PG997_005859,1337664,Apiospora hydei,Apiospora hydei,False,IPR005304,family,,254,29,254,CONTINUOUS
A0ABR1XRZ8,Ribosomal RNA small subunit methyltransferase NEP1,251,IWX90DRAFT_386929,1130410,Phyllosticta citrichinensis,Phyllosticta citrichinensis,False,IPR005304,family,,251,29,251,CONTINUOUS
A0ABR1YDW4,Ribosomal RNA small subunit methyltransferase NEP1,251,HDK90DRAFT_73874,121624,Phyllosticta capitalensis,Phyllosticta capitalensis,False,IPR005304,family,,251,29,251,CONTINUOUS
A0ABR2BRC3,L-gulonolactone oxidase,1403,V6N12_001785,183260,Hibiscus sabdariffa,Hibiscus sabdariffa (roselle),False,IPR005304,family,,1403,1198,1396,CONTINUOUS
A0ABR2JMP2,Nucleolar essential protein 1,259,PGQ11_001125,335852,Apiospora arundinis,Apiospora arundinis,False,IPR005304,family,,259,33,259,CONTINUOUS
A0ABR2K3H7,Uncharacterized protein,220,M9Y10_041120,1915356,Tritrichomonas musculus,Tritrichomonas musculus,False,IPR005304,family,,220,17,216,CONTINUOUS
A0ABR2LG77,Ribosomal RNA small subunit methyltransferase NEP1,276,KSP40_PGU009204,2320717,Platanthera guangdongensis,Platanthera guangdongensis,False,IPR005304,family,,276,27,276,CONTINUOUS
A0ABR2MHY1,Uncharacterized protein,317,KSP40_PGU004858,2320717,Platanthera guangdongensis,Platanthera guangdongensis,False,IPR005304,family,,317,157,289,CONTINUOUS
A0ABR2NFV1,Uncharacterized protein,1403,V6N11_058109,183260,Hibiscus sabdariffa,Hibiscus sabdariffa (roselle),False,IPR005304,family,,1403,1198,1396,CONTINUOUS
A0ABR2NWZ3,Ribosomal RNA small subunit methyltransferase NEP1,288,V6N11_072996,183260,Hibiscus sabdariffa,Hibiscus sabdariffa (roselle),False,IPR005304,family,,288,36,288,CONTINUOUS
A0ABR2P8M8,Ribosomal RNA small subunit methyltransferase NEP1,289,V6N11_020108,183260,Hibiscus sabdariffa,Hibiscus sabdariffa (roselle),False,IPR005304,family,,289,34,289,CONTINUOUS
A0ABR2QYK2,Ribosomal RNA small subunit methyltransferase NEP1,269,V6N11_043192,183260,Hibiscus sabdariffa,Hibiscus sabdariffa (roselle),False,IPR005304,family,,269,25,269,CONTINUOUS
A0ABR2RLL8,L-gulonolactone oxidase,900,V6N11_041700,183260,Hibiscus sabdariffa,Hibiscus sabdariffa (roselle),False,IPR005304,family,,900,645,843,CONTINUOUS
A0ABR2SMQ2,Uncharacterized protein,291,V6N11_039373,183260,Hibiscus sabdariffa,Hibiscus sabdariffa (roselle),False,IPR005304,family,,291,50,291,CONTINUOUS
A0ABR2VEP7,Nucleolar essential protein 1,301,SUNI508_13305,138068,Seiridium unicorne,Seiridium unicorne,False,IPR005304,family,,301,74,301,CONTINUOUS
A0ABR2W226,Nep1-domain-containing protein,242,NEP1,34480,Basidiobolus ranarum,Basidiobolus ranarum,False,IPR005304,family,,242,9,242,CONTINUOUS
A0ABR2XG16,Ribosomal RNA small subunit methyltransferase NEP1,301,SCAR479_10614,138064,Seiridium cardinale,Seiridium cardinale,False,IPR005304,family,,301,76,301,CONTINUOUS
A0ABR2YRD3,Nep1-domain-containing protein,229,WJX75_005266,248742,Coccomyxa subellipsoidea,Coccomyxa subellipsoidea,False,IPR005304,family,,229,8,229,CONTINUOUS
A0ABR2ZY50,Nucleolar essential protein 1,412,NEP1,585030,Marasmius tenuissimus,Marasmius tenuissimus,False,IPR005304,family,,412,175,412,CONTINUOUS
A0ABR3AVZ7,Nep1-domain-containing protein,264,J3Q64DRAFT_1753087,4837,Phycomyces blakesleeanus,Phycomyces blakesleeanus,False,IPR005304,family,,264,16,264,CONTINUOUS
A0ABR3B158,Nep1-domain-containing protein,228,J3Q64DRAFT_1638728,4837,Phycomyces blakesleeanus,Phycomyces blakesleeanus,False,IPR005304,family,,228,14,227,CONTINUOUS
A0ABR3BMA5,Nucleolar essential protein 1,330,I308_105550,1296105,Cryptococcus tetragattii IND107,Cryptococcus tetragattii IND107,False,IPR005304,family,,330,80,330,CONTINUOUS
A0ABR3CHA7,Ribosomal RNA small subunit methyltransferase NEP1,292,NEP1,420778,Diplodia seriata,Diplodia seriata,False,IPR005304,family,,292,21,292,CONTINUOUS
A0ABR3D5Z8,Nucleolar essential protein 1,265,QR685DRAFT_573881,5142,Neurospora intermedia,Neurospora intermedia,False,IPR005304,family,,265,40,265,CONTINUOUS
A0ABR3FTY8,Nep1-domain-containing protein,425,NEP1,585013,Marasmius crinis-equi,Marasmius crinis-equi,False,IPR005304,family,,425,161,425,CONTINUOUS
A0ABR3GWH4,Cytosolic Fe-S cluster assembly factor CFD1,500,CFD1,1032678,Discina gigas,Discina gigas,False,IPR005304,family,,500,41,226,CONTINUOUS
A0ABR3J3Y0,Nucleolar essential protein 1,341,HGRIS_009874,104357,Hohenbuehelia grisea,Hohenbuehelia grisea,False,IPR005304,family,,341,126,327,CONTINUOUS
A0ABR3K4V9,Ribosomal RNA small subunit,218,TSPI_03852,6334,Trichinella spiralis,Trichinella spiralis (Trichina worm),False,IPR005304,family,,218,7,217,CONTINUOUS
A0ABR3M2U5,Ribosomal RNA small subunit methyltransferase NEP1,256,QQF64_009732,172907,Cirrhinus molitorella,Cirrhinus molitorella (mud carp),False,IPR005304,family,,256,11,236,CONTINUOUS
A0ABR3PAS6,Nucleolar essential protein 1,289,AAFC00_006668,2781224,Neodothiora populina,Neodothiora populina,False,IPR005304,family,,289,44,289,CONTINUOUS
A0ABR3PY25,Ribosomal RNA small subunit methyltransferase NEP1,345,NEP1,181172,Vanrija albida,Vanrija albida,False,IPR005304,family,,345,110,345,CONTINUOUS
A0ABR3QVD1,Nucleolar essential protein 1,274,NEP1,749835,Nothophoma quercina,Nothophoma quercina,False,IPR005304,family,,274,22,273,CONTINUOUS
A0ABR3REH2,Ribosomal RNA small subunit methyltransferase NEP1,277,NEP1,300254,Paraconiothyrium brasiliense,Paraconiothyrium brasiliense,False,IPR005304,family,,277,48,277,CONTINUOUS
A0ABR3SAM9,Nucleolar essential protein 1,252,NEP1,45134,Neofusicoccum ribis,Neofusicoccum ribis,False,IPR005304,family,,252,29,252,CONTINUOUS
A0ABR3TS83,Nucleolar essential protein 1,292,NEP1,856260,Diplodia intermedia,Diplodia intermedia,False,IPR005304,family,,292,21,292,CONTINUOUS
A0ABR3UUK4,Ribosomal RNA small subunit methyltransferase NEP1,277,ACET3X_000505,48095,Alternaria dauci,Alternaria dauci,False,IPR005304,family,,277,29,276,CONTINUOUS
A0ABR3VGV8,Nucleolar essential protein 1,261,VTJ49DRAFT_7540,85995,Humicola insolens,Humicola insolens (Soft-rot fungus),False,IPR005304,family,,261,36,261,CONTINUOUS
A0ABR3VVZ5,Nucleolar essential protein 1,250,NEP1,127596,Diaporthe australafricana,Diaporthe australafricana,False,IPR005304,family,,250,25,250,CONTINUOUS
A0ABR3X2V5,Ribosomal RNA small subunit methyltransferase NEP1,260,NEP1,3004212,Paecilomyces lecythidis,Paecilomyces lecythidis,False,IPR005304,family,,260,37,260,CONTINUOUS
A0ABR3XZC5,Ribosomal RNA small subunit methyltransferase NEP1,260,VTK73DRAFT_4385,223376,Phialemonium thermophilum,Phialemonium thermophilum,False,IPR005304,family,,260,35,260,CONTINUOUS
A0ABR3ZEY4,Nucleolar essential protein 1,253,NEP1,5173,Sporothrix stenoceras,Sporothrix stenoceras,False,IPR005304,family,,253,24,253,CONTINUOUS
A0ABR3ZI66,Ribosomal RNA small subunit methyltransferase NEP1,261,NEP1,259994,Ceratocystis pirilliformis,Ceratocystis pirilliformis,False,IPR005304,family,,261,14,261,CONTINUOUS
A0ABR4ALL5,Ribosomal RNA small subunit methyltransferase NEP1,257,N7G274_002172,373712,Stereocaulon virgatum,Stereocaulon virgatum,False,IPR005304,family,,257,29,257,CONTINUOUS
A0ABR4BLA6,Ribosomal RNA small subunit methyltransferase NEP1,257,ABVK25_001216,1340010,Lepraria finkii,Lepraria finkii,False,IPR005304,family,,257,34,257,CONTINUOUS
A0ABR4C2U7,Ribosomal RNA small subunit methyltransferase NEP1,249,VTL71DRAFT_4351,86028,Oculimacula yallundae,Oculimacula yallundae,False,IPR005304,family,,249,25,249,CONTINUOUS
A0ABR4DCU3,Ribosomal RNA small subunit methyltransferase NEP1,261,VTJ83DRAFT_3009,72144,Remersonia thermophila,Remersonia thermophila,False,IPR005304,family,,261,36,261,CONTINUOUS
A0ABR4DX60,Nucleolar essential protein 1,262,FJTKL_03233,105482,Diaporthe vaccinii,Diaporthe vaccinii,False,IPR005304,family,,262,37,262,CONTINUOUS
A0ABR4G2X5,RNA processing protein Emg1,260,BJX66DRAFT_326111,714993,Aspergillus keveii,Aspergillus keveii,False,IPR005304,family,,260,37,260,CONTINUOUS
A0ABR4HFY8,Protein required for 18S rRNA maturation and 40S ribosome biogenesis,260,BDW59DRAFT_154388,176166,Aspergillus cavernicola,Aspergillus cavernicola,False,IPR005304,family,,260,35,260,CONTINUOUS
A0ABR4HN95,Ribosomal RNA small subunit methyltransferase NEP1,260,BJX63DRAFT_132131,176169,Aspergillus granulosus,Aspergillus granulosus,False,IPR005304,family,,260,34,260,CONTINUOUS
A0ABR4KNK7,Alpha/beta knot methyltransferase,255,BJY01DRAFT_48601,1810923,Aspergillus pseudoustus,Aspergillus pseudoustus,False,IPR005304,family,,255,32,255,CONTINUOUS
A0ABR4L6P6,Alpha/beta knot methyltransferase,260,BJX68DRAFT_79153,176178,Aspergillus pseudodeflectus,Aspergillus pseudodeflectus,False,IPR005304,family,,260,37,260,CONTINUOUS
A0ABR4LRF4,Nucleolar essential protein 1,255,BJX67DRAFT_382373,176173,Aspergillus lucknowensis,Aspergillus lucknowensis,False,IPR005304,family,,255,32,255,CONTINUOUS
A0ABR4ML95,Ribosomal RNA small subunit methyltransferase NEP1,261,HOO65_030559,2019550,Ceratocystis lukuohia,Ceratocystis lukuohia,False,IPR005304,family,,261,16,261,CONTINUOUS
A0ABR4NEB9,Ribosomal RNA small subunit methyltransferase NEP1,234,NEP1,2732419,Polyrhizophydium stewartii,Polyrhizophydium stewartii,False,IPR005304,family,,234,8,234,CONTINUOUS
A0ABR4NT38,Uncharacterized protein,56,RNJ44_00124,273131,Nakaseomyces bracarensis,Nakaseomyces bracarensis,False,IPR005304,family,,56,3,56,CONTINUOUS
A0ABR4NYL8,Uncharacterized protein,229,RNJ44_03038,273131,Nakaseomyces bracarensis,Nakaseomyces bracarensis,False,IPR005304,family,,229,13,229,CONTINUOUS
A0ABR4P8P7,Ribosomal RNA small subunit methyltransferase NEP1,252,PVAG01_08176,108571,Phlyctema vagabunda,Phlyctema vagabunda,False,IPR005304,family,,252,28,252,CONTINUOUS
A0ABR4QAF9,TRPM SLOG domain-containing protein,2690,TcWFU_001820,6207,Taenia crassiceps,Taenia crassiceps,False,IPR005304,family,,2690,15,211,CONTINUOUS
A0ABR5BA48,Nucleolar essential protein 1,330,I314_03758,1296111,Cryptococcus bacillisporus CA1873,Cryptococcus bacillisporus CA1873,False,IPR005304,family,,330,80,330,CONTINUOUS
A0ABR5BLI6,Nucleolar essential protein 1,330,I306_06743,1296103,Cryptococcus gattii EJB2,Cryptococcus gattii EJB2,False,IPR005304,family,,330,80,330,CONTINUOUS
A0ABS2YQA3,Ribosomal RNA small subunit methyltransferase NEP1,240,Emg1,7913,Polyodon spathula,Polyodon spathula (North American paddlefish),False,IPR005304,family,,240,13,239,CONTINUOUS
A0ABS8UIT6,Ribosomal RNA small subunit methyltransferase NEP1,228,HAX54_016424,4076,Datura stramonium,Datura stramonium (Jimsonweed),False,IPR005304,family,,228,70,228,CONTINUOUS
A0ABS8WMX3,Uncharacterized protein,157,HAX54_048279,4076,Datura stramonium,Datura stramonium (Jimsonweed),False,IPR005304,family,,157,2,31,CONTINUOUS
A0ABS8WMX3,Uncharacterized protein,157,HAX54_048279,4076,Datura stramonium,Datura stramonium (Jimsonweed),False,IPR005304,family,,157,85,157,CONTINUOUS
A0ABS8WR47,Ribosomal RNA small subunit methyltransferase NEP1,279,HAX54_052153,4076,Datura stramonium,Datura stramonium (Jimsonweed),False,IPR005304,family,,279,43,279,CONTINUOUS
A0ABS8WT12,Uncharacterized protein,203,HAX54_004734,4076,Datura stramonium,Datura stramonium (Jimsonweed),False,IPR005304,family,,203,120,202,CONTINUOUS
A0ABU6QHZ8,Ribosomal RNA small subunit methyltransferase NEP1,277,PIB30_046379,79078,Stylosanthes scabra,Stylosanthes scabra,False,IPR005304,family,,277,41,277,CONTINUOUS
A0ABU6T806,Ribosomal RNA small subunit methyltransferase NEP1,250,PIB30_019264,79078,Stylosanthes scabra,Stylosanthes scabra,False,IPR005304,family,,250,36,249,CONTINUOUS
A0ABU6TK52,Uncharacterized protein,200,PIB30_059961,79078,Stylosanthes scabra,Stylosanthes scabra,False,IPR005304,family,,200,18,197,CONTINUOUS
A0ABU6V5J6,Ribosomal RNA small subunit methyltransferase nep-1,296,PIB30_013648,79078,Stylosanthes scabra,Stylosanthes scabra,False,IPR005304,family,,296,85,293,CONTINUOUS
A0ABU6VL11,Ribosomal RNA small subunit methyltransferase NEP1,276,PIB30_065308,79078,Stylosanthes scabra,Stylosanthes scabra,False,IPR005304,family,,276,39,276,CONTINUOUS
A0ABU6WL79,18S rRNA pseudouridine methyltransferase,225,EMG1,79078,Stylosanthes scabra,Stylosanthes scabra,False,IPR005304,family,,225,67,225,CONTINUOUS
A0ABU6WNG7,Ribosomal RNA small subunit methyltransferase nep-1,256,PIB30_070764,79078,Stylosanthes scabra,Stylosanthes scabra,False,IPR005304,family,,256,83,247,CONTINUOUS
A0ABU6WPA1,Ribosomal RNA small subunit methyltransferase nep-1,234,PIB30_070764,79078,Stylosanthes scabra,Stylosanthes scabra,False,IPR005304,family,,234,25,231,CONTINUOUS
A0ABU6WPM0,Ribosomal RNA small subunit methyltransferase nep-1,295,PIB30_070764,79078,Stylosanthes scabra,Stylosanthes scabra,False,IPR005304,family,,295,86,292,CONTINUOUS
A0ABU6ZKC9,Ribosomal RNA small subunit methyltransferase nep-1,292,PIB30_064103,79078,Stylosanthes scabra,Stylosanthes scabra,False,IPR005304,family,,292,82,289,CONTINUOUS
A0ABU6ZMU8,Ribosomal RNA small subunit methyltransferase NEP1,257,PIB30_072255,79078,Stylosanthes scabra,Stylosanthes scabra,False,IPR005304,family,,257,39,256,CONTINUOUS
A0ABU7AL44,Ribosomal RNA small subunit methyltransferase NEP1,236,EMG1,208326,Ataeniobius toweri,Ataeniobius toweri,False,IPR005304,family,,236,7,236,CONTINUOUS
A0ABU7EA11,Ribosomal RNA small subunit methyltransferase NEP1,236,EMG1,208331,Characodon lateralis,Characodon lateralis,False,IPR005304,family,,236,7,236,CONTINUOUS
A0ABV0SK89,Ribosomal RNA small subunit methyltransferase NEP1,236,EMG1,33524,Ilyodon furcidens,Ilyodon furcidens (goldbreast splitfin),False,IPR005304,family,,236,7,236,CONTINUOUS
A0ABV0VVN5,Ribosomal RNA small subunit methyltransferase NEP1,187,EMG1,208358,Xenotaenia resolanae,Xenotaenia resolanae,False,IPR005304,family,,187,1,187,CONTINUOUS
A0ABV0YZF9,rRNA small subunit pseudouridine methyltransferase Nep1,236,EMG1,208324,Ameca splendens,Ameca splendens,False,IPR005304,family,,236,7,236,CONTINUOUS
A0ABV2AGL4,Ribosomal RNA small subunit methyltransferase NEP1,223,EMG1,126728,Bonamia ostreae,Bonamia ostreae,False,IPR005304,family,,223,11,222,CONTINUOUS
A0ABX6EQM5,Ribosomal RNA small subunit methyltransferase NEP1,252,EMG1,4911,Kluyveromyces marxianus,Kluyveromyces marxianus (Yeast),False,IPR005304,family,,252,25,252,CONTINUOUS
A0ABX8I919,Cyclin-like domain-containing protein,658,CA3LBN_003508,45357,Candidozyma haemuli,Candidozyma haemuli,False,IPR005304,family,,658,24,263,CONTINUOUS
A0ABY0HA87,Ribosomal RNA small subunit methyltransferase NEP1,258,DL762_004626,155416,Monosporascus cannonballus,Monosporascus cannonballus,False,IPR005304,family,,258,32,258,CONTINUOUS
A0ABY1UL99,Ribosomal RNA small subunit methyltransferase NEP1,254,PGABG01_0821500,647221,Plasmodium gaboni,Plasmodium gaboni,False,IPR005304,family,,254,9,253,CONTINUOUS
A0ABY1UQF5,Small subunit rRNA processing factor,447,PGABG01_1224300,647221,Plasmodium gaboni,Plasmodium gaboni,False,IPR005304,family,,447,174,446,CONTINUOUS
A0ABY2H736,Nucleolar essential protein 1,262,CCMA1212_004935,65468,Trichoderma ghanense,Trichoderma ghanense,False,IPR005304,family,,262,35,262,CONTINUOUS
A0ABY6HN67,Ribosomal RNA small subunit methyltransferase Nep1,225,NEF87_001156,2951803,Candidatus Lokiarchaeum ossiferum,Candidatus Lokiarchaeum ossiferum,False,IPR005304,family,,225,4,220,CONTINUOUS
A0ABY6SDI5,Nucleolar essential protein 1,261,PODCO_505480,48703,Podospora comata,Podospora comata,False,IPR005304,family,,261,36,261,CONTINUOUS
A0ABY6TRX0,Ribosomal RNA small subunit methyltransferase NEP1,262,CLO192961_LOCUS28898,29856,Bionectria ochroleuca,Bionectria ochroleuca,False,IPR005304,family,,262,35,262,CONTINUOUS
A0ABY7CWX9,Ribosomal RNA small subunit methyltransferase NEP1,324,PtA15_11A500,208348,Puccinia triticina,Puccinia triticina,False,IPR005304,family,,324,55,324,CONTINUOUS
A0ABY7E0V6,EMG1 N1-specific pseudouridine methyltransferase,438,MAR_010180,6604,Mya arenaria,Mya arenaria (Soft-shell clam),False,IPR005304,family,,438,10,222,CONTINUOUS
A0ABY8CFZ6,Ribosomal RNA small subunit methyltransferase NEP1,180,PFJ87_01g00420,27973,Encephalitozoon hellem,Encephalitozoon hellem (Microsporidian parasite),False,IPR005304,family,,180,28,179,CONTINUOUS
A0ABY8ESM5,Ribosomal RNA small subunit methyltransferase NEP1,363,NEP1,55194,Malassezia furfur,Malassezia furfur (Pityriasis versicolor infection agent),False,IPR005304,family,,363,110,363,CONTINUOUS
A0ABY8U205,Ribosomal RNA small subunit methyltransferase NEP1,229,OEZ85_002047,3088,Tetradesmus obliquus,Tetradesmus obliquus (Green alga),False,IPR005304,family,,229,11,229,CONTINUOUS
A0ABY9D1V3,Ribosomal RNA small subunit methyltransferase NEP1,129,VitviT2T_019880,29760,Vitis vinifera,Vitis vinifera (Grape),False,IPR005304,family,,129,41,118,CONTINUOUS
A0ABY9D247,Uncharacterized protein,165,VitviT2T_019880,29760,Vitis vinifera,Vitis vinifera (Grape),False,IPR005304,family,,165,41,122,CONTINUOUS
A0ABY9D469,Ty3 transposon capsid-like protein domain-containing protein,746,VitviT2T_019977,29760,Vitis vinifera,Vitis vinifera (Grape),False,IPR005304,family,,746,509,745,CONTINUOUS
A0ABZ1CTG1,Nucleolar essential protein 1,349,IL334_001567,564305,Kwoniella shivajii,Kwoniella shivajii,False,IPR005304,family,,349,106,349,CONTINUOUS
A0ABZ2B2T1,Nucleolar essential protein 1,330,IAS62_005285,1859122,Cryptococcus decagattii,Cryptococcus decagattii,False,IPR005304,family,,330,87,330,CONTINUOUS
A0ABZ2X1Y7,Ribosomal RNA small subunit methyltransferase NEP1,250,QYS62_007580,5515,Fusarium acuminatum,Fusarium acuminatum,False,IPR005304,family,,250,28,250,CONTINUOUS
A0ABZ3H4B1,Ribosomal RNA small subunit methyltransferase Nep1,214,nep1,565033,Geoglobus acetivorans,Geoglobus acetivorans,False,IPR005304,family,,214,3,182,CONTINUOUS
A0ABZ3NPJ9,Ribosomal RNA small subunit methyltransferase NEP1,278,LOC115701331,3483,Cannabis sativa,Cannabis sativa (Hemp),False,IPR005304,family,,278,41,278,CONTINUOUS
A0AC11CDL2,EMG1 N1-specific pseudouridine methyltransferase,115,EMG1,9940,Ovis aries,Ovis aries (Sheep),False,IPR005304,family,,115,12,91,CONTINUOUS
A0AC11E9I7,EMG1 N1-specific pseudouridine methyltransferase,352,EMG1,9940,Ovis aries,Ovis aries (Sheep),False,IPR005304,family,,352,120,351,CONTINUOUS
A0AC34F3U7,Ribosomal RNA small subunit methyltransferase NEP1,233,,591445,Panagrolaimus sp. ES5,Panagrolaimus sp. ES5,False,IPR005304,family,,233,14,233,CONTINUOUS
A0AC34QHH7,Ribosomal RNA small subunit methyltransferase NEP1,229,,591449,Panagrolaimus sp. JU765,Panagrolaimus sp. JU765,False,IPR005304,family,,229,24,229,CONTINUOUS
A0AC35EVC9,Ribosomal RNA small subunit methyltransferase NEP1,233,,55785,Panagrolaimus sp. PS1159,Panagrolaimus sp. PS1159,False,IPR005304,family,,233,9,233,CONTINUOUS
A0AC35UAT4,Ribosomal RNA small subunit methyltransferase NEP1,236,,114890,Rhabditophanes sp. KR3021,Rhabditophanes sp. KR3021,False,IPR005304,family,,236,17,236,CONTINUOUS
A0AC55DJM5,Ribosomal RNA small subunit methyltransferase NEP1,233,EMG1,9371,Echinops telfairi,Echinops telfairi (Lesser hedgehog tenrec),False,IPR005304,family,,233,13,232,CONTINUOUS
A0AC58MS92,Ribosomal RNA small subunit methyltransferase NEP1 isoform X2,194,Emg1,51338,Castor canadensis,Castor canadensis (American beaver),False,IPR005304,family,,194,13,188,CONTINUOUS
A0AC58UEG0,Uncharacterized protein LOC107807130,272,LOC107807130,4097,Nicotiana tabacum,Nicotiana tabacum (Common tobacco),False,IPR005304,family,,272,32,272,CONTINUOUS
A0AC59Z7M9,Uncharacterized protein,244,MRATA1EN22A_LOCUS14962,3082113,Rangifer tarandus platyrhynchus,Rangifer tarandus platyrhynchus (Svalbard reindeer),False,IPR005304,family,,244,12,244,CONTINUOUS
A0AC60NZG1,Uncharacterized protein,251,HPB47_010339,34615,Ixodes persulcatus,Ixodes persulcatus (Taiga tick),False,IPR005304,family,,251,62,250,CONTINUOUS
A0AC60W0V2,Ribosome biogenesis protein,222,H2B03_08735,3342354,Candidatus Nitrosomaritimum aestuariumsis,Candidatus Nitrosomaritimum aestuariumsis,False,IPR005304,family,,222,2,218,CONTINUOUS
A0AC60W3S2,Ribosome biogenesis protein,222,H2B05_05660,3342354,Candidatus Nitrosomaritimum aestuariumsis,Candidatus Nitrosomaritimum aestuariumsis,False,IPR005304,family,,222,2,218,CONTINUOUS
A0AC60W6G8,Ribosome biogenesis protein,222,H2B01_02525,3342354,Candidatus Nitrosomaritimum aestuariumsis,Candidatus Nitrosomaritimum aestuariumsis,False,IPR005304,family,,222,2,218,CONTINUOUS
A0ACA9K603,3847_t:CDS:1,320,ACOLOM_LOCUS926,27376,Acaulospora colombiana,Acaulospora colombiana,False,IPR005304,family,,320,62,319,CONTINUOUS
A0ACA9LYY1,21819_t:CDS:1,324,RPERSI_LOCUS3997,160502,Racocetra persica,Racocetra persica,False,IPR005304,family,,324,75,323,CONTINUOUS
A0ACA9TKR9,Uncharacterized protein,261,CRV2_00002831,1349383,Clonostachys rosea f. rosea IK726,Clonostachys rosea f. rosea IK726,False,IPR005304,family,,261,34,261,CONTINUOUS
A0ACA9YDA9,Ribosomal RNA small subunit methyltransferase NEP1,249,EMG1,467808,[Candida] jaroonii,[Candida] jaroonii,False,IPR005304,family,,249,10,248,CONTINUOUS
A0ACB0E0L9,Uncharacterized protein,244,MRATA1EN3_LOCUS5231,3082113,Rangifer tarandus platyrhynchus,Rangifer tarandus platyrhynchus (Svalbard reindeer),False,IPR005304,family,,244,12,244,CONTINUOUS
A0ACB0IHP2,Uncharacterized protein,331,MILVUS5_LOCUS3258,57577,Trifolium pratense,Trifolium pratense (Red clover),False,IPR005304,family,,331,81,331,CONTINUOUS
A0ACB0LGG4,Uncharacterized protein,284,MILVUS5_LOCUS32859,57577,Trifolium pratense,Trifolium pratense (Red clover),False,IPR005304,family,,284,61,253,CONTINUOUS
A0ACB0LIH6,Uncharacterized protein,287,MILVUS5_LOCUS32858,57577,Trifolium pratense,Trifolium pratense (Red clover),False,IPR005304,family,,287,44,287,CONTINUOUS
A0ACB5SDL7,Nucleolar essential protein 1,267,g1848,310453,Neofusicoccum parvum,Neofusicoccum parvum,False,IPR005304,family,,267,18,267,CONTINUOUS
A0ACB5U2A9,Unnamed protein product,112,Cboi01_000533800,5477,Candida boidinii,Candida boidinii (Yeast),False,IPR005304,family,,112,1,112,CONTINUOUS
A0ACB5UCT7,Unnamed protein product,200,Amon02_001327300,43982,Ambrosiozyma monospora,Ambrosiozyma monospora (Yeast),False,IPR005304,family,,200,10,200,CONTINUOUS
A0ACB6FFC8,Ribosomal RNA small subunit methyltransferase,277,AG0111_0g9323,167740,Alternaria gaisen,Alternaria gaisen,False,IPR005304,family,,277,30,276,CONTINUOUS
A0ACB6QKA9,Nucleolar essential protein 1,258,BDR25DRAFT_317430,673940,Lindgomyces ingoldianus,Lindgomyces ingoldianus,False,IPR005304,family,,258,34,258,CONTINUOUS
A0ACB6RQL9,Nucleolar essential protein 1,243,BU25DRAFT_350359,301207,Macroventuria anomochaeta,Macroventuria anomochaeta,False,IPR005304,family,,243,19,242,CONTINUOUS
A0ACB6V094,Uncharacterized protein,254,D0Z00_003798,27317,Geotrichum galactomycetum,Geotrichum galactomycetum,False,IPR005304,family,,254,25,254,CONTINUOUS
A0ACB6ZMZ7,Nep1-domain-containing protein,237,BDM02DRAFT_3091855,370292,Thelephora ganbajun,Thelephora ganbajun (Ganba fungus),False,IPR005304,family,,237,9,237,CONTINUOUS
A0ACB7CAQ0,Uncharacterized protein,241,PORY_001847,42067,Pneumocystis oryctolagi,Pneumocystis oryctolagi,False,IPR005304,family,,241,17,240,CONTINUOUS
A0ACB7F724,Ribosomal RNA small subunit methyltransferase NEP1,206,EMG1,240163,Nibea albiflora,Nibea albiflora (Yellow drum),False,IPR005304,family,,206,3,206,CONTINUOUS
A0ACB7FTU7,Ribosomal RNA small subunit methyltransferase NEP1,267,NEP1,241526,Candida africana,Candida africana,False,IPR005304,family,,267,23,266,CONTINUOUS
A0ACB7IPG3,Uncharacterized protein,413,CCMSSC00406_0005312,5321,Pleurotus cornucopiae,Pleurotus cornucopiae (Cornucopia mushroom),False,IPR005304,family,,413,182,413,CONTINUOUS
A0ACB7PLC0,Alpha/beta knot methyltransferase,261,F5144DRAFT_479763,1854479,Chaetomium tenue,Chaetomium tenue,False,IPR005304,family,,261,36,261,CONTINUOUS
A0ACB7SIF3,Uncharacterized protein,234,HPB50_017670,266040,Hyalomma asiaticum,Hyalomma asiaticum (Tick),False,IPR005304,family,,234,17,233,CONTINUOUS
A0ACB7W4T9,rRNA small subunit pseudouridine methyltransferase Nep1 protein,245,IHE45_05G139500,55571,Dioscorea alata,Dioscorea alata (Purple yam),False,IPR005304,family,,245,71,245,CONTINUOUS
A0ACB7W5J7,rRNA small subunit pseudouridine methyltransferase Nep1 protein,276,IHE45_05G139500,55571,Dioscorea alata,Dioscorea alata (Purple yam),False,IPR005304,family,,276,35,276,CONTINUOUS
A0ACB7XPJ5,Uncharacterized protein,281,Vadar_010169,229202,Vaccinium darrowii,Vaccinium darrowii,False,IPR005304,family,,281,48,281,CONTINUOUS
A0ACB7Z5N0,Uncharacterized protein,311,Vadar_019070,229202,Vaccinium darrowii,Vaccinium darrowii,False,IPR005304,family,,311,70,311,CONTINUOUS
A0ACB7ZU45,EMG1/NEP1 methyltransferase-domain-containing protein,311,BJ138DRAFT_884841,72124,Hygrophoropsis aurantiaca,Hygrophoropsis aurantiaca,False,IPR005304,family,,311,134,308,CONTINUOUS
A0ACB8BXL8,Nep1-domain-containing protein,379,BV22DRAFT_1109376,85980,Leucogyrophana mollusca,Leucogyrophana mollusca,False,IPR005304,family,,379,131,379,CONTINUOUS
A0ACB8ES04,18S rRNA pseudouridine methyltransferase,282,EMG1,933632,Sphaerodactylus townsendi,Sphaerodactylus townsendi,False,IPR005304,family,,282,26,281,CONTINUOUS
A0ACB8H5K8,18S rRNA pseudouridine methyltransferase,394,JR316_0005230,181762,Psilocybe cubensis,Psilocybe cubensis (Psychedelic mushroom),False,IPR005304,family,,394,132,394,CONTINUOUS
A0ACB8HUD9,Ribosomal rna small subunit methyltransferase nep1,197,KPL71_025699,2711,Citrus sinensis,Citrus sinensis (Sweet orange),False,IPR005304,family,,197,36,190,CONTINUOUS
A0ACB8HVU1,Ribosomal rna small subunit methyltransferase nep1,294,KPL71_025699,2711,Citrus sinensis,Citrus sinensis (Sweet orange),False,IPR005304,family,,294,36,293,CONTINUOUS
A0ACB8HVY5,Ribosomal rna small subunit methyltransferase nep1,288,KPL71_025699,2711,Citrus sinensis,Citrus sinensis (Sweet orange),False,IPR005304,family,,288,30,287,CONTINUOUS
A0ACB8Q6D5,Alpha/beta knot methyltransferase,231,K488DRAFT_61805,1314806,Vararia minispora EC-137,Vararia minispora EC-137,False,IPR005304,family,,231,9,231,CONTINUOUS
A0ACB8RHT8,Nep1-domain-containing protein,341,FA95DRAFT_1609610,40419,Auriscalpium vulgare,Auriscalpium vulgare,False,IPR005304,family,,341,82,341,CONTINUOUS
A0ACB8SMS4,Nep1-domain-containing protein,328,BV25DRAFT_1811980,48021,Artomyces pyxidatus,Artomyces pyxidatus,False,IPR005304,family,,328,50,328,CONTINUOUS
A0ACB8TQE7,Nep1-domain-containing protein,298,BDY19DRAFT_898866,378272,Irpex rosettiformis,Irpex rosettiformis,False,IPR005304,family,,298,64,298,CONTINUOUS
A0ACB8UNA4,18S rRNA pseudouridine methyltransferase,257,NEP1,1387563,Ophidiomyces ophidiicola,Ophidiomyces ophidiicola,False,IPR005304,family,,257,28,257,CONTINUOUS
A0ACB8W077,Uncharacterized protein,237,L3Q82_013333,214431,Scortum barcoo,Scortum barcoo (barcoo grunter),False,IPR005304,family,,237,6,237,CONTINUOUS
A0ACB8YW83,Uncharacterized protein,292,L2E82_48004,13427,Cichorium intybus,Cichorium intybus (Chicory),False,IPR005304,family,,292,50,292,CONTINUOUS
A0ACB8Z2V2,Uncharacterized protein,293,L6452_31821,4217,Arctium lappa,Arctium lappa (Greater burdock),False,IPR005304,family,,293,51,293,CONTINUOUS
A0ACB9A0R0,Uncharacterized protein,151,L6452_27523,4217,Arctium lappa,Arctium lappa (Greater burdock),False,IPR005304,family,,151,18,131,CONTINUOUS
A0ACB9A540,Uncharacterized protein,142,L1987_73637,185202,Smallanthus sonchifolius,Smallanthus sonchifolius,False,IPR005304,family,,142,45,142,CONTINUOUS
A0ACB9EBC7,Uncharacterized protein,286,L1987_56083,185202,Smallanthus sonchifolius,Smallanthus sonchifolius,False,IPR005304,family,,286,30,286,CONTINUOUS
A0ACB9K8Y9,Uncharacterized protein,289,L1987_02812,185202,Smallanthus sonchifolius,Smallanthus sonchifolius,False,IPR005304,family,,289,50,289,CONTINUOUS
A0ACB9KIP2,Uncharacterized protein,264,L6164_036968,167791,Bauhinia variegata,Bauhinia variegata (Purple orchid tree),False,IPR005304,family,,264,36,262,CONTINUOUS
A0ACB9KIT8,Uncharacterized protein,241,L6164_036969,167791,Bauhinia variegata,Bauhinia variegata (Purple orchid tree),False,IPR005304,family,,241,12,241,CONTINUOUS
A0ACB9KJY0,Uncharacterized protein,321,L6164_037415,167791,Bauhinia variegata,Bauhinia variegata (Purple orchid tree),False,IPR005304,family,,321,54,240,CONTINUOUS
A0ACB9KJY3,Uncharacterized protein,233,L6164_037411,167791,Bauhinia variegata,Bauhinia variegata (Purple orchid tree),False,IPR005304,family,,233,21,232,CONTINUOUS
A0ACB9KJZ9,Uncharacterized protein,233,L6164_037417,167791,Bauhinia variegata,Bauhinia variegata (Purple orchid tree),False,IPR005304,family,,233,82,232,CONTINUOUS
A0ACB9KK10,Uncharacterized protein,148,L6164_037406,167791,Bauhinia variegata,Bauhinia variegata (Purple orchid tree),False,IPR005304,family,,148,53,107,CONTINUOUS
A0ACB9KK48,Uncharacterized protein,267,L6164_037418,167791,Bauhinia variegata,Bauhinia variegata (Purple orchid tree),False,IPR005304,family,,267,55,238,CONTINUOUS
A0ACB9KK50,Uncharacterized protein,215,L6164_037413,167791,Bauhinia variegata,Bauhinia variegata (Purple orchid tree),False,IPR005304,family,,215,58,215,CONTINUOUS
A0ACB9KK58,Uncharacterized protein,253,L6164_037414,167791,Bauhinia variegata,Bauhinia variegata (Purple orchid tree),False,IPR005304,family,,253,54,252,CONTINUOUS
A0ACB9KU41,Uncharacterized protein,283,L6164_034204,167791,Bauhinia variegata,Bauhinia variegata (Purple orchid tree),False,IPR005304,family,,283,34,282,CONTINUOUS
A0ACB9M5T7,Uncharacterized protein,288,MLD38_033211,119954,Melastoma candidum,Melastoma candidum,False,IPR005304,family,,288,52,287,CONTINUOUS
A0ACB9P0M2,Uncharacterized protein,285,MLD38_025978,119954,Melastoma candidum,Melastoma candidum,False,IPR005304,family,,285,49,284,CONTINUOUS
A0ACB9Q5G1,Uncharacterized protein,192,L6164_000091,167791,Bauhinia variegata,Bauhinia variegata (Purple orchid tree),False,IPR005304,family,,192,54,181,CONTINUOUS
A0ACB9SSN4,Nep1/mra1,139,MML48_7g00017501,644536,Holotrichia oblita,Holotrichia oblita (Chafer beetle),False,IPR005304,family,,139,4,137,CONTINUOUS
A0ACB9STL5,Nep1/mra1,257,MML48_7g00006216,644536,Holotrichia oblita,Holotrichia oblita (Chafer beetle),False,IPR005304,family,,257,5,236,CONTINUOUS
A0ACB9STY0,Nep1/mra1,257,MML48_7g00016981,644536,Holotrichia oblita,Holotrichia oblita (Chafer beetle),False,IPR005304,family,,257,5,236,CONTINUOUS
A0ACB9V9Z3,Uncharacterized protein,244,MJG53_004068,2918886,Ovis ammon polii x Ovis aries,Ovis ammon polii x Ovis aries,False,IPR005304,family,,244,12,243,CONTINUOUS
A0ACB9WFK2,Uncharacterized protein,238,KUCAC02_014684,36190,Chaenocephalus aceratus,Chaenocephalus aceratus (Blackfin icefish),False,IPR005304,family,,238,6,238,CONTINUOUS
A0ACB9Y2B9,Small subunit rRNA processing factor,499,MKS88_005647,5824,Plasmodium brasilianum,Plasmodium brasilianum,False,IPR005304,family,,499,241,498,CONTINUOUS
A0ACB9YCK5,Ribosomal RNA small subunit methyltransferase NEP1,230,MKS88_001370,5824,Plasmodium brasilianum,Plasmodium brasilianum,False,IPR005304,family,,230,13,229,CONTINUOUS
A0ACB9YYG9,Nucleolar essential protein 1,261,F4820DRAFT_332007,110542,Hypoxylon rubiginosum,Hypoxylon rubiginosum,False,IPR005304,family,,261,36,261,CONTINUOUS
A0ACC0CCT9,Uncharacterized protein,660,M9H77_03932,4058,Catharanthus roseus,Catharanthus roseus (Madagascar periwinkle),False,IPR005304,family,,660,41,270,CONTINUOUS
A0ACC0D6T8,Nucleolar essential protein 1,253,F4821DRAFT_258054,110542,Hypoxylon rubiginosum,Hypoxylon rubiginosum,False,IPR005304,family,,253,28,253,CONTINUOUS
A0ACC0ET68,Uncharacterized protein,296,MJO28_001314,168172,Puccinia striiformis f. sp. tritici,Puccinia striiformis f. sp. tritici,False,IPR005304,family,,296,26,296,CONTINUOUS
A0ACC0G5Y5,Ribosomal RNA small subunit methyltransferase NEP1,282,LOK49_LG10G02679,1840588,Camellia lanceoleosa,Camellia lanceoleosa,False,IPR005304,family,,282,43,282,CONTINUOUS
A0ACC0JZP4,Uncharacterized protein,237,MSG28_000231,7141,Choristoneura fumiferana,Choristoneura fumiferana (Spruce budworm moth),False,IPR005304,family,,237,10,236,CONTINUOUS
A0ACC0MC44,Uncharacterized protein,266,RHMOL_Rhmol09G0118600,49168,Rhododendron molle,Rhododendron molle (Chinese azalea),False,IPR005304,family,,266,38,265,CONTINUOUS
A0ACC0MCJ1,Uncharacterized protein,257,RHMOL_Rhmol09G0118200,49168,Rhododendron molle,Rhododendron molle (Chinese azalea),False,IPR005304,family,,257,29,256,CONTINUOUS
A0ACC0MD00,Uncharacterized protein,219,RHMOL_Rhmol09G0118400,49168,Rhododendron molle,Rhododendron molle (Chinese azalea),False,IPR005304,family,,219,54,219,CONTINUOUS
A0ACC0MDQ0,Uncharacterized protein,257,RHMOL_Rhmol09G0118200,49168,Rhododendron molle,Rhododendron molle (Chinese azalea),False,IPR005304,family,,257,29,256,CONTINUOUS
A0ACC0ME88,Uncharacterized protein,257,RHMOL_Rhmol09G0118200,49168,Rhododendron molle,Rhododendron molle (Chinese azalea),False,IPR005304,family,,257,29,256,CONTINUOUS
A0ACC0R2B7,Ribosomal RNA small subunit methyltransferase NEP1,261,NCS57_00548800,1328300,Fusarium keratoplasticum,Fusarium keratoplasticum,False,IPR005304,family,,261,34,261,CONTINUOUS
A0ACC0RS47,Uncharacterized protein,282,POPTR_016G037500v4,3694,Populus trichocarpa,Populus trichocarpa (Western balsam poplar),False,IPR005304,family,,282,44,282,CONTINUOUS
A0ACC0RT53,Uncharacterized protein,282,POPTR_016G037500v4,3694,Populus trichocarpa,Populus trichocarpa (Western balsam poplar),False,IPR005304,family,,282,44,282,CONTINUOUS
A0ACC0SS88,Uncharacterized protein,284,POPTR_006G040600v4,3694,Populus trichocarpa,Populus trichocarpa (Western balsam poplar),False,IPR005304,family,,284,40,284,CONTINUOUS
A0ACC0U4Z5,Nep1-domain-containing protein,366,F5148DRAFT_1286758,71964,Russula earlei,Russula earlei,False,IPR005304,family,,366,126,366,CONTINUOUS
A0ACC0VDL7,Uncharacterized protein,264,N3K66_001071,47278,Trichothecium roseum,Trichothecium roseum,False,IPR005304,family,,264,39,264,CONTINUOUS
A0ACC0W902,Uncharacterized protein,248,PsorP6_008646,230839,Peronosclerospora sorghi,Peronosclerospora sorghi,False,IPR005304,family,,248,13,248,CONTINUOUS
A0ACC0X6N8,Uncharacterized protein,276,Pint_33437,434235,Pistacia integerrima,Pistacia integerrima,False,IPR005304,family,,276,28,276,CONTINUOUS
A0ACC0Z6R3,Uncharacterized protein,222,Pint_05367,434235,Pistacia integerrima,Pistacia integerrima,False,IPR005304,family,,222,36,221,CONTINUOUS
A0ACC1BTL8,Uncharacterized protein,111,Patl1_05476,434234,Pistacia atlantica,Pistacia atlantica,False,IPR005304,family,,111,47,111,CONTINUOUS
A0ACC1DAX7,Uncharacterized protein,236,K1T71_003107,765133,Dendrolimus kikuchii,Dendrolimus kikuchii,False,IPR005304,family,,236,8,235,CONTINUOUS
A0ACC1HGA1,18S rRNA pseudouridine methyltransferase,322,NEP1,68401,Spiromyces aspiralis,Spiromyces aspiralis,False,IPR005304,family,,322,41,322,CONTINUOUS
A0ACC1INN0,18S rRNA pseudouridine methyltransferase,345,NEP1_2,61397,Kickxella alabastrina,Kickxella alabastrina,False,IPR005304,family,,345,93,345,CONTINUOUS
A0ACC1IR99,18S rRNA pseudouridine methyltransferase,334,NEP1_1,61397,Kickxella alabastrina,Kickxella alabastrina,False,IPR005304,family,,334,73,334,CONTINUOUS
A0ACC1JGQ7,18S rRNA pseudouridine methyltransferase,324,NEP1,4868,Linderina macrospora,Linderina macrospora,False,IPR005304,family,,324,76,324,CONTINUOUS
A0ACC1JV77,18S rRNA pseudouridine methyltransferase,306,NEP1,2789366,Coemansia nantahalensis,Coemansia nantahalensis,False,IPR005304,family,,306,69,306,CONTINUOUS
A0ACC1KNI0,18S rRNA pseudouridine methyltransferase,327,NEP1,2663919,Coemansia linderi,Coemansia linderi,False,IPR005304,family,,327,88,327,CONTINUOUS
A0ACC1L8F4,18S rRNA pseudouridine methyltransferase,306,NEP1,1286919,Coemansia helicoidea,Coemansia helicoidea,False,IPR005304,family,,306,69,306,CONTINUOUS
A0ACC1MWG6,Uncharacterized protein,148,NUW58_g9614,42375,Xylaria curta,Xylaria curta,False,IPR005304,family,,148,5,148,CONTINUOUS
A0ACC1NWA5,Uncharacterized protein,261,NQ176_g598,93591,Zarea fungicola,Zarea fungicola,False,IPR005304,family,,261,37,261,CONTINUOUS
A0ACC1PU62,Uncharacterized protein,372,NUW54_g6731,158606,Trametes sanguinea,Trametes sanguinea,False,IPR005304,family,,372,51,211,CONTINUOUS
A0ACC1R7Q9,Uncharacterized protein,261,NLG97_g61,468837,Lecanicillium saksenae,Lecanicillium saksenae,False,IPR005304,family,,261,36,261,CONTINUOUS
A0ACC1RD42,Uncharacterized protein,261,NM208_g16066,57161,Fusarium decemcellulare,Fusarium decemcellulare,False,IPR005304,family,,261,34,261,CONTINUOUS
A0ACC1UC10,Alpha/beta knot methyltransferase,383,F5876DRAFT_33239,2804960,Lentinula aff. lateritia,Lentinula aff. lateritia,False,IPR005304,family,,383,153,382,CONTINUOUS
A0ACC1X5Z9,Ribosomal RNA small subunit methyltransferase NEP1,287,OWV82_020374,155640,Melia azedarach,Melia azedarach (Chinaberry tree),False,IPR005304,family,,287,25,287,CONTINUOUS
A0ACC2D2U1,Uncharacterized protein,230,O6H91_07G017800,34168,Diphasiastrum complanatum,Diphasiastrum complanatum (Issler's clubmoss),False,IPR005304,family,,230,17,230,CONTINUOUS
A0ACC2GNC2,Uncharacterized protein,237,DPEC_G00143850,75939,Dallia pectoralis,Dallia pectoralis (Alaska blackfish),False,IPR005304,family,,237,9,237,CONTINUOUS
A0ACC2INM9,Uncharacterized protein,399,OPT61_g1920,749465,Boeremia exigua,Boeremia exigua,False,IPR005304,family,,399,32,253,CONTINUOUS
A0ACC2J221,Uncharacterized protein,255,ONZ43_g2050,110536,Nemania bipapillata,Nemania bipapillata,False,IPR005304,family,,255,28,255,CONTINUOUS
A0ACC2JGE2,Uncharacterized protein,255,O1611_g7234,1108764,Lasiodiplodia mahajangana,Lasiodiplodia mahajangana,False,IPR005304,family,,255,28,255,CONTINUOUS
A0ACC2KPC9,Uncharacterized protein,281,MRB53_031525,3435,Persea americana,Persea americana (Avocado),False,IPR005304,family,,281,32,281,CONTINUOUS
A0ACC2NPK2,Uncharacterized protein,215,QAD02_004298,131215,Eretmocerus hayati,Eretmocerus hayati,False,IPR005304,family,,215,4,215,CONTINUOUS
A0ACC2R809,Uncharacterized protein,236,PYW08_013881,667449,Mythimna loreyi,Mythimna loreyi,False,IPR005304,family,,236,18,235,CONTINUOUS
A0ACC2U206,18S rRNA pseudouridine methyltransferase,175,NEP1_2,34485,Entomophthora muscae,Entomophthora muscae,False,IPR005304,family,,175,1,175,CONTINUOUS
A0ACC2UR52,18S rRNA pseudouridine methyltransferase,241,NEP1_1,34485,Entomophthora muscae,Entomophthora muscae,False,IPR005304,family,,241,17,241,CONTINUOUS
A0ACC2VP16,18S rRNA pseudouridine methyltransferase,300,NEP1,89922,Naganishia friedmannii,Naganishia friedmannii,False,IPR005304,family,,300,55,300,CONTINUOUS
A0ACC2WFY3,Uncharacterized protein,295,QFC19_001509,610337,Naganishia cerealis,Naganishia cerealis,False,IPR005304,family,,295,53,281,CONTINUOUS
A0ACC2WJ35,18S rRNA pseudouridine methyltransferase,307,NEP1,92952,Naganishia adeliensis,Naganishia adeliensis,False,IPR005304,family,,307,23,307,CONTINUOUS
A0ACC2X5T3,18S rRNA pseudouridine methyltransferase,329,NEP1,1424756,Naganishia vaughanmartiniae,Naganishia vaughanmartiniae,False,IPR005304,family,,329,55,287,CONTINUOUS
A0ACC2XQZ0,18S rRNA pseudouridine methyltransferase,304,NEP1,1851511,Naganishia onofrii,Naganishia onofrii,False,IPR005304,family,,304,55,304,CONTINUOUS
A0ACC2ZHV2,18S rRNA pseudouridine methyltransferase,244,NEP1,3383036,Coniosporium tulheliwenetii,Coniosporium tulheliwenetii,False,IPR005304,family,,244,44,113,CONTINUOUS
A0ACC2ZHV2,18S rRNA pseudouridine methyltransferase,244,NEP1,3383036,Coniosporium tulheliwenetii,Coniosporium tulheliwenetii,False,IPR005304,family,,244,164,244,CONTINUOUS
A0ACC3A9Z2,18S rRNA pseudouridine methyltransferase,259,NEP1,3383035,Neophaeococcomyces mojaviensis,Neophaeococcomyces mojaviensis,False,IPR005304,family,,259,30,259,CONTINUOUS
A0ACC3B8I0,18S rRNA pseudouridine methyltransferase,261,NEP1,138277,Aspergillus melleus,Aspergillus melleus,False,IPR005304,family,,261,38,261,CONTINUOUS
A0ACC3CII3,Uncharacterized protein,419,I4F81_012553,2788,Pyropia yezoensis,Pyropia yezoensis (Susabi-nori),False,IPR005304,family,,419,171,415,CONTINUOUS
A0ACC3DF65,18S rRNA pseudouridine methyltransferase,174,NEP1,93489,Coniosporium uncinatum,Coniosporium uncinatum,False,IPR005304,family,,174,29,174,CONTINUOUS
A0ACC3DS95,18S rRNA pseudouridine methyltransferase,75,EMG1,93489,Coniosporium uncinatum,Coniosporium uncinatum,False,IPR005304,family,,75,2,75,CONTINUOUS
A0ACC3LZY0,Uncharacterized protein,288,EUGRSUZ_A00197,71139,Eucalyptus grandis,Eucalyptus grandis (Flooded gum),False,IPR005304,family,,288,50,284,CONTINUOUS
A0ACC3M710,Uncharacterized protein,262,EUGRSUZ_A02611,71139,Eucalyptus grandis,Eucalyptus grandis (Flooded gum),False,IPR005304,family,,262,50,180,CONTINUOUS
A0ACC3M841,Uncharacterized protein,185,EUGRSUZ_A02611,71139,Eucalyptus grandis,Eucalyptus grandis (Flooded gum),False,IPR005304,family,,185,23,103,CONTINUOUS
A0ACC3MCI3,18S rRNA pseudouridine methyltransferase,259,NEP1_2,1690605,Vermiconidia calcicola,Vermiconidia calcicola,False,IPR005304,family,,259,36,259,CONTINUOUS
A0ACC3MKX6,18S rRNA pseudouridine methyltransferase,259,NEP1_1,1690605,Vermiconidia calcicola,Vermiconidia calcicola,False,IPR005304,family,,259,36,259,CONTINUOUS
A0ACC3SPJ6,18S rRNA pseudouridine methyltransferase,250,NEP1,2024903,Zalaria obscura,Zalaria obscura,False,IPR005304,family,,250,29,250,CONTINUOUS
A0ACC3T3M6,Alpha/beta knot methyltransferase,249,V1525DRAFT_400772,34357,Lipomyces kononenkoae,Lipomyces kononenkoae (Yeast),False,IPR005304,family,,249,28,249,CONTINUOUS
A0ACC3TEB4,Alpha/beta knot methyltransferase,249,V1517DRAFT_297706,1233043,Lipomyces orientalis,Lipomyces orientalis,False,IPR005304,family,,249,29,249,CONTINUOUS
A0ACC3YXJ8,Ribosomal RNA small subunit methyltransferase NEP1,281,CTRU02_208889,5467,Colletotrichum truncatum,Colletotrichum truncatum (Anthracnose fungus),False,IPR005304,family,,281,44,280,CONTINUOUS
A0ACC4AS04,Uncharacterized protein,303,D5086_028887,43335,Populus alba,Populus alba (White poplar),False,IPR005304,family,,303,43,282,CONTINUOUS
A0ACC4C190,Uncharacterized protein,284,D5086_012111,43335,Populus alba,Populus alba (White poplar),False,IPR005304,family,,284,39,284,CONTINUOUS
A0ACC4D7R5,Uncharacterized protein,238,ACCO45_014062,33203,Purpureocillium lilacinum,Purpureocillium lilacinum,False,IPR005304,family,,238,29,238,CONTINUOUS
A0ACC5W6K4,Uncharacterized protein,238,PGIGA_G00006620,30993,Pangasianodon gigas,Pangasianodon gigas (Mekong giant catfish),False,IPR005304,family,,238,5,238,CONTINUOUS
A0ACC5XYP9,Uncharacterized protein,238,PDJAM_G00006540,1691987,Pangasius djambal,Pangasius djambal,False,IPR005304,family,,238,5,238,CONTINUOUS
A0ACC6TNC2,16S rRNA methyltransferase,228,TQ35_0003795,1326980,Candidatus Aramenus sulfurataquae,Candidatus Aramenus sulfurataquae,False,IPR005304,family,,228,10,224,CONTINUOUS
A0ACC6V203,16S rRNA methyltransferase,221,TU35_005340,1609232,Thermoproteus sp. AZ2,Thermoproteus sp. AZ2,False,IPR005304,family,,221,1,212,CONTINUOUS
A0ACD0NZ90,Nep1-domain-containing protein,356,IE53DRAFT_386446,1673888,Violaceomyces palustris,Violaceomyces palustris,False,IPR005304,family,,356,105,355,CONTINUOUS
A0ACD1G276,Nucleolar essential protein 1,254,BO95DRAFT_208595,1450534,Aspergillus brunneoviolaceus CBS 621.78,Aspergillus brunneoviolaceus CBS 621.78,False,IPR005304,family,,254,32,254,CONTINUOUS
A0ACD1GS68,Nucleolar essential protein 1,254,BO66DRAFT_337306,1448322,Aspergillus aculeatinus CBS 121060,Aspergillus aculeatinus CBS 121060,False,IPR005304,family,,254,32,254,CONTINUOUS
A0ACD1IQT2,Essential for mitotic growth 1,259,BO79DRAFT_55171,1448317,Aspergillus costaricaensis CBS 115574,Aspergillus costaricaensis CBS 115574,False,IPR005304,family,,259,33,259,CONTINUOUS
A0ACD3AGQ0,Nep1-domain-containing protein,371,BDN72DRAFT_774218,181527,Pluteus cervinus,Pluteus cervinus,False,IPR005304,family,,371,123,371,CONTINUOUS
A0ACD3QTM1,Uncharacterized protein,221,E3U43_019488,215358,Larimichthys crocea,Larimichthys crocea (Large yellow croaker),False,IPR005304,family,,221,6,208,CONTINUOUS
A0ACD3YML1,Uncharacterized protein,261,LCI18_001192,2747967,Fusarium solani subsp. cucurbitae,Fusarium solani subsp. cucurbitae,False,IPR005304,family,,261,34,261,CONTINUOUS
A0ACD5YZC7,Uncharacterized protein,313,,4498,Avena sativa,Avena sativa (Oat),False,IPR005304,family,,313,83,312,CONTINUOUS
A0ACD5ZM11,Uncharacterized protein,313,,4498,Avena sativa,Avena sativa (Oat),False,IPR005304,family,,313,80,312,CONTINUOUS
A0B5L3,Ribosomal RNA small subunit methyltransferase Nep1,226,nep1,349307,Methanothrix thermoacetophila (strain DSM 6194 / JCM 14653 / NBRC 101360 / PT),Methanothrix thermoacetophila (strain DSM 6194 / JCM 14653 / NBRC 101360 / PT),True,IPR005304,family,,226,2,217,CONTINUOUS
A0CNV9,Ribosomal RNA small subunit methyltransferase NEP1,225,GSPATT00008918001,5888,Paramecium tetraurelia,Paramecium tetraurelia,True,IPR005304,family,,225,10,224,CONTINUOUS
A0CY46,Ribosomal RNA small subunit methyltransferase NEP1,243,GSPATT00011345001,5888,Paramecium tetraurelia,Paramecium tetraurelia,True,IPR005304,family,,243,23,242,CONTINUOUS
A0RYG1,Ribosomal RNA small subunit methyltransferase Nep1,222,nep1,414004,Cenarchaeum symbiosum (strain A),Cenarchaeum symbiosum (strain A),True,IPR005304,family,,222,3,219,CONTINUOUS
A1CJ69,"RNA processing protein Emg1, putative",254,ACLA_033960,344612,Aspergillus clavatus (strain ATCC 1007 / CBS 513.65 / DSM 816 / NCTC 3887 / NRRL 1 / QM 1276 / 107),Aspergillus clavatus (strain ATCC 1007 / CBS 513.65 / DSM 816 / NCTC 3887 / NRRL 1 / QM 1276 / 107),True,IPR005304,family,,254,32,254,CONTINUOUS
A1D8A9,"RNA processing protein Emg1, putative",254,NFIA_071240,331117,Neosartorya fischeri (strain ATCC 1020 / DSM 3700 / CBS 544.65 / FGSC A1164 / JCM 1740 / NRRL 181 / WB 181),Neosartorya fischeri (strain ATCC 1020 / DSM 3700 / CBS 544.65 / FGSC A1164 / JCM 1740 / NRRL 181 / WB 181),True,IPR005304,family,,254,31,254,CONTINUOUS
A1RVH0,Ribosomal RNA small subunit methyltransferase Nep1,221,nep1,384616,Pyrobaculum islandicum (strain DSM 4184 / JCM 9189 / GEO3),Pyrobaculum islandicum (strain DSM 4184 / JCM 9189 / GEO3),True,IPR005304,family,,221,1,215,CONTINUOUS
A1RXN3,Ribosomal RNA small subunit methyltransferase Nep1,232,nep1,368408,Thermofilum pendens (strain DSM 2475 / Hrk 5),Thermofilum pendens (strain DSM 2475 / Hrk 5),True,IPR005304,family,,232,2,224,CONTINUOUS
A2BJN0,Ribosomal RNA small subunit methyltransferase Nep1,230,nep1,415426,Hyperthermus butylicus (strain DSM 5456 / JCM 9403 / PLM1-5),Hyperthermus butylicus (strain DSM 5456 / JCM 9403 / PLM1-5),True,IPR005304,family,,230,6,223,CONTINUOUS
A2BN50,Ribosomal RNA small subunit methyltransferase Nep1,230,nep1,415426,Hyperthermus butylicus (strain DSM 5456 / JCM 9403 / PLM1-5),Hyperthermus butylicus (strain DSM 5456 / JCM 9403 / PLM1-5),True,IPR005304,family,,230,2,229,CONTINUOUS
A2E5Z3,Uncharacterized protein,174,TVAG_399550,412133,Trichomonas vaginalis (strain ATCC PRA-98 / G3),Trichomonas vaginalis (strain ATCC PRA-98 / G3),True,IPR005304,family,,174,29,173,CONTINUOUS
A2EHM0,Uncharacterized protein,217,TVAG_312150,412133,Trichomonas vaginalis (strain ATCC PRA-98 / G3),Trichomonas vaginalis (strain ATCC PRA-98 / G3),True,IPR005304,family,,217,11,213,CONTINUOUS
A2QXX2,Nucleolar essential protein 1,254,An11g10540,425011,Aspergillus niger (strain ATCC MYA-4892 / CBS 513.88 / FGSC A1513),Aspergillus niger (strain ATCC MYA-4892 / CBS 513.88 / FGSC A1513),True,IPR005304,family,,254,32,254,CONTINUOUS
A3DNG9,Ribosomal RNA small subunit methyltransferase Nep1,230,nep1,399550,Staphylothermus marinus (strain ATCC 43588 / DSM 3639 / JCM 9404 / F1),Staphylothermus marinus (strain ATCC 43588 / DSM 3639 / JCM 9404 / F1),True,IPR005304,family,,230,5,230,CONTINUOUS
A3EXW1,18S rRNA (pseudouridine-N1)-methyltransferase,178,,177089,Maconellicoccus hirsutus,Maconellicoccus hirsutus (Pink hibiscus mealybug),True,IPR005304,family,,178,1,178,CONTINUOUS
A3LNK3,Ribosomal RNA small subunit methyltransferase NEP1,250,PICST_55133,322104,Scheffersomyces stipitis (strain ATCC 58785 / CBS 6054 / NBRC 10063 / NRRL Y-11545),Scheffersomyces stipitis (strain ATCC 58785 / CBS 6054 / NBRC 10063 / NRRL Y-11545) (Yeast),True,IPR005304,family,,250,12,249,CONTINUOUS
A3MWJ1,Ribosomal RNA small subunit methyltransferase Nep1,221,nep1,410359,Pyrobaculum calidifontis (strain DSM 21063 / JCM 11548 / VA1),Pyrobaculum calidifontis (strain DSM 21063 / JCM 11548 / VA1),True,IPR005304,family,,221,1,217,CONTINUOUS
A4H8R8,EMG1/NEP1 methyltransferase,287,LBRM_16_1450,5660,Leishmania braziliensis,Leishmania braziliensis,True,IPR005304,family,,287,12,279,CONTINUOUS
A4HG02,EMG1/NEP1 methyltransferase,246,LBRM_27_2430,5660,Leishmania braziliensis,Leishmania braziliensis,True,IPR005304,family,,246,2,197,CONTINUOUS
A4HX36,Uncharacterized protein,287,LINJ_16_1470,5671,Leishmania infantum,Leishmania infantum,True,IPR005304,family,,287,9,279,CONTINUOUS
A4I321,Uncharacterized protein,246,LINJ_27_2170,5671,Leishmania infantum,Leishmania infantum,True,IPR005304,family,,246,2,197,CONTINUOUS
A4RQL1,Uncharacterized protein,222,OSTLU_39810,436017,Ostreococcus lucimarinus (strain CCE9901),Ostreococcus lucimarinus (strain CCE9901),True,IPR005304,family,,222,10,221,CONTINUOUS
A4WMI3,Ribosomal RNA small subunit methyltransferase Nep1,221,nep1,340102,Pyrobaculum arsenaticum (strain DSM 13514 / JCM 11321 / PZ6),Pyrobaculum arsenaticum (strain DSM 13514 / JCM 11321 / PZ6),True,IPR005304,family,,221,1,216,CONTINUOUS
A4YES0,Ribosomal RNA small subunit methyltransferase Nep1,209,nep1,399549,Metallosphaera sedula (strain ATCC 51363 / DSM 5348 / JCM 9185 / NBRC 15509 / TH2),Metallosphaera sedula (strain ATCC 51363 / DSM 5348 / JCM 9185 / NBRC 15509 / TH2),True,IPR005304,family,,209,1,206,CONTINUOUS
A5DJ56,Ribosomal RNA small subunit methyltransferase NEP1,247,PGUG_03307,294746,Meyerozyma guilliermondii (strain ATCC 6260 / CBS 566 / DSM 6381 / JCM 1539 / NBRC 10279 / NRRL Y-324),Meyerozyma guilliermondii (strain ATCC 6260 / CBS 566 / DSM 6381 / JCM 1539 / NBRC 10279 / NRRL Y-324) (Yeast),True,IPR005304,family,,247,13,247,CONTINUOUS
A5DU67,Ribosomal RNA small subunit methyltransferase NEP1,284,LELG_00903,379508,Lodderomyces elongisporus (strain ATCC 11503 / CBS 2605 / JCM 1781 / NBRC 1676 / NRRL YB-4239),Lodderomyces elongisporus (strain ATCC 11503 / CBS 2605 / JCM 1781 / NBRC 1676 / NRRL YB-4239) (Yeast),True,IPR005304,family,,284,26,283,CONTINUOUS
A5K055,Small subunit rRNA processing factor,490,PVX_123905,126793,Plasmodium vivax (strain Salvador I),Plasmodium vivax (strain Salvador I),True,IPR005304,family,,490,229,489,CONTINUOUS
A5K5N5,"Ribosome biogenesis protein NEP1, putative",231,PVX_089290,126793,Plasmodium vivax (strain Salvador I),Plasmodium vivax (strain Salvador I),True,IPR005304,family,,231,13,230,CONTINUOUS
A6ILJ0,18S rRNA (pseudouridine(1248)-N1)-methyltransferase,194,Emg1_predicted,10116,Rattus norvegicus,Rattus norvegicus (Rat),True,IPR005304,family,,194,13,188,CONTINUOUS
A6ILJ1,18S rRNA (pseudouridine(1248)-N1)-methyltransferase,244,Emg1,10116,Rattus norvegicus,Rattus norvegicus (Rat),True,IPR005304,family,,244,13,244,CONTINUOUS
A6ILJ2,18S rRNA (pseudouridine(1248)-N1)-methyltransferase,173,Emg1_predicted,10116,Rattus norvegicus,Rattus norvegicus (Rat),True,IPR005304,family,,173,12,159,CONTINUOUS
A7A176,Ribosomal RNA small subunit methyltransferase NEP1,252,EMG1,307796,Saccharomyces cerevisiae (strain YJM789),Saccharomyces cerevisiae (strain YJM789) (Baker's yeast),True,IPR005304,family,,252,25,252,CONTINUOUS
A7AMI9,Ribosomal RNA small subunit methyltransferase NEP1,293,BBOV_III002060,5865,Babesia bovis,Babesia bovis,True,IPR005304,family,,293,3,217,CONTINUOUS
A7AWE3,Suppressor Mra1 family domain containing protein,188,BBOV_I002890,5865,Babesia bovis,Babesia bovis,True,IPR005304,family,,188,6,183,CONTINUOUS
A7F0I8,Nucleolar essential protein 1,250,SS1G_11106,665079,Sclerotinia sclerotiorum (strain ATCC 18683 / 1980 / Ss-1),Sclerotinia sclerotiorum (strain ATCC 18683 / 1980 / Ss-1) (White mold),True,IPR005304,family,,250,25,250,CONTINUOUS
A7S524,Ribosomal RNA small subunit methyltransferase NEP1,230,NEMVEDRAFT_v1g166546,45351,Nematostella vectensis,Nematostella vectensis (Starlet sea anemone),True,IPR005304,family,,230,3,229,CONTINUOUS
A7TF88,Ribosomal RNA small subunit methyltransferase NEP1,252,Kpol_2000p81,436907,Vanderwaltozyma polyspora (strain ATCC 22028 / DSM 70294 / BCRC 21397 / CBS 2163 / NBRC 10782 / NRRL Y-8283 / UCD 57-17),Vanderwaltozyma polyspora (strain ATCC 22028 / DSM 70294 / BCRC 21397 / CBS 2163 / NBRC 10782 / NRRL Y-8283 / UCD 57-17),True,IPR005304,family,,252,21,252,CONTINUOUS
A8AAM1,Ribosomal RNA small subunit methyltransferase Nep1,222,nep1,453591,Ignicoccus hospitalis (strain KIN4/I / DSM 18386 / JCM 14125),Ignicoccus hospitalis (strain KIN4/I / DSM 18386 / JCM 14125),True,IPR005304,family,,222,1,215,CONTINUOUS
A8AAZ7,Ribosomal RNA small subunit methyltransferase Nep1,209,nep1,453591,Ignicoccus hospitalis (strain KIN4/I / DSM 18386 / JCM 14125),Ignicoccus hospitalis (strain KIN4/I / DSM 18386 / JCM 14125),True,IPR005304,family,,209,2,204,CONTINUOUS
A8B2J7,Ribosome biogenesis protein NEP1,231,GL50803_005786,184922,Giardia intestinalis (strain ATCC 50803 / WB clone C6),Giardia intestinalis (strain ATCC 50803 / WB clone C6),True,IPR005304,family,,231,15,230,CONTINUOUS
A8JCZ5,Uncharacterized protein,230,CHLRE_01g009950v5,3055,Chlamydomonas reinhardtii,Chlamydomonas reinhardtii,True,IPR005304,family,,230,13,230,CONTINUOUS
A8K6D2,18S rRNA (pseudouridine(1248)-N1)-methyltransferase,244,,9606,Homo sapiens,Homo sapiens (Human),True,IPR005304,family,,244,12,244,CONTINUOUS
A8MCG0,Ribosomal RNA small subunit methyltransferase Nep1,228,nep1,397948,Caldivirga maquilingensis (strain ATCC 700844 / DSM 13496 / JCM 10307 / IC-167),Caldivirga maquilingensis (strain ATCC 700844 / DSM 13496 / JCM 10307 / IC-167),True,IPR005304,family,,228,5,222,CONTINUOUS
A8P7J7,Nucleolar essential protein 1,432,CC1G_08243,240176,Coprinopsis cinerea (strain Okayama-7 / 130 / ATCC MYA-4618 / FGSC 9003),Coprinopsis cinerea (strain Okayama-7 / 130 / ATCC MYA-4618 / FGSC 9003) (Inky cap fungus),True,IPR005304,family,,432,185,431,CONTINUOUS
A8PGG6,Nucleolar essential protein 1,145,CC1G_11376,240176,Coprinopsis cinerea (strain Okayama-7 / 130 / ATCC MYA-4618 / FGSC 9003),Coprinopsis cinerea (strain Okayama-7 / 130 / ATCC MYA-4618 / FGSC 9003) (Inky cap fungus),True,IPR005304,family,,145,29,98,CONTINUOUS
A8PGG6,Nucleolar essential protein 1,145,CC1G_11376,240176,Coprinopsis cinerea (strain Okayama-7 / 130 / ATCC MYA-4618 / FGSC 9003),Coprinopsis cinerea (strain Okayama-7 / 130 / ATCC MYA-4618 / FGSC 9003) (Inky cap fungus),True,IPR005304,family,,145,105,138,CONTINUOUS
A8Q323,Ribosomal RNA small subunit methyltransferase NEP1,382,MGL_2295,425265,Malassezia globosa (strain ATCC MYA-4612 / CBS 7966),Malassezia globosa (strain ATCC MYA-4612 / CBS 7966) (Dandruff-associated fungus),True,IPR005304,family,,382,114,382,CONTINUOUS
A8XSG9,18S rRNA (pseudouridine-N1)-methyltransferase,231,CBG18338,6238,Caenorhabditis briggsae,Caenorhabditis briggsae,True,IPR005304,family,,231,11,231,CONTINUOUS
A9A643,Ribosomal RNA small subunit methyltransferase Nep1,222,nep1,436308,Nitrosopumilus maritimus (strain SCM1),Nitrosopumilus maritimus (strain SCM1),True,IPR005304,family,,222,2,218,CONTINUOUS
A9NNK1,Ribosomal RNA small subunit methyltransferase NEP1,250,,3332,Picea sitchensis,Picea sitchensis (Sitka spruce),True,IPR005304,family,,250,34,250,CONTINUOUS
A9UTL3,Ribosomal RNA small subunit methyltransferase NEP1,195,MONBRDRAFT_15167,81824,Monosiga brevicollis,Monosiga brevicollis (Choanoflagellate),True,IPR005304,family,,195,4,194,CONTINUOUS
B0DKC8,Nep1-domain-containing protein,239,LACBIDRAFT_252281,486041,Laccaria bicolor (strain S238N-H82 / ATCC MYA-4686),Laccaria bicolor (strain S238N-H82 / ATCC MYA-4686) (Bicoloured deceiver),True,IPR005304,family,,239,15,239,CONTINUOUS
B0EEN4,"Nep1, putative",227,EDI_246260,370354,Entamoeba dispar (strain ATCC PRA-260 / SAW760),Entamoeba dispar (strain ATCC PRA-260 / SAW760),True,IPR005304,family,,227,10,227,CONTINUOUS
B0WB67,18S rRNA (pseudouridine-N1)-methyltransferase,239,6035831,7176,Culex quinquefasciatus,Culex quinquefasciatus (Southern house mosquito),True,IPR005304,family,,239,10,239,CONTINUOUS
B0XZ38,RNA processing protein Emg1,254,AFUB_043040,451804,Aspergillus fumigatus (strain CBS 144.89 / FGSC A1163 / CEA10),Aspergillus fumigatus (strain CBS 144.89 / FGSC A1163 / CEA10),True,IPR005304,family,,254,31,254,CONTINUOUS
B1L6J0,Suppressor Mra1 family protein,216,Kcr_1323,374847,Korarchaeum cryptofilum (strain OPF8),Korarchaeum cryptofilum (strain OPF8),True,IPR005304,family,,216,5,207,CONTINUOUS
B1YD95,Ribosomal RNA small subunit methyltransferase Nep1,221,nep1,444157,Pyrobaculum neutrophilum (strain DSM 2338 / JCM 9278 / NBRC 100436 / V24Sta),Pyrobaculum neutrophilum (strain DSM 2338 / JCM 9278 / NBRC 100436 / V24Sta),True,IPR005304,family,,221,1,216,CONTINUOUS
B2G452,Ribosomal RNA small subunit methyltransferase NEP1,252,Zr_EMG1,4956,Zygosaccharomyces rouxii,Zygosaccharomyces rouxii,True,IPR005304,family,,252,25,252,CONTINUOUS
B2VLA6,"Podospora anserina S mat+ genomic DNA chromosome 5, supercontig 6",286,PODANS_5_5480,515849,Podospora anserina (strain S / ATCC MYA-4624 / DSM 980 / FGSC 10383),Podospora anserina (strain S / ATCC MYA-4624 / DSM 980 / FGSC 10383) (Pleurage anserina),True,IPR005304,family,,286,61,286,CONTINUOUS
B2W8H2,Nucleolar essential protein 1,243,PTRG_06280,426418,Pyrenophora tritici-repentis (strain Pt-1C-BFP),Pyrenophora tritici-repentis (strain Pt-1C-BFP) (Wheat tan spot fungus),True,IPR005304,family,,243,19,242,CONTINUOUS
B3MQW5,18S rRNA (pseudouridine-N1)-methyltransferase,308,Dana\GF21111,7217,Drosophila ananassae,Drosophila ananassae (Fruit fly),True,IPR005304,family,,308,83,307,CONTINUOUS
B3NU40,18S rRNA (pseudouridine-N1)-methyltransferase,252,Dere\GG18713,7220,Drosophila erecta,Drosophila erecta (Fruit fly),True,IPR005304,family,,252,28,251,CONTINUOUS
B3RH77,Ribosomal RNA small subunit methyltransferase NEP1,252,SCRG_04145,285006,Saccharomyces cerevisiae (strain RM11-1a),Saccharomyces cerevisiae (strain RM11-1a) (Baker's yeast),True,IPR005304,family,,252,25,252,CONTINUOUS
B3S6B2,Ribosomal RNA small subunit methyltransferase NEP1,232,TRIADDRAFT_30169,10228,Trichoplax adhaerens,Trichoplax adhaerens,True,IPR005304,family,,232,5,232,CONTINUOUS
B3V6H6,Ribosomal RNA small subunit methyltransferase Nep1,230,nep1,526638,uncultured marine crenarchaeote AD1000-23-H12,uncultured marine crenarchaeote AD1000-23-H12,True,IPR005304,family,,230,8,223,CONTINUOUS
B4DP65,"EMG1 nucleolar protein homolog (S. cerevisiae), isoform CRA_a",141,EMG1,9606,Homo sapiens,Homo sapiens (Human),True,IPR005304,family,,141,12,139,CONTINUOUS
B4DQC7,18S rRNA (pseudouridine(1248)-N1)-methyltransferase,222,,9606,Homo sapiens,Homo sapiens (Human),True,IPR005304,family,,222,12,213,CONTINUOUS
B4H387,18S rRNA (pseudouridine-N1)-methyltransferase,252,Dper\GL13401,7234,Drosophila persimilis,Drosophila persimilis (Fruit fly),True,IPR005304,family,,252,28,251,CONTINUOUS
B4I0Y2,18S rRNA (pseudouridine-N1)-methyltransferase,252,Dsec\GM12351,7238,Drosophila sechellia,Drosophila sechellia (Fruit fly),True,IPR005304,family,,252,27,251,CONTINUOUS
B4JXE2,18S rRNA (pseudouridine-N1)-methyltransferase,252,Dgri\GH17934,7222,Drosophila grimshawi,Drosophila grimshawi (Hawaiian fruit fly),True,IPR005304,family,,252,28,252,CONTINUOUS
B4L2H4,18S rRNA (pseudouridine-N1)-methyltransferase,252,Dmoj\GI15406,7230,Drosophila mojavensis,Drosophila mojavensis (Fruit fly),True,IPR005304,family,,252,26,251,CONTINUOUS
B4M7W6,18S rRNA (pseudouridine-N1)-methyltransferase,252,Dvir\GJ16364,7244,Drosophila virilis,Drosophila virilis (Fruit fly),True,IPR005304,family,,252,29,251,CONTINUOUS
B4NPH3,18S rRNA (pseudouridine-N1)-methyltransferase,252,Dwil\GK15201,7260,Drosophila willistoni,Drosophila willistoni (Fruit fly),True,IPR005304,family,,252,28,251,CONTINUOUS
B4Q047,18S rRNA (pseudouridine-N1)-methyltransferase,252,Dyak\GE16352,7245,Drosophila yakuba,Drosophila yakuba (Fruit fly),True,IPR005304,family,,252,28,251,CONTINUOUS
B4R4I9,18S rRNA (pseudouridine-N1)-methyltransferase,252,Dsim\GD16696,7240,Drosophila simulans,Drosophila simulans (Fruit fly),True,IPR005304,family,,252,27,251,CONTINUOUS
B5IGZ9,Ribosomal RNA small subunit methyltransferase Nep1,219,nep1,439481,Aciduliprofundum boonei (strain DSM 19572 / T469),Aciduliprofundum boonei (strain DSM 19572 / T469),True,IPR005304,family,,219,2,216,CONTINUOUS
B5VNA4,Ribosomal RNA small subunit methyltransferase NEP1,252,AWRI1631_122260,545124,Saccharomyces cerevisiae (strain AWRI1631),Saccharomyces cerevisiae (strain AWRI1631) (Baker's yeast),True,IPR005304,family,,252,25,252,CONTINUOUS
B6AD34,"Nucleolar essential protein 1, putative",251,CMU_017920,441375,Cryptosporidium muris (strain RN66),Cryptosporidium muris (strain RN66),True,IPR005304,family,,251,21,250,CONTINUOUS
B6AD35,Nep1 ribosome biogenesis domain-containing protein,249,CMU_017930,441375,Cryptosporidium muris (strain RN66),Cryptosporidium muris (strain RN66),True,IPR005304,family,,249,17,248,CONTINUOUS
B6HEM8,Ribosomal RNA small subunit methyltransferase NEP1,259,PCH_Pc20g07960,500485,Penicillium rubens (strain ATCC 28089 / DSM 1075 / NRRL 1951 / Wisconsin 54-1255),Penicillium rubens (strain ATCC 28089 / DSM 1075 / NRRL 1951 / Wisconsin 54-1255),True,IPR005304,family,,259,17,259,CONTINUOUS
B6JZI4,Ribosome biogenesis protein Mra1,321,mra1,402676,Schizosaccharomyces japonicus (strain yFS275 / FY16936),Schizosaccharomyces japonicus (strain yFS275 / FY16936) (Fission yeast),True,IPR005304,family,,321,63,320,CONTINUOUS
B6K984,"Nucleolar essential protein 1, putative",235,TGVEG_313980,432359,Toxoplasma gondii (strain ATCC 50861 / VEG),Toxoplasma gondii (strain ATCC 50861 / VEG),True,IPR005304,family,,235,20,234,CONTINUOUS
B6QT36,"RNA processing protein Emg1, putative",262,PMAA_004200,441960,Talaromyces marneffei (strain ATCC 18224 / CBS 334.59 / QM 7333),Talaromyces marneffei (strain ATCC 18224 / CBS 334.59 / QM 7333),True,IPR005304,family,,262,41,262,CONTINUOUS
B6QT37,"RNA processing protein Emg1, putative",247,PMAA_004200,441960,Talaromyces marneffei (strain ATCC 18224 / CBS 334.59 / QM 7333),Talaromyces marneffei (strain ATCC 18224 / CBS 334.59 / QM 7333),True,IPR005304,family,,247,28,247,CONTINUOUS
B6T8Z1,Nucleolar essential protein-related,286,LOC100282562,4577,Zea mays,Zea mays (Maize),True,IPR005304,family,,286,52,285,CONTINUOUS
B6YTM6,Ribosomal RNA small subunit methyltransferase Nep1,219,nep1,523850,Thermococcus onnurineus (strain NA1),Thermococcus onnurineus (strain NA1),True,IPR005304,family,,219,2,217,CONTINUOUS
B7FLL0,Uncharacterized protein,282,,3880,Medicago truncatula,Medicago truncatula (Barrel medic),True,IPR005304,family,,282,24,282,CONTINUOUS
B7FWL1,Ribosome biogenesis protein NEP1,174,PHATRDRAFT_11653,556484,Phaeodactylum tricornutum (strain CCAP 1055/1),Phaeodactylum tricornutum (strain CCAP 1055/1),True,IPR005304,family,,174,1,174,CONTINUOUS
B7P3H0,18S rRNA (pseudouridine-N1)-methyltransferase,238,IscW_ISCW001309,6945,Ixodes scapularis,Ixodes scapularis (Black-legged tick),True,IPR005304,family,,238,15,237,CONTINUOUS
B8AFV1,Uncharacterized protein,284,OsI_06808,39946,Oryza sativa subsp. indica,Oryza sativa subsp. indica (Rice),True,IPR005304,family,,284,51,283,CONTINUOUS
B8CAA0,Uncharacterized protein,218,THAPSDRAFT_36986,35128,Thalassiosira pseudonana,Thalassiosira pseudonana (Marine diatom),True,IPR005304,family,,218,2,218,CONTINUOUS
B8D5R2,Ribosomal RNA small subunit methyltransferase Nep1,234,nep1,490899,Desulfurococcus amylolyticus (strain DSM 18924 / JCM 16383 / VKM B-2413 / 1221n),Desulfurococcus amylolyticus (strain DSM 18924 / JCM 16383 / VKM B-2413 / 1221n),True,IPR005304,family,,234,10,233,CONTINUOUS
B8MNG3,"RNA processing protein Emg1, putative",278,TSTA_102790,441959,Talaromyces stipitatus (strain ATCC 10500 / CBS 375.48 / QM 6759 / NRRL 1006),Talaromyces stipitatus (strain ATCC 10500 / CBS 375.48 / QM 6759 / NRRL 1006),True,IPR005304,family,,278,19,278,CONTINUOUS
B8NV42,RNA processing protein Emg1,262,F9C07_12072,332952,Aspergillus flavus (strain ATCC 200026 / FGSC A1120 / IAM 13836 / NRRL 3357 / JCM 12722 / SRRC 167),Aspergillus flavus (strain ATCC 200026 / FGSC A1120 / IAM 13836 / NRRL 3357 / JCM 12722 / SRRC 167),True,IPR005304,family,,262,39,262,CONTINUOUS
B9SZX7,"Nucleolar essential protein, putative",294,RCOM_0072430,3988,Ricinus communis,Ricinus communis (Castor bean),True,IPR005304,family,,294,53,294,CONTINUOUS
B9W9D9,Ribosomal RNA small subunit methyltransferase NEP1,268,Cd36_10670,573826,Candida dubliniensis (strain CD36 / ATCC MYA-646 / CBS 7987 / NCPF 3949 / NRRL Y-17841),Candida dubliniensis (strain CD36 / ATCC MYA-646 / CBS 7987 / NCPF 3949 / NRRL Y-17841) (Yeast),True,IPR005304,family,,268,22,267,CONTINUOUS
C0NXT6,Nucleolar essential protein,258,HCBG_07730,447093,Ajellomyces capsulatus (strain G186AR / H82 / ATCC MYA-2454 / RMSCC 2432),Ajellomyces capsulatus (strain G186AR / H82 / ATCC MYA-2454 / RMSCC 2432) (Darling's disease fungus),True,IPR005304,family,,258,31,258,CONTINUOUS
C1BN79,18S rRNA (pseudouridine-N1)-methyltransferase,245,NEP1,217165,Caligus rogercresseyi,Caligus rogercresseyi (Sea louse),True,IPR005304,family,,245,8,244,CONTINUOUS
C1BQ33,18S rRNA (pseudouridine-N1)-methyltransferase,245,NEP1,217165,Caligus rogercresseyi,Caligus rogercresseyi (Sea louse),True,IPR005304,family,,245,8,244,CONTINUOUS
C1FEB9,Uncharacterized protein,223,MICPUN_77569,296587,Micromonas commoda (strain RCC299 / NOUM17 / CCMP2709),Micromonas commoda (strain RCC299 / NOUM17 / CCMP2709) (Picoplanktonic green alga),True,IPR005304,family,,223,14,223,CONTINUOUS
C1H5D7,Nucleolar essential protein,258,PAAG_05978,502779,Paracoccidioides lutzii (strain ATCC MYA-826 / Pb01),Paracoccidioides lutzii (strain ATCC MYA-826 / Pb01),True,IPR005304,family,,258,35,258,CONTINUOUS
C1MLN0,Predicted protein,222,MICPUCDRAFT_49493,564608,Micromonas pusilla (strain CCMP1545),Micromonas pusilla (strain CCMP1545) (Picoplanktonic green alga),True,IPR005304,family,,222,11,221,CONTINUOUS
C3MJB9,Ribosomal RNA small subunit methyltransferase Nep1,223,nep1,429572,Saccharolobus islandicus (strain L.S.2.15 / Lassen #1),Saccharolobus islandicus (strain L.S.2.15 / Lassen #1),True,IPR005304,family,,223,7,218,CONTINUOUS
C3MTQ1,Ribosomal RNA small subunit methyltransferase Nep1,223,nep1,427317,Saccharolobus islandicus (strain M.14.25 / Kamchatka #1),Saccharolobus islandicus (strain M.14.25 / Kamchatka #1),True,IPR005304,family,,223,7,218,CONTINUOUS
C3N0B1,Ribosomal RNA small subunit methyltransferase Nep1,223,nep1,427318,Saccharolobus islandicus (strain M.16.27),Saccharolobus islandicus (strain M.16.27),True,IPR005304,family,,223,7,218,CONTINUOUS
C3N7W9,Ribosomal RNA small subunit methyltransferase Nep1,223,nep1,439386,Saccharolobus islandicus (strain Y.G.57.14 / Yellowstone #1),Saccharolobus islandicus (strain Y.G.57.14 / Yellowstone #1),True,IPR005304,family,,223,7,218,CONTINUOUS
C3NJ75,Ribosomal RNA small subunit methyltransferase Nep1,223,nep1,419942,Saccharolobus islandicus (strain Y.N.15.51 / Yellowstone #2),Saccharolobus islandicus (strain Y.N.15.51 / Yellowstone #2),True,IPR005304,family,,223,7,218,CONTINUOUS
C4JDQ8,Nucleolar essential protein 1,256,UREG_00534,336963,Uncinocarpus reesii (strain UAMH 1704),Uncinocarpus reesii (strain UAMH 1704),True,IPR005304,family,,256,31,256,CONTINUOUS
C4KJF9,Ribosomal RNA small subunit methyltransferase Nep1,223,nep1,426118,Saccharolobus islandicus (strain M.16.4 / Kamchatka #3),Saccharolobus islandicus (strain M.16.4 / Kamchatka #3),True,IPR005304,family,,223,7,218,CONTINUOUS
C4LT83,"Ribosome biogenesis protein NEP1, putative",227,EHI_044610,294381,Entamoeba histolytica (strain ATCC 30459 / HM-1:IMSS / ABRM),Entamoeba histolytica (strain ATCC 30459 / HM-1:IMSS / ABRM),True,IPR005304,family,,227,9,227,CONTINUOUS
C4QWT9,Ribosomal RNA small subunit methyltransferase NEP1,249,PAS_chr1-1_0335,644223,Komagataella phaffii (strain GS115 / ATCC 20864),Komagataella phaffii (strain GS115 / ATCC 20864) (Yeast),True,IPR005304,family,,249,9,249,CONTINUOUS
C4VAI9,Uncharacterized protein,164,NCER_101666,578460,Vairimorpha ceranae (strain BRL01),Vairimorpha ceranae (strain BRL01) (Microsporidian parasite),True,IPR005304,family,,164,22,160,CONTINUOUS
C4WXG5,18S rRNA (pseudouridine-N1)-methyltransferase,232,ACYPI005116,7029,Acyrthosiphon pisum,Acyrthosiphon pisum (Pea aphid),True,IPR005304,family,,232,8,232,CONTINUOUS
C4Y1R7,Ribosomal RNA small subunit methyltransferase NEP1,349,CLUG_02149,306902,Clavispora lusitaniae (strain ATCC 42720),Clavispora lusitaniae (strain ATCC 42720) (Yeast),True,IPR005304,family,,349,103,349,CONTINUOUS
C4YCR4,Ribosomal RNA small subunit methyltransferase NEP1,267,CAWG_00298,294748,Candida albicans (strain WO-1),Candida albicans (strain WO-1) (Yeast),True,IPR005304,family,,267,21,266,CONTINUOUS
C5A6Q9,Ribosomal RNA small subunit methyltransferase Nep1,216,nep1,593117,Thermococcus gammatolerans (strain DSM 15229 / JCM 11827 / EJ3),Thermococcus gammatolerans (strain DSM 15229 / JCM 11827 / EJ3),True,IPR005304,family,,216,2,213,CONTINUOUS
C5DK57,Ribosomal RNA small subunit methyltransferase NEP1,252,KLTH0F01958g,559295,Lachancea thermotolerans (strain ATCC 56472 / CBS 6340 / NRRL Y-8284),Lachancea thermotolerans (strain ATCC 56472 / CBS 6340 / NRRL Y-8284) (Yeast),True,IPR005304,family,,252,25,252,CONTINUOUS
C5DZ02,Ribosomal RNA small subunit methyltransferase NEP1,252,ZYRO0F17116g,559307,Zygosaccharomyces rouxii (strain ATCC 2623 / CBS 732 / NBRC 1130 / NCYC 568 / NRRL Y-229),Zygosaccharomyces rouxii (strain ATCC 2623 / CBS 732 / NBRC 1130 / NCYC 568 / NRRL Y-229),True,IPR005304,family,,252,25,252,CONTINUOUS
C5FZT2,Nucleolar essential protein 1,251,MCYG_08204,554155,Arthroderma otae (strain ATCC MYA-4605 / CBS 113480),Arthroderma otae (strain ATCC MYA-4605 / CBS 113480),True,IPR005304,family,,251,37,251,CONTINUOUS
C5KF47,"Nep1, putative",251,Pmar_PMAR004700,423536,Perkinsus marinus (strain ATCC 50983 / TXsc),Perkinsus marinus (strain ATCC 50983 / TXsc),True,IPR005304,family,,251,18,251,CONTINUOUS
C5KFJ6,"Nep1, putative",265,Pmar_PMAR022594,423536,Perkinsus marinus (strain ATCC 50983 / TXsc),Perkinsus marinus (strain ATCC 50983 / TXsc),True,IPR005304,family,,265,18,265,CONTINUOUS
C5KG00,"Nep1, putative",265,Pmar_PMAR017448,423536,Perkinsus marinus (strain ATCC 50983 / TXsc),Perkinsus marinus (strain ATCC 50983 / TXsc),True,IPR005304,family,,265,18,265,CONTINUOUS
C5KXK2,"Ribosome biogenesis protein nep1, putative",236,Pmar_PMAR000771,423536,Perkinsus marinus (strain ATCC 50983 / TXsc),Perkinsus marinus (strain ATCC 50983 / TXsc),True,IPR005304,family,,236,62,233,CONTINUOUS
C5L961,"Ribosome biogenesis protein nep1, putative",266,Pmar_PMAR007426,423536,Perkinsus marinus (strain ATCC 50983 / TXsc),Perkinsus marinus (strain ATCC 50983 / TXsc),True,IPR005304,family,,266,30,266,CONTINUOUS
C5LDA9,Uncharacterized protein,450,Pmar_PMAR027882,423536,Perkinsus marinus (strain ATCC 50983 / TXsc),Perkinsus marinus (strain ATCC 50983 / TXsc),True,IPR005304,family,,450,63,230,CONTINUOUS
C5MD05,Ribosomal RNA small subunit methyltransferase NEP1,264,CTRG_04106,294747,Candida tropicalis (strain ATCC MYA-3404 / T1),Candida tropicalis (strain ATCC MYA-3404 / T1) (Yeast),True,IPR005304,family,,264,23,263,CONTINUOUS
C5PIK7,"Nucleolar essential protein 1, putative",256,CPC735_057300,222929,Coccidioides posadasii (strain C735),Coccidioides posadasii (strain C735) (Valley fever fungus),True,IPR005304,family,,256,35,256,CONTINUOUS
C5XRZ6,Ribosomal RNA small subunit methyltransferase NEP1,280,SORBI_3004G296600,4558,Sorghum bicolor,Sorghum bicolor (Sorghum),True,IPR005304,family,,280,49,279,CONTINUOUS
C5Y0G8,Ribosomal RNA small subunit methyltransferase NEP1,285,SORBI_3004G130200,4558,Sorghum bicolor,Sorghum bicolor (Sorghum),True,IPR005304,family,,285,50,284,CONTINUOUS
C6A116,Ribosomal RNA small subunit methyltransferase Nep1,220,nep1,604354,Thermococcus sibiricus (strain DSM 12597 / MM 739),Thermococcus sibiricus (strain DSM 12597 / MM 739),True,IPR005304,family,,220,2,215,CONTINUOUS
C6HQJ7,Nucleolar essential protein,289,HCDG_08915,544712,Ajellomyces capsulatus (strain H143),Ajellomyces capsulatus (strain H143) (Darling's disease fungus),True,IPR005304,family,,289,35,257,CONTINUOUS
C6LZ53,"Ribosome biogenesis protein NEP1, putative",231,GL50581_4082,598745,Giardia intestinalis (strain ATCC 50581 / GS clone H7),Giardia intestinalis (strain ATCC 50581 / GS clone H7),True,IPR005304,family,,231,15,230,CONTINUOUS
C6SXY2,Ribosomal RNA small subunit methyltransferase NEP1,253,,3847,Glycine max,Glycine max (Soybean),True,IPR005304,family,,253,40,250,CONTINUOUS
C6T9V6,Ribosomal RNA small subunit methyltransferase NEP1,276,,3847,Glycine max,Glycine max (Soybean),True,IPR005304,family,,276,40,276,CONTINUOUS
C6TAF1,Ribosomal RNA small subunit methyltransferase NEP1,282,LOC100778294,3847,Glycine max,Glycine max (Soybean),True,IPR005304,family,,282,39,282,CONTINUOUS
C7GIX3,Ribosomal RNA small subunit methyltransferase NEP1,252,EMG1,574961,Saccharomyces cerevisiae (strain JAY291),Saccharomyces cerevisiae (strain JAY291) (Baker's yeast),True,IPR005304,family,,252,25,252,CONTINUOUS
C7P7T6,Ribosomal RNA small subunit methyltransferase Nep1,204,nep1,573064,Methanocaldococcus fervens (strain DSM 4213 / JCM 15782 / AG86),Methanocaldococcus fervens (strain DSM 4213 / JCM 15782 / AG86),True,IPR005304,family,,204,2,202,CONTINUOUS
C7YP19,Nucleolar essential protein 1,252,NECHADRAFT_59709,660122,Fusarium vanettenii (strain ATCC MYA-4622 / CBS 123669 / FGSC 9596 / NRRL 45880 / 77-13-4),Fusarium vanettenii (strain ATCC MYA-4622 / CBS 123669 / FGSC 9596 / NRRL 45880 / 77-13-4),True,IPR005304,family,,252,27,252,CONTINUOUS
C8ZDF7,Ribosomal RNA small subunit methyltransferase NEP1,252,EC1118_1L7_0276g,643680,Saccharomyces cerevisiae (strain Lalvin EC1118 / Prise de mousse),Saccharomyces cerevisiae (strain Lalvin EC1118 / Prise de mousse) (Baker's yeast),True,IPR005304,family,,252,25,252,CONTINUOUS
C9RHI8,Ribosomal RNA small subunit methyltransferase Nep1,204,nep1,579137,Methanocaldococcus vulcanius (strain ATCC 700851 / DSM 12094 / M7),Methanocaldococcus vulcanius (strain ATCC 700851 / DSM 12094 / M7),True,IPR005304,family,,204,2,202,CONTINUOUS
C9SXQ6,Nucleolar essential protein,196,VDBG_09681,526221,Verticillium alfalfae (strain VaMs.102 / ATCC MYA-4576 / FGSC 10136),Verticillium alfalfae (strain VaMs.102 / ATCC MYA-4576 / FGSC 10136) (Verticillium wilt of alfalfa),True,IPR005304,family,,196,3,196,CONTINUOUS
C9ZJJ4,EMG1/NEP1 methyltransferase,279,TbgDal_II2990,679716,Trypanosoma brucei gambiense (strain MHOM/CI/86/DAL972),Trypanosoma brucei gambiense (strain MHOM/CI/86/DAL972),True,IPR005304,family,,279,53,272,CONTINUOUS
C9ZVV5,EMG1/NEP1 methyltransferase,278,TbgDal_VIII4840,679716,Trypanosoma brucei gambiense (strain MHOM/CI/86/DAL972),Trypanosoma brucei gambiense (strain MHOM/CI/86/DAL972),True,IPR005304,family,,278,9,270,CONTINUOUS
D0KUA5,Ribosomal RNA small subunit methyltransferase Nep1,223,nep1,555311,Saccharolobus solfataricus (strain 98/2),Saccharolobus solfataricus (strain 98/2),True,IPR005304,family,,223,7,218,CONTINUOUS
D0MSZ9,"Ribosome biogenesis protein NEP1, putative",215,PITG_00142,403677,Phytophthora infestans (strain T30-4),Phytophthora infestans (strain T30-4) (Potato late blight agent),True,IPR005304,family,,215,5,215,CONTINUOUS
D2HIZ9,18S rRNA (pseudouridine(1248)-N1)-methyltransferase,244,EMG1,9646,Ailuropoda melanoleuca,Ailuropoda melanoleuca (Giant panda),True,IPR005304,family,,244,12,244,CONTINUOUS
D2PDW1,Ribosomal RNA small subunit methyltransferase Nep1,223,nep1,425944,Saccharolobus islandicus (strain L.D.8.5 / Lassen #2),Saccharolobus islandicus (strain L.D.8.5 / Lassen #2),True,IPR005304,family,,223,7,218,CONTINUOUS
D2RGM9,Ribosomal RNA small subunit methyltransferase Nep1,218,nep1,572546,Archaeoglobus profundus (strain DSM 5631 / JCM 9629 / NBRC 100127 / Av18),Archaeoglobus profundus (strain DSM 5631 / JCM 9629 / NBRC 100127 / Av18),True,IPR005304,family,,218,2,205,CONTINUOUS
D2UYW3,Ribosomal RNA small subunit methyltransferase NEP1,248,NAEGRDRAFT_60179,5762,Naegleria gruberi,Naegleria gruberi (Amoeba),True,IPR005304,family,,248,17,248,CONTINUOUS
D3BNZ2,Putative ribosome biogenesis protein,263,emg1,670386,Heterostelium pallidum (strain ATCC 26659 / Pp 5 / PN500),Heterostelium pallidum (strain ATCC 26659 / Pp 5 / PN500) (Cellular slime mold),True,IPR005304,family,,263,5,263,CONTINUOUS
D3S196,Ribosomal RNA small subunit methyltransferase Nep1,221,nep1,589924,Ferroglobus placidus (strain DSM 10642 / AEDII12DO),Ferroglobus placidus (strain DSM 10642 / AEDII12DO),True,IPR005304,family,,221,4,212,CONTINUOUS
D3ZDS4,18S rRNA (pseudouridine(1248)-N1)-methyltransferase,244,Emg1,10116,Rattus norvegicus,Rattus norvegicus (Rat),True,IPR005304,family,,244,13,244,CONTINUOUS
D4ASL9,RNA processing protein Emg1,262,ARB_07234,663331,Arthroderma benhamiae (strain ATCC MYA-4681 / CBS 112371),Arthroderma benhamiae (strain ATCC MYA-4681 / CBS 112371),True,IPR005304,family,,262,32,262,CONTINUOUS
D4D9Z8,Ribosomal RNA small subunit methyltransferase NEP1,241,TRV_03942,663202,Trichophyton verrucosum (strain HKI 0517),Trichophyton verrucosum (strain HKI 0517),True,IPR005304,family,,241,11,241,CONTINUOUS
D5GCH8,Ribosomal RNA small subunit methyltransferase NEP1,250,GSTUM_00005897001,656061,Tuber melanosporum (strain Mel28),Tuber melanosporum (strain Mel28) (Perigord black truffle),True,IPR005304,family,,250,33,250,CONTINUOUS
D5U248,Ribosomal RNA small subunit methyltransferase Nep1,227,nep1,633148,Thermosphaera aggregans (strain DSM 11486 / M11TL),Thermosphaera aggregans (strain DSM 11486 / M11TL),True,IPR005304,family,,227,4,222,CONTINUOUS
D5VUD6,Ribosomal RNA small subunit methyltransferase Nep1,204,nep1,573063,Methanocaldococcus infernus (strain DSM 11812 / JCM 15783 / ME),Methanocaldococcus infernus (strain DSM 11812 / JCM 15783 / ME),True,IPR005304,family,,204,2,201,CONTINUOUS
D6WR61,18S rRNA (pseudouridine-N1)-methyltransferase,236,AUGUSTUS-3.0.2_09996,7070,Tribolium castaneum,Tribolium castaneum (Red flour beetle),True,IPR005304,family,,236,1,235,CONTINUOUS
D7D9N9,Ribosomal RNA small subunit methyltransferase Nep1,230,nep1,591019,Staphylothermus hellenicus (strain DSM 12710 / JCM 10830 / BK20S6-10-b1 / P8),Staphylothermus hellenicus (strain DSM 12710 / JCM 10830 / BK20S6-10-b1 / P8),True,IPR005304,family,,230,7,230,CONTINUOUS
D7FWD4,Uncharacterized protein,238,Esi_0302_0026,2880,Ectocarpus siliculosus,Ectocarpus siliculosus (Brown alga),True,IPR005304,family,,238,17,237,CONTINUOUS
D7LVM3,Uncharacterized protein,298,ARALYDRAFT_486143,81972,Arabidopsis lyrata subsp. lyrata,Arabidopsis lyrata subsp. lyrata (Lyre-leaved rock-cress),True,IPR005304,family,,298,48,298,CONTINUOUS
D7T3B4,Ribosomal RNA small subunit methyltransferase NEP1,101,VIT_13s0073g00410,29760,Vitis vinifera,Vitis vinifera (Grape),True,IPR005304,family,,101,18,97,CONTINUOUS
D7TF06,Ribosomal RNA small subunit methyltransferase NEP1,271,VIT_13s0047g00460,29760,Vitis vinifera,Vitis vinifera (Grape),True,IPR005304,family,,271,36,270,CONTINUOUS
D8LYI7,Ribosomal RNA small subunit methyltransferase NEP1,178,GSBLH_T00000941001,12968,Blastocystis hominis,Blastocystis hominis,True,IPR005304,family,,178,1,177,CONTINUOUS
D8LZ53,Ribosomal RNA small subunit methyltransferase NEP1,178,GSBLH_T00001302001,12968,Blastocystis hominis,Blastocystis hominis,True,IPR005304,family,,178,1,178,CONTINUOUS
D8QCD2,Nep1-domain-containing protein,229,SCHCODRAFT_59222,578458,Schizophyllum commune (strain H4-8 / FGSC 9210),Schizophyllum commune (strain H4-8 / FGSC 9210) (Split gill fungus),True,IPR005304,family,,229,8,228,CONTINUOUS
D8R5H0,Ribosomal RNA small subunit methyltransferase NEP1,229,SELMODRAFT_407397,88036,Selaginella moellendorffii,Selaginella moellendorffii (Spikemoss),True,IPR005304,family,,229,14,229,CONTINUOUS
D8SFI8,Ribosomal RNA small subunit methyltransferase NEP1,188,SELMODRAFT_115712,88036,Selaginella moellendorffii,Selaginella moellendorffii (Spikemoss),True,IPR005304,family,,188,1,188,CONTINUOUS
D8U9G9,Uncharacterized protein,230,VOLCADRAFT_106743,3068,Volvox carteri f. nagariensis,Volvox carteri f. nagariensis,True,IPR005304,family,,230,14,230,CONTINUOUS
D9PZ22,Ribosomal RNA small subunit methyltransferase Nep1,215,nep1,666510,Acidilobus saccharovorans (strain DSM 16705 / JCM 18335 / VKM B-2471 / 345-15),Acidilobus saccharovorans (strain DSM 16705 / JCM 18335 / VKM B-2471 / 345-15),True,IPR005304,family,,215,2,212,CONTINUOUS
E0S5B3,Mra1-like protein,180,Eint_010350,876142,Encephalitozoon intestinalis (strain ATCC 50506),Encephalitozoon intestinalis (strain ATCC 50506) (Microsporidian parasite),True,IPR005304,family,,180,28,179,CONTINUOUS
E0SRN1,Ribosomal RNA small subunit methyltransferase Nep1,237,nep1,583356,Ignisphaera aggregans (strain DSM 17230 / JCM 13409 / AQ1.S1),Ignisphaera aggregans (strain DSM 17230 / JCM 13409 / AQ1.S1),True,IPR005304,family,,237,3,230,CONTINUOUS
E0W3P6,18S rRNA (pseudouridine-N1)-methyltransferase,238,8239682,121224,Pediculus humanus subsp. corporis,Pediculus humanus subsp. corporis (Body louse),True,IPR005304,family,,238,17,238,CONTINUOUS
E1EZX4,"Ribosome biogenesis protein NEP1, putative",231,GLP15_2020,658858,Giardia intestinalis (strain P15),Giardia intestinalis (strain P15),True,IPR005304,family,,231,15,230,CONTINUOUS
E1QV05,Ribosomal RNA small subunit methyltransferase Nep1,228,nep1,572478,Vulcanisaeta distributa (strain DSM 14429 / JCM 11212 / NBRC 100878 / IC-017),Vulcanisaeta distributa (strain DSM 14429 / JCM 11212 / NBRC 100878 / IC-017),True,IPR005304,family,,228,3,222,CONTINUOUS
E2AA49,18S rRNA (pseudouridine-N1)-methyltransferase,235,EAG_11817,104421,Camponotus floridanus,Camponotus floridanus (Florida carpenter ant),True,IPR005304,family,,235,6,235,CONTINUOUS
E2BSS1,18S rRNA (pseudouridine-N1)-methyltransferase,235,EAI_01686,610380,Harpegnathos saltator,Harpegnathos saltator (Jerdon's jumping ant),True,IPR005304,family,,235,4,235,CONTINUOUS
E3GXP4,Ribosomal RNA small subunit methyltransferase Nep1,226,nep1,523846,Methanothermus fervidus (strain ATCC 43054 / DSM 2088 / JCM 10308 / V24 S),Methanothermus fervidus (strain ATCC 43054 / DSM 2088 / JCM 10308 / V24 S),True,IPR005304,family,,226,2,217,CONTINUOUS
E3KNC4,18S rRNA pseudouridine methyltransferase,290,PGTG_11089,418459,Puccinia graminis f. sp. tritici (strain CRL 75-36-700-3 / race SCCL),Puccinia graminis f. sp. tritici (strain CRL 75-36-700-3 / race SCCL) (Black stem rust fungus),True,IPR005304,family,,290,19,290,CONTINUOUS
E3LZF9,18S rRNA (pseudouridine-N1)-methyltransferase,243,CRE_04616,31234,Caenorhabditis remanei,Caenorhabditis remanei,True,IPR005304,family,,243,21,243,CONTINUOUS
E3QI27,EMG1/NEP1 methyltransferase,255,GLRG_05659,645133,Colletotrichum graminicola (strain M1.001 / M2 / FGSC 10212),Colletotrichum graminicola (strain M1.001 / M2 / FGSC 10212) (Maize anthracnose fungus),True,IPR005304,family,,255,30,254,CONTINUOUS
E3RW41,EMG1 domain containing protein,300,PTT_13441,861557,Pyrenophora teres f. teres (strain 0-1),Pyrenophora teres f. teres (strain 0-1) (Barley net blotch fungus),True,IPR005304,family,,300,33,277,CONTINUOUS
E4UWX3,Essential for mitotic growth 1,263,MGYG_05609,535722,Arthroderma gypseum (strain ATCC MYA-4604 / CBS 118893),Arthroderma gypseum (strain ATCC MYA-4604 / CBS 118893),True,IPR005304,family,,263,33,263,CONTINUOUS
E4XE09,18S rRNA (pseudouridine(1248)-N1)-methyltransferase,262,GSOID_T00008409001,34765,Oikopleura dioica,Oikopleura dioica (Tunicate),True,IPR005304,family,,262,16,261,CONTINUOUS
E5A3N0,Similar to nucleolar essential protein 1,275,LEMA_P096520.1,985895,Leptosphaeria maculans (strain JN3 / isolate v23.1.3 / race Av1-4-5-6-7-8),Leptosphaeria maculans (strain JN3 / isolate v23.1.3 / race Av1-4-5-6-7-8) (Blackleg fungus),True,IPR005304,family,,275,45,274,CONTINUOUS
E6N653,Ribosomal RNA small subunit methyltransferase Nep1,221,nep1,311458,Caldiarchaeum subterraneum,Caldiarchaeum subterraneum,True,IPR005304,family,,221,1,216,CONTINUOUS
E6RC65,"Protein required for the maturation of the 18S rRNA and 40S ribosome production, putative Emg1p",330,CGB_I2630C,367775,Cryptococcus gattii serotype B (strain WM276 / ATCC MYA-4071),Cryptococcus gattii serotype B (strain WM276 / ATCC MYA-4071) (Filobasidiella gattii),True,IPR005304,family,,330,80,330,CONTINUOUS
E6ZW55,Related to EMG1-Protein required for ribosome biogenesis,391,sr11312,999809,Sporisorium reilianum (strain SRZ2),Sporisorium reilianum (strain SRZ2) (Maize head smut fungus),True,IPR005304,family,,391,134,390,CONTINUOUS
E8RAB9,Ribosomal RNA small subunit methyltransferase Nep1,229,nep1,765177,Desulfurococcus mucosus (strain ATCC 35584 / DSM 2162 / JCM 9187 / O7/1),Desulfurococcus mucosus (strain ATCC 35584 / DSM 2162 / JCM 9187 / O7/1),True,IPR005304,family,,229,4,226,CONTINUOUS
E9ACU2,EMG1/NEP1 methyltransferase,246,LMJF_27_2250,5664,Leishmania major,Leishmania major,True,IPR005304,family,,246,2,197,CONTINUOUS
E9AQV1,EMG1/NEP1 methyltransferase,287,LMXM_16_1390,929439,Leishmania mexicana (strain MHOM/GT/2001/U1103),Leishmania mexicana (strain MHOM/GT/2001/U1103),True,IPR005304,family,,287,9,279,CONTINUOUS
E9AZD1,EMG1/NEP1 methyltransferase,246,LMXM_27_2250,929439,Leishmania mexicana (strain MHOM/GT/2001/U1103),Leishmania mexicana (strain MHOM/GT/2001/U1103),True,IPR005304,family,,246,2,197,CONTINUOUS
E9D4Y6,Nucleolar essential protein 1,256,CPSG_05254,443226,Coccidioides posadasii (strain RMSCC 757 / Silveira),Coccidioides posadasii (strain RMSCC 757 / Silveira) (Valley fever fungus),True,IPR005304,family,,256,35,256,CONTINUOUS
E9DS47,Nucleolar essential protein 1,261,MAC_00120,655827,Metarhizium acridum (strain CQMa 102),Metarhizium acridum (strain CQMa 102),True,IPR005304,family,,261,36,261,CONTINUOUS
E9EWT1,"Ribosomal biogenesis, methyltransferase, EMG1/NEP1",176,MAA_04480,655844,Metarhizium robertsii (strain ARSEF 23 / ATCC MYA-3075),Metarhizium robertsii (strain ARSEF 23 / ATCC MYA-3075),True,IPR005304,family,,176,1,176,CONTINUOUS
E9H0L1,18S rRNA (pseudouridine-N1)-methyltransferase,236,DAPPUDRAFT_188726,6669,Daphnia pulex,Daphnia pulex (Water flea),True,IPR005304,family,,236,17,235,CONTINUOUS
F0LH57,Ribosomal RNA small subunit methyltransferase Nep1,219,nep1,391623,Thermococcus barophilus (strain DSM 11836 / MP),Thermococcus barophilus (strain DSM 11836 / MP),True,IPR005304,family,,219,2,215,CONTINUOUS
F0NFI6,Ribosomal RNA small subunit methyltransferase Nep1,223,nep1,930945,Saccharolobus islandicus (strain REY15A),Saccharolobus islandicus (strain REY15A),True,IPR005304,family,,223,7,218,CONTINUOUS
F0NIX5,Ribosomal RNA small subunit methyltransferase Nep1,223,nep1,930943,Saccharolobus islandicus (strain HVE10/4),Saccharolobus islandicus (strain HVE10/4),True,IPR005304,family,,223,7,218,CONTINUOUS
F0QTD7,Ribosomal RNA small subunit methyltransferase Nep1,228,nep1,985053,Vulcanisaeta moutnovskia (strain 768-28),Vulcanisaeta moutnovskia (strain 768-28),True,IPR005304,family,,228,3,221,CONTINUOUS
F0UQD9,Nucleolar essential protein,234,HCEG_07144,544711,Ajellomyces capsulatus (strain H88),Ajellomyces capsulatus (strain H88) (Darling's disease fungus),True,IPR005304,family,,234,44,202,CONTINUOUS
F0VNJ9,"Suppressor Mra1 superfamily, related",226,NCLIV_057180,572307,Neospora caninum (strain Liverpool),Neospora caninum (strain Liverpool),True,IPR005304,family,,226,20,219,CONTINUOUS
F0WIG5,Ribosome biogenesis protein NEP1 putative,215,AlNc14C110G6365,890382,Albugo laibachii Nc14,Albugo laibachii Nc14,True,IPR005304,family,,215,4,215,CONTINUOUS
F0X3V7,Cgd4_2830 protein,240,cgd4_2830,5807,Cryptosporidium parvum,Cryptosporidium parvum,True,IPR005304,family,,240,9,238,CONTINUOUS
F0XNF4,Nucleolar essential protein 1,261,CMQ_1887,655863,Grosmannia clavigera (strain kw1407 / UAMH 11150),Grosmannia clavigera (strain kw1407 / UAMH 11150) (Blue stain fungus),True,IPR005304,family,,261,34,261,CONTINUOUS
F0YJ12,Ribosomal RNA small subunit methyltransferase NEP1,198,AURANDRAFT_6205,44056,Aureococcus anophagefferens,Aureococcus anophagefferens (Harmful bloom alga),True,IPR005304,family,,198,3,198,CONTINUOUS
F1A4Y8,Uncharacterized protein,327,DICPUDRAFT_159774,5786,Dictyostelium purpureum,Dictyostelium purpureum (Slime mold),True,IPR005304,family,,327,7,327,CONTINUOUS
F1LE19,18S rRNA (pseudouridine-N1)-methyltransferase,229,,6253,Ascaris suum,Ascaris suum (Pig roundworm),True,IPR005304,family,,229,22,218,CONTINUOUS
F1N532,18S rRNA (pseudouridine(1248)-N1)-methyltransferase,347,EMG1,9913,Bos taurus,Bos taurus (Bovine),True,IPR005304,family,,347,115,347,CONTINUOUS
F1N832,18S rRNA (pseudouridine(1248)-N1)-methyltransferase,231,EMG1,9031,Gallus gallus,Gallus gallus (Chicken),True,IPR005304,family,,231,16,230,CONTINUOUS
F2E0T0,Ribosomal RNA small subunit methyltransferase NEP1,279,LOC123403065,112509,Hordeum vulgare subsp. vulgare,Hordeum vulgare subsp. vulgare (Domesticated barley),True,IPR005304,family,,279,43,278,CONTINUOUS
F2KQS3,Ribosomal RNA small subunit methyltransferase Nep1,212,nep1,693661,Archaeoglobus veneficus (strain DSM 11195 / SNP6),Archaeoglobus veneficus (strain DSM 11195 / SNP6),True,IPR005304,family,,212,2,209,CONTINUOUS
F2L3J7,Ribosomal RNA small subunit methyltransferase Nep1,221,nep1,999630,Thermoproteus uzoniensis (strain 768-20),Thermoproteus uzoniensis (strain 768-20),True,IPR005304,family,,221,2,215,CONTINUOUS
F2PLF6,Nucleolar essential protein 1,266,TEQG_01556,559882,Trichophyton equinum (strain ATCC MYA-4606 / CBS 127.97),Trichophyton equinum (strain ATCC MYA-4606 / CBS 127.97) (Horse ringworm fungus),True,IPR005304,family,,266,32,266,CONTINUOUS
F2QP61,Ribosomal RNA small subunit methyltransferase NEP1,249,EMG1,981350,Komagataella phaffii (strain ATCC 76273 / CBS 7435 / CECT 11047 / NRRL Y-11430 / Wegner 21-1),Komagataella phaffii (strain ATCC 76273 / CBS 7435 / CECT 11047 / NRRL Y-11430 / Wegner 21-1) (Yeast),True,IPR005304,family,,249,9,249,CONTINUOUS
F2RSN9,Nucleolar essential protein 1,266,TESG_01858,647933,Trichophyton tonsurans (strain CBS 112818),Trichophyton tonsurans (strain CBS 112818) (Scalp ringworm fungus),True,IPR005304,family,,266,32,266,CONTINUOUS
F2SHJ7,Nucleolar essential protein 1,273,TERG_02494,559305,Trichophyton rubrum (strain ATCC MYA-4607 / CBS 118892),Trichophyton rubrum (strain ATCC MYA-4607 / CBS 118892) (Athlete's foot fungus),True,IPR005304,family,,273,18,273,CONTINUOUS
F2T6V0,Ribosomal RNA small subunit methyltransferase NEP1,258,BDDG_01851,653446,Ajellomyces dermatitidis (strain ATCC 18188 / CBS 674.68),Ajellomyces dermatitidis (strain ATCC 18188 / CBS 674.68),True,IPR005304,family,,258,35,258,CONTINUOUS
F2U443,C2f protein,235,PTSG_03052,946362,Salpingoeca rosetta (strain ATCC 50818 / BSB-021),Salpingoeca rosetta (strain ATCC 50818 / BSB-021),True,IPR005304,family,,235,8,234,CONTINUOUS
F3KLK6,Ribosomal RNA small subunit methyltransferase Nep1,222,nep1,886738,Candidatus Nitrosarchaeum limnium SFB1,Candidatus Nitrosarchaeum limnium SFB1,True,IPR005304,family,,222,2,218,CONTINUOUS
F4B9X0,Ribosomal RNA small subunit methyltransferase Nep1,216,nep1,933801,Acidianus hospitalis (strain W1),Acidianus hospitalis (strain W1),True,IPR005304,family,,216,3,209,CONTINUOUS
F4FY81,Ribosomal RNA small subunit methyltransferase Nep1,209,nep1,1006006,Metallosphaera cuprina (strain Ar-4),Metallosphaera cuprina (strain Ar-4),True,IPR005304,family,,209,1,207,CONTINUOUS
F4NRK3,Ribosomal RNA small subunit methyltransferase NEP1,234,BATDEDRAFT_84466,684364,Batrachochytrium dendrobatidis (strain JAM81 / FGSC 10211),Batrachochytrium dendrobatidis (strain JAM81 / FGSC 10211) (Frog chytrid fungus),True,IPR005304,family,,234,7,234,CONTINUOUS
F4QA86,Ribosome biogenesis protein,296,emg1,261658,Cavenderia fasciculata,Cavenderia fasciculata (Slime mold),True,IPR005304,family,,296,11,296,CONTINUOUS
F4RYQ9,Nep1-domain-containing protein,257,MELLADRAFT_38559,747676,Melampsora larici-populina (strain 98AG31 / pathotype 3-4-7),Melampsora larici-populina (strain 98AG31 / pathotype 3-4-7) (Poplar leaf rust fungus),True,IPR005304,family,,257,31,257,CONTINUOUS
F4WGN3,18S rRNA (pseudouridine-N1)-methyltransferase,235,G5I_04819,103372,Acromyrmex echinatior,Acromyrmex echinatior (Panamanian leafcutter ant),True,IPR005304,family,,235,5,234,CONTINUOUS
F6BCR0,Ribosomal RNA small subunit methyltransferase Nep1,201,nep1,880724,Methanotorris igneus (strain DSM 5666 / JCM 11834 / Kol 5),Methanotorris igneus (strain DSM 5666 / JCM 11834 / Kol 5),True,IPR005304,family,,201,3,199,CONTINUOUS
F6HKA1,Ribosomal RNA small subunit methyltransferase NEP1,271,VIT_08s0007g05320,29760,Vitis vinifera,Vitis vinifera (Grape),True,IPR005304,family,,271,37,270,CONTINUOUS
F6RAN6,18S rRNA (pseudouridine(1248)-N1)-methyltransferase,237,LOC100184403,7719,Ciona intestinalis,Ciona intestinalis (Transparent sea squirt),True,IPR005304,family,,237,5,237,CONTINUOUS
F6SII9,18S rRNA (pseudouridine(1248)-N1)-methyltransferase,254,EMG1,9544,Macaca mulatta,Macaca mulatta (Rhesus macaque),True,IPR005304,family,,254,12,210,CONTINUOUS
F6YHU5,18S rRNA (pseudouridine(1248)-N1)-methyltransferase,244,EMG1,9483,Callithrix jacchus,Callithrix jacchus (White-tufted-ear marmoset),True,IPR005304,family,,244,13,244,CONTINUOUS
F7BKD4,EMG1 N1-specific pseudouridine methyltransferase,143,EMG1,9796,Equus caballus,Equus caballus (Horse),True,IPR005304,family,,143,55,143,CONTINUOUS
F7E938,18S rRNA (pseudouridine(1248)-N1)-methyltransferase,234,emg1,8364,Xenopus tropicalis,Xenopus tropicalis (Western clawed frog),True,IPR005304,family,,234,18,233,CONTINUOUS
F7VV88,"WGS project CABT00000000 data, contig 2.9",250,SMAC_08316,771870,Sordaria macrospora (strain ATCC MYA-333 / DSM 997 / K(L3346) / K-hell),Sordaria macrospora (strain ATCC MYA-333 / DSM 997 / K(L3346) / K-hell),True,IPR005304,family,,250,32,247,CONTINUOUS
F8AEK7,Ribosomal RNA small subunit methyltransferase Nep1,222,nep1,529709,Pyrococcus yayanosii (strain CH1 / JCM 16557),Pyrococcus yayanosii (strain CH1 / JCM 16557),True,IPR005304,family,,222,2,221,CONTINUOUS
F8MU44,Nucleolar essential protein 1,250,NEUTE1DRAFT_85901,510951,Neurospora tetrasperma (strain FGSC 2508 / ATCC MYA-4615 / P0657),Neurospora tetrasperma (strain FGSC 2508 / ATCC MYA-4615 / P0657),True,IPR005304,family,,250,26,250,CONTINUOUS
F8ND37,Nep1-domain-containing protein,373,SERLADRAFT_454381,578457,Serpula lacrymans var. lacrymans (strain S7.9),Serpula lacrymans var. lacrymans (strain S7.9) (Dry rot fungus),True,IPR005304,family,,373,114,373,CONTINUOUS
F8PEW6,Nep1-domain-containing protein,373,SERLA73DRAFT_173601,936435,Serpula lacrymans var. lacrymans (strain S7.3),Serpula lacrymans var. lacrymans (strain S7.3) (Dry rot fungus),True,IPR005304,family,,373,114,373,CONTINUOUS
F9CZA6,Ribosomal RNA small subunit methyltransferase Nep1,222,nep1,1001994,Nitrosarchaeum koreense MY1,Nitrosarchaeum koreense MY1,True,IPR005304,family,,222,2,218,CONTINUOUS
F9FWP9,Ribosomal RNA small subunit methyltransferase NEP1,353,FOXB_10831,660025,Fusarium oxysporum (strain Fo5176),Fusarium oxysporum (strain Fo5176) (Fusarium vascular wilt),True,IPR005304,family,,353,37,259,CONTINUOUS
F9XN15,Nucleolar essential protein 1,257,MYCGRDRAFT_49453,336722,Zymoseptoria tritici (strain CBS 115943 / IPO323),Zymoseptoria tritici (strain CBS 115943 / IPO323) (Speckled leaf blotch fungus),True,IPR005304,family,,257,36,257,CONTINUOUS
G0EE48,Ribosomal RNA small subunit methyltransferase Nep1,240,nep1,694429,Pyrolobus fumarii (strain DSM 11204 / 1A),Pyrolobus fumarii (strain DSM 11204 / 1A),True,IPR005304,family,,240,9,227,CONTINUOUS
G0EFD8,Ribosomal RNA small subunit methyltransferase Nep1,245,nep1,694429,Pyrolobus fumarii (strain DSM 11204 / 1A),Pyrolobus fumarii (strain DSM 11204 / 1A),True,IPR005304,family,,245,4,224,CONTINUOUS
G0MKX7,18S rRNA (pseudouridine-N1)-methyltransferase,231,CAEBREN_17889,135651,Caenorhabditis brenneri,Caenorhabditis brenneri (Nematode worm),True,IPR005304,family,,231,11,231,CONTINUOUS
G0RKG0,Nucleolar essential protein 1,261,TRIREDRAFT_121955,431241,Hypocrea jecorina (strain QM6a),Hypocrea jecorina (strain QM6a),True,IPR005304,family,,261,34,261,CONTINUOUS
G0SAY9,Nucleolar essential protein 1,252,CTHT_0048280,759272,Chaetomium thermophilum (strain DSM 1495 / CBS 144.50 / IMI 039719),Chaetomium thermophilum (strain DSM 1495 / CBS 144.50 / IMI 039719),True,IPR005304,family,,252,29,252,CONTINUOUS
G0TS20,EMG1/NEP1 methyltransferase,271,TVY486_0201570,1055687,Trypanosoma vivax (strain Y486),Trypanosoma vivax (strain Y486),True,IPR005304,family,,271,56,270,CONTINUOUS
G0U195,EMG1/NEP1 methyltransferase,286,TVY486_0804580,1055687,Trypanosoma vivax (strain Y486),Trypanosoma vivax (strain Y486),True,IPR005304,family,,286,9,278,CONTINUOUS
G0UJI3,EMG1/NEP1 methyltransferase,283,TCIL3000_2_1140,1068625,Trypanosoma congolense (strain IL3000),Trypanosoma congolense (strain IL3000),True,IPR005304,family,,283,49,272,CONTINUOUS
G0US94,EMG1/NEP1 methyltransferase,281,TCIL3000_8_4790,1068625,Trypanosoma congolense (strain IL3000),Trypanosoma congolense (strain IL3000),True,IPR005304,family,,281,9,273,CONTINUOUS
G0V574,Ribosomal RNA small subunit methyltransferase NEP1,252,NCAS0A00500,27288,Naumovozyma castellii,Naumovozyma castellii (Yeast),True,IPR005304,family,,252,18,252,CONTINUOUS
G0WD87,Ribosomal RNA small subunit methyltransferase NEP1,253,NDAI0F04300,1071378,Naumovozyma dairenensis (strain ATCC 10597 / BCRC 20456 / CBS 421 / NBRC 0211 / NRRL Y-12639),Naumovozyma dairenensis (strain ATCC 10597 / BCRC 20456 / CBS 421 / NBRC 0211 / NRRL Y-12639),True,IPR005304,family,,253,26,253,CONTINUOUS
G1NMX2,18S rRNA (pseudouridine(1248)-N1)-methyltransferase,238,EMG1,9103,Meleagris gallopavo,Meleagris gallopavo (Wild turkey),True,IPR005304,family,,238,11,237,CONTINUOUS
G1PD49,18S rRNA (pseudouridine(1248)-N1)-methyltransferase,246,EMG1,59463,Myotis lucifugus,Myotis lucifugus (Little brown bat),True,IPR005304,family,,246,12,245,CONTINUOUS
G1QYY8,18S rRNA (pseudouridine(1248)-N1)-methyltransferase,244,EMG1,61853,Nomascus leucogenys,Nomascus leucogenys (Northern white-cheeked gibbon),True,IPR005304,family,,244,12,244,CONTINUOUS
G1SK16,18S rRNA (pseudouridine(1248)-N1)-methyltransferase,244,EMG1,9986,Oryctolagus cuniculus,Oryctolagus cuniculus (Rabbit),True,IPR005304,family,,244,14,244,CONTINUOUS
G1XKY8,18S rRNA pseudouridine methyltransferase,255,AOL_s00110g158,756982,Arthrobotrys oligospora (strain ATCC 24927 / CBS 115.81 / DSM 1491),Arthrobotrys oligospora (strain ATCC 24927 / CBS 115.81 / DSM 1491) (Nematode-trapping fungus),True,IPR005304,family,,255,34,255,CONTINUOUS
G2HG16,18S rRNA (pseudouridine(1248)-N1)-methyltransferase,151,,9598,Pan troglodytes,Pan troglodytes (Chimpanzee),True,IPR005304,family,,151,1,151,CONTINUOUS
G2QHZ4,Nucleolar essential protein 1,261,MYCTH_2316023,573729,Thermothelomyces thermophilus (strain ATCC 42464 / BCRC 31852 / DSM 1799),Thermothelomyces thermophilus (strain ATCC 42464 / BCRC 31852 / DSM 1799),True,IPR005304,family,,261,36,261,CONTINUOUS
G2R756,Nucleolar essential protein 1,250,THITE_2116796,578455,Thermothielavioides terrestris (strain ATCC 38088 / NRRL 8126),Thermothielavioides terrestris (strain ATCC 38088 / NRRL 8126),True,IPR005304,family,,250,25,250,CONTINUOUS
G2WJ18,Ribosomal RNA small subunit methyltransferase NEP1,252,K7_EMG1,721032,Saccharomyces cerevisiae (strain Kyokai no. 7 / NBRC 101557),Saccharomyces cerevisiae (strain Kyokai no. 7 / NBRC 101557) (Baker's yeast),True,IPR005304,family,,252,25,252,CONTINUOUS
G2XGZ0,Nucleolar essential protein,254,VDAG_09422,498257,Verticillium dahliae (strain VdLs.17 / ATCC MYA-4575 / FGSC 10137),Verticillium dahliae (strain VdLs.17 / ATCC MYA-4575 / FGSC 10137) (Verticillium wilt),True,IPR005304,family,,254,30,254,CONTINUOUS
G2YVQ1,Similar to nucleolar essential protein 1,250,BofuT4_P152610.1,999810,Botryotinia fuckeliana (strain T4),Botryotinia fuckeliana (strain T4) (Noble rot fungus),True,IPR005304,family,,250,25,250,CONTINUOUS
G3AFY8,Ribosomal RNA small subunit methyltransferase NEP1,256,SPAPADRAFT_58316,619300,Spathaspora passalidarum (strain NRRL Y-27907 / 11-Y1),Spathaspora passalidarum (strain NRRL Y-27907 / 11-Y1),True,IPR005304,family,,256,11,255,CONTINUOUS
G3B0J7,Ribosomal RNA small subunit methyltransferase NEP1,282,CANTEDRAFT_113170,590646,Candida tenuis (strain ATCC 10573 / BCRC 21748 / CBS 615 / JCM 9827 / NBRC 10315 / NRRL Y-1498 / VKM Y-70),Candida tenuis (strain ATCC 10573 / BCRC 21748 / CBS 615 / JCM 9827 / NBRC 10315 / NRRL Y-1498 / VKM Y-70) (Yeast),True,IPR005304,family,,282,35,281,CONTINUOUS
G3GUQ7,18S rRNA (pseudouridine(1248)-N1)-methyltransferase,244,Emg1,10029,Cricetulus griseus,Cricetulus griseus (Chinese hamster),True,IPR005304,family,,244,16,243,CONTINUOUS
G3J3T0,Nucleolar essential protein 1,290,CCM_01212,983644,Cordyceps militaris (strain CM01),Cordyceps militaris (strain CM01) (Caterpillar fungus),True,IPR005304,family,,290,34,247,CONTINUOUS
G3MG40,18S rRNA (pseudouridine-N1)-methyltransferase,192,,34609,Amblyomma maculatum,Amblyomma maculatum (Gulf Coast tick),True,IPR005304,family,,192,15,190,CONTINUOUS
G3MP32,18S rRNA (pseudouridine-N1)-methyltransferase,234,,34609,Amblyomma maculatum,Amblyomma maculatum (Gulf Coast tick),True,IPR005304,family,,234,15,233,CONTINUOUS
G3P7T2,18S rRNA (pseudouridine(1248)-N1)-methyltransferase,244,,481459,Gasterosteus aculeatus aculeatus,Gasterosteus aculeatus aculeatus (three-spined stickleback),True,IPR005304,family,,244,7,234,CONTINUOUS
G3QNS9,18S rRNA (pseudouridine(1248)-N1)-methyltransferase,244,EMG1,9595,Gorilla gorilla gorilla,Gorilla gorilla gorilla (Western lowland gorilla),True,IPR005304,family,,244,12,244,CONTINUOUS
G3SNC9,18S rRNA (pseudouridine(1248)-N1)-methyltransferase,244,EMG1,9785,Loxodonta africana,Loxodonta africana (African elephant),True,IPR005304,family,,244,12,244,CONTINUOUS
G3WV86,18S rRNA (pseudouridine(1248)-N1)-methyltransferase,244,EMG1,9305,Sarcophilus harrisii,Sarcophilus harrisii (Tasmanian devil),True,IPR005304,family,,244,12,244,CONTINUOUS
G3YBY9,Nucleolar essential protein 1,259,ASPNIDRAFT_209127,380704,Aspergillus niger (strain ATCC 1015 / CBS 113.46 / FGSC A1144 / LSHB Ac4 / NCTC 3858a / NRRL 328 / USDA 3528.7),Aspergillus niger (strain ATCC 1015 / CBS 113.46 / FGSC A1144 / LSHB Ac4 / NCTC 3858a / NRRL 328 / USDA 3528.7),True,IPR005304,family,,259,33,259,CONTINUOUS
G4N7E4,Essential for mitotic growth 1,264,MGG_03587,242507,Pyricularia oryzae (strain 70-15 / ATCC MYA-4617 / FGSC 8958),Pyricularia oryzae (strain 70-15 / ATCC MYA-4617 / FGSC 8958) (Rice blast fungus),True,IPR005304,family,,264,33,264,CONTINUOUS
G4RLB0,Ribosomal RNA small subunit methyltransferase Nep1,245,nep1,768679,Thermoproteus tenax (strain ATCC 35583 / DSM 2078 / JCM 9277 / NBRC 100435 / Kra 1),Thermoproteus tenax (strain ATCC 35583 / DSM 2078 / JCM 9277 / NBRC 100435 / Kra 1),True,IPR005304,family,,245,23,239,CONTINUOUS
G4TB19,Related to EMG1-Protein required for ribosome biogenesis,348,PIIN_02358,1109443,Serendipita indica (strain DSM 11827),Serendipita indica (strain DSM 11827) (Root endophyte fungus),True,IPR005304,family,,348,97,347,CONTINUOUS
G4VLH6,Putative nep1,233,,6183,Schistosoma mansoni,Schistosoma mansoni (Blood fluke),True,IPR005304,family,,233,4,219,CONTINUOUS
G4ZKK7,Ribosome biogenesis protein NEP1,215,PHYSODRAFT_506510,1094619,Phytophthora sojae (strain P6497),Phytophthora sojae (strain P6497) (Soybean stem and root rot agent),True,IPR005304,family,,215,5,215,CONTINUOUS
G5CAS3,18S rRNA (pseudouridine(1248)-N1)-methyltransferase,246,Emg1,10181,Heterocephalus glaber,Heterocephalus glaber (Naked mole rat),True,IPR005304,family,,246,16,246,CONTINUOUS
G5DYT9,Putative ribosome biogenesis protein nep1,174,,8362,Hymenochirus curtipes,Hymenochirus curtipes (western dwarf clawed frog),True,IPR005304,family,,174,5,174,CONTINUOUS
G7DU76,Ribosomal RNA small subunit methyltransferase NEP1,293,Mo00784,764103,Mixia osmundae (strain CBS 9802 / IAM 14324 / JCM 22182 / KY 12970),Mixia osmundae (strain CBS 9802 / IAM 14324 / JCM 22182 / KY 12970),True,IPR005304,family,,293,48,291,CONTINUOUS
G7H852,18S rRNA (pseudouridine-N1)-methyltransferase,267,CG3527-RA,7227,Drosophila melanogaster,Drosophila melanogaster (Fruit fly),True,IPR005304,family,,267,43,266,CONTINUOUS
G7JBJ8,Nucleolar essential protein,282,11421258,3880,Medicago truncatula,Medicago truncatula (Barrel medic),True,IPR005304,family,,282,24,282,CONTINUOUS
G7JN64,Nucleolar essential protein,284,11430617,3880,Medicago truncatula,Medicago truncatula (Barrel medic),True,IPR005304,family,,284,25,284,CONTINUOUS
G7PJP2,18S rRNA (pseudouridine(1248)-N1)-methyltransferase,244,EMG1,9541,Macaca fascicularis,Macaca fascicularis (Crab-eating macaque),True,IPR005304,family,,244,12,244,CONTINUOUS
G7VF65,Ribosomal RNA small subunit methyltransferase Nep1,221,nep1,1104324,Pyrobaculum ferrireducens,Pyrobaculum ferrireducens,True,IPR005304,family,,221,2,216,CONTINUOUS
G8BD05,Ribosomal RNA small subunit methyltransferase NEP1,289,CPAR2_207930,578454,Candida parapsilosis (strain CDC 317 / ATCC MYA-4646),Candida parapsilosis (strain CDC 317 / ATCC MYA-4646) (Yeast),True,IPR005304,family,,289,36,288,CONTINUOUS
G8BQ52,Ribosomal RNA small subunit methyltransferase NEP1,253,TPHA0B04640,1071381,Tetrapisispora phaffii (strain ATCC 24235 / CBS 4417 / NBRC 1672 / NRRL Y-8282 / UCD 70-5),Tetrapisispora phaffii (strain ATCC 24235 / CBS 4417 / NBRC 1672 / NRRL Y-8282 / UCD 70-5) (Yeast),True,IPR005304,family,,253,15,253,CONTINUOUS
G8JMB8,Ribosomal RNA small subunit methyltransferase NEP1,253,Ecym_1069,931890,Eremothecium cymbalariae (strain CBS 270.75 / DBVPG 7215 / KCTC 17166 / NRRL Y-17582),Eremothecium cymbalariae (strain CBS 270.75 / DBVPG 7215 / KCTC 17166 / NRRL Y-17582) (Yeast),True,IPR005304,family,,253,18,253,CONTINUOUS
G8XZG9,Ribosomal RNA small subunit methyltransferase NEP1,268,Piso0_005615,559304,Pichia sorbitophila (strain ATCC MYA-4447 / BCRC 22081 / CBS 7064 / NBRC 10061 / NRRL Y-12695),Pichia sorbitophila (strain ATCC MYA-4447 / BCRC 22081 / CBS 7064 / NBRC 10061 / NRRL Y-12695) (Hybrid yeast),True,IPR005304,family,,268,16,268,CONTINUOUS
G8Y2G2,Ribosomal RNA small subunit methyltransferase NEP1,268,Piso0_005615,559304,Pichia sorbitophila (strain ATCC MYA-4447 / BCRC 22081 / CBS 7064 / NBRC 10061 / NRRL Y-12695),Pichia sorbitophila (strain ATCC MYA-4447 / BCRC 22081 / CBS 7064 / NBRC 10061 / NRRL Y-12695) (Hybrid yeast),True,IPR005304,family,,268,15,268,CONTINUOUS
G8ZQP0,Ribosomal RNA small subunit methyltransferase NEP1,252,TDEL0C06380,4950,Torulaspora delbrueckii,Torulaspora delbrueckii (Yeast),True,IPR005304,family,,252,18,252,CONTINUOUS
G9JLN1,18S rRNA (pseudouridine-N1)-methyltransferase,236,Nep1,7091,Bombyx mori,Bombyx mori (Silk moth),True,IPR005304,family,,236,11,235,CONTINUOUS
G9L1I0,Putative ribosome bioproteinis protein NEP1-like protein,146,,9669,Mustela putorius furo,Mustela putorius furo (European domestic ferret),True,IPR005304,family,,146,12,146,CONTINUOUS
G9N1S2,Nucleolar essential protein 1,261,TRIVIDRAFT_81340,413071,Hypocrea virens (strain Gv29-8 / FGSC 10586),Hypocrea virens (strain Gv29-8 / FGSC 10586) (Gliocladium virens),True,IPR005304,family,,261,34,261,CONTINUOUS
G9PA33,Nucleolar essential protein 1,261,TRIATDRAFT_302430,452589,Hypocrea atroviridis (strain ATCC 20476 / IMI 206040),Hypocrea atroviridis (strain ATCC 20476 / IMI 206040),True,IPR005304,family,,261,34,261,CONTINUOUS
H0EUQ1,Putative Ribosomal RNA small subunit methyltransferase NEP1,248,M7I_6490,1104152,Glarea lozoyensis (strain ATCC 74030 / MF5533),Glarea lozoyensis (strain ATCC 74030 / MF5533),True,IPR005304,family,,248,25,248,CONTINUOUS
H0GKC0,Emg1p,112,VIN7_3315,1095631,Saccharomyces cerevisiae x Saccharomyces kudriavzevii (strain VIN7),Saccharomyces cerevisiae x Saccharomyces kudriavzevii (strain VIN7) (Yeast),True,IPR005304,family,,112,1,112,CONTINUOUS
H0GYC0,Ribosomal RNA small subunit methyltransferase NEP1,252,VIN7_8712,1095631,Saccharomyces cerevisiae x Saccharomyces kudriavzevii (strain VIN7),Saccharomyces cerevisiae x Saccharomyces kudriavzevii (strain VIN7) (Yeast),True,IPR005304,family,,252,16,252,CONTINUOUS
H0VXX1,18S rRNA (pseudouridine(1248)-N1)-methyltransferase,244,EMG1,10141,Cavia porcellus,Cavia porcellus (Guinea pig),True,IPR005304,family,,244,16,244,CONTINUOUS
H0WVB5,18S rRNA (pseudouridine(1248)-N1)-methyltransferase,244,EMG1,30611,Otolemur garnettii,Otolemur garnettii (Small-eared galago),True,IPR005304,family,,244,17,244,CONTINUOUS
H0ZSR8,18S rRNA (pseudouridine(1248)-N1)-methyltransferase,452,EMG1,59729,Taeniopygia guttata,Taeniopygia guttata (Zebra finch),True,IPR005304,family,,452,234,451,CONTINUOUS
H1KXG6,Ribosomal RNA small subunit methyltransferase Nep1,199,nep1,647171,Methanotorris formicicus Mc-S-70,Methanotorris formicicus Mc-S-70,True,IPR005304,family,,199,3,197,CONTINUOUS
H1UZL3,Essential for mitotic growth 1,261,CH063_05612,759273,Colletotrichum higginsianum (strain IMI 349063),Colletotrichum higginsianum (strain IMI 349063) (Crucifer anthracnose fungus),True,IPR005304,family,,261,36,260,CONTINUOUS
H2AUK1,Ribosomal RNA small subunit methyltransferase NEP1,252,KAFR0D04030,1071382,Kazachstania africana (strain ATCC 22294 / BCRC 22015 / CBS 2517 / CECT 1963 / NBRC 1671 / NRRL Y-8276),Kazachstania africana (strain ATCC 22294 / BCRC 22015 / CBS 2517 / CECT 1963 / NBRC 1671 / NRRL Y-8276) (Yeast),True,IPR005304,family,,252,21,252,CONTINUOUS
H2C3F8,Ribosomal RNA small subunit methyltransferase Nep1,212,nep1,671065,Metallosphaera yellowstonensis MK1,Metallosphaera yellowstonensis MK1,True,IPR005304,family,,212,3,205,CONTINUOUS
H2KPM7,Essential for mitotic growth 1,238,CLF_102255,79923,Clonorchis sinensis,Clonorchis sinensis (Chinese liver fluke),True,IPR005304,family,,238,11,228,CONTINUOUS
H2M9K7,18S rRNA (pseudouridine(1248)-N1)-methyltransferase,245,EMG1,8090,Oryzias latipes,Oryzias latipes (Japanese rice fish),True,IPR005304,family,,245,14,245,CONTINUOUS
H2NGB4,18S rRNA (pseudouridine(1248)-N1)-methyltransferase,244,EMG1,9601,Pongo abelii,Pongo abelii (Sumatran orangutan),True,IPR005304,family,,244,12,244,CONTINUOUS
H2RW68,18S rRNA (pseudouridine(1248)-N1)-methyltransferase,237,LOC115250384,31033,Takifugu rubripes,Takifugu rubripes (Japanese pufferfish),True,IPR005304,family,,237,4,237,CONTINUOUS
H2YW50,18S rRNA (pseudouridine(1248)-N1)-methyltransferase,236,,51511,Ciona savignyi,Ciona savignyi (Pacific transparent sea squirt),True,IPR005304,family,,236,24,236,CONTINUOUS
H3CRI5,18S rRNA (pseudouridine(1248)-N1)-methyltransferase,241,,99883,Tetraodon nigroviridis,Tetraodon nigroviridis (Spotted green pufferfish),True,IPR005304,family,,241,10,241,CONTINUOUS
H3GTE2,Ribosome biogenesis protein NEP1,219,,164328,Phytophthora ramorum,Phytophthora ramorum (Sudden oak death agent),True,IPR005304,family,,219,5,219,CONTINUOUS
H3ZQV2,Ribosomal RNA small subunit methyltransferase Nep1,220,nep1,523849,Thermococcus litoralis (strain ATCC 51850 / DSM 5473 / JCM 8560 / NS-C),Thermococcus litoralis (strain ATCC 51850 / DSM 5473 / JCM 8560 / NS-C),True,IPR005304,family,,220,2,215,CONTINUOUS
H6C793,Ribosomal RNA small subunit methyltransferase NEP1,256,HMPREF1120_07574,858893,Exophiala dermatitidis (strain ATCC 34100 / CBS 525.76 / NIH/UT8656),Exophiala dermatitidis (strain ATCC 34100 / CBS 525.76 / NIH/UT8656) (Black yeast),True,IPR005304,family,,256,33,256,CONTINUOUS
H6Q6D9,Ribosomal RNA small subunit methyltransferase Nep1,221,nep1,698757,Pyrobaculum oguniense (strain DSM 13380 / JCM 10595 / TE7),Pyrobaculum oguniense (strain DSM 13380 / JCM 10595 / TE7),True,IPR005304,family,,221,1,216,CONTINUOUS
H8WWX1,Ribosomal RNA small subunit methyltransferase NEP1,281,CORT_0A07260,1136231,Candida orthopsilosis (strain 90-125),Candida orthopsilosis (strain 90-125) (Yeast),True,IPR005304,family,,281,29,280,CONTINUOUS
H8ZCL6,Uncharacterized protein,225,NERG_01459,1913371,Nematocida ausubeli (strain ATCC PRA-371 / ERTm2),Nematocida ausubeli (strain ATCC PRA-371 / ERTm2) (Nematode killer fungus),True,IPR005304,family,,225,2,224,CONTINUOUS
H9GCE9,18S rRNA (pseudouridine(1248)-N1)-methyltransferase,261,EMG1,28377,Anolis carolinensis,Anolis carolinensis (Green anole),True,IPR005304,family,,261,44,260,CONTINUOUS
I0A2P8,Ribosomal RNA small subunit methyltransferase Nep1,240,nep1,1163730,Fervidicoccus fontis (strain DSM 19380 / JCM 18336 / VKM B-2539 / Kam940),Fervidicoccus fontis (strain DSM 19380 / JCM 18336 / VKM B-2539 / Kam940),True,IPR005304,family,,240,20,238,CONTINUOUS
I0FN01,18S rRNA (pseudouridine(1248)-N1)-methyltransferase,244,EMG1,9544,Macaca mulatta,Macaca mulatta (Rhesus macaque),True,IPR005304,family,,244,12,244,CONTINUOUS
I0YUK6,Pre-rRNA processing protein,229,COCSUDRAFT_17012,574566,Coccomyxa subellipsoidea (strain C-169),Coccomyxa subellipsoidea (strain C-169) (Green microalga),True,IPR005304,family,,229,8,229,CONTINUOUS
I1BR89,Nep1-domain-containing protein,211,RO3G_03424,246409,Rhizopus delemar (strain RA 99-880 / ATCC MYA-4621 / FGSC 9543 / NRRL 43880),Rhizopus delemar (strain RA 99-880 / ATCC MYA-4621 / FGSC 9543 / NRRL 43880) (Mucormycosis agent),True,IPR005304,family,,211,24,211,CONTINUOUS
I1CLN2,Nep1-domain-containing protein,259,RO3G_14073,246409,Rhizopus delemar (strain RA 99-880 / ATCC MYA-4621 / FGSC 9543 / NRRL 43880),Rhizopus delemar (strain RA 99-880 / ATCC MYA-4621 / FGSC 9543 / NRRL 43880) (Mucormycosis agent),True,IPR005304,family,,259,7,259,CONTINUOUS
I1HZM6,Ribosomal RNA small subunit methyltransferase NEP1,321,LOC100844288,15368,Brachypodium distachyon,Brachypodium distachyon (Purple false brome),True,IPR005304,family,,321,88,320,CONTINUOUS
I1LPH7,Ribosomal RNA small subunit methyltransferase NEP1,253,LOC100788480,3847,Glycine max,Glycine max (Soybean),True,IPR005304,family,,253,40,250,CONTINUOUS
I1NZJ1,Uncharacterized protein,284,LOC127763039,4538,Oryza glaberrima,Oryza glaberrima (African rice),True,IPR005304,family,,284,51,283,CONTINUOUS
I1RZK6,Ribosomal RNA small subunit methyltransferase NEP1,259,FG09853.1,229533,Gibberella zeae (strain ATCC MYA-4620 / CBS 123657 / FGSC 9075 / NRRL 31084 / PH-1),Gibberella zeae (strain ATCC MYA-4620 / CBS 123657 / FGSC 9075 / NRRL 31084 / PH-1) (Wheat head blight fungus),True,IPR005304,family,,259,37,259,CONTINUOUS
I2FVQ7,EMG1-Protein required for ribosome biogenesis,390,UHOR_08779,120017,Ustilago hordei,Ustilago hordei (Barley covered smut fungus),True,IPR005304,family,,390,136,389,CONTINUOUS
I2GW18,Ribosomal RNA small subunit methyltransferase NEP1,252,TBLA0A05270,1071380,Henningerozyma blattae (strain ATCC 34711 / CBS 6284 / DSM 70876 / NBRC 10599 / NRRL Y-10934 / UCD 77-7),Henningerozyma blattae (strain ATCC 34711 / CBS 6284 / DSM 70876 / NBRC 10599 / NRRL Y-10934 / UCD 77-7) (Yeast),True,IPR005304,family,,252,16,252,CONTINUOUS
I3D0S4,Ribosomal RNA small subunit methyltransferase Nep1,222,nep1,859350,Candidatus Nitrosopumilus salarius BD31,Candidatus Nitrosopumilus salarius BD31,True,IPR005304,family,,222,2,218,CONTINUOUS
I3EGD2,Uncharacterized protein,193,NEQG_01723,935791,Nematocida parisii (strain ERTm3),Nematocida parisii (strain ERTm3) (Nematode killer fungus),True,IPR005304,family,,193,9,192,CONTINUOUS
I3K529,18S rRNA (pseudouridine(1248)-N1)-methyltransferase,237,EMG1,8128,Oreochromis niloticus,Oreochromis niloticus (Nile tilapia),True,IPR005304,family,,237,7,237,CONTINUOUS
I3LPQ4,18S rRNA (pseudouridine(1248)-N1)-methyltransferase,244,EMG1,9823,Sus scrofa,Sus scrofa (Pig),True,IPR005304,family,,244,12,243,CONTINUOUS
I3LWI8,18S rRNA (pseudouridine(1248)-N1)-methyltransferase,244,EMG1,43179,Ictidomys tridecemlineatus,Ictidomys tridecemlineatus (Thirteen-lined ground squirrel),True,IPR005304,family,,244,16,244,CONTINUOUS
I3S8B5,Uncharacterized protein,239,,3880,Medicago truncatula,Medicago truncatula (Barrel medic),True,IPR005304,family,,239,25,231,CONTINUOUS
I3TAC5,Ribosomal RNA small subunit methyltransferase NEP1,272,,34305,Lotus japonicus,Lotus japonicus,True,IPR005304,family,,272,25,272,CONTINUOUS
I3TDG0,Ribosomal RNA small subunit methyltransferase Nep1,258,nep1,1184251,Thermogladius calderae (strain DSM 22663 / VKM B-2946 / 1633),Thermogladius calderae (strain DSM 22663 / VKM B-2946 / 1633),True,IPR005304,family,,258,31,253,CONTINUOUS
I3XT28,Ribosomal RNA small subunit methyltransferase Nep1,230,nep1,768672,Desulfurococcus amylolyticus DSM 16532,Desulfurococcus amylolyticus DSM 16532,True,IPR005304,family,,230,6,229,CONTINUOUS
I3ZRY8,Ribosomal RNA small subunit methyltransferase Nep1,219,nep1,163003,Thermococcus cleftensis (strain DSM 27260 / KACC 17922 / CL1),Thermococcus cleftensis (strain DSM 27260 / KACC 17922 / CL1),True,IPR005304,family,,219,2,217,CONTINUOUS
I4DS91,18S rRNA (pseudouridine-N1)-methyltransferase,235,,76194,Papilio polytes,Papilio polytes (Common mormon),True,IPR005304,family,,235,6,235,CONTINUOUS
I4Y8S5,Nep1-domain-containing protein,272,WALSEDRAFT_61022,671144,Wallemia mellicola (strain ATCC MYA-4683 / CBS 633.66),Wallemia mellicola (strain ATCC MYA-4683 / CBS 633.66),True,IPR005304,family,,272,32,272,CONTINUOUS
I6UQB8,Ribosomal RNA small subunit methyltransferase Nep1,223,nep1,1185654,Pyrococcus furiosus COM1,Pyrococcus furiosus COM1,True,IPR005304,family,,223,3,220,CONTINUOUS
I6ZS03,Mra1-like protein,180,EROM_010260,1178016,Encephalitozoon romaleae (strain SJ-2008),Encephalitozoon romaleae (strain SJ-2008) (Microsporidian parasite),True,IPR005304,family,,180,28,178,CONTINUOUS
I7I9N1,EMG1/NEP1 methyltransferase,266,BmR1_04g05655,1133968,Babesia microti (strain RI),Babesia microti (strain RI),True,IPR005304,family,,266,48,265,CONTINUOUS
I7J588,"EMG1, NEP1, essential for mitotic growth 1",215,BMR1_01G00925,1133968,Babesia microti (strain RI),Babesia microti (strain RI),True,IPR005304,family,,215,17,214,CONTINUOUS
I7ZZU0,Protein required for 18S rRNA maturation and 40S ribosome biogenesis,260,Ao3042_05923,1160506,Aspergillus oryzae (strain 3.042),Aspergillus oryzae (strain 3.042) (Yellow koji mold),True,IPR005304,family,,260,33,260,CONTINUOUS
J3JWD0,18S rRNA (pseudouridine-N1)-methyltransferase,237,109539687,77166,Dendroctonus ponderosae,Dendroctonus ponderosae (Mountain pine beetle),True,IPR005304,family,,237,8,237,CONTINUOUS
J3KH46,Ribosomal RNA small subunit methyltransferase NEP1,256,CIMG_00497,246410,Coccidioides immitis (strain RS),Coccidioides immitis (strain RS) (Valley fever fungus),True,IPR005304,family,,256,35,256,CONTINUOUS
J3LBX8,Ribosomal RNA small subunit methyltransferase NEP1,292,,4533,Oryza brachyantha,Oryza brachyantha (malo sina),True,IPR005304,family,,292,58,291,CONTINUOUS
J3NVE2,Essential for mitotic growth 1,261,20345713,644352,Gaeumannomyces tritici (strain R3-111a-1),Gaeumannomyces tritici (strain R3-111a-1) (Wheat and barley take-all root rot fungus),True,IPR005304,family,,261,32,261,CONTINUOUS
J4C7H5,Nucleolar essential protein 1,180,TOT_010000511,869250,Theileria orientalis strain Shintoku,Theileria orientalis strain Shintoku,True,IPR005304,family,,180,17,176,CONTINUOUS
J4DPN4,Ribosome biogenesis protein,284,TOT_030000270,869250,Theileria orientalis strain Shintoku,Theileria orientalis strain Shintoku,True,IPR005304,family,,284,3,279,CONTINUOUS
J4H3G5,Ribosomal RNA small subunit methyltransferase NEP1,355,FIBRA_05359,599839,Fibroporia radiculosa,Fibroporia radiculosa,True,IPR005304,family,,355,101,355,CONTINUOUS
J4U5Q5,"Protein required for the maturation of the 18S rRNA and 40S ribosome production, Emg1p",339,A1Q1_06118,1186058,Trichosporon asahii var. asahii (strain ATCC 90039 / CBS 2479 / JCM 2466 / KCTC 7840 / NBRC 103889/ NCYC 2677 / UAMH 7654),Trichosporon asahii var. asahii (strain ATCC 90039 / CBS 2479 / JCM 2466 / KCTC 7840 / NBRC 103889/ NCYC 2677 / UAMH 7654) (Yeast),True,IPR005304,family,,339,99,339,CONTINUOUS
J4UF45,EMG1/NEP1 methyltransferase,261,BBA_10025,655819,Beauveria bassiana (strain ARSEF 2860),Beauveria bassiana (strain ARSEF 2860) (White muscardine disease fungus),True,IPR005304,family,,261,36,261,CONTINUOUS
J5PUK1,Ribosomal RNA small subunit methyltransferase NEP1,252,YLR186W,226230,Saccharomyces kudriavzevii (strain ATCC MYA-4449 / AS 2.2408 / CBS 8840 / NBRC 1802 / NCYC 2889),Saccharomyces kudriavzevii (strain ATCC MYA-4449 / AS 2.2408 / CBS 8840 / NBRC 1802 / NCYC 2889) (Yeast),True,IPR005304,family,,252,16,252,CONTINUOUS
J7RMD6,Ribosomal RNA small subunit methyltransferase NEP1,254,KNAG0F00380,1071383,Huiozyma naganishii (strain ATCC MYA-139 / BCRC 22969 / CBS 8797 / KCTC 17520 / NBRC 10181 / NCYC 3082 / Yp74L-3),Huiozyma naganishii (strain ATCC MYA-139 / BCRC 22969 / CBS 8797 / KCTC 17520 / NBRC 10181 / NCYC 3082 / Yp74L-3) (Yeast),True,IPR005304,family,,254,21,254,CONTINUOUS
J8Q504,Ribosomal RNA small subunit methyltransferase NEP1,252,SU7_2245,1160507,Saccharomyces arboricola (strain H-6 / AS 2.3317 / CBS 10644),Saccharomyces arboricola (strain H-6 / AS 2.3317 / CBS 10644) (Yeast),True,IPR005304,family,,252,22,252,CONTINUOUS
J9DM33,Ribosomal RNA small subunit methyltransferase NEP1,212,EDEG_02021,1003232,Edhazardia aedis (strain USNM 41457),Edhazardia aedis (strain USNM 41457) (Microsporidian parasite),True,IPR005304,family,,212,3,211,CONTINUOUS
J9EPN8,18S rRNA (pseudouridine-N1)-methyltransferase,232,WBA_LOCUS1075,6293,Wuchereria bancrofti,Wuchereria bancrofti,True,IPR005304,family,,232,10,227,CONTINUOUS
J9VSN7,Nucleolar essential protein 1,328,CNAG_04770,235443,Cryptococcus neoformans (strain H99 / ATCC 208821 / CBS 10515 / FGSC 9487),Cryptococcus neoformans (strain H99 / ATCC 208821 / CBS 10515 / FGSC 9487),True,IPR005304,family,,328,70,328,CONTINUOUS
K0B9H1,Ribosomal RNA small subunit methyltransferase Nep1,222,nep1,1229908,Candidatus Nitrosopumilus koreensis AR1,Candidatus Nitrosopumilus koreensis AR1,True,IPR005304,family,,222,4,218,CONTINUOUS
K0BES3,Ribosomal RNA small subunit methyltransferase Nep1,223,nep1,1229909,Candidatus Nitrosopumilus sediminis,Candidatus Nitrosopumilus sediminis,True,IPR005304,family,,223,2,219,CONTINUOUS
K0I722,Ribosomal RNA small subunit methyltransferase Nep1,242,nep1,1237085,Nitrososphaera gargensis (strain Ga9.2),Nitrososphaera gargensis (strain Ga9.2),True,IPR005304,family,,242,3,222,CONTINUOUS
K0KR61,Ribosomal RNA small subunit methyltransferase NEP1,247,BN7_3332,1206466,Wickerhamomyces ciferrii (strain ATCC 14091 / BCRC 22168 / CBS 111 / JCM 3599 / NBRC 0793 / NRRL Y-1031 F-60-10),Wickerhamomyces ciferrii (strain ATCC 14091 / BCRC 22168 / CBS 111 / JCM 3599 / NBRC 0793 / NRRL Y-1031 F-60-10) (Yeast),True,IPR005304,family,,247,8,246,CONTINUOUS
K0T898,Ribosomal RNA small subunit methyltransferase NEP1,282,THAOC_04557,159749,Thalassiosira oceanica,Thalassiosira oceanica (Marine diatom),True,IPR005304,family,,282,20,282,CONTINUOUS
K1R4J3,Putative ribosome biogenesis protein NEP1,224,CGI_10019074,29159,Magallana gigas,Magallana gigas (Pacific oyster),True,IPR005304,family,,224,5,224,CONTINUOUS
K1WFC9,"Protein required for the maturation of the 18S rRNA and 40S ribosome production, Emg1p",339,A1Q2_05451,1220162,Trichosporon asahii var. asahii (strain CBS 8904),Trichosporon asahii var. asahii (strain CBS 8904) (Yeast),True,IPR005304,family,,339,99,339,CONTINUOUS
K1X0T6,Nucleolar essential protein 1,249,MBM_03053,1072389,Marssonina brunnea f. sp. multigermtubi (strain MB_m1),Marssonina brunnea f. sp. multigermtubi (strain MB_m1) (Marssonina leaf spot fungus),True,IPR005304,family,,249,25,249,CONTINUOUS
K2GVK8,"Ribosome biogenesis protein NEP1, putative",227,ENU1_183180,1076696,Entamoeba nuttalli (strain P19),Entamoeba nuttalli (strain P19) (Amoeba),True,IPR005304,family,,227,9,227,CONTINUOUS
K2MK78,Uncharacterized protein,271,MOQ_010229,85056,Trypanosoma cruzi marinkellei,Trypanosoma cruzi marinkellei,True,IPR005304,family,,271,6,263,CONTINUOUS
K2MWA6,Uncharacterized protein,276,MOQ_009695,85056,Trypanosoma cruzi marinkellei,Trypanosoma cruzi marinkellei,True,IPR005304,family,,276,46,265,CONTINUOUS
K2R8E5,Ribosomal biogenesis methyltransferase EMG1/NEP1,252,MPH_12265,1126212,Macrophomina phaseolina (strain MS6),Macrophomina phaseolina (strain MS6) (Charcoal rot fungus),True,IPR005304,family,,252,29,252,CONTINUOUS
K3VZC9,Ribosomal RNA small subunit methyltransferase NEP1,259,FPSE_07637,1028729,Fusarium pseudograminearum (strain CS3096),Fusarium pseudograminearum (strain CS3096) (Wheat and barley crown-rot fungus),True,IPR005304,family,,259,37,259,CONTINUOUS
K3X6C9,Ribosomal RNA small subunit methyltransferase NEP1,220,,431595,Globisporangium ultimum (strain ATCC 200006 / CBS 805.95 / DAOM BR144),Globisporangium ultimum (strain ATCC 200006 / CBS 805.95 / DAOM BR144),True,IPR005304,family,,220,5,220,CONTINUOUS
K3XTN5,Uncharacterized protein,79,,4555,Setaria italica,Setaria italica (Foxtail millet),True,IPR005304,family,,79,1,73,CONTINUOUS
K3XU00,Uncharacterized protein,85,SETIT_5G275100v2,4555,Setaria italica,Setaria italica (Foxtail millet),True,IPR005304,family,,85,1,81,CONTINUOUS
K3YVY6,Ribosomal RNA small subunit methyltransferase NEP1,188,,4555,Setaria italica,Setaria italica (Foxtail millet),True,IPR005304,family,,188,1,187,CONTINUOUS
K5VQV2,Ribosomal RNA small subunit methyltransferase NEP1,233,PHACADRAFT_148630,650164,Phanerochaete carnosa (strain HHB-10118-sp),Phanerochaete carnosa (strain HHB-10118-sp) (White-rot fungus),True,IPR005304,family,,233,10,229,CONTINUOUS
K5WIS2,Ribosomal RNA small subunit methyltransferase NEP1,366,PHACADRAFT_249163,650164,Phanerochaete carnosa (strain HHB-10118-sp),Phanerochaete carnosa (strain HHB-10118-sp) (White-rot fungus),True,IPR005304,family,,366,106,366,CONTINUOUS
K5Y2M7,Nep1-domain-containing protein,237,AGABI1DRAFT_35322,597362,Agaricus bisporus var. burnettii (strain JB137-S8 / ATCC MYA-4627 / FGSC 10392),Agaricus bisporus var. burnettii (strain JB137-S8 / ATCC MYA-4627 / FGSC 10392) (White button mushroom),True,IPR005304,family,,237,12,237,CONTINUOUS
K6UQK9,Ribosome biogenesis protein NEP1,217,PCYB_051970,1120755,Plasmodium cynomolgi (strain B),Plasmodium cynomolgi (strain B),True,IPR005304,family,,217,3,216,CONTINUOUS
K6UYV6,Ribosome biogenesis protein,442,PCYB_145120,1120755,Plasmodium cynomolgi (strain B),Plasmodium cynomolgi (strain B),True,IPR005304,family,,442,283,408,CONTINUOUS
K7CTR3,18S rRNA (pseudouridine(1248)-N1)-methyltransferase,244,EMG1,9598,Pan troglodytes,Pan troglodytes (Chimpanzee),True,IPR005304,family,,244,12,244,CONTINUOUS
K7FWC8,18S rRNA (pseudouridine(1248)-N1)-methyltransferase,232,EMG1,13735,Pelodiscus sinensis,Pelodiscus sinensis (Chinese softshell turtle),True,IPR005304,family,,232,17,231,CONTINUOUS
K7LDE2,Ribosomal RNA small subunit methyltransferase NEP1,121,GLYMA_09G120100,3847,Glycine max,Glycine max (Soybean),True,IPR005304,family,,121,4,121,CONTINUOUS
K7LZ35,Ribosomal RNA small subunit methyltransferase NEP1,112,GLYMA_13G113600,3847,Glycine max,Glycine max (Soybean),True,IPR005304,family,,112,3,111,CONTINUOUS
K7MJZ0,Ribosomal RNA small subunit methyltransferase NEP1,163,GLYMA_17G046100,3847,Glycine max,Glycine max (Soybean),True,IPR005304,family,,163,21,142,CONTINUOUS
K8EAD2,Ribosomal RNA small subunit methyltransferase NEP1,228,Bathy01g00830,41875,Bathycoccus prasinos,Bathycoccus prasinos,True,IPR005304,family,,228,13,227,CONTINUOUS
K9GM88,"RNA processing protein Emg1, putative",259,PDIP_00990,1170230,Penicillium digitatum (strain Pd1 / CECT 20795),Penicillium digitatum (strain Pd1 / CECT 20795) (Green mold),True,IPR005304,family,,259,17,259,CONTINUOUS
K9GU02,"RNA processing protein Emg1, putative",259,PDIG_19620,1170229,Penicillium digitatum (strain PHI26 / CECT 20796),Penicillium digitatum (strain PHI26 / CECT 20796) (Green mold),True,IPR005304,family,,259,17,259,CONTINUOUS
L0A7M8,Ribosomal RNA small subunit methyltransferase Nep1,214,Calag_0033,1056495,Caldisphaera lagunensis (strain DSM 15908 / JCM 11604 / ANMR 0165 / IC-154),Caldisphaera lagunensis (strain DSM 15908 / JCM 11604 / ANMR 0165 / IC-154),True,IPR005304,family,,214,4,209,CONTINUOUS
L0AZX1,Uncharacterized protein,1157,BEWA_002150,1537102,Theileria equi strain WA,Theileria equi strain WA,True,IPR005304,family,,1157,1000,1139,CONTINUOUS
L0PBT0,Ribosomal RNA small subunit methyltransferase NEP1,241,PNEJI1_000860,42068,Pneumocystis jirovecii,Pneumocystis jirovecii (Human pneumocystis pneumonia agent),True,IPR005304,family,,241,7,240,CONTINUOUS
L1JN59,Ribosomal RNA small subunit methyltransferase NEP1,224,GUITHDRAFT_85573,905079,Guillardia theta (strain CCMP2712),Guillardia theta (strain CCMP2712) (Cryptophyte),True,IPR005304,family,,224,6,223,CONTINUOUS
L1LD46,Uncharacterized protein,213,BEWA_054080,1537102,Theileria equi strain WA,Theileria equi strain WA,True,IPR005304,family,,213,1,108,CONTINUOUS
L2FEA5,Nucleolar essential protein 1,261,EMG1,1213859,Colletotrichum fructicola (strain Nara gc5),Colletotrichum fructicola (strain Nara gc5) (Anthracnose fungus),True,IPR005304,family,,261,36,260,CONTINUOUS
L2GYM3,Ribosomal RNA small subunit methyltransferase NEP1,185,VCUG_00199,948595,Vavraia culicis (isolate floridensis),Vavraia culicis (isolate floridensis) (Microsporidian parasite),True,IPR005304,family,,185,25,179,CONTINUOUS
L5KIS6,18S rRNA (pseudouridine(1248)-N1)-methyltransferase,244,PAL_GLEAN10015578,9402,Pteropus alecto,Pteropus alecto (Black flying fox),True,IPR005304,family,,244,13,243,CONTINUOUS
L5M913,18S rRNA (pseudouridine(1248)-N1)-methyltransferase,207,MDA_GLEAN10016021,225400,Myotis davidii,Myotis davidii (David's myotis),True,IPR005304,family,,207,3,207,CONTINUOUS
L7IUT8,Nucleolar essential protein 1,240,OOW_P131scaffold01337g59,1143193,Pyricularia oryzae (strain P131),Pyricularia oryzae (strain P131) (Rice blast fungus),True,IPR005304,family,,240,23,240,CONTINUOUS
L7JW66,Protein required for 18S rRNA maturation and 40S ribosome biogenesis,185,THOM_1370,72359,Trachipleistophora hominis,Trachipleistophora hominis (Microsporidian parasite),True,IPR005304,family,,185,26,180,CONTINUOUS
L7M7R8,18S rRNA (pseudouridine-N1)-methyltransferase,234,,72859,Rhipicephalus pulchellus,Rhipicephalus pulchellus (Yellow backed tick),True,IPR005304,family,,234,8,233,CONTINUOUS
L8G5Y0,18S rRNA pseudouridine methyltransferase,261,GMDG_03045,658429,Pseudogymnoascus destructans (strain ATCC MYA-4855 / 20631-21),Pseudogymnoascus destructans (strain ATCC MYA-4855 / 20631-21) (Bat white-nose syndrome fungus),True,IPR005304,family,,261,33,261,CONTINUOUS
L8G6E3,18S rRNA pseudouridine methyltransferase,261,GMDG_03045,658429,Pseudogymnoascus destructans (strain ATCC MYA-4855 / 20631-21),Pseudogymnoascus destructans (strain ATCC MYA-4855 / 20631-21) (Bat white-nose syndrome fungus),True,IPR005304,family,,261,35,261,CONTINUOUS
L8HHN9,"EMG1 nucleolar protein, putative",227,ACA1_173180,1257118,Acanthamoeba castellanii (strain ATCC 30010 / Neff),Acanthamoeba castellanii (strain ATCC 30010 / Neff),True,IPR005304,family,,227,5,227,CONTINUOUS
L8HU92,18S rRNA (pseudouridine(1248)-N1)-methyltransferase,244,M91_17658,72004,Bos mutus,Bos mutus (wild yak),True,IPR005304,family,,244,12,244,CONTINUOUS
L8WIL2,SEC14 cytosolic factor,1011,AG1IA_08230,983506,Thanatephorus cucumeris (strain AG1-IA),Thanatephorus cucumeris (strain AG1-IA) (Rice sheath blight fungus),True,IPR005304,family,,1011,152,249,CONTINUOUS
L8Y0J2,18S rRNA (pseudouridine(1248)-N1)-methyltransferase,190,TREES_T100008270,246437,Tupaia chinensis,Tupaia chinensis (Chinese tree shrew),True,IPR005304,family,,190,1,190,CONTINUOUS
M1CT12,Nucleolar essential protein,172,,4113,Solanum tuberosum,Solanum tuberosum (Potato),True,IPR005304,family,,172,45,90,CONTINUOUS
M1CT12,Nucleolar essential protein,172,,4113,Solanum tuberosum,Solanum tuberosum (Potato),True,IPR005304,family,,172,89,171,CONTINUOUS
M1CT13,Nucleolar essential protein,106,,4113,Solanum tuberosum,Solanum tuberosum (Potato),True,IPR005304,family,,106,22,105,CONTINUOUS
M1CT14,Nucleolar essential protein,131,,4113,Solanum tuberosum,Solanum tuberosum (Potato),True,IPR005304,family,,131,22,131,CONTINUOUS
M1D768,Nucleolar essential protein,278,LOC102578568,4113,Solanum tuberosum,Solanum tuberosum (Potato),True,IPR005304,family,,278,39,278,CONTINUOUS
M1ES15,EMG1 nucleolar protein-like protein,95,,9669,Mustela putorius furo,Mustela putorius furo (European domestic ferret),True,IPR005304,family,,95,2,95,CONTINUOUS
M1IRJ9,Ribosomal RNA small subunit methyltransferase Nep1,213,nep1,1028566,Sulfolobus acidocaldarius N8,Sulfolobus acidocaldarius N8,True,IPR005304,family,,213,2,208,CONTINUOUS
M1IYH5,Ribosomal RNA small subunit methyltransferase Nep1,213,nep1,1028567,Sulfolobus acidocaldarius Ron12/I,Sulfolobus acidocaldarius Ron12/I,True,IPR005304,family,,213,2,208,CONTINUOUS
M1JKQ1,Uncharacterized protein,183,ECU01_0480,6035,Encephalitozoon cuniculi,Encephalitozoon cuniculi (Microsporidian parasite),True,IPR005304,family,,183,30,181,CONTINUOUS
M1VA91,Probable ribosome biogenesis protein NEP1,234,CYME_CMC063C,280699,Cyanidioschyzon merolae (strain NIES-3377 / 10D),Cyanidioschyzon merolae (strain NIES-3377 / 10D) (Unicellular red alga),True,IPR005304,family,,234,11,234,CONTINUOUS
M2LZF2,Ribosomal RNA small subunit methyltransferase NEP1,255,BAUCODRAFT_64183,717646,Baudoinia panamericana (strain UAMH 10762),Baudoinia panamericana (strain UAMH 10762) (Angels' share fungus),True,IPR005304,family,,255,26,255,CONTINUOUS
M2R0L7,Nep1-domain-containing protein,306,CERSUDRAFT_59625,914234,Ceriporiopsis subvermispora (strain B),Ceriporiopsis subvermispora (strain B) (White-rot fungus),True,IPR005304,family,,306,63,306,CONTINUOUS
M2S881,"Ribosome biogenesis protein NEP1, putative",227,EHI5A_204730,885311,Entamoeba histolytica KU27,Entamoeba histolytica KU27,True,IPR005304,family,,227,9,227,CONTINUOUS
M2T300,Ribosomal RNA small subunit methyltransferase NEP1,276,COCSADRAFT_80486,665912,Cochliobolus sativus (strain ND90Pr / ATCC 201652),Cochliobolus sativus (strain ND90Pr / ATCC 201652) (Common root rot and spot blotch fungus),True,IPR005304,family,,276,48,275,CONTINUOUS
M2UV68,Ribosomal RNA small subunit methyltransferase NEP1,276,COCHEDRAFT_1087100,701091,Cochliobolus heterostrophus (strain C5 / ATCC 48332 / race O),Cochliobolus heterostrophus (strain C5 / ATCC 48332 / race O) (Southern corn leaf blight fungus),True,IPR005304,family,,276,48,275,CONTINUOUS
M2X375,Uncharacterized protein,263,Gasu_18460,130081,Galdieria sulphuraria,Galdieria sulphuraria (Red alga),True,IPR005304,family,,263,21,262,CONTINUOUS
M3AJH9,Nucleolar essential protein 1,257,MYCFIDRAFT_44844,383855,Pseudocercospora fijiensis (strain CIRAD86),Pseudocercospora fijiensis (strain CIRAD86) (Black leaf streak disease fungus),True,IPR005304,family,,257,36,257,CONTINUOUS
M3CAT6,Nucleolar essential protein 1,256,SEPMUDRAFT_128501,692275,Sphaerulina musiva (strain SO2202),Sphaerulina musiva (strain SO2202) (Poplar stem canker fungus),True,IPR005304,family,,256,34,256,CONTINUOUS
M3K4Q2,Ribosomal RNA small subunit methyltransferase NEP1,267,G210_5443,1245528,Candida maltosa (strain Xu316),Candida maltosa (strain Xu316) (Yeast),True,IPR005304,family,,267,27,266,CONTINUOUS
M3SAE1,"Ribosome biogenesis protein NEP1, putative",227,EHI8A_199820,885319,Entamoeba histolytica HM-1:IMSS-B,Entamoeba histolytica HM-1:IMSS-B,True,IPR005304,family,,227,9,227,CONTINUOUS
M3YZ98,18S rRNA (pseudouridine(1248)-N1)-methyltransferase,244,EMG1,9669,Mustela putorius furo,Mustela putorius furo (European domestic ferret),True,IPR005304,family,,244,12,244,CONTINUOUS
M4AAP5,18S rRNA (pseudouridine(1248)-N1)-methyltransferase,236,,8083,Xiphophorus maculatus,Xiphophorus maculatus (Southern platyfish),True,IPR005304,family,,236,6,236,CONTINUOUS
M4BB54,Ribosomal RNA small subunit methyltransferase NEP1,219,,559515,Hyaloperonospora arabidopsidis (strain Emoy2),Hyaloperonospora arabidopsidis (strain Emoy2) (Downy mildew agent),True,IPR005304,family,,219,5,219,CONTINUOUS
M4CSV0,Ribosomal RNA small subunit methyltransferase NEP1,295,,3711,Brassica campestris,Brassica campestris (Field mustard),True,IPR005304,family,,295,50,295,CONTINUOUS
M5BWN3,Putative ribosomal RNA small subunit methyltransferase mra1,339,NEP1,1108050,Thanatephorus cucumeris (strain AG1-IB / isolate 7/3/14),Thanatephorus cucumeris (strain AG1-IB / isolate 7/3/14) (Lettuce bottom rot fungus),True,IPR005304,family,,339,77,339,CONTINUOUS
M5ENM8,Similar to S.cerevisiae protein EMG1 (Methyltransferase for rRNA),346,MSYG_2926,1230383,Malassezia sympodialis (strain ATCC 42132),Malassezia sympodialis (strain ATCC 42132) (Atopic eczema-associated yeast),True,IPR005304,family,,346,100,346,CONTINUOUS
M5GF60,Nep1-domain-containing protein,275,DACRYDRAFT_19329,1858805,Dacryopinax primogenitus (strain DJM 731),Dacryopinax primogenitus (strain DJM 731) (Brown rot fungus),True,IPR005304,family,,275,43,275,CONTINUOUS
M5W730,Ribosomal RNA small subunit methyltransferase NEP1,290,PRUPE_7G040700,3760,Prunus persica,Prunus persica (Peach),True,IPR005304,family,,290,38,290,CONTINUOUS
M7APJ2,18S rRNA (pseudouridine(1248)-N1)-methyltransferase,236,UY3_16438,8469,Chelonia mydas,Chelonia mydas (Green sea-turtle),True,IPR005304,family,,236,21,235,CONTINUOUS
M7NMB9,Ribosomal RNA small subunit methyltransferase NEP1,240,PNEG_03197,1069680,Pneumocystis murina (strain B123),Pneumocystis murina (strain B123) (Mouse pneumocystis pneumonia agent),True,IPR005304,family,,240,17,240,CONTINUOUS
M7TKV6,Putative nucleolar essential protein 1 protein,258,UCREL1_5632,1287681,Eutypa lata (strain UCR-EL1),Eutypa lata (strain UCR-EL1) (Grapevine dieback disease fungus),True,IPR005304,family,,258,34,258,CONTINUOUS
M7U8H1,Putative nucleolar essential protein 1 protein,298,BcDW1_8467,1290391,Botryotinia fuckeliana (strain BcDW1),Botryotinia fuckeliana (strain BcDW1) (Noble rot fungus),True,IPR005304,family,,298,68,298,CONTINUOUS
M7WFQ7,"Ribosome biogenesis protein NEP1, putative",227,KM1_267870,885315,Entamoeba histolytica HM-3:IMSS,Entamoeba histolytica HM-3:IMSS,True,IPR005304,family,,227,9,227,CONTINUOUS
M7XJM5,Nucleolar essential protein 1,298,RHTO_03599,1130832,Rhodotorula toruloides (strain NP11),Rhodotorula toruloides (strain NP11) (Yeast),True,IPR005304,family,,298,59,298,CONTINUOUS
M7ZJF2,Ribosomal RNA small subunit methyltransferase NEP1,280,LOC125512729,4572,Triticum urartu,Triticum urartu (Red wild einkorn),True,IPR005304,family,,280,41,279,CONTINUOUS
M8AAS8,Uncharacterized protein,325,TRIUR3_07305,4572,Triticum urartu,Triticum urartu (Red wild einkorn),True,IPR005304,family,,325,93,189,CONTINUOUS
M8ALP0,Ribosomal RNA small subunit methyltransferase NEP1,276,LOC125518755,4572,Triticum urartu,Triticum urartu (Red wild einkorn),True,IPR005304,family,,276,50,275,CONTINUOUS
M9MGI1,Protein required for 18S rRNA maturation and 40S ribosome biogenesis,383,PANT_24c00028,1151754,Pseudozyma antarctica (strain T-34),Pseudozyma antarctica (strain T-34) (Yeast),True,IPR005304,family,,383,128,382,CONTINUOUS
M9U619,Ribosomal RNA small subunit methyltransferase Nep1,218,nep1,1241935,Saccharolobus islandicus LAL14/1,Saccharolobus islandicus LAL14/1,True,IPR005304,family,,218,3,213,CONTINUOUS
N0BGQ3,Ribosomal RNA small subunit methyltransferase Nep1,219,nep1,387631,Archaeoglobus sulfaticallidus PM70-1,Archaeoglobus sulfaticallidus PM70-1,True,IPR005304,family,,219,3,217,CONTINUOUS
N1J5N5,Putative nucleolar essential protein 1/putative RNA processing protein Emg1,251,BGHDH14_bgh01344,546991,Blumeria graminis f. sp. hordei (strain DH14),Blumeria graminis f. sp. hordei (strain DH14) (Barley powdery mildew),True,IPR005304,family,,251,25,251,CONTINUOUS
N1P6S0,Ribosomal RNA small subunit methyltransferase NEP1,252,CENPK1137D_565,889517,Saccharomyces cerevisiae (strain CEN.PK113-7D),Saccharomyces cerevisiae (strain CEN.PK113-7D) (Baker's yeast),True,IPR005304,family,,252,25,252,CONTINUOUS
N1PEH3,Nucleolar essential protein 1,256,DOTSEDRAFT_47488,675120,Dothistroma septosporum (strain NZE10 / CBS 128990),Dothistroma septosporum (strain NZE10 / CBS 128990) (Red band needle blight fungus),True,IPR005304,family,,256,34,256,CONTINUOUS
N1R200,Ribosomal RNA small subunit methyltransferase NEP1,280,,37682,Aegilops tauschii,Aegilops tauschii (Tausch's goatgrass),True,IPR005304,family,,280,43,279,CONTINUOUS
N1RTL9,Ribosomal RNA small subunit methyltransferase NEP1,259,FOC4_g10013129,2502994,Fusarium oxysporum f. sp. cubense (strain race 4),Fusarium oxysporum f. sp. cubense (strain race 4) (Panama disease fungus),True,IPR005304,family,,259,37,259,CONTINUOUS
N4UE02,Ribosomal RNA small subunit methyltransferase NEP1,259,FOC1_g10014031,1229664,Fusarium oxysporum f. sp. cubense (strain race 1),Fusarium oxysporum f. sp. cubense (strain race 1) (Panama disease fungus),True,IPR005304,family,,259,37,259,CONTINUOUS
N4X891,Ribosomal RNA small subunit methyltransferase NEP1,276,COCC4DRAFT_43649,665024,Cochliobolus heterostrophus (strain C4 / ATCC 48331 / race T),Cochliobolus heterostrophus (strain C4 / ATCC 48331 / race T) (Southern corn leaf blight fungus),True,IPR005304,family,,276,48,275,CONTINUOUS
N6V0X2,Ribosomal RNA small subunit methyltransferase Nep1,203,nep1,1069083,Methanocaldococcus villosus KIN24-T80,Methanocaldococcus villosus KIN24-T80,True,IPR005304,family,,203,2,200,CONTINUOUS
N9UYR0,"Ribosome biogenesis protein NEP1, putative",227,EHI7A_171620,885318,Entamoeba histolytica HM-1:IMSS-A,Entamoeba histolytica HM-1:IMSS-A,True,IPR005304,family,,227,9,227,CONTINUOUS
O29524,Ribosomal RNA small subunit methyltransferase Nep1,219,nep1,224325,Archaeoglobus fulgidus (strain ATCC 49558 / DSM 4304 / JCM 9628 / NBRC 100126 / VC-16),Archaeoglobus fulgidus (strain ATCC 49558 / DSM 4304 / JCM 9628 / NBRC 100126 / VC-16),True,IPR005304,family,,219,5,212,CONTINUOUS
O35130,Ribosomal RNA small subunit methyltransferase NEP1,244,Emg1,10090,Mus musculus,Mus musculus (Mouse),True,IPR005304,family,,244,13,244,CONTINUOUS
O50087,Ribosomal RNA small subunit methyltransferase Nep1,229,nep1,70601,Pyrococcus horikoshii (strain ATCC 700860 / DSM 12428 / JCM 9974 / NBRC 100139 / OT-3),Pyrococcus horikoshii (strain ATCC 700860 / DSM 12428 / JCM 9974 / NBRC 100139 / OT-3),True,IPR005304,family,,229,3,222,CONTINUOUS
Q00SI6,Putative nucleolar essential protein,224,BE221DRAFT_201744,70448,Ostreococcus tauri,Ostreococcus tauri (Marine green alga),True,IPR005304,family,,224,13,223,CONTINUOUS
Q06287,Ribosomal RNA small subunit methyltransferase NEP1,252,EMG1,559292,Saccharomyces cerevisiae (strain ATCC 204508 / S288c),Saccharomyces cerevisiae (strain ATCC 204508 / S288c) (Baker's yeast),True,IPR005304,family,,252,25,252,CONTINUOUS
Q0CBR5,Nucleolar essential protein 1,254,ATEG_08869,341663,Aspergillus terreus (strain NIH 2624 / FGSC A1156),Aspergillus terreus (strain NIH 2624 / FGSC A1156),True,IPR005304,family,,254,32,254,CONTINUOUS
Q0E1Y4,Nucleolar essential protein,284,Os02g0290400,39947,Oryza sativa subsp. japonica,Oryza sativa subsp. japonica (Rice),True,IPR005304,family,,284,51,283,CONTINUOUS
Q0U7K1,Nucleolar essential protein 1,274,SNOG_12263,321614,Phaeosphaeria nodorum (strain SN15 / ATCC MYA-4574 / FGSC 10173),Phaeosphaeria nodorum (strain SN15 / ATCC MYA-4574 / FGSC 10173) (Glume blotch fungus),True,IPR005304,family,,274,31,273,CONTINUOUS
Q10107,Ribosomal RNA small subunit methyltransferase mra1,359,mra1,284812,Schizosaccharomyces pombe (strain 972 / ATCC 24843),Schizosaccharomyces pombe (strain 972 / ATCC 24843) (Fission yeast),True,IPR005304,family,,359,109,358,CONTINUOUS
Q17J58,18S rRNA (pseudouridine-N1)-methyltransferase,238,5573604,7159,Aedes aegypti,Aedes aegypti (Yellowfever mosquito),True,IPR005304,family,,238,1,238,CONTINUOUS
Q1RM81,18S rRNA (pseudouridine(1248)-N1)-methyltransferase,238,emg1,7955,Danio rerio,Danio rerio (Zebrafish),True,IPR005304,family,,238,8,238,CONTINUOUS
Q237J4,EMG1/NEP1 methyltransferase,309,TTHERM_00322910,312017,Tetrahymena thermophila (strain SB210),Tetrahymena thermophila (strain SB210),True,IPR005304,family,,309,73,308,CONTINUOUS
Q29JM3,18S rRNA (pseudouridine-N1)-methyltransferase,252,LOC4815756,46245,Drosophila pseudoobscura pseudoobscura,Drosophila pseudoobscura pseudoobscura (Fruit fly),True,IPR005304,family,,252,28,251,CONTINUOUS
Q2HH45,Nucleolar essential protein 1,250,CHGG_00459,306901,Chaetomium globosum (strain ATCC 6205 / CBS 148.51 / DSM 1962 / NBRC 6347 / NRRL 1970),Chaetomium globosum (strain ATCC 6205 / CBS 148.51 / DSM 1962 / NBRC 6347 / NRRL 1970) (Soil fungus),True,IPR005304,family,,250,25,250,CONTINUOUS
Q2HJ76,EMG1 nucleolar protein homolog (S. cerevisiae),106,EMG1,9913,Bos taurus,Bos taurus (Bovine),True,IPR005304,family,,106,12,91,CONTINUOUS
Q2U551,"DNA, SC020",262,AO090020000071,510516,Aspergillus oryzae (strain ATCC 42149 / RIB 40),Aspergillus oryzae (strain ATCC 42149 / RIB 40) (Yellow koji mold),True,IPR005304,family,,262,39,262,CONTINUOUS
Q3YAX0,Nucleolar essential protein 1,244,,5180,Sclerotinia sclerotiorum,Sclerotinia sclerotiorum (White mold),True,IPR005304,family,,244,25,244,CONTINUOUS
Q4CKB4,Uncharacterized protein,216,Tc00.1047053447705.9,353153,Trypanosoma cruzi (strain CL Brener),Trypanosoma cruzi (strain CL Brener),True,IPR005304,family,,216,6,173,CONTINUOUS
Q4D0P1,EMG1/NEP1 methyltransferase,271,Tc00.1047053508961.20,353153,Trypanosoma cruzi (strain CL Brener),Trypanosoma cruzi (strain CL Brener),True,IPR005304,family,,271,6,263,CONTINUOUS
Q4D5L2,EMG1/NEP1 methyltransferase,271,Tc00.1047053508839.40,353153,Trypanosoma cruzi (strain CL Brener),Trypanosoma cruzi (strain CL Brener),True,IPR005304,family,,271,6,263,CONTINUOUS
Q4DT40,EMG1/NEP1 methyltransferase,212,Tc00.1047053511621.259,353153,Trypanosoma cruzi (strain CL Brener),Trypanosoma cruzi (strain CL Brener),True,IPR005304,family,,212,5,200,CONTINUOUS
Q4DTT4,Ribosomal RNA small subunit methyltransferase NEP1,276,Tc00.1047053504741.110,353153,Trypanosoma cruzi (strain CL Brener),Trypanosoma cruzi (strain CL Brener),True,IPR005304,family,,276,49,264,CONTINUOUS
Q4JCL5,Ribosomal RNA small subunit methyltransferase Nep1,219,nep1,330779,Sulfolobus acidocaldarius (strain ATCC 33909 / DSM 639 / JCM 8929 / NBRC 15157 / NCIMB 11770),Sulfolobus acidocaldarius (strain ATCC 33909 / DSM 639 / JCM 8929 / NBRC 15157 / NCIMB 11770),True,IPR005304,family,,219,3,214,CONTINUOUS
Q4MZ72,Ribosome biogenesis protein,271,TP03_0619,5875,Theileria parva,Theileria parva (East coast fever infection agent),True,IPR005304,family,,271,3,264,CONTINUOUS
Q4N8B6,Uncharacterized protein,105,TP01_0556,5875,Theileria parva,Theileria parva (East coast fever infection agent),True,IPR005304,family,,105,13,99,CONTINUOUS
Q4QEM7,EMG1/NEP1 methyltransferase,287,LMJF_16_1390,5664,Leishmania major,Leishmania major,True,IPR005304,family,,287,9,279,CONTINUOUS
Q4SND2,18S rRNA (pseudouridine(1248)-N1)-methyltransferase,237,GSTENG00015344001,99883,Tetraodon nigroviridis,Tetraodon nigroviridis (Spotted green pufferfish),True,IPR005304,family,,237,6,237,CONTINUOUS
Q4UBF1,Uncharacterized protein,265,TA18685,5874,Theileria annulata,Theileria annulata,True,IPR005304,family,,265,3,188,CONTINUOUS
Q4WWI6,RNA processing protein Emg1,254,AFUA_3G06010,330879,Aspergillus fumigatus (strain ATCC MYA-4609 / CBS 101355 / FGSC A1100 / Af293),Aspergillus fumigatus (strain ATCC MYA-4609 / CBS 101355 / FGSC A1100 / Af293),True,IPR005304,family,,254,31,254,CONTINUOUS
Q542P8,18S rRNA (pseudouridine(1248)-N1)-methyltransferase,244,Emg1,10090,Mus musculus,Mus musculus (Mouse),True,IPR005304,family,,244,13,244,CONTINUOUS
Q57977,Ribosomal RNA small subunit methyltransferase Nep1,205,nep1,243232,Methanocaldococcus jannaschii (strain ATCC 43067 / DSM 2661 / JAL-1 / JCM 10045 / NBRC 100440),Methanocaldococcus jannaschii (strain ATCC 43067 / DSM 2661 / JAL-1 / JCM 10045 / NBRC 100440),True,IPR005304,family,,205,3,203,CONTINUOUS
Q57UH6,EMG1/NEP1 methyltransferase,278,Tb08.5H5.850,185431,Trypanosoma brucei brucei (strain 927/4 GUTat10.1),Trypanosoma brucei brucei (strain 927/4 GUTat10.1),True,IPR005304,family,,278,9,270,CONTINUOUS
Q586T6,EMG1/NEP1 methyltransferase,279,30M24.90,185431,Trypanosoma brucei brucei (strain 927/4 GUTat10.1),Trypanosoma brucei brucei (strain 927/4 GUTat10.1),True,IPR005304,family,,279,53,272,CONTINUOUS
Q5B9M1,"RNA processing protein Emg1, putative (AFU_orthologue AFUA_3G06010)",260,ANIA_02759,227321,Emericella nidulans (strain FGSC A4 / ATCC 38163 / CBS 112.46 / NRRL 194 / M139),Emericella nidulans (strain FGSC A4 / ATCC 38163 / CBS 112.46 / NRRL 194 / M139),True,IPR005304,family,,260,34,260,CONTINUOUS
Q5BIB6,18S rRNA (pseudouridine-N1)-methyltransferase,252,CG3527,7227,Drosophila melanogaster,Drosophila melanogaster (Fruit fly),True,IPR005304,family,,252,28,251,CONTINUOUS
Q5BXE2,SJCHGC04905 protein,147,,6182,Schistosoma japonicum,Schistosoma japonicum (Blood fluke),True,IPR005304,family,,147,15,137,CONTINUOUS
Q5CQY3,"Mra1/NEP1 like protein, involved in pre-rRNA processing, adjacent genes putative paralogs",223,cgd4_2840,353152,Cryptosporidium parvum (strain Iowa II),Cryptosporidium parvum (strain Iowa II),True,IPR005304,family,,223,7,223,CONTINUOUS
Q5CQY4,"Mra1/NEP1 like protein, involved in pre-rRNA processing, adjacent genes putative paralogs",216,cgd4_2830,353152,Cryptosporidium parvum (strain Iowa II),Cryptosporidium parvum (strain Iowa II),True,IPR005304,family,,216,6,214,CONTINUOUS
Q5JI44,Ribosomal RNA small subunit methyltransferase Nep1,220,nep1,69014,Thermococcus kodakarensis (strain ATCC BAA-918 / JCM 12380 / KOD1),Thermococcus kodakarensis (strain ATCC BAA-918 / JCM 12380 / KOD1),True,IPR005304,family,,220,2,217,CONTINUOUS
Q5KAE4,"Nucleolar essential protein 1, putative",334,CNJ01990,214684,Cryptococcus deneoformans (strain JEC21 / ATCC MYA-565),Cryptococcus deneoformans (strain JEC21 / ATCC MYA-565),True,IPR005304,family,,334,76,334,CONTINUOUS
Q6BPF4,Ribosomal RNA small subunit methyltransferase NEP1,249,DEHA2E14036g,284592,Debaryomyces hansenii (strain ATCC 36239 / CBS 767 / BCRC 21394 / JCM 1990 / NBRC 0083 / IGC 2968),Debaryomyces hansenii (strain ATCC 36239 / CBS 767 / BCRC 21394 / JCM 1990 / NBRC 0083 / IGC 2968) (Yeast),True,IPR005304,family,,249,7,248,CONTINUOUS
Q6C7E4,Ribosomal RNA small subunit methyltransferase NEP1,258,YALI0_E01496g,284591,Yarrowia lipolytica (strain CLIB 122 / E 150),Yarrowia lipolytica (strain CLIB 122 / E 150) (Yeast),True,IPR005304,family,,258,21,257,CONTINUOUS
Q6CUV8,Ribosomal RNA small subunit methyltransferase NEP1,252,KLLA0_C01914g,284590,Kluyveromyces lactis (strain ATCC 8585 / CBS 2359 / DSM 70799 / NBRC 1267 / NRRL Y-1140 / WM37),Kluyveromyces lactis (strain ATCC 8585 / CBS 2359 / DSM 70799 / NBRC 1267 / NRRL Y-1140 / WM37) (Yeast),True,IPR005304,family,,252,17,252,CONTINUOUS
Q6FVP1,Ribosomal RNA small subunit methyltransferase NEP1,63,CAGL0E00363g,284593,Candida glabrata (strain ATCC 2001 / BCRC 20586 / JCM 3761 / NBRC 0622 / NRRL Y-65 / CBS 138),Candida glabrata (strain ATCC 2001 / BCRC 20586 / JCM 3761 / NBRC 0622 / NRRL Y-65 / CBS 138) (Yeast),True,IPR005304,family,,63,8,63,CONTINUOUS
Q6K882,Os02g0290400 protein,284,Os02g0290400,39947,Oryza sativa subsp. japonica,Oryza sativa subsp. japonica (Rice),True,IPR005304,family,,284,51,283,CONTINUOUS
Q6L170,Ribosomal RNA small subunit methyltransferase Nep1,219,nep1,1122961,Picrophilus torridus (strain ATCC 700027 / DSM 9790 / JCM 10055 / NBRC 100828 / KAW 2/3),Picrophilus torridus (strain ATCC 700027 / DSM 9790 / JCM 10055 / NBRC 100828 / KAW 2/3),True,IPR005304,family,,219,2,214,CONTINUOUS
Q751Y9,Ribosomal RNA small subunit methyltransferase NEP1,253,AGOS_AFR686C,284811,Eremothecium gossypii (strain ATCC 10895 / CBS 109.51 / FGSC 9923 / NRRL Y-1056),Eremothecium gossypii (strain ATCC 10895 / CBS 109.51 / FGSC 9923 / NRRL Y-1056) (Yeast),True,IPR005304,family,,253,26,253,CONTINUOUS
Q7KWM6,Uncharacterized protein,338,emg1,44689,Dictyostelium discoideum,Dictyostelium discoideum (Social amoeba),True,IPR005304,family,,338,7,338,CONTINUOUS
Q7PR76,18S rRNA (pseudouridine-N1)-methyltransferase,238,1273153,7165,Anopheles gambiae,Anopheles gambiae (African malaria mosquito),True,IPR005304,family,,238,9,238,CONTINUOUS
Q7RCD5,Small subunit rRNA processing factor,418,PY05849,73239,Plasmodium yoelii yoelii,Plasmodium yoelii yoelii,True,IPR005304,family,,418,156,417,CONTINUOUS
Q86ZL3,Similar to Multicopy suppressor of ras1 MRA1 from Schizosaccharomyces pombe,250,,2587412,Podospora anserina,Podospora anserina,True,IPR005304,family,,250,26,250,CONTINUOUS
Q874M9,Ribosomal RNA small subunit methyltransferase NEP1,228,EMG1,51657,Nakaseomyces delphensis,Nakaseomyces delphensis (Yeast),True,IPR005304,family,,228,16,228,CONTINUOUS
Q8I5G2,"Small subunit rRNA processing factor, putative",443,PF3D7_1225500,36329,Plasmodium falciparum (isolate 3D7),Plasmodium falciparum (isolate 3D7),True,IPR005304,family,,443,174,442,CONTINUOUS
Q8IB49,"Ribosomal RNA small subunit methyltransferase NEP1, putative",279,PF3D7_0821500,36329,Plasmodium falciparum (isolate 3D7),Plasmodium falciparum (isolate 3D7),True,IPR005304,family,,279,43,278,CONTINUOUS
Q8LA80,Ribosomal RNA small subunit methyltransferase NEP1,298,,3702,Arabidopsis thaliana,Arabidopsis thaliana (Mouse-ear cress),True,IPR005304,family,,298,50,298,CONTINUOUS
Q8SWN7,Uncharacterized protein,183,ECU01_0480,284813,Encephalitozoon cuniculi (strain GB-M1),Encephalitozoon cuniculi (strain GB-M1) (Microsporidian parasite),True,IPR005304,family,,183,30,181,CONTINUOUS
Q8TYU0,Ribosomal RNA small subunit methyltransferase Nep1,231,mra1,190192,Methanopyrus kandleri (strain AV19 / DSM 6324 / JCM 9639 / NBRC 100938),Methanopyrus kandleri (strain AV19 / DSM 6324 / JCM 9639 / NBRC 100938),True,IPR005304,family,,231,2,225,CONTINUOUS
Q8U1E6,Ribosomal RNA small subunit methyltransferase Nep1,223,nep1,186497,Pyrococcus furiosus (strain ATCC 43587 / DSM 3638 / JCM 8422 / Vc1),Pyrococcus furiosus (strain ATCC 43587 / DSM 3638 / JCM 8422 / Vc1),True,IPR005304,family,,223,3,220,CONTINUOUS
Q8ZW45,Ribosomal RNA small subunit methyltransferase Nep1,221,nep1,178306,Pyrobaculum aerophilum (strain ATCC 51768 / DSM 7523 / JCM 9630 / CIP 104966 / NBRC 100827 / IM2),Pyrobaculum aerophilum (strain ATCC 51768 / DSM 7523 / JCM 9630 / CIP 104966 / NBRC 100827 / IM2),True,IPR005304,family,,221,1,215,CONTINUOUS
Q92979,Ribosomal RNA small subunit methyltransferase NEP1,244,EMG1,9606,Homo sapiens,Homo sapiens (Human),True,IPR005304,family,,244,12,244,CONTINUOUS
Q96UP2,Ribosomal RNA small subunit methyltransferase NEP1,229,NEP1,284593,Candida glabrata (strain ATCC 2001 / BCRC 20586 / JCM 3761 / NBRC 0622 / NRRL Y-65 / CBS 138),Candida glabrata (strain ATCC 2001 / BCRC 20586 / JCM 3761 / NBRC 0622 / NRRL Y-65 / CBS 138) (Yeast),True,IPR005304,family,,229,12,229,CONTINUOUS
Q96YP4,Ribosomal RNA small subunit methyltransferase Nep1,219,nep1,273063,Sulfurisphaera tokodaii (strain DSM 16993 / JCM 10545 / NBRC 100140 / 7),Sulfurisphaera tokodaii (strain DSM 16993 / JCM 10545 / NBRC 100140 / 7),True,IPR005304,family,,219,3,215,CONTINUOUS
Q979E4,Ribosomal RNA small subunit methyltransferase Nep1,222,nep1,273116,Thermoplasma volcanium (strain ATCC 51530 / DSM 4299 / JCM 9571 / NBRC 15438 / GSS1),Thermoplasma volcanium (strain ATCC 51530 / DSM 4299 / JCM 9571 / NBRC 15438 / GSS1),True,IPR005304,family,,222,2,217,CONTINUOUS
Q97WJ0,Ribosomal RNA small subunit methyltransferase Nep1,218,nep1,273057,Saccharolobus solfataricus (strain ATCC 35092 / DSM 1617 / JCM 11322 / P2),Saccharolobus solfataricus (strain ATCC 35092 / DSM 1617 / JCM 11322 / P2),True,IPR005304,family,,218,3,213,CONTINUOUS
Q9HJ48,Ribosomal RNA small subunit methyltransferase Nep1,222,nep1,273075,Thermoplasma acidophilum (strain ATCC 25905 / DSM 1728 / JCM 9062 / NBRC 15155 / AMRC-C165),Thermoplasma acidophilum (strain ATCC 25905 / DSM 1728 / JCM 9062 / NBRC 15155 / AMRC-C165),True,IPR005304,family,,222,2,217,CONTINUOUS
Q9M1J8,At3g57000,298,F24I3.80,3702,Arabidopsis thaliana,Arabidopsis thaliana (Mouse-ear cress),True,IPR005304,family,,298,49,298,CONTINUOUS
Q9P8P7,Ribosomal RNA small subunit methyltransferase NEP1,267,NEP1,5476,Candida albicans,Candida albicans (Yeast),True,IPR005304,family,,267,21,266,CONTINUOUS
Q9V0M0,Ribosomal RNA small subunit methyltransferase Nep1,232,nep1,272844,Pyrococcus abyssi (strain GE5 / Orsay),Pyrococcus abyssi (strain GE5 / Orsay),True,IPR005304,family,,232,3,222,CONTINUOUS
Q9W4J5,Ribosomal RNA small subunit methyltransferase NEP1,252,CG3527,7227,Drosophila melanogaster,Drosophila melanogaster (Fruit fly),True,IPR005304,family,,252,28,251,CONTINUOUS
Q9XX15,Ribosomal RNA small subunit methyltransferase nep-1,231,emg-1,6239,Caenorhabditis elegans,Caenorhabditis elegans,True,IPR005304,family,,231,10,231,CONTINUOUS
Q9YES9,Ribosomal RNA small subunit methyltransferase Nep1,224,nep1,272557,Aeropyrum pernix (strain ATCC 700893 / DSM 11879 / JCM 9820 / NBRC 100138 / K1),Aeropyrum pernix (strain ATCC 700893 / DSM 11879 / JCM 9820 / NBRC 100138 / K1),True,IPR005304,family,,224,1,218,CONTINUOUS
R0KPT3,Ribosomal RNA small subunit methyltransferase NEP1,275,SETTUDRAFT_159424,671987,Exserohilum turcicum (strain 28A),Exserohilum turcicum (strain 28A) (Northern leaf blight fungus),True,IPR005304,family,,275,31,274,CONTINUOUS
R0KW41,Nucleolar essential protein 1,174,NEP1,578461,Nosema bombycis (strain CQ1 / CVCC 102059),Nosema bombycis (strain CQ1 / CVCC 102059) (Microsporidian parasite),True,IPR005304,family,,174,23,173,CONTINUOUS
R0MNI9,Nucleolar essential protein 1,174,NEP1,578461,Nosema bombycis (strain CQ1 / CVCC 102059),Nosema bombycis (strain CQ1 / CVCC 102059) (Microsporidian parasite),True,IPR005304,family,,174,23,173,CONTINUOUS
R1BQH2,Ribosomal RNA small subunit methyltransferase NEP1,251,EMIHUDRAFT_67063,2903,Emiliania huxleyi,Emiliania huxleyi (Coccolithophore),True,IPR005304,family,,251,17,250,CONTINUOUS
R1EK01,Putative rna processing protein,262,UCRNP2_5075,1287680,Botryosphaeria parva (strain UCR-NP2),Botryosphaeria parva (strain UCR-NP2) (Grapevine canker fungus),True,IPR005304,family,,262,16,262,CONTINUOUS
R1FU42,Ribosomal RNA small subunit methyltransferase NEP1,222,EMIHUDRAFT_313005,2903,Emiliania huxleyi,Emiliania huxleyi (Coccolithophore),True,IPR005304,family,,222,10,221,CONTINUOUS
R4G8U1,18S rRNA (pseudouridine-N1)-methyltransferase,236,,13249,Rhodnius prolixus,Rhodnius prolixus (Triatomid bug),True,IPR005304,family,,236,5,236,CONTINUOUS
R4WJN6,18S rRNA (pseudouridine-N1)-methyltransferase,235,,329032,Riptortus pedestris,Riptortus pedestris (Bean bug),True,IPR005304,family,,235,8,235,CONTINUOUS
R4X6G3,Probable ribosomal RNA small subunit methyltransferase mra1,260,TAPDE_000206,1097556,Taphrina deformans (strain PYCC 5710 / ATCC 11124 / CBS 356.35 / IMI 108563 / JCM 9778 / NBRC 8474),Taphrina deformans (strain PYCC 5710 / ATCC 11124 / CBS 356.35 / IMI 108563 / JCM 9778 / NBRC 8474) (Peach leaf curl fungus),True,IPR005304,family,,260,30,259,CONTINUOUS
R7QNV2,Ribosomal RNA small subunit methyltransferase NEP1,351,CHC_T00000277001,2769,Chondrus crispus,Chondrus crispus (Carrageen Irish moss),True,IPR005304,family,,351,80,350,CONTINUOUS
R7S507,Nep1-domain-containing protein,234,PUNSTDRAFT_76504,741275,Punctularia strigosozonata (strain HHB-11173),Punctularia strigosozonata (strain HHB-11173) (White-rot fungus),True,IPR005304,family,,234,10,234,CONTINUOUS
R7SL69,Nep1-domain-containing protein,302,DICSQDRAFT_72980,732165,Dichomitus squalens (strain LYAD-421),Dichomitus squalens (strain LYAD-421) (Western red white-rot fungus),True,IPR005304,family,,302,49,302,CONTINUOUS
R7T9D6,Ribosomal RNA small subunit methyltransferase NEP1,225,CAPTEDRAFT_161336,283909,Capitella teleta,Capitella teleta (Polychaete worm),True,IPR005304,family,,225,8,224,CONTINUOUS
R7WBS5,Ribosomal RNA small subunit methyltransferase NEP1,321,,37682,Aegilops tauschii,Aegilops tauschii (Tausch's goatgrass),True,IPR005304,family,,321,47,299,CONTINUOUS
R7YZ83,Ribosomal RNA small subunit methyltransferase NEP1,258,W97_06097,1168221,Coniosporium apollinis (strain CBS 100218),Coniosporium apollinis (strain CBS 100218) (Rock-inhabiting black yeast),True,IPR005304,family,,258,34,258,CONTINUOUS
R8BT69,Putative nucleolar essential protein 1 protein,261,UCRPA7_1956,1286976,Phaeoacremonium minimum (strain UCR-PA7),Phaeoacremonium minimum (strain UCR-PA7) (Esca disease fungus),True,IPR005304,family,,261,36,261,CONTINUOUS
R9AJM2,Ribosomal RNA small subunit methyltransferase NEP1,274,J056_001132,1299270,Wallemia ichthyophaga (strain EXF-994 / CBS 113033),Wallemia ichthyophaga (strain EXF-994 / CBS 113033),True,IPR005304,family,,274,36,273,CONTINUOUS
R9P199,Nucleolar essential protein,365,PHSY_002638,1305764,Pseudozyma hubeiensis (strain SY62),Pseudozyma hubeiensis (strain SY62) (Yeast),True,IPR005304,family,,365,109,364,CONTINUOUS
R9T7F2,Ribosome biogenesis protein,187,MMINT_01680,1295009,Methanomassiliicoccus intestinalis (strain Issoire-Mx1),Methanomassiliicoccus intestinalis (strain Issoire-Mx1),True,IPR005304,family,,187,33,185,CONTINUOUS
S0AT45,Ribosomal RNA small subunit methyltransferase Nep1,222,nep1,333146,Ferroplasma acidarmanus Fer1,Ferroplasma acidarmanus Fer1,True,IPR005304,family,,222,2,215,CONTINUOUS
S0E3Y7,Probable nucleolar essential protein 1,259,FFUJ_13649,1279085,Gibberella fujikuroi (strain CBS 195.34 / IMI 58289 / NRRL A-6831),Gibberella fujikuroi (strain CBS 195.34 / IMI 58289 / NRRL A-6831) (Bakanae and foot rot disease fungus),True,IPR005304,family,,259,37,259,CONTINUOUS
S2E1Y3,Ribosomal RNA small subunit methyltransferase Nep1,222,nep1,859192,Candidatus Nitrosarchaeum limnium BG20,Candidatus Nitrosarchaeum limnium BG20,True,IPR005304,family,,222,2,218,CONTINUOUS
S2JQN7,Ribosomal RNA small subunit methyltransferase NEP1,260,HMPREF1544_11177,1220926,Mucor circinelloides f. circinelloides (strain 1006PhL),Mucor circinelloides f. circinelloides (strain 1006PhL) (Mucormycosis agent),True,IPR005304,family,,260,16,260,CONTINUOUS
S2K1H2,Ribosomal RNA small subunit methyltransferase NEP1,240,HMPREF1544_04136,1220926,Mucor circinelloides f. circinelloides (strain 1006PhL),Mucor circinelloides f. circinelloides (strain 1006PhL) (Mucormycosis agent),True,IPR005304,family,,240,5,240,CONTINUOUS
S3BTA8,Nucleolar essential protein 1,263,F503_01925,1262450,Ophiostoma piceae (strain UAMH 11346),Ophiostoma piceae (strain UAMH 11346) (Sap stain fungus),True,IPR005304,family,,263,28,263,CONTINUOUS
S3D761,Ribosomal RNA small subunit methyltransferase NEP1,248,GLAREA_10016,1116229,Glarea lozoyensis (strain ATCC 20868 / MF5171),Glarea lozoyensis (strain ATCC 20868 / MF5171),True,IPR005304,family,,248,25,248,CONTINUOUS
S4PMR2,18S rRNA (pseudouridine-N1)-methyltransferase,236,,116150,Pararge aegeria,Pararge aegeria (speckled wood butterfly),True,IPR005304,family,,236,18,235,CONTINUOUS
S5ZKV4,Ribosomal RNA small subunit methyltransferase Nep1,228,nep1,1365176,Thermofilum adornatum,Thermofilum adornatum,True,IPR005304,family,,228,3,223,CONTINUOUS
S6BG08,Uncharacterized protein,293,BBOV_III002060,5865,Babesia bovis,Babesia bovis,True,IPR005304,family,,293,3,220,CONTINUOUS
S7N5Q2,18S rRNA (pseudouridine(1248)-N1)-methyltransferase,244,D623_10009370,109478,Myotis brandtii,Myotis brandtii (Brandt's bat),True,IPR005304,family,,244,12,243,CONTINUOUS
S7QK48,Nep1-domain-containing protein,237,GLOTRDRAFT_33833,670483,Gloeophyllum trabeum (strain ATCC 11539 / FP-39264 / Madison 617),Gloeophyllum trabeum (strain ATCC 11539 / FP-39264 / Madison 617) (Brown rot fungus),True,IPR005304,family,,237,10,237,CONTINUOUS
S7W2F9,Putative ribosome biogenesis protein nep1,235,TGGT1_313980,507601,Toxoplasma gondii (strain ATCC 50853 / GT1),Toxoplasma gondii (strain ATCC 50853 / GT1),True,IPR005304,family,,235,20,234,CONTINUOUS
S7W902,EMG1/NEP1 methyltransferase,188,SLOPH_334,1358809,Spraguea lophii (strain 42_110),Spraguea lophii (strain 42_110) (Microsporidian parasite),True,IPR005304,family,,188,7,186,CONTINUOUS
S7Z8U1,Ribosomal RNA small subunit methyltransferase NEP1,258,PDE_01562,933388,Penicillium oxalicum (strain 114-2 / CGMCC 5302),Penicillium oxalicum (strain 114-2 / CGMCC 5302),True,IPR005304,family,,258,33,258,CONTINUOUS
S8CDG7,Ribosomal RNA small subunit methyltransferase NEP1,255,H072_132,1284197,Dactylellina haptotyla (strain CBS 200.50),Dactylellina haptotyla (strain CBS 200.50) (Nematode-trapping fungus),True,IPR005304,family,,255,34,255,CONTINUOUS
S8CEE6,Ribosomal RNA small subunit methyltransferase NEP1,280,M569_09552,192259,Genlisea aurea,Genlisea aurea,True,IPR005304,family,,280,45,280,CONTINUOUS
S8DNP3,Nep1-domain-containing protein,371,FOMPIDRAFT_1025963,2126942,Fomitopsis schrenkii,Fomitopsis schrenkii (Brown rot fungus),True,IPR005304,family,,371,116,371,CONTINUOUS
S9PN20,Ribosome biogenesis protein Mra1,384,SOCG_04330,483514,Schizosaccharomyces octosporus (strain yFS286),Schizosaccharomyces octosporus (strain yFS286) (Fission yeast),True,IPR005304,family,,384,130,383,CONTINUOUS
S9VQY9,Uncharacterized protein,130,STCU_04490,28005,Strigomonas culicis,Strigomonas culicis,True,IPR005304,family,,130,1,118,CONTINUOUS
S9W601,Essential for mitotic growth 1,165,STCU_01476,28005,Strigomonas culicis,Strigomonas culicis,True,IPR005304,family,,165,2,157,CONTINUOUS
S9X3V3,Ribosome biogenesis protein Mra1,356,SPOG_00210,653667,Schizosaccharomyces cryophilus (strain OY26 / ATCC MYA-4695 / CBS 11777 / NBRC 106824 / NRRL Y48691),Schizosaccharomyces cryophilus (strain OY26 / ATCC MYA-4695 / CBS 11777 / NBRC 106824 / NRRL Y48691) (Fission yeast),True,IPR005304,family,,356,99,355,CONTINUOUS
S9YR91,18S rRNA (pseudouridine(1248)-N1)-methyltransferase,244,EMG1,419612,Camelus ferus,Camelus ferus (Wild bactrian camel),True,IPR005304,family,,244,12,244,CONTINUOUS
T0KLW2,Essential for mitotic growth 1,271,CGLO_06556,1237896,Colletotrichum gloeosporioides (strain Cg-14),Colletotrichum gloeosporioides (strain Cg-14) (Anthracnose fungus),True,IPR005304,family,,271,47,270,CONTINUOUS
T0LB27,Ribosome biogenesis protein nep1,164,NAPIS_ORF00865,1037528,Vairimorpha apis BRL 01,Vairimorpha apis BRL 01,True,IPR005304,family,,164,26,157,CONTINUOUS
T0RD99,Ribosomal RNA small subunit methyltransferase NEP1,216,SDRG_14604,1156394,Saprolegnia diclina (strain VS20),Saprolegnia diclina (strain VS20),True,IPR005304,family,,216,4,216,CONTINUOUS
T0ZJA5,"Ribosomal biogenesis, methyltransferase, EMG1/NEP1",150,B1B_13492,410659,mine drainage metagenome,mine drainage metagenome,True,IPR005304,family,,150,1,147,CONTINUOUS
T1AIM0,"Ribosomal biogenesis, methyltransferase, EMG1/NEP1",175,B2A_05288,410659,mine drainage metagenome,mine drainage metagenome,True,IPR005304,family,,175,6,174,CONTINUOUS
T1EAF3,18S rRNA (pseudouridine-N1)-methyltransferase,217,,42839,Anopheles aquasalis,Anopheles aquasalis (Malaria mosquito),True,IPR005304,family,,217,7,217,CONTINUOUS
T1G7Q2,Ribosomal RNA small subunit methyltransferase NEP1,228,20217099,6412,Helobdella robusta,Helobdella robusta (Californian leech),True,IPR005304,family,,228,15,228,CONTINUOUS
T1H111,18S rRNA (pseudouridine-N1)-methyltransferase,152,,36166,Megaselia scalaris,Megaselia scalaris (Humpbacked fly),True,IPR005304,family,,152,1,151,CONTINUOUS
T1J238,18S rRNA (pseudouridine-N1)-methyltransferase,239,,126957,Strigamia maritima,Strigamia maritima (European centipede),True,IPR005304,family,,239,9,238,CONTINUOUS
T1KJL7,18S rRNA (pseudouridine-N1)-methyltransferase,240,107364932,32264,Tetranychus urticae,Tetranychus urticae (Two-spotted spider mite),True,IPR005304,family,,240,8,239,CONTINUOUS
T2M847,Ribosomal RNA small subunit methyltransferase NEP1,232,EMG1,6087,Hydra vulgaris,Hydra vulgaris (Hydra),True,IPR005304,family,,232,10,231,CONTINUOUS
T5A3B5,"Ribosomal biogenesis, methyltransferase, EMG1/NEP1",261,OCS_04338,911162,Ophiocordyceps sinensis (strain Co18 / CGMCC 3.14243),Ophiocordyceps sinensis (strain Co18 / CGMCC 3.14243) (Yarsagumba caterpillar fungus),True,IPR005304,family,,261,35,261,CONTINUOUS
U1HKH7,Copper acquisition factor BIM1-like domain-containing protein,423,EPUS_05087,1263415,Endocarpon pusillum (strain Z07020 / HMAS-L-300199),Endocarpon pusillum (strain Z07020 / HMAS-L-300199) (Lichen-forming fungus),True,IPR005304,family,,423,201,423,CONTINUOUS
U3E8L4,18S rRNA (pseudouridine(1248)-N1)-methyltransferase,244,EMG1,9483,Callithrix jacchus,Callithrix jacchus (White-tufted-ear marmoset),True,IPR005304,family,,244,13,244,CONTINUOUS
U3IC84,18S rRNA (pseudouridine(1248)-N1)-methyltransferase,229,EMG1,8840,Anas platyrhynchos platyrhynchos,Anas platyrhynchos platyrhynchos (Northern mallard),True,IPR005304,family,,229,19,228,CONTINUOUS
U3JPV5,EMG1 N1-specific pseudouridine methyltransferase,160,EMG1,59894,Ficedula albicollis,Ficedula albicollis (Collared flycatcher),True,IPR005304,family,,160,1,64,CONTINUOUS
U3T8K2,Ribosomal RNA small subunit methyltransferase Nep1,233,nep1,1198449,Aeropyrum camini SY1 = JCM 12091,Aeropyrum camini SY1 = JCM 12091,True,IPR005304,family,,233,10,227,CONTINUOUS
U4KZ90,Similar to Ribosomal RNA small subunit methyltransferase NEP1 acc. no. Q06287,251,PCON_06617,1076935,Pyronema omphalodes (strain CBS 100304),Pyronema omphalodes (strain CBS 100304),True,IPR005304,family,,251,30,251,CONTINUOUS
U5EY47,18S rRNA (pseudouridine-N1)-methyltransferase,236,,1370023,Corethrella appendiculata,Corethrella appendiculata,True,IPR005304,family,,236,11,236,CONTINUOUS
U5H042,Ribosomal RNA small subunit methyltransferase NEP1,328,MVLG_00782,683840,Microbotryum lychnidis-dioicae (strain p1A1 Lamole / MvSl-1064),Microbotryum lychnidis-dioicae (strain p1A1 Lamole / MvSl-1064) (Anther smut fungus),True,IPR005304,family,,328,72,327,CONTINUOUS
U6DKZ2,Ribosomal RNA small subunit methyltransferase NEP1,144,NEP1,452646,Neovison vison,Neovison vison (American mink),True,IPR005304,family,,144,12,144,CONTINUOUS
U6G838,"Nucleolar essential protein 1, putative",281,EPH_0003450,51316,Eimeria praecox,Eimeria praecox,True,IPR005304,family,,281,81,266,CONTINUOUS
U6GDS6,"Nucleolar essential protein 1, putative",229,EAH_00003730,5801,Eimeria acervulina,Eimeria acervulina (Coccidian parasite),True,IPR005304,family,,229,6,228,CONTINUOUS
U6GVL9,Uncharacterized protein,646,EAH_00041030,5801,Eimeria acervulina,Eimeria acervulina (Coccidian parasite),True,IPR005304,family,,646,380,575,CONTINUOUS
U6JFW7,Putative ribosome biogenesis protein NEP1,237,EGR_09960,6210,Echinococcus granulosus,Echinococcus granulosus (Hydatid tapeworm),True,IPR005304,family,,237,11,226,CONTINUOUS
U6KHU9,"Nucleolar essential protein 1, putative",268,EMH_0070570,44415,Eimeria mitis,Eimeria mitis,True,IPR005304,family,,268,8,252,CONTINUOUS
U6KYM3,"Nucleolar essential protein 1, putative",168,ETH_00011020,5802,Eimeria tenella,Eimeria tenella (Coccidian parasite),True,IPR005304,family,,168,9,167,CONTINUOUS
U6M193,Uncharacterized protein,691,EMWEY_00015690,5804,Eimeria maxima,Eimeria maxima (Coccidian parasite),True,IPR005304,family,,691,411,458,CONTINUOUS
U6MWL9,Uncharacterized protein,700,ENH_00056190,51315,Eimeria necatrix,Eimeria necatrix,True,IPR005304,family,,700,407,548,CONTINUOUS
U6N0X2,"Nucleolar essential protein 1, putative",175,ENH_00039380,51315,Eimeria necatrix,Eimeria necatrix,True,IPR005304,family,,175,9,156,CONTINUOUS
U7Q6D0,Ribosomal RNA small subunit methyltransferase NEP1,253,HMPREF1624_01064,1391915,Sporothrix schenckii (strain ATCC 58251 / de Perez 2211183),Sporothrix schenckii (strain ATCC 58251 / de Perez 2211183) (Rose-picker's disease fungus),True,IPR005304,family,,253,23,253,CONTINUOUS
U9USP1,Alpha/beta knot methyltransferase,326,GLOIN_2v1678044,747089,Rhizophagus irregularis (strain DAOM 181602 / DAOM 197198 / MUCL 43194),Rhizophagus irregularis (strain DAOM 181602 / DAOM 197198 / MUCL 43194) (Arbuscular mycorrhizal fungus),True,IPR005304,family,,326,43,325,CONTINUOUS
V2XEI6,Nucleolar essential protein 1,304,Moror_2860,1381753,Moniliophthora roreri (strain MCA 2997),Moniliophthora roreri (strain MCA 2997) (Cocoa frosty pod rot fungus),True,IPR005304,family,,304,56,303,CONTINUOUS
V4AS82,Ribosomal RNA small subunit methyltransferase NEP1,226,LOTGIDRAFT_208870,225164,Lottia gigantea,Lottia gigantea (Giant owl limpet),True,IPR005304,family,,226,12,225,CONTINUOUS
V4NE83,Ribosomal RNA small subunit methyltransferase NEP1,155,EUTSA_v10006512mg,72664,Eutrema salsugineum,Eutrema salsugineum (Saltwater cress),True,IPR005304,family,,155,1,155,CONTINUOUS
V4S3M0,Ribosomal RNA small subunit methyltransferase NEP1,294,CICLE_v10005540mg,85681,Citrus clementina,Citrus clementina (Clementine),True,IPR005304,family,,294,36,293,CONTINUOUS
V5B2L3,Uncharacterized protein,271,TCDM_03874,1416333,Trypanosoma cruzi Dm28c,Trypanosoma cruzi Dm28c,True,IPR005304,family,,271,6,263,CONTINUOUS
V5B3U5,Uncharacterized protein,276,TCDM_10089,1416333,Trypanosoma cruzi Dm28c,Trypanosoma cruzi Dm28c,True,IPR005304,family,,276,46,264,CONTINUOUS
V5ENW2,Uncharacterized protein,287,PSEUBRA_SCAF25g01012,1365824,Kalmanozyma brasiliensis (strain GHG001),Kalmanozyma brasiliensis (strain GHG001) (Yeast),True,IPR005304,family,,287,32,286,CONTINUOUS
V5F8I6,"RNA processing protein Emg1, putative",254,PVAR5_0859,1356009,Byssochlamys spectabilis (strain No. 5 / NBRC 109023),Byssochlamys spectabilis (strain No. 5 / NBRC 109023),True,IPR005304,family,,254,31,254,CONTINUOUS
V5IKE3,Nucleolar essential protein 1,265,NCU02428,367110,Neurospora crassa (strain ATCC 24698 / 74-OR23-1A / CBS 708.71 / DSM 1257 / FGSC 987),Neurospora crassa (strain ATCC 24698 / 74-OR23-1A / CBS 708.71 / DSM 1257 / FGSC 987),True,IPR005304,family,,265,40,265,CONTINUOUS
V5ILI2,"Nucleolar essential protein 1, variant",257,NCU02428,367110,Neurospora crassa (strain ATCC 24698 / 74-OR23-1A / CBS 708.71 / DSM 1257 / FGSC 987),Neurospora crassa (strain ATCC 24698 / 74-OR23-1A / CBS 708.71 / DSM 1257 / FGSC 987),True,IPR005304,family,,257,32,257,CONTINUOUS
V6AQC8,Ribosomal RNA small subunit methyltransferase Nep1,222,nep1,1407055,Candidatus Nitrosotenuis uzonensis,Candidatus Nitrosotenuis uzonensis,True,IPR005304,family,,222,2,218,CONTINUOUS
V6LL03,Putative ribosome biogenesis protein NEP1,231,SS50377_20256,348837,Spironucleus salmonicida,Spironucleus salmonicida,True,IPR005304,family,,231,15,230,CONTINUOUS
V6TLJ2,Ribosome biogenesis protein Nep1,231,DHA2_5786,5741,Giardia intestinalis,Giardia intestinalis,True,IPR005304,family,,231,15,230,CONTINUOUS
V6U0U2,Ribosome biogenesis protein Nep1,243,GSB_5786,5741,Giardia intestinalis,Giardia intestinalis,True,IPR005304,family,,243,26,242,CONTINUOUS
V7AFI0,Ribosomal RNA small subunit methyltransferase NEP1,287,PHAVU_011G027300g,3885,Phaseolus vulgaris,Phaseolus vulgaris (Kidney bean),True,IPR005304,family,,287,37,287,CONTINUOUS
V7PI53,Ribosomal RNA small subunit methyltransferase NEP1,232,YYC_03836,1323249,Plasmodium yoelii 17X,Plasmodium yoelii 17X,True,IPR005304,family,,232,12,231,CONTINUOUS
V7PQP2,Small subunit rRNA processing factor,340,YYC_01573,1323249,Plasmodium yoelii 17X,Plasmodium yoelii 17X,True,IPR005304,family,,340,159,335,CONTINUOUS
V7PUD4,Small subunit rRNA processing factor,421,YYC_01573,1323249,Plasmodium yoelii 17X,Plasmodium yoelii 17X,True,IPR005304,family,,421,159,420,CONTINUOUS
V9DID8,Ribosomal RNA small subunit methyltransferase NEP1,279,G647_02491,1279043,Cladophialophora carrionii CBS 160.54,Cladophialophora carrionii CBS 160.54,True,IPR005304,family,,279,57,279,CONTINUOUS
V9EKJ1,Ribosomal RNA small subunit methyltransferase NEP1,219,F443_14664,1317065,Phytophthora nicotianae P1569,Phytophthora nicotianae P1569,True,IPR005304,family,,219,5,219,CONTINUOUS
V9EML3,Ribosomal RNA small subunit methyltransferase NEP1,224,F443_14664,1317065,Phytophthora nicotianae P1569,Phytophthora nicotianae P1569,True,IPR005304,family,,224,5,208,CONTINUOUS
V9GYP5,18S rRNA (pseudouridine(1248)-N1)-methyltransferase,217,,9606,Homo sapiens,Homo sapiens (Human),True,IPR005304,family,,217,7,201,CONTINUOUS
V9LDU4,18S rRNA (pseudouridine(1248)-N1)-methyltransferase,241,,7868,Callorhinchus milii,Callorhinchus milii (Ghost shark),True,IPR005304,family,,241,31,241,CONTINUOUS
V9LDZ2,18S rRNA (pseudouridine(1248)-N1)-methyltransferase,216,,7868,Callorhinchus milii,Callorhinchus milii (Ghost shark),True,IPR005304,family,,216,9,216,CONTINUOUS
V9LI10,18S rRNA (pseudouridine(1248)-N1)-methyltransferase,180,,7868,Callorhinchus milii,Callorhinchus milii (Ghost shark),True,IPR005304,family,,180,13,180,CONTINUOUS
W0I586,Ribosomal RNA small subunit methyltransferase Nep1,219,nep1,582419,Thermococcus paralvinellae,Thermococcus paralvinellae,True,IPR005304,family,,219,2,215,CONTINUOUS
W0T2B3,Ribosomal RNA small subunit methyltransferase NEP1,252,EMG1,1003335,Kluyveromyces marxianus (strain DMKU3-1042 / BCC 29191 / NBRC 104275),Kluyveromyces marxianus (strain DMKU3-1042 / BCC 29191 / NBRC 104275) (Yeast),True,IPR005304,family,,252,25,252,CONTINUOUS
W0TYL7,Ribosomal RNA small subunit methyltransferase NEP1,76,CAGL0B00220g,284593,Candida glabrata (strain ATCC 2001 / BCRC 20586 / JCM 3761 / NBRC 0622 / NRRL Y-65 / CBS 138),Candida glabrata (strain ATCC 2001 / BCRC 20586 / JCM 3761 / NBRC 0622 / NRRL Y-65 / CBS 138) (Yeast),True,IPR005304,family,,76,6,76,CONTINUOUS
W1NVA7,Ribosomal RNA small subunit methyltransferase NEP1,272,AMTR_s00092p00137780,13333,Amborella trichopoda,Amborella trichopoda,True,IPR005304,family,,272,37,272,CONTINUOUS
W1QJ52,Ribosomal RNA small subunit methyltransferase NEP1,256,HPODL_00411,871575,Ogataea parapolymorpha (strain ATCC 26012 / BCRC 20466 / JCM 22074 / NRRL Y-7560 / DL-1),Ogataea parapolymorpha (strain ATCC 26012 / BCRC 20466 / JCM 22074 / NRRL Y-7560 / DL-1) (Yeast),True,IPR005304,family,,256,10,255,CONTINUOUS
W2IIG7,Ribosomal RNA small subunit methyltransferase NEP1,224,L916_14190,4792,Phytophthora nicotianae,Phytophthora nicotianae (Potato buckeye rot agent),True,IPR005304,family,,224,5,207,CONTINUOUS
W2IIW3,Ribosomal RNA small subunit methyltransferase NEP1,219,L916_14190,4792,Phytophthora nicotianae,Phytophthora nicotianae (Potato buckeye rot agent),True,IPR005304,family,,219,5,219,CONTINUOUS
W2KND6,Ribosomal RNA small subunit methyltransferase NEP1,224,L917_13983,4792,Phytophthora nicotianae,Phytophthora nicotianae (Potato buckeye rot agent),True,IPR005304,family,,224,5,206,CONTINUOUS
W2MTW8,Ribosomal RNA small subunit methyltransferase NEP1,224,L914_14108,4792,Phytophthora nicotianae,Phytophthora nicotianae (Potato buckeye rot agent),True,IPR005304,family,,224,5,208,CONTINUOUS
W2PW20,Ribosomal RNA small subunit methyltransferase NEP1,224,PPTG_15098,761204,Phytophthora nicotianae (strain INRA-310),Phytophthora nicotianae (strain INRA-310),True,IPR005304,family,,224,5,206,CONTINUOUS
W2PWN9,Ribosomal RNA small subunit methyltransferase NEP1,219,PPTG_15098,761204,Phytophthora nicotianae (strain INRA-310),Phytophthora nicotianae (strain INRA-310),True,IPR005304,family,,219,5,219,CONTINUOUS
W2S8G4,Ribosomal RNA small subunit methyltransferase NEP1,257,HMPREF1541_10518,1220924,Cyphellophora europaea (strain CBS 101466),Cyphellophora europaea (strain CBS 101466),True,IPR005304,family,,257,35,257,CONTINUOUS
W2TS00,18S rRNA (pseudouridine-N1)-methyltransferase,217,NECAME_16990,51031,Necator americanus,Necator americanus (Human hookworm),True,IPR005304,family,,217,14,203,CONTINUOUS
W2WGC8,Uncharacterized protein,224,F441_14524,1317063,Phytophthora nicotianae CJ01A1,Phytophthora nicotianae CJ01A1,True,IPR005304,family,,224,5,207,CONTINUOUS
W2WGK0,Ribosomal RNA small subunit methyltransferase NEP1,219,F441_14524,1317063,Phytophthora nicotianae CJ01A1,Phytophthora nicotianae CJ01A1,True,IPR005304,family,,219,5,219,CONTINUOUS
W2YSE0,Ribosomal RNA small subunit methyltransferase NEP1,224,F442_14484,1317064,Phytophthora nicotianae P10297,Phytophthora nicotianae P10297,True,IPR005304,family,,224,5,206,CONTINUOUS
W2YSV8,Ribosomal RNA small subunit methyltransferase NEP1,219,F442_14484,1317064,Phytophthora nicotianae P10297,Phytophthora nicotianae P10297,True,IPR005304,family,,219,5,219,CONTINUOUS
W3VG44,Nep1-domain-containing protein,384,PaG_06270,84754,Moesziomyces aphidis,Moesziomyces aphidis,True,IPR005304,family,,384,129,383,CONTINUOUS
W3XHH8,Ribosomal RNA small subunit methyltransferase NEP1,253,PFICI_03515,1229662,Pestalotiopsis fici (strain W106-1 / CGMCC3.15140),Pestalotiopsis fici (strain W106-1 / CGMCC3.15140),True,IPR005304,family,,253,28,253,CONTINUOUS
W4G2U2,Ribosomal RNA small subunit methyltransferase NEP1,220,DYB37_002724,112090,Aphanomyces astaci,Aphanomyces astaci (Crayfish plague agent),True,IPR005304,family,,220,6,220,CONTINUOUS
W4ICI1,Small subunit rRNA processing factor,448,PFNF135_04062,1036726,Plasmodium falciparum NF135/5.C10,Plasmodium falciparum NF135/5.C10,True,IPR005304,family,,448,177,447,CONTINUOUS
W4IJT3,Ribosomal RNA small subunit methyltransferase NEP1,269,PFNF135_02277,1036726,Plasmodium falciparum NF135/5.C10,Plasmodium falciparum NF135/5.C10,True,IPR005304,family,,269,35,268,CONTINUOUS
W4ISZ7,Ribosomal RNA small subunit methyltransferase NEP1,274,PFUGPA_05450,57270,Plasmodium falciparum (isolate Palo Alto / Uganda),Plasmodium falciparum (isolate Palo Alto / Uganda),True,IPR005304,family,,274,39,273,CONTINUOUS
W4J2V8,Small subunit rRNA processing factor,448,PFUGPA_01981,57270,Plasmodium falciparum (isolate Palo Alto / Uganda),Plasmodium falciparum (isolate Palo Alto / Uganda),True,IPR005304,family,,448,177,447,CONTINUOUS
W4KFL3,Nep1-domain-containing protein,242,HETIRDRAFT_314501,747525,Heterobasidion irregulare (strain TC 32-1),Heterobasidion irregulare (strain TC 32-1),True,IPR005304,family,,242,12,242,CONTINUOUS
W5JES9,18S rRNA (pseudouridine-N1)-methyltransferase,238,AND_006483,43151,Anopheles darlingi,Anopheles darlingi (Mosquito),True,IPR005304,family,,238,17,238,CONTINUOUS
W5LI96,18S rRNA (pseudouridine(1248)-N1)-methyltransferase,238,,7994,Astyanax mexicanus,Astyanax mexicanus (Blind cave fish),True,IPR005304,family,,238,4,238,CONTINUOUS
W5MPH2,18S rRNA (pseudouridine(1248)-N1)-methyltransferase,244,,7918,Lepisosteus oculatus,Lepisosteus oculatus (Spotted gar),True,IPR005304,family,,244,18,243,CONTINUOUS
W6MK26,Ribosomal RNA small subunit methyltransferase NEP1,248,KUCA_T00002869001,1382522,Kuraishia capsulata CBS 1993,Kuraishia capsulata CBS 1993,True,IPR005304,family,,248,16,247,CONTINUOUS
W6QDU8,Ribosomal RNA small subunit methyltransferase NEP1,259,NEP1,1365484,Penicillium roqueforti (strain FM164),Penicillium roqueforti (strain FM164),True,IPR005304,family,,259,17,259,CONTINUOUS
W6Y6N4,Ribosomal RNA small subunit methyltransferase NEP1,276,COCCADRAFT_91362,930089,Cochliobolus carbonum (strain 26-R-13),Cochliobolus carbonum (strain 26-R-13) (Maize leaf spot fungus),True,IPR005304,family,,276,48,275,CONTINUOUS
W6YTS8,Ribosomal RNA small subunit methyltransferase NEP1,276,COCMIDRAFT_107518,930090,Bipolaris oryzae ATCC 44560,Bipolaris oryzae ATCC 44560,True,IPR005304,family,,276,47,275,CONTINUOUS
W7A5M3,Ribosomal RNA small subunit methyltransferase NEP1,231,C922_02624,1237626,Plasmodium inui San Antonio 1,Plasmodium inui San Antonio 1,True,IPR005304,family,,231,13,230,CONTINUOUS
W7A7G7,Uncharacterized protein,446,C922_00799,1237626,Plasmodium inui San Antonio 1,Plasmodium inui San Antonio 1,True,IPR005304,family,,446,329,442,CONTINUOUS
W7AHC4,"Ribosomal RNA small subunit methyltransferase NEP1, putative",231,PVPCR_0701020,138298,Plasmodium vinckei petteri,Plasmodium vinckei petteri,True,IPR005304,family,,231,13,230,CONTINUOUS
W7ARI6,"Small subunit rRNA processing factor, putative",410,PVPCR_1404350,138298,Plasmodium vinckei petteri,Plasmodium vinckei petteri,True,IPR005304,family,,410,149,409,CONTINUOUS
W7EB42,Ribosomal RNA small subunit methyltransferase NEP1,276,COCVIDRAFT_28009,930091,Bipolaris victoriae (strain FI3),Bipolaris victoriae (strain FI3) (Victoria blight of oats agent),True,IPR005304,family,,276,48,275,CONTINUOUS
W7EXD3,Small subunit rRNA processing factor,448,PFBG_03950,57266,Plasmodium falciparum (isolate 7G8),Plasmodium falciparum (isolate 7G8),True,IPR005304,family,,448,177,447,CONTINUOUS
W7FEI7,Ribosomal RNA small subunit methyltransferase NEP1,279,PFBG_02194,57266,Plasmodium falciparum (isolate 7G8),Plasmodium falciparum (isolate 7G8),True,IPR005304,family,,279,43,278,CONTINUOUS
W7FS10,Small subunit rRNA processing factor,448,PFAG_03907,478859,Plasmodium falciparum Santa Lucia,Plasmodium falciparum Santa Lucia,True,IPR005304,family,,448,177,447,CONTINUOUS
W7G7S2,Ribosomal RNA small subunit methyltransferase NEP1,279,PFAG_02108,478859,Plasmodium falciparum Santa Lucia,Plasmodium falciparum Santa Lucia,True,IPR005304,family,,279,43,278,CONTINUOUS
W7HP88,Ribosomal RNA small subunit methyltransferase NEP1,254,DRE_04928,1043628,Drechslerella stenobrocha 248,Drechslerella stenobrocha 248,True,IPR005304,family,,254,33,254,CONTINUOUS
W7J9M5,Small subunit rRNA processing factor,367,C923_03973,1237627,Plasmodium falciparum UGT5.1,Plasmodium falciparum UGT5.1,True,IPR005304,family,,367,177,365,CONTINUOUS
W7JDQ1,Ribosomal RNA small subunit methyltransferase NEP1,284,C923_02269,1237627,Plasmodium falciparum UGT5.1,Plasmodium falciparum UGT5.1,True,IPR005304,family,,284,46,283,CONTINUOUS
W7JQY2,Small subunit rRNA processing factor,443,PFNF54_03809,5843,Plasmodium falciparum (isolate NF54),Plasmodium falciparum (isolate NF54),True,IPR005304,family,,443,174,442,CONTINUOUS
W7KHD7,Ribosomal RNA small subunit methyltransferase NEP1,279,CK202_2346,5843,Plasmodium falciparum (isolate NF54),Plasmodium falciparum (isolate NF54),True,IPR005304,family,,279,43,278,CONTINUOUS
W7KXS9,Ribosomal RNA small subunit methyltransferase Nep1,223,nep1,1326980,Candidatus Aramenus sulfurataquae,Candidatus Aramenus sulfurataquae,True,IPR005304,family,,223,5,219,CONTINUOUS
W7M8G4,Ribosomal RNA small subunit methyltransferase NEP1,250,FVEG_05090,334819,Gibberella moniliformis (strain M3125 / FGSC 7600),Gibberella moniliformis (strain M3125 / FGSC 7600) (Maize ear and stalk rot fungus),True,IPR005304,family,,250,28,250,CONTINUOUS
W7MG33,Ribosomal RNA small subunit methyltransferase NEP1,259,FVEG_05090,334819,Gibberella moniliformis (strain M3125 / FGSC 7600),Gibberella moniliformis (strain M3125 / FGSC 7600) (Maize ear and stalk rot fungus),True,IPR005304,family,,259,37,259,CONTINUOUS
W7TYD3,Ribosomal rna small subunit methyltransferase nep1,221,Naga_100005g75,72520,Nannochloropsis gaditana,Nannochloropsis gaditana,True,IPR005304,family,,221,4,212,CONTINUOUS
W8BW52,18S rRNA (pseudouridine-N1)-methyltransferase,263,NEP1,7213,Ceratitis capitata,Ceratitis capitata (Mediterranean fruit fly),True,IPR005304,family,,263,23,263,CONTINUOUS
W8NS22,Ribosomal RNA small subunit methyltransferase Nep1,220,nep1,195522,Thermococcus nautili,Thermococcus nautili,True,IPR005304,family,,220,2,216,CONTINUOUS
W9C6K5,Nucleolar essential protein 1,250,SBOR_8120,1432307,Sclerotinia borealis (strain F-4128),Sclerotinia borealis (strain F-4128),True,IPR005304,family,,250,25,250,CONTINUOUS
W9J2W3,Ribosomal RNA small subunit methyltransferase NEP1,259,FOYG_01181,660029,Fusarium oxysporum NRRL 32931,Fusarium oxysporum NRRL 32931,True,IPR005304,family,,259,37,259,CONTINUOUS
W9KXY8,Ribosomal RNA small subunit methyltransferase NEP1,259,FOZG_03509,660027,Fusarium oxysporum Fo47,Fusarium oxysporum Fo47,True,IPR005304,family,,259,37,259,CONTINUOUS
W9PKJ6,Ribosomal RNA small subunit methyltransferase NEP1,259,FOVG_07874,1080344,Fusarium oxysporum f. sp. pisi HDV247,Fusarium oxysporum f. sp. pisi HDV247,True,IPR005304,family,,259,37,259,CONTINUOUS
W9SP42,Ribosomal RNA small subunit methyltransferase NEP1,265,L484_019372,981085,Morus notabilis,Morus notabilis,True,IPR005304,family,,265,29,246,CONTINUOUS
W9VX09,Ribosomal RNA small subunit methyltransferase NEP1,260,A1O7_07592,1182544,Cladophialophora yegresii CBS 114405,Cladophialophora yegresii CBS 114405,True,IPR005304,family,,260,18,260,CONTINUOUS
W9WGR0,Ribosomal RNA small subunit methyltransferase NEP1,255,A1O5_09320,1182543,Cladophialophora psammophila CBS 110553,Cladophialophora psammophila CBS 110553,True,IPR005304,family,,255,33,255,CONTINUOUS
W9XD18,Ribosomal RNA small subunit methyltransferase NEP1,257,A1O3_09269,1182542,Capronia epimyces CBS 606.96,Capronia epimyces CBS 606.96,True,IPR005304,family,,257,33,257,CONTINUOUS
W9Z1V4,Ribosomal RNA small subunit methyltransferase NEP1,257,A1O1_05419,1182541,Capronia coronata CBS 617.96,Capronia coronata CBS 617.96,True,IPR005304,family,,257,29,257,CONTINUOUS
X0AWG4,Ribosomal RNA small subunit methyltransferase NEP1,259,FOMG_03588,1089452,Fusarium oxysporum f. sp. melonis 26406,Fusarium oxysporum f. sp. melonis 26406,True,IPR005304,family,,259,37,259,CONTINUOUS
X0CTK7,Ribosomal RNA small subunit methyltransferase NEP1,259,FOQG_02832,1089458,Fusarium oxysporum f. sp. raphani 54005,Fusarium oxysporum f. sp. raphani 54005,True,IPR005304,family,,259,37,259,CONTINUOUS
X0HMV5,Ribosomal RNA small subunit methyltransferase NEP1,259,FOPG_11409,1089457,Fusarium oxysporum f. sp. conglutinans race 2 54008,Fusarium oxysporum f. sp. conglutinans race 2 54008,True,IPR005304,family,,259,37,259,CONTINUOUS
X0KC35,Ribosomal RNA small subunit methyltransferase NEP1,259,FOIG_03150,1089451,Fusarium odoratissimum (strain NRRL 54006),Fusarium odoratissimum (strain NRRL 54006),True,IPR005304,family,,259,37,259,CONTINUOUS
X0LWX2,Ribosomal RNA small subunit methyltransferase NEP1,259,FOTG_07427,1089449,Fusarium oxysporum f. sp. vasinfectum 25433,Fusarium oxysporum f. sp. vasinfectum 25433,True,IPR005304,family,,259,37,259,CONTINUOUS
X1A9J1,Uncharacterized protein,35,S01H4_29307,412755,marine sediment metagenome,marine sediment metagenome,True,IPR005304,family,,35,1,31,CONTINUOUS
X1AKZ7,tRNA (guanine-N(1)-)-methyltransferase C-terminal domain-containing protein,115,S01H4_15551,412755,marine sediment metagenome,marine sediment metagenome,True,IPR005304,family,,115,1,107,CONTINUOUS
X1ATP7,16S rRNA methyltransferase,168,S01H4_17617,412755,marine sediment metagenome,marine sediment metagenome,True,IPR005304,family,,168,3,161,CONTINUOUS
X1C1Z5,Uncharacterized protein,57,S01H4_29308,412755,marine sediment metagenome,marine sediment metagenome,True,IPR005304,family,,57,10,55,CONTINUOUS
X1E1I1,16S rRNA (pseudouridine-N1-)-methyltransferase Nep1,240,S03H2_09766,412755,marine sediment metagenome,marine sediment metagenome,True,IPR005304,family,,240,5,222,CONTINUOUS
X1FET8,Ribosomal RNA small subunit methyltransferase Nep1,224,S03H2_03713,412755,marine sediment metagenome,marine sediment metagenome,True,IPR005304,family,,224,3,218,CONTINUOUS
X1HH42,tRNA methyltransferase TRMD/TRM10-type domain-containing protein,112,S03H2_14542,412755,marine sediment metagenome,marine sediment metagenome,True,IPR005304,family,,112,1,107,CONTINUOUS
X1J3W9,16S rRNA methyltransferase,219,S03H2_42498,412755,marine sediment metagenome,marine sediment metagenome,True,IPR005304,family,,219,1,213,CONTINUOUS
X1MAA2,Uncharacterized protein,70,S06H3_19032,412755,marine sediment metagenome,marine sediment metagenome,True,IPR005304,family,,70,1,66,CONTINUOUS
X1Q7V7,Uncharacterized protein,74,S06H3_62212,412755,marine sediment metagenome,marine sediment metagenome,True,IPR005304,family,,74,5,74,CONTINUOUS
X1QSS2,Uncharacterized protein,63,S06H3_43592,412755,marine sediment metagenome,marine sediment metagenome,True,IPR005304,family,,63,9,57,CONTINUOUS
X6N9C5,Ribosome biogenesis protein NEP1,136,RFI_14680,46433,Reticulomyxa filosa,Reticulomyxa filosa,True,IPR005304,family,,136,1,101,CONTINUOUS
X8JUN1,Ribosomal RNA small subunit methyltransferase,332,RSOL_511390,1086054,Rhizoctonia solani AG-3 Rhs1AP,Rhizoctonia solani AG-3 Rhs1AP,True,IPR005304,family,,332,68,332,CONTINUOUS
