protein_accession,protein_name,protein_length,gene,organism_taxid,organism_name,organism_fullname,in_alphafold,interpro_accession,entry_type,entry_integrated,interpro_protein_length,fragment_start,fragment_end,fragment_status
A0A031LKF0,S-adenosylmethionine synthetase,404,CM19_08825,1160895,Candidatus Acidianus copahuensis,Candidatus Acidianus copahuensis,True,IPR027790,family,,404,1,404,CONTINUOUS
A0A062V2Y0,S-adenosylmethionine synthase,398,mat,1392998,Candidatus Methanoperedens nitratireducens,Candidatus Methanoperedens nitratireducens,True,IPR027790,family,,398,3,398,CONTINUOUS
A0A062V8F6,Archaeal S-adenosylmethionine synthetase,399,ANME2D_02396,1392998,Candidatus Methanoperedens nitratireducens,Candidatus Methanoperedens nitratireducens,True,IPR027790,family,,399,1,397,CONTINUOUS
A0A075LU79,S-adenosylmethionine synthase,405,mat,1343739,Palaeococcus pacificus DY20341,Palaeococcus pacificus DY20341,True,IPR027790,family,,405,6,405,CONTINUOUS
A0A076LBD4,S-adenosylmethionine synthetase,327,JH146_0632,1301915,Methanocaldococcus bathoardescens,Methanocaldococcus bathoardescens,True,IPR027790,family,,327,1,327,CONTINUOUS
A0A090I8M3,S-adenosylmethionine synthase,401,mat,2162,Methanobacterium formicicum,Methanobacterium formicicum,True,IPR027790,family,,401,1,401,CONTINUOUS
A0A097QVW5,S-adenosylmethionine synthase,405,mat,1505907,Thermococcus eurythermalis,Thermococcus eurythermalis,True,IPR027790,family,,405,6,405,CONTINUOUS
A0A099T1L9,S-adenosylmethionine synthase,401,mat,2226,Methanococcoides methylutens,Methanococcoides methylutens,True,IPR027790,family,,401,3,400,CONTINUOUS
A0A0A7LB97,Mat protein,408,mat,1577791,Candidatus Methanoplasma termitum,Candidatus Methanoplasma termitum,True,IPR027790,family,,408,4,408,CONTINUOUS
A0A0B5BFV8,S-adenosylmethionine synthetase,400,GPICK_12275,345632,Geobacter pickeringii,Geobacter pickeringii,True,IPR027790,family,,400,2,400,CONTINUOUS
A0A0C1QY06,S-adenosylmethionine synthetase,400,SE37_10230,1340425,Geobacter anodireducens,Geobacter anodireducens,True,IPR027790,family,,400,2,400,CONTINUOUS
A0A0C2J853,Methionine adenosyltransferase,424,LP52_18165,183763,Streptomonospora alba,Streptomonospora alba,True,IPR027790,family,,424,34,420,CONTINUOUS
A0A0C4YQ93,Archaeal S-adenosylmethionine synthetase,393,RR42_s3054,68895,Cupriavidus basilensis,Cupriavidus basilensis,True,IPR027790,family,,393,6,393,CONTINUOUS
A0A0D6JPS1,S-adenosylmethionine synthase,402,mat,1476858,Haloferax massiliensis,Haloferax massiliensis,True,IPR027790,family,,402,4,402,CONTINUOUS
A0A0E3KZ69,S-adenosylmethionine synthase,398,mat,523844,Methanosarcina thermophila (strain ATCC 43570 / DSM 1825 / OCM 12 / VKM B-1830 / TM-1),Methanosarcina thermophila (strain ATCC 43570 / DSM 1825 / OCM 12 / VKM B-1830 / TM-1),True,IPR027790,family,,398,3,398,CONTINUOUS
A0A0E3NBF7,Archaeal S-adenosylmethionine synthetase,410,MSTHT_1330,523844,Methanosarcina thermophila (strain ATCC 43570 / DSM 1825 / OCM 12 / VKM B-1830 / TM-1),Methanosarcina thermophila (strain ATCC 43570 / DSM 1825 / OCM 12 / VKM B-1830 / TM-1),True,IPR027790,family,,410,1,410,CONTINUOUS
A0A0E3P0W8,S-adenosylmethionine synthase,398,mat,1434120,Methanosarcina siciliae T4/M,Methanosarcina siciliae T4/M,True,IPR027790,family,,398,3,398,CONTINUOUS
A0A0E3P4R7,Archaeal S-adenosylmethionine synthetase,410,MSSIT_0853,1434120,Methanosarcina siciliae T4/M,Methanosarcina siciliae T4/M,True,IPR027790,family,,410,1,410,CONTINUOUS
A0A0E3Q435,Methionine adenosyltransferase,415,MSVAZ_0766,1434123,Methanosarcina vacuolata Z-761,Methanosarcina vacuolata Z-761,True,IPR027790,family,,415,7,415,CONTINUOUS
A0A0E3Q7H6,S-adenosylmethionine synthase,398,mat,1434123,Methanosarcina vacuolata Z-761,Methanosarcina vacuolata Z-761,True,IPR027790,family,,398,3,398,CONTINUOUS
A0A0E3QRJ4,Archaeal S-adenosylmethionine synthetase,410,MSBRM_0816,1434108,Methanosarcina barkeri MS,Methanosarcina barkeri MS,True,IPR027790,family,,410,1,410,CONTINUOUS
A0A0E3QRS9,S-adenosylmethionine synthase,398,mat,1434108,Methanosarcina barkeri MS,Methanosarcina barkeri MS,True,IPR027790,family,,398,3,398,CONTINUOUS
A0A0E3S2T8,S-adenosylmethionine synthase,398,mat,1434111,Methanosarcina lacustris Z-7289,Methanosarcina lacustris Z-7289,True,IPR027790,family,,398,3,398,CONTINUOUS
A0A0E3SFB8,Archaeal S-adenosylmethionine synthetase,410,MSHOH_3273,1434110,Methanosarcina horonobensis HB-1 = JCM 15518,Methanosarcina horonobensis HB-1 = JCM 15518,True,IPR027790,family,,410,1,410,CONTINUOUS
A0A0E3SGV2,S-adenosylmethionine synthase,398,mat,1434110,Methanosarcina horonobensis HB-1 = JCM 15518,Methanosarcina horonobensis HB-1 = JCM 15518,True,IPR027790,family,,398,3,398,CONTINUOUS
A0A0E3ST22,S-adenosylmethionine synthase,401,mat,1434104,Methanococcoides methylutens MM1,Methanococcoides methylutens MM1,True,IPR027790,family,,401,3,400,CONTINUOUS
A0A0E3WU89,Archaeal S-adenosylmethionine synthetase,410,MSLAZ_2514,1434111,Methanosarcina lacustris Z-7289,Methanosarcina lacustris Z-7289,True,IPR027790,family,,410,1,410,CONTINUOUS
A0A0E3WXA9,S-adenosylmethionine synthase,398,mat,1434107,Methanosarcina barkeri 3,Methanosarcina barkeri 3,True,IPR027790,family,,398,3,398,CONTINUOUS
A0A0E3WY42,Archaeal S-adenosylmethionine synthetase,410,MSBR3_1581,1434107,Methanosarcina barkeri 3,Methanosarcina barkeri 3,True,IPR027790,family,,410,1,410,CONTINUOUS
A0A0F7CL83,S-adenosylmethionine synthetase,407,MA03_06445,1550241,Infirmifilum uzonense,Infirmifilum uzonense,True,IPR027790,family,,407,4,406,CONTINUOUS
A0A0F7ICA8,S-adenosylmethionine synthase,399,mat,113653,Geoglobus ahangari,Geoglobus ahangari,True,IPR027790,family,,399,1,399,CONTINUOUS
A0A0F7PDW0,S-adenosylmethionine synthetase,385,metK,1604004,Halanaeroarchaeum sulfurireducens,Halanaeroarchaeum sulfurireducens,True,IPR027790,family,,385,5,384,CONTINUOUS
A0A0F7PEN8,S-adenosylmethionine synthase,401,mat,1604004,Halanaeroarchaeum sulfurireducens,Halanaeroarchaeum sulfurireducens,True,IPR027790,family,,401,4,401,CONTINUOUS
A0A0F8AYG2,S-adenosylmethionine synthase,400,mat,2248,Halorubrum saccharovorum,Halorubrum saccharovorum,True,IPR027790,family,,400,3,400,CONTINUOUS
A0A0F8HN65,S-adenosylmethionine synthetase,410,DU47_08170,2209,Methanosarcina mazei,Methanosarcina mazei,True,IPR027790,family,,410,1,410,CONTINUOUS
A0A0F8KK97,S-adenosylmethionine synthase,398,mat,2209,Methanosarcina mazei,Methanosarcina mazei,True,IPR027790,family,,398,3,398,CONTINUOUS
A0A0H1QXH1,S-adenosylmethionine synthetase,400,SZ63_11905,1550566,Methanoculleus sediminis,Methanoculleus sediminis,True,IPR027790,family,,400,3,400,CONTINUOUS
A0A0K9XIF6,Methionine adenosyltransferase,416,AC230_10925,1678637,Streptomyces caatingaensis,Streptomyces caatingaensis,True,IPR027790,family,,416,25,410,CONTINUOUS
A0A0M2UWD5,S-adenosylmethionine synthase,322,BROFUL_02480,380242,Candidatus Brocadia fulgida,Candidatus Brocadia fulgida,True,IPR027790,family,,322,2,321,CONTINUOUS
A0A0M5IZ75,S-adenosylmethionine synthetase,197,metK-2,1603606,Desulfuromonas soudanensis,Desulfuromonas soudanensis,True,IPR027790,family,,197,16,197,CONTINUOUS
A0A0M8QRN3,S-adenosylmethionine synthetase,398,ADK41_12890,36816,Streptomyces caelestis,Streptomyces caelestis,True,IPR027790,family,,398,8,391,CONTINUOUS
A0A0M9AJD8,S-adenosylmethionine synthase,400,mat,1705562,Haloarcula rubripromontorii,Haloarcula rubripromontorii,True,IPR027790,family,,400,4,400,CONTINUOUS
A0A0M9AR87,S-adenosylmethionine synthase,400,mat,1765655,Halorubrum tropicale,Halorubrum tropicale,True,IPR027790,family,,400,3,400,CONTINUOUS
A0A0P7GRM9,S-adenosylmethionine synthase,404,mat,699431,Halolamina pelagica,Halolamina pelagica,True,IPR027790,family,,404,3,404,CONTINUOUS
A0A0Q0RIE9,S-adenosylmethionine synthase,398,mat,312540,Acidiplasma cupricumulans,Acidiplasma cupricumulans,True,IPR027790,family,,398,3,398,CONTINUOUS
A0A0Q0VQV7,S-adenosylmethionine synthase,398,mat,507754,Acidiplasma aeolicum,Acidiplasma aeolicum,True,IPR027790,family,,398,3,398,CONTINUOUS
A0A0Q2M574,S-adenosylmethionine synthase,405,mat,277988,Thermococcus thioreducens,Thermococcus thioreducens,True,IPR027790,family,,405,6,405,CONTINUOUS
A0A0S2TCU2,S-adenosylmethionine synthase,401,Tel_07270,1748243,Candidatus Tenderia electrophaga,Candidatus Tenderia electrophaga,True,IPR027790,family,,401,1,401,CONTINUOUS
A0A0S4KMN7,ATP--methionine S-adenosyltransferase,404,metK,1715989,Candidatus Nitrospira inopinata,Candidatus Nitrospira inopinata,True,IPR027790,family,,404,11,404,CONTINUOUS
A0A0S4R219,S-adenosylmethionine synthetase,414,Ga0074812_1644,795642,Parafrankia irregularis,Parafrankia irregularis,True,IPR027790,family,,414,14,138,CONTINUOUS
A0A0S4R219,S-adenosylmethionine synthetase,414,Ga0074812_1644,795642,Parafrankia irregularis,Parafrankia irregularis,True,IPR027790,family,,414,171,411,CONTINUOUS
A0A0T5Z6D3,Archaeal S-adenosylmethionine synthetase,401,Ga0074115_1565,54398,endosymbiont of Ridgeia piscesae,endosymbiont of Ridgeia piscesae,True,IPR027790,family,,401,2,401,CONTINUOUS
A0A0U3FHR0,S-adenosylmethionine synthetase,401,EYM_01110,940295,Ignicoccus islandicus DSM 13165,Ignicoccus islandicus DSM 13165,True,IPR027790,family,,401,1,401,CONTINUOUS
A0A0U5H342,S-adenosylmethionine synthase,406,mat,1407499,Halobacterium hubeiense,Halobacterium hubeiense,True,IPR027790,family,,406,4,405,CONTINUOUS
A0A0V8RX90,S-adenosylmethionine synthase,409,mat,2309,Pyrodictium occultum,Pyrodictium occultum,True,IPR027790,family,,409,3,409,CONTINUOUS
A0A0W1RCZ7,S-adenosylmethionine synthase,401,mat,1514971,Haloprofundus marisrubri,Haloprofundus marisrubri,True,IPR027790,family,,401,4,401,CONTINUOUS
A0A0W1SN30,S-adenosylmethionine synthetase,385,AUR66_13430,1544718,Haloferax profundi,Haloferax profundi,True,IPR027790,family,,385,4,361,CONTINUOUS
A0A0W1SWB2,S-adenosylmethionine synthase,402,mat,1544718,Haloferax profundi,Haloferax profundi,True,IPR027790,family,,402,4,402,CONTINUOUS
A0A0W7WRW9,Methionine adenosyltransferase,416,AT728_33115,1765722,Streptomyces silvensis,Streptomyces silvensis,True,IPR027790,family,,416,23,411,CONTINUOUS
A0A0X1KL74,S-adenosylmethionine synthase,405,mat,1432656,Thermococcus guaymasensis DSM 11113,Thermococcus guaymasensis DSM 11113,True,IPR027790,family,,405,6,405,CONTINUOUS
A0A100XWH9,S-adenosylmethionine synthase,405,mat,227598,Thermococcus celericrescens,Thermococcus celericrescens,True,IPR027790,family,,405,6,405,CONTINUOUS
A0A101JMY7,S-adenosylmethionine synthetase,401,ASB62_05065,1092,Chlorobium limicola,Chlorobium limicola,True,IPR027790,family,,401,1,399,CONTINUOUS
A0A101PU23,S-adenosylmethionine synthetase,408,AQJ11_37955,1903,Streptomyces corchorusii,Streptomyces corchorusii (Streptomyces chibaensis),True,IPR027790,family,,408,16,361,CONTINUOUS
A0A124HGZ8,Methionine adenosyltransferase,416,AQI95_09415,67386,Streptomyces yokosukanensis,Streptomyces yokosukanensis,True,IPR027790,family,,416,24,411,CONTINUOUS
A0A126R381,S-adenosylmethionine synthase,401,mat,294671,Methanobrevibacter olleyae,Methanobrevibacter olleyae,True,IPR027790,family,,401,1,400,CONTINUOUS
A0A127BAJ5,S-adenosylmethionine synthase,401,mat,1609559,Pyrococcus kukulkanii,Pyrococcus kukulkanii,True,IPR027790,family,,401,3,401,CONTINUOUS
A0A133U8A6,S-adenosylmethionine synthetase,399,AKJ61_00690,1698260,candidate division MSBL1 archaeon SCGC-AAA259B11,candidate division MSBL1 archaeon SCGC-AAA259B11,True,IPR027790,family,,399,4,399,CONTINUOUS
A0A133U975,S-adenosylmethionine synthetase,398,AKJ57_03935,1698259,candidate division MSBL1 archaeon SCGC-AAA259A05,candidate division MSBL1 archaeon SCGC-AAA259A05,True,IPR027790,family,,398,4,398,CONTINUOUS
A0A133UNC1,S-adenosylmethionine synthetase,398,AKJ65_01080,1698264,candidate division MSBL1 archaeon SCGC-AAA259E19,candidate division MSBL1 archaeon SCGC-AAA259E19,True,IPR027790,family,,398,4,398,CONTINUOUS
A0A133V6W6,S-adenosylmethionine synthetase,400,AKJ43_02335,1698273,candidate division MSBL1 archaeon SCGC-AAA261D19,candidate division MSBL1 archaeon SCGC-AAA261D19,True,IPR027790,family,,400,4,400,CONTINUOUS
A0A133VIZ7,S-adenosylmethionine synthetase,398,AKJ52_02265,1698281,candidate division MSBL1 archaeon SCGC-AAA382C18,candidate division MSBL1 archaeon SCGC-AAA382C18,True,IPR027790,family,,398,3,398,CONTINUOUS
A0A142CTC4,S-adenosylmethionine synthase,405,mat,53952,Thermococcus peptonophilus,Thermococcus peptonophilus,True,IPR027790,family,,405,6,405,CONTINUOUS
A0A147KGJ2,Methionine adenosyltransferase,416,AC529_12380,665004,Thermobifida cellulosilytica TB100,Thermobifida cellulosilytica TB100,True,IPR027790,family,,416,21,411,CONTINUOUS
A0A151AHP5,S-adenosylmethionine synthase,401,mat,1008153,Halalkalicoccus paucihalophilus,Halalkalicoccus paucihalophilus,True,IPR027790,family,,401,4,401,CONTINUOUS
A0A162FQU8,S-adenosylmethionine synthase,401,mat,66851,Methanobrevibacter oralis,Methanobrevibacter oralis,True,IPR027790,family,,401,1,401,CONTINUOUS
A0A166A5M2,S-adenosylmethionine synthase,409,mat,49547,Methanobrevibacter curvatus,Methanobrevibacter curvatus,True,IPR027790,family,,409,3,408,CONTINUOUS
A0A166CG29,S-adenosylmethionine synthase,401,mat,55758,Methanobrevibacter filiformis,Methanobrevibacter filiformis,True,IPR027790,family,,401,1,400,CONTINUOUS
A0A166D2U9,S-adenosylmethionine synthase,401,mat,47311,Methanobrevibacter cuticularis,Methanobrevibacter cuticularis,True,IPR027790,family,,401,1,400,CONTINUOUS
A0A170SZW6,S-adenosylmethionine synthase,401,mat,54262,Thermococcus chitonophagus,Thermococcus chitonophagus,True,IPR027790,family,,401,3,401,CONTINUOUS
A0A172WIH0,S-adenosylmethionine synthase,405,mat,1712654,Thermococcus piezophilus,Thermococcus piezophilus,True,IPR027790,family,,405,6,405,CONTINUOUS
A0A176YBG7,S-adenosylmethionine synthase,397,AYJ54_31910,1505087,Bradyrhizobium centrolobii,Bradyrhizobium centrolobii,True,IPR027790,family,,397,11,397,CONTINUOUS
A0A176YN84,S-adenosylmethionine synthase,397,AYJ54_16735,1505087,Bradyrhizobium centrolobii,Bradyrhizobium centrolobii,True,IPR027790,family,,397,11,397,CONTINUOUS
A0A177E6P8,S-adenosylmethionine synthase,395,TH606_06860,1795632,Thermodesulfatator autotrophicus,Thermodesulfatator autotrophicus,True,IPR027790,family,,395,2,392,CONTINUOUS
A0A1B1YXQ2,S-adenosylmethionine synthetase,394,PG2T_06765,1810504,Immundisolibacter cernigliae,Immundisolibacter cernigliae,True,IPR027790,family,,394,20,394,CONTINUOUS
A0A1C0TZ44,S-adenosylmethionine synthetase,399,Ppb6_04036,2805096,Photorhabdus australis subsp. thailandensis,Photorhabdus australis subsp. thailandensis,True,IPR027790,family,,399,7,398,CONTINUOUS
A0A1C5IML5,Methionine adenosyltransferase,409,GA0070560_1142,47864,Micromonospora halophytica,Micromonospora halophytica,True,IPR027790,family,,409,10,366,CONTINUOUS
A0A1C5IQ65,Methionine adenosyltransferase,408,GA0070213_106349,745366,Micromonospora humi,Micromonospora humi,True,IPR027790,family,,408,7,366,CONTINUOUS
A0A1C6RRP4,Methionine adenosyltransferase,416,GA0074694_2836,47866,Micromonospora inyonensis,Micromonospora inyonensis,True,IPR027790,family,,416,12,395,CONTINUOUS
A0A1C6RUT3,Methionine adenosyltransferase,396,GA0074692_0994,145854,Micromonospora pallida,Micromonospora pallida,True,IPR027790,family,,396,7,360,CONTINUOUS
A0A1D3L586,S-adenosylmethionine synthase,401,mat,118062,Methanobacterium congolense,Methanobacterium congolense,True,IPR027790,family,,401,1,400,CONTINUOUS
A0A1D8D9D1,S-adenosylmethionine synthetase,404,BIU88_08460,274537,Chlorobaculum limnaeum,Chlorobaculum limnaeum,True,IPR027790,family,,404,5,404,CONTINUOUS
A0A1E5KU92,S-adenosylmethionine synthetase,403,BCR26_04200,762845,Enterococcus rivorum,Enterococcus rivorum,True,IPR027790,family,,403,2,398,CONTINUOUS
A0A1F2P7A2,S-adenosylmethionine synthase,398,mat,1838285,Candidatus Syntropharchaeum caldarium,Candidatus Syntropharchaeum caldarium,True,IPR027790,family,,398,1,398,CONTINUOUS
A0A1G6MM97,S-adenosylmethionine synthase,401,mat,392421,Natrinema hispanicum,Natrinema hispanicum,True,IPR027790,family,,401,4,401,CONTINUOUS
A0A1G6Q2R0,S-adenosylmethionine synthetase,386,SAMN04488694_105126,392421,Natrinema hispanicum,Natrinema hispanicum,True,IPR027790,family,,386,5,385,CONTINUOUS
A0A1G7NRV1,S-adenosylmethionine synthase,400,mat,660518,Halorientalis regularis,Halorientalis regularis,True,IPR027790,family,,400,4,399,CONTINUOUS
A0A1G7SBY7,S-adenosylmethionine synthase,400,mat,261291,Halorubrum xinjiangense,Halorubrum xinjiangense,True,IPR027790,family,,400,3,400,CONTINUOUS
A0A1G8S703,S-adenosylmethionine synthase,401,mat,890420,Halovenus aranensis,Halovenus aranensis,True,IPR027790,family,,401,4,401,CONTINUOUS
A0A1G8T5M1,S-adenosylmethionine synthetase,426,SAMN05421850_1174,490829,Lutimaribacter saemankumensis,Lutimaribacter saemankumensis,True,IPR027790,family,,426,4,396,CONTINUOUS
A0A1G8XZP7,Methionine adenosyltransferase,400,SAMN04488571_102136,2200,Methanoculleus thermophilus,Methanoculleus thermophilus,True,IPR027790,family,,400,3,400,CONTINUOUS
A0A1G9A298,S-adenosylmethionine synthase,401,mat,1095776,Natronorubrum texcoconense,Natronorubrum texcoconense,True,IPR027790,family,,401,4,401,CONTINUOUS
A0A1G9WC19,S-adenosylmethionine synthase,410,mat,660521,Halogranum gelatinilyticum,Halogranum gelatinilyticum,True,IPR027790,family,,410,4,410,CONTINUOUS
A0A1G9WFM6,Methionine adenosyltransferase,404,SAMN04489726_3568,211114,Allokutzneria albata,Allokutzneria albata,True,IPR027790,family,,404,7,380,CONTINUOUS
A0A1G9YVN4,S-adenosylmethionine synthase,406,mat,996166,Haloarchaeobius iranensis,Haloarchaeobius iranensis,True,IPR027790,family,,406,4,406,CONTINUOUS
A0A1H1AFU5,S-adenosylmethionine synthase,401,mat,1236180,Halopelagius longus,Halopelagius longus,True,IPR027790,family,,401,4,401,CONTINUOUS
A0A1H1J4X9,S-adenosylmethionine synthase,401,mat,1095778,Natronobacterium texcoconense,Natronobacterium texcoconense,True,IPR027790,family,,401,4,401,CONTINUOUS
A0A1H1ZIL0,Methionine adenosyltransferase,394,SAMN05216221_4276,1392877,Pseudomonas oryzae,Pseudomonas oryzae,True,IPR027790,family,,394,17,392,CONTINUOUS
A0A1H3CRS9,S-adenosylmethionine synthase,401,mat,660517,Halobellus clavatus,Halobellus clavatus,True,IPR027790,family,,401,4,401,CONTINUOUS
A0A1H3H2R5,S-adenosylmethionine synthase,400,mat,1048396,Halopenitus persicus,Halopenitus persicus,True,IPR027790,family,,400,3,400,CONTINUOUS
A0A1H3N4G5,Methionine adenosyltransferase,385,SAMN05444412_10392,336829,Rhodonellum ikkaensis,Rhodonellum ikkaensis,False,IPR027790,family,,385,7,381,CONTINUOUS
A0A1H3WEN5,S-adenosylmethionine synthase,408,mat,555874,Haloplanus vescus,Haloplanus vescus,True,IPR027790,family,,408,4,407,CONTINUOUS
A0A1H5UVT9,Methionine adenosyltransferase,386,SAMN04488133_0748,699433,Halobellus limi,Halobellus limi,True,IPR027790,family,,386,7,386,CONTINUOUS
A0A1H5YYV6,S-adenosylmethionine synthase,401,mat,699433,Halobellus limi,Halobellus limi,True,IPR027790,family,,401,4,401,CONTINUOUS
A0A1H6EAH0,Methionine adenosyltransferase,408,SAMN05216223_13146,310779,Actinacidiphila yanglinensis,Actinacidiphila yanglinensis,True,IPR027790,family,,408,17,330,CONTINUOUS
A0A1H6FLG7,S-adenosylmethionine synthase,401,mat,640943,Natronorubrum sediminis,Natronorubrum sediminis,True,IPR027790,family,,401,4,401,CONTINUOUS
A0A1H6I9C7,S-adenosylmethionine synthase,400,mat,1267564,Halopenitus malekzadehii,Halopenitus malekzadehii,True,IPR027790,family,,400,3,400,CONTINUOUS
A0A1H6RCR6,S-adenosylmethionine synthase,400,mat,1073996,Halohasta litchfieldiae,Halohasta litchfieldiae,True,IPR027790,family,,400,3,400,CONTINUOUS
A0A1H7WDW0,Methionine adenosyltransferase,400,SAMN04489760_106102,43775,Syntrophus gentianae,Syntrophus gentianae,True,IPR027790,family,,400,2,400,CONTINUOUS
A0A1H8MWI4,Methionine adenosyltransferase,389,SAMN04487948_101138,660520,Halogranum amylolyticum,Halogranum amylolyticum,True,IPR027790,family,,389,8,388,CONTINUOUS
A0A1H8T8M8,S-adenosylmethionine synthase,410,mat,660520,Halogranum amylolyticum,Halogranum amylolyticum,True,IPR027790,family,,410,4,410,CONTINUOUS
A0A1H8TVL7,Methionine adenosyltransferase,416,SAMN05216267_105912,310780,Actinacidiphila rubida,Actinacidiphila rubida,True,IPR027790,family,,416,25,411,CONTINUOUS
A0A1H8V967,S-adenosylmethionine synthase,400,mat,1367881,Halorientalis persicus,Halorientalis persicus,True,IPR027790,family,,400,4,399,CONTINUOUS
A0A1H9F8M2,S-adenosylmethionine synthase,401,mat,1186196,Natrinema salaciae,Natrinema salaciae,True,IPR027790,family,,401,4,401,CONTINUOUS
A0A1H9XT45,S-adenosylmethionine synthetase,415,SAMN04487818_1275,155974,Actinokineospora terrae,Actinokineospora terrae,True,IPR027790,family,,415,21,412,CONTINUOUS
A0A1H9Y864,S-adenosylmethionine synthase,401,mat,1353158,Methanococcoides vulcani,Methanococcoides vulcani,True,IPR027790,family,,401,2,400,CONTINUOUS
A0A1I0ML24,S-adenosylmethionine synthase,406,mat,355548,Halobacterium jilantaiense,Halobacterium jilantaiense,True,IPR027790,family,,406,4,406,CONTINUOUS
A0A1I0N2Q4,S-adenosylmethionine synthase,401,mat,1202768,Natrinema salifodinae,Natrinema salifodinae,True,IPR027790,family,,401,4,401,CONTINUOUS
A0A1I1FMF7,S-adenosylmethionine synthase,401,mat,148448,Natronobacterium haloterrestre,Natronobacterium haloterrestre,True,IPR027790,family,,401,4,401,CONTINUOUS
A0A1I1KKU0,S-adenosylmethionine synthetase,416,SAMN05421773_104282,910347,Streptomyces aidingensis,Streptomyces aidingensis,True,IPR027790,family,,416,24,411,CONTINUOUS
A0A1I1PXI1,S-adenosylmethionine synthetase,401,SAMN05660831_00845,1123397,Thiohalospira halophila DSM 15071,Thiohalospira halophila DSM 15071,True,IPR027790,family,,401,9,394,CONTINUOUS
A0A1I2UQP1,S-adenosylmethionine synthase,401,mat,553467,Halopelagius inordinatus,Halopelagius inordinatus,True,IPR027790,family,,401,4,401,CONTINUOUS
A0A1I3B1H7,S-adenosylmethionine synthase,400,mat,387340,Halorubrum aquaticum,Halorubrum aquaticum,True,IPR027790,family,,400,3,400,CONTINUOUS
A0A1I4FVR7,Methionine adenosyltransferase,412,SAMN05216275_1727,324952,Streptosporangium canum,Streptosporangium canum,True,IPR027790,family,,412,11,137,CONTINUOUS
A0A1I4FVR7,Methionine adenosyltransferase,412,SAMN05216275_1727,324952,Streptosporangium canum,Streptosporangium canum,True,IPR027790,family,,412,170,401,CONTINUOUS
A0A1I4I494,S-adenosylmethionine synthase,410,mat,553466,Halogranum rubrum,Halogranum rubrum,True,IPR027790,family,,410,4,410,CONTINUOUS
A0A1I4R8J4,S-adenosylmethionine synthase,398,mat,487685,Methanolobus profundi,Methanolobus profundi,True,IPR027790,family,,398,3,397,CONTINUOUS
A0A1I4TSY1,Methionine adenosyltransferase,404,SAMN04488696_2444,487685,Methanolobus profundi,Methanolobus profundi,True,IPR027790,family,,404,1,404,CONTINUOUS
A0A1I5MWK4,S-adenosylmethionine synthase,404,mat,699431,Halolamina pelagica,Halolamina pelagica,True,IPR027790,family,,404,3,404,CONTINUOUS
A0A1I6H9K7,S-adenosylmethionine synthase,400,mat,35743,Halorubrum sodomense,Halorubrum sodomense,True,IPR027790,family,,400,3,400,CONTINUOUS
A0A1I6IGU8,Methionine adenosyltransferase,386,SAMN04487947_3218,553469,Halogeometricum rufum,Halogeometricum rufum,True,IPR027790,family,,386,6,386,CONTINUOUS
A0A1I6IQK8,S-adenosylmethionine synthase,401,mat,555875,Halogeometricum limi,Halogeometricum limi,True,IPR027790,family,,401,4,401,CONTINUOUS
A0A1I6IXI8,S-adenosylmethionine synthase,401,mat,553469,Halogeometricum rufum,Halogeometricum rufum,True,IPR027790,family,,401,4,401,CONTINUOUS
A0A1I6LVM6,S-adenosylmethionine synthase,400,mat,767519,Halomicrobium zhouii,Halomicrobium zhouii,True,IPR027790,family,,400,4,400,CONTINUOUS
A0A1I6QUF0,S-adenosylmethionine synthase,401,mat,619731,Halostagnicola kamekurae,Halostagnicola kamekurae,True,IPR027790,family,,401,4,401,CONTINUOUS
A0A1J1AB79,S-adenosylmethionine synthase,401,metK,1873524,Halodesulfurarchaeum formicicum,Halodesulfurarchaeum formicicum,True,IPR027790,family,,401,4,401,CONTINUOUS
A0A1L3GF22,S-adenosylmethionine synthetase,400,A7E75_05575,29542,Syntrophotalea acetylenica,Syntrophotalea acetylenica,True,IPR027790,family,,400,2,400,CONTINUOUS
A0A1L3Q299,S-adenosylmethionine synthase,399,mat,2177,Methanohalophilus halophilus,Methanohalophilus halophilus,True,IPR027790,family,,399,1,396,CONTINUOUS
A0A1L9C322,S-adenosylmethionine synthase,399,mat,523843,Methanohalophilus portucalensis FDF-1,Methanohalophilus portucalensis FDF-1,True,IPR027790,family,,399,1,398,CONTINUOUS
A0A1M5RL94,S-adenosylmethionine synthase,404,mat,43928,Halobaculum gomorrense,Halobaculum gomorrense,True,IPR027790,family,,404,1,404,CONTINUOUS
A0A1M6SE29,S-adenosylmethionine synthetase,399,SAMN05444391_0998,381751,Thermocrinis minervae,Thermocrinis minervae,True,IPR027790,family,,399,1,398,CONTINUOUS
A0A1M7CWF1,Methionine adenosyltransferase,405,SAMN05444414_1312,1054996,Roseovarius marisflavi,Roseovarius marisflavi,True,IPR027790,family,,405,4,397,CONTINUOUS
A0A1N5RYP3,S-adenosylmethionine synthetase,400,CPM_0006,1673428,Cuniculiplasma divulgatum,Cuniculiplasma divulgatum,True,IPR027790,family,,400,3,400,CONTINUOUS
A0A1N6XND3,S-adenosylmethionine synthase,401,mat,588898,Natronorubrum daqingense,Natronorubrum daqingense,True,IPR027790,family,,401,4,401,CONTINUOUS
A0A1N6YJH1,S-adenosylmethionine synthase,399,mat,553468,Haladaptatus litoreus,Haladaptatus litoreus,True,IPR027790,family,,399,4,398,CONTINUOUS
A0A1N7ELC5,S-adenosylmethionine synthase,401,mat,308853,Natronorubrum thiooxidans,Natronorubrum thiooxidans,True,IPR027790,family,,401,4,401,CONTINUOUS
A0A1Q6DXH2,Archaeal S-adenosylmethionine synthetase,399,BTN85_1547,1903181,Methanohalarchaeum thermophilum,Methanohalarchaeum thermophilum,True,IPR027790,family,,399,5,399,CONTINUOUS
A0A1R1MLV6,S-adenosylmethionine synthase,399,BLW93_03520,1914305,Desulfurobacterium indicum,Desulfurobacterium indicum,True,IPR027790,family,,399,2,399,CONTINUOUS
A0A1S8AWH3,S-adenosylmethionine synthase,401,mat,301967,Natrinema saccharevitans,Natrinema saccharevitans,True,IPR027790,family,,401,4,401,CONTINUOUS
A0A1U7H936,S-adenosylmethionine synthase,400,NIES593_20215,1921803,Hydrococcus rivularis NIES-593,Hydrococcus rivularis NIES-593,True,IPR027790,family,,400,5,400,CONTINUOUS
A0A1V0N516,S-adenosylmethionine synthetase,404,FAD_1338,74969,Ferroplasma acidiphilum,Ferroplasma acidiphilum,True,IPR027790,family,,404,9,404,CONTINUOUS
A0A1V2ZW55,S-adenosylmethionine synthase,130,B1A74_12880,252474,Thioalkalivibrio halophilus,Thioalkalivibrio halophilus,True,IPR027790,family,,130,1,125,CONTINUOUS
A0A1V6LZ49,S-adenosylmethionine synthase,393,BIY37_08515,392547,Candidatus Brocadia sapporoensis,Candidatus Brocadia sapporoensis,True,IPR027790,family,,393,2,392,CONTINUOUS
A0A1V6N3Y3,S-adenosylmethionine synthase,401,mat,1300164,Methanobrevibacter arboriphilus JCM 13429 = DSM 1125,Methanobrevibacter arboriphilus JCM 13429 = DSM 1125,True,IPR027790,family,,401,1,400,CONTINUOUS
A0A1W6K073,S-adenosylmethionine synthetase,404,B6F84_07995,282676,Acidianus manzaensis,Acidianus manzaensis,True,IPR027790,family,,404,1,404,CONTINUOUS
A0A1W6WYL2,S-adenosylmethionine synthetase,413,CAB88_32080,1428,Bacillus thuringiensis,Bacillus thuringiensis,True,IPR027790,family,,413,12,391,CONTINUOUS
A0A1X7A8D0,S-adenosylmethionine synthetase,405,ROG8370_03555,1356575,Roseovarius gaetbuli,Roseovarius gaetbuli,True,IPR027790,family,,405,4,397,CONTINUOUS
A0A1Y3GBW8,Archaeal S-adenosylmethionine synthetase,400,AMET1_0390,1927129,Methanonatronarchaeum thermophilum,Methanonatronarchaeum thermophilum,True,IPR027790,family,,400,6,400,CONTINUOUS
A0A1Y5T9P1,S-adenosylmethionine synthetase,405,PEL8287_03181,1312363,Roseovarius litorisediminis,Roseovarius litorisediminis,True,IPR027790,family,,405,4,396,CONTINUOUS
A0A202EDC1,S-adenosylmethionine synthase,401,mat,253108,Natronolimnobius baerhuensis,Natronolimnobius baerhuensis,True,IPR027790,family,,401,4,401,CONTINUOUS
A0A211YMJ5,S-adenosylmethionine synthase,409,mat,1273541,Pyrodictium delaneyi,Pyrodictium delaneyi,True,IPR027790,family,,409,3,409,CONTINUOUS
A0A212QR87,Methionine adenosyltransferase,396,SAMN02746019_00027510,877466,Thermoflexus hugenholtzii JAD2,Thermoflexus hugenholtzii JAD2,True,IPR027790,family,,396,1,396,CONTINUOUS
A0A218NMY7,S-adenosylmethionine synthetase,399,Mia14_0522,1920749,Candidatus Mancarchaeum acidiphilum,Candidatus Mancarchaeum acidiphilum,True,IPR027790,family,,399,1,399,CONTINUOUS
A0A218P0K1,S-adenosylmethionine synthase,405,mat,1293037,Thermococcus celer (strain ATCC 35543 / DSM 2476 / JCM 8558 / Vu 13),Thermococcus celer (strain ATCC 35543 / DSM 2476 / JCM 8558 / Vu 13),True,IPR027790,family,,405,6,405,CONTINUOUS
A0A218P893,S-adenosylmethionine synthase,405,mat,71998,Thermococcus pacificus,Thermococcus pacificus,True,IPR027790,family,,405,6,405,CONTINUOUS
A0A238WM91,S-adenosylmethionine synthase,400,mat,63740,Halorubrum vacuolatum,Halorubrum vacuolatum,True,IPR027790,family,,400,3,400,CONTINUOUS
A0A238XSR1,S-adenosylmethionine synthetase,399,SAMN06265340_101211,240169,Desulfurobacterium atlanticum,Desulfurobacterium atlanticum,True,IPR027790,family,,399,2,399,CONTINUOUS
A0A239J5M3,S-adenosylmethionine synthetase,409,SAMN06264365_13234,52697,Actinoplanes regularis,Actinoplanes regularis,True,IPR027790,family,,409,12,364,CONTINUOUS
A0A248VXD9,S-adenosylmethionine synthetase,394,CJU94_36530,2026199,Paraburkholderia aromaticivorans,Paraburkholderia aromaticivorans,True,IPR027790,family,,394,6,393,CONTINUOUS
A0A256IRY6,S-adenosylmethionine synthase,400,mat,1383851,Halorubrum halodurans,Halorubrum halodurans,True,IPR027790,family,,400,3,400,CONTINUOUS
A0A256JRI3,S-adenosylmethionine synthase,400,mat,337243,Halorubrum ezzemoulense,Halorubrum ezzemoulense,True,IPR027790,family,,400,3,400,CONTINUOUS
A0A284VS07,S-adenosylmethionine synthase,399,mat,1392998,Candidatus Methanoperedens nitratireducens,Candidatus Methanoperedens nitratireducens,True,IPR027790,family,,399,1,398,CONTINUOUS
A0A284VSC4,S-adenosylmethionine synthase,398,mat,1392998,Candidatus Methanoperedens nitratireducens,Candidatus Methanoperedens nitratireducens,True,IPR027790,family,,398,3,397,CONTINUOUS
A0A285G6G5,S-adenosylmethionine synthase,399,mat,51203,Methanohalophilus euhalobius,Methanohalophilus euhalobius,True,IPR027790,family,,399,1,398,CONTINUOUS
A0A285NBD2,S-adenosylmethionine synthase,401,mat,558529,Natronoarchaeum philippinense,Natronoarchaeum philippinense,True,IPR027790,family,,401,4,401,CONTINUOUS
A0A285NE68,S-adenosylmethionine synthetase,400,SAMN06265182_1023,198703,Persephonella hydrogeniphila,Persephonella hydrogeniphila,True,IPR027790,family,,400,1,399,CONTINUOUS
A0A285NXA9,S-adenosylmethionine synthetase,400,SAMN06265353_0991,35835,Hydrogenobacter hydrogenophilus,Hydrogenobacter hydrogenophilus,True,IPR027790,family,,400,1,399,CONTINUOUS
A0A2A2DE74,S-adenosylmethionine synthetase,396,CK936_00840,1940,Streptomyces albireticuli,Streptomyces albireticuli,True,IPR027790,family,,396,7,360,CONTINUOUS
A0A2A2FJ00,S-adenosylmethionine synthase,400,mat,2032630,Halorubrum salipaludis,Halorubrum salipaludis,True,IPR027790,family,,400,3,400,CONTINUOUS
A0A2A2H178,S-adenosylmethionine synthase,410,mat,2161,Methanobacterium bryantii,Methanobacterium bryantii,True,IPR027790,family,,410,3,410,CONTINUOUS
A0A2A2HFZ0,S-adenosylmethionine synthase,407,mat,1077256,Methanosphaera cuniculi,Methanosphaera cuniculi,True,IPR027790,family,,407,1,405,CONTINUOUS
A0A2A2HWN1,S-adenosylmethionine synthase,398,mat,1036679,Methanosarcina spelaei,Methanosarcina spelaei,True,IPR027790,family,,398,3,398,CONTINUOUS
A0A2A2HXM4,S-adenosylmethionine synthetase,410,ASJ81_15245,1036679,Methanosarcina spelaei,Methanosarcina spelaei,True,IPR027790,family,,410,1,410,CONTINUOUS
A0A2A5QVD5,S-adenosylmethionine synthase,401,mat,373386,Natrinema ejinorense,Natrinema ejinorense,True,IPR027790,family,,401,4,401,CONTINUOUS
A0A2C9CIB2,Strongly similar to S-adenosylmethionine synthetase,393,metK_1,174633,Kuenenia stuttgartiensis,Kuenenia stuttgartiensis,True,IPR027790,family,,393,2,392,CONTINUOUS
A0A2D0JJG5,S-adenosylmethionine synthase,202,mat_2,351674,Xenorhabdus miraniensis,Xenorhabdus miraniensis,True,IPR027790,family,,202,2,202,CONTINUOUS
A0A2D0JJH1,S-adenosylmethionine synthase,127,mat_1,351674,Xenorhabdus miraniensis,Xenorhabdus miraniensis,True,IPR027790,family,,127,1,126,CONTINUOUS
A0A2G1WKA7,S-adenosylmethionine synthase,400,mat,1383844,Halorubrum persicum,Halorubrum persicum,True,IPR027790,family,,400,3,400,CONTINUOUS
A0A2H4VRW8,S-adenosylmethionine synthase,401,mat,59277,Methanobacterium subterraneum,Methanobacterium subterraneum,True,IPR027790,family,,401,1,400,CONTINUOUS
A0A2H4ZYR0,S-adenosylmethionine synthase,400,mat,1932004,Haloarcula taiwanensis,Haloarcula taiwanensis,True,IPR027790,family,,400,4,400,CONTINUOUS
A0A2I1UCT3,S-adenosylmethionine synthetase,399,CYK16_08155,1458253,Streptococcus oralis subsp. dentisani,Streptococcus oralis subsp. dentisani,True,IPR027790,family,,399,14,385,CONTINUOUS
A0A2I2KPM3,S-adenosylmethionine synthetase,414,FRACA_1990008,1836972,Frankia canadensis,Frankia canadensis,True,IPR027790,family,,414,13,138,CONTINUOUS
A0A2I2KPM3,S-adenosylmethionine synthetase,414,FRACA_1990008,1836972,Frankia canadensis,Frankia canadensis,True,IPR027790,family,,414,171,411,CONTINUOUS
A0A2I8VJ84,S-adenosylmethionine synthase,405,mat,755307,Salinigranum rubrum,Salinigranum rubrum,True,IPR027790,family,,405,4,404,CONTINUOUS
A0A2K5AQZ0,"S-adenosylmethionine synthetase, S-adenosylmethionine synthetase",397,NCAV_0894,2058097,Candidatus Nitrosocaldus cavascurensis,Candidatus Nitrosocaldus cavascurensis,True,IPR027790,family,,397,3,393,CONTINUOUS
A0A2N7VRA3,S-adenosylmethionine synthetase,394,C0Z18_12615,564714,Trinickia dabaoshanensis,Trinickia dabaoshanensis,True,IPR027790,family,,394,5,394,CONTINUOUS
A0A2P4NVI9,S-adenosylmethionine synthase,402,mat,1544719,Haloferax marisrubri,Haloferax marisrubri,True,IPR027790,family,,402,4,402,CONTINUOUS
A0A2P8CM01,Methionine adenosyltransferase,416,CLV63_13712,645275,Murinocardiopsis flavida,Murinocardiopsis flavida,True,IPR027790,family,,416,18,399,CONTINUOUS
A0A2R4X1K5,S-adenosylmethionine synthase,400,mat,1679096,Halococcoides cellulosivorans,Halococcoides cellulosivorans,True,IPR027790,family,,400,4,400,CONTINUOUS
A0A2T0SVT6,Methionine adenosyltransferase,393,CLV43_110321,84725,Umezawaea tangerina,Umezawaea tangerina,True,IPR027790,family,,393,12,386,CONTINUOUS
A0A2T6KAM9,Methionine adenosyltransferase,405,C8N45_112112,1286148,Yoonia sediminilitoris,Yoonia sediminilitoris,True,IPR027790,family,,405,5,396,CONTINUOUS
A0A2U1S675,S-adenosylmethionine synthase,410,mat,190976,Methanobrevibacter woesei,Methanobrevibacter woesei,True,IPR027790,family,,410,4,409,CONTINUOUS
A0A2U3QII1,S-adenosylmethionine synthase,400,mat,2016548,Candidatus Sulfobium mesophilum,Candidatus Sulfobium mesophilum,True,IPR027790,family,,400,2,400,CONTINUOUS
A0A2U9IE88,Methionine adenosyltransferase,403,DFR85_06810,41673,Acidianus brierleyi,Acidianus brierleyi,True,IPR027790,family,,403,1,402,CONTINUOUS
A0A2U9IMU6,Methionine adenosyltransferase,404,DFR86_07030,619593,Acidianus sulfidivorans JP7,Acidianus sulfidivorans JP7,True,IPR027790,family,,404,1,404,CONTINUOUS
A0A2U9IT94,Methionine adenosyltransferase,405,DFR87_05630,1293036,Metallosphaera hakonensis JCM 8857 = DSM 7519,Metallosphaera hakonensis JCM 8857 = DSM 7519,True,IPR027790,family,,405,1,404,CONTINUOUS
A0A2V2N2X8,S-adenosylmethionine synthase,400,mat,668570,Methanospirillum lacunae,Methanospirillum lacunae,True,IPR027790,family,,400,3,400,CONTINUOUS
A0A2V2N5B8,S-adenosylmethionine synthase,400,mat,1277351,Methanospirillum stamsii,Methanospirillum stamsii,True,IPR027790,family,,400,3,400,CONTINUOUS
A0A2V4NJ75,Methionine adenosyltransferase,416,C7C46_12660,565073,Streptomyces tateyamensis,Streptomyces tateyamensis,True,IPR027790,family,,416,26,409,CONTINUOUS
A0A2W2DT22,Methionine adenosyltransferase,398,C1I95_20140,1655439,Micromonospora craterilacus,Micromonospora craterilacus,True,IPR027790,family,,398,13,379,CONTINUOUS
A0A2Z2HW65,S-adenosylmethionine synthase,401,mat,745377,Natrarchaeobaculum aegyptiacum,Natrarchaeobaculum aegyptiacum,True,IPR027790,family,,401,4,401,CONTINUOUS
A0A2Z2M792,S-adenosylmethionine synthase,405,mat,71997,Thermococcus gorgonarius,Thermococcus gorgonarius,True,IPR027790,family,,405,6,405,CONTINUOUS
A0A2Z2MAM6,S-adenosylmethionine synthase,405,mat,49899,Thermococcus profundus,Thermococcus profundus,True,IPR027790,family,,405,6,405,CONTINUOUS
A0A2Z2MEY9,S-adenosylmethionine synthase,405,mat,54077,Thermococcus barossii,Thermococcus barossii,True,IPR027790,family,,405,6,405,CONTINUOUS
A0A2Z2MN64,S-adenosylmethionine synthase,405,mat,72803,Thermococcus siculi,Thermococcus siculi,True,IPR027790,family,,405,6,405,CONTINUOUS
A0A2Z2N3I2,S-adenosylmethionine synthase,405,mat,187880,Thermococcus radiotolerans,Thermococcus radiotolerans,True,IPR027790,family,,405,6,405,CONTINUOUS
A0A317T4F9,S-adenosylmethionine synthetase,404,CR164_10690,2017681,Prosthecochloris marina,Prosthecochloris marina,True,IPR027790,family,,404,5,404,CONTINUOUS
A0A328AH40,S-adenosylmethionine synthase,397,DJ017_05990,2170551,Phenylobacterium soli,Phenylobacterium soli,True,IPR027790,family,,397,13,395,CONTINUOUS
A0A328PAB3,S-adenosylmethionine synthase,401,mat,680118,Methanothermobacter tenebrarum,Methanothermobacter tenebrarum,True,IPR027790,family,,401,1,401,CONTINUOUS
A0A343TLR7,S-adenosylmethionine synthetase,385,metK,2055893,Halalkaliarchaeum desulfuricum,Halalkaliarchaeum desulfuricum,True,IPR027790,family,,385,6,384,CONTINUOUS
A0A343TMQ2,S-adenosylmethionine synthase,403,metK2,2055893,Halalkaliarchaeum desulfuricum,Halalkaliarchaeum desulfuricum,True,IPR027790,family,,403,6,403,CONTINUOUS
A0A345E3M3,S-adenosylmethionine synthase,406,mat,1547898,Haloplanus rubicundus,Haloplanus rubicundus,True,IPR027790,family,,406,4,405,CONTINUOUS
A0A345HRJ0,S-adenosylmethionine synthetase,408,DVK44_18495,2282738,Streptomyces paludis,Streptomyces paludis,True,IPR027790,family,,408,17,358,CONTINUOUS
A0A346PFH0,S-adenosylmethionine synthase,401,mat,2044521,Natrarchaeobaculum sulfurireducens,Natrarchaeobaculum sulfurireducens,True,IPR027790,family,,401,4,401,CONTINUOUS
A0A348B2S3,S-adenosylmethionine synthase,404,mat,1670455,Sulfodiicoccus acidiphilus,Sulfodiicoccus acidiphilus,True,IPR027790,family,,404,1,403,CONTINUOUS
A0A366M8X3,S-adenosylmethionine synthase,401,mat,2006182,Candidatus Methanobinarius endosymbioticus,Candidatus Methanobinarius endosymbioticus,True,IPR027790,family,,401,1,400,CONTINUOUS
A0A368N967,S-adenosylmethionine synthase,406,mat,1126245,Haloplanus salinus,Haloplanus salinus,True,IPR027790,family,,406,4,405,CONTINUOUS
A0A370AZM1,Methionine adenosyltransferase,416,DVH02_28775,2282652,Streptomyces corynorhini,Streptomyces corynorhini,True,IPR027790,family,,416,22,411,CONTINUOUS
A0A370B1M4,S-adenosylmethionine synthetase,410,DVH02_30775,2282652,Streptomyces corynorhini,Streptomyces corynorhini,True,IPR027790,family,,410,18,330,CONTINUOUS
A0A370B358,Methionine adenosyltransferase,496,DVH02_20985,2282652,Streptomyces corynorhini,Streptomyces corynorhini,True,IPR027790,family,,496,95,220,CONTINUOUS
A0A370B358,Methionine adenosyltransferase,496,DVH02_20985,2282652,Streptomyces corynorhini,Streptomyces corynorhini,True,IPR027790,family,,496,253,494,CONTINUOUS
A0A371NDR0,S-adenosylmethionine synthase,401,mat,49339,Methanothermobacter defluvii,Methanothermobacter defluvii,True,IPR027790,family,,401,1,400,CONTINUOUS
A0A387HE04,S-adenosylmethionine synthase,416,mat,1077946,Streptomyces hundungensis,Streptomyces hundungensis,True,IPR027790,family,,416,23,410,CONTINUOUS
A0A3A6PZ11,S-adenosylmethionine synthase,400,mat,2216978,Halonotius aquaticus,Halonotius aquaticus,True,IPR027790,family,,400,3,400,CONTINUOUS
A0A3A6Q011,S-adenosylmethionine synthase,400,mat,268735,Halonotius pteroides,Halonotius pteroides,True,IPR027790,family,,400,3,400,CONTINUOUS
A0A3G8QSK4,S-adenosylmethionine synthase,406,mat,660522,Haloplanus aerogenes,Haloplanus aerogenes,True,IPR027790,family,,406,4,405,CONTINUOUS
A0A3M0BQI6,S-adenosylmethionine synthetase,400,CLV39_0742,133270,Hydrogenothermus marinus,Hydrogenothermus marinus,True,IPR027790,family,,400,1,398,CONTINUOUS
A0A3M2LYT9,Methionine adenosyltransferase,418,EBO15_20845,2483351,Actinomadura harenae,Actinomadura harenae,True,IPR027790,family,,418,18,390,CONTINUOUS
A0A3M2M946,Methionine adenosyltransferase,416,EBN88_03365,2483353,Streptomyces triticirhizae,Streptomyces triticirhizae,True,IPR027790,family,,416,24,411,CONTINUOUS
A0A3M9XIM4,Methionine adenosyltransferase,401,D1O30_21075,369798,Methylocystis hirsuta,Methylocystis hirsuta,True,IPR027790,family,,401,1,400,CONTINUOUS
A0A3N1CT15,Methionine adenosyltransferase,407,EDD29_1970,58109,Actinocorallia herbida,Actinocorallia herbida,True,IPR027790,family,,407,13,134,CONTINUOUS
A0A3N1CT15,Methionine adenosyltransferase,407,EDD29_1970,58109,Actinocorallia herbida,Actinocorallia herbida,True,IPR027790,family,,407,165,404,CONTINUOUS
A0A3N6LTK5,S-adenosylmethionine synthase,401,mat,1679083,Natrarchaeobius chitinivorans,Natrarchaeobius chitinivorans,True,IPR027790,family,,401,4,401,CONTINUOUS
A0A3N6MU07,Methionine adenosyltransferase,385,EA472_12975,3455743,Natrarchaeobius oligotrophus,Natrarchaeobius oligotrophus,True,IPR027790,family,,385,6,384,CONTINUOUS
A0A3N6MY42,S-adenosylmethionine synthase,401,mat,3455743,Natrarchaeobius oligotrophus,Natrarchaeobius oligotrophus,True,IPR027790,family,,401,4,401,CONTINUOUS
A0A3N6P166,S-adenosylmethionine synthase,401,mat,1679091,Natrarchaeobius halalkaliphilus,Natrarchaeobius halalkaliphilus,True,IPR027790,family,,401,4,401,CONTINUOUS
A0A3P3RJF1,S-adenosylmethionine synthase,401,mat,1785090,Halocatena pleomorpha,Halocatena pleomorpha,True,IPR027790,family,,401,4,401,CONTINUOUS
A0A3R9QSH7,Methionine adenosyltransferase,370,D6D85_15545,2478471,Candidatus Methanodesulfokora washburnensis,Candidatus Methanodesulfokora washburnensis,True,IPR027790,family,,370,1,360,CONTINUOUS
A0A401HQ07,S-adenosylmethionine synthase,404,mat,2082189,Methanofervidicoccus abyssi,Methanofervidicoccus abyssi,True,IPR027790,family,,404,1,404,CONTINUOUS
A0A418MRV2,Methionine adenosyltransferase,416,D2L64_18400,1894971,Micromonospora radicis,Micromonospora radicis,True,IPR027790,family,,416,12,402,CONTINUOUS
A0A419WP89,S-adenosylmethionine synthase,401,mat,148449,Halopiger aswanensis,Halopiger aswanensis,True,IPR027790,family,,401,4,401,CONTINUOUS
A0A420W9Y9,S-adenosylmethionine synthetase,398,C7457_0996,240167,Thermovibrio guaymasensis,Thermovibrio guaymasensis,True,IPR027790,family,,398,2,398,CONTINUOUS
A0A483CNN6,S-adenosylmethionine synthetase,401,CUJ86_04695,2052832,Methanofollis fontis,Methanofollis fontis,True,IPR027790,family,,401,3,401,CONTINUOUS
A0A484F3P7,S-adenosylmethionine synthase,402,mat,91560,Methanimicrococcus blatticola,Methanimicrococcus blatticola,True,IPR027790,family,,402,4,401,CONTINUOUS
A0A495QX34,Methionine adenosyltransferase,412,BZB76_0090,1120940,Actinomadura pelletieri DSM 43383,Actinomadura pelletieri DSM 43383,True,IPR027790,family,,412,12,137,CONTINUOUS
A0A495QX34,Methionine adenosyltransferase,412,BZB76_0090,1120940,Actinomadura pelletieri DSM 43383,Actinomadura pelletieri DSM 43383,True,IPR027790,family,,412,159,410,CONTINUOUS
A0A495R6P2,S-adenosylmethionine synthase,400,mat,182779,Haloarcula quadrata,Haloarcula quadrata,True,IPR027790,family,,400,4,399,CONTINUOUS
A0A497XTA8,S-adenosylmethionine synthetase,400,BCF55_1803,246264,Hydrogenivirga caldilitoris,Hydrogenivirga caldilitoris,True,IPR027790,family,,400,1,399,CONTINUOUS
A0A498H054,S-adenosylmethionine synthetase,399,ABH15_07300,1550565,Methanoculleus taiwanensis,Methanoculleus taiwanensis,True,IPR027790,family,,399,3,399,CONTINUOUS
A0A498L7Y8,S-adenosylmethionine synthase,400,mat,2479928,Halorientalis pallida,Halorientalis pallida,True,IPR027790,family,,400,4,399,CONTINUOUS
A0A4C2EPB4,S-adenosylmethionine synthase,400,mat,2509225,Haloarcula mannanilytica,Haloarcula mannanilytica,True,IPR027790,family,,400,4,400,CONTINUOUS
A0A4C2EVF8,S-adenosylmethionine synthase,663,mat,2509225,Haloarcula mannanilytica,Haloarcula mannanilytica,True,IPR027790,family,,663,267,663,CONTINUOUS
A0A4D6HDT6,S-adenosylmethionine synthase,400,mat,1457250,Halapricum salinum,Halapricum salinum,True,IPR027790,family,,400,4,400,CONTINUOUS
A0A4D8RSX4,Methionine adenosyltransferase,405,DFR88_05465,43687,Metallosphaera prunae,Metallosphaera prunae,True,IPR027790,family,,405,1,404,CONTINUOUS
A0A4E0PTP9,S-adenosylmethionine synthase,398,mat,2052935,Methanolobus halotolerans,Methanolobus halotolerans,True,IPR027790,family,,398,3,397,CONTINUOUS
A0A4E0QSF5,S-adenosylmethionine synthetase,404,CUN85_04945,2052935,Methanolobus halotolerans,Methanolobus halotolerans,True,IPR027790,family,,404,1,403,CONTINUOUS
A0A4P2VDY6,Archaeal S-adenosylmethionine synthetase,397,NAS2_1432,1874277,Conexivisphaera calida,Conexivisphaera calida,True,IPR027790,family,,397,2,397,CONTINUOUS
A0A4P9TG53,S-adenosylmethionine synthase,401,mat,69527,Natrinema pallidum,Natrinema pallidum,True,IPR027790,family,,401,4,400,CONTINUOUS
A0A4Q7P6U7,S-adenosylmethionine synthetase,390,BC751_1274,1187080,Cecembia calidifontis,Cecembia calidifontis,True,IPR027790,family,,390,7,379,CONTINUOUS
A0A4R0JSM8,Methionine adenosyltransferase,416,E0H73_42915,722689,Kribbella pittospori,Kribbella pittospori,True,IPR027790,family,,416,24,411,CONTINUOUS
A0A4R1GEJ9,S-adenosylmethionine synthetase,398,CLV27_0657,936138,Phorcysia thermohydrogeniphila,Phorcysia thermohydrogeniphila,True,IPR027790,family,,398,2,398,CONTINUOUS
A0A4R6V629,Methionine adenosyltransferase,416,EV190_102275,1605990,Actinorugispora endophytica,Actinorugispora endophytica,True,IPR027790,family,,416,18,399,CONTINUOUS
A0A4R8IYM6,Methionine adenosyltransferase,401,EDC23_0918,381308,Thiohalophilus thiocyanatoxydans,Thiohalophilus thiocyanatoxydans,True,IPR027790,family,,401,17,401,CONTINUOUS
A0A4S1CDS2,Methionine adenosyltransferase,401,E4633_12410,2562681,Geomonas terrae,Geomonas terrae,True,IPR027790,family,,401,2,401,CONTINUOUS
A0A4S3TLA4,S-adenosylmethionine synthase,401,mat,2419781,Salinadaptatus halalkaliphilus,Salinadaptatus halalkaliphilus,True,IPR027790,family,,401,4,401,CONTINUOUS
A0A4U1C8F3,Methionine adenosyltransferase,393,FA046_03245,2571271,Pedobacter cryophilus,Pedobacter cryophilus,True,IPR027790,family,,393,9,386,CONTINUOUS
A0A4U5JG70,S-adenosylmethionine synthase,401,mat,2217661,Natronomonas salsuginis,Natronomonas salsuginis,True,IPR027790,family,,401,4,401,CONTINUOUS
A0A4Y5SM52,S-adenosylmethionine synthase,405,mat,2586643,Thermococcus indicus,Thermococcus indicus,True,IPR027790,family,,405,6,405,CONTINUOUS
A0A4Z0HA96,S-adenosylmethionine synthetase,408,E4099_07555,1701085,Streptomyces palmae,Streptomyces palmae,True,IPR027790,family,,408,17,360,CONTINUOUS
A0A4Z1CTQ7,Methionine adenosyltransferase,466,E5083_30405,2340725,Streptomyces bauhiniae,Streptomyces bauhiniae,True,IPR027790,family,,466,66,190,CONTINUOUS
A0A4Z1CTQ7,Methionine adenosyltransferase,466,E5083_30405,2340725,Streptomyces bauhiniae,Streptomyces bauhiniae,True,IPR027790,family,,466,223,464,CONTINUOUS
A0A510DWB7,S-adenosylmethionine synthase,404,IC006_1856,1294262,Sulfuracidifex tepidarius,Sulfuracidifex tepidarius,True,IPR027790,family,,404,1,404,CONTINUOUS
A0A517PS65,S-adenosylmethionine synthetase,401,HG66A1_40230,2605989,Gimesia chilikensis,Gimesia chilikensis,True,IPR027790,family,,401,8,401,CONTINUOUS
A0A517QAB4,S-adenosylmethionine synthetase,401,Enr10x_39070,2527978,Gimesia panareensis,Gimesia panareensis,True,IPR027790,family,,401,6,401,CONTINUOUS
A0A517RJ03,S-adenosylmethionine synthetase,401,Pan241w_39460,2527973,Gimesia alba,Gimesia alba,True,IPR027790,family,,401,10,401,CONTINUOUS
A0A517VEV4,S-adenosylmethionine synthetase,401,Pan161_32040,2527971,Gimesia algae,Gimesia algae,True,IPR027790,family,,401,1,401,CONTINUOUS
A0A518C5V5,S-adenosylmethionine synthetase,401,Pan97_16270,2527984,Bremerella volcania,Bremerella volcania,True,IPR027790,family,,401,4,401,CONTINUOUS
A0A518GNT4,S-adenosylmethionine synthetase,403,Spb1_22210,2528019,Planctopirus ephydatiae,Planctopirus ephydatiae,True,IPR027790,family,,403,6,403,CONTINUOUS
A0A518IFT3,S-adenosylmethionine synthetase,401,Enr17x_40100,2527976,Gimesia fumaroli,Gimesia fumaroli,True,IPR027790,family,,401,2,401,CONTINUOUS
A0A521ATZ5,S-adenosylmethionine synthetase,398,SAMN06269117_102125,223788,Balnearium lithotrophicum,Balnearium lithotrophicum,True,IPR027790,family,,398,2,398,CONTINUOUS
A0A521BZ17,S-adenosylmethionine synthase,400,mat,413815,Halorubrum cibi,Halorubrum cibi,True,IPR027790,family,,400,3,400,CONTINUOUS
A0A542XS71,Uncharacterized protein,408,metK1,168697,Salinispora arenicola,Salinispora arenicola,True,IPR027790,family,,408,17,359,CONTINUOUS
A0A544QKK7,S-adenosylmethionine synthase,400,mat,2511997,Halonotius roseus,Halonotius roseus,True,IPR027790,family,,400,3,400,CONTINUOUS
A0A554MWZ3,S-adenosylmethionine synthase,401,mat,2234134,Haloglomus irregulare,Haloglomus irregulare,True,IPR027790,family,,401,4,400,CONTINUOUS
A0A561EI06,Methionine adenosyltransferase,416,FB465_0081,285545,Kitasatospora atroaurantiaca,Kitasatospora atroaurantiaca,True,IPR027790,family,,416,14,404,CONTINUOUS
A0A562WNJ1,S-adenosylmethionine synthetase,416,JD81_04503,47875,Micromonospora sagamiensis,Micromonospora sagamiensis,True,IPR027790,family,,416,12,395,CONTINUOUS
A0A564ZKV3,S-adenosylmethionine synthetase,400,MELA_02188,2211376,Candidatus Methylomirabilis lanthanidiphila,Candidatus Methylomirabilis lanthanidiphila,True,IPR027790,family,,400,4,400,CONTINUOUS
A0A5B2WNG1,Methionine adenosyltransferase,418,F0L68_33525,1892852,Solihabitans fulvus,Solihabitans fulvus,True,IPR027790,family,,418,26,415,CONTINUOUS
A0A5B9D7B6,Methionine adenosyltransferase,409,DSAG12_00532,2594042,Promethearchaeum syntrophicum,Promethearchaeum syntrophicum,True,IPR027790,family,,409,2,409,CONTINUOUS
A0A5C0SI69,S-adenosylmethionine synthase,405,mat,2598455,Thermococcus aciditolerans,Thermococcus aciditolerans,True,IPR027790,family,,405,6,405,CONTINUOUS
A0A5C4S665,Methionine adenosyltransferase,404,FGF66_06505,115852,Chlorobaculum thiosulfatiphilum,Chlorobaculum thiosulfatiphilum,True,IPR027790,family,,404,5,404,CONTINUOUS
A0A5C5YX22,S-adenosylmethionine synthetase,382,CA13_10030,2527986,Novipirellula herctigrandis,Novipirellula herctigrandis,True,IPR027790,family,,382,3,382,CONTINUOUS
A0A5D5ALM5,S-adenosylmethionine synthase,409,mat,2448032,Natrialba swarupiae,Natrialba swarupiae,True,IPR027790,family,,409,4,409,CONTINUOUS
A0A5M3W3U4,S-adenosylmethionine synthetase,334,Acor_54820,35763,Acrocarpospora corrugata,Acrocarpospora corrugata,True,IPR027790,family,,334,15,305,CONTINUOUS
A0A5N5U6H5,S-adenosylmethionine synthase,410,mat,2212850,Halosegnis rubeus,Halosegnis rubeus,True,IPR027790,family,,410,4,410,CONTINUOUS
A0A5N8XDJ6,S-adenosylmethionine synthetase,401,FNH08_10180,565072,Streptomyces spongiae,Streptomyces spongiae,True,IPR027790,family,,401,7,399,CONTINUOUS
A0A5P2UFK4,S-adenosylmethionine synthetase,396,CP968_05155,36818,Streptomyces subrutilus,Streptomyces subrutilus,True,IPR027790,family,,396,7,361,CONTINUOUS
A0A5P9P4K7,Methionine adenosyltransferase,386,GCU68_11355,348826,Natronorubrum aibiense,Natronorubrum aibiense,True,IPR027790,family,,386,7,385,CONTINUOUS
A0A5P9P5Y3,S-adenosylmethionine synthase,401,mat,348826,Natronorubrum aibiense,Natronorubrum aibiense,True,IPR027790,family,,401,4,401,CONTINUOUS
A0A5Q0UFD1,S-adenosylmethionine synthetase,375,metK,2565781,Candidatus Nanohalobium constans,Candidatus Nanohalobium constans,True,IPR027790,family,,375,2,375,CONTINUOUS
A0A5S4H4R9,Methionine adenosyltransferase,413,ETD96_12930,882440,Actinomadura geliboluensis,Actinomadura geliboluensis,True,IPR027790,family,,413,12,138,CONTINUOUS
A0A5S4H4R9,Methionine adenosyltransferase,413,ETD96_12930,882440,Actinomadura geliboluensis,Actinomadura geliboluensis,True,IPR027790,family,,413,168,397,CONTINUOUS
A0A650CDL7,S-adenosylmethionine synthase,405,mat,69656,Sulfurisphaera ohwakuensis,Sulfurisphaera ohwakuensis,True,IPR027790,family,,405,1,404,CONTINUOUS
A0A650CLE9,S-adenosylmethionine synthase,404,mat,41675,Stygiolobus azoricus,Stygiolobus azoricus,True,IPR027790,family,,404,1,404,CONTINUOUS
A0A650CWY8,S-adenosylmethionine synthase,403,mat,2283,Acidianus ambivalens,Acidianus ambivalens,True,IPR027790,family,,403,1,403,CONTINUOUS
A0A656YX60,S-adenosylmethionine synthetase,398,AKJ39_02000,1698269,candidate division MSBL1 archaeon SCGC-AAA259J03,candidate division MSBL1 archaeon SCGC-AAA259J03,True,IPR027790,family,,398,3,398,CONTINUOUS
A0A660HR76,Methionine adenosyltransferase,410,AOB57_005815,1715806,Methanosarcina flavescens,Methanosarcina flavescens,True,IPR027790,family,,410,1,410,CONTINUOUS
A0A660HT80,S-adenosylmethionine synthase,398,mat,1715806,Methanosarcina flavescens,Methanosarcina flavescens,True,IPR027790,family,,398,3,398,CONTINUOUS
A0A6A0ASK7,Methionine adenosyltransferase,441,SCWH03_10980,2705029,Streptomyces pacificus,Streptomyces pacificus,True,IPR027790,family,,441,49,436,CONTINUOUS
A0A6A8G231,S-adenosylmethionine synthase,402,mat,2666143,Haloferax marinum,Haloferax marinum,True,IPR027790,family,,402,4,402,CONTINUOUS
A0A6A8GHM3,S-adenosylmethionine synthase,402,mat,2666140,Haloferax litoreum,Haloferax litoreum,True,IPR027790,family,,402,4,402,CONTINUOUS
A0A6A8GKZ3,Methionine adenosyltransferase,385,GJR96_10170,2666140,Haloferax litoreum,Haloferax litoreum,True,IPR027790,family,,385,4,384,CONTINUOUS
A0A6A9QEF9,S-adenosylmethionine synthase,403,mat,12915,Acidianus infernus,Acidianus infernus,True,IPR027790,family,,403,1,403,CONTINUOUS
A0A6A9QLV6,Methionine adenosyltransferase,404,GC250_04360,523847,Sulfuracidifex metallicus DSM 6482 = JCM 9184,Sulfuracidifex metallicus DSM 6482 = JCM 9184,True,IPR027790,family,,404,1,404,CONTINUOUS
A0A6B0SMI0,S-adenosylmethionine synthase,406,mat,2692200,Halobacterium bonnevillei,Halobacterium bonnevillei,True,IPR027790,family,,406,4,406,CONTINUOUS
A0A6B0SW96,S-adenosylmethionine synthase,404,mat,2073113,Halobaculum saliterrae,Halobaculum saliterrae,True,IPR027790,family,,404,1,404,CONTINUOUS
A0A6B0T5W9,S-adenosylmethionine synthase,400,mat,2692199,Halovenus carboxidivorans,Halovenus carboxidivorans,True,IPR027790,family,,400,4,400,CONTINUOUS
A0A6B0VR00,S-adenosylmethionine synthase,401,mat,2691917,Natronorubrum halalkaliphilum,Natronorubrum halalkaliphilum,True,IPR027790,family,,401,4,401,CONTINUOUS
A0A6B9FDC9,S-adenosylmethionine synthase,406,mat,1816183,Haloplanus rallus,Haloplanus rallus,True,IPR027790,family,,406,4,405,CONTINUOUS
A0A6B9FGH3,Methionine adenosyltransferase,401,EI982_03685,1816183,Haloplanus rallus,Haloplanus rallus,True,IPR027790,family,,401,4,401,CONTINUOUS
A0A6G1Z222,Methionine adenosyltransferase,385,GJR98_08135,2666142,Haloferax marinisediminis,Haloferax marinisediminis,True,IPR027790,family,,385,5,385,CONTINUOUS
A0A6G1Z3E2,S-adenosylmethionine synthase,402,mat,2666142,Haloferax marinisediminis,Haloferax marinisediminis,True,IPR027790,family,,402,4,402,CONTINUOUS
A0A6I4MFH5,Methionine adenosyltransferase,413,F8568_020635,2650748,Actinomadura physcomitrii,Actinomadura physcomitrii,True,IPR027790,family,,413,11,138,CONTINUOUS
A0A6I4MFH5,Methionine adenosyltransferase,413,F8568_020635,2650748,Actinomadura physcomitrii,Actinomadura physcomitrii,True,IPR027790,family,,413,170,410,CONTINUOUS
A0A6I6AH79,Methionine adenosyltransferase,401,F1728_26525,2608982,Gimesia benthica,Gimesia benthica,True,IPR027790,family,,401,8,401,CONTINUOUS
A0A6M4WRC4,Methionine adenosyltransferase,416,G9272_24820,249586,Streptomyces asoensis,Streptomyces asoensis,True,IPR027790,family,,416,23,411,CONTINUOUS
A0A6N0NUZ7,Methionine adenosyltransferase,405,GWK48_05965,1532350,Metallosphaera tengchongensis,Metallosphaera tengchongensis,True,IPR027790,family,,405,1,404,CONTINUOUS
A0A6N9TUS3,Methionine adenosyltransferase,401,G3N55_05285,1765737,Dissulfurirhabdus thermomarina,Dissulfurirhabdus thermomarina,True,IPR027790,family,,401,1,401,CONTINUOUS
A0A6S6LW59,"S-adenosylmethionine synthetase, archaeal",401,GEOBRER4_n0967,60035,Citrifermentans bremense,Citrifermentans bremense,True,IPR027790,family,,401,3,400,CONTINUOUS
A0A6V8MJV0,S-adenosylmethionine synthetase,400,metK-2,2740184,Geomonas silvestris,Geomonas silvestris,True,IPR027790,family,,400,2,399,CONTINUOUS
A0A6V8N708,S-adenosylmethionine synthetase,400,metK-2,2740186,Geomonas limicola,Geomonas limicola,True,IPR027790,family,,400,2,399,CONTINUOUS
A0A7D4CU12,S-adenosylmethionine synthase,400,mat,2739057,Halorubrum salinarum,Halorubrum salinarum,True,IPR027790,family,,400,3,400,CONTINUOUS
A0A7D5GDW0,S-adenosylmethionine synthase,399,mat,2743090,Halorarum halophilum,Halorarum halophilum,True,IPR027790,family,,399,1,399,CONTINUOUS
A0A7D5GIC8,S-adenosylmethionine synthase,406,mat,1699371,Natrinema halophilum,Natrinema halophilum,True,IPR027790,family,,406,4,405,CONTINUOUS
A0A7D5HZR5,Methionine adenosyltransferase,404,HWN40_02215,536044,Methanolobus zinderi,Methanolobus zinderi,True,IPR027790,family,,404,1,403,CONTINUOUS
A0A7D5IQL3,S-adenosylmethionine synthase,398,mat,536044,Methanolobus zinderi,Methanolobus zinderi,True,IPR027790,family,,398,3,397,CONTINUOUS
A0A7D5LAS9,S-adenosylmethionine synthase,399,mat,2743089,Halorarum salinum,Halorarum salinum,True,IPR027790,family,,399,1,399,CONTINUOUS
A0A7D5M8N7,S-adenosylmethionine synthetase,399,C5F50_09285,1470067,Nitrosopumilus ureiphilus,Nitrosopumilus ureiphilus,True,IPR027790,family,,399,5,398,CONTINUOUS
A0A7D5PC34,S-adenosylmethionine synthase,400,mat,869889,Halosimplex rubrum,Halosimplex rubrum,True,IPR027790,family,,400,4,400,CONTINUOUS
A0A7D5TWG7,S-adenosylmethionine synthase,400,mat,869886,Halosimplex pelagicum,Halosimplex pelagicum,True,IPR027790,family,,400,4,400,CONTINUOUS
A0A7D6CNZ0,S-adenosylmethionine synthase,401,mat,1710539,Natrinema zhouii,Natrinema zhouii,True,IPR027790,family,,401,4,401,CONTINUOUS
A0A7G1H4C3,S-adenosylmethionine synthetase,400,metK-2,2715679,Dissulfurispira thermophila,Dissulfurispira thermophila,True,IPR027790,family,,400,2,400,CONTINUOUS
A0A7G2D7C3,S-adenosylmethionine synthase,405,mat,2016373,Thermococcus camini,Thermococcus camini,True,IPR027790,family,,405,6,405,CONTINUOUS
A0A7G6WZL1,Methionine adenosyltransferase,416,F1D05_17755,1544730,Kribbella qitaiheensis,Kribbella qitaiheensis,True,IPR027790,family,,416,25,411,CONTINUOUS
A0A7G7BL02,Methionine adenosyltransferase,416,F0344_16525,67296,Streptomyces finlayi,Streptomyces finlayi,True,IPR027790,family,,416,19,411,CONTINUOUS
A0A7H8N941,Methionine adenosyltransferase,415,HUT08_16360,2763006,Streptomyces buecherae,Streptomyces buecherae,True,IPR027790,family,,415,24,410,CONTINUOUS
A0A7J9SFY9,S-adenosylmethionine synthase,401,mat,2761102,Halobellus ruber,Halobellus ruber,True,IPR027790,family,,401,4,401,CONTINUOUS
A0A7K4HLW8,Methionine adenosyltransferase,401,HWN36_02760,81417,Methanofollis tationis,Methanofollis tationis,True,IPR027790,family,,401,3,400,CONTINUOUS
A0A7L4PCN8,S-adenosylmethionine synthase,403,mat,121277,Pyrobaculum arsenaticum,Pyrobaculum arsenaticum,True,IPR027790,family,,403,2,403,CONTINUOUS
A0A7L9FJ71,Methionine adenosyltransferase,407,IG193_04405,2776706,Infirmifilum lucidum,Infirmifilum lucidum,True,IPR027790,family,,407,4,407,CONTINUOUS
A0A7M1UQK3,S-adenosylmethionine synthase,410,mat,3402707,Thermosphaera chiliense,Thermosphaera chiliense,True,IPR027790,family,,410,3,410,CONTINUOUS
A0A7R7DRN9,Methionine adenosyltransferase,417,Athai_38680,227318,Actinocatenispora thailandica,Actinocatenispora thailandica,True,IPR027790,family,,417,23,401,CONTINUOUS
A0A7T3FXZ3,S-adenosylmethionine synthase,400,mat,1198301,Halosimplex litoreum,Halosimplex litoreum,True,IPR027790,family,,400,4,400,CONTINUOUS
A0A7W4ZN32,Methionine adenosyltransferase,416,FHS41_002016,67380,Streptomyces violarus,Streptomyces violarus,True,IPR027790,family,,416,23,410,CONTINUOUS
A0A7W7RBV2,S-adenosylmethionine synthetase,410,FHR34_008163,58351,Kitasatospora kifunensis,Kitasatospora kifunensis,True,IPR027790,family,,410,20,357,CONTINUOUS
A0A7X1J9N2,Methionine adenosyltransferase,414,H4N64_35555,2759956,Streptomyces cupreus,Streptomyces cupreus,True,IPR027790,family,,414,18,138,CONTINUOUS
A0A7X1J9N2,Methionine adenosyltransferase,414,H4N64_35555,2759956,Streptomyces cupreus,Streptomyces cupreus,True,IPR027790,family,,414,171,411,CONTINUOUS
A0A7X6CYE7,Methionine adenosyltransferase,416,HCN56_03685,700599,Streptomyces lonarensis,Streptomyces lonarensis,True,IPR027790,family,,416,23,409,CONTINUOUS
A0A7Y6IAH0,Methionine adenosyltransferase,420,HTZ77_24325,2741721,Nonomuraea montanisoli,Nonomuraea montanisoli,True,IPR027790,family,,420,16,400,CONTINUOUS
A0A7Z7AVW1,S-adenosylmethionine synthase,398,mat,38026,Methanolobus vulcani,Methanolobus vulcani,True,IPR027790,family,,398,2,397,CONTINUOUS
A0A7Z8KPV1,S-adenosylmethionine synthase,398,mat,38026,Methanolobus vulcani,Methanolobus vulcani,True,IPR027790,family,,398,2,397,CONTINUOUS
A0A830EH04,S-adenosylmethionine synthase,401,mat,931585,Halobellus salinus,Halobellus salinus,True,IPR027790,family,,401,4,401,CONTINUOUS
A0A830ERW2,S-adenosylmethionine synthase,406,mat,1193105,Halarchaeum grantii,Halarchaeum grantii,True,IPR027790,family,,406,4,406,CONTINUOUS
A0A830FHN8,S-adenosylmethionine synthase,406,mat,1383812,Halocalculus aciditolerans,Halocalculus aciditolerans,True,IPR027790,family,,406,4,406,CONTINUOUS
A0A830FRB4,S-adenosylmethionine synthase,400,mat,43776,Haloarcula argentinensis,Haloarcula argentinensis,True,IPR027790,family,,400,4,400,CONTINUOUS
A0A830FSP3,S-adenosylmethionine synthase,406,mat,489911,Halarchaeum rubridurum,Halarchaeum rubridurum,True,IPR027790,family,,406,4,405,CONTINUOUS
A0A830GCI0,S-adenosylmethionine synthase,406,mat,489913,Halarchaeum nitratireducens,Halarchaeum nitratireducens,True,IPR027790,family,,406,4,406,CONTINUOUS
A0A830GJR9,S-adenosylmethionine synthase,400,mat,1427151,Haloarcula pellucida,Haloarcula pellucida,True,IPR027790,family,,400,4,400,CONTINUOUS
A0A830GXU8,S-adenosylmethionine synthase,405,mat,62609,Thermocladium modestius,Thermocladium modestius,True,IPR027790,family,,405,1,405,CONTINUOUS
A0A840VX13,Methionine adenosyltransferase,416,HNR07_000036,179819,Nocardiopsis metallicus,Nocardiopsis metallicus,True,IPR027790,family,,416,22,411,CONTINUOUS
A0A841E720,Methionine adenosyltransferase,410,HNR25_002557,104205,Streptomonospora salina,Streptomonospora salina,True,IPR027790,family,,410,11,393,CONTINUOUS
A0A852TYA1,S-adenosylmethionine synthetase,416,HDA32_003435,687207,Spinactinospora alkalitolerans,Spinactinospora alkalitolerans,True,IPR027790,family,,416,15,399,CONTINUOUS
A0A853BUT6,Methionine adenosyltransferase,412,HNR12_004554,1323731,Streptomonospora nanhaiensis,Streptomonospora nanhaiensis,True,IPR027790,family,,412,14,137,CONTINUOUS
A0A853BUT6,Methionine adenosyltransferase,412,HNR12_004554,1323731,Streptomonospora nanhaiensis,Streptomonospora nanhaiensis,True,IPR027790,family,,412,166,378,CONTINUOUS
A0A897MJ16,S-adenosylmethionine synthase,401,metK,2784880,Natranaeroarchaeum sulfidigenes,Natranaeroarchaeum sulfidigenes,True,IPR027790,family,,401,4,401,CONTINUOUS
A0A897NGW2,S-adenosylmethionine synthase,400,metK,2841257,Halapricum desulfuricans,Halapricum desulfuricans,True,IPR027790,family,,400,4,400,CONTINUOUS
A0A897NP90,S-adenosylmethionine synthase,400,metK,2841257,Halapricum desulfuricans,Halapricum desulfuricans,True,IPR027790,family,,400,4,400,CONTINUOUS
A0A8A2U890,S-adenosylmethionine synthase,401,mat,370324,Natrinema longum,Natrinema longum,True,IPR027790,family,,401,4,401,CONTINUOUS
A0A8A2VE95,S-adenosylmethionine synthase,401,mat,2816475,Haloterrigena alkaliphila,Haloterrigena alkaliphila,True,IPR027790,family,,401,4,401,CONTINUOUS
A0A8A3S7T5,Methionine adenosyltransferase,401,RJ40_11645,126734,Methanofollis aquaemaris,Methanofollis aquaemaris,True,IPR027790,family,,401,3,400,CONTINUOUS
A0A8D5U7C4,S-adenosylmethionine synthase,404,mat,2824673,Stygiolobus caldivivus,Stygiolobus caldivivus,True,IPR027790,family,,404,1,403,CONTINUOUS
A0A8D6PNX3,S-adenosylmethionine synthase,406,mat,2546128,Methanocaldococcus lauensis,Methanocaldococcus lauensis,True,IPR027790,family,,406,1,406,CONTINUOUS
A0A8E7AWF2,S-adenosylmethionine synthase,400,mat,2834276,Methanospirillum purgamenti,Methanospirillum purgamenti,True,IPR027790,family,,400,3,400,CONTINUOUS
A0A8F2JFU8,Methionine adenosyltransferase,405,orf58,1967,Streptomyces kanamyceticus,Streptomyces kanamyceticus,True,IPR027790,family,,405,15,401,CONTINUOUS
A0A8F5GXU5,S-adenosylmethionine synthase,404,mat,2286,Saccharolobus shibatae,Saccharolobus shibatae,True,IPR027790,family,,404,1,404,CONTINUOUS
A0A8G1A2Q8,Methionine adenosyltransferase,401,E2N92_11970,299308,Methanofollis formosanus,Methanofollis formosanus,True,IPR027790,family,,401,3,400,CONTINUOUS
A0A8G2FVR4,S-adenosylmethionine synthase,418,mat,1122961,Picrophilus torridus (strain ATCC 700027 / DSM 9790 / JCM 10055 / NBRC 100828 / KAW 2/3),Picrophilus torridus (strain ATCC 700027 / DSM 9790 / JCM 10055 / NBRC 100828 / KAW 2/3),True,IPR027790,family,,418,23,418,CONTINUOUS
A0A8J3Q4M5,Methionine adenosyltransferase,415,metK-2,1392758,Rhizocola hellebori,Rhizocola hellebori,True,IPR027790,family,,415,3,403,CONTINUOUS
A0A8J3R3R5,Methionine adenosyltransferase,408,metK1,795644,Sphaerimonospora thailandensis,Sphaerimonospora thailandensis,True,IPR027790,family,,408,17,358,CONTINUOUS
A0A8J7RR55,S-adenosylmethionine synthase,400,mat,29284,Halorubrum trapanicum,Halorubrum trapanicum,True,IPR027790,family,,400,3,400,CONTINUOUS
A0A8J7S786,S-adenosylmethionine synthetase,400,JFN93_19475,2798584,Geomesophilobacter sediminis,Geomesophilobacter sediminis,True,IPR027790,family,,400,2,400,CONTINUOUS
A0A8J7W5I2,Methionine adenosyltransferase,401,RJ53_00635,156457,Methanocalculus chunghsingensis,Methanocalculus chunghsingensis,True,IPR027790,family,,401,3,401,CONTINUOUS
A0A8J7YIX6,S-adenosylmethionine synthase,400,mat,2487746,Haloarcula salinisoli,Haloarcula salinisoli,True,IPR027790,family,,400,4,400,CONTINUOUS
A0A8J8B6M0,Methionine adenosyltransferase,401,RJ53_04465,156457,Methanocalculus chunghsingensis,Methanocalculus chunghsingensis,True,IPR027790,family,,401,3,401,CONTINUOUS
A0A8J8C2E2,S-adenosylmethionine synthase,400,mat,1429915,Haloarcula limicola,Haloarcula limicola,True,IPR027790,family,,400,4,400,CONTINUOUS
A0A8J8GLP9,S-adenosylmethionine synthase,401,mat,2741724,Haloterrigena gelatinilytica,Haloterrigena gelatinilytica,True,IPR027790,family,,401,4,401,CONTINUOUS
A0A8J8P7E8,S-adenosylmethionine synthase,400,mat,2487750,Halonotius terrestris,Halonotius terrestris,False,IPR027790,family,,400,3,400,CONTINUOUS
A0A8J8PY70,S-adenosylmethionine synthase,419,mat,2055836,Natronococcus pandeyae,Natronococcus pandeyae,True,IPR027790,family,,419,4,419,CONTINUOUS
A0A8J8TNB4,Methionine adenosyltransferase,394,CV102_21930,2055836,Natronococcus pandeyae,Natronococcus pandeyae,True,IPR027790,family,,394,6,377,CONTINUOUS
A0A8T4GBK8,S-adenosylmethionine synthase,400,mat,261290,Halorubrum alkaliphilum,Halorubrum alkaliphilum,True,IPR027790,family,,400,3,400,CONTINUOUS
A0A8T4GXA4,S-adenosylmethionine synthase,404,mat,1202767,Halolamina salifodinae,Halolamina salifodinae,True,IPR027790,family,,404,3,404,CONTINUOUS
A0A8T5USB0,S-adenosylmethionine synthase,401,mat,2874285,Methanobacterium spitsbergense,Methanobacterium spitsbergense,True,IPR027790,family,,401,1,401,CONTINUOUS
A0A8T8E1A9,S-adenosylmethionine synthase,401,mat,2675099,Haloterrigena salifodinae,Haloterrigena salifodinae,True,IPR027790,family,,401,4,401,CONTINUOUS
A0A8T8KDB7,S-adenosylmethionine synthase,402,mat,2731220,Methanobacterium alkalithermotolerans,Methanobacterium alkalithermotolerans,True,IPR027790,family,,402,1,401,CONTINUOUS
A0A8T8LHQ0,S-adenosylmethionine synthase,400,mat,2982524,Halorubrum ruber,Halorubrum ruber,True,IPR027790,family,,400,3,400,CONTINUOUS
A0A8T8WEW1,S-adenosylmethionine synthase,404,mat,1017351,Halobaculum magnesiiphilum,Halobaculum magnesiiphilum,True,IPR027790,family,,404,1,404,CONTINUOUS
A0A8U0A1T7,S-adenosylmethionine synthase,401,mat,2934340,Halocatena salina,Halocatena salina,True,IPR027790,family,,401,4,400,CONTINUOUS
A0A8U0HTR9,S-adenosylmethionine synthase,403,mat,2938695,Halorussus limi,Halorussus limi,True,IPR027790,family,,403,4,403,CONTINUOUS
A0A8U0IJV1,S-adenosylmethionine synthase,403,mat,2937524,Halorussus gelatinilyticus,Halorussus gelatinilyticus,True,IPR027790,family,,403,4,403,CONTINUOUS
A0A917QF73,Methionine adenosyltransferase,457,mat,1616106,Nocardia camponoti,Nocardia camponoti,True,IPR027790,family,,457,66,454,CONTINUOUS
A0A917UFD9,Methionine adenosyltransferase,410,GCM10011578_005540,1324013,Streptomyces fuscichromogenes,Streptomyces fuscichromogenes,True,IPR027790,family,,410,10,406,CONTINUOUS
A0A917UHG6,Methionine adenosyltransferase,429,GCM10011578_008380,1324013,Streptomyces fuscichromogenes,Streptomyces fuscichromogenes,True,IPR027790,family,,429,38,424,CONTINUOUS
A0A918EVS2,S-adenosylmethionine synthetase,398,metK-2,83378,Streptomyces ruber,Streptomyces ruber,True,IPR027790,family,,398,8,393,CONTINUOUS
A0A918X892,Methionine adenosyltransferase,415,GCM10007147_05830,141693,Nocardiopsis kunsanensis,Nocardiopsis kunsanensis,True,IPR027790,family,,415,16,397,CONTINUOUS
A0A934ST03,S-adenosylmethionine synthetase,396,JJB74_08530,2801341,Noviherbaspirillum pedocola,Noviherbaspirillum pedocola,True,IPR027790,family,,396,11,396,CONTINUOUS
A0A937ELG7,Methionine adenosyltransferase,416,JK359_19965,1695166,Streptomyces actinomycinicus,Streptomyces actinomycinicus,True,IPR027790,family,,416,25,409,CONTINUOUS
A0A940MD74,S-adenosylmethionine synthetase,408,JFN87_25730,2798581,Streptomyces montanisoli,Streptomyces montanisoli,True,IPR027790,family,,408,18,360,CONTINUOUS
A0A967AYI8,Methionine adenosyltransferase,383,FK220_011335,2696054,Pelagihabitans pacificus,Pelagihabitans pacificus,True,IPR027790,family,,383,9,381,CONTINUOUS
A0A977KAC0,Methionine adenosyltransferase,401,IPA_01685,940294,Ignicoccus pacificus DSM 13166,Ignicoccus pacificus DSM 13166,True,IPR027790,family,,401,1,400,CONTINUOUS
A0A9E4ZFY9,S-adenosylmethionine synthase,401,mat,2828780,Methanococcoides seepicolus,Methanococcoides seepicolus,True,IPR027790,family,,401,3,400,CONTINUOUS
A0A9E5DDW9,Methionine adenosyltransferase,400,FKB36_10985,2590886,Methanoculleus formosensis,Methanoculleus formosensis,True,IPR027790,family,,400,3,400,CONTINUOUS
A0A9E5DMX5,S-adenosylmethionine synthase,410,mat,408577,Methanobacterium veterum,Methanobacterium veterum,True,IPR027790,family,,410,3,410,CONTINUOUS
A0A9E7MA20,S-adenosylmethionine synthase,405,mat,2866384,Thermococcus argininiproducens,Thermococcus argininiproducens,True,IPR027790,family,,405,6,405,CONTINUOUS
A0A9E7MWB2,S-adenosylmethionine synthase,405,mat,110163,Thermococcus aggregans,Thermococcus aggregans,True,IPR027790,family,,405,6,405,CONTINUOUS
A0A9E7N695,S-adenosylmethionine synthase,401,mat,2953753,Natronosalvus rutilus,Natronosalvus rutilus,True,IPR027790,family,,401,4,400,CONTINUOUS
A0A9E7R525,Methionine adenosyltransferase,405,N0B31_06995,1364945,Salinirubellus salinus,Salinirubellus salinus,True,IPR027790,family,,405,4,405,CONTINUOUS
A0A9E7RT13,S-adenosylmethionine synthase,401,mat,145261,Methanothermobacter wolfeii,Methanothermobacter wolfeii,True,IPR027790,family,,401,1,400,CONTINUOUS
A0A9E7TJE7,Methionine adenosyltransferase,401,L6E24_10400,33865,Methanoplanus endosymbiosus,Methanoplanus endosymbiosus,True,IPR027790,family,,401,3,401,CONTINUOUS
A0A9J7A2A6,Methionine adenosyltransferase,309,L0Y14_07620,393765,Candidatus Endoriftia persephonae,Candidatus Endoriftia persephonae,True,IPR027790,family,,309,1,307,CONTINUOUS
A0A9Q4GIL3,S-adenosylmethionine synthase,400,mat,2487751,Halorutilus salinus,Halorutilus salinus,True,IPR027790,family,,400,3,399,CONTINUOUS
A0A9Q4KSF0,Methionine adenosyltransferase,402,L0665_04075,348610,Methanogenium marinum,Methanogenium marinum,True,IPR027790,family,,402,3,402,CONTINUOUS
A0A9Q4Q0Y0,S-adenosylmethionine synthase,401,mat,2950540,Natrinema salsiterrestre,Natrinema salsiterrestre,True,IPR027790,family,,401,4,401,CONTINUOUS
A0A9Q8FNS5,Methionine adenosyltransferase,410,ERX40_09965,69969,Macrococcus carouselicus,Macrococcus carouselicus,True,IPR027790,family,,410,7,393,CONTINUOUS
A0A9R1D5M7,S-adenosylmethionine synthase,401,mat,2841590,Natronomonas aquatica,Natronomonas aquatica,True,IPR027790,family,,401,4,401,CONTINUOUS
A0A9W6FW50,Methionine adenosyltransferase,404,metK-2,40218,Desulforhabdus amnigena,Desulforhabdus amnigena,True,IPR027790,family,,404,1,404,CONTINUOUS
A0A9W6G3S3,S-adenosylmethionine synthetase,400,metK-2,40983,Geobacter hydrogenophilus,Geobacter hydrogenophilus,True,IPR027790,family,,400,2,400,CONTINUOUS
A0A9X1Q0S2,Methionine adenosyltransferase,416,L0P92_16885,1077944,Streptomyces muensis,Streptomyces muensis,True,IPR027790,family,,416,23,411,CONTINUOUS
A0A9X9S5H3,Methionine adenosyltransferase,402,OU421_02975,2199,Methanogenium organophilum,Methanogenium organophilum,True,IPR027790,family,,402,3,402,CONTINUOUS
A0A9X9X1P7,Uncharacterized protein,115,GXW76_19275,1081025,Neoroseomonas soli,Neoroseomonas soli,True,IPR027790,family,,115,41,109,CONTINUOUS
A0AA37BPI7,S-adenosylmethionine synthase,401,mat,399579,Thermogymnomonas acidicola,Thermogymnomonas acidicola,True,IPR027790,family,,401,3,401,CONTINUOUS
A0AA41G356,S-adenosylmethionine synthase,400,mat,1429914,Haloarcula salina,Haloarcula salina,True,IPR027790,family,,400,4,400,CONTINUOUS
A0AA45WM24,Methionine adenosyltransferase,400,SAMN06264868_11045,407998,Venenivibrio stagnispumantis,Venenivibrio stagnispumantis,True,IPR027790,family,,400,1,398,CONTINUOUS
A0AA51UDR7,Methionine adenosyltransferase,409,RE476_07990,3072977,Methanolobus mangrovi,Methanolobus mangrovi,True,IPR027790,family,,409,7,409,CONTINUOUS
A0AA51UI44,S-adenosylmethionine synthase,397,mat,3072978,Methanolobus sediminis,Methanolobus sediminis,True,IPR027790,family,,397,1,396,CONTINUOUS
A0AA51UPR1,Methionine adenosyltransferase,404,RE474_04575,3072978,Methanolobus sediminis,Methanolobus sediminis,True,IPR027790,family,,404,1,404,CONTINUOUS
A0AA51YIR9,S-adenosylmethionine synthase,398,mat,3072977,Methanolobus mangrovi,Methanolobus mangrovi,True,IPR027790,family,,398,2,397,CONTINUOUS
A0AA90TXR2,S-adenosylmethionine synthase,401,mat,325778,Methanococcoides alaskense,Methanococcoides alaskense,True,IPR027790,family,,401,3,400,CONTINUOUS
A0AA96GN61,Methionine adenosyltransferase,404,PQG83_00480,3020899,Candidatus Nitrospira neomarina,Candidatus Nitrospira neomarina,True,IPR027790,family,,404,4,403,CONTINUOUS
A0AA96V1B7,Methionine adenosyltransferase,391,mat,3028295,Methanimicrococcus hongohii,Methanimicrococcus hongohii,True,IPR027790,family,,391,2,391,CONTINUOUS
A0AA96V527,S-adenosylmethionine synthase,401,mat,3028298,Methanolapillus ohkumae,Methanolapillus ohkumae,True,IPR027790,family,,401,3,400,CONTINUOUS
A0AA96ZXR6,S-adenosylmethionine synthase,402,mat,3028294,Methanimicrococcus stummii,Methanimicrococcus stummii,True,IPR027790,family,,402,4,401,CONTINUOUS
A0AA97A491,S-adenosylmethionine synthase,401,mat,3028296,Methanolapillus millepedarum,Methanolapillus millepedarum,True,IPR027790,family,,401,3,400,CONTINUOUS
A0AA97FBF7,Methionine adenosyltransferase,401,F1737_01610,2609417,Methanochimaera problematica,Methanochimaera problematica,True,IPR027790,family,,401,3,400,CONTINUOUS
A0AAE3H9D0,Methionine adenosyltransferase,404,PV02_01775,502115,Methanolobus chelungpuianus,Methanolobus chelungpuianus,True,IPR027790,family,,404,1,403,CONTINUOUS
A0AAE3JFX9,S-adenosylmethionine synthetase,403,LKD81_12640,2885348,Hominifimenecus microfluidus,Hominifimenecus microfluidus,True,IPR027790,family,,403,2,400,CONTINUOUS
A0AAE3K4C9,S-adenosylmethionine synthase,401,mat,2917711,Natranaeroarchaeum aerophilus,Natranaeroarchaeum aerophilus,True,IPR027790,family,,401,4,401,CONTINUOUS
A0AAE3K8S2,S-adenosylmethionine synthase,400,mat,2917812,Natronocalculus amylovorans,Natronocalculus amylovorans,True,IPR027790,family,,400,3,400,CONTINUOUS
A0AAE3KZ14,S-adenosylmethionine synthase,398,mat,502115,Methanolobus chelungpuianus,Methanolobus chelungpuianus,True,IPR027790,family,,398,2,397,CONTINUOUS
A0AAE3LIS8,S-adenosylmethionine synthase,400,mat,2979991,Halapricum hydrolyticum,Halapricum hydrolyticum,True,IPR027790,family,,400,4,400,CONTINUOUS
A0AAE4JK48,S-adenosylmethionine synthase,400,mat,2950533,Haloarcula terrestris,Haloarcula terrestris,True,IPR027790,family,,400,4,400,CONTINUOUS
A0AAE4MCF1,Methionine adenosyltransferase,405,mat,3028299,Methanorbis furvi,Methanorbis furvi,True,IPR027790,family,,405,3,405,CONTINUOUS
A0AAE4MKI6,S-adenosylmethionine synthase,401,mat,3028297,Methanolapillus africanus,Methanolapillus africanus,True,IPR027790,family,,401,3,400,CONTINUOUS
A0AAE4SBQ5,Methionine adenosyltransferase,405,mat,3028300,Methanorbis rubei,Methanorbis rubei,True,IPR027790,family,,405,3,405,CONTINUOUS
A0AAE4T4B9,S-adenosylmethionine synthase,405,mat,90909,Thermococcus waiotapuensis,Thermococcus waiotapuensis,True,IPR027790,family,,405,6,405,CONTINUOUS
A0AAF0JM02,Methionine adenosyltransferase,401,L1994_02540,487686,Methanomicrobium antiquum,Methanomicrobium antiquum,True,IPR027790,family,,401,3,401,CONTINUOUS
A0AAF0PCH0,S-adenosylmethionine synthase,401,mat,121872,Natrinema thermotolerans,Natrinema thermotolerans,True,IPR027790,family,,401,4,401,CONTINUOUS
A0AAJ4UVP9,S-adenosylmethionine synthase,410,mat,2216012,Halosegnis longus,Halosegnis longus,True,IPR027790,family,,410,4,410,CONTINUOUS
A0AAP2RAY7,Methionine adenosyltransferase,370,CUJ83_01615,2052831,Methanooceanicella nereidis,Methanooceanicella nereidis,True,IPR027790,family,,370,9,369,CONTINUOUS
A0AAP2Z837,S-adenosylmethionine synthase,401,mat,2979988,Natronosalvus hydrolyticus,Natronosalvus hydrolyticus,True,IPR027790,family,,401,4,401,CONTINUOUS
A0AAP2Z9E8,Methionine adenosyltransferase,385,OB919_13645,2979988,Natronosalvus hydrolyticus,Natronosalvus hydrolyticus,True,IPR027790,family,,385,6,384,CONTINUOUS
A0AAP6EKA6,Methionine adenosyltransferase,405,PV666_25875,42234,Streptomyces acidiscabies,Streptomyces acidiscabies,True,IPR027790,family,,405,18,358,CONTINUOUS
A0AAQ4CMR7,S-adenosylmethionine synthase,404,mat,1702097,Saccharolobus caldissimus,Saccharolobus caldissimus,True,IPR027790,family,,404,1,404,CONTINUOUS
A0AAT9GQS6,S-adenosylmethionine synthase,405,mat,2049879,Sulfurisphaera javensis,Sulfurisphaera javensis,True,IPR027790,family,,405,1,404,CONTINUOUS
A0AAT9I032,Methionine adenosyltransferase,196,SHKM778_94710,3074435,Streptomyces haneummycinicus,Streptomyces haneummycinicus,True,IPR027790,family,,196,1,194,CONTINUOUS
A0AAT9I0K4,Methionine adenosyltransferase,199,SHKM778_94720,3074435,Streptomyces haneummycinicus,Streptomyces haneummycinicus,True,IPR027790,family,,199,13,138,CONTINUOUS
A0AAV3S8D8,S-adenosylmethionine synthase,406,mat,489912,Halarchaeum salinum,Halarchaeum salinum,True,IPR027790,family,,406,4,406,CONTINUOUS
A0AAV3SP65,S-adenosylmethionine synthase,400,mat,425309,Halorubrum ejinorense,Halorubrum ejinorense,True,IPR027790,family,,400,3,400,CONTINUOUS
A0AAV3SY86,S-adenosylmethionine synthase,401,mat,555573,Salarchaeum japonicum,Salarchaeum japonicum,True,IPR027790,family,,401,4,401,CONTINUOUS
A0AAV3TBC1,S-adenosylmethionine synthase,401,mat,926360,Natronoarchaeum mannanilyticum,Natronoarchaeum mannanilyticum,True,IPR027790,family,,401,4,401,CONTINUOUS
A0AAV3UCN8,S-adenosylmethionine synthase,400,mat,1008152,Haladaptatus pallidirubidus,Haladaptatus pallidirubidus,True,IPR027790,family,,400,5,399,CONTINUOUS
A0AAW4P738,S-adenosylmethionine synthase,400,mat,2487749,Haloarcula nitratireducens,Haloarcula nitratireducens,True,IPR027790,family,,400,4,400,CONTINUOUS
A0AAW4PMJ7,S-adenosylmethionine synthase,400,mat,2487747,Haloarcula rubra,Haloarcula rubra,True,IPR027790,family,,400,4,400,CONTINUOUS
A0AAW4QC46,Methionine adenosyltransferase,394,mat,329,Ralstonia pickettii,Ralstonia pickettii,True,IPR027790,family,,394,7,394,CONTINUOUS
A0AAX0Q6E0,Methionine adenosyltransferase,405,ASJ83_00420,2193,Methanocorpusculum parvum,Methanocorpusculum parvum,True,IPR027790,family,,405,3,405,CONTINUOUS
A0AAX3APX8,S-adenosylmethionine synthase,399,mat,179637,Halococcus dombrowskii,Halococcus dombrowskii,True,IPR027790,family,,399,4,399,CONTINUOUS
A0AAX3EAC2,Methionine adenosyltransferase,400,OH143_10905,204050,Methanoculleus submarinus,Methanoculleus submarinus,True,IPR027790,family,,400,3,400,CONTINUOUS
A0AAX4FXE8,Methionine adenosyltransferase,400,R6Y96_04730,394967,Methanoculleus receptaculi,Methanoculleus receptaculi,True,IPR027790,family,,400,3,400,CONTINUOUS
A0AAX4L1C4,S-adenosylmethionine synthase,404,mat,207809,Sulfolobus tengchongensis,Sulfolobus tengchongensis,True,IPR027790,family,,404,1,404,CONTINUOUS
A0AAX4NDQ5,Methionine adenosyltransferase,401,OXIME_000004,3073602,Oxyplasma meridianum,Oxyplasma meridianum,True,IPR027790,family,,401,3,401,CONTINUOUS
A0ABC8BRT0,S-adenosylmethionine synthetase,408,B7C62_12835,68173,Kitasatospora albolonga,Kitasatospora albolonga,True,IPR027790,family,,408,17,358,CONTINUOUS
A0ABD4TE10,Methionine adenosyltransferase,400,DIC75_11600,2184756,Methanoculleus oceani,Methanoculleus oceani,True,IPR027790,family,,400,3,400,CONTINUOUS
A0ABD4TLQ8,Methionine adenosyltransferase,401,FTO68_07955,106207,Methanocalculus taiwanensis,Methanocalculus taiwanensis,True,IPR027790,family,,401,3,401,CONTINUOUS
A0ABD4Z4K1,S-adenosylmethionine synthase,404,mat,3050454,Ignisphaera cupida,Ignisphaera cupida,True,IPR027790,family,,404,1,404,CONTINUOUS
A0ABD5EQX2,S-adenosylmethionine synthetase,405,RM877_17295,3075536,Streptomyces doudnae,Streptomyces doudnae,True,IPR027790,family,,405,6,401,CONTINUOUS
A0ABD5M664,S-adenosylmethionine synthase,400,mat,3076378,Halorubrum miltondacostae,Halorubrum miltondacostae,True,IPR027790,family,,400,3,400,CONTINUOUS
A0ABD5M967,S-adenosylmethionine synthase,401,mat,2996466,Halobellus rubicundus,Halobellus rubicundus,True,IPR027790,family,,401,4,401,CONTINUOUS
A0ABD5MJS9,S-adenosylmethionine synthase,404,mat,2175149,Halobaculum roseum,Halobaculum roseum,True,IPR027790,family,,404,1,404,CONTINUOUS
A0ABD5NBG7,S-adenosylmethionine synthase,406,mat,2039234,Halobacterium litoreum,Halobacterium litoreum,True,IPR027790,family,,406,4,406,CONTINUOUS
A0ABD5NSI7,S-adenosylmethionine synthase,401,mat,1487865,Halovivax cerinus,Halovivax cerinus,True,IPR027790,family,,401,4,401,CONTINUOUS
A0ABD5PE03,S-adenosylmethionine synthase,401,mat,1364940,Halobium salinum,Halobium salinum,True,IPR027790,family,,401,4,400,CONTINUOUS
A0ABD5PTG8,Methionine adenosyltransferase,386,ACFO5R_16915,2932267,Halosolutus amylolyticus,Halosolutus amylolyticus,True,IPR027790,family,,386,6,385,CONTINUOUS
A0ABD5PW12,S-adenosylmethionine synthase,403,mat,2953748,Halorussus aquaticus,Halorussus aquaticus,True,IPR027790,family,,403,4,403,CONTINUOUS
A0ABD5PW67,S-adenosylmethionine synthase,401,mat,2932267,Halosolutus amylolyticus,Halosolutus amylolyticus,True,IPR027790,family,,401,4,401,CONTINUOUS
A0ABD5QG33,S-adenosylmethionine synthase,418,mat,1849069,Saliphagus infecundisoli,Saliphagus infecundisoli,True,IPR027790,family,,418,4,418,CONTINUOUS
A0ABD5QTV8,S-adenosylmethionine synthase,400,mat,2707018,Halorubrum glutamatedens,Halorubrum glutamatedens,True,IPR027790,family,,400,3,400,CONTINUOUS
A0ABD5QZ38,S-adenosylmethionine synthase,400,mat,1126240,Halorubrum rubrum,Halorubrum rubrum,True,IPR027790,family,,400,3,400,CONTINUOUS
A0ABD5RAE4,S-adenosylmethionine synthase,401,mat,1126234,Salinirubrum litoreum,Salinirubrum litoreum,True,IPR027790,family,,401,4,401,CONTINUOUS
A0ABD5RRV0,S-adenosylmethionine synthase,401,mat,1872699,Halomarina salina,Halomarina salina,True,IPR027790,family,,401,4,401,CONTINUOUS
A0ABD5RXH8,S-adenosylmethionine synthase,401,mat,1776492,Halobium palmae,Halobium palmae,True,IPR027790,family,,401,4,401,CONTINUOUS
A0ABD5SB44,S-adenosylmethionine synthase,400,mat,175631,Halorubrum tibetense,Halorubrum tibetense,True,IPR027790,family,,400,3,400,CONTINUOUS
A0ABD5SQQ4,S-adenosylmethionine synthase,401,mat,1930624,Natrinema soli,Natrinema soli,True,IPR027790,family,,401,4,401,CONTINUOUS
A0ABD5T725,S-adenosylmethionine synthase,400,mat,1526114,Halorubrum pallidum,Halorubrum pallidum,True,IPR027790,family,,400,3,400,CONTINUOUS
A0ABD5TEN6,S-adenosylmethionine synthase,404,mat,3032281,Halobaculum halobium,Halobaculum halobium,True,IPR027790,family,,404,1,404,CONTINUOUS
A0ABD5U3P5,S-adenosylmethionine synthase,401,mat,1198324,Halopelagius fulvigenes,Halopelagius fulvigenes,True,IPR027790,family,,401,4,401,CONTINUOUS
A0ABD5UA57,S-adenosylmethionine synthase,401,mat,3033939,Halomarina ordinaria,Halomarina ordinaria,True,IPR027790,family,,401,4,401,CONTINUOUS
A0ABD5UMF9,S-adenosylmethionine synthase,400,mat,2004704,Halorubrum trueperi,Halorubrum trueperi,True,IPR027790,family,,400,3,400,CONTINUOUS
A0ABD5UZ22,S-adenosylmethionine synthase,401,mat,175632,Halalkalicoccus tibetensis,Halalkalicoccus tibetensis,True,IPR027790,family,,401,4,401,CONTINUOUS
A0ABD5V027,S-adenosylmethionine synthase,400,mat,1198295,Halopenitus salinus,Halopenitus salinus,True,IPR027790,family,,400,3,400,CONTINUOUS
A0ABD5VE45,S-adenosylmethionine synthase,406,mat,755308,Halorubellus litoreus,Halorubellus litoreus,True,IPR027790,family,,406,4,406,CONTINUOUS
A0ABD5WBK2,S-adenosylmethionine synthase,404,mat,3032001,Halobaculum lipolyticum,Halobaculum lipolyticum,True,IPR027790,family,,404,1,404,CONTINUOUS
A0ABD5WRI3,S-adenosylmethionine synthase,403,mat,3034025,Halorussus caseinilyticus,Halorussus caseinilyticus,True,IPR027790,family,,403,4,403,CONTINUOUS
A0ABD5WYV1,S-adenosylmethionine synthase,410,mat,3031996,Halobaculum marinum,Halobaculum marinum,True,IPR027790,family,,410,1,410,CONTINUOUS
A0ABD5XDK2,S-adenosylmethionine synthase,402,mat,1109010,Haloferax chudinovii,Haloferax chudinovii,True,IPR027790,family,,402,4,402,CONTINUOUS
A0ABD5Y5H8,S-adenosylmethionine synthase,400,mat,3026162,Halosimplex aquaticum,Halosimplex aquaticum,True,IPR027790,family,,400,4,400,CONTINUOUS
A0ABD5YGX9,S-adenosylmethionine synthase,400,mat,1526162,Halorubrum yunnanense,Halorubrum yunnanense,True,IPR027790,family,,400,3,400,CONTINUOUS
A0ABD5YN92,S-adenosylmethionine synthase,401,mat,2934937,Halocatena marina,Halocatena marina,True,IPR027790,family,,401,4,401,CONTINUOUS
A0ABD5Z1Q4,S-adenosylmethionine synthase,406,mat,3032283,Halospeciosus flavus,Halospeciosus flavus,True,IPR027790,family,,406,4,406,CONTINUOUS
A0ABD5ZEA4,S-adenosylmethionine synthase,402,mat,1748331,Haloferax namakaokahaiae,Haloferax namakaokahaiae,True,IPR027790,family,,402,4,402,CONTINUOUS
A0ABD5ZTY9,S-adenosylmethionine synthase,404,mat,3034023,Halosegnis marinus,Halosegnis marinus,True,IPR027790,family,,404,4,404,CONTINUOUS
A0ABD6A024,S-adenosylmethionine synthase,406,mat,767515,Haloplanus litoreus,Haloplanus litoreus,True,IPR027790,family,,406,4,405,CONTINUOUS
A0ABD6A4T0,S-adenosylmethionine synthase,401,mat,3033386,Halomarina halobia,Halomarina halobia,True,IPR027790,family,,401,4,400,CONTINUOUS
A0ABD6ALT4,S-adenosylmethionine synthase,400,mat,1364933,Halorubrum rutilum,Halorubrum rutilum,True,IPR027790,family,,400,3,400,CONTINUOUS
A0ABD6B046,S-adenosylmethionine synthase,401,mat,2071873,Halomarina rubra,Halomarina rubra,True,IPR027790,family,,401,4,401,CONTINUOUS
A0ABD6B330,S-adenosylmethionine synthase,404,mat,1220023,Halolamina salina,Halolamina salina,True,IPR027790,family,,404,3,404,CONTINUOUS
A0ABD6BGN0,Methionine adenosyltransferase,386,ACFR99_11305,1198296,Haloarchaeobius amylolyticus,Haloarchaeobius amylolyticus,True,IPR027790,family,,386,5,386,CONTINUOUS
A0ABD6BJE2,S-adenosylmethionine synthase,401,mat,1198296,Haloarchaeobius amylolyticus,Haloarchaeobius amylolyticus,True,IPR027790,family,,401,4,401,CONTINUOUS
A0ABD6BQE0,S-adenosylmethionine synthase,404,mat,1515593,Halolamina litorea,Halolamina litorea,True,IPR027790,family,,404,3,404,CONTINUOUS
A0ABD6BS62,Methionine adenosyltransferase,385,ACFSAU_10525,1515593,Halolamina litorea,Halolamina litorea,True,IPR027790,family,,385,5,385,CONTINUOUS
A0ABD6BWF8,S-adenosylmethionine synthase,400,mat,1433523,Halorubrum laminariae,Halorubrum laminariae,True,IPR027790,family,,400,3,400,CONTINUOUS
A0ABD6CGS8,S-adenosylmethionine synthase,400,mat,1126241,Halorientalis brevis,Halorientalis brevis,True,IPR027790,family,,400,4,400,CONTINUOUS
A0ABD6CIU0,S-adenosylmethionine synthase,401,mat,1126237,Halobellus rarus,Halobellus rarus,True,IPR027790,family,,401,4,401,CONTINUOUS
A0ABD6D1N9,S-adenosylmethionine synthase,406,mat,869892,Haloplanus ruber,Haloplanus ruber,True,IPR027790,family,,406,4,405,CONTINUOUS
A0ABD6D7T7,S-adenosylmethionine synthase,400,mat,869891,Halohasta litorea,Halohasta litorea,True,IPR027790,family,,400,3,400,CONTINUOUS
A0ABD6DJG4,S-adenosylmethionine synthase,406,mat,755306,Haloarchaeobius litoreus,Haloarchaeobius litoreus,True,IPR027790,family,,406,4,406,CONTINUOUS
A0ABD6DTG4,S-adenosylmethionine synthase,401,mat,755310,Halobellus litoreus,Halobellus litoreus,True,IPR027790,family,,401,4,401,CONTINUOUS
A0ABD8A837,Methionine adenosyltransferase,400,R6Y95_09485,72612,Methanoculleus palmolei,Methanoculleus palmolei,True,IPR027790,family,,400,3,400,CONTINUOUS
A0ABM8WYJ2,Methionine adenosyltransferase,371,mat_1,248026,Cupriavidus pinatubonensis,Cupriavidus pinatubonensis,False,IPR027790,family,,371,1,371,CONTINUOUS
A0ABM8XUM1,Methionine adenosyltransferase,394,mat_2,248026,Cupriavidus pinatubonensis,Cupriavidus pinatubonensis,False,IPR027790,family,,394,6,394,CONTINUOUS
A0ABM9KXN5,Methionine adenosyltransferase,394,mat,3058601,Ralstonia flatus,Ralstonia flatus,False,IPR027790,family,,394,7,394,CONTINUOUS
A0ABN0CU53,Methionine adenosyltransferase,399,STRPO_0493,873448,Streptococcus porcinus str. Jelinkova 176,Streptococcus porcinus str. Jelinkova 176,False,IPR027790,family,,399,14,362,CONTINUOUS
A0ABN0YYQ2,Methionine adenosyltransferase,416,GCM10010357_49290,173858,Streptomyces luteireticuli,Streptomyces luteireticuli,False,IPR027790,family,,416,23,411,CONTINUOUS
A0ABN1NVI6,Uncharacterized protein,93,GCM10009560_14100,83682,Nonomuraea longicatena,Nonomuraea longicatena,False,IPR027790,family,,93,1,49,CONTINUOUS
A0ABN2ET19,Methionine adenosyltransferase,410,GCM10009789_83620,460087,Kribbella sancticallisti,Kribbella sancticallisti,False,IPR027790,family,,410,4,409,CONTINUOUS
A0ABN2N9H2,Methionine adenosyltransferase,415,GCM10009751_15520,316335,Myceligenerans crystallogenes,Myceligenerans crystallogenes,False,IPR027790,family,,415,2,399,CONTINUOUS
A0ABN3A8D6,Methionine adenosyltransferase,416,GCM10009760_56770,407974,Kitasatospora kazusensis,Kitasatospora kazusensis,False,IPR027790,family,,416,25,395,CONTINUOUS
A0ABN3ENZ6,S-adenosylmethionine synthetase,398,GCM10010368_36280,1972,Streptomyces roseiscleroticus,Streptomyces roseiscleroticus,False,IPR027790,family,,398,8,393,CONTINUOUS
A0ABN3PWJ3,Methionine adenosyltransferase,416,GCM10009863_18830,552788,Streptomyces axinellae,Streptomyces axinellae,False,IPR027790,family,,416,25,411,CONTINUOUS
A0ABN3QDU5,Methionine adenosyltransferase,416,GCM10010307_08550,285451,Streptomyces vastus,Streptomyces vastus,False,IPR027790,family,,416,21,411,CONTINUOUS
A0ABN4TVX6,Methionine adenosyltransferase,376,BKK80_22050,367825,Cupriavidus malaysiensis,Cupriavidus malaysiensis,False,IPR027790,family,,376,3,376,CONTINUOUS
A0ABN5HWM0,S-adenosylmethionine synthetase,407,C4B68_06915,2049881,Streptomyces dengpaensis,Streptomyces dengpaensis,False,IPR027790,family,,407,17,332,CONTINUOUS
A0ABN5XG27,Methionine adenosyltransferase,400,MchiMG62_09690,118126,Methanoculleus chikugoensis,Methanoculleus chikugoensis,False,IPR027790,family,,400,3,400,CONTINUOUS
A0ABN6PG25,S-adenosylmethionine synthase,401,mat,680118,Methanothermobacter tenebrarum,Methanothermobacter tenebrarum,False,IPR027790,family,,401,1,401,CONTINUOUS
A0ABN6SNH2,S-adenosylmethionine synthase,411,mat,1293586,Vulcanisaeta souniana JCM 11219,Vulcanisaeta souniana JCM 11219,False,IPR027790,family,,411,5,411,CONTINUOUS
A0ABN6VUZ6,S-adenosylmethionine synthetase,365,metK-2,351604,Geotalea uraniireducens,Geotalea uraniireducens,False,IPR027790,family,,365,1,365,CONTINUOUS
A0ABN6ZSE9,S-adenosylmethionine synthase,409,mat,54256,Pyrodictium abyssi,Pyrodictium abyssi,False,IPR027790,family,,409,3,409,CONTINUOUS
A0ABN9JRY3,Methionine adenosyltransferase,394,mat,3058597,Ralstonia flaminis,Ralstonia flaminis,False,IPR027790,family,,394,7,394,CONTINUOUS
A0ABP3JW75,Methionine adenosyltransferase,409,GCM10009544_28280,173861,Streptomyces stramineus,Streptomyces stramineus,False,IPR027790,family,,409,6,134,CONTINUOUS
A0ABP3JW75,Methionine adenosyltransferase,409,GCM10009544_28280,173861,Streptomyces stramineus,Streptomyces stramineus,False,IPR027790,family,,409,162,392,CONTINUOUS
A0ABP3SMB0,Methionine adenosyltransferase,416,GCM10009535_32590,59298,Streptomyces thermocarboxydovorans,Streptomyces thermocarboxydovorans,False,IPR027790,family,,416,22,410,CONTINUOUS
A0ABP5FPJ7,Methionine adenosyltransferase,417,GCM10009839_33940,450799,Catenulispora yoronensis,Catenulispora yoronensis,False,IPR027790,family,,417,23,384,CONTINUOUS
A0ABP5RSF9,Methionine adenosyltransferase,416,GCM10010368_48570,1972,Streptomyces roseiscleroticus,Streptomyces roseiscleroticus,False,IPR027790,family,,416,22,411,CONTINUOUS
A0ABP5XYB8,Methionine adenosyltransferase,408,GCM10010422_12270,284030,Streptomyces graminearus,Streptomyces graminearus,False,IPR027790,family,,408,17,360,CONTINUOUS
A0ABP6NWK7,Methionine adenosyltransferase,416,GCM10010451_04860,285572,Streptomyces virens,Streptomyces virens,False,IPR027790,family,,416,25,410,CONTINUOUS
A0ABP7F858,S-adenosylmethionine synthetase,406,GCM10022402_12240,702744,Salinactinospora qingdaonensis,Salinactinospora qingdaonensis,False,IPR027790,family,,406,18,368,CONTINUOUS
A0ABP8SKB8,S-adenosylmethionine synthetase,408,GCM10023100_28230,328075,Actinocorallia cavernae,Actinocorallia cavernae,False,IPR027790,family,,408,17,360,CONTINUOUS
A0ABP9GEU7,Uncharacterized protein,257,GCM10023224_16200,427369,Streptomonospora halophila,Streptomonospora halophila,False,IPR027790,family,,257,8,240,CONTINUOUS
A0ABP9H2V5,Methionine adenosyltransferase,383,GCM10023314_29460,1109741,Algibacter agarivorans,Algibacter agarivorans,False,IPR027790,family,,383,10,381,CONTINUOUS
A0ABQ0JUB7,Methionine adenosyltransferase,393,BROSI_A0834,1197129,Candidatus Brocadia sinica JPN1,Candidatus Brocadia sinica JPN1,False,IPR027790,family,,393,2,393,CONTINUOUS
A0ABQ0MJQ6,Methionine adenosyltransferase,401,GPEL0_01r3095,60036,Geoanaerobacter pelophilus,Geoanaerobacter pelophilus,False,IPR027790,family,,401,3,400,CONTINUOUS
A0ABQ2JIU4,Methionine adenosyltransferase,405,mat,462949,Novosphingobium indicum,Novosphingobium indicum,False,IPR027790,family,,405,8,395,CONTINUOUS
A0ABQ2VAR0,Methionine adenosyltransferase,416,GCM10010211_49190,285515,Streptomyces albospinus,Streptomyces albospinus,False,IPR027790,family,,416,24,411,CONTINUOUS
A0ABQ2WU03,Methionine adenosyltransferase,416,GCM10010383_01630,68229,Streptomyces lomondensis,Streptomyces lomondensis,False,IPR027790,family,,416,26,410,CONTINUOUS
A0ABQ2ZFN9,Methionine adenosyltransferase,405,metK-2,67384,Streptomyces xanthochromogenes,Streptomyces xanthochromogenes,False,IPR027790,family,,405,20,401,CONTINUOUS
A0ABQ3PE42,Methionine adenosyltransferase,416,Shyd_46630,1873719,Streptomyces hydrogenans,Streptomyces hydrogenans,False,IPR027790,family,,416,23,411,CONTINUOUS
A0ABQ4JF39,Methionine adenosyltransferase,416,metK-2,502268,Micromonospora qiuiae,Micromonospora qiuiae,False,IPR027790,family,,416,12,402,CONTINUOUS
A0ABR7SG54,Methionine adenosyltransferase,416,H9Y04_18075,2767826,Streptomyces polyasparticus,Streptomyces polyasparticus,False,IPR027790,family,,416,24,411,CONTINUOUS
A0ABR7V7B9,Methionine adenosyltransferase,388,HPE63_02385,1854708,Maribacter arenosus,Maribacter arenosus,False,IPR027790,family,,388,10,381,CONTINUOUS
A0ABR9HKG1,S-adenosylmethionine synthetase,408,H4W79_003698,372655,Nocardiopsis terrae,Nocardiopsis terrae,False,IPR027790,family,,408,4,391,CONTINUOUS
A0ABR9NRU6,Methionine adenosyltransferase,400,IIE05_03275,1340425,Geobacter anodireducens,Geobacter anodireducens,False,IPR027790,family,,400,2,400,CONTINUOUS
A0ABR9XU46,S-adenosylmethionine synthetase,404,INT08_09440,2743976,Prosthecochloris ethylica,Prosthecochloris ethylica,False,IPR027790,family,,404,5,404,CONTINUOUS
A0ABS0YDV0,Methionine adenosyltransferase,401,JFN91_09540,2798583,Geomonas anaerohicana,Geomonas anaerohicana,False,IPR027790,family,,401,2,401,CONTINUOUS
A0ABS0YR73,Methionine adenosyltransferase,401,JFN90_09785,2798582,Geomonas propionica,Geomonas propionica,False,IPR027790,family,,401,2,401,CONTINUOUS
A0ABS1GGE6,Methionine adenosyltransferase,400,GWK41_02845,2699429,Persephonella atlantica,Persephonella atlantica,False,IPR027790,family,,400,1,399,CONTINUOUS
A0ABS1NCX7,Methionine adenosyltransferase,396,JK363_14910,621382,Streptomyces coffeae,Streptomyces coffeae,False,IPR027790,family,,396,7,391,CONTINUOUS
A0ABS3IF98,Methionine adenosyltransferase,415,J0911_16855,1230528,Myceligenerans salitolerans,Myceligenerans salitolerans,False,IPR027790,family,,415,25,401,CONTINUOUS
A0ABS3USS0,Methionine adenosyltransferase,409,J5X75_29405,2820290,Actinoplanes flavus,Actinoplanes flavus,False,IPR027790,family,,409,13,367,CONTINUOUS
A0ABS4QEW4,S-adenosylmethionine synthetase,409,BJ987_002581,882446,Nocardia goodfellowii,Nocardia goodfellowii,False,IPR027790,family,,409,9,404,CONTINUOUS
A0ABS5XAV5,Methionine adenosyltransferase,392,J7302_01470,2822138,Metapseudomonas boanensis,Metapseudomonas boanensis,False,IPR027790,family,,392,7,390,CONTINUOUS
A0ABS6MWJ0,Methionine adenosyltransferase,301,KRX52_10060,2849492,Geopseudomonas aromaticivorans,Geopseudomonas aromaticivorans,False,IPR027790,family,,301,17,301,CONTINUOUS
A0ABS6MY87,Methionine adenosyltransferase,123,KRX52_13195,2849492,Geopseudomonas aromaticivorans,Geopseudomonas aromaticivorans,False,IPR027790,family,,123,30,122,CONTINUOUS
A0ABS7QWF8,Methionine adenosyltransferase,399,K7472_22245,2873249,Streptantibioticus parmotrematis,Streptantibioticus parmotrematis,False,IPR027790,family,,399,6,374,CONTINUOUS
A0ABS9BVX2,Methionine adenosyltransferase,386,L0U89_10940,2909237,Mariniradius sediminis,Mariniradius sediminis,False,IPR027790,family,,386,16,382,CONTINUOUS
A0ABS9LFH8,Methionine adenosyltransferase,397,L6637_02215,2911009,Bradyrhizobium zhengyangense,Bradyrhizobium zhengyangense,False,IPR027790,family,,397,11,397,CONTINUOUS
A0ABT2AY26,Methionine adenosyltransferase,294,NX794_07290,2970331,Streptomyces pyxinicus,Streptomyces pyxinicus,False,IPR027790,family,,294,47,288,CONTINUOUS
A0ABT2CFD0,S-adenosylmethionine synthetase,396,NX801_08960,2970734,Streptomyces pyxinae,Streptomyces pyxinae,False,IPR027790,family,,396,8,361,CONTINUOUS
A0ABT2ELG0,Methionine adenosyltransferase,394,M2350_000182,1448929,Fervidibacter sacchari,Fervidibacter sacchari,False,IPR027790,family,,394,3,394,CONTINUOUS
A0ABT2EU00,S-adenosylmethionine synthase,405,mat,523842,Methanococcus voltae PS,Methanococcus voltae PS,False,IPR027790,family,,405,1,405,CONTINUOUS
A0ABT2I814,Methionine adenosyltransferase,405,NZK81_15345,2976432,Novosphingobium mangrovisedimenti,Novosphingobium mangrovisedimenti,False,IPR027790,family,,405,8,395,CONTINUOUS
A0ABT2Q8F8,S-adenosylmethionine synthase,401,mat,2979990,Natronoglomus mannanivorans,Natronoglomus mannanivorans,False,IPR027790,family,,401,4,401,CONTINUOUS
A0ABT4II15,Methionine adenosyltransferase,405,O0S10_09215,3002863,Methanocorpusculum petauri,Methanocorpusculum petauri,False,IPR027790,family,,405,3,405,CONTINUOUS
A0ABT4IK83,Methionine adenosyltransferase,405,O0S09_02600,3002864,Methanocorpusculum vombati,Methanocorpusculum vombati,False,IPR027790,family,,405,3,405,CONTINUOUS
A0ABT4R286,Methionine adenosyltransferase,398,OOJ09_27500,1165689,Mesorhizobium qingshengii,Mesorhizobium qingshengii,False,IPR027790,family,,398,7,398,CONTINUOUS
A0ABT5XAA4,Methionine adenosyltransferase,494,P0O15_10710,3033396,Candidatus Methanocrinis natronophilus,Candidatus Methanocrinis natronophilus,False,IPR027790,family,,494,101,494,CONTINUOUS
A0ABT5XAI5,Methionine adenosyltransferase,365,P0O15_11205,3033396,Candidatus Methanocrinis natronophilus,Candidatus Methanocrinis natronophilus,False,IPR027790,family,,365,11,365,CONTINUOUS
A0ABT5XBM8,Methionine adenosyltransferase,396,P0O24_00440,3033395,Candidatus Methanocrinis alkalitolerans,Candidatus Methanocrinis alkalitolerans,False,IPR027790,family,,396,3,396,CONTINUOUS
A0ABT5XGA2,Methionine adenosyltransferase,365,P0O24_09095,3033395,Candidatus Methanocrinis alkalitolerans,Candidatus Methanocrinis alkalitolerans,False,IPR027790,family,,365,10,365,CONTINUOUS
A0ABT5ZAP6,Methionine adenosyltransferase,408,P2L57_35975,236510,Streptantibioticus ferralitis,Streptantibioticus ferralitis,False,IPR027790,family,,408,17,372,CONTINUOUS
A0ABT5ZKD8,Methionine adenosyltransferase,409,P3G67_13800,3034235,Streptomyces silvisoli,Streptomyces silvisoli,False,IPR027790,family,,409,10,403,CONTINUOUS
A0ABT6S209,Methionine adenosyltransferase,416,QIS99_31430,3043614,Streptomyces solicavernae,Streptomyces solicavernae,False,IPR027790,family,,416,24,411,CONTINUOUS
A0ABT6SNV9,Methionine adenosyltransferase,427,QIT00_01760,3043615,Streptomyces luteolus,Streptomyces luteolus,False,IPR027790,family,,427,24,421,CONTINUOUS
A0ABT6ZPP9,Methionine adenosyltransferase,396,NMN56_002200,1384038,Streptomyces iconiensis,Streptomyces iconiensis,False,IPR027790,family,,396,7,376,CONTINUOUS
A0ABT7AE20,Methionine adenosyltransferase,426,QNA08_05260,3047466,Chelatococcus albus,Chelatococcus albus,False,IPR027790,family,,426,16,395,CONTINUOUS
A0ABT8LZW9,Methionine adenosyltransferase,400,FGW20_03925,2584086,Methanoculleus methanifontis,Methanoculleus methanifontis,False,IPR027790,family,,400,3,400,CONTINUOUS
A0ABT8M8E4,Methionine adenosyltransferase,401,FGU65_04765,2584085,Methanoculleus frigidifontis,Methanoculleus frigidifontis,False,IPR027790,family,,401,3,401,CONTINUOUS
A0ABU0QS12,Methionine adenosyltransferase,416,QF034_004419,231024,Streptomyces africanus,Streptomyces africanus,False,IPR027790,family,,416,23,411,CONTINUOUS
A0ABU0T9P4,S-adenosylmethionine synthetase,408,QF035_009091,67370,Streptomyces umbrinus,Streptomyces umbrinus,False,IPR027790,family,,408,17,357,CONTINUOUS
A0ABU0ZAZ6,Methionine adenosyltransferase,416,RB614_03085,3071409,Phytohabitans maris,Phytohabitans maris,False,IPR027790,family,,416,14,404,CONTINUOUS
A0ABU1BVT8,Methionine adenosyltransferase,396,Q8A64_17470,3064264,Keguizhuia sedimenti,Keguizhuia sedimenti,False,IPR027790,family,,396,6,396,CONTINUOUS
A0ABU2CWS7,S-adenosylmethionine synthase,398,mat,3073890,Methanosarcina baikalica,Methanosarcina baikalica,False,IPR027790,family,,398,3,398,CONTINUOUS
A0ABU2CZB5,Methionine adenosyltransferase,410,RG963_04375,3073890,Methanosarcina baikalica,Methanosarcina baikalica,False,IPR027790,family,,410,1,410,CONTINUOUS
A0ABU2F7J1,S-adenosylmethionine synthase,400,mat,2950534,Haloarcula saliterrae,Haloarcula saliterrae,False,IPR027790,family,,400,4,400,CONTINUOUS
A0ABU2FLZ4,S-adenosylmethionine synthase,400,mat,2950539,Haloarcula onubensis,Haloarcula onubensis,False,IPR027790,family,,400,4,399,CONTINUOUS
A0ABU2FVS7,S-adenosylmethionine synthase,401,mat,2950537,Halogeometricum luteum,Halogeometricum luteum,False,IPR027790,family,,401,4,401,CONTINUOUS
A0ABU2GF61,S-adenosylmethionine synthase,401,mat,2950536,Halogeometricum salsisoli,Halogeometricum salsisoli,False,IPR027790,family,,401,4,401,CONTINUOUS
A0ABU2RG88,Methionine adenosyltransferase,433,RM649_09480,3075530,Streptomyces salyersiae,Streptomyces salyersiae,False,IPR027790,family,,433,41,428,CONTINUOUS
A0ABU2VVW0,S-adenosylmethionine synthetase,408,RM717_04390,3375367,Streptomyces stephensoniae,Streptomyces stephensoniae,False,IPR027790,family,,408,17,358,CONTINUOUS
A0ABU3B2C2,Methionine adenosyltransferase,415,RM812_35430,3075520,Streptomyces lancefieldiae,Streptomyces lancefieldiae,False,IPR027790,family,,415,24,410,CONTINUOUS
A0ABU3VPN6,S-adenosylmethionine synthase,402,mat,3028293,Methanimicrococcus hacksteinii,Methanimicrococcus hacksteinii,False,IPR027790,family,,402,4,401,CONTINUOUS
A0ABU3X179,Methionine adenosyltransferase,400,F8E02_07270,2651577,Methanoculleus caldifontis,Methanoculleus caldifontis,False,IPR027790,family,,400,3,400,CONTINUOUS
A0ABU3Z4X7,Methionine adenosyltransferase,400,HL657_12055,2735141,Methanoculleus nereidis,Methanoculleus nereidis,False,IPR027790,family,,400,3,400,CONTINUOUS
A0ABU4MX15,S-adenosylmethionine synthetase,411,PV383_33095,2746961,Streptomyces caniscabiei,Streptomyces caniscabiei,False,IPR027790,family,,411,11,409,CONTINUOUS
A0ABU4XWB3,Methionine adenosyltransferase,393,RFN28_05430,3072314,Mesorhizobium album,Mesorhizobium album,False,IPR027790,family,,393,8,391,CONTINUOUS
A0ABU4YAI4,Methionine adenosyltransferase,404,RFN28_31160,3072314,Mesorhizobium album,Mesorhizobium album,False,IPR027790,family,,404,16,404,CONTINUOUS
A0ABU5H8T3,Methionine adenosyltransferase,416,SYV04_24085,3103134,Hyalangium rubrum,Hyalangium rubrum,False,IPR027790,family,,416,19,411,CONTINUOUS
A0ABU5JNT6,Methionine adenosyltransferase,416,U2F25_33390,2202420,Micromonospora sicca,Micromonospora sicca,False,IPR027790,family,,416,12,401,CONTINUOUS
A0ABU7FNT0,Methionine adenosyltransferase,414,VXC91_27880,766497,Streptomyces chiangmaiensis,Streptomyces chiangmaiensis,False,IPR027790,family,,414,17,138,CONTINUOUS
A0ABU7FNT0,Methionine adenosyltransferase,414,VXC91_27880,766497,Streptomyces chiangmaiensis,Streptomyces chiangmaiensis,False,IPR027790,family,,414,168,411,CONTINUOUS
A0ABU7K0T5,Methionine adenosyltransferase,415,Q8791_00850,3065942,Nocardiopsis codii,Nocardiopsis codii,False,IPR027790,family,,415,14,397,CONTINUOUS
A0ABU8U6X0,Methionine adenosyltransferase,416,WKI68_24070,3134107,Streptomyces caledonius,Streptomyces caledonius,False,IPR027790,family,,416,23,408,CONTINUOUS
A0ABU9KUX1,S-adenosylmethionine synthase,401,mat,3136559,Methanococcoides cohabitans,Methanococcoides cohabitans,False,IPR027790,family,,401,3,400,CONTINUOUS
A0ABV2A0V4,Methionine adenosyltransferase,416,ABUK86_22675,109330,Nocardiopsis tropica,Nocardiopsis tropica,False,IPR027790,family,,416,13,398,CONTINUOUS
A0ABV2TV02,Methionine adenosyltransferase,383,ABXZ32_04805,319238,Sediminicola luteus,Sediminicola luteus,False,IPR027790,family,,383,9,381,CONTINUOUS
A0ABV2V3L2,Methionine adenosyltransferase,396,ABZZ21_28515,249581,Streptomyces ossamyceticus,Streptomyces ossamyceticus,False,IPR027790,family,,396,7,365,CONTINUOUS
A0ABV2V7C3,Methionine adenosyltransferase,416,ABZZ21_35290,249581,Streptomyces ossamyceticus,Streptomyces ossamyceticus,False,IPR027790,family,,416,23,410,CONTINUOUS
A0ABV4F8R3,Methionine adenosyltransferase,404,ABIF29_006164,29448,Bradyrhizobium elkanii,Bradyrhizobium elkanii,False,IPR027790,family,,404,19,404,CONTINUOUS
A0ABV4GC70,Methionine adenosyltransferase,396,ABH992_001670,108015,Bradyrhizobium yuanmingense,Bradyrhizobium yuanmingense,False,IPR027790,family,,396,13,396,CONTINUOUS
A0ABV4ZIL7,Methionine adenosyltransferase,415,ACE11A_06295,285558,Streptomyces carpaticus,Streptomyces carpaticus,False,IPR027790,family,,415,22,410,CONTINUOUS
A0ABV5DTC6,Methionine adenosyltransferase,416,VSQ78_08910,53437,Nocardiopsis alba,Nocardiopsis alba,False,IPR027790,family,,416,3,399,CONTINUOUS
A0ABV5L5Q6,Methionine adenosyltransferase,396,ACFFUA_02215,284032,Streptomyces heliomycini,Streptomyces heliomycini,False,IPR027790,family,,396,7,389,CONTINUOUS
A0ABV5LG20,Methionine adenosyltransferase,415,ACFFUA_27490,284032,Streptomyces heliomycini,Streptomyces heliomycini,False,IPR027790,family,,415,22,410,CONTINUOUS
A0ABV6FPZ9,Methionine adenosyltransferase,390,ACFFIP_04595,654838,Fontibacter flavus,Fontibacter flavus,False,IPR027790,family,,390,17,387,CONTINUOUS
A0ABV6YT73,Methionine adenosyltransferase,395,ACFL27_04155,2855610,candidate division CSSED10-310 bacterium,candidate division CSSED10-310 bacterium,False,IPR027790,family,,395,4,395,CONTINUOUS
A0ABV7ICE8,Methionine adenosyltransferase,207,ACFOHV_21025,1969821,Ciceribacter thiooxidans,Ciceribacter thiooxidans,False,IPR027790,family,,207,13,189,CONTINUOUS
A0ABV8C3I4,Methionine adenosyltransferase,416,ACFOWZ_34125,2041025,Lentzea rhizosphaerae,Lentzea rhizosphaerae,False,IPR027790,family,,416,16,412,CONTINUOUS
A0ABW0DJB6,Methionine adenosyltransferase,396,ACFPWV_02840,285556,Streptomyces atrovirens,Streptomyces atrovirens,False,IPR027790,family,,396,7,382,CONTINUOUS
A0ABW0W9U7,Methionine adenosyltransferase,408,ACFP3J_05680,38314,Streptomyces nogalater,Streptomyces nogalater,False,IPR027790,family,,408,17,356,CONTINUOUS
A0ABW1BE77,S-adenosylmethionine synthetase,396,ACFQGO_29000,945052,Streptomyces heilongjiangensis,Streptomyces heilongjiangensis,False,IPR027790,family,,396,7,388,CONTINUOUS
A0ABW2E549,Methionine adenosyltransferase,414,ACFQMH_22150,68282,Streptomyces viridiviolaceus,Streptomyces viridiviolaceus,False,IPR027790,family,,414,16,138,CONTINUOUS
A0ABW2E549,Methionine adenosyltransferase,414,ACFQMH_22150,68282,Streptomyces viridiviolaceus,Streptomyces viridiviolaceus,False,IPR027790,family,,414,168,412,CONTINUOUS
A0ABW2JSB4,S-adenosylmethionine synthetase,396,ACFQVC_28995,2666263,Streptomyces monticola,Streptomyces monticola,False,IPR027790,family,,396,9,362,CONTINUOUS
A0ABW2TA20,Methionine adenosyltransferase,405,ACFQVD_36235,698418,Streptosporangium amethystogenes subsp. fukuiense,Streptosporangium amethystogenes subsp. fukuiense,False,IPR027790,family,,405,14,378,CONTINUOUS
A0ABW2VY43,Methionine adenosyltransferase,414,ACFQZP_40270,2665721,Streptomyces lutosisoli,Streptomyces lutosisoli,False,IPR027790,family,,414,17,138,CONTINUOUS
A0ABW2VY43,Methionine adenosyltransferase,414,ACFQZP_40270,2665721,Streptomyces lutosisoli,Streptomyces lutosisoli,False,IPR027790,family,,414,169,412,CONTINUOUS
A0ABW3XQV3,Methionine adenosyltransferase,414,ACFQ5X_37940,333725,Streptomyces kaempferi,Streptomyces kaempferi,False,IPR027790,family,,414,17,138,CONTINUOUS
A0ABW3XQV3,Methionine adenosyltransferase,414,ACFQ5X_37940,333725,Streptomyces kaempferi,Streptomyces kaempferi,False,IPR027790,family,,414,169,411,CONTINUOUS
A0ABW5AR87,Methionine adenosyltransferase,393,ACFSJT_00330,1964542,Aquimarina celericrescens,Aquimarina celericrescens,False,IPR027790,family,,393,9,385,CONTINUOUS
A0ABW5B4K8,Methionine adenosyltransferase,376,ACFSKV_03005,872115,Shivajiella indica,Shivajiella indica,False,IPR027790,family,,376,1,367,CONTINUOUS
A0ABW6UG68,Methionine adenosyltransferase,439,ACFY1D_13370,33897,Streptomyces bluensis,Streptomyces bluensis,False,IPR027790,family,,439,48,433,CONTINUOUS
A0ABW6VLE7,Methionine adenosyltransferase,416,ACFY05_39730,1997,Microtetraspora fusca,Microtetraspora fusca,False,IPR027790,family,,416,22,411,CONTINUOUS
A0ABW7BIL0,S-adenosylmethionine synthetase,396,ACGFZB_35530,66422,Streptomyces cinerochromogenes,Streptomyces cinerochromogenes,False,IPR027790,family,,396,8,371,CONTINUOUS
A0ABW7US66,Methionine adenosyltransferase,410,ACH429_14575,1650571,Streptomyces pathocidini,Streptomyces pathocidini,False,IPR027790,family,,410,16,377,CONTINUOUS
A0ABW7VIB9,Methionine adenosyltransferase,408,ACH49L_36550,1921,Streptomyces olivaceoviridis,Streptomyces olivaceoviridis,False,IPR027790,family,,408,16,361,CONTINUOUS
A0ABX0PIA4,Methionine adenosyltransferase,392,HAV22_21280,2717319,Telluria antibiotica,Telluria antibiotica,False,IPR027790,family,,392,6,392,CONTINUOUS
A0ABX0ZHF0,Methionine adenosyltransferase,416,HCN08_07505,2053013,Actinacidiphila epipremni,Actinacidiphila epipremni,False,IPR027790,family,,416,24,411,CONTINUOUS
A0ABX1A617,Methionine adenosyltransferase,416,HCJ93_12510,2720025,Streptomyces composti,Streptomyces composti,False,IPR027790,family,,416,22,410,CONTINUOUS
A0ABX1FSH9,S-adenosylmethionine synthetase,416,FXN61_34980,2604800,Lentzea indica,Lentzea indica,False,IPR027790,family,,416,16,412,CONTINUOUS
A0ABX6EMN8,Uncharacterized protein,98,F7D13_16995,173366,Methylocystis rosea,Methylocystis rosea,False,IPR027790,family,,98,2,89,CONTINUOUS
A0ABX7Q476,Methionine adenosyltransferase,400,JZM60_01005,2815309,Geobacter benzoatilyticus,Geobacter benzoatilyticus,False,IPR027790,family,,400,2,400,CONTINUOUS
A0ABX8JBC4,Methionine adenosyltransferase,401,KP004_04120,2847992,Geomonas oryzisoli,Geomonas oryzisoli,False,IPR027790,family,,401,2,401,CONTINUOUS
A0ABX8JJ22,Methionine adenosyltransferase,401,KP005_03555,2843197,Geomonas diazotrophica,Geomonas diazotrophica,False,IPR027790,family,,401,2,401,CONTINUOUS
A0ABX8LCK7,Methionine adenosyltransferase,401,KP001_11285,2847989,Geomonas subterranea,Geomonas subterranea,False,IPR027790,family,,401,2,401,CONTINUOUS
A0ABX9SJ72,Methionine adenosyltransferase,399,BDD30_3800,291112,Photorhabdus asymbiotica,Photorhabdus asymbiotica,False,IPR027790,family,,399,7,398,CONTINUOUS
A0ABY1NCZ8,Methionine adenosyltransferase,398,SAMN06265339_0406,240166,Desulfurobacterium pacificum,Desulfurobacterium pacificum,False,IPR027790,family,,398,2,398,CONTINUOUS
A0ABY1VDL5,Methionine adenosyltransferase,394,mat,1040979,Cupriavidus neocaledonicus,Cupriavidus neocaledonicus,False,IPR027790,family,,394,19,394,CONTINUOUS
A0ABY4LAP4,S-adenosylmethionine synthetase,401,M1B72_16605,2740185,Geomonas paludis,Geomonas paludis,False,IPR027790,family,,401,2,401,CONTINUOUS
A0ABY4Z0J5,Methionine adenosyltransferase,416,NFX46_01560,114686,Streptomyces phaeoluteigriseus,Streptomyces phaeoluteigriseus,False,IPR027790,family,,416,23,411,CONTINUOUS
A0ABY5DEK2,Methionine adenosyltransferase,416,NE857_14825,163604,Nocardiopsis exhalans,Nocardiopsis exhalans,False,IPR027790,family,,416,22,411,CONTINUOUS
A0ABY5RC15,S-adenosylmethionine synthase,406,mat,302484,Haloferax larsenii,Haloferax larsenii,False,IPR027790,family,,406,4,406,CONTINUOUS
A0ABY5ZI94,Methionine adenosyltransferase,402,L9S41_12130,2847045,Geoalkalibacter halelectricus,Geoalkalibacter halelectricus,False,IPR027790,family,,402,2,396,CONTINUOUS
A0ABY6B944,Methionine adenosyltransferase,395,N4264_15010,2976241,Tahibacter amnicola,Tahibacter amnicola,False,IPR027790,family,,395,16,395,CONTINUOUS
A0ABY6HTQ9,Methionine adenosyltransferase,408,NEF87_002542,2951803,Candidatus Lokiarchaeum ossiferum,Candidatus Lokiarchaeum ossiferum,False,IPR027790,family,,408,2,408,CONTINUOUS
A0ABY6QY82,Methionine adenosyltransferase,416,LDH80_19430,67367,Streptomyces tanashiensis,Streptomyces tanashiensis,False,IPR027790,family,,416,25,410,CONTINUOUS
A0ABY6YGA6,Methionine adenosyltransferase,415,OUQ99_18740,1323731,Streptomonospora nanhaiensis,Streptomonospora nanhaiensis,False,IPR027790,family,,415,12,396,CONTINUOUS
A0ABY8AF41,Methionine adenosyltransferase,416,MOV08_33005,156453,Streptomyces yunnanensis,Streptomyces yunnanensis,False,IPR027790,family,,416,23,411,CONTINUOUS
A0ABY9RVX5,Methionine adenosyltransferase,416,RGF97_17790,2508722,Streptomyces roseicoloratus,Streptomyces roseicoloratus,False,IPR027790,family,,416,25,410,CONTINUOUS
A0ABZ1HVG1,Methionine adenosyltransferase,414,OHB35_52910,1923,Streptomyces phaeochromogenes,Streptomyces phaeochromogenes,False,IPR027790,family,,414,17,138,CONTINUOUS
A0ABZ1HVG1,Methionine adenosyltransferase,414,OHB35_52910,1923,Streptomyces phaeochromogenes,Streptomyces phaeochromogenes,False,IPR027790,family,,414,169,412,CONTINUOUS
A0ABZ1U253,Methionine adenosyltransferase,416,OHA16_21265,67352,Kitasatospora purpeofusca,Kitasatospora purpeofusca,False,IPR027790,family,,416,26,395,CONTINUOUS
A0ABZ1Z9G6,S-adenosylmethionine synthetase,396,OG367_02150,1892,Streptomyces anulatus,Streptomyces anulatus,False,IPR027790,family,,396,9,362,CONTINUOUS
A0ABZ3H486,S-adenosylmethionine synthase,399,mat,565033,Geoglobus acetivorans,Geoglobus acetivorans,False,IPR027790,family,,399,1,399,CONTINUOUS
A0ACA8R4I0,S-adenosylmethionine synthase,401,mat,39441,Methanobrevibacter arboriphilus,Methanobrevibacter arboriphilus,False,IPR027790,family,,401,1,400,CONTINUOUS
A0ACC5MC06,S-adenosylmethionine synthetase,100,FHR69_002058,198618,Pseudomonas umsongensis,Pseudomonas umsongensis,False,IPR027790,family,,100,17,80,CONTINUOUS
A0ACC6VMI6,S-adenosylmethionine synthase,400,mat,932660,Haloarcula sebkhae,Haloarcula sebkhae,False,IPR027790,family,,400,4,400,CONTINUOUS
A0ACC7E4T8,Methionine adenosyltransferase,401,ACFQKC_17160,869890,Halovenus rubra,Halovenus rubra,False,IPR027790,family,,401,4,401,CONTINUOUS
A0ACE0B9B0,Archaeal S-adenosylmethionine synthetase,408,SGPA1_12110,1306177,Streptomyces misionensis JCM 4497,Streptomyces misionensis JCM 4497,False,IPR027790,family,,408,17,360,CONTINUOUS
A0ACG2J6H7,Methionine adenosyltransferase,164,PY365_27150,3032367,Terripilifer ovatus,Terripilifer ovatus,False,IPR027790,family,,164,33,164,CONTINUOUS
A0ACG3MM29,Uncharacterized protein,412,LZ318_30970,1229659,Saccharopolyspora indica,Saccharopolyspora indica,False,IPR027790,family,,412,12,367,CONTINUOUS
A0ACG4Z2Y6,Methionine adenosyltransferase,394,PO002_41470,106590,Cupriavidus necator,Cupriavidus necator (Alcaligenes eutrophus),False,IPR027790,family,,394,4,394,CONTINUOUS
A0ACH3G075,Methionine adenosyltransferase,405,ACHZGO_35985,1967,Streptomyces kanamyceticus,Streptomyces kanamyceticus,False,IPR027790,family,,405,15,401,CONTINUOUS
A0ACH3MME5,Methionine adenosyltransferase,400,ACJ77P_12030,43774,Syntrophus buswellii,Syntrophus buswellii,False,IPR027790,family,,400,2,400,CONTINUOUS
A0ACH3NI54,Methionine adenosyltransferase,401,ACA135_08005,120963,Methanobrevibacter acididurans,Methanobrevibacter acididurans,False,IPR027790,family,,401,1,400,CONTINUOUS
A0ACH3WF95,Methionine adenosyltransferase,398,RSJ42_16970,3078083,Methanosarcina hadiensis,Methanosarcina hadiensis,False,IPR027790,family,,398,3,398,CONTINUOUS
A0ACH3WGV1,Methionine adenosyltransferase,410,RSJ42_01480,3078083,Methanosarcina hadiensis,Methanosarcina hadiensis,False,IPR027790,family,,410,1,410,CONTINUOUS
A0ACH4H7U7,Methionine adenosyltransferase,401,ACMC9J_05160,2911853,Methanobrevibacter intestini,Methanobrevibacter intestini,False,IPR027790,family,,401,1,401,CONTINUOUS
A0B742,S-adenosylmethionine synthase,399,mat,349307,Methanothrix thermoacetophila (strain DSM 6194 / JCM 14653 / NBRC 101360 / PT),Methanothrix thermoacetophila (strain DSM 6194 / JCM 14653 / NBRC 101360 / PT),True,IPR027790,family,,399,3,399,CONTINUOUS
A0B904,Methionine adenosyltransferase,364,Mthe_1403,349307,Methanothrix thermoacetophila (strain DSM 6194 / JCM 14653 / NBRC 101360 / PT),Methanothrix thermoacetophila (strain DSM 6194 / JCM 14653 / NBRC 101360 / PT),True,IPR027790,family,,364,11,364,CONTINUOUS
A1ASW7,Methionine adenosyltransferase,400,Ppro_2839,338966,Pelobacter propionicus (strain DSM 2379 / NBRC 103807 / OttBd1),Pelobacter propionicus (strain DSM 2379 / NBRC 103807 / OttBd1),True,IPR027790,family,,400,2,399,CONTINUOUS
A1BEH2,Methionine adenosyltransferase,404,Cpha266_0746,290317,Chlorobium phaeobacteroides (strain DSM 266 / SMG 266 / 2430),Chlorobium phaeobacteroides (strain DSM 266 / SMG 266 / 2430),True,IPR027790,family,,404,5,404,CONTINUOUS
A1RSD7,S-adenosylmethionine synthase,402,mat,384616,Pyrobaculum islandicum (strain DSM 4184 / JCM 9189 / GEO3),Pyrobaculum islandicum (strain DSM 4184 / JCM 9189 / GEO3),True,IPR027790,family,,402,2,402,CONTINUOUS
A1RY59,Methionine adenosyltransferase,406,Tpen_0737,368408,Thermofilum pendens (strain DSM 2475 / Hrk 5),Thermofilum pendens (strain DSM 2475 / Hrk 5),True,IPR027790,family,,406,4,406,CONTINUOUS
A2BIZ8,S-adenosylmethionine synthase,409,mat,415426,Hyperthermus butylicus (strain DSM 5456 / JCM 9403 / PLM1-5),Hyperthermus butylicus (strain DSM 5456 / JCM 9403 / PLM1-5),True,IPR027790,family,,409,3,409,CONTINUOUS
A2SQQ8,Methionine adenosyltransferase,405,Mlab_0490,410358,Methanocorpusculum labreanum (strain ATCC 43576 / DSM 4855 / Z),Methanocorpusculum labreanum (strain ATCC 43576 / DSM 4855 / Z),True,IPR027790,family,,405,3,405,CONTINUOUS
A3CTS1,Methionine adenosyltransferase,400,Memar_0838,368407,Methanoculleus marisnigri (strain ATCC 35101 / DSM 1498 / JR1),Methanoculleus marisnigri (strain ATCC 35101 / DSM 1498 / JR1),True,IPR027790,family,,400,3,400,CONTINUOUS
A3DP29,S-adenosylmethionine synthase,409,mat,399550,Staphylothermus marinus (strain ATCC 43588 / DSM 3639 / JCM 9404 / F1),Staphylothermus marinus (strain ATCC 43588 / DSM 3639 / JCM 9404 / F1),True,IPR027790,family,,409,4,407,CONTINUOUS
A3MY01,S-adenosylmethionine synthase,402,mat,410359,Pyrobaculum calidifontis (strain DSM 21063 / JCM 11548 / VA1),Pyrobaculum calidifontis (strain DSM 21063 / JCM 11548 / VA1),True,IPR027790,family,,402,2,402,CONTINUOUS
A4G0T1,S-adenosylmethionine synthase,405,mat,402880,Methanococcus maripaludis (strain C5 / ATCC BAA-1333),Methanococcus maripaludis (strain C5 / ATCC BAA-1333),True,IPR027790,family,,405,1,405,CONTINUOUS
A4JV41,Methionine adenosyltransferase,394,Bcep1808_7266,269482,Burkholderia vietnamiensis (strain G4 / LMG 22486),Burkholderia vietnamiensis (strain G4 / LMG 22486),True,IPR027790,family,,394,6,393,CONTINUOUS
A4X407,Methionine adenosyltransferase,408,Strop_1136,369723,Salinispora tropica (strain ATCC BAA-916 / DSM 44818 / JCM 13857 / NBRC 105044 / CNB-440),Salinispora tropica (strain ATCC BAA-916 / DSM 44818 / JCM 13857 / NBRC 105044 / CNB-440),True,IPR027790,family,,408,17,359,CONTINUOUS
A4YDA6,Methionine adenosyltransferase,405,Msed_0231,399549,Metallosphaera sedula (strain ATCC 51363 / DSM 5348 / JCM 9185 / NBRC 15509 / TH2),Metallosphaera sedula (strain ATCC 51363 / DSM 5348 / JCM 9185 / NBRC 15509 / TH2),True,IPR027790,family,,405,1,404,CONTINUOUS
A5GDZ9,Methionine adenosyltransferase,403,Gura_1448,351605,Geotalea uraniireducens (strain Rf4),Geotalea uraniireducens (strain Rf4),True,IPR027790,family,,403,4,403,CONTINUOUS
A5UMW7,S-adenosylmethionine synthase,401,mat,420247,Methanobrevibacter smithii (strain ATCC 35061 / DSM 861 / OCM 144 / PS),Methanobrevibacter smithii (strain ATCC 35061 / DSM 861 / OCM 144 / PS),True,IPR027790,family,,401,1,401,CONTINUOUS
A6UQS6,S-adenosylmethionine synthase,404,mat,406327,Methanococcus vannielii (strain ATCC 35089 / DSM 1224 / JCM 13029 / OCM 148 / SB),Methanococcus vannielii (strain ATCC 35089 / DSM 1224 / JCM 13029 / OCM 148 / SB),True,IPR027790,family,,404,1,404,CONTINUOUS
A6UU75,S-adenosylmethionine synthase,403,mat,419665,Methanococcus aeolicus (strain ATCC BAA-1280 / DSM 17508 / OCM 812 / Nankai-3),Methanococcus aeolicus (strain ATCC BAA-1280 / DSM 17508 / OCM 812 / Nankai-3),True,IPR027790,family,,403,1,403,CONTINUOUS
A6VHQ4,S-adenosylmethionine synthase,405,mat,426368,Methanococcus maripaludis (strain C7 / ATCC BAA-1331),Methanococcus maripaludis (strain C7 / ATCC BAA-1331),True,IPR027790,family,,405,1,405,CONTINUOUS
A7I771,S-adenosylmethionine synthase,400,mat,456442,Methanoregula boonei (strain DSM 21154 / JCM 14090 / 6A8),Methanoregula boonei (strain DSM 21154 / JCM 14090 / 6A8),True,IPR027790,family,,400,3,400,CONTINUOUS
A8A8U0,Methionine adenosyltransferase,401,Igni_0158,453591,Ignicoccus hospitalis (strain KIN4/I / DSM 18386 / JCM 14125),Ignicoccus hospitalis (strain KIN4/I / DSM 18386 / JCM 14125),True,IPR027790,family,,401,1,401,CONTINUOUS
A8MD44,S-adenosylmethionine synthase,408,mat,397948,Caldivirga maquilingensis (strain ATCC 700844 / DSM 13496 / JCM 10307 / IC-167),Caldivirga maquilingensis (strain ATCC 700844 / DSM 13496 / JCM 10307 / IC-167),True,IPR027790,family,,408,3,406,CONTINUOUS
A9A923,S-adenosylmethionine synthase,405,mat,444158,Methanococcus maripaludis (strain C6 / ATCC BAA-1332),Methanococcus maripaludis (strain C6 / ATCC BAA-1332),True,IPR027790,family,,405,1,405,CONTINUOUS
B0R5A8,S-adenosylmethionine synthase,408,mat,478009,Halobacterium salinarum (strain ATCC 29341 / DSM 671 / R1),Halobacterium salinarum (strain ATCC 29341 / DSM 671 / R1),True,IPR027790,family,,408,4,408,CONTINUOUS
B1L7F6,Methionine adenosyltransferase,402,Kcr_0023,374847,Korarchaeum cryptofilum (strain OPF8),Korarchaeum cryptofilum (strain OPF8),True,IPR027790,family,,402,1,402,CONTINUOUS
B1YC36,S-adenosylmethionine synthase,402,mat,444157,Pyrobaculum neutrophilum (strain DSM 2338 / JCM 9278 / NBRC 100436 / V24Sta),Pyrobaculum neutrophilum (strain DSM 2338 / JCM 9278 / NBRC 100436 / V24Sta),True,IPR027790,family,,402,2,402,CONTINUOUS
B3QPS9,Methionine adenosyltransferase,404,Cpar_1534,517417,Chlorobaculum parvum (strain DSM 263 / NCIMB 8327),Chlorobaculum parvum (strain DSM 263 / NCIMB 8327),True,IPR027790,family,,404,5,404,CONTINUOUS
B4RIG8,S-adenosylmethionine synthetase,378,PHZ_p0200,450851,Phenylobacterium zucineum (strain HLK1),Phenylobacterium zucineum (strain HLK1),True,IPR027790,family,,378,1,377,CONTINUOUS
B4S6I1,Methionine adenosyltransferase,460,Paes_0689,290512,Prosthecochloris aestuarii (strain DSM 271 / SK 413),Prosthecochloris aestuarii (strain DSM 271 / SK 413),True,IPR027790,family,,460,61,460,CONTINUOUS
B5EAE2,ATP--methionine S-adenosyltransferase,401,metK-2,404380,Citrifermentans bemidjiense (strain ATCC BAA-1014 / DSM 16622 / JCM 12645 / Bem),Citrifermentans bemidjiense (strain ATCC BAA-1014 / DSM 16622 / JCM 12645 / Bem),True,IPR027790,family,,401,3,400,CONTINUOUS
B5ICM2,S-adenosylmethionine synthase,398,mat,439481,Aciduliprofundum boonei (strain DSM 19572 / T469),Aciduliprofundum boonei (strain DSM 19572 / T469),True,IPR027790,family,,398,3,398,CONTINUOUS
B5YDN0,S-adenosylmethionine synthetase,404,DICTH_0772,309799,Dictyoglomus thermophilum (strain ATCC 35947 / DSM 3960 / H-6-12),Dictyoglomus thermophilum (strain ATCC 35947 / DSM 3960 / H-6-12),True,IPR027790,family,,404,1,404,CONTINUOUS
B6YUL1,S-adenosylmethionine synthase,405,mat,523850,Thermococcus onnurineus (strain NA1),Thermococcus onnurineus (strain NA1),True,IPR027790,family,,405,6,405,CONTINUOUS
B8E174,Methionine adenosyltransferase,404,Dtur_0921,515635,Dictyoglomus turgidum (strain DSM 6724 / Z-1310),Dictyoglomus turgidum (strain DSM 6724 / Z-1310),True,IPR027790,family,,404,1,404,CONTINUOUS
B8GJY0,S-adenosylmethionine synthase,401,mat,521011,Methanosphaerula palustris (strain ATCC BAA-1556 / DSM 19958 / E1-9c),Methanosphaerula palustris (strain ATCC BAA-1556 / DSM 19958 / E1-9c),True,IPR027790,family,,401,4,401,CONTINUOUS
B9LNP4,S-adenosylmethionine synthase,400,mat,416348,Halorubrum lacusprofundi (strain ATCC 49239 / DSM 5036 / JCM 8891 / ACAM 34),Halorubrum lacusprofundi (strain ATCC 49239 / DSM 5036 / JCM 8891 / ACAM 34),True,IPR027790,family,,400,3,400,CONTINUOUS
B9LZE7,ATP--methionine S-adenosyltransferase,399,metK-2,316067,Geotalea daltonii (strain DSM 22248 / JCM 15807 / FRC-32),Geotalea daltonii (strain DSM 22248 / JCM 15807 / FRC-32),True,IPR027790,family,,399,2,399,CONTINUOUS
C0QU25,S-adenosylmethionine synthetase,400,PERMA_0400,123214,Persephonella marina (strain DSM 14350 / EX-H1),Persephonella marina (strain DSM 14350 / EX-H1),True,IPR027790,family,,400,1,398,CONTINUOUS
C1DWT8,S-adenosylmethionine synthetase,400,SULAZ_1612,204536,Sulfurihydrogenibium azorense (strain DSM 15241 / OCM 825 / Az-Fu1),Sulfurihydrogenibium azorense (strain DSM 15241 / OCM 825 / Az-Fu1),True,IPR027790,family,,400,1,398,CONTINUOUS
C3MJ04,S-adenosylmethionine synthase,404,mat,429572,Saccharolobus islandicus (strain L.S.2.15 / Lassen #1),Saccharolobus islandicus (strain L.S.2.15 / Lassen #1),True,IPR027790,family,,404,1,404,CONTINUOUS
C3MYC2,S-adenosylmethionine synthase,404,mat,427317,Saccharolobus islandicus (strain M.14.25 / Kamchatka #1),Saccharolobus islandicus (strain M.14.25 / Kamchatka #1),True,IPR027790,family,,404,1,404,CONTINUOUS
C3MZQ1,S-adenosylmethionine synthase,404,mat,427318,Saccharolobus islandicus (strain M.16.27),Saccharolobus islandicus (strain M.16.27),True,IPR027790,family,,404,1,404,CONTINUOUS
C3N824,S-adenosylmethionine synthase,404,mat,439386,Saccharolobus islandicus (strain Y.G.57.14 / Yellowstone #1),Saccharolobus islandicus (strain Y.G.57.14 / Yellowstone #1),True,IPR027790,family,,404,1,404,CONTINUOUS
C3NF87,S-adenosylmethionine synthase,404,mat,419942,Saccharolobus islandicus (strain Y.N.15.51 / Yellowstone #2),Saccharolobus islandicus (strain Y.N.15.51 / Yellowstone #2),True,IPR027790,family,,404,1,404,CONTINUOUS
C4FKJ0,S-adenosylmethionine synthetase,400,SULYE_1090,432331,Sulfurihydrogenibium yellowstonense SS-5,Sulfurihydrogenibium yellowstonense SS-5,True,IPR027790,family,,400,1,398,CONTINUOUS
C4KIY2,S-adenosylmethionine synthase,404,mat,426118,Saccharolobus islandicus (strain M.16.4 / Kamchatka #3),Saccharolobus islandicus (strain M.16.4 / Kamchatka #3),True,IPR027790,family,,404,1,404,CONTINUOUS
C5A4B7,S-adenosylmethionine synthase,405,mat,593117,Thermococcus gammatolerans (strain DSM 15229 / JCM 11827 / EJ3),Thermococcus gammatolerans (strain DSM 15229 / JCM 11827 / EJ3),True,IPR027790,family,,405,6,405,CONTINUOUS
C6A338,S-adenosylmethionine synthase,407,mat,604354,Thermococcus sibiricus (strain DSM 12597 / MM 739),Thermococcus sibiricus (strain DSM 12597 / MM 739),True,IPR027790,family,,407,8,407,CONTINUOUS
C7BLN8,S-adenosylmethionine synthetase,399,mat,553480,Photorhabdus asymbiotica subsp. asymbiotica (strain ATCC 43949 / 3105-77),Photorhabdus asymbiotica subsp. asymbiotica (strain ATCC 43949 / 3105-77),True,IPR027790,family,,399,7,398,CONTINUOUS
C7DHP5,Methionine adenosyltransferase,400,UNLARM2_0588,425595,Candidatus Micrarchaeum acidiphilum ARMAN-2,Candidatus Micrarchaeum acidiphilum ARMAN-2,True,IPR027790,family,,400,1,400,CONTINUOUS
C7NS93,S-adenosylmethionine synthase,400,mat,519442,Halorhabdus utahensis (strain DSM 12940 / JCM 11049 / AX-2),Halorhabdus utahensis (strain DSM 12940 / JCM 11049 / AX-2),True,IPR027790,family,,400,4,399,CONTINUOUS
C7NXI4,S-adenosylmethionine synthase,400,mat,485914,Halomicrobium mukohataei (strain ATCC 700874 / DSM 12286 / JCM 9738 / NCIMB 13541),Halomicrobium mukohataei (strain ATCC 700874 / DSM 12286 / JCM 9738 / NCIMB 13541),True,IPR027790,family,,400,4,400,CONTINUOUS
C7P6D8,S-adenosylmethionine synthase,406,mat,573064,Methanocaldococcus fervens (strain DSM 4213 / JCM 15782 / AG86),Methanocaldococcus fervens (strain DSM 4213 / JCM 15782 / AG86),True,IPR027790,family,,406,1,406,CONTINUOUS
C9RHZ5,S-adenosylmethionine synthase,410,mat,579137,Methanocaldococcus vulcanius (strain ATCC 700851 / DSM 12094 / M7),Methanocaldococcus vulcanius (strain ATCC 700851 / DSM 12094 / M7),True,IPR027790,family,,410,5,410,CONTINUOUS
D1YW75,S-adenosylmethionine synthetase,370,MCP_0625,304371,Methanocella paludicola (strain DSM 17711 / JCM 13418 / NBRC 101707 / SANAE),Methanocella paludicola (strain DSM 17711 / JCM 13418 / NBRC 101707 / SANAE),True,IPR027790,family,,370,9,369,CONTINUOUS
D2RDA7,S-adenosylmethionine synthase,399,mat,572546,Archaeoglobus profundus (strain DSM 5631 / JCM 9629 / NBRC 100127 / Av18),Archaeoglobus profundus (strain DSM 5631 / JCM 9629 / NBRC 100127 / Av18),True,IPR027790,family,,399,1,399,CONTINUOUS
D2RRJ4,S-adenosylmethionine synthase,401,mat,543526,Haloterrigena turkmenica (strain ATCC 51198 / DSM 5511 / JCM 9101 / NCIMB 13204 / VKM B-1734 / 4k),Haloterrigena turkmenica (strain ATCC 51198 / DSM 5511 / JCM 9101 / NCIMB 13204 / VKM B-1734 / 4k),True,IPR027790,family,,401,4,401,CONTINUOUS
D3DGW8,S-adenosylmethionine synthetase,400,metK2,608538,Hydrogenobacter thermophilus (strain DSM 6534 / IAM 12695 / TK-6),Hydrogenobacter thermophilus (strain DSM 6534 / IAM 12695 / TK-6),True,IPR027790,family,,400,1,399,CONTINUOUS
D3DYQ7,S-adenosylmethionine synthase,402,metK,634498,Methanobrevibacter ruminantium (strain ATCC 35063 / DSM 1093 / JCM 13430 / OCM 146 / M1),Methanobrevibacter ruminantium (strain ATCC 35063 / DSM 1093 / JCM 13430 / OCM 146 / M1),True,IPR027790,family,,402,3,401,CONTINUOUS
D3RXK3,S-adenosylmethionine synthase,399,mat,589924,Ferroglobus placidus (strain DSM 10642 / AEDII12DO),Ferroglobus placidus (strain DSM 10642 / AEDII12DO),True,IPR027790,family,,399,1,399,CONTINUOUS
D3SPC8,Methionine adenosyltransferase,399,Thal_0380,638303,Thermocrinis albus (strain DSM 14484 / JCM 11386 / HI 11/12),Thermocrinis albus (strain DSM 14484 / JCM 11386 / HI 11/12),True,IPR027790,family,,399,2,398,CONTINUOUS
D3STE4,S-adenosylmethionine synthase,401,mat,547559,Natrialba magadii (strain ATCC 43099 / DSM 3394 / CCM 3739 / CIP 104546 / IAM 13178 / JCM 8861 / NBRC 102185 / NCIMB 2190 / MS3),Natrialba magadii (strain ATCC 43099 / DSM 3394 / CCM 3739 / CIP 104546 / IAM 13178 / JCM 8861 / NBRC 102185 / NCIMB 2190 / MS3),True,IPR027790,family,,401,4,401,CONTINUOUS
D4GZ77,S-adenosylmethionine synthase,402,mat,309800,Haloferax volcanii (strain ATCC 29605 / DSM 3757 / JCM 8879 / NBRC 14742 / NCIMB 2012 / VKM B-1768 / DS2),Haloferax volcanii (strain ATCC 29605 / DSM 3757 / JCM 8879 / NBRC 14742 / NCIMB 2012 / VKM B-1768 / DS2),True,IPR027790,family,,402,4,402,CONTINUOUS
D5E7J4,S-adenosylmethionine synthase,399,mat,547558,Methanohalophilus mahii (strain ATCC 35705 / DSM 5219 / SLP),Methanohalophilus mahii (strain ATCC 35705 / DSM 5219 / SLP),True,IPR027790,family,,399,1,398,CONTINUOUS
D5U024,S-adenosylmethionine synthase,410,mat,633148,Thermosphaera aggregans (strain DSM 11486 / M11TL),Thermosphaera aggregans (strain DSM 11486 / M11TL),True,IPR027790,family,,410,3,410,CONTINUOUS
D5VTB4,S-adenosylmethionine synthase,406,mat,573063,Methanocaldococcus infernus (strain DSM 11812 / JCM 15783 / ME),Methanocaldococcus infernus (strain DSM 11812 / JCM 15783 / ME),True,IPR027790,family,,406,3,406,CONTINUOUS
D7D907,S-adenosylmethionine synthase,409,mat,591019,Staphylothermus hellenicus (strain DSM 12710 / JCM 10830 / BK20S6-10-b1 / P8),Staphylothermus hellenicus (strain DSM 12710 / JCM 10830 / BK20S6-10-b1 / P8),True,IPR027790,family,,409,4,407,CONTINUOUS
D7DUV2,S-adenosylmethionine synthase,405,mat,456320,Methanococcus voltae (strain ATCC BAA-1334 / A3),Methanococcus voltae (strain ATCC BAA-1334 / A3),True,IPR027790,family,,405,1,404,CONTINUOUS
D7E7G1,Methionine adenosyltransferase,406,Metev_1021,644295,Methanohalobium evestigatum (strain ATCC BAA-1072 / DSM 3721 / NBRC 107634 / OCM 161 / Z-7303),Methanohalobium evestigatum (strain ATCC BAA-1072 / DSM 3721 / NBRC 107634 / OCM 161 / Z-7303),True,IPR027790,family,,406,1,406,CONTINUOUS
D8J2L2,S-adenosylmethionine synthase,401,mat,795797,Halalkalicoccus jeotgali (strain DSM 18796 / CECT 7217 / JCM 14584 / KCTC 4019 / B3),Halalkalicoccus jeotgali (strain DSM 18796 / CECT 7217 / JCM 14584 / KCTC 4019 / B3),True,IPR027790,family,,401,4,401,CONTINUOUS
D9Q2M8,S-adenosylmethionine synthase,406,mat,666510,Acidilobus saccharovorans (strain DSM 16705 / JCM 18335 / VKM B-2471 / 345-15),Acidilobus saccharovorans (strain DSM 16705 / JCM 18335 / VKM B-2471 / 345-15),True,IPR027790,family,,406,3,406,CONTINUOUS
E0SR01,S-adenosylmethionine synthase,404,mat,583356,Ignisphaera aggregans (strain DSM 17230 / JCM 13409 / AQ1.S1),Ignisphaera aggregans (strain DSM 17230 / JCM 13409 / AQ1.S1),True,IPR027790,family,,404,1,404,CONTINUOUS
E1QSA1,S-adenosylmethionine synthase,411,mat,572478,Vulcanisaeta distributa (strain DSM 14429 / JCM 11212 / NBRC 100878 / IC-017),Vulcanisaeta distributa (strain DSM 14429 / JCM 11212 / NBRC 100878 / IC-017),True,IPR027790,family,,411,5,411,CONTINUOUS
E1RKS4,Methionine adenosyltransferase,400,Mpet_2265,679926,Methanolacinia petrolearia (strain DSM 11571 / OCM 486 / SEBR 4847),Methanolacinia petrolearia (strain DSM 11571 / OCM 486 / SEBR 4847),True,IPR027790,family,,400,3,400,CONTINUOUS
E3GWE4,S-adenosylmethionine synthase,402,mat,523846,Methanothermus fervidus (strain ATCC 43054 / DSM 2088 / JCM 10308 / V24 S),Methanothermus fervidus (strain ATCC 43054 / DSM 2088 / JCM 10308 / V24 S),True,IPR027790,family,,402,1,402,CONTINUOUS
E4NKY8,S-adenosylmethionine synthase,401,mat,469382,Halogeometricum borinquense (strain ATCC 700274 / DSM 11551 / JCM 10706 / KCTC 4070 / PR3),Halogeometricum borinquense (strain ATCC 700274 / DSM 11551 / JCM 10706 / KCTC 4070 / PR3),True,IPR027790,family,,401,4,401,CONTINUOUS
E7QUW4,S-adenosylmethionine synthase,399,mat,797209,Haladaptatus paucihalophilus DX253,Haladaptatus paucihalophilus DX253,True,IPR027790,family,,399,4,399,CONTINUOUS
E8R7L9,Methionine adenosyltransferase,414,Desmu_0195,765177,Desulfurococcus mucosus (strain ATCC 35584 / DSM 2162 / JCM 9187 / O7/1),Desulfurococcus mucosus (strain ATCC 35584 / DSM 2162 / JCM 9187 / O7/1),True,IPR027790,family,,414,7,414,CONTINUOUS
E8T2E7,Methionine adenosyltransferase,398,Theam_1075,648996,Thermovibrio ammonificans (strain DSM 15698 / JCM 12110 / HB-1),Thermovibrio ammonificans (strain DSM 15698 / JCM 12110 / HB-1),True,IPR027790,family,,398,2,398,CONTINUOUS
F0LK10,S-adenosylmethionine synthase,405,mat,391623,Thermococcus barophilus (strain DSM 11836 / MP),Thermococcus barophilus (strain DSM 11836 / MP),True,IPR027790,family,,405,6,405,CONTINUOUS
F0NHY6,S-adenosylmethionine synthase,404,mat,930945,Saccharolobus islandicus (strain REY15A),Saccharolobus islandicus (strain REY15A),True,IPR027790,family,,404,1,404,CONTINUOUS
F0QXD1,S-adenosylmethionine synthase,411,mat,985053,Vulcanisaeta moutnovskia (strain 768-28),Vulcanisaeta moutnovskia (strain 768-28),True,IPR027790,family,,411,5,411,CONTINUOUS
F0S3M2,Methionine adenosyltransferase,398,Dester_0803,868864,Desulfurobacterium thermolithotrophum (strain DSM 11699 / BSA),Desulfurobacterium thermolithotrophum (strain DSM 11699 / BSA),True,IPR027790,family,,398,2,398,CONTINUOUS
F0T7S0,S-adenosylmethionine synthase,401,mat,877455,Methanobacterium lacus (strain AL-21),Methanobacterium lacus (strain AL-21),True,IPR027790,family,,401,1,401,CONTINUOUS
F2KT16,S-adenosylmethionine synthase,397,mat,693661,Archaeoglobus veneficus (strain DSM 11195 / SNP6),Archaeoglobus veneficus (strain DSM 11195 / SNP6),True,IPR027790,family,,397,1,397,CONTINUOUS
F2L3Z3,S-adenosylmethionine synthase,403,mat,999630,Thermoproteus uzoniensis (strain 768-20),Thermoproteus uzoniensis (strain 768-20),True,IPR027790,family,,403,2,403,CONTINUOUS
F4B708,Methionine adenosyltransferase,403,Ahos_0603,933801,Acidianus hospitalis (strain W1),Acidianus hospitalis (strain W1),True,IPR027790,family,,403,1,403,CONTINUOUS
F4C0D6,S-adenosylmethionine synthase,396,mat,990316,Methanothrix soehngenii (strain ATCC 5969 / DSM 3671 / JCM 10134 / NBRC 103675 / OCM 69 / GP-6),Methanothrix soehngenii (strain ATCC 5969 / DSM 3671 / JCM 10134 / NBRC 103675 / OCM 69 / GP-6),True,IPR027790,family,,396,3,396,CONTINUOUS
F4G0Y4,S-adenosylmethionine synthetase,405,Mcup_1841,1006006,Metallosphaera cuprina (strain Ar-4),Metallosphaera cuprina (strain Ar-4),True,IPR027790,family,,405,1,404,CONTINUOUS
F6BEW2,S-adenosylmethionine synthase,406,mat,880724,Methanotorris igneus (strain DSM 5666 / JCM 11834 / Kol 5),Methanotorris igneus (strain DSM 5666 / JCM 11834 / Kol 5),True,IPR027790,family,,406,1,406,CONTINUOUS
F6D5I3,S-adenosylmethionine synthase,402,mat,868131,Methanobacterium paludis (strain DSM 25820 / JCM 18151 / SWAN1),Methanobacterium paludis (strain DSM 25820 / JCM 18151 / SWAN1),True,IPR027790,family,,402,1,402,CONTINUOUS
F7PIM4,S-adenosylmethionine synthase,400,mat,1033806,Halorhabdus tiamatea SARL4B,Halorhabdus tiamatea SARL4B,True,IPR027790,family,,400,4,399,CONTINUOUS
F7XMV4,S-adenosylmethionine synthase,397,mat,679901,Methanosalsum zhilinae (strain DSM 4017 / NBRC 107636 / OCM 62 / WeN5),Methanosalsum zhilinae (strain DSM 4017 / NBRC 107636 / OCM 62 / WeN5),True,IPR027790,family,,397,1,397,CONTINUOUS
F7XPD4,Methionine adenosyltransferase,404,Mzhil_0386,679901,Methanosalsum zhilinae (strain DSM 4017 / NBRC 107636 / OCM 62 / WeN5),Methanosalsum zhilinae (strain DSM 4017 / NBRC 107636 / OCM 62 / WeN5),True,IPR027790,family,,404,1,404,CONTINUOUS
F8AFJ0,S-adenosylmethionine synthase,401,mat,529709,Pyrococcus yayanosii (strain CH1 / JCM 16557),Pyrococcus yayanosii (strain CH1 / JCM 16557),True,IPR027790,family,,401,3,401,CONTINUOUS
F8AKC4,S-adenosylmethionine synthase,404,mat,647113,Methanothermococcus okinawensis (strain DSM 14208 / JCM 11175 / IH1),Methanothermococcus okinawensis (strain DSM 14208 / JCM 11175 / IH1),True,IPR027790,family,,404,1,404,CONTINUOUS
F8D6Q7,S-adenosylmethionine synthase,401,mat,797210,Halopiger xanaduensis (strain DSM 18323 / JCM 14033 / SH-6),Halopiger xanaduensis (strain DSM 18323 / JCM 14033 / SH-6),True,IPR027790,family,,401,4,401,CONTINUOUS
G0EEI2,S-adenosylmethionine synthase,402,mat,694429,Pyrolobus fumarii (strain DSM 11204 / 1A),Pyrolobus fumarii (strain DSM 11204 / 1A),True,IPR027790,family,,402,2,402,CONTINUOUS
G2DFN4,Putative S-adenosylmethionine synthase,322,mat,1048808,endosymbiont of Riftia pachyptila (vent Ph05),endosymbiont of Riftia pachyptila (vent Ph05),True,IPR027790,family,,322,14,320,CONTINUOUS
G2FJ68,S-adenosylmethionine synthase,171,mat,1049564,endosymbiont of Tevnia jerichonana (vent Tica),endosymbiont of Tevnia jerichonana (vent Tica),True,IPR027790,family,,171,2,169,CONTINUOUS
G4RL42,S-adenosylmethionine synthase,403,maT,768679,Thermoproteus tenax (strain ATCC 35583 / DSM 2078 / JCM 9277 / NBRC 100435 / Kra 1),Thermoproteus tenax (strain ATCC 35583 / DSM 2078 / JCM 9277 / NBRC 100435 / Kra 1),True,IPR027790,family,,403,2,403,CONTINUOUS
G5KBK8,Methionine adenosyltransferase,399,STRPS_1730,875093,Streptococcus pseudoporcinus LQ 940-04,Streptococcus pseudoporcinus LQ 940-04,True,IPR027790,family,,399,15,362,CONTINUOUS
G7VB85,S-adenosylmethionine synthase,401,mat,1104324,Pyrobaculum ferrireducens,Pyrobaculum ferrireducens,True,IPR027790,family,,401,2,401,CONTINUOUS
G7WLD7,Methionine adenosyltransferase,396,Mhar_0868,1110509,Methanothrix harundinacea (strain 6Ac),Methanothrix harundinacea (strain 6Ac),True,IPR027790,family,,396,3,396,CONTINUOUS
G7WPS1,Methionine adenosyltransferase,366,Mhar_2077,1110509,Methanothrix harundinacea (strain 6Ac),Methanothrix harundinacea (strain 6Ac),True,IPR027790,family,,366,9,366,CONTINUOUS
H1L158,S-adenosylmethionine synthase,425,mat,647171,Methanotorris formicicus Mc-S-70,Methanotorris formicicus Mc-S-70,True,IPR027790,family,,425,20,425,CONTINUOUS
H1Z4J0,Methionine adenosyltransferase,401,Metlim_2700,937775,Methanoplanus limicola DSM 2279,Methanoplanus limicola DSM 2279,True,IPR027790,family,,401,3,401,CONTINUOUS
H2C6B3,Archaeal S-adenosylmethionine synthetase,405,MetMK1DRAFT_00020900,671065,Metallosphaera yellowstonensis MK1,Metallosphaera yellowstonensis MK1,True,IPR027790,family,,405,1,404,CONTINUOUS
H3ZKT5,S-adenosylmethionine synthase,405,mat,523849,Thermococcus litoralis (strain ATCC 51850 / DSM 5473 / JCM 8560 / NS-C),Thermococcus litoralis (strain ATCC 51850 / DSM 5473 / JCM 8560 / NS-C),True,IPR027790,family,,405,6,405,CONTINUOUS
H6QBR6,S-adenosylmethionine synthase,403,mat,698757,Pyrobaculum oguniense (strain DSM 13380 / JCM 10595 / TE7),Pyrobaculum oguniense (strain DSM 13380 / JCM 10595 / TE7),True,IPR027790,family,,403,2,403,CONTINUOUS
H8I5S7,Methionine adenosyltransferase,370,mat,1041930,Methanocella conradii (strain DSM 24694 / JCM 17849 / CGMCC 1.5162 / HZ254),Methanocella conradii (strain DSM 24694 / JCM 17849 / CGMCC 1.5162 / HZ254),True,IPR027790,family,,370,13,369,CONTINUOUS
H9ZZX7,S-adenosylmethionine synthetase,405,FFONT_0294,1163730,Fervidicoccus fontis (strain DSM 19380 / JCM 18336 / VKM B-2539 / Kam940),Fervidicoccus fontis (strain DSM 19380 / JCM 18336 / VKM B-2539 / Kam940),True,IPR027790,family,,405,3,405,CONTINUOUS
I3IP10,S-adenosylmethionine synthase,393,KSU1_D0146,247490,Candidatus Jettenia caeni,Candidatus Jettenia caeni,True,IPR027790,family,,393,2,390,CONTINUOUS
I3R5D5,S-adenosylmethionine synthase,402,mat,523841,Haloferax mediterranei (strain ATCC 33500 / DSM 1411 / JCM 8866 / NBRC 14739 / NCIMB 2177 / R-4),Haloferax mediterranei (strain ATCC 33500 / DSM 1411 / JCM 8866 / NBRC 14739 / NCIMB 2177 / R-4),True,IPR027790,family,,402,4,402,CONTINUOUS
I3TCF8,S-adenosylmethionine synthase,413,mat,1184251,Thermogladius calderae (strain DSM 22663 / VKM B-2946 / 1633),Thermogladius calderae (strain DSM 22663 / VKM B-2946 / 1633),True,IPR027790,family,,413,6,413,CONTINUOUS
I3XQ13,Methionine adenosyltransferase,412,Desfe_0124,768672,Desulfurococcus amylolyticus DSM 16532,Desulfurococcus amylolyticus DSM 16532,True,IPR027790,family,,412,5,412,CONTINUOUS
I3ZRK7,S-adenosylmethionine synthase,405,mat,163003,Thermococcus cleftensis (strain DSM 27260 / KACC 17922 / CL1),Thermococcus cleftensis (strain DSM 27260 / KACC 17922 / CL1),True,IPR027790,family,,405,6,405,CONTINUOUS
I7LJB4,S-adenosylmethionine synthetase,400,mat,1201294,Methanoculleus bourgensis (strain ATCC 43281 / DSM 3045 / OCM 15 / MS2),Methanoculleus bourgensis (strain ATCC 43281 / DSM 3045 / OCM 15 / MS2),True,IPR027790,family,,400,3,400,CONTINUOUS
J1AQ52,S-adenosylmethionine synthetase (MAT),401,Metli_1111,28892,Methanofollis liminatans DSM 4140,Methanofollis liminatans DSM 4140,True,IPR027790,family,,401,3,400,CONTINUOUS
K1LDE2,S-adenosylmethionine synthetase,392,B879_03009,1225176,Cecembia lonarensis (strain CCUG 58316 / KCTC 22772 / LW9),Cecembia lonarensis (strain CCUG 58316 / KCTC 22772 / LW9),True,IPR027790,family,,392,14,386,CONTINUOUS
K2R2X0,S-adenosylmethionine synthase,401,mat,1204725,Methanobacterium formicicum (strain DSM 3637 / PP1),Methanobacterium formicicum (strain DSM 3637 / PP1),True,IPR027790,family,,401,1,401,CONTINUOUS
L0ABC0,Archaeal S-adenosylmethionine synthetase,406,Calag_1486,1056495,Caldisphaera lagunensis (strain DSM 15908 / JCM 11604 / ANMR 0165 / IC-154),Caldisphaera lagunensis (strain DSM 15908 / JCM 11604 / ANMR 0165 / IC-154),True,IPR027790,family,,406,3,406,CONTINUOUS
L0ABX2,S-adenosylmethionine synthase,401,mat,797304,Natronobacterium gregoryi (strain ATCC 43098 / DSM 3393 / CCM 3738 / CIP 104747 / IAM 13177 / JCM 8860 / NBRC 102187 / NCIMB 2189 / SP2),Natronobacterium gregoryi (strain ATCC 43098 / DSM 3393 / CCM 3738 / CIP 104747 / IAM 13177 / JCM 8860 / NBRC 102187 / NCIMB 2189 / SP2),True,IPR027790,family,,401,4,401,CONTINUOUS
L0HJ36,S-adenosylmethionine synthase,400,mat,593750,Methanoregula formicica (strain DSM 22288 / NBRC 105244 / SMSP),Methanoregula formicica (strain DSM 22288 / NBRC 105244 / SMSP),True,IPR027790,family,,400,3,400,CONTINUOUS
L0IB31,S-adenosylmethionine synthase,401,mat,797302,Halovivax ruber (strain DSM 18193 / JCM 13892 / XH-70),Halovivax ruber (strain DSM 18193 / JCM 13892 / XH-70),True,IPR027790,family,,401,4,401,CONTINUOUS
L0JNX6,S-adenosylmethionine synthase,401,mat,797303,Natrinema pellirubrum (strain DSM 15624 / CIP 106293 / JCM 10476 / NCIMB 786 / 157),Natrinema pellirubrum (strain DSM 15624 / CIP 106293 / JCM 10476 / NCIMB 786 / 157),True,IPR027790,family,,401,4,401,CONTINUOUS
L0JWI4,S-adenosylmethionine synthase,401,mat,694430,Natronococcus occultus SP4,Natronococcus occultus SP4,True,IPR027790,family,,401,4,401,CONTINUOUS
L0KWF0,S-adenosylmethionine synthase,398,mat,867904,Methanomethylovorans hollandica (strain DSM 15978 / NBRC 107637 / DMS1),Methanomethylovorans hollandica (strain DSM 15978 / NBRC 107637 / DMS1),True,IPR027790,family,,398,3,397,CONTINUOUS
L9VMN3,S-adenosylmethionine synthase,401,mat,1114856,Natronorubrum tibetense GA33,Natronorubrum tibetense GA33,True,IPR027790,family,,401,4,401,CONTINUOUS
L9W250,S-adenosylmethionine synthase,401,mat,1230460,Natronorubrum sulfidifaciens JCM 14089,Natronorubrum sulfidifaciens JCM 14089,True,IPR027790,family,,401,4,401,CONTINUOUS
L9WJR7,S-adenosylmethionine synthase,401,mat,1227500,Natronorubrum bangense JCM 10635,Natronorubrum bangense JCM 10635,True,IPR027790,family,,401,4,401,CONTINUOUS
L9WYB8,S-adenosylmethionine synthase,406,mat,1227498,Natronococcus jeotgali DSM 18795,Natronococcus jeotgali DSM 18795,True,IPR027790,family,,406,4,406,CONTINUOUS
L9X8E5,S-adenosylmethionine synthase,401,mat,1227497,Natronococcus amylolyticus DSM 10524,Natronococcus amylolyticus DSM 10524,True,IPR027790,family,,401,4,401,CONTINUOUS
L9XM71,S-adenosylmethionine synthase,401,mat,1227499,Natronolimnohabitans innermongolicus JCM 12255,Natronolimnohabitans innermongolicus JCM 12255,True,IPR027790,family,,401,4,401,CONTINUOUS
L9Y767,S-adenosylmethionine synthase,401,mat,1227496,Natrinema versiforme JCM 10478,Natrinema versiforme JCM 10478,True,IPR027790,family,,401,4,401,CONTINUOUS
L9YPE5,S-adenosylmethionine synthase,401,mat,1230459,Natrinema gari JCM 14663,Natrinema gari JCM 14663,True,IPR027790,family,,401,4,401,CONTINUOUS
L9ZJ46,S-adenosylmethionine synthase,401,mat,1230458,Natrialba taiwanensis DSM 12281,Natrialba taiwanensis DSM 12281,True,IPR027790,family,,401,4,401,CONTINUOUS
L9ZMN6,S-adenosylmethionine synthase,401,mat,1227493,Natrialba hulunbeirensis JCM 10989,Natrialba hulunbeirensis JCM 10989,True,IPR027790,family,,401,4,401,CONTINUOUS
L9ZUQ0,S-adenosylmethionine synthase,401,mat,1227494,Natrinema altunense (strain JCM 12890 / CGMCC 1.3731 / AJ2),Natrinema altunense (strain JCM 12890 / CGMCC 1.3731 / AJ2),True,IPR027790,family,,401,4,401,CONTINUOUS
M0ALA9,S-adenosylmethionine synthase,401,mat,1227492,Natrialba chahannaoensis JCM 10990,Natrialba chahannaoensis JCM 10990,True,IPR027790,family,,401,4,401,CONTINUOUS
M0AQH8,S-adenosylmethionine synthase,401,mat,29540,Natrialba asiatica (strain ATCC 700177 / DSM 12278 / JCM 9576 / FERM P-10747 / NBRC 102637 / 172P1),Natrialba asiatica (strain ATCC 700177 / DSM 12278 / JCM 9576 / FERM P-10747 / NBRC 102637 / 172P1),True,IPR027790,family,,401,4,401,CONTINUOUS
M0BHL0,S-adenosylmethionine synthase,401,mat,1227491,Natrialba aegyptia DSM 13077,Natrialba aegyptia DSM 13077,True,IPR027790,family,,401,4,401,CONTINUOUS
M0BRC4,S-adenosylmethionine synthase,401,mat,1227490,Halovivax asiaticus JCM 14624,Halovivax asiaticus JCM 14624,True,IPR027790,family,,401,4,401,CONTINUOUS
M0C1L4,S-adenosylmethionine synthase,401,mat,1227488,Haloterrigena salina JCM 13891,Haloterrigena salina JCM 13891,True,IPR027790,family,,401,4,401,CONTINUOUS
M0CGB0,S-adenosylmethionine synthetase,386,C476_09518,1230457,Natrinema limicola JCM 13563,Natrinema limicola JCM 13563,True,IPR027790,family,,386,5,385,CONTINUOUS
M0CL61,S-adenosylmethionine synthase,401,mat,1230457,Natrinema limicola JCM 13563,Natrinema limicola JCM 13563,True,IPR027790,family,,401,4,401,CONTINUOUS
M0CP58,S-adenosylmethionine synthase,400,mat,797114,Halosimplex carlsbadense 2-9-1,Halosimplex carlsbadense 2-9-1,True,IPR027790,family,,400,4,400,CONTINUOUS
M0DK00,S-adenosylmethionine synthase,401,mat,1227487,Halogeometricum pallidum JCM 14848,Halogeometricum pallidum JCM 14848,True,IPR027790,family,,401,4,401,CONTINUOUS
M0DLF1,S-adenosylmethionine synthase,400,mat,1227485,Halorubrum tebenquichense DSM 14210,Halorubrum tebenquichense DSM 14210,True,IPR027790,family,,400,3,400,CONTINUOUS
M0E957,S-adenosylmethionine synthase,400,mat,1227484,Halorubrum saccharovorum DSM 1137,Halorubrum saccharovorum DSM 1137,True,IPR027790,family,,400,3,400,CONTINUOUS
M0EE00,S-adenosylmethionine synthase,400,mat,1227465,Halorubrum californiense DSM 19288,Halorubrum californiense DSM 19288,True,IPR027790,family,,400,3,400,CONTINUOUS
M0EI09,S-adenosylmethionine synthase,400,mat,1227466,Halorubrum coriense DSM 10284,Halorubrum coriense DSM 10284,True,IPR027790,family,,400,3,400,CONTINUOUS
M0EXX6,S-adenosylmethionine synthase,400,mat,1227467,Halorubrum distributum JCM 9100,Halorubrum distributum JCM 9100,True,IPR027790,family,,400,3,400,CONTINUOUS
M0FQJ6,S-adenosylmethionine synthase,400,mat,1227481,Halorubrum hochstenium ATCC 700873,Halorubrum hochstenium ATCC 700873,True,IPR027790,family,,400,3,400,CONTINUOUS
M0GG18,S-adenosylmethionine synthase,402,mat,1227461,Haloferax prahovense (strain DSM 18310 / JCM 13924 / TL6),Haloferax prahovense (strain DSM 18310 / JCM 13924 / TL6),True,IPR027790,family,,402,4,402,CONTINUOUS
M0H3M1,S-adenosylmethionine synthase,402,mat,1227459,Haloferax gibbonsii (strain ATCC 33959 / DSM 4427 / JCM 8863 / NBRC 102184 / NCIMB 2188 / Ma 2.38),Haloferax gibbonsii (strain ATCC 33959 / DSM 4427 / JCM 8863 / NBRC 102184 / NCIMB 2188 / Ma 2.38),True,IPR027790,family,,402,4,402,CONTINUOUS
M0HKQ5,S-adenosylmethionine synthase,406,mat,1230453,Haloferax elongans ATCC BAA-1513,Haloferax elongans ATCC BAA-1513,True,IPR027790,family,,406,4,406,CONTINUOUS
M0IIZ4,S-adenosylmethionine synthase,402,mat,662480,Haloferax sulfurifontis ATCC BAA-897,Haloferax sulfurifontis ATCC BAA-897,True,IPR027790,family,,402,4,402,CONTINUOUS
M0ITF5,S-adenosylmethionine synthase,402,mat,662479,Haloferax mucosum ATCC BAA-1512,Haloferax mucosum ATCC BAA-1512,True,IPR027790,family,,402,4,402,CONTINUOUS
M0J0G3,S-adenosylmethionine synthase,402,mat,662478,Haloferax denitrificans ATCC 35960,Haloferax denitrificans ATCC 35960,True,IPR027790,family,,402,4,402,CONTINUOUS
M0JRI9,S-adenosylmethionine synthase,400,mat,662477,Haloarcula vallismortis ATCC 29715,Haloarcula vallismortis ATCC 29715,True,IPR027790,family,,400,4,400,CONTINUOUS
M0KNU8,S-adenosylmethionine synthase,400,mat,1227452,Haloarcula amylolytica JCM 13557,Haloarcula amylolytica JCM 13557,True,IPR027790,family,,400,4,400,CONTINUOUS
M0LBW2,S-adenosylmethionine synthase,400,mat,1227453,Haloarcula japonica (strain ATCC 49778 / DSM 6131 / JCM 7785 / NBRC 101032 / NCIMB 13157 / TR-1),Haloarcula japonica (strain ATCC 49778 / DSM 6131 / JCM 7785 / NBRC 101032 / NCIMB 13157 / TR-1),True,IPR027790,family,,400,4,400,CONTINUOUS
M0LCC0,S-adenosylmethionine synthase,401,mat,358396,Natronobacterium lacisalsi AJ5,Natronobacterium lacisalsi AJ5,True,IPR027790,family,,401,4,401,CONTINUOUS
M0LZ84,S-adenosylmethionine synthase,399,mat,1132509,Halococcus hamelinensis 100A6,Halococcus hamelinensis 100A6,True,IPR027790,family,,399,4,399,CONTINUOUS
M0M2C4,S-adenosylmethionine synthase,401,mat,1227454,Halobiforma nitratireducens JCM 10879,Halobiforma nitratireducens JCM 10879,True,IPR027790,family,,401,4,401,CONTINUOUS
M0M990,S-adenosylmethionine synthase,399,mat,931277,Halococcus morrhuae DSM 1307,Halococcus morrhuae DSM 1307,True,IPR027790,family,,399,4,399,CONTINUOUS
M0MK35,S-adenosylmethionine synthase,399,mat,1227455,Halococcus saccharolyticus DSM 5350,Halococcus saccharolyticus DSM 5350,True,IPR027790,family,,399,4,399,CONTINUOUS
M0MZU7,S-adenosylmethionine synthase,399,mat,1227457,Halococcus thailandensis JCM 13552,Halococcus thailandensis JCM 13552,True,IPR027790,family,,399,4,399,CONTINUOUS
M0NED7,S-adenosylmethionine synthase,399,mat,1227456,Halococcus salifodinae DSM 8989,Halococcus salifodinae DSM 8989,True,IPR027790,family,,399,4,399,CONTINUOUS
M0NLE9,S-adenosylmethionine synthase,400,mat,1230456,Halorubrum kocurii JCM 14978,Halorubrum kocurii JCM 14978,True,IPR027790,family,,400,3,400,CONTINUOUS
M0P1U9,S-adenosylmethionine synthase,400,mat,1227482,Halorubrum lipolyticum DSM 21995,Halorubrum lipolyticum DSM 21995,True,IPR027790,family,,400,3,400,CONTINUOUS
M0PDT9,S-adenosylmethionine synthase,400,mat,1230454,Halorubrum aidingense JCM 13560,Halorubrum aidingense JCM 13560,True,IPR027790,family,,400,3,400,CONTINUOUS
M1XNP6,S-adenosylmethionine synthase,401,mat,268739,Natronomonas moolapensis (strain DSM 18674 / CECT 7526 / JCM 14361 / 8.8.11),Natronomonas moolapensis (strain DSM 18674 / CECT 7526 / JCM 14361 / 8.8.11),True,IPR027790,family,,401,4,401,CONTINUOUS
M7Y8C2,Archaeal S-adenosylmethionine synthetase,386,C943_04299,1239962,Mariniradius saccharolyticus AK6,Mariniradius saccharolyticus AK6,True,IPR027790,family,,386,16,382,CONTINUOUS
M9SG77,Archaeal S-adenosylmethionine synthetase,411,MMALV_04710,1236689,Methanomethylophilus alvi (strain Mx1201),Methanomethylophilus alvi (strain Mx1201),True,IPR027790,family,,411,5,411,CONTINUOUS
N0BIE8,S-adenosylmethionine synthase,398,mat,387631,Archaeoglobus sulfaticallidus PM70-1,Archaeoglobus sulfaticallidus PM70-1,True,IPR027790,family,,398,1,398,CONTINUOUS
N6VYR0,S-adenosylmethionine synthase,406,mat,1069083,Methanocaldococcus villosus KIN24-T80,Methanocaldococcus villosus KIN24-T80,True,IPR027790,family,,406,1,406,CONTINUOUS
O27429,S-adenosylmethionine synthase,401,mat,187420,Methanothermobacter thermautotrophicus (strain ATCC 29096 / DSM 1053 / JCM 10044 / NBRC 100330 / Delta H),Methanothermobacter thermautotrophicus (strain ATCC 29096 / DSM 1053 / JCM 10044 / NBRC 100330 / Delta H),True,IPR027790,family,,401,1,400,CONTINUOUS
O30186,S-adenosylmethionine synthase,399,mat,224325,Archaeoglobus fulgidus (strain ATCC 49558 / DSM 4304 / JCM 9628 / NBRC 100126 / VC-16),Archaeoglobus fulgidus (strain ATCC 49558 / DSM 4304 / JCM 9628 / NBRC 100126 / VC-16),True,IPR027790,family,,399,1,399,CONTINUOUS
O59488,S-adenosylmethionine synthase,401,mat,70601,Pyrococcus horikoshii (strain ATCC 700860 / DSM 12428 / JCM 9974 / NBRC 100139 / OT-3),Pyrococcus horikoshii (strain ATCC 700860 / DSM 12428 / JCM 9974 / NBRC 100139 / OT-3),True,IPR027790,family,,401,3,401,CONTINUOUS
O67275,Probable S-adenosylmethionine synthase,400,mat,224324,Aquifex aeolicus (strain VF5),Aquifex aeolicus (strain VF5),True,IPR027790,family,,400,1,399,CONTINUOUS
P0CW62,S-adenosylmethionine synthase,405,mat,39152,Methanococcus maripaludis,Methanococcus maripaludis,True,IPR027790,family,,405,1,405,CONTINUOUS
P0CW63,S-adenosylmethionine synthase,405,mat,267377,Methanococcus maripaludis (strain DSM 14266 / JCM 13030 / NBRC 101832 / S2 / LL),Methanococcus maripaludis (strain DSM 14266 / JCM 13030 / NBRC 101832 / S2 / LL),True,IPR027790,family,,405,1,405,CONTINUOUS
P0DF56,Uncharacterized protein SpyM3_0382,399,SpyM3_0382,198466,Streptococcus pyogenes serotype M3 (strain ATCC BAA-595 / MGAS315),Streptococcus pyogenes serotype M3 (strain ATCC BAA-595 / MGAS315),True,IPR027790,family,,399,16,388,CONTINUOUS
P0DF57,Uncharacterized protein SPs1471,399,SPs1471,193567,Streptococcus pyogenes serotype M3 (strain SSI-1),Streptococcus pyogenes serotype M3 (strain SSI-1),True,IPR027790,family,,399,16,388,CONTINUOUS
P26498,S-adenosylmethionine synthase,401,mat,79929,Methanothermobacter marburgensis (strain ATCC BAA-927 / DSM 2133 / JCM 14651 / NBRC 100331 / OCM 82 / Marburg),Methanothermobacter marburgensis (strain ATCC BAA-927 / DSM 2133 / JCM 14651 / NBRC 100331 / OCM 82 / Marburg),True,IPR027790,family,,401,1,400,CONTINUOUS
P66768,Uncharacterized protein SPy_0538/M5005_Spy0445,399,metK1,301447,Streptococcus pyogenes serotype M1,Streptococcus pyogenes serotype M1,True,IPR027790,family,,399,16,388,CONTINUOUS
P66770,Uncharacterized protein spyM18_0604,399,spyM18_0604,186103,Streptococcus pyogenes serotype M18 (strain MGAS8232),Streptococcus pyogenes serotype M18 (strain MGAS8232),True,IPR027790,family,,399,16,388,CONTINUOUS
Q0KA95,S-Adenosylmethionine synthetase,394,metK2,381666,Cupriavidus necator (strain ATCC 17699 / DSM 428 / KCTC 22496 / NCIMB 10442 / H16 / Stanier 337),Cupriavidus necator (strain ATCC 17699 / DSM 428 / KCTC 22496 / NCIMB 10442 / H16 / Stanier 337),True,IPR027790,family,,394,4,394,CONTINUOUS
Q0W2M3,Archaeal S-adenosylmethionine synthetase,371,mat,351160,Methanocella arvoryzae (strain DSM 22066 / NBRC 105507 / MRE50),Methanocella arvoryzae (strain DSM 22066 / NBRC 105507 / MRE50),True,IPR027790,family,,371,10,370,CONTINUOUS
Q0YRH3,Methionine adenosyltransferase,404,CferDRAFT_0862,377431,Chlorobium ferrooxidans DSM 13031,Chlorobium ferrooxidans DSM 13031,True,IPR027790,family,,404,5,404,CONTINUOUS
Q12WC8,S-adenosylmethionine synthase,401,mat,259564,Methanococcoides burtonii (strain DSM 6242 / NBRC 107633 / OCM 468 / ACE-M),Methanococcoides burtonii (strain DSM 6242 / NBRC 107633 / OCM 468 / ACE-M),True,IPR027790,family,,401,3,400,CONTINUOUS
Q18H49,S-adenosylmethionine synthase,401,mat,362976,Haloquadratum walsbyi (strain DSM 16790 / HBSQ001),Haloquadratum walsbyi (strain DSM 16790 / HBSQ001),True,IPR027790,family,,401,4,401,CONTINUOUS
Q2FN14,S-adenosylmethionine synthase,400,mat,323259,Methanospirillum hungatei JF-1 (strain ATCC 27890 / DSM 864 / NBRC 100397 / JF-1),Methanospirillum hungatei JF-1 (strain ATCC 27890 / DSM 864 / NBRC 100397 / JF-1),True,IPR027790,family,,400,3,400,CONTINUOUS
Q2LQ00,S-adenosylmethionine synthetase,425,SYN_00253,56780,Syntrophus aciditrophicus (strain SB),Syntrophus aciditrophicus (strain SB),True,IPR027790,family,,425,26,425,CONTINUOUS
Q2NEB3,S-adenosylmethionine synthase,407,mat,339860,Methanosphaera stadtmanae (strain ATCC 43021 / DSM 3091 / JCM 11832 / MCB-3),Methanosphaera stadtmanae (strain ATCC 43021 / DSM 3091 / JCM 11832 / MCB-3),True,IPR027790,family,,407,1,406,CONTINUOUS
Q39SK6,ATP--methionine S-adenosyltransferase,400,metK-2,269799,Geobacter metallireducens (strain ATCC 53774 / DSM 7210 / GS-15),Geobacter metallireducens (strain ATCC 53774 / DSM 7210 / GS-15),True,IPR027790,family,,400,2,400,CONTINUOUS
Q3A845,ATP--methionine S-adenosyltransferase,400,metK-2,338963,Syntrophotalea carbinolica (strain DSM 2380 / NBRC 103641 / GraBd1),Syntrophotalea carbinolica (strain DSM 2380 / NBRC 103641 / GraBd1),True,IPR027790,family,,400,2,400,CONTINUOUS
Q3B5E6,Methionine adenosyltransferase,404,Plut_0551,319225,Chlorobium luteolum (strain DSM 273 / BCRC 81028 / 2530),Chlorobium luteolum (strain DSM 273 / BCRC 81028 / 2530),True,IPR027790,family,,404,7,404,CONTINUOUS
Q3IQF5,S-adenosylmethionine synthase,401,mat,348780,Natronomonas pharaonis (strain ATCC 35678 / DSM 2160 / CIP 103997 / JCM 8858 / NBRC 14720 / NCIMB 2260 / Gabara),Natronomonas pharaonis (strain ATCC 35678 / DSM 2160 / CIP 103997 / JCM 8858 / NBRC 14720 / NCIMB 2260 / Gabara),True,IPR027790,family,,401,4,401,CONTINUOUS
Q46CW6,S-adenosylmethionine synthase,398,mat,269797,Methanosarcina barkeri (strain Fusaro / DSM 804),Methanosarcina barkeri (strain Fusaro / DSM 804),True,IPR027790,family,,398,3,397,CONTINUOUS
Q4JAL1,S-adenosylmethionine synthase,403,mat,330779,Sulfolobus acidocaldarius (strain ATCC 33909 / DSM 639 / JCM 8929 / NBRC 15157 / NCIMB 11770),Sulfolobus acidocaldarius (strain ATCC 33909 / DSM 639 / JCM 8929 / NBRC 15157 / NCIMB 11770),True,IPR027790,family,,403,3,402,CONTINUOUS
Q58605,S-adenosylmethionine synthase,406,mat,243232,Methanocaldococcus jannaschii (strain ATCC 43067 / DSM 2661 / JAL-1 / JCM 10045 / NBRC 100440),Methanocaldococcus jannaschii (strain ATCC 43067 / DSM 2661 / JAL-1 / JCM 10045 / NBRC 100440),True,IPR027790,family,,406,1,406,CONTINUOUS
Q5JF22,S-adenosylmethionine synthase,405,mat,69014,Thermococcus kodakarensis (strain ATCC BAA-918 / JCM 12380 / KOD1),Thermococcus kodakarensis (strain ATCC BAA-918 / JCM 12380 / KOD1),True,IPR027790,family,,405,6,405,CONTINUOUS
Q5V2S5,S-adenosylmethionine synthase,400,mat,272569,Haloarcula marismortui (strain ATCC 43049 / DSM 3752 / JCM 8966 / VKM B-1809),Haloarcula marismortui (strain ATCC 43049 / DSM 3752 / JCM 8966 / VKM B-1809),True,IPR027790,family,,400,4,399,CONTINUOUS
Q5XD99,Uncharacterized protein M6_Spy0479,399,M6_Spy0479,286636,Streptococcus pyogenes serotype M6 (strain ATCC BAA-946 / MGAS10394),Streptococcus pyogenes serotype M6 (strain ATCC BAA-946 / MGAS10394),True,IPR027790,family,,399,16,388,CONTINUOUS
Q6L123,S-adenosylmethionine synthase,402,mat,1122961,Picrophilus torridus (strain ATCC 700027 / DSM 9790 / JCM 10055 / NBRC 100828 / KAW 2/3),Picrophilus torridus (strain ATCC 700027 / DSM 9790 / JCM 10055 / NBRC 100828 / KAW 2/3),True,IPR027790,family,,402,7,402,CONTINUOUS
Q74EP4,ATP--methionine S-adenosyltransferase,400,metK-2,243231,Geobacter sulfurreducens (strain ATCC 51573 / DSM 12127 / PCA),Geobacter sulfurreducens (strain ATCC 51573 / DSM 12127 / PCA),True,IPR027790,family,,400,2,400,CONTINUOUS
Q89C09,S-adenosylmethionine synthetase,397,mat,224911,Bradyrhizobium diazoefficiens (strain JCM 10833 / BCRC 13528 / IAM 13628 / NBRC 14792 / USDA 110),Bradyrhizobium diazoefficiens (strain JCM 10833 / BCRC 13528 / IAM 13628 / NBRC 14792 / USDA 110),True,IPR027790,family,,397,11,397,CONTINUOUS
Q8KEZ2,"S-adenosylmethionine synthase, archaeal-type",404,CT0540,194439,Chlorobaculum tepidum (strain ATCC 49652 / DSM 12025 / NBRC 103806 / TLS),Chlorobaculum tepidum (strain ATCC 49652 / DSM 12025 / NBRC 103806 / TLS),True,IPR027790,family,,404,5,404,CONTINUOUS
Q8PV95,S-adenosylmethionine synthetase,410,MM_2076,192952,Methanosarcina mazei (strain ATCC BAA-159 / DSM 3647 / Goe1 / Go1 / JCM 11833 / OCM 88),Methanosarcina mazei (strain ATCC BAA-159 / DSM 3647 / Goe1 / Go1 / JCM 11833 / OCM 88),True,IPR027790,family,,410,1,410,CONTINUOUS
Q8PWS4,S-adenosylmethionine synthase,398,mat,192952,Methanosarcina mazei (strain ATCC BAA-159 / DSM 3647 / Goe1 / Go1 / JCM 11833 / OCM 88),Methanosarcina mazei (strain ATCC BAA-159 / DSM 3647 / Goe1 / Go1 / JCM 11833 / OCM 88),True,IPR027790,family,,398,3,398,CONTINUOUS
Q8TS43,Methionine adenosyltransferase,410,mat,188937,Methanosarcina acetivorans (strain ATCC 35395 / DSM 2834 / JCM 12185 / C2A),Methanosarcina acetivorans (strain ATCC 35395 / DSM 2834 / JCM 12185 / C2A),True,IPR027790,family,,410,1,410,CONTINUOUS
Q8TU57,S-adenosylmethionine synthase,398,mat,188937,Methanosarcina acetivorans (strain ATCC 35395 / DSM 2834 / JCM 12185 / C2A),Methanosarcina acetivorans (strain ATCC 35395 / DSM 2834 / JCM 12185 / C2A),True,IPR027790,family,,398,3,398,CONTINUOUS
Q8TV85,S-adenosylmethionine synthase,397,mat,190192,Methanopyrus kandleri (strain AV19 / DSM 6324 / JCM 9639 / NBRC 100938),Methanopyrus kandleri (strain AV19 / DSM 6324 / JCM 9639 / NBRC 100938),True,IPR027790,family,,397,3,397,CONTINUOUS
Q8TZW1,S-adenosylmethionine synthase,401,mat,186497,Pyrococcus furiosus (strain ATCC 43587 / DSM 3638 / JCM 8422 / Vc1),Pyrococcus furiosus (strain ATCC 43587 / DSM 3638 / JCM 8422 / Vc1),True,IPR027790,family,,401,3,401,CONTINUOUS
Q8ZYP7,S-adenosylmethionine synthase,402,mat,178306,Pyrobaculum aerophilum (strain ATCC 51768 / DSM 7523 / JCM 9630 / CIP 104966 / NBRC 100827 / IM2),Pyrobaculum aerophilum (strain ATCC 51768 / DSM 7523 / JCM 9630 / CIP 104966 / NBRC 100827 / IM2),True,IPR027790,family,,402,2,402,CONTINUOUS
Q976F3,S-adenosylmethionine synthase,405,mat,273063,Sulfurisphaera tokodaii (strain DSM 16993 / JCM 10545 / NBRC 100140 / 7),Sulfurisphaera tokodaii (strain DSM 16993 / JCM 10545 / NBRC 100140 / 7),True,IPR027790,family,,405,1,404,CONTINUOUS
Q97CT6,S-adenosylmethionine synthase,400,mat,273116,Thermoplasma volcanium (strain ATCC 51530 / DSM 4299 / JCM 9571 / NBRC 15438 / GSS1),Thermoplasma volcanium (strain ATCC 51530 / DSM 4299 / JCM 9571 / NBRC 15438 / GSS1),True,IPR027790,family,,400,3,400,CONTINUOUS
Q980S9,S-adenosylmethionine synthase,404,mat,273057,Saccharolobus solfataricus (strain ATCC 35092 / DSM 1617 / JCM 11322 / P2),Saccharolobus solfataricus (strain ATCC 35092 / DSM 1617 / JCM 11322 / P2),True,IPR027790,family,,404,1,404,CONTINUOUS
Q9HM12,S-adenosylmethionine synthase,400,mat,273075,Thermoplasma acidophilum (strain ATCC 25905 / DSM 1728 / JCM 9062 / NBRC 15155 / AMRC-C165),Thermoplasma acidophilum (strain ATCC 25905 / DSM 1728 / JCM 9062 / NBRC 15155 / AMRC-C165),True,IPR027790,family,,400,3,400,CONTINUOUS
Q9HQ73,S-adenosylmethionine synthase,408,mat,64091,Halobacterium salinarum (strain ATCC 700922 / JCM 11081 / NRC-1),Halobacterium salinarum (strain ATCC 700922 / JCM 11081 / NRC-1),True,IPR027790,family,,408,4,408,CONTINUOUS
Q9V1P7,S-adenosylmethionine synthase,401,mat,272844,Pyrococcus abyssi (strain GE5 / Orsay),Pyrococcus abyssi (strain GE5 / Orsay),True,IPR027790,family,,401,3,401,CONTINUOUS
Q9YBK2,S-adenosylmethionine synthase,406,mat,272557,Aeropyrum pernix (strain ATCC 700893 / DSM 11879 / JCM 9820 / NBRC 100138 / K1),Aeropyrum pernix (strain ATCC 700893 / DSM 11879 / JCM 9820 / NBRC 100138 / K1),True,IPR027790,family,,406,3,406,CONTINUOUS
S0AQQ3,Methionine adenosyltransferase,404,FACI_IFERC00001G0410,333146,Ferroplasma acidarmanus Fer1,Ferroplasma acidarmanus Fer1,True,IPR027790,family,,404,9,404,CONTINUOUS
S2DZZ5,Methionine adenosyltransferase,399,BG20_I1680,859192,Candidatus Nitrosarchaeum limnium BG20,Candidatus Nitrosarchaeum limnium BG20,True,IPR027790,family,,399,4,398,CONTINUOUS
S5Z7L3,S-adenosylmethionine synthetase,406,N186_05045,1365176,Thermofilum adornatum,Thermofilum adornatum,True,IPR027790,family,,406,4,406,CONTINUOUS
S7VBI1,S-adenosylmethionine synthetase (MAT),411,dsmv_0108,1121405,Desulfococcus multivorans DSM 2059,Desulfococcus multivorans DSM 2059,True,IPR027790,family,,411,14,411,CONTINUOUS
U2YVU9,S-adenosylmethionine synthase,406,mat,1261545,Halarchaeum acidiphilum MH1-52-1,Halarchaeum acidiphilum MH1-52-1,True,IPR027790,family,,406,4,405,CONTINUOUS
U3TDG5,S-adenosylmethionine synthase,406,mat,1198449,Aeropyrum camini SY1 = JCM 12091,Aeropyrum camini SY1 = JCM 12091,True,IPR027790,family,,406,3,406,CONTINUOUS
U5BMH7,S-adenosylmethionine synthetase,385,P872_19630,1123057,Rhodonellum psychrophilum GCM71 = DSM 17998,Rhodonellum psychrophilum GCM71 = DSM 17998,True,IPR027790,family,,385,7,381,CONTINUOUS
V4HNJ7,S-adenosylmethionine synthase,398,mat,1324957,Candidatus Halobonum tyrrellensis G22,Candidatus Halobonum tyrrellensis G22,True,IPR027790,family,,398,1,397,CONTINUOUS
V5TNR2,S-adenosylmethionine synthase,400,mat,1417673,Haloarcula hispanica N601,Haloarcula hispanica N601,True,IPR027790,family,,400,4,400,CONTINUOUS
V6AUY6,S-adenosylmethionine synthase,400,mat,1407055,Candidatus Nitrosotenuis uzonensis,Candidatus Nitrosotenuis uzonensis,True,IPR027790,family,,400,4,399,CONTINUOUS
W0DA80,S-adenosylmethionine synthase,399,THERU_00525,75906,Thermocrinis ruber,Thermocrinis ruber,True,IPR027790,family,,399,1,398,CONTINUOUS
W0I7A0,S-adenosylmethionine synthase,405,mat,582419,Thermococcus paralvinellae,Thermococcus paralvinellae,True,IPR027790,family,,405,6,405,CONTINUOUS
W0JL85,S-adenosylmethionine synthase,401,mat,797299,Halostagnicola larsenii XH-48,Halostagnicola larsenii XH-48,True,IPR027790,family,,401,4,401,CONTINUOUS
W7KXF3,S-adenosylmethionine synthetase,403,ASUL_05176,1326980,Candidatus Aramenus sulfurataquae,Candidatus Aramenus sulfurataquae,True,IPR027790,family,,403,1,402,CONTINUOUS
W8NS58,S-adenosylmethionine synthase,405,mat,195522,Thermococcus nautili,Thermococcus nautili,True,IPR027790,family,,405,6,405,CONTINUOUS
W9DQR7,S-adenosylmethionine synthase,398,mat,1090322,Methanolobus tindarius DSM 2278,Methanolobus tindarius DSM 2278,True,IPR027790,family,,398,2,397,CONTINUOUS
