#Knot_type	Category	Uniprot	Organism	pLDDT_knotcore	Protein_name	InterPro	Gene_name	#FILTER: InterPro=IPR018723 AND Category=AF4;
3_1	AF4	A0A176F4W5-F1	Roseovarius sp	96.3	CHAT domain-containing protein	IPR018723	A3731_18515
3_1	AF4	A0A3S3LH35-F1	Microbacterium enclense	95.6	DUF2254 domain-containing protein	IPR018723	D8Y23_14360
3_1	AF4	A0A7Y9ZDI3-F1	Demequina lutea	95.3	Putative membrane protein	IPR018723	BKA03_002707
3_1	AF4	A0A0Q4DQ41-F1	Microbacterium sp	95.1	DUF2254 domain-containing protein	IPR018723	ASE56_01340
3_1	AF4	A0A4Q3H3R7-F1	Rhizobiaceae bacterium	95.1	DUF2254 domain-containing protein	IPR018723	EOP18_06565
3_1	AF4	A0A1R3W8J0-F1	Microbacterium sp	95.1	Uncharacterized membrane protein	IPR018723	SAMN05880579_0059
3_1	AF4	A0A0Q8QYH7-F1	Sphingomonas sp	95.0	DUF2254 domain-containing protein	IPR018723	ASE00_07660
3_1	AF4	A0A7W5CLM7-F1	Microbacterium proteolyticum	94.9	Putative membrane protein	IPR018723	FHS07_003168
3_1	AF4	A0A0Q4XTA2-F1	Methylobacterium sp	94.9	DUF2254 domain-containing protein	IPR018723	ASF26_00570
3_1	AF4	A0A5C8SHL3-F1	Methylobacterium sp	94.8	DUF2254 domain-containing protein	IPR018723	FV218_14280
3_1	AF4	A0A1I2WQQ3-F1	Methylobacterium gossipiicola	94.8	Uncharacterized membrane protein	IPR018723	SAMN05192565_12613
3_1	AF4	A0A5R8L7N8-F1	Microbacterium sp	94.8	DUF2254 domain-containing protein	IPR018723	FE256_08925
3_1	AF4	S9QT47-F1	Salipiger mucosus	94.8	DUF2254 domain-containing protein	IPR018723	Salmuc_05186
3_1	AF4	A0A0Q4XJK9-F1	Methylobacterium sp	94.8	DUF2254 domain-containing protein	IPR018723	ASF28_02675
3_1	AF4	A0A0Q4ZSW0-F1	Methylobacterium sp	94.7	DUF2254 domain-containing protein	IPR018723	ASF49_00045
3_1	AF4	A0A2A3MH28-F1	Pseudomonas abyssi	94.7	DUF2254 domain-containing protein	IPR018723	CNQ84_10580
3_1	AF4	A0A1G6QQ05-F1	Microbacterium enclense	94.7	Uncharacterized membrane protein	IPR018723	SAMN05216418_3335
3_1	AF4	A0A5C8ICT6-F1	Homoserinibacter sp	94.7	DUF2254 domain-containing protein	IPR018723	FVQ89_01435
3_1	AF4	A0A074UM52-F1	Microbacterium sp	94.7	DUF2254 domain-containing protein	IPR018723	HR12_25470
3_1	AF4	A0A2P8GUP9-F1	Labedella gwakjiensis	94.7	Putative membrane protein	IPR018723	CLV49_1304
3_1	AF4	A0A444Q3Y4-F1	Labedella populi	94.7	DUF2254 domain-containing protein	IPR018723	ELQ92_14560
3_1	AF4	A0A1H6TVE5-F1	Demequina mangrovi	94.6	Uncharacterized membrane protein	IPR018723	SAMN05421637_0152
3_1	AF4	A0A2P4F023-F1	Halopseudomonas oceani	94.6	DUF2254 domain-containing protein	IPR018723	C1949_00990
3_1	AF4	A0A1V2NS57-F1	Microbacterium sp	94.6	DUF2254 domain-containing protein	IPR018723	CSIV_01635
3_1	AF4	A0A679K827-F1	Methylobacterium bullatum	94.6	DUF2254 domain-containing protein	IPR018723	MBLL_03128
3_1	AF4	A0A433JMM8-F1	Labedella endophytica	94.6	DUF2254 domain-containing protein	IPR018723	ELQ94_17065
3_1	AF4	A0A3D5CF29-F1	Microbacterium sp	94.6	DUF2254 domain-containing protein	IPR018723	DCO91_08940 DGU37_01915
3_1	AF4	A0A6L6JG45-F1	Methylophaga sp	94.6	DUF2254 domain-containing protein	IPR018723	FH755_03050
3_1	AF4	A0A1I0VAL7-F1	Poseidonocella pacifica	94.6	Uncharacterized membrane protein	IPR018723	SAMN05421688_0462
3_1	AF4	A0A0Q4P6P2-F1	Devosia sp	94.6	DUF2254 domain-containing protein	IPR018723	ASE94_06855
3_1	AF4	A0A6L9G5E0-F1	Glutamicibacter soli	94.5	DUF2254 domain-containing protein	IPR018723	GT020_13900
3_1	AF4	A0A2N3FM12-F1	Actinobacteria bacterium	94.5	DUF2254 domain-containing protein	IPR018723	CVT65_17935
3_1	AF4	A0A0T5P4K5-F1	Roseovarius indicus	94.5	DUF2254 domain-containing protein	IPR018723	XM52_20585
3_1	AF4	A0A3N4APV7-F1	Pseudomonas sp	94.5	DUF2254 domain-containing protein	IPR018723	EF099_03375
3_1	AF4	A0A4V0Z1U6-F1	Leucobacter triazinivorans	94.5	DUF2254 domain-containing protein	IPR018723	EVS81_13060
3_1	AF4	A0A839SVI4-F1	Limibacillus halophilus	94.4	Putative membrane protein	IPR018723	FHR98_001264
3_1	AF4	A0A1Y6EJF2-F1	Devosia lucknowensis	94.4	Uncharacterized membrane protein	IPR018723	SAMN06295905_0469
3_1	AF4	A0A2T7WSH2-F1	Aureobacterium testaceum	94.4	DUF2254 domain-containing protein	IPR018723	DC432_05440
3_1	AF4	A0A5C8UH65-F1	Methylobacterium sp	94.4	DUF2254 domain-containing protein	IPR018723	FV220_15295
3_1	AF4	A0A5P3AGY6-F1	Roseovarius indicus	94.4	DUF2254 domain-containing protein	IPR018723	RIdsm_03788
3_1	AF4	A0A1E4FDA0-F1	Pelagibacterium sp	94.4	DUF2254 domain-containing protein	IPR018723	ABS75_20035
3_1	AF4	A0A0Q7Y5Q1-F1	Rhizobium sp	94.4	DUF2254 domain-containing protein	IPR018723	ASD54_25140
3_1	AF4	A0A0P1FLR6-F1	Ruegeria gelatinovora	94.4	DUF2254 domain-containing protein	IPR018723	TG4357_03817
3_1	AF4	D4GLV1-F1	strain LMG 20103	94.3	DUF2254 domain-containing protein	IPR018723	PANA_1054
3_1	AF4	M2U736-F1	Pacificimonas flava	94.3	DUF2254 domain-containing protein	IPR018723	C725_0775
3_1	AF4	A0A1T2B236-F1	Thioclava sp	94.3	DUF2254 domain-containing protein	IPR018723	BMI85_06225
3_1	AF4	A0A850Q9Y5-F1	Donghicola mangrovi	94.3	DUF2254 domain-containing protein	IPR018723	HJ536_17075
3_1	AF4	A0A147EYP5-F1	Aureobacterium testaceum	94.3	DUF2254 domain-containing protein	IPR018723	NS220_05815
3_1	AF4	A0A1J6XVB7-F1	Microbacterium sp	94.3	DUF2254 domain-containing protein	IPR018723	BFN01_07290
3_1	AF4	A0A2E0NLK8-F1	Pseudomonadales bacterium	94.3	DUF2254 domain-containing protein	IPR018723	CMK82_06165
3_1	AF4	A0A6B2FN16-F1	Enterobacteriaceae bacterium	94.3	DUF2254 domain-containing protein	IPR018723	GWD52_16285
3_1	AF4	A0A7W6PSF2-F1	Rhizobium rhizoryzae	94.3	Putative membrane protein	IPR018723	GGQ72_004806
3_1	AF4	A0A286II23-F1	Hoeflea halophila	94.3	Uncharacterized membrane protein	IPR018723	SAMN05877838_3984
3_1	AF4	A0A7W9E864-F1	Brevundimonas halotolerans	94.3	Putative membrane protein	IPR018723	FHS65_002487
3_1	AF4	A0A2D5MZF7-F1	Pseudomonadales bacterium	94.3	DUF2254 domain-containing protein	IPR018723	CMK75_05905
3_1	AF4	A0A4Q3RAU0-F1	Comamonadaceae bacterium	94.3	DUF2254 domain-containing protein	IPR018723	EOO29_08750
3_1	AF4	A0A5A7NFT4-F1	Kordiimonadales bacterium	94.3	DUF2254 domain-containing protein	IPR018723	JCM17843_14620
3_1	AF4	A0A1W9XT86-F1	Thioclava electrotropha	94.3	DUF2254 domain-containing protein	IPR018723	AKL02_016000
3_1	AF4	A0A3C2E6K9-F1	Alphaproteobacteria bacterium	94.3	DUF2254 domain-containing protein	IPR018723	DCQ53_11495
3_1	AF4	A0A395QZV2-F1	Halopseudomonas gallaeciensis	94.2	DUF2254 domain-containing protein	IPR018723	ASB58_17410
3_1	AF4	A0A2E0A6S4-F1	Oceanospirillaceae bacterium	94.2	DUF2254 domain-containing protein	IPR018723	CMI00_16995
3_1	AF4	A0A258L442-F1	Hyphomicrobium sp	94.2	DUF2254 domain-containing protein	IPR018723	B7Y80_10615
3_1	AF4	A0A4Z1BI29-F1	Paracoccus liaowanqingii	94.2	DUF2254 domain-containing protein	IPR018723	E4L95_17245
3_1	AF4	A0A512IZX9-F1	Methylobacterium oxalidis	94.2	DUF2254 domain-containing protein	IPR018723	MOX02_12630
3_1	AF4	A0A2R8BDW0-F1	Ascidiaceihabitans donghaensis	94.2	DUF2254 domain-containing protein	IPR018723	ASD8599_02010
3_1	AF4	A0A847WYJ2-F1	Phyllobacteriaceae bacterium	94.2	DUF2254 domain-containing protein	IPR018723	GX970_08365
3_1	AF4	A0A2R9UIC2-F1	Microbacterium sp	94.2	DUF2254 domain-containing protein	IPR018723	BGO45_15730
3_1	AF4	A0A147F5U0-F1	Aureobacterium testaceum	94.2	DUF2254 domain-containing protein	IPR018723	RSA3_12065
3_1	AF4	A0A4V2SVG7-F1	Rhodovulum bhavnagarense	94.2	Putative membrane protein	IPR018723	EV663_12317
3_1	AF4	A0A1M4MWP8-F1	Donghicola eburneus	94.1	Putative membrane protein	IPR018723	KARMA_1167
3_1	AF4	A0A2E2IM40-F1	Methylophaga sp	94.1	DUF2254 domain-containing protein	IPR018723	CMH21_08195
3_1	AF4	A0A368EWM2-F1	Microbacterium sp	94.1	DUF2254 domain-containing protein	IPR018723	DBW62_01855
3_1	AF4	A0A086Y4X8-F1	Haematobacter massiliensis	94.1	DUF2254 domain-containing protein	IPR018723	CN97_16835
3_1	AF4	D8MJN9-F1	strain Eb661	94.1	PHB domain-containing protein	IPR018723	EbC_pEb17200340
3_1	AF4	A0A4V0ZSA0-F1	Haematobacter massiliensis	94.1	DUF2254 domain-containing protein	IPR018723	HmaOT1_16590
3_1	AF4	A0A085U1B4-F1	Thioclava atlantica	94.1	DUF2254 domain-containing protein	IPR018723	DW2_01345
3_1	AF4	A0A520CWS7-F1	Variovorax sp	94.1	DUF2254 domain-containing protein	IPR018723	EOP71_01800
3_1	AF4	A0A2E8C6Q9-F1	Pseudomonadales bacterium	94.1	DUF2254 domain-containing protein	IPR018723	CMK85_10540
3_1	AF4	A0A432JW75-F1	Actinomycetia bacterium	94.1	DUF2254 domain-containing protein	IPR018723	DSY74_06440
3_1	AF4	A0A357LXZ7-F1	Oceanospirillales bacterium	94.1	DUF2254 domain-containing protein	IPR018723	DEA26_04905
3_1	AF4	A0A1E4E121-F1	Pelagibacterium sp	94.1	DUF2254 domain-containing protein	IPR018723	ABS74_05150
3_1	AF4	A0A5F1P962-F1	Tabrizicola sediminis	94.1	DUF2254 domain-containing protein	IPR018723	EEB11_19100
3_1	AF4	A0A7W6AH90-F1	Methylobacterium brachythecii	94.0	Putative membrane protein	IPR018723	GGR33_000911
3_1	AF4	A0A2E9NFX5-F1	Microbacterium sp	94.0	DUF2254 domain-containing protein	IPR018723	CMH37_12155 DEB57_14790 DIS91_05145
3_1	AF4	A0A654C5Y8-F1	Sphingomonas sp	94.0	DUF2254 domain-containing protein	IPR018723	SPHINGOAX6_70103
3_1	AF4	A0A0R0CKK2-F1	Pseudoxanthomonas dokdonensis	94.0	DUF2254 domain-containing protein	IPR018723	ABB29_05245
3_1	AF4	E8NE34-F1	strain StLB037	94.0	Predicted membrane protein	IPR018723	MTES_2115
3_1	AF4	A0A225D223-F1	Haematobacter missouriensis	94.0	DUF2254 domain-containing protein	IPR018723	CDV52_19270
3_1	AF4	A0A1T2A6E8-F1	Thioclava sp	94.0	DUF2254 domain-containing protein	IPR018723	BMI87_07225
3_1	AF4	A0A0Q4T588-F1	Methylobacterium sp	94.0	DUF2254 domain-containing protein	IPR018723	ASF08_08885
3_1	AF4	R7DVY4-F1	Akkermansia sp	94.0	DUF2254 domain-containing protein	IPR018723	BN616_01797
3_1	AF4	W4HLG7-F1	Roseivivax marinus	94.0	DUF2254 domain-containing protein	IPR018723	ATO8_06076
3_1	AF4	A0A2U0H0C8-F1	Microbacterium sp	94.0	DUF2254 domain-containing protein	IPR018723	DEA06_15570
3_1	AF4	A0A6A8ABT1-F1	Endobacterium cereale	94.0	DUF2254 domain-containing protein	IPR018723	GAO09_11400
3_1	AF4	A0A1H6A052-F1	Halopseudomonas aestusnigri	94.0	DUF2254 domain-containing protein	IPR018723	B7O88_10265
3_1	AF4	A0A2N9JCD7-F1	Micropruina glycogenica	94.0	Uncharacterized membrane protein	IPR018723	MPLG2_0756
3_1	AF4	A0A2E3KWD9-F1	Pseudomonadales bacterium	93.9	DUF2254 domain-containing protein	IPR018723	CMK88_14910
3_1	AF4	A0A1V1V0I2-F1	Brevundimonas sp	93.9	DUF2254 domain-containing protein	IPR018723	SH203_02036
3_1	AF4	A0A2N8HM26-F1	Akkermansia muciniphila	93.9	DUF2254 domain-containing protein	IPR018723	CXU19_05675
3_1	AF4	A0A154C1A3-F1	Alcanivorax sp	93.9	DUF2254 domain-containing protein	IPR018723	A3Q32_05955
3_1	AF4	A0A1H4FKD8-F1	Marinobacterium georgiense	93.9	Uncharacterized membrane protein	IPR018723	SAMN02745729_11165
3_1	AF4	A0A251X3D0-F1	Marivivens niveibacter	93.9	DUF2254 domain-containing protein	IPR018723	BVC71_04935
3_1	AF4	A0A3D9E355-F1	Microbacterium sp	93.9	Putative membrane protein	IPR018723	DEU35_2006
3_1	AF4	A0A6N2T4D7-F1	Akkermansia muciniphila	93.9	DUF2254 domain-containing protein	IPR018723	AMLFYP55_02400
3_1	AF4	A0A7H8DT26-F1	Vibrio alginolyticus	93.9	DUF2254 domain-containing protein	IPR018723	HUO05_10740
3_1	AF4	A0A7G3FE58-F1	Alcanivorax sp	93.9	DUF2254 domain-containing protein	IPR018723	COB00_02745
3_1	AF4	A0A6L6JFJ4-F1	Paracoccus aestuariivivens	93.9	DUF2254 domain-containing protein	IPR018723	GL286_19760
3_1	AF4	A0A094J042-F1	Pseudidiomarina salinarum	93.9	DUF2254 domain-containing protein	IPR018723	IDSA_01545
3_1	AF4	A0A1G6UQN2-F1	Paracoccus isoporae	93.9	Uncharacterized membrane protein	IPR018723	SAMN05421538_101595
3_1	AF4	A0A522H0Q3-F1	Rhodanobacter sp	93.9	DUF2254 domain-containing protein	IPR018723	EPN74_10425
3_1	AF4	A0A5C7RAT7-F1	Thiothrix sp	93.9	DUF2254 domain-containing protein	IPR018723	E6Q83_13515
3_1	AF4	A0A2N1ZAT1-F1	Gammaproteobacteria bacterium	93.9	DUF2254 domain-containing protein	IPR018723	CVV07_04865
3_1	AF4	N7A171-F1	Thauera phenylacetica	93.9	DUF2254 domain-containing protein	IPR018723	C667_05582
3_1	AF4	A0A1X4P0F3-F1	Marivita cryptomonadis	93.9	DUF2254 domain-containing protein	IPR018723	MCRY_04255
3_1	AF4	A0A7Y3QBH5-F1	7-a	93.8	DUF2254 domain-containing protein	IPR018723	FKN08_20615
3_1	AF4	A0A212A7W1-F1	Haematobacter genomosp	93.8	DUF2254 domain-containing protein	IPR018723	CDV49_16630
3_1	AF4	A0A7W9BS89-F1	Sphingomonas prati	93.8	Putative membrane protein	IPR018723	FHS99_001625
3_1	AF4	A0A4Y3QQ10-F1	Aureobacterium testaceum	93.8	DUF2254 domain-containing protein	IPR018723	MTE01_27720
3_1	AF4	A0A560WBT9-F1	Sphingobium sp	93.8	Putative membrane protein DUF2254	IPR018723	FB596_1564
3_1	AF4	A0A4Z0LG37-F1	Tabrizicola sp	93.8	DUF2254 domain-containing protein	IPR018723	EYC08_17820
3_1	AF4	A0A074JG44-F1	Thioclava indica	93.8	DUF2254 domain-containing protein	IPR018723	DT23_05785
3_1	AF4	A0A4P8G2U3-F1	Vibrio neocaledonicus	93.8	DUF2254 domain-containing protein	IPR018723	D3H41_14375
3_1	AF4	A0A5C8HW33-F1	Microbacterium hatanonis	93.8	DUF2254 domain-containing protein	IPR018723	FVP77_11235
3_1	AF4	A0A1G6DQE2-F1	Bauldia litoralis	93.7	Uncharacterized membrane protein	IPR018723	SAMN02982931_03636
3_1	AF4	A0A0F9Y3K0-F1	marine sediment	93.7	DUF2254 domain-containing protein	IPR018723	LCGC14_0137070
3_1	AF4	A0A1T2BB27-F1	Thioclava sp	93.7	DUF2254 domain-containing protein	IPR018723	BMI86_14700
3_1	AF4	A0A7H5CSN4-F1	Vibrio parahaemolyticus	93.7	DUF2254 domain-containing protein	IPR018723	ACS84_23535
3_1	AF4	A0A7S8MXC7-F1	Microbacterium schleiferi	93.7	DUF2254 domain-containing protein	IPR018723	IT882_14980
3_1	AF4	A0A2M8IVW1-F1	Pseudooceanicola lipolyticus	93.7	DUF2254 domain-containing protein	IPR018723	CVM52_21330
3_1	AF4	A0A212LC02-F1	uncultured Desulfovibrio	93.7	DUF2254 domain-containing protein	IPR018723	KL86DES1_22229 KL86DES1_22303
3_1	AF4	A0A0S9R573-F1	Methylobacterium sp	93.7	DUF2254 domain-containing protein	IPR018723	ASF41_04035
3_1	AF4	A0A4Y8TTA2-F1	Glutamicibacter arilaitensis	93.7	DUF2254 domain-containing protein	IPR018723	EXY26_14545
3_1	AF4	A0A1M5GS65-F1	Kaistia soli	93.7	Uncharacterized membrane protein	IPR018723	SAMN02745157_3505
3_1	AF4	A0A2M7LHS2-F1	Sphingomonadales bacterium	93.7	DUF2254 domain-containing protein	IPR018723	COZ43_00800
3_1	AF4	A0A1I1P9U3-F1	Bosea sp	93.7	Uncharacterized membrane protein	IPR018723	SAMN05428997_1168
3_1	AF4	A0A6B2P6V2-F1	Salipiger sp	93.7	DUF2254 domain-containing protein	IPR018723	G0P98_05520
3_1	AF4	A0A354ENR1-F1	Brevundimonas sp	93.7	DUF2254 domain-containing protein	IPR018723	DDY79_02250
3_1	AF4	A0A0F3LJ53-F1	Brevundimonas sp	93.7	DUF2254 domain-containing protein	IPR018723	VH88_00750
3_1	AF4	A0A142VVJ9-F1	Sphingopyxis terrae subsp	93.7	DUF2254 domain-containing protein	IPR018723	AOA14_01665
3_1	AF4	A0A2T5JVJ2-F1	Cereibacter azotoformans	93.7	Putative membrane protein	IPR018723	C8J28_11893
3_1	AF4	A0A1E4FK44-F1	Pelagibacterium sp	93.6	DUF2254 domain-containing protein	IPR018723	ABS75_08590
3_1	AF4	A0A0Q6DJ34-F1	Aureimonas sp	93.6	DUF2254 domain-containing protein	IPR018723	ASG62_00865
3_1	AF4	A0A1X4NHK9-F1	Marivita geojedonensis	93.6	DUF2254 domain-containing protein	IPR018723	MGEO_16545
3_1	AF4	A0A437MEP8-F1	Rhodovarius crocodyli	93.6	DUF2254 domain-containing protein	IPR018723	EOD42_13610
3_1	AF4	A0A0M6YJR9-F1	Jannaschia donghaensis	93.6	DUF2254 domain-containing protein	IPR018723	JDO7802_01769
3_1	AF4	A0A369TLT2-F1	Thalassococcus profundi	93.6	DUF2254 domain-containing protein	IPR018723	DU478_14350
3_1	AF4	A0A7W6BR11-F1	Aureimonas phyllosphaerae	93.6	Putative membrane protein	IPR018723	GGR05_000781
3_1	AF4	A0A1I7NMN7-F1	Devosia crocina	93.6	Uncharacterized membrane protein	IPR018723	SAMN05216456_2272
3_1	AF4	A0A2S4M0Q9-F1	Bosea psychrotolerans	93.6	Putative membrane protein	IPR018723	CYD53_11542
3_1	AF4	A0A0F5FJM9-F1	Devosia chinhatensis	93.6	DUF2254 domain-containing protein	IPR018723	VE26_03080
3_1	AF4	A0A3N2BXT2-F1	Plantibacter flavus	93.6	Putative membrane protein	IPR018723	EDD42_0093
3_1	AF4	A0A3S4GF40-F1	Devosia equisanguinis	93.6	DUF2254 domain-containing protein	IPR018723	DEVEQU_00201
3_1	AF4	A0A1I4GFS0-F1	Rhodanobacter glycinis	93.6	Uncharacterized membrane protein	IPR018723	SAMN05192579_1258
3_1	AF4	A0A1I6VC04-F1	Yangia pacifica	93.6	Uncharacterized membrane protein	IPR018723	SAMN04488050_110199
3_1	AF4	A0A1C2HTH2-F1	Thioclava sp	93.6	DUF2254 domain-containing protein	IPR018723	BFP70_03630
3_1	AF4	A0A1E4EUE9-F1	Paracoccus sp	93.6	DUF2254 domain-containing protein	IPR018723	ABS73_05295
3_1	AF4	A0A3D1CHI3-F1	Methylophaga sp	93.6	DUF2254 domain-containing protein	IPR018723	DEQ25_04600
3_1	AF4	A0A495UF68-F1	Microbacterium sp	93.6	Putative membrane protein	IPR018723	DEU34_2037
3_1	AF4	A0A1M6YR87-F1	Roseovarius pacificus	93.6	Uncharacterized membrane protein	IPR018723	SAMN05444398_101991
3_1	AF4	A0A2N8HEX5-F1	Akkermansia muciniphila	93.6	DUF2254 domain-containing protein	IPR018723	CXU22_03225
3_1	AF4	A0A1S8DJW9-F1	Halopseudomonas pachastrellae	93.6	DUF2254 domain-containing protein	IPR018723	BXT89_01410
3_1	AF4	A0A0X3TNI0-F1	Ruegeria profundi	93.6	DUF2254 domain-containing protein	IPR018723	AVO44_18110
3_1	AF4	I7IBK9-F1	Taylorella asinigenitalis	93.6	Putative membrane protein	IPR018723	KUM_0174
3_1	AF4	A0A3Q8XPX3-F1	Georhizobium profundi	93.6	DUF2254 domain-containing protein	IPR018723	D5400_08805
3_1	AF4	A0A849G0A5-F1	Silicimonas sp	93.5	DUF2254 domain-containing protein	IPR018723	HKP35_05930
3_1	AF4	A0A7M2RY32-F1	Vibrio diabolicus	93.5	DUF2254 domain-containing protein	IPR018723	INT50_08450
3_1	AF4	A0A2N7S5V3-F1	Glutamicibacter arilaitensis	93.5	DUF2254 domain-containing protein	IPR018723	CIK84_08205
3_1	AF4	A0A0H3KST7-F1	strain AJ13355	93.5	DUF2254 domain-containing protein	IPR018723	PAJ_0377
3_1	AF4	A0A6F8W4M7-F1	Vibrio alginolyticus	93.5	DUF2254 domain-containing protein	IPR018723	Vag1382_25930
3_1	AF4	A0A5P8Z630-F1	Roseivivax sp	93.5	DUF2254 domain-containing protein	IPR018723	FIV09_16105
3_1	AF4	Q87LH2-F1	strain RIMD 2210633	93.5	DUF2254 domain-containing protein	IPR018723	VP2640
3_1	AF4	A0A7X0GXP2-F1	Sphingopyxis sp	93.5	Putative membrane protein	IPR018723	HDC35_001059
3_1	AF4	A0A2D8BVE9-F1	Maricaulis sp	93.5	DUF2254 domain-containing protein	IPR018723	CMF74_10670
3_1	AF4	A0A517SCD4-F1	Caulifigura coniformis	93.5	DUF2254 domain-containing protein	IPR018723	Pan44_18150
3_1	AF4	A0A0M6XSA8-F1	Jannaschia rubra	93.5	DUF2254 domain-containing protein	IPR018723	JAN5088_02462
3_1	AF4	E1VUH7-F1	Arthrobacter arilaitensis	93.5	Conserved hypothetical membrane protein	IPR018723	AARI_10670
3_1	AF4	G4E422-F1	Thiorhodospira sibirica	93.5	DUF2254 domain-containing protein	IPR018723	ThisiDRAFT_1051
3_1	AF4	A0A4S4NSJ2-F1	Aliishimia ponticola	93.5	DUF2254 domain-containing protein	IPR018723	E4Z66_04075
3_1	AF4	A0A2E6JZG7-F1	Pseudomonas sp	93.5	DUF2254 domain-containing protein	IPR018723	CML01_12680
3_1	AF4	A0A2T0WFW3-F1	Donghicola tyrosinivorans	93.5	Putative membrane protein	IPR018723	CLV74_11551
3_1	AF4	A0A355QN87-F1	Citreicella sp	93.5	DUF2254 domain-containing protein	IPR018723	DD444_08100
3_1	AF4	A0A7Y4B5P6-F1	Vibrio alginolyticus	93.5	DUF2254 domain-containing protein	IPR018723	F0254_19630 HKB35_17600
3_1	AF4	A0A231P5I1-F1	Desulfovibrio sp	93.5	DUF2254 domain-containing protein	IPR018723	BCS36_06885
3_1	AF4	A0A4R5UFD6-F1	Luteimonas terrae	93.5	DUF2254 domain-containing protein	IPR018723	E2F49_03750
3_1	AF4	A0A7X0QN13-F1	Luteimonas sp	93.5	DUF2254 domain-containing protein	IPR018723	H6X63_06345
3_1	AF4	A0A2D4WID8-F1	Pseudomonadales bacterium	93.4	DUF2254 domain-containing protein	IPR018723	CMK78_16650
3_1	AF4	A0A4P7HNV5-F1	Paracoccus liaowanqingii	93.4	DUF2254 domain-containing protein	IPR018723	E4191_12260
3_1	AF4	A0A433XAE8-F1	Arsenicitalea aurantiaca	93.4	DUF2254 domain-containing protein	IPR018723	EMQ25_09020
3_1	AF4	A0A447IFU8-F1	Devosia equisanguinis	93.4	DUF2254 domain-containing protein	IPR018723	DEVEQU_03522
3_1	AF4	A0A0Q5H0C2-F1	Aureimonas sp	93.4	DUF2254 domain-containing protein	IPR018723	ASF65_04220
3_1	AF4	A0A4U0R7S6-F1	Paracoccus gahaiensis	93.4	DUF2254 domain-containing protein	IPR018723	FA743_12485
3_1	AF4	A0A1B1PP05-F1	Salipiger sp	93.4	Cellulose-binding protein	IPR018723	AYJ57_08220
3_1	AF4	A0A5B9E0J1-F1	Rhodanobacter glycinis	93.4	DUF2254 domain-containing protein	IPR018723	CS053_11755
3_1	AF4	A0A4P8Q5M7-F1	Brevundimonas sp	93.4	DUF2254 domain-containing protein	IPR018723	E7T10_00425
3_1	AF4	A0A1H6A6X4-F1	Thalassococcus halodurans	93.4	Uncharacterized membrane protein	IPR018723	SAMN04488045_2887
3_1	AF4	A0A7V9KJ06-F1	Chloroflexia bacterium	93.4	DUF2254 domain-containing protein	IPR018723	H0V24_17070
3_1	AF4	A0A522K3A1-F1	Rhodanobacter sp	93.4	DUF2254 domain-containing protein	IPR018723	EPN68_11640
3_1	AF4	A0A6N3IE24-F1	Desulfovibrio sp	93.4	DUF2254 domain-containing protein	IPR018723	DESU86_3010 DESU86_3083
3_1	AF4	A0A7Y0SEN2-F1	Vibrio parahaemolyticus	93.4	DUF2254 domain-containing protein	IPR018723	HKB16_02920
3_1	AF4	A0A1P8JRT9-F1	Rhodoferax koreense	93.4	DUF2254 domain-containing protein	IPR018723	RD110_03850
3_1	AF4	A0A1V0HZY1-F1	strain MB263	93.4	DUF2254 domain-containing protein	IPR018723	B5V46_13030
3_1	AF4	A0A2A9GNG3-F1	Thioclava sp	93.4	Putative membrane protein	IPR018723	AXZ77_3141
3_1	AF4	A0A074JAW7-F1	Thioclava pacifica	93.4	DUF2254 domain-containing protein	IPR018723	TP2_17300
3_1	AF4	A0A0L1JUY3-F1	Pseudaestuariivita atlantica	93.4	DUF2254 domain-containing protein	IPR018723	ATO11_02935
3_1	AF4	A0A318TCQ2-F1	Pseudoroseicyclus aestuarii	93.4	Putative membrane protein	IPR018723	DFP88_101764
3_1	AF4	N9N653-F1	Acinetobacter sp	93.4	DUF2254 domain-containing protein	IPR018723	F894_00265
3_1	AF4	J7VE45-F1	Stenotrophomonas maltophilia	93.4	DUF2254 domain-containing protein	IPR018723	A1OC_00088
3_1	AF4	A0A5C4N9K5-F1	Rubellimicrobium roseum	93.4	DUF2254 domain-containing protein	IPR018723	FHG71_16305
3_1	AF4	D0WXH5-F1	Vibrio alginolyticus	93.3	DUF2254 domain-containing protein	IPR018723	VMC_18750
3_1	AF4	A0A0S9QQV0-F1	Methylobacterium sp	93.3	DUF2254 domain-containing protein	IPR018723	ASF52_00950
3_1	AF4	A0A4D7DTF0-F1	Agrobacterium larrymoorei	93.3	DUF2254 domain-containing protein	IPR018723	CFBP5473_21525
3_1	AF4	A0A3S2VF78-F1	Rhodobacteraceae bacterium	93.3	DUF2254 domain-containing protein	IPR018723	DXV76_07210
3_1	AF4	A0A0L8SFD4-F1	Vibrio parahaemolyticus	93.3	DUF2254 domain-containing protein	IPR018723	BS585_10670 D5E78_27290
3_1	AF4	A0A2D9L3V0-F1	Pseudomonas sp	93.3	DUF2254 domain-containing protein	IPR018723	CMK97_03855
3_1	AF4	A0A6G9WM71-F1	Vibrio diabolicus	93.3	DUF2254 domain-containing protein	IPR018723	FQ332_13650
3_1	AF4	A0A1Y6FUL2-F1	Sphingopyxis terrae subsp	93.3	Uncharacterized membrane protein	IPR018723	SAMN06295984_1992
3_1	AF4	A0A1B7L1A2-F1	Mangrovibacter phragmitis	93.3	DUF2254 domain-containing protein	IPR018723	A9B99_11645
3_1	AF4	A4WWE8-F1	Rhodobacter sphaeroides	93.3	Membrane protein-like protein	IPR018723	Rsph17025_2825
3_1	AF4	A0A4S2HE77-F1	Marinicauda pacifica	93.3	DUF2254 domain-containing protein	IPR018723	E5162_03525
3_1	AF4	A0A1H3XQX3-F1	Thiothrix caldifontis	93.3	Uncharacterized membrane protein	IPR018723	SAMN05660964_00776
3_1	AF4	A0A486XGS8-F1	uncultured Avibacterium	93.3	Predicted membrane protein (DUF2254)	IPR018723	NCTC4101_01868
3_1	AF4	A0A2U8H9P1-F1	Yangia pacifica	93.3	Cellulose-binding protein	IPR018723	CEW88_01250
3_1	AF4	A0A074TIG5-F1	Thioclava dalianensis	93.3	DUF2254 domain-containing protein	IPR018723	DL1_07605
3_1	AF4	A0A2E0Q9W7-F1	Micavibrio sp	93.3	DUF2254 domain-containing protein	IPR018723	CMH30_03280
3_1	AF4	A0A0Q4Y4N4-F1	Pseudorhodoferax sp	93.3	DUF2254 domain-containing protein	IPR018723	ASF43_01860
3_1	AF4	A0A4V1U6V5-F1	Comamonadaceae bacterium	93.3	DUF2254 domain-containing protein	IPR018723	EOO29_34275
3_1	AF4	A0A2L2K708-F1	Vibrio diabolicus	93.3	DUF2254 domain-containing protein	IPR018723	AL468_12160
3_1	AF4	A0A1H7M602-F1	Pseudoxanthomonas sp	93.3	Uncharacterized membrane protein	IPR018723	SAMN05428989_1351
3_1	AF4	A0A7W3JQ37-F1	Microbacterium halimionae	93.3	Putative membrane protein	IPR018723	FHX48_002046
3_1	AF4	A0A1H1UEW0-F1	Halopseudomonas sabulinigri	93.3	Uncharacterized membrane protein	IPR018723	SAMN05216271_2535
3_1	AF4	A0A380MSS2-F1	Suttonella ornithocola	93.3	Predicted membrane protein (DUF2254)	IPR018723	NCTC13337_01476
3_1	AF4	A0A4Q0GQF3-F1	Sphingomonas sp	93.2	DUF2254 domain-containing protein	IPR018723	EQZ23_00620
3_1	AF4	A0A7X6WAX0-F1	Halopseudomonas formosensis	93.2	DUF2254 domain-containing protein	IPR018723	GX789_13790
3_1	AF4	A0A6J4C1F4-F1	Sphingomonas sp	93.2	DUF2254 domain-containing protein	IPR018723	HMP09_3271
3_1	AF4	A7K312-F1	strain Ex25	93.2	DUF2254 domain-containing protein	IPR018723	VEx25_1944
3_1	AF4	S5J8G8-F1	Vibrio parahaemolyticus O1:Kuk str	93.2	DUF2254 domain-containing protein	IPR018723	M634_15740
3_1	AF4	A0A254UK29-F1	Thioclava sp	93.2	DUF2254 domain-containing protein	IPR018723	B6V73_15320
3_1	AF4	A0A1E4ASG8-F1	Erythrobacter sp	93.2	DUF2254 domain-containing protein	IPR018723	ABS49_13090
3_1	AF4	A0A4R2Q5M3-F1	Rhodovulum marinum	93.2	Putative membrane protein	IPR018723	EV662_101241
3_1	AF4	A0A7W3Y4Y5-F1	Lysobacter spongiae	93.2	DUF2254 domain-containing protein	IPR018723	H4F98_01775
3_1	AF4	A0A2K8WI02-F1	Sagittula sp	93.2	DUF2254 domain-containing protein	IPR018723	CDO87_18665
3_1	AF4	A0A6L6IW78-F1	Paracoccus sp	93.2	DUF2254 domain-containing protein	IPR018723	GL284_10790
3_1	AF4	A0A341EHU7-F1	Sulfitobacter sp	93.2	DUF2254 domain-containing protein	IPR018723,IPR036566	A3722_12040
3_1	AF4	A0A2U0SM07-F1	Pasteurella langaaensis	93.2	Putative membrane protein	IPR018723	C8D76_1142
3_1	AF4	A0A430CJ31-F1	Sphingomonas sp	93.2	DUF2254 domain-containing protein	IPR018723	BRX36_12055
3_1	AF4	A0A842HNI8-F1	Pusillimonas minor	93.2	DUF2254 domain-containing protein	IPR018723	GTU67_00930
3_1	AF4	A0A2T7WB03-F1	Agrobacterium tumefaciens	93.2	DUF2254 domain-containing protein	IPR018723	DC415_01900
3_1	AF4	A0A521FNR7-F1	Thalassobius litoralis	93.2	Uncharacterized membrane protein	IPR018723	SAMN06265173_13437
3_1	AF4	A0A139TTE3-F1	Akkermansia sp	93.2	DUF2254 domain-containing protein	IPR018723	HMPREF3039_00848
3_1	AF4	A0A1H0KTB3-F1	Sulfitobacter litoralis	93.2	DUF2254 domain-containing protein (Uncharacterized membrane protein)	IPR018723	ENH63_00955 ENH83_01240 SAMN04488512_10418
3_1	AF4	A0A0P7DBS0-F1	Vibrio alginolyticus	93.2	DUF2254 domain-containing protein	IPR018723	AOG25_22000
3_1	AF4	A0A219B497-F1	Pacificimonas flava	93.2	DUF2254 domain-containing protein	IPR018723	B5C34_05475
3_1	AF4	A0A2S1M6H8-F1	Vibrio parahaemolyticus	93.2	DUF2254 domain-containing protein	IPR018723	C9I78_01785
3_1	AF4	A0A2G2EX84-F1	Methylophaga sp	93.2	DUF2254 domain-containing protein	IPR018723	COA34_01920 COA34_21970
3_1	AF4	A0A167GVV1-F1	Sulfitobacter sp	93.1	DUF2254 domain-containing protein	IPR018723,IPR036566	A3734_08295
3_1	AF4	A0A0D1F5G2-F1	Vibrio parahaemolyticus	93.1	Whole genome shotgun sequence	IPR018723	H334_17740
3_1	AF4	A0A3S9W875-F1	Microbacterium lemovicicum	93.1	DUF2254 domain-containing protein	IPR018723	CVS47_00873
3_1	AF4	A0A1G8IAM0-F1	Salipiger marinus	93.1	Uncharacterized membrane protein	IPR018723	SAMN04487993_1001328
3_1	AF4	A0A4R8FWV5-F1	Rhodovulum visakhapatnamense	93.1	Putative membrane protein	IPR018723	EV657_11375
3_1	AF4	A0A7W4V5W2-F1	Microbacterium endophyticum	93.1	Putative membrane protein	IPR018723	FHX49_002423
3_1	AF4	A0A7Z2AMY6-F1	Brevundimonas sp	93.1	DUF2254 domain-containing protein	IPR018723,IPR036566	E4M01_04350
3_1	AF4	A0A7Y7A4R5-F1	Rhodobacteraceae bacterium	93.1	DUF2254 domain-containing protein	IPR018723	HWE37_11125
3_1	AF4	A0A1Q4CR10-F1	Rhodobacterales bacterium	93.1	DUF2254 domain-containing protein	IPR018723	BGP11_14835
3_1	AF4	A0A2A3JRT5-F1	Yangia mangrovi	93.1	Cellulose-binding protein	IPR018723	CLG85_21255
3_1	AF4	A0A0D6AZN2-F1	Rhodobacter sulfidophilus	93.1	DUF2254 domain-containing protein	IPR018723	NHU_01143
3_1	AF4	A0A3T0SHB2-F1	Pseudomonadaceae bacterium	93.1	DUF2254 domain-containing protein	IPR018723	C1896_12980
3_1	AF4	A0A411LLN3-F1	Pseudomonas paucimobilis	93.1	DUF2254 domain-containing protein	IPR018723	HKX06_14825 I6G38_06035
3_1	AF4	A0A220SQJ7-F1	Alcanivorax sp	93.1	DUF2254 domain-containing protein	IPR018723	CEK62_16195
3_1	AF4	A0A0N1BHA5-F1	Blastomonas sp	93.1	DUF2254 domain-containing protein	IPR018723	IP68_05045
3_1	AF4	A0A2Y9B584-F1	Jannaschia seohaensis	93.1	Putative membrane protein (Uncharacterized membrane protein)	IPR018723	BCF38_12146 SAMN05421539_12146
3_1	AF4	A0A7G2TQX2-F1	Salipiger sp	93.1	Cellulose-binding protein	IPR018723	CMP09_19590
3_1	AF4	A0A3B7CV40-F1	Vibrio sp	93.1	DUF2254 domain-containing protein	IPR018723	DBX26_13125
3_1	AF4	N6Y1H3-F1	Thauera aminoaromatica	93.1	DUF2254 domain-containing protein	IPR018723	C665_03397
3_1	AF4	A0A3D2SUT3-F1	Rhodospirillaceae bacterium	93.1	DUF2254 domain-containing protein	IPR018723	DHW10_04895
3_1	AF4	I1XF29-F1	Methylophaga nitratireducenticrescens	93.1	Putative membrane protein	IPR018723	Q7A_139 CDW43_00640
3_1	AF4	A0A1N6KC85-F1	Rhodovulum sp	93.1	Uncharacterized membrane protein	IPR018723	SAMN05444722_3324
3_1	AF4	A0A507ZXT7-F1	Lysobacter maris	93.1	DUF2254 domain-containing protein	IPR018723	FKV24_016205 FKV24_16275
3_1	AF4	A0A1B3N867-F1	Blastomonas sp	93.1	DUF2254 domain-containing protein	IPR018723	BSY18_2338
3_1	AF4	Q5P531-F1	strain EbN1	93.1	Conserved hypothetical membrane protein	IPR018723	ebA2590
3_1	AF4	A0A508A2D4-F1	Lysobacter aestuarii	93.0	DUF2254 domain-containing protein	IPR018723	FKV25_11525
3_1	AF4	A0A1B6YV73-F1	Jannaschia sp	93.0	DUF2254 domain-containing protein	IPR018723	A8B78_17765
3_1	AF4	A0A3A3DPB7-F1	Paracoccus sp	93.0	DUF2254 domain-containing protein	IPR018723	DWB67_02605
3_1	AF4	A0A4P6MIX1-F1	Thalassococcus sp	93.0	DUF2254 domain-containing protein	IPR018723	CFI11_10580
3_1	AF4	A0A2M8CWH7-F1	Alphaproteobacteria bacterium	93.0	DUF2254 domain-containing protein	IPR018723	CO093_08810
3_1	AF4	A0A847DYY2-F1	Limnobacter sp	93.0	DUF2254 domain-containing protein	IPR018723	GX644_14840
3_1	AF4	A0A1Z2LEP4-F1	Stenotrophomonas sp	93.0	DUF2254 domain-containing protein	IPR018723	CCR98_00595
3_1	AF4	A0A0Q5DUM8-F1	Methylobacterium sp	93.0	DUF2254 domain-containing protein	IPR018723	ASF58_03420
3_1	AF4	A0A1Y5SIP2-F1	Roseovarius litorisediminis	93.0	DUF2254 domain-containing protein	IPR018723	PEL8287_01974
3_1	AF4	A0A3L7JAS0-F1	Notoacmeibacter ruber	93.0	DUF2254 domain-containing protein	IPR018723	D8780_06065
3_1	AF4	A0A2D8WXH0-F1	Paracoccus sp	93.0	DUF2254 domain-containing protein	IPR018723	CMI50_05335
3_1	AF4	A0A2W6UZ84-F1	Microbacterium sp	93.0	DUF2254 domain-containing protein	IPR018723	DI573_00780
3_1	AF4	A0A520HZK0-F1	Sphingomonas sp	93.0	DUF2254 domain-containing protein	IPR018723	EOP68_02400
3_1	AF4	A0A380MYX5-F1	Suttonella indologenes	93.0	Predicted membrane protein (DUF2254)	IPR018723	NCTC10717_01611
3_1	AF4	A0A7W6M741-F1	Sulfitobacter noctilucicola	93.0	Putative membrane protein	IPR018723	GGR93_001417
3_1	AF4	A0A845BHH7-F1	Roseomonas coralli	93.0	DUF2254 domain-containing protein	IPR018723	E0493_06030
3_1	AF4	A0A179CW63-F1	Bibersteinia trehalosi	93.0	Membrane protein	IPR018723	F480_05470
3_1	AF4	A0A7V8P9A5-F1	Acinetobacter indicus	93.0	DUF2254 domain-containing protein	IPR018723	HMI53_14145
3_1	AF4	A0A2G2CJE1-F1	Sphingopyxis sp	93.0	DUF2254 domain-containing protein	IPR018723	COA41_19045
3_1	AF4	A0A2S5K7S6-F1	Pantoea sp	93.0	DUF2254 domain-containing protein	IPR018723	C1Y41_16960
3_1	AF4	A0A1N6XMT1-F1	Bosea sp	93.0	Uncharacterized membrane protein	IPR018723	SAMN05880592_10888
3_1	AF4	A0A378R7J0-F1	Moraxella caviae	93.0	Predicted membrane protein (DUF2254)	IPR018723	NCTC10293_00191
3_1	AF4	A0A848TBW7-F1	Silicimonas sp	93.0	DUF2254 domain-containing protein	IPR018723	HKO14_08265
3_1	AF4	A0A1Y5TIG3-F1	Palleronia marisminoris	93.0	DUF2254 domain-containing protein	IPR018723	PAM7066_03230
3_1	AF4	A0A4V1M8M4-F1	Stenotrophomonas sp	93.0	DUF2254 domain-containing protein	IPR018723	ERT44_11940
3_1	AF4	A0A0Q6E1D9-F1	Aureimonas sp	93.0	DUF2254 domain-containing protein	IPR018723	ASG54_15355
3_1	AF4	A0A545BB92-F1	Rhodobacteraceae bacterium	93.0	DUF2254 domain-containing protein	IPR018723	ERN12_08435
3_1	AF4	A0A2U1V869-F1	Roseomonas aestuarii	92.9	DUF2254 domain-containing protein	IPR018723	CR165_04380
3_1	AF4	A0A4U1KMA2-F1	Agrobacterium tumefaciens	92.9	DUF2254 domain-containing protein	IPR018723	CFBP5506_06250
3_1	AF4	M4R344-F1	Bibersteinia trehalosi	92.9	DUF2254 domain-containing protein	IPR018723	WQG_1800
3_1	AF4	A0A3N1NY74-F1	Marinimicrobium koreense	92.9	Putative membrane protein	IPR018723	EDC38_0869
3_1	AF4	A0A071LU80-F1	Mangrovibacter sp	92.9	DUF2254 domain-containing protein	IPR018723	DT73_14580
3_1	AF4	A0A7W3U5L2-F1	Lysobacter penaei	92.9	DUF2254 domain-containing protein	IPR018723	H4F99_12470
3_1	AF4	A0A222WXP8-F1	Blastomonas fulva	92.9	DUF2254 domain-containing protein	IPR018723	B5J99_03245
3_1	AF4	A0A0T6ULF6-F1	Pseudomonas sp	92.9	DUF2254 domain-containing protein	IPR018723	AO726_16570
3_1	AF4	A0A7Y2HPE3-F1	Gemmatimonadetes bacterium	92.9	DUF2254 domain-containing protein	IPR018723	HKN71_07570
3_1	AF4	A0A0N1B3F8-F1	Bosea sp	92.9	DUF2254 domain-containing protein	IPR018723	IP69_14555
3_1	AF4	A0A2I3CB33-F1	Vibrio alginolyticus 	92.9	DUF2254 domain-containing protein	IPR018723	N646_1733
3_1	AF4	A0A0Q5L1I2-F1	Acidovorax sp	92.9	DUF2254 domain-containing protein	IPR018723	ASF94_14250
3_1	AF4	A0A3S0HHP4-F1	Pseudomonas maltophilia	92.9	DUF2254 domain-containing protein	IPR018723	EKL94_06290
3_1	AF4	W0R2J9-F1	Bibersteinia trehalosi	92.9	DUF2254 domain-containing protein	IPR018723	F544_1340
3_1	AF4	A0A841L9F5-F1	Polymorphobacter multimanifer	92.9	Putative membrane protein	IPR018723	FHS79_001762
3_1	AF4	A0A7Y0S117-F1	Vibrio parahaemolyticus	92.9	DUF2254 domain-containing protein	IPR018723	HKB21_01495
3_1	AF4	A0A501WWP6-F1	Amaricoccus solimangrovi	92.9	DUF2254 domain-containing protein	IPR018723	FJM51_05130
3_1	AF4	A0A2U2CLL2-F1	Maritimibacter sp	92.9	DUF2254 domain-containing protein	IPR018723	DDZ14_08285
3_1	AF4	A0A6B2JJV1-F1	Pseudoroseicyclus tamaricis	92.9	DUF2254 domain-containing protein	IPR018723	GZA08_12225
3_1	AF4	U3A592-F1	Vibrio proteolyticus	92.9	DUF2254 domain-containing protein	IPR018723	VPR01S_20_00350
3_1	AF4	A0A1T4W2P5-F1	Thiothrix eikelboomii	92.9	Uncharacterized membrane protein	IPR018723	SAMN02745130_00839
3_1	AF4	A0A1V0BF72-F1	Comamonas kerstersii	92.9	DUF2254 domain-containing protein	IPR018723	B5M06_10325
3_1	AF4	A0A2N8K1R5-F1	Sinorhizobium sp	92.9	DUF2254 domain-containing protein	IPR018723	CN933_11965
3_1	AF4	A0A0M0HW40-F1	Vibrio hepatarius	92.9	DUF2254 domain-containing protein	IPR018723	AKJ31_18415
3_1	AF4	A0A171KPK2-F1	Kerstersia gyiorum	92.8	DUF2254 domain-containing protein	IPR018723	AAV32_14865
3_1	AF4	A0A7V8RD94-F1	Sphingomonas ursincola	92.8	DUF2254 domain-containing protein	IPR018723	FG486_08445
3_1	AF4	A0A2U9TCG6-F1	Lysobacter maris	92.8	DUF2254 domain-containing protein	IPR018723	C9I47_1558
3_1	AF4	A0A0Q2Z2U1-F1	Loktanella sp	92.8	DUF2254 domain-containing protein	IPR018723	AN189_04140
3_1	AF4	A0A3S3U8T0-F1	Gemmobacter intermedius	92.8	DUF2254 domain-containing protein	IPR018723	EP867_14230
3_1	AF4	A0A0D6PIA7-F1	Acidocella aminolytica	92.8	DUF2254 domain-containing protein	IPR018723	Aam_092_013
3_1	AF4	A0A285IZ65-F1	Pseudooceanicola antarcticus	92.8	Uncharacterized membrane protein	IPR018723	SAMN06297129_2494
3_1	AF4	A0A4R2MZV6-F1	Bisgaardia hudsonensis	92.8	Putative membrane protein	IPR018723	EV697_10649
3_1	AF4	A0A7W0SU64-F1	Chloroflexia bacterium	92.8	DUF2254 domain-containing protein	IPR018723	H0T93_10585
3_1	AF4	A0A1I6C0V7-F1	Halopseudomonas formosensis	92.8	Uncharacterized membrane protein	IPR018723	SAMN05216578_11032
3_1	AF4	I4W0M5-F1	Rhodanobacter sp	92.8	DUF2254 domain-containing protein	IPR018723	UU5_13242
3_1	AF4	A0A3S5GHP6-F1	Stenotrophomonas sp	92.8	DUF2254 domain-containing protein	IPR018723	C1924_10095
3_1	AF4	A0A432W1H7-F1	Aliidiomarina minuta	92.8	DUF2254 domain-containing protein	IPR018723	CWE09_13670
3_1	AF4	A0A7W9FKV9-F1	Prosthecomicrobium pneumaticum	92.8	Putative membrane protein	IPR018723	GGQ63_000745
3_1	AF4	A0A386TE57-F1	Sulfitobacter sp	92.8	DUF2254 domain-containing protein	IPR018723,IPR036566	B5M07_10240
3_1	AF4	A0A5N7YD09-F1	Starkeya sp	92.8	DUF2254 domain-containing protein	IPR018723	E2577_06370
3_1	AF4	W9GD70-F1	Intrasporangium chromatireducens	92.8	DUF2254 domain-containing protein	IPR018723	N864_04520
3_1	AF4	A0A4S3MJQ7-F1	Gemmobacter aestuarii	92.8	DUF2254 domain-containing protein	IPR018723	E7811_16490
3_1	AF4	A3K187-F1	Sagittula stellata	92.8	DUF2254 domain-containing protein	IPR018723	SSE37_03535
3_1	AF4	A0A4S5JHK7-F1	Methylophaga sp	92.8	DUF2254 domain-containing protein	IPR018723	E8Q33_07450
3_1	AF4	A0A0C9NDG1-F1	Sphingomonas paucimobilis	92.8	DNA, contig: SP636	IPR018723	SP6_36_00410
3_1	AF4	A0A7W6DQD1-F1	Sagittula marina	92.8	Putative membrane protein	IPR018723	GGQ68_001346
3_1	AF4	A0A5Q4DK87-F1	Rhodobacteraceae bacterium	92.8	DUF2254 domain-containing protein	IPR018723	EA339_11200
3_1	AF4	A0A6L9FLF1-F1	Vibrio sp	92.8	DUF2254 domain-containing protein	IPR018723	CAG65_11525
3_1	AF4	A0A363S536-F1	Stenotrophomonas sp	92.8	DUF2254 domain-containing protein	IPR018723	DCO49_00520
3_1	AF4	A0A4Y9RH30-F1	Brevundimonas sp	92.8	DUF2254 domain-containing protein	IPR018723,IPR036566	E4M02_03465
3_1	AF4	A0A1B1EF45-F1	Vibrio natriegens	92.8	DUF2254 domain-containing protein	IPR018723	BA894_13365
3_1	AF4	A0A7Z0I253-F1	Rhabdonatronobacter sediminivivens	92.8	DUF2254 domain-containing protein	IPR018723	HUK65_16290
3_1	AF4	G4QBM5-F1	strain MCE3	92.8	DUF2254 domain-containing protein	IPR018723	TASI_1482
3_1	AF4	A0A495S0B7-F1	Microbacterium sp	92.8	Putative membrane protein	IPR018723	DEU37_0164
3_1	AF4	A0A7W2BFK4-F1	Hyphomicrobiales bacterium	92.7	DUF2254 domain-containing protein	IPR018723	H2044_12380
3_1	AF4	A0A8B4G1N3-F1	Klebsiella quasipneumoniae	92.7	Predicted membrane protein (DUF2254)	IPR018723	SAMEA3304021_04836
3_1	AF4	A0A6G8RRR6-F1	Acinetobacter shaoyimingii	92.7	DUF2254 domain-containing protein	IPR018723	G8E00_00140
3_1	AF4	A0A4R6AY46-F1	Fluviibacterium aquatile	92.7	DUF2254 domain-containing protein	IPR018723	E2L05_11135
3_1	AF4	A0A2W4SKK4-F1	Hyphomicrobiales bacterium	92.7	DUF2254 domain-containing protein	IPR018723	DCF30_18445
3_1	AF4	A0A844CP80-F1	Roseovarius bejariae	92.7	DUF2254 domain-containing protein	IPR018723	FDP25_07555
3_1	AF4	A0A5D9CX79-F1	Agrobacterium sp. B1	92.7	DUF2254 domain-containing protein	IPR018723	AGR1_19875
3_1	AF4	A0A238X5P5-F1	Paracoccus sediminis	92.7	Uncharacterized membrane protein	IPR018723	SAMN06265378_10847
3_1	AF4	A0A366BVR4-F1	Rhodovulum sp	92.7	DUF2254 domain-containing protein	IPR018723	DSD19_16795
3_1	AF4	A0A4R2P0G1-F1	Rhodopseudomonas adriatica	92.7	Putative membrane protein	IPR018723	EV656_101226
3_1	AF4	A0A2T6BBK6-F1	Gemmobacter caeni	92.7	Putative membrane protein	IPR018723	C8N34_101328
3_1	AF4	A0A1N7L3B0-F1	Rhodobacter aestuarii	92.7	Uncharacterized membrane protein	IPR018723	SAMN05421580_103211
3_1	AF4	T0AN56-F1	Thauera terpenica	92.7	DUF2254 domain-containing protein	IPR018723	M622_06890
3_1	AF4	A0A1H1T1W5-F1	Agrococcus carbonis	92.7	Uncharacterized membrane protein	IPR018723	SAMN04489719_2557
3_1	AF4	A0A0B1QB75-F1	Aureimonas altamirensis	92.7	DUF2254 domain-containing protein	IPR018723	LA66_05655
3_1	AF4	A0A0B3RTV5-F1	Mameliella alba	92.7	Putative membrane protein	IPR018723	OA50_03967
3_1	AF4	A0A521L8H3-F1	Bosea sp	92.7	DUF2254 domain-containing protein	IPR018723	EPO59_19850
3_1	AF4	A0A2D8A9Q4-F1	Oleibacter sp	92.7	DUF2254 domain-containing protein	IPR018723	CMI13_05340
3_1	AF4	A0A231HLB2-F1	Pusillimonas sp	92.7	DUF2254 domain-containing protein	IPR018723	PuT2_07780
3_1	AF4	A0A427CPT4-F1	Pseudomonas maltophilia	92.7	DUF2254 domain-containing protein	IPR018723	EGJ89_11070
3_1	AF4	A0A4Q3ZFZ7-F1	Tropicimonas sp	92.7	DUF2254 domain-containing protein	IPR018723	EU800_08495
3_1	AF4	A0A848XMB0-F1	Rhodobacteraceae bacterium	92.7	DUF2254 domain-containing protein	IPR018723	HKN63_11865
3_1	AF4	A0A399UA20-F1	Brevundimonas sp	92.7	DUF2254 domain-containing protein	IPR018723	D1604_14425
3_1	AF4	A0A0D1F4R0-F1	Vibrio parahaemolyticus	92.7	Whole genome shotgun sequence	IPR018723	H323_22920
3_1	AF4	A0A330HEL3-F1	Cereibacter johrii	92.7	DUF2254 domain-containing protein	IPR018723	DDV93_05010
3_1	AF4	N9Q8N1-F1	Acinetobacter sp	92.7	DUF2254 domain-containing protein	IPR018723	F890_03637
3_1	AF4	A0A1M5MU45-F1	Marivita hallyeonensis	92.7	Uncharacterized membrane protein	IPR018723	SAMN05443551_0655
3_1	AF4	A0A7Z6W841-F1	Cereibacter sphaeroides f	92.6	DUF2254 domain-containing protein	IPR018723	DWF04_20235
3_1	AF4	A0A2E7J8S3-F1	Oceanospirillaceae bacterium	92.6	DUF2254 domain-containing protein	IPR018723	CMI04_03095
3_1	AF4	A0A1Q9QK94-F1	Rhodobacter sulfidophilus	92.6	DUF2254 domain-containing protein	IPR018723	BV392_02480
3_1	AF4	A0A1E3H875-F1	Methylobrevis pamukkalensis	92.6	DUF2254 domain-containing protein	IPR018723	A6302_00023
3_1	AF4	A0A259M8F5-F1	Rhodobacterales bacterium	92.6	DUF2254 domain-containing protein	IPR018723	B7X55_00475
3_1	AF4	A0A7S7SSG0-F1	Massilia sp	92.6	DUF2254 domain-containing protein	IPR018723	IM543_05265
3_1	AF4	Q164I9-F1	Erythrobacter sp. 	92.6	DUF2254 domain-containing protein	IPR018723	RD1_3094
3_1	AF4	A0A1I1PWN6-F1	Massilia yuzhufengensis	92.6	Uncharacterized membrane protein	IPR018723	SAMN05216204_11751
3_1	AF4	A0A1S7UB49-F1	Agrobacterium salinitolerans str	92.6	DUF2254 domain-containing protein	IPR018723	AGR9A_Lc40502
3_1	AF4	A0A327YD12-F1	Salipiger aestuarii	92.6	Putative membrane protein	IPR018723	ATI53_101366
3_1	AF4	A9E9P8-F1	Sulfitobacter indolifex	92.6	DUF2254 domain-containing protein	IPR018723	OIHEL45_12160
3_1	AF4	A0A546WGY4-F1	Agrobacterium salinitolerans	92.6	DUF2254 domain-containing protein	IPR018723	EXN23_17360
3_1	AF4	A0A1Y6EQM3-F1	Pseudidiomarina planktonica	92.6	Uncharacterized membrane protein	IPR018723	SAMN06297229_0763
3_1	AF4	A0A6B8HM33-F1	Pseudomonas maltophilia	92.6	DUF2254 domain-containing protein	IPR018723	FEO89_00215 I5V54_11590
3_1	AF4	A0A127MHL6-F1	Sphingorhabdus sp	92.6	DUF2254 domain-containing protein	IPR018723	AZE99_13640
3_1	AF4	A0A1I4C8X8-F1	Methylorubrum salsuginis	92.6	Uncharacterized membrane protein	IPR018723	SAMN04488125_104104
3_1	AF4	A0A1N7PG05-F1	Roseivivax lentus	92.6	Uncharacterized membrane protein	IPR018723	SAMN05421759_11553
3_1	AF4	V2TVU1-F1	Acinetobacter indicus	92.6	DUF2254 domain-containing protein	IPR018723	P253_03010
3_1	AF4	A0A2D6H311-F1	Blastomonas sp	92.6	DUF2254 domain-containing protein	IPR018723	CL680_08895
3_1	AF4	A0A1H9T5J3-F1	Halopseudomonas bauzanensis	92.6	Uncharacterized membrane protein	IPR018723	SAMN04487855_1492 SAMN05216589_1821
3_1	AF4	A0A2E2QAA4-F1	Micavibrio sp	92.6	DUF2254 domain-containing protein	IPR018723	CMH32_04535
3_1	AF4	A0A356BHI3-F1	Rheinheimera sp	92.6	DUF2254 domain-containing protein	IPR018723	DD408_16720
3_1	AF4	A0A5P9FAH1-F1	Sulfitobacter sp	92.6	DUF2254 domain-containing protein	IPR018723	FIU94_14765
3_1	AF4	A0A653JNX3-F1	Sphingorhabdus sp	92.6	DUF2254 domain-containing protein	IPR018723	SPHINGOR109_50192
3_1	AF4	A0A365PRT6-F1	Pseudomonas zhaodongensis	92.6	DUF2254 domain-containing protein	IPR018723	DQ403_17010
3_1	AF4	F7ZBA9-F1	Roseobacter litoralis 	92.6	DUF2254 domain-containing protein	IPR018723	RLO149_c023250
3_1	AF4	X7EBL8-F1	Roseivivax halodurans	92.6	DUF2254 domain-containing protein	IPR018723	OCH239_12565
3_1	AF4	A0A1I3MHY9-F1	Jannaschia pohangensis	92.6	Uncharacterized membrane protein	IPR018723	SAMN04488095_1854
3_1	AF4	A0A7Z2RPQ4-F1	Vibrio parahaemolyticus	92.6	DUF2254 domain-containing protein	IPR018723	EHC69_15035 I7278_22450
3_1	AF4	A0A1I0GD06-F1	Paracoccus homiensis	92.6	Uncharacterized membrane protein	IPR018723	SAMN04489858_10879
3_1	AF4	A0A1M6KAN0-F1	Aureimonas altamirensis	92.6	Uncharacterized membrane protein	IPR018723	SAMN02745911_2867
3_1	AF4	A0A1I2H630-F1	Acidovorax wautersii	92.6	Uncharacterized membrane protein	IPR018723	SAMN04489711_11918
3_1	AF4	A0A1B0ZV99-F1	Phaeobacter gallaeciensis	92.6	DUF2254 domain-containing protein	IPR018723,IPR036566	JL2886_03164
3_1	AF4	A0A2N1CSF1-F1	Pseudomonas sp	92.6	DUF2254 domain-containing protein	IPR018723	CXF92_13705
3_1	AF4	A0A4R2KKR0-F1	Rhodovulum euryhalinum	92.6	Putative membrane protein	IPR018723	EV655_107154
3_1	AF4	A0A7G2LYN5-F1	Sulfitobacter sp	92.6	DUF2254 domain-containing protein	IPR018723	DC031_13805
3_1	AF4	A0A1I3Y0G3-F1	Methylophaga sulfidovorans	92.5	Uncharacterized membrane protein	IPR018723	SAMN04488079_10768
3_1	AF4	A0A845UTS9-F1	Salipiger sp	92.5	DUF2254 domain-containing protein	IPR018723	G0D83_27380
3_1	AF4	A0A160MYJ0-F1	Dyella thiooxydans	92.5	DUF2254 domain-containing protein	IPR018723	ATSB10_08760
3_1	AF4	A0A848K9D1-F1	Xanthobacter sp	92.5	Putative membrane protein	IPR018723	FHT36_004733
3_1	AF4	A0A7I6QEL4-F1	Klebsiella sp	92.5	DUF2254 domain-containing protein	IPR018723	WP3W18E02_38010
3_1	AF4	A0A432WD77-F1	Aliidiomarina soli	92.5	DUF2254 domain-containing protein	IPR018723	CWE14_13445
3_1	AF4	A0A7I6QUV0-F1	Klebsiella sp	92.5	DUF2254 domain-containing protein	IPR018723	WP3S18E05_37400
3_1	AF4	A0A175RW07-F1	Aureimonas ureilytica	92.5	DUF2254 domain-containing protein	IPR018723	NS365_03200
3_1	AF4	A0A0A3ARQ8-F1	Chelonobacter oris	92.5	DUF2254 domain-containing protein	IPR018723	OA57_06360
3_1	AF4	A0A1I0DMU2-F1	Marinobacter segnicrescens	92.5	Uncharacterized membrane protein	IPR018723	SAMN04487962_107167
3_1	AF4	A0A1H3ZM60-F1	Alkalimonas amylolytica	92.5	Uncharacterized membrane protein	IPR018723	SAMN04488051_102251
3_1	AF4	A0A1H2TW43-F1	Sulfitobacter pontiacus	92.5	Uncharacterized membrane protein	IPR018723	SAMN04488041_102297
3_1	AF4	A0A4P7RE17-F1	Hydrogenophaga sp	92.5	DUF2254 domain-containing protein	IPR018723	E5678_18940
3_1	AF4	A0A317PZW9-F1	Mangrovibacter plantisponsor	92.5	Putative membrane protein	IPR018723	DES37_107214
3_1	AF4	A0A259QXG4-F1	Xanthomonadales bacterium	92.5	DUF2254 domain-containing protein	IPR018723	B7X39_13210
3_1	AF4	A0A2S4LQB2-F1	Methylobacterium sp	92.5	DUF2254 domain-containing protein	IPR018723	CRT23_01490
3_1	AF4	A0A368YES1-F1	Paracoccus lutimaris	92.5	Putative membrane protein	IPR018723	DFP89_13419
3_1	AF4	N9HI69-F1	Acinetobacter lwoffii	92.5	DUF2254 domain-containing protein	IPR018723	F923_02545
3_1	AF4	A0A520ENF7-F1	Sphingomonas sp	92.5	DUF2254 domain-containing protein	IPR018723	EOP66_15220
3_1	AF4	A0A6S5JGX6-F1	Enterobacter cloacae	92.5	DUF2254 domain-containing protein	IPR018723	WP5S18C02_10270
3_1	AF4	A0A4U0R7X2-F1	Paracoccus hibiscisoli	92.5	DUF2254 domain-containing protein	IPR018723	FA740_10390
3_1	AF4	A0A0F9Q883-F1	marine sediment	92.5	DUF2254 domain-containing protein	IPR018723	LCGC14_0750740
3_1	AF4	A0A4Z1QQ74-F1	Agrobacterium salinitolerans	92.5	DUF2254 domain-containing protein	IPR018723	CFBP5507_18125
3_1	AF4	A0A2T7G047-F1	Thalassorhabdomicrobium marinisediminis	92.5	DUF2254 domain-containing protein	IPR018723	DC363_03980
3_1	AF4	A0A365U629-F1	Rhodosalinus halophilus	92.5	DUF2254 domain-containing protein	IPR018723	DRV85_14200
3_1	AF4	A0A2L1S262-F1	Devosia sp	92.5	DUF2254 domain-containing protein	IPR018723	C4375_01315
3_1	AF4	A0A2D3REE0-F1	Sphingorhabdus sp	92.5	DUF2254 domain-containing protein	IPR018723	CHN51_08950
3_1	AF4	A0A1Y0G0F3-F1	Cellvibrio sp	92.5	DUF2254 domain-containing protein	IPR018723	CBR65_17205
3_1	AF4	A0A3L9Y8M7-F1	Rhodophyticola porphyridii	92.4	DUF2254 domain-containing protein	IPR018723	D9R08_10025
3_1	AF4	A0A1J6X3C8-F1	Acinetobacter sp	92.4	DUF2254 domain-containing protein	IPR018723	BFN00_09915
3_1	AF4	A0A316KV45-F1	Marivita sp	92.4	DUF2254 domain-containing protein	IPR018723	DCO97_07140
3_1	AF4	A0A653JRN1-F1	Burkholderiales bacterium	92.4	DUF2254 domain-containing protein	IPR018723	VARIO8X_50119
3_1	AF4	A0A258DYX6-F1	Rhizobiales bacterium	92.4	DUF2254 domain-containing protein	IPR018723	B7Z15_09190
3_1	AF4	A0A1P8MT60-F1	Tateyamaria omphalii	92.4	DUF2254 domain-containing protein	IPR018723	BWR18_06040
3_1	AF4	A0A2N8SZW3-F1	Pseudomonas perfectomarina	92.4	DUF2254 domain-containing protein	IPR018723	CXL00_03020
3_1	AF4	A0A3A1WX27-F1	Aureimonas flava	92.4	DUF2254 domain-containing protein	IPR018723	D3218_02065
3_1	AF4	A0A2J0PK68-F1	Enterobacter kobei	92.4	DUF2254 domain-containing protein	IPR018723	B9Q37_05750
3_1	AF4	A0A350SU48-F1	Hydrogenophaga sp	92.4	DUF2254 domain-containing protein	IPR018723	DCY64_14970
3_1	AF4	A0A7W6C7E6-F1	Rhizobium skierniewicense	92.4	Putative membrane protein	IPR018723	GGQ73_000142
3_1	AF4	A0A7T7HLS0-F1	Martelella lutilitoris	92.4	DUF2254 domain-containing protein	IPR018723	JET14_04680
3_1	AF4	A0A0J1N101-F1	Citrobacter sp	92.4	DUF2254 domain-containing protein	IPR018723	SK37_03044
3_1	AF4	A0A2E3H603-F1	Pseudooceanicola sp	92.4	DUF2254 domain-containing protein	IPR018723	CML03_12840
3_1	AF4	A0A0D9AQ97-F1	Pseudomonas perfectomarina	92.4	DUF2254 domain-containing protein	IPR018723	UF78_08715
3_1	AF4	A0A6F8Q2P3-F1	Mameliella alba	92.4	DUF2254 domain-containing protein	IPR018723	KU6B_10130
3_1	AF4	A0A858CQ46-F1	Rhodobacteraceae bacterium	92.4	DUF2254 domain-containing protein	IPR018723	G5B39_13460
3_1	AF4	A0A5B9DP83-F1	Youhaiella tibetensis	92.4	DUF2254 domain-containing protein	IPR018723	FNA67_12020
3_1	AF4	A0A345QAF6-F1	Sulfitobacter sp	92.4	DUF2254 domain-containing protein	IPR018723	C1J02_10340
3_1	AF4	A0A0F5LDV1-F1	Devosia soli	92.4	DUF2254 domain-containing protein	IPR018723	VW35_08355
3_1	AF4	A0A2A3VJM3-F1	Xanthomonadaceae bacterium	92.4	DUF2254 domain-containing protein	IPR018723	CMZ82_09670
3_1	AF4	A0A3S7I5H9-F1	Citrobacter sp	92.4	DUF2254 domain-containing protein	IPR018723	C2U53_03660
3_1	AF4	A0A1D9MGP2-F1	Rhodobacter sp	92.4	DUF2254 domain-containing protein	IPR018723	LPB142_06800
3_1	AF4	A0A850K163-F1	Vibrionaceae bacterium	92.4	DUF2254 domain-containing protein	IPR018723	HWE19_08210
3_1	AF4	A0A1M6JU07-F1	Maribius salinus	92.4	Uncharacterized membrane protein	IPR018723	SAMN04488012_110105
3_1	AF4	A0A2J0UAN0-F1	Pseudomonas maltophilia	92.4	DUF2254 domain-containing protein	IPR018723	B9Y64_12790 C7E14_03065 FLFIOBJN_00140
3_1	AF4	A0A0P7IEG9-F1	Neisseria sp	92.4	Membrane protein	IPR018723	AKG09_07355
3_1	AF4	A0A3G8M5A8-F1	Methylocystis rosea	92.4	DUF2254 domain-containing protein	IPR018723	EHO51_10695
3_1	AF4	A0A3P5X3M6-F1	Rhodobacteraceae bacterium	92.4	DUF2254 domain-containing protein	IPR018723	PARPLA_01322
3_1	AF4	A0A2C7A4Q7-F1	Roseomonas rhizosphaerae	92.4	DUF2254 domain-containing protein	IPR018723	CR162_09870
3_1	AF4	A0A1M5MAX1-F1	Pseudomonas xanthomarina	92.3	Uncharacterized membrane protein	IPR018723	SAMN02744645_1194
3_1	AF4	A0A398BYY7-F1	Gemmobacter lutimaris	92.3	DUF2254 domain-containing protein	IPR018723	D2N39_01605
3_1	AF4	A0A5R8QK86-F1	Methylocystis sp	92.3	DUF2254 domain-containing protein	IPR018723	FEV16_01300
3_1	AF4	A0A345R0M0-F1	Sulfitobacter sp	92.3	DUF2254 domain-containing protein	IPR018723	C1J04_09370
3_1	AF4	A0A2E6ZAU0-F1	Rheinheimera sp	92.3	DUF2254 domain-containing protein	IPR018723	CML21_11870
3_1	AF4	A0A0D7L5F6-F1	Citrobacter freundii	92.3	DUF2254 domain-containing protein (Predicted membrane protein (DUF2254))	IPR018723	B9P90_29280 HG694_20715 HV336_19535 NCTC13639_04522
3_1	AF4	C0N357-F1	Methylophaga thiooxydans	92.3	DUF2254 domain-containing protein	IPR018723	MDMS009_639
3_1	AF4	A0A0J7J9P3-F1	Marinobacter subterrani	92.3	Putative membrane protein	IPR018723	Msub_10883
3_1	AF4	A0A2E0VHF9-F1	Porticoccaceae bacterium	92.3	DUF2254 domain-containing protein	IPR018723	CMK32_06905
3_1	AF4	N9M509-F1	Acinetobacter sp	92.3	DUF2254 domain-containing protein	IPR018723	F905_02378
3_1	AF4	W8QXH9-F1	Pseudomonas perfectomarina	92.3	DUF2254 domain-containing protein	IPR018723	CH92_09460
3_1	AF4	A0A654A548-F1	Pseudomonas sp	92.3	DUF2254 domain-containing protein	IPR018723	PSEUDO9AG_40474
3_1	AF4	A0A0J5QLH0-F1	Puniceibacterium sp	92.3	DUF2254 domain-containing protein	IPR018723	IMCC21224_113651
3_1	AF4	A0A1L3SPR8-F1	Aquibium oceanicum	92.3	DUF2254 domain-containing protein	IPR018723	BSQ44_08425
3_1	AF4	A0A7Z9A6W8-F1	Pasteurella multocida	92.3	Membrane protein	IPR018723	NCTC8282_00360
3_1	AF4	A0A433S5M5-F1	Pseudorhodobacter sp	92.3	DUF2254 domain-containing protein	IPR018723	EGN72_07540
3_1	AF4	A0A2S5MF82-F1	Methylocystis sp	92.3	DUF2254 domain-containing protein	IPR018723	CTY36_09890
3_1	AF4	A0A238LCU9-F1	Flavimaricola marinus	92.3	DUF2254 domain-containing protein	IPR018723	LOM8899_01593
3_1	AF4	K2HB91-F1	Oceaniovalibus guishaninsula	92.3	DUF2254 domain-containing protein	IPR018723	OCGS_1893
3_1	AF4	A0A1H1EZK5-F1	Microbacterium sp	92.3	Uncharacterized membrane protein	IPR018723	SAMN04487847_2969
3_1	AF4	A0A1I2RZ66-F1	Sulfitobacter dubius	92.3	Uncharacterized membrane protein	IPR018723	SAMN04488039_101865
3_1	AF4	X7FB84-F1	Roseivivax isoporae	92.3	Membrane protein	IPR018723	RISW2_20440
3_1	AF4	A0A1H8CVD2-F1	Maribius pelagius	92.3	Uncharacterized membrane protein	IPR018723,IPR036566	SAMN04488011_10290
3_1	AF4	A0A852QJJ3-F1	Enterobacter aerogenes	92.3	DUF2254 domain-containing protein	IPR018723	HZS33_03255
3_1	AF4	K9DGE9-F1	Massilia timonae	92.3	DUF2254 domain-containing protein	IPR018723	HMPREF9710_00988
3_1	AF4	A0A7W6F375-F1	Sphingomonas pseudosanguinis	92.3	Putative membrane protein	IPR018723	GGR48_001483
3_1	AF4	A0A4V1V5F7-F1	Salipiger sp	92.3	DUF2254 domain-containing protein	IPR018723	EU805_06840
3_1	AF4	A0A5P9JES1-F1	Maribius sp	92.3	DUF2254 domain-containing protein	IPR018723	FIU81_12490
3_1	AF4	A0A8A8N5B6-F1	Klebsiella grimontii	92.3	DUF2254 domain-containing protein	IPR018723	HV220_28710
3_1	AF4	A0A4R0PI53-F1	Pseudomonas sp	92.3	DUF2254 domain-containing protein	IPR018723	E0D86_19190
3_1	AF4	A0A7X7R811-F1	Thauera phenolivorans	92.3	DUF2254 domain-containing protein	IPR018723	GX576_06865
3_1	AF4	A0A7W2VDF8-F1	Citrobacter sp	92.3	DUF2254 domain-containing protein	IPR018723	HV161_02385
3_1	AF4	A0A7S7AE33-F1	Acinetobacter indicus	92.2	DUF2254 domain-containing protein	IPR018723	G0027_08565
3_1	AF4	E3I1R3-F1	Rhodomicrobium vannielii 	92.2	DUF2254 domain-containing protein	IPR018723	Rvan_0856
3_1	AF4	A0A6N3HIP5-F1	Erwinia herbicola	92.2	DUF2254 domain-containing protein	IPR018723	PALFYP105_01162
3_1	AF4	A0A846VSN5-F1	Rhodobacteraceae bacterium	92.2	DUF2254 domain-containing protein	IPR018723	HGG67_01790
3_1	AF4	A0A7W1WJD3-F1	Paracoccus sp	92.2	DUF2254 domain-containing protein	IPR018723	H1S04_09175
3_1	AF4	A0A238L2X5-F1	Maliponia aquimaris	92.2	DUF2254 domain-containing protein	IPR018723	MAA8898_04042
3_1	AF4	A0A4V7ICH0-F1	Bibersteinia trehalosi	92.2	DUF2254 domain-containing protein	IPR018723	F542_20150
3_1	AF4	A0A4Q7MMC7-F1	Kerstersia gyiorum	92.2	Putative membrane protein	IPR018723	EV679_2081
3_1	AF4	A0A4U0YMR8-F1	Halopseudomonas bauzanensis	92.2	DUF2254 domain-containing protein	IPR018723	FA869_00180
3_1	AF4	A0A1P8UT29-F1	Salipiger abyssi	92.2	Putative membrane protein	IPR018723	Ga0080574_TMP2229
3_1	AF4	A0A1J0WH06-F1	Sulfitobacter alexandrii	92.2	DUF2254 domain-containing protein	IPR018723	BOO69_09350
3_1	AF4	A0A1I1LC56-F1	Pseudooceanicola nitratireducens	92.2	Uncharacterized membrane protein	IPR018723	SAMN05421762_1798
3_1	AF4	A0A017HBU3-F1	Limimaricola hongkongensis	92.2	DUF2254 domain-containing protein	IPR018723	Lokhon_01922
3_1	AF4	F7QPP0-F1	Bradyrhizobiaceae bacterium	92.2	DUF2254 domain-containing protein	IPR018723	CSIRO_3742
3_1	AF4	A0A1S2BKA0-F1	Enterobacter gergoviae	92.2	DUF2254 domain-containing protein	IPR018723	LG71_08985
3_1	AF4	A0A285P1A6-F1	Pseudomonas sp	92.2	Uncharacterized membrane protein	IPR018723	SAMN05660463_02974
3_1	AF4	A0A5S5B4L8-F1	Pseudomonas perfectomarina	92.2	Putative membrane protein	IPR018723	A9A72_12486
3_1	AF4	A0A423S3J8-F1	Pusillimonas sp	92.2	DUF2254 domain-containing protein	IPR018723	CHR62_09495
3_1	AF4	A0A4D9Y6A7-F1	Escherichia coli	92.2	DUF2254 domain-containing protein	IPR018723	ELX96_23865
3_1	AF4	A0A291GCD6-F1	Celeribacter ethanolicus	92.2	DUF2254 domain-containing protein	IPR018723	CEW89_09130
3_1	AF4	D8E4L1-F1	Escherichia coli	92.2	DUF2254 domain-containing protein	IPR018723	HMPREF9346_01399
3_1	AF4	A0A239GLQ4-F1	[Luteovulum] sphaeroides subsp	92.2	Uncharacterized membrane protein	IPR018723	SAMN05421763_102787
3_1	AF4	A0A2S5AH73-F1	Avibacterium endocarditidis	92.2	DUF2254 domain-containing protein	IPR018723	C3Z13_09125
3_1	AF4	A0A1X6YLJ3-F1	Pseudooceanicola marinus	92.2	DUF2254 domain-containing protein	IPR018723	PSM7751_00822
3_1	AF4	A0A2E2D4I4-F1	Methylophaga sp	92.2	DUF2254 domain-containing protein	IPR018723	CMH22_01855
3_1	AF4	A0A7L6PNE3-F1	Citrobacter sp	92.2	DUF2254 domain-containing protein	IPR018723	HV084_26040
3_1	AF4	T5KUQ5-F1	Stenotrophomonas maltophilia	92.2	DUF2254 domain-containing protein	IPR018723	L681_04435
3_1	AF4	A0A483K8D0-F1	Klebsiella quasipneumoniae	92.2	DUF2254 domain-containing protein	IPR018723	ETE84_20750
3_1	AF4	F5SY77-F1	Methylophaga aminisulfidivorans	92.2	Putative membrane protein	IPR018723	MAMP_00365
3_1	AF4	A0A231UT87-F1	Notoacmeibacter marinus	92.2	DUF2254 domain-containing protein	IPR018723	B7H23_13015
3_1	AF4	A0A5B7XNZ9-F1	Leclercia adecarboxylata	92.2	DUF2254 domain-containing protein	IPR018723	FHN83_19850
3_1	AF4	A0A0Q6LE84-F1	Sphingomonas sp	92.2	DUF2254 domain-containing protein	IPR018723	ASG67_03580
3_1	AF4	A0A0M0HJA2-F1	Vibrio nereis	92.1	DUF2254 domain-containing protein	IPR018723	AKJ17_16820
3_1	AF4	A0A2W6SE58-F1	Sphingomonas sp	92.1	DUF2254 domain-containing protein	IPR018723	DI605_09425
3_1	AF4	A0A7L6DMC3-F1	Citrobacter sp	92.1	DUF2254 domain-containing protein	IPR018723	HV320_03830
3_1	AF4	A0A1G7WDE6-F1	Pelagibacterium luteolum	92.1	Uncharacterized membrane protein	IPR018723	SAMN04487974_10679
3_1	AF4	A0A156MUW3-F1	Enterobacter cloacae	92.1	DUF2254 domain-containing protein	IPR018723	J5T73_004170
3_1	AF4	A0A3P5XQA1-F1	Xinfangfangia humi	92.1	DUF2254 domain-containing protein	IPR018723	XINFAN_04082
3_1	AF4	A0A2N4U2M3-F1	Pusillimonas sp	92.1	DUF2254 domain-containing protein	IPR018723	CR159_14630
3_1	AF4	A0A5Q9LNF3-F1	Klebsiella quasipneumoniae	92.1	Predicted membrane protein (DUF2254)	IPR018723	SAMEA104168726_05608 SAMEA3304021_05464
3_1	AF4	U3AMR8-F1	Limimaricola cinnabarinus	92.1	DUF2254 domain-containing protein	IPR018723	MBELCI_2085
3_1	AF4	A0A418ZUG4-F1	Paracoccus aestuarii	92.1	DUF2254 domain-containing protein	IPR018723	D3P06_10900
3_1	AF4	A0A485CVF3-F1	Kluyvera citrophila	92.1	DUF2254 domain-containing protein (Predicted membrane protein (DUF2254))	IPR018723	I8Y10_004469 I8Y10_005083 NCTC12993_07077
3_1	AF4	A0A2D9KY38-F1	Methylophaga sp	92.1	DUF2254 domain-containing protein	IPR018723	CMH17_11715
3_1	AF4	A3PFM0-F1	Rhodobacter sphaeroides	92.1	DUF2254 domain-containing protein	IPR018723	Rsph17029_0016
3_1	AF4	A0A7W9C9B0-F1	Brevundimonas aurantiaca	92.1	Putative membrane protein	IPR018723	GGQ93_003181
3_1	AF4	A0A326KGF4-F1	Brevundimonas sp	92.1	DUF2254 domain-containing protein	IPR018723	DI552_13310
3_1	AF4	A0A657B3D2-F1	Oleiphilus sp	92.1	DUF2254 domain-containing protein	IPR018723	A3750_08155
3_1	AF4	A0A0D6JD67-F1	Candidatus Filomicrobium	92.1	DUF2254 domain-containing protein	IPR018723	YBN1229_v1_1279
3_1	AF4	A0A511F2P7-F1	Methylobacterium dichloromethanicum	92.1	DUF2254 domain-containing protein	IPR018723	MEX01_41620
3_1	AF4	A0A719VEH1-F1	Salmonella enterica subsp	92.1	DUF2254 domain-containing protein	IPR018723	G1Y22_21465 G1Y30_21595
3_1	AF4	A0A1S2NG63-F1	Massilia timonae	92.1	DUF2254 domain-containing protein	IPR018723	LO55_1598
3_1	AF4	A0A426FKM9-F1	Pasteurella trehalosi	92.1	DUF2254 domain-containing protein	IPR018723	EIM44_00830
3_1	AF4	A0A519LWM1-F1	Acidovorax sp	92.1	DUF2254 domain-containing protein	IPR018723	EON49_22495
3_1	AF4	A0A840ZJE5-F1	Methylorubrum rhodinum	92.1	Putative membrane protein	IPR018723	HNR00_002807
3_1	AF4	A0A7D6FI25-F1	Enterobacter cloacae	92.1	DUF2254 domain-containing protein	IPR018723	HV216_23820
3_1	AF4	A0A5S9LW35-F1	Enterobacter hormaechei subsp	92.1	DUF2254 domain-containing protein	IPR018723	
3_1	AF4	A0A1X6ZGQ4-F1	Limimaricola soesokkakensis	92.1	Putative membrane protein	IPR018723	CLV79_10693 LOS8367_02287
3_1	AF4	A0A1H7X6W1-F1	Acinetobacter sp	92.1	Uncharacterized membrane protein	IPR018723	SAMN05216500_11840
3_1	AF4	A0A2E6IVX4-F1	Roseovarius sp	92.1	DUF2254 domain-containing protein	IPR018723	CMN17_00245
3_1	AF4	A0A7W3HRH1-F1	Citrobacter sp	92.1	DUF2254 domain-containing protein	IPR018723	HV034_24970
3_1	AF4	A0A1B7JKK0-F1	Kluyvera georgiana	92.1	DUF2254 domain-containing protein	IPR018723	M989_03677
3_1	AF4	A0A126NRT9-F1	Bosea sp	92.1	DUF2254 domain-containing protein	IPR018723	AXW83_04105
3_1	AF4	A0A5C9DGU1-F1	Methylocystaceae bacterium	92.1	DUF2254 domain-containing protein	IPR018723	FD139_164
3_1	AF4	A0A6I6LR32-F1	Pseudomonas perfectomarina	92.1	DUF2254 domain-containing protein	IPR018723	GQA94_13050
3_1	AF4	A0A6I6IQ96-F1	Roseovarius faecimaris	92.1	DUF2254 domain-containing protein	IPR018723	EI983_13630
3_1	AF4	A0A1Q9KX67-F1	Escherichia coli	92.1	DUF2254 domain-containing protein (Predicted membrane protein (DUF2254))	IPR018723	BON73_13265 BON74_03155 BON77_01250 BON80_22985 BON97_02560 CV83915_01726 E5P31_20910 E5P32_17540 E5P40_19160 EIA08_24200 ELT20_22835 ELT51_23040 ELX85_21880 F9V24_22615 G5603_25125 GRW05_17020 H...
3_1	AF4	A0A2E2FZK7-F1	Oceanospirillaceae bacterium	92.1	DUF2254 domain-containing protein	IPR018723	CMI07_02735
3_1	AF4	A0A3P3DKJ9-F1	Falsigemmobacter faecalis	92.1	DUF2254 domain-containing protein	IPR018723	EG244_09835
3_1	AF4	A0A3S7QGS1-F1	Enterobacter hormaechei	92.1	DUF2254 domain-containing protein	IPR018723	
3_1	AF4	A0A4R2NCG1-F1	Nicoletella semolina	92.1	Putative membrane protein	IPR018723	EV693_10193
3_1	AF4	A0A1G6SSS9-F1	Paracoccus isoporae	92.1	Uncharacterized membrane protein	IPR018723	SAMN05421538_10180
3_1	AF4	A0A1B7J8N4-F1	Kluyvera georgiana	92.1	DUF2254 domain-containing protein	IPR018723	M989_04713
3_1	AF4	A0A157Q528-F1	Bordetella ansorpii	92.1	Predicted membrane protein (DUF2254)	IPR018723	SAMEA1982600_03211
3_1	AF4	A0A7Y2TVE3-F1	Boseongicola sp	92.1	DUF2254 domain-containing protein	IPR018723	HKP54_04910
3_1	AF4	A0A5S3QBJ0-F1	Sulfitobacter sabulilitoris	92.1	DUF2254 domain-containing protein	IPR018723	FDT80_02335
3_1	AF4	A0A0K1XE17-F1	Thiopseudomonas alkaliphila	92.1	DUF2254 domain-containing protein	IPR018723	AKN88_06590
3_1	AF4	F4VC53-F1	Escherichia coli	92.1	Putative membrane protein	IPR018723	ECPG_02563
3_1	AF4	A0A4Q5PCU6-F1	Comamonadaceae bacterium	92.1	DUF2254 domain-containing protein	IPR018723	EOO28_25945
3_1	AF4	A0A483SFT0-F1	Klebsiella pneumoniae	92.1	DUF2254 domain-containing protein	IPR018723	ETH61_28050
3_1	AF4	A0A2T2XVX8-F1	Kluyvera genomosp	92.0	DUF2254 domain-containing protein	IPR018723	C8256_22890
3_1	AF4	A0A2V4U7F1-F1	Rhizobium sp	92.0	Putative membrane protein	IPR018723	C8J37_102411
3_1	AF4	A0A3F3P0L2-F1	Escherichia coli	92.0	DUF2254 domain-containing protein	IPR018723	DTL90_15965
3_1	AF4	A0A6C0Y602-F1	Acinetobacter indicus	92.0	DUF2254 domain-containing protein	IPR018723	FSC09_14785
3_1	AF4	A0A2T4YU12-F1	Sphingomonas aerolata	92.0	Putative membrane protein	IPR018723	C8J24_0676
3_1	AF4	A0A0X3YDV6-F1	Rheinheimera sp	92.0	DUF2254 domain-containing protein	IPR018723	AR688_17350
3_1	AF4	A0A0T9V3T9-F1	Yersinia frederiksenii	92.0	Predicted membrane protein (DUF2254)	IPR018723	ERS008521_04414
3_1	AF4	A0A7L6JV55-F1	Citrobacter sp	92.0	DUF2254 domain-containing protein	IPR018723	HV229_25690
3_1	AF4	A0A713YI81-F1	Salmonella enterica subsp	92.0	DUF2254 domain-containing protein	IPR018723	G1S30_21525 G1S46_21265
3_1	AF4	A0A520ZTZ0-F1	Rhodobacteraceae bacterium	92.0	DUF2254 domain-containing protein	IPR018723	EX266_01075
3_1	AF4	A0A1V0RTT2-F1	Roseovarius mucosus	92.0	Cellulose-binding protein	IPR018723	ROSMUCSMR3_03698
3_1	AF4	B5ILQ9-F1	Cyanobium sp	92.0	DUF2254 domain-containing protein	IPR018723	CPCC7001_1388
3_1	AF4	A0A0M1I2G2-F1	Acinetobacter sp	92.0	DUF2254 domain-containing protein	IPR018723	ABW55_10990
3_1	AF4	A0A0P7MIT0-F1	Escherichia coli	92.0	DUF2254 domain-containing protein (Predicted membrane protein (DUF2254))	IPR018723	ACU57_06875 FWK02_14255 HEP30_026490 J5U05_004860 NCTC9036_00271
3_1	AF4	A0A1H9APD4-F1	Thalassobius taeanensis	92.0	Uncharacterized membrane protein	IPR018723	SAMN04488092_102208
3_1	AF4	A0A2H9G5C3-F1	Escherichia coli	92.0	DUF2254 domain-containing protein (Predicted membrane protein (DUF2254))	IPR018723	C2U48_01425 C3F40_04755 E6C80_24005 NCTC10429_05017
3_1	AF4	A0A285SCQ4-F1	Rhodobacter maris	92.0	Uncharacterized membrane protein	IPR018723	SAMN05877831_10453
3_1	AF4	A0A376W0K7-F1	Escherichia coli	92.0	Predicted membrane protein (DUF2254)	IPR018723	NCTC9081_01724
3_1	AF4	A0A2N4UIW5-F1	Pusillimonas sp	92.0	DUF2254 domain-containing protein	IPR018723	CR155_05805
3_1	AF4	A0A2J4VV25-F1	Klebsiella michiganensis	92.0	DUF2254 domain-containing protein	IPR018723	CWN68_01920
3_1	AF4	A0A6G9WB26-F1	Paracoccus sp	92.0	DUF2254 domain-containing protein	IPR018723	FIU66_12290
3_1	AF4	A0A8B6AEA4-F1	Enterobacter hormaechei	92.0	Predicted membrane protein (DUF2254)	IPR018723	SAMEA2053780_04041
3_1	AF4	A0A241QEH4-F1	Citrobacter freundii	92.0	DUF2254 domain-containing protein	IPR018723	HV336_25165
3_1	AF4	A0A7W3D9R1-F1	Citrobacter freundii	92.0	DUF2254 domain-containing protein	IPR018723	HV077_24855
3_1	AF4	A0A719T1P1-F1	Salmonella enterica subsp	92.0	DUF2254 domain-containing protein	IPR018723	G1Y48_20495
3_1	AF4	A0A379ASQ9-F1	Pasteurella avium	92.0	Membrane protein	IPR018723	NCTC11297_01712
3_1	AF4	B7KRU3-F1	Methylobacterium extorquens	92.0	DUF2254 domain-containing protein	IPR018723	Mchl_1425
3_1	AF4	A0A2N9AVS2-F1	Methylobacterium dichloromethanicum	92.0	DUF2254 domain-containing protein	IPR018723	TK0001_4856
3_1	AF4	A0A1Y5TBZ2-F1	Roseisalinus antarcticus	92.0	DUF2254 domain-containing protein	IPR018723	ROA7023_02783
3_1	AF4	A0A7Y1T3J1-F1	Winogradskyella sp	92.0	DUF2254 domain-containing protein	IPR018723	HKN99_11555
3_1	AF4	A0A2D8LC35-F1	Rhodobacteraceae bacterium	92.0	DUF2254 domain-containing protein	IPR018723	CML55_12920
3_1	AF4	A0A172WVC6-F1	Pseudomonas perfectomarina	92.0	DUF2254 domain-containing protein	IPR018723	PS273GM_21100
3_1	AF4	A0A1I1V2U0-F1	Sulfitobacter brevis	92.0	Uncharacterized membrane protein	IPR018723,IPR036566	SAMN04488523_102346
3_1	AF4	A0A486UEP8-F1	Klebsiella pneumoniae	92.0	Predicted membrane protein (DUF2254)	IPR018723	SAMEA4873645_05176 SAMEA4873656_05427
3_1	AF4	A0A2S2DGS6-F1	Massilia oculi	92.0	DUF2254 domain-containing protein	IPR018723	DIR46_08880
3_1	AF4	A0A097ERZ0-F1	Francisella sp	92.0	Phage protein	IPR018723	LO80_09095
3_1	AF4	A0A8B3M995-F1	Escherichia coli	92.0	DUF2254 domain-containing protein	IPR018723	CIG67_00225
3_1	AF4	A0A0C3HNP0-F1	Vibrio mytili	92.0	DUF2254 domain-containing protein	IPR018723	SU60_17485
3_1	AF4	Q0FMN3-F1	Pelagibaca bermudensis	92.0	Cellulose-binding protein	IPR018723	R2601_15250
3_1	AF4	A0A1N7KQ70-F1	Oleibacter marinus	92.0	Uncharacterized membrane protein	IPR018723	SAMN05421686_10326
3_1	AF4	A0A3S5I4A0-F1	Citrobacter freundii	92.0	DUF2254 domain-containing protein	IPR018723	
3_1	AF4	A0A0C6F8C6-F1	Methylobacterium aquaticum	92.0	Predicted membrane protein	IPR018723	Maq22A_c06305
3_1	AF4	A0A376J243-F1	Escherichia coli	92.0	Predicted membrane protein (DUF2254)	IPR018723	NCTC10764_00009
3_1	AF4	A0A2J0Z5T7-F1	Ensifer meliloti	92.0	DUF2254 domain-containing protein	IPR018723	CEJ86_09235
3_1	AF4	A0A7H0MYU0-F1	Enterobacter roggenkampii	92.0	DUF2254 domain-containing protein	IPR018723	HV266_24270
3_1	AF4	A0A443WN12-F1	Klebsiella michiganensis	92.0	DUF2254 domain-containing protein	IPR018723	DN619_06905 HV187_30440 L373_05747
3_1	AF4	A0A3D2M353-F1	Pseudomonas sp	92.0	DUF2254 domain-containing protein	IPR018723	DHV63_06705
3_1	AF4	A0A2G1MK52-F1	Limimaricola cinnabarinus	92.0	DUF2254 domain-containing protein	IPR018723	CJ301_00910
3_1	AF4	A0A378GP40-F1	Kluyvera ascorbata	92.0	Predicted membrane protein (DUF2254)	IPR018723	NCTC9737_02759
3_1	AF4	W1EEC3-F1	Klebsiella pneumoniae	92.0	DUF2254 domain-containing protein	IPR018723	
3_1	AF4	A0A716QHD8-F1	Salmonella enterica subsp	92.0	DUF2254 domain-containing protein	IPR018723	G1S03_21455 G1S18_21135 G1S26_21245 G1S82_21470 G1U67_21490 G1V11_21225
3_1	AF4	A0A7Z8BV95-F1	Enterobacter hormaechei	92.0	DUF2254 domain-containing protein	IPR018723	E2644_25315
3_1	AF4	A3T1A2-F1	strain NAS-14.1	92.0	DUF2254 domain-containing protein	IPR018723	NAS141_19799
3_1	AF4	A0A5U6TN90-F1	Salmonella choleraesuis	92.0	DUF2254 domain-containing protein	IPR018723	BRP53_23690 BRP54_23710 LB15_24915
3_1	AF4	A0A6L9KIP2-F1	Paludibacter sp	92.0	DUF2254 domain-containing protein	IPR018723	GZ091_12660
3_1	AF4	A0A486W1K4-F1	Klebsiella pneumoniae	92.0	Predicted membrane protein (DUF2254)	IPR018723	SAMEA4873629_05029
3_1	AF4	A0A1E3GVT0-F1	Methylophaga muralis	92.0	DUF2254 domain-containing protein	IPR018723	A9E74_00151
3_1	AF4	A0A448SKV5-F1	Serratia marinorubra	91.9	Predicted membrane protein (DUF2254)	IPR018723	NCTC10036_03271
3_1	AF4	A0A3G6W6M6-F1	Rhodobacter sphaeroides	91.9	DUF2254 domain-containing protein	IPR018723	EBL86_16100
3_1	AF4	A0A064DVA0-F1	Citrobacter freundii	91.9	DUF2254 domain-containing protein	IPR018723	AF42_02149
3_1	AF4	A0A1J4NCA6-F1	Acinetobacter sp	91.9	DUF2254 domain-containing protein	IPR018723	BK820_13670
3_1	AF4	A0A0N7HZ48-F1	Brevundimonas sp	91.9	DUF2254 domain-containing protein	IPR018723	JL11_00955
3_1	AF4	Q3IY56-F1	Rhodobacter sphaeroides	91.9	Putative membrane protein	IPR018723	RSP_1348
3_1	AF4	A0A1P8PNU2-F1	Acinetobacter schindleri	91.9	DUF2254 domain-containing protein	IPR018723	AsACE_CH02867
3_1	AF4	A0A1M7I131-F1	Roseovarius litoreus	91.9	Uncharacterized membrane protein	IPR018723	SAMN05443432_106224
3_1	AF4	A9EG26-F1	Sulfitobacter indolifex	91.9	Predicted membrane protein	IPR018723	OIHEL45_20261
3_1	AF4	A0A1Q9AQG0-F1	Rhizobium rhizosphaerae	91.9	DUF2254 domain-containing protein	IPR018723	BJF92_21675
3_1	AF4	A0A370FHJ5-F1	Pseudacidovorax intermedius	91.9	Putative membrane protein	IPR018723	DFR41_103383
3_1	AF4	A0A379AXN8-F1	Pasteurella gallinarum	91.9	Membrane protein	IPR018723	NCTC11188_01143
3_1	AF4	A0A7X3FNG6-F1	Devosia marina	91.9	DUF2254 domain-containing protein	IPR018723	GO014_01050
3_1	AF4	A0A5F0QB48-F1	Escherichia coli	91.9	DUF2254 domain-containing protein	IPR018723	ELT49_01635
3_1	AF4	A0A857EPH0-F1	Mannheimia ovis	91.9	DUF2254 domain-containing protein	IPR018723	GM695_04205
3_1	AF4	F0Q8I5-F1	Acidovorax avenae 	91.9	DUF2254 domain-containing protein	IPR018723	Acav_4415
3_1	AF4	A0A844TKT5-F1	Bordetella sp	91.9	DUF2254 domain-containing protein	IPR018723	GOQ28_04065
3_1	AF4	A0A2T8HY71-F1	Pararhodobacter oceanensis	91.9	DUF2254 domain-containing protein	IPR018723	DDE20_02105
3_1	AF4	A0A1R3U670-F1	Agrobacterium sp	91.9	DUF2254 domain-containing protein	IPR018723	DSM25558_5304
3_1	AF4	A0A447SSN4-F1	Pasteurella volantium	91.9	Predicted membrane protein (DUF2254)	IPR018723	NCTC3438_01820
3_1	AF4	A0A5N0KR46-F1	Stenotrophomonas cyclobalanopsidis	91.9	DUF2254 domain-containing protein	IPR018723	FJU31_06005
3_1	AF4	A0A1Q8SZN6-F1	Salinicola sp	91.9	DUF2254 domain-containing protein	IPR018723	BTW08_14650
3_1	AF4	A0A1G7CPW4-F1	Salipiger thiooxidans	91.9	Uncharacterized membrane protein	IPR018723	SAMN04488105_103249
3_1	AF4	A0A3N2RN52-F1	Kluyvera ascorbata	91.9	DUF2254 domain-containing protein	IPR018723	EB837_25980
3_1	AF4	A0A420XES3-F1	Otariodibacter oris	91.9	Putative membrane protein	IPR018723	DES31_1833
3_1	AF4	A0A2X7P031-F1	Escherichia coli	91.9	DUF2254 domain-containing protein (Predicted membrane protein (DUF2254))	IPR018723	FJQ40_20175 NCTC9044_02806
3_1	AF4	I4T6Y7-F1	Escherichia coli	91.9	DUF2254 domain-containing protein	IPR018723	EC54115_01613
3_1	AF4	A0A4Q5NX51-F1	Bradyrhizobiaceae bacterium	91.9	DUF2254 domain-containing protein	IPR018723	EON84_22400
3_1	AF4	A0A350QIY6-F1	Candidatus Azambacteria	91.9	DUF2254 domain-containing protein	IPR018723	DCX24_12785
3_1	AF4	A0A1W6RJG1-F1	Methylorubrum zatmanii	91.9	DUF2254 domain-containing protein	IPR018723	B2G69_13605
3_1	AF4	A0A447IKK4-F1	Paracoccus haematequi	91.9	DUF2254 domain-containing protein	IPR018723	PARHAE_01207
3_1	AF4	A0A1H3PHR9-F1	Jannaschia faecimaris	91.9	Uncharacterized membrane protein	IPR018723	SAMN05444004_10511
3_1	AF4	Q1GEB0-F1	strain TM1040	91.9	DUF2254 domain-containing protein	IPR018723	TM1040_2274
3_1	AF4	A0A839YI40-F1	Limimaricola variabilis	91.9	Putative membrane protein	IPR018723	FHS00_000367
3_1	AF4	B4WE34-F1	Brevundimonas sp	91.9	DUF2254 domain-containing protein	IPR018723	BBAL3_1126
3_1	AF4	A0A285IC89-F1	Rheinheimera tuosuensis	91.9	Uncharacterized membrane protein	IPR018723	SAMN06297280_0929
3_1	AF4	A0A1Q8SRF7-F1	Salinicola socius	91.9	DUF2254 domain-containing protein	IPR018723	BTW07_12005
3_1	AF4	A0A853WBB9-F1	Escherichia coli	91.9	DUF2254 domain-containing protein	IPR018723	BJI68_06695
3_1	AF4	A0A1M7ZPG7-F1	Pseudoxanthobacter soli	91.9	Uncharacterized membrane protein	IPR018723	SAMN02745172_03453
3_1	AF4	A0A246KUX3-F1	Stenotrophomonas pavanii	91.9	DUF2254 domain-containing protein	IPR018723	CEE55_17480
3_1	AF4	A0A483R1X6-F1	Klebsiella pneumoniae	91.9	DUF2254 domain-containing protein	IPR018723	ETH48_26355
3_1	AF4	A0A5C2C484-F1	Francisella marina	91.9	DUF2254 domain-containing protein	IPR018723	F0R75_05545
3_1	AF4	A0A7H9K2R2-F1	Enterobacter cloacae	91.9	DUF2254 domain-containing protein	IPR018723	HV217_24475
3_1	AF4	A0A7V7PRJ9-F1	Aureimonas leprariae	91.9	DUF2254 domain-containing protein	IPR018723	F6X38_05715
3_1	AF4	A0A7W3GBQ8-F1	Klebsiella sp	91.9	DUF2254 domain-containing protein	IPR018723	HV127_29330
3_1	AF4	A0A5B0K0U0-F1	Pseudocitrobacter sp	91.9	DUF2254 domain-containing protein	IPR018723	F0Q32_23625
3_1	AF4	A0A2E7ISG7-F1	Spongiibacteraceae bacterium	91.9	DUF2254 domain-containing protein	IPR018723	CMN85_14260
3_1	AF4	A0A3Y3N7S9-F1	Escherichia coli	91.9	DUF2254 domain-containing protein	IPR018723	ELT16_24455 ELT24_24020 ELT30_24055 ELT34_24175 ELT35_23795 ELT59_24790 ELT63_25140 ELT72_24965 ELU07_24140 ELU82_24425 ELU88_24735 ELU89_23600 ELU98_22700 ELV00_25190 ELV22_23900 ELX68_23530
3_1	AF4	A0A2M8N3N3-F1	Pseudorhodobacter sp	91.9	DUF2254 domain-containing protein	IPR018723	CUR21_00285
3_1	AF4	A0A7Z8BY66-F1	Enterobacter hormaechei	91.9	DUF2254 domain-containing protein (Predicted membrane protein (DUF2254))	IPR018723	E2644_08645 SAMEA2273352_01686
3_1	AF4	A0A0Q5EWK7-F1	Rhizobium sp	91.9	DUF2254 domain-containing protein	IPR018723	ASF69_11845
3_1	AF4	A0A420DIB7-F1	Sulfitobacter guttiformis	91.9	Putative membrane protein	IPR018723	C8N30_3087
3_1	AF4	A0A2I6IFC2-F1	Escherichia coli	91.8	DUF2254 domain-containing protein	IPR018723	BVL39_20190
3_1	AF4	A0A3R0MYF1-F1	Escherichia coli	91.8	DUF2254 domain-containing protein	IPR018723	DNX30_27765
3_1	AF4	A0A7X6H209-F1	Roseibacterium persicicum	91.8	DUF2254 domain-containing protein	IPR018723	HCU73_18020
3_1	AF4	A0A427CGD4-F1	Stenotrophomonas sp	91.8	DUF2254 domain-containing protein	IPR018723	EGJ34_01675
3_1	AF4	N8SLS5-F1	Acinetobacter lwoffii	91.8	DUF2254 domain-containing protein	IPR018723	F980_00235
3_1	AF4	A0A0D0JDZ7-F1	Agrobacterium tumefaciens	91.8	DUF2254 domain-containing protein	IPR018723	RU07_05855
3_1	AF4	G7RV29-F1	Klebsiella pneumoniae	91.8	DUF2254 domain-containing protein (Membrane protein) (Predicted membrane protein (DUF2254)) (Putative membrane protein)	IPR018723	orf44 B5L96_22715 BL124_00021675 EAO17_28600 G7Z27_27215 NCTC13443_07233 PUUH_pUUH2392p0062 SAMEA3499874_05286 SAMEA3499901_04888 SAMEA3512100_04856 SAMEA3538828_04911 SAMEA3720909_04978
3_1	AF4	A0A369QTS5-F1	Rhodovulum sp	91.8	DUF2254 domain-containing protein	IPR018723	DLJ49_20580
3_1	AF4	A0A4S3FLJ9-F1	Massilia sp	91.8	DUF2254 domain-containing protein	IPR018723	C2862_17130
3_1	AF4	A0A3M0F308-F1	Sphingomonas sp	91.8	Putative membrane protein	IPR018723	C8J47_0088
3_1	AF4	A0A7Y9NC30-F1	Stenotrophomonas sp	91.8	Putative membrane protein	IPR018723	HDC96_000521
3_1	AF4	A0A1F8HTF7-F1	Caulobacterales bacterium	91.8	DUF2254 domain-containing protein	IPR018723	A2093_05135
3_1	AF4	R4WK34-F1	Klebsiella pneumoniae subsp	91.8	DUF2254 domain-containing protein	IPR018723	KPX_A0086
3_1	AF4	A0A1N7CGS4-F1	Pseudacidovorax sp	91.8	Uncharacterized membrane protein	IPR018723	SAMN05880557_1154
3_1	AF4	A0A120KNY3-F1	Desulfomicrobium orale	91.8	DUF2254 domain-containing protein	IPR018723	AXF15_09635
3_1	AF4	A0A502DXX6-F1	Variovorax guangxiensis	91.8	DUF2254 domain-containing protein	IPR018723	EAH82_10310
3_1	AF4	A0A719SP89-F1	Salmonella enterica subsp	91.8	DUF2254 domain-containing protein	IPR018723	G1Y24_03115 G1Y25_03115 G1Y28_21600 G1Y35_21530 G1Y47_24750 G1Y60_21660 G1Y73_21570 G1Z02_21235 G1Z11_21025
3_1	AF4	A0A031LHU5-F1	Acinetobacter sp	91.8	Membrane protein	IPR018723	CL42_15305
3_1	AF4	A0A6C7HJU5-F1	strain AKU_12601	91.8	DUF2254 domain-containing protein	IPR018723	SPAP0105
3_1	AF4	A0A0M0PDI9-F1	Pseudomonas maltophilia	91.8	DUF2254 domain-containing protein	IPR018723	B9Y88_20255 BWP19_11140
3_1	AF4	A0A2E1Y280-F1	Phyllobacteriaceae bacterium	91.8	DUF2254 domain-containing protein	IPR018723	CMJ42_19255
3_1	AF4	A0A627DW26-F1	Salmonella senftenberg	91.8	DUF2254 domain-containing protein	IPR018723	AHQ84_24500
3_1	AF4	A0A2R4WEK2-F1	Methylobacterium currus	91.8	DUF2254 domain-containing protein	IPR018723	DA075_02635
3_1	AF4	A0A1I3S1J9-F1	Celeribacter halophilus	91.8	Uncharacterized membrane protein	IPR018723	SAMN04488138_1067
3_1	AF4	D2R2I2-F1	Pirella staleyi	91.8	Membrane protein	IPR018723	Psta_0401
3_1	AF4	A0A1M7IB37-F1	Salegentibacter salegens	91.8	Uncharacterized membrane protein	IPR018723	SAMN05878281_0485
3_1	AF4	A0A7C1W1C9-F1	Methylophaga aminisulfidivorans	91.8	DUF2254 domain-containing protein	IPR018723	ENH61_01845 ENI26_09540
3_1	AF4	Q5NHP6-F1	Francisella tularensis subsp. tularensis 	91.8	DUF2254 domain-containing protein	IPR018723	FTT_0401
3_1	AF4	A0A2N2TJQ3-F1	Betaproteobacteria bacterium	91.8	DUF2254 domain-containing protein	IPR018723	CVU22_11455
3_1	AF4	A0A483F2Q7-F1	Klebsiella pneumoniae	91.8	DUF2254 domain-containing protein	IPR018723	ETE62_24620
3_1	AF4	A0A7Y5AN10-F1	Rheinheimera lutimaris	91.8	DUF2254 domain-containing protein	IPR018723	HRH59_02255
3_1	AF4	A0A021XFV9-F1	Shinella sp	91.8	DUF2254 domain-containing protein	IPR018723	SHLA_41c000080
3_1	AF4	A0A7H8UX31-F1	Mannheimia pernigra	91.8	DUF2254 domain-containing protein	IPR018723	HV561_10605
3_1	AF4	A0A1P8QJ35-F1	Methylobacterium dichloromethanicum	91.8	DUF2254 domain-containing protein	IPR018723	BV511_01335
3_1	AF4	A0A5E7ZZY9-F1	Roseovarius sp	91.8	Cellulose-binding protein	IPR018723	RV134_330030
3_1	AF4	A0A1R3U6M8-F1	Agrobacterium rosae	91.8	DUF2254 domain-containing protein	IPR018723	DSM25559_3868
3_1	AF4	A0A6N9RJS7-F1	Polaromonas sp	91.8	DUF2254 domain-containing protein	IPR018723	GZ092_12890
3_1	AF4	A0A2G1QP78-F1	Zhengella mangrovi	91.8	DUF2254 domain-containing protein	IPR018723	CSC94_09795
3_1	AF4	A0A2R4PFH8-F1	Klebsiella pneumoniae	91.8	DUF2254 domain-containing protein	IPR018723	
3_1	AF4	A0A848T743-F1	Silicimonas sp	91.8	DUF2254 domain-containing protein	IPR018723	HKN98_13945
3_1	AF4	A0A2Z2GT91-F1	Klebsiella pneumoniae	91.8	DUF2254 domain-containing protein	IPR018723	
3_1	AF4	A0A7L8QHT2-F1	Klebsiella quasipneumoniae	91.8	DUF2254 domain-containing protein	IPR018723	IG177_12030
3_1	AF4	A0A7W5X6K0-F1	Sphingomonas sp	91.7	Putative membrane protein	IPR018723	FHY04_004455
3_1	AF4	A0A7L8QJI9-F1	Klebsiella quasipneumoniae	91.7	DUF2254 domain-containing protein	IPR018723	IG177_26760
3_1	AF4	B7RFV6-F1	strain GAI101	91.7	DUF2254 domain-containing protein	IPR018723	RGAI101_1513
3_1	AF4	A0A0E3ZRQ5-F1	Pasteurella multocida subsp	91.7	DUF2254 domain-containing protein	IPR018723	I926_06590
3_1	AF4	A0A1S9KC51-F1	Shigella dysenteriae	91.7	DUF2254 domain-containing protein (Predicted membrane protein (DUF2254))	IPR018723	C5K18_28360 NCTC11868_03594
3_1	AF4	A0A1F8IC52-F1	Caulobacterales bacterium	91.7	DUF2254 domain-containing protein	IPR018723	A2795_01875
3_1	AF4	V0AZN4-F1	Klebsiella pneumoniae	91.7	DUF2254 domain-containing protein	IPR018723	HMPREF1619_00535
3_1	AF4	A0A0Q4PUA8-F1	Sphingomonas sp	91.7	DUF2254 domain-containing protein	IPR018723	ASE90_11045
3_1	AF4	A0A0F9P5D2-F1	marine sediment	91.7	DUF2254 domain-containing protein	IPR018723	LCGC14_0868410
3_1	AF4	A0A719RW48-F1	Salmonella enterica subsp	91.7	DUF2254 domain-containing protein	IPR018723	G1Y21_21345
3_1	AF4	A0A715T0T6-F1	Salmonella enterica subsp	91.7	DUF2254 domain-containing protein	IPR018723	G1S52_24015
3_1	AF4	A0A291LYD3-F1	Pacificitalea manganoxidans	91.7	DUF2254 domain-containing protein	IPR018723	CBW24_06885
3_1	AF4	A0A7D5DWS3-F1	Mannheimia pernigra	91.7	DUF2254 domain-containing protein	IPR018723	HV559_09710
3_1	AF4	A0A0F9XWY8-F1	marine sediment	91.7	DUF2254 domain-containing protein	IPR018723	LCGC14_0093390
3_1	AF4	A0A7Y6ZFT3-F1	Rhodobacteraceae bacterium	91.7	DUF2254 domain-containing protein	IPR018723	HWE33_17280
3_1	AF4	A0A2C9DD35-F1	Hartmannibacter diazotrophicus	91.7	DUF2254 domain-containing protein	IPR018723	HDIA_3984
3_1	AF4	A0A1G8M5V5-F1	Lutimaribacter saemankumensis	91.7	Uncharacterized membrane protein	IPR018723	SAMN05421850_10457
3_1	AF4	A0A0W2DQD8-F1	Enterobacter aerogenes	91.7	DUF2254 domain-containing protein	IPR018723	BXQ27_19790
3_1	AF4	A0A1H8XSG1-F1	Methylobacterium sp	91.7	Uncharacterized membrane protein	IPR018723	SAMN04487843_11847
3_1	AF4	A0A6S5XYR9-F1	Enterobacter cloacae	91.7	DUF2254 domain-containing protein	IPR018723	WP8W19C02_P10580
3_1	AF4	A0A1P8EGP3-F1	Acinetobacter soli	91.7	DUF2254 domain-containing protein	IPR018723	BEN76_04825
3_1	AF4	A0A519EKM8-F1	Variovorax sp	91.7	DUF2254 domain-containing protein	IPR018723	EOP79_16775
3_1	AF4	A0A4V1E0Z3-F1	Pseudorhodobacter turbinis	91.7	DUF2254 domain-containing protein	IPR018723	EOK75_11690
3_1	AF4	A0A1H9V3H5-F1	Rhizobium sp	91.7	Uncharacterized membrane protein	IPR018723	SAMN03159406_02621
3_1	AF4	A0A2V3UWL7-F1	Blastomonas natatoria	91.7	Putative membrane protein	IPR018723	C7451_10990
3_1	AF4	A0A7Z2W0N8-F1	Duganella sp	91.7	DUF2254 domain-containing protein	IPR018723	HH212_23370
3_1	AF4	A0A7W6E4K4-F1	Sulfitobacter undariae	91.7	Putative membrane protein	IPR018723	GGR95_002231
3_1	AF4	A0A0J6S1X5-F1	Methylobacterium variabile	91.7	DUF2254 domain-containing protein	IPR018723	VQ02_33070
3_1	AF4	A0A6N8QB64-F1	Escherichia coli	91.7	DUF2254 domain-containing protein	IPR018723	GRW56_16465 GRW57_03850
3_1	AF4	A0A844W3D4-F1	Pseudooceanicola pacificus	91.7	DUF2254 domain-containing protein	IPR018723	GLS40_04775
3_1	AF4	A0A4Q3QFV8-F1	Comamonadaceae bacterium	91.7	DUF2254 domain-containing protein	IPR018723	EOO29_31210
3_1	AF4	A0A1H4M4T2-F1	Nitratireductor aquibiodomus	91.7	Uncharacterized membrane protein	IPR018723	SAMN05216452_3136
3_1	AF4	G4CQI6-F1	Neisseria wadsworthii	91.7	DUF2254 domain-containing protein	IPR018723	HMPREF9370_1346
3_1	AF4	A0A1W1Z522-F1	Primorskyibacter flagellatus	91.7	Uncharacterized membrane protein	IPR018723	SAMN06295998_101251
3_1	AF4	A0A153JQK7-F1	Francisella hispaniensis	91.7	DUF2254 domain-containing protein	IPR018723	AUF42_08985
3_1	AF4	A0A856UUK4-F1	Acinetobacter indicus	91.7	DUF2254 domain-containing protein	IPR018723	FHP22_14875
3_1	AF4	A0A3S5XNZ0-F1	Enterobacter amnigenus	91.7	DUF2254 domain-containing protein	IPR018723	CO697_05135
3_1	AF4	A0A8B6AS42-F1	Escherichia coli	91.7	DUF2254 domain-containing protein	IPR018723	BANRA_01992
3_1	AF4	A0A2E7Q675-F1	Rhodobacteraceae bacterium	91.7	DUF2254 domain-containing protein	IPR018723	CML61_11775
3_1	AF4	C7LRE8-F1	Desulfovibrio baculatus	91.7	Membrane protein	IPR018723	Dbac_1190
3_1	AF4	A0A848TJM6-F1	Silicimonas sp	91.7	DUF2254 domain-containing protein	IPR018723	HKO04_07495
3_1	AF4	A0A0Q5CQ67-F1	Rhizobium sp	91.6	DUF2254 domain-containing protein	IPR018723	ASG19_22720
3_1	AF4	A0A5P2ZUY4-F1	Rhodobacteraceae bacterium	91.6	DUF2254 domain-containing protein	IPR018723	LA6_002868
3_1	AF4	A0A735HIQ1-F1	Salmonella typhi	91.6	DUF2254 domain-containing protein	IPR018723	G4L28_004774
3_1	AF4	A0A7W6IK15-F1	Devosia subaequoris	91.6	Putative membrane protein	IPR018723	GGR20_000681
3_1	AF4	A0A2E2KX53-F1	Rhodobacteraceae bacterium	91.6	DUF2254 domain-containing protein	IPR018723	CML66_30290
3_1	AF4	A0A653TX52-F1	Brevundimonas sp	91.6	DUF2254 domain-containing protein	IPR018723	BREVUG8_60106
3_1	AF4	A0A2I6S9V5-F1	Aromatoleum pumilum	91.6	DUF2254 domain-containing protein	IPR018723	C0099_14510
3_1	AF4	A0A3A3EHB0-F1	Escherichia coli	91.6	DUF2254 domain-containing protein	IPR018723	ACN68_02845 BON75_02690 BSR05_26745 C2121_005097 C2R31_005129 CR628_005084 CY655_05985 ELV21_26025 ELY36_26080 FE584_24995 FE587_21610 FEJ01_25675 GQM04_23045 IH768_22560
3_1	AF4	A0A222DYI7-F1	Antarctobacter heliothermus	91.6	Cellulose-binding protein	IPR018723	ANTHELSMS3_00045
3_1	AF4	A0A1N7MG94-F1	Gemmobacter megaterium	91.6	Uncharacterized membrane protein	IPR018723	SAMN05421774_102663
3_1	AF4	A0A483TDF6-F1	Klebsiella pneumoniae	91.6	DUF2254 domain-containing protein	IPR018723	ETH44_28210
3_1	AF4	A0A142Y6S1-F1	Pirellula sp	91.6	DUF2254 domain-containing protein	IPR018723	VN12_20360
3_1	AF4	A0A1I5A6I4-F1	Roseovarius lutimaris	91.6	Uncharacterized membrane protein	IPR018723	SAMN04487859_10586
3_1	AF4	A0A553ASE3-F1	Paracoccus sp	91.6	DUF2254 domain-containing protein	IPR018723	FNJ84_08130
3_1	AF4	A0A7Z1EG73-F1	Shigella flexneri	91.6	DUF2254 domain-containing protein	IPR018723	CEG97_24155
3_1	AF4	A0A7H8V9S3-F1	Acinetobacter indicus	91.6	DUF2254 domain-containing protein	IPR018723	E5093_00105
3_1	AF4	A0A2W4SSS2-F1	Alphaproteobacteria bacterium	91.6	DUF2254 domain-containing protein	IPR018723	DCF29_18080
3_1	AF4	A0A829TEL6-F1	Vibrio sp	91.6	Predicted membrane protein	IPR018723	JCM18905_4284
3_1	AF4	A0A0A1A8C0-F1	Escherichia coli	91.6	DUF2254 domain-containing protein	IPR018723	ACN81_11725 BJJ90_11840 BON98_24650 C2121_004811 CDC27_06390 E0I42_06750 E5P26_07090 E5P27_16020 E5P28_06390 E5P29_04240 EAI46_15500 ELT29_22365 ELY31_23740 ELY39_12495 F3N40_16890 FPI65_09630 FZ...
3_1	AF4	A0A7M1LF18-F1	Campylobacter corcagiensis	91.6	DUF2254 domain-containing protein	IPR018723	IMC76_08085
3_1	AF4	A0A5P9KK98-F1	Brevundimonas sp	91.6	DUF2254 domain-containing protein	IPR018723	BSP_00785
3_1	AF4	A0A0F9U2F7-F1	marine sediment	91.6	DUF2254 domain-containing protein	IPR018723	LCGC14_0581350
3_1	AF4	A0A285BWA9-F1	Nitrosomonas ureae	91.6	Uncharacterized membrane protein	IPR018723	SAMN06296273_0967
3_1	AF4	A0A0J6RGX3-F1	Methylobacterium indicum	91.6	DUF2254 domain-containing protein	IPR018723	QR78_10555
3_1	AF4	A0A0W7Z0T3-F1	Comamonas kerstersii	91.6	DUF2254 domain-containing protein	IPR018723	AS359_08900
3_1	AF4	A0A397L9M8-F1	Flavobacteriaceae bacterium	91.6	Putative membrane protein	IPR018723	OE09_1029
3_1	AF4	A0A2V4W5A2-F1	Rhizobium sp	91.6	Putative membrane protein	IPR018723	DFI02_101415
3_1	AF4	A7ZVF3-F1	Escherichia coli O139:H28 	91.6	DUF2254 domain-containing protein	IPR018723	EcE24377A_4849
3_1	AF4	A0A0A0BGY6-F1	Methylophaga thiooxydans	91.6	DUF2254 domain-containing protein	IPR018723	LP43_0169
3_1	AF4	A0A2R8BUT0-F1	Palleronia abyssalis	91.6	DUF2254 domain-containing protein	IPR018723	PAA8504_01745
3_1	AF4	A3SN26-F1	Roseovarius nubinhibens 	91.6	DUF2254 domain-containing protein	IPR018723	ISM_13410
3_1	AF4	A0A6N6JFY5-F1	Litoreibacter roseus	91.6	DUF2254 domain-containing protein	IPR018723	KIN_13630
3_1	AF4	A0A5D0RVE1-F1	Oceaniovalibus sp	91.6	DUF2254 domain-containing protein	IPR018723	FQ320_18770
3_1	AF4	A0A8B3MCQ6-F1	Escherichia coli	91.6	DUF2254 domain-containing protein	IPR018723	CIG67_00190
3_1	AF4	A0A854M0C0-F1	Acinetobacter indicus	91.6	DUF2254 domain-containing protein	IPR018723	CAP42_07820
3_1	AF4	A0A2V3W1Z7-F1	Nitrosomonas sp	91.6	Putative membrane protein	IPR018723	C8R34_10746
3_1	AF4	A0A3V8SES9-F1	Salmonella senftenberg	91.6	DUF2254 domain-containing protein	IPR018723	D5822_24485
3_1	AF4	A0A2R9V212-F1	Escherichia coli	91.6	DUF2254 domain-containing protein	IPR018723	BON84_01605 BON88_20125 EA435_25945 ELT22_12720 ELT25_25050 ELT32_25075 ELT40_25040 ELT44_25600 ELT45_25620 ELT46_25305 ELT54_19235 ELT55_24915 ELT60_26165 ELU83_22065 ELU91_25215 ELU96_23950 ELU...
3_1	AF4	A0A1I6QHY0-F1	Sulfitobacter marinus	91.6	Uncharacterized membrane protein	IPR018723	SAMN04488040_0736
3_1	AF4	A0A2W4ZHH0-F1	Sphingomonas hengshuiensis	91.6	DUF2254 domain-containing protein	IPR018723	DI632_00650
3_1	AF4	A0A6G7EIS4-F1	Brevundimonas mediterranea	91.6	DUF2254 domain-containing protein	IPR018723	GYM46_10005
3_1	AF4	A0A2N0EPJ6-F1	Ulvibacter sp	91.6	Putative membrane protein	IPR018723	ATE92_0120
3_1	AF4	A0A6I4RZX4-F1	Francisella tularensis	91.6	DUF2254 domain-containing protein	IPR018723	FNC42_02605
3_1	AF4	A0A2W0T7P5-F1	Klebsiella pneumoniae subsp	91.6	DUF2254 domain-containing protein (Hyp) (Predicted membrane protein (DUF2254))	IPR018723	DJLLOKDL_00008 E3U37_09470 E3U38_01085 FFEJJHEE_00008 GLO21_026365 GLO21_23505 KW552_26900 KW554_26900 KW561_27920 KW562_24775 KWV87_25720 KWY69_26080 KWY70_27470 KWY71_27915 KWY72_27930 KWY73_26...
3_1	AF4	A0A850LFJ4-F1	Ruegeria pomeroyi	91.6	DUF2254 domain-containing protein	IPR018723	HW564_04815
3_1	AF4	A0A713U9N9-F1	Salmonella enterica subsp	91.6	DUF2254 domain-containing protein	IPR018723	G1S19_21250 G1S34_20970 G1S58_21325 G1S60_21320 G1U70_21405 G1V69_20435 G1V77_20530 G1V99_24790 G1W02_20765 G1W30_21720
3_1	AF4	A0A1H7Z545-F1	Roseovarius tolerans	91.6	Uncharacterized membrane protein	IPR018723	SAMN04488077_105199
3_1	AF4	A0A4S8Q0T3-F1	Rhizobium rosettiformans	91.6	DUF2254 domain-containing protein	IPR018723	FAA86_12055
3_1	AF4	A0A7Y7D7C5-F1	Oceanospirillaceae bacterium	91.6	DUF2254 domain-containing protein	IPR018723	HWE39_11100
3_1	AF4	A0A147HC04-F1	Pseudacidovorax intermedius	91.6	DUF2254 domain-containing protein	IPR018723	NS331_01565
3_1	AF4	A0A0Q4TPA0-F1	Sphingomonas sp	91.6	DUF2254 domain-containing protein	IPR018723	ASF14_13540
3_1	AF4	A0A3T2UUL1-F1	Shigella flexneri	91.5	DUF2254 domain-containing protein	IPR018723	DK174_08485
3_1	AF4	A0A147HVN4-F1	Sphingomonas endophytica	91.5	DUF2254 domain-containing protein	IPR018723	NS334_15480
3_1	AF4	A0A377CN51-F1	Escherichia coli	91.5	DUF2254 domain-containing protein (Predicted membrane protein (DUF2254))	IPR018723	FY127_25290 I6H01_16475 NCTC10090_02337 NCTC4450_01347
3_1	AF4	A3U3V5-F1	Oceanicola batsensis	91.5	DUF2254 domain-containing protein	IPR018723	OB2597_03859
3_1	AF4	A0A192CH71-F1	Escherichia coli	91.5	Putative membrane spanning protein	IPR018723	WLH_03821
3_1	AF4	A0A166SVS9-F1	Sulfitobacter sp	91.5	DUF2254 domain-containing protein	IPR018723	A3721_16405
3_1	AF4	A0A1S2DJ23-F1	Salinicola sp	91.5	DUF2254 domain-containing protein	IPR018723	BC443_06225
3_1	AF4	A0A7T8EEF1-F1	Shewanella algae	91.5	DUF2254 domain-containing protein	IPR018723	D7032_17360
3_1	AF4	A0A533I4X5-F1	Paracoccus denitrificans	91.5	DUF2254 domain-containing protein	IPR018723	DI616_09460
3_1	AF4	A0A2P9E0H2-F1	Escherichia coli	91.5	DUF2254 domain-containing protein	IPR018723	RCS36_PI-II0189
3_1	AF4	A0A6L6IAP3-F1	Escherichia coli	91.5	DUF2254 domain-containing protein	IPR018723	F9B07_28195
3_1	AF4	A0A0A0F6K2-F1	Escherichia coli	91.5	DUF2254 domain-containing protein	IPR018723	EL76_4287
3_1	AF4	A0A838LCG1-F1	Sphingomonas chungangi	91.5	DUF2254 domain-containing protein	IPR018723	HZF05_20860
3_1	AF4	A0A4P7QW63-F1	Sphingomonas sp	91.5	DUF2254 domain-containing protein	IPR018723	E5673_04705
3_1	AF4	A0A0Q9YRU2-F1	Candidatus Berkiella	91.5	DUF2254 domain-containing protein	IPR018723	CC99x_00665
3_1	AF4	A0A1A9GCQ8-F1	strain HZN7	91.5	DUF2254 domain-containing protein	IPR018723	shn_31425
3_1	AF4	A0A1X3CVS5-F1	Neisseria canis	91.5	Predicted membrane protein (DUF2254)	IPR018723	NCTC10296_02271
3_1	AF4	A0A7X6BYR1-F1	Shewanella sp	91.5	DUF2254 domain-containing protein	IPR018723	HCX89_19420
3_1	AF4	A0A371XFZ1-F1	Mesorhizobium denitrificans	91.5	DUF2254 domain-containing protein	IPR018723	DY251_07430
3_1	AF4	A0A7C2A350-F1	Methylophaga sp	91.5	DUF2254 domain-containing protein	IPR018723	ENI24_12865
3_1	AF4	A0A7W2X4T5-F1	Klebsiella sp	91.5	DUF2254 domain-containing protein	IPR018723	HV205_30695
3_1	AF4	A0A2D8FSM3-F1	Brevundimonas sp	91.5	DUF2254 domain-containing protein	IPR018723	CL682_13710 DCG66_02450
3_1	AF4	A0A7Z8Y3Z2-F1	Brevundimonas mediterranea	91.5	DUF2254 domain-containing protein	IPR018723	BREV_BREV_01710
3_1	AF4	A0A6B2NIW9-F1	Ruegeria sp	91.5	DUF2254 domain-containing protein	IPR018723	G0P99_02975
3_1	AF4	A0A0J6TAQ5-F1	Methylobacterium tarhaniae	91.5	DUF2254 domain-containing protein	IPR018723	VQ03_10095
3_1	AF4	A0A836N5G5-F1	Escherichia coli	91.5	DUF2254 domain-containing protein	IPR018723	AB05_5859
3_1	AF4	A0A4Q2YSV4-F1	Verrucomicrobiaceae bacterium	91.5	DUF2254 domain-containing protein	IPR018723	EOP85_12310
3_1	AF4	A0A1H2F9B0-F1	Halopseudomonas salegens	91.5	Uncharacterized membrane protein	IPR018723	SAMN05216210_1387
3_1	AF4	A0A7Z1F642-F1	Enterobacter cloacae	91.5	DUF2254 domain-containing protein	IPR018723	CP904_10255
3_1	AF4	A0A0E1CN20-F1	Klebsiella pneumoniae	91.5	Putative membrane spanning protein	IPR018723	KPNJ1_05591
3_1	AF4	A0A5C2FJQ9-F1	Glutamicibacter sp	91.5	DUF2254 domain-containing protein	IPR018723	F0M17_05250
3_1	AF4	A0A829L7J1-F1	Escherichia coli	91.5	DUF2254 domain-containing protein	IPR018723	HMPREF1602_02020
3_1	AF4	A0A1M4TMX0-F1	Loktanella atrilutea	91.5	Uncharacterized membrane protein	IPR018723	SAMN05444339_101421
3_1	AF4	N9AG74-F1	Acinetobacter soli	91.5	DUF2254 domain-containing protein	IPR018723	F950_02530
3_1	AF4	A0A2E7C637-F1	Haliea sp	91.5	DUF2254 domain-containing protein	IPR018723	CME43_11970
3_1	AF4	A0A0F5LPV5-F1	Devosia limi	91.5	Uncharacterized membrane protein	IPR018723	SAMN02745223_03154 VW29_10415
3_1	AF4	A0A3Y7UVP6-F1	Salmonella enterica	91.5	DUF2254 domain-containing protein	IPR018723	MB64_21780
3_1	AF4	A0A7C1L6R0-F1	Halopseudomonas sabulinigri	91.5	DUF2254 domain-containing protein	IPR018723	ENH72_02820 ENI21_06350
3_1	AF4	A0A827IX42-F1	Escherichia coli	91.5	DUF2254 domain-containing protein	IPR018723	GIB53_24490
3_1	AF4	A0A0Q5E2H8-F1	Methylobacterium sp	91.5	DUF2254 domain-containing protein	IPR018723	ASF58_16920
3_1	AF4	A0A0H1AGL7-F1	Luteimonas sp	91.5	DUF2254 domain-containing protein	IPR018723	WQ56_15995
3_1	AF4	A0A141AZZ8-F1	Escherichia coli	91.5	Omp	IPR018723	
3_1	AF4	A0A2V4MQU3-F1	Litorivita pollutaquae	91.5	DUF2254 domain-containing protein	IPR018723	DI396_07350
3_1	AF4	A0A285M1B7-F1	Cohaesibacter sp	91.5	Uncharacterized membrane protein	IPR018723	SAMN04515647_0344
3_1	AF4	A0A633XJD6-F1	Salmonella typhi	91.5	DUF2254 domain-containing protein	IPR018723	DUQ91_23825 DUQ91_24925 GDI29_23055 GDI29_24030
3_1	AF4	A6TIB5-F1	Klebsiella pneumoniae subsp. pneumoniae 	91.5	DUF2254 domain-containing protein	IPR018723	KPN_pKPN3p05959
3_1	AF4	A0A0Q5WF86-F1	Rhizobium sp	91.5	DUF2254 domain-containing protein	IPR018723	ASG39_05900
3_1	AF4	A0A7Y2NZ65-F1	Massilia aromaticivorans	91.5	DUF2254 domain-containing protein	IPR018723	HGB41_07340
3_1	AF4	A0A2S1PJZ8-F1	Enterobacter cloacae	91.5	DUF2254 domain-containing protein	IPR018723	
3_1	AF4	A0A640WK60-F1	Salinicola corii	91.5	DUF2254 domain-containing protein	IPR018723	F0A16_01925
3_1	AF4	A0A5C6RZW7-F1	Paracoccus aurantiacus	91.5	DUF2254 domain-containing protein	IPR018723	FQV27_14740
3_1	AF4	A0A0N1N1W3-F1	Bosea vaviloviae	91.5	DUF2254 domain-containing protein	IPR018723	AE618_23750
3_1	AF4	A0A6W0BAJ7-F1	Salmonella choleraesuis	91.5	DUF2254 domain-containing protein	IPR018723	GDL44_23130
3_1	AF4	A0A660GA55-F1	Klebsiella pasteurii	91.5	DUF2254 domain-containing protein	IPR018723	SB6407_04566
3_1	AF4	A0A1H9DN95-F1	Loktanella sp	91.5	Uncharacterized membrane protein	IPR018723	SAMN05428995_10334
3_1	AF4	A0A1F8IB58-F1	Caulobacterales bacterium	91.5	DUF2254 domain-containing protein	IPR018723	A3E24_00025
3_1	AF4	A0A387K2F7-F1	Enterobacter hormaechei subsp	91.5	DUF2254 domain-containing protein	IPR018723	
3_1	AF4	A0A147IX32-F1	Sphingomonas yabuuchiae	91.4	DUF2254 domain-containing protein	IPR018723	NS355_04585
3_1	AF4	A0A0A0HIT8-F1	Roseovarius mucosus	91.4	Putative membrane protein	IPR018723	rosmuc_03116
3_1	AF4	A0A1X6Z2X0-F1	Limimaricola soesokkakensis	91.4	Putative membrane protein	IPR018723	CLV79_11433 LOS8367_01577
3_1	AF4	A0A2G2CAM9-F1	Sulfitobacter sp	91.4	DUF2254 domain-containing protein	IPR018723	COB29_03640
3_1	AF4	A0A0B4CP12-F1	Brevundimonas nasdae	91.4	DUF2254 domain-containing protein	IPR018723	RM53_08670
3_1	AF4	A0A0D5LX84-F1	Martelella endophytica	91.4	DUF2254 domain-containing protein	IPR018723	TM49_08120
3_1	AF4	A0A8B2XKU7-F1	Enterobacter sp	91.4	DUF2254 domain-containing protein	IPR018723	DW197_22160
3_1	AF4	D2AC71-F1	strain 2002017	91.4	DUF2254 domain-containing protein	IPR018723	SFxv_1132
3_1	AF4	A0A7A6U3W6-F1	Escherichia coli	91.4	DUF2254 domain-containing protein	IPR018723	HL623_24155
3_1	AF4	A0A2X1N7U3-F1	Escherichia coli	91.4	DUF2254 domain-containing protein (Predicted membrane protein (DUF2254))	IPR018723	E5P37_09645 GQA06_09800 NCTC9073_05230
3_1	AF4	A0A2Z5EEN9-F1	Novosphingobium sp	91.4	DUF2254 domain-containing protein	IPR018723	TQ38_009155
3_1	AF4	I7F1X7-F1	strain DSM 17395	91.4	DUF2254 domain-containing protein	IPR018723	PGA1_c26420
3_1	AF4	A0A6G6RFP9-F1	Brevundimonas sp	91.4	DUF2254 domain-containing protein	IPR018723	E4341_00425
3_1	AF4	A0A2E0J4U6-F1	Nitratireductor sp	91.4	DUF2254 domain-containing protein	IPR018723	CMH69_01895
3_1	AF4	A0A7U3M0E0-F1	Enterobacter roggenkampii	91.4	DUF2254 domain-containing protein	IPR018723	OIPHN260_50840
3_1	AF4	A0A7S4LWX2-F1	Serratia sp	91.4	DUF2254 domain-containing protein	IPR018723	TAN611_3115
3_1	AF4	A0A7Y2JHX5-F1	Boseongicola sp	91.4	DUF2254 domain-containing protein	IPR018723	HKM96_00820
3_1	AF4	A0A850KHC6-F1	Methylocystaceae bacterium	91.4	DUF2254 domain-containing protein	IPR018723	HWE34_11520
3_1	AF4	A0A4Y3W0K4-F1	Arthrobacter nicotianae	91.4	DUF2254 domain-containing protein	IPR018723	ANI01nite_18050
3_1	AF4	A0A2X1UJR1-F1	Oligella urethralis	91.4	Predicted membrane protein (DUF2254)	IPR018723	NCTC11009_00567 NCTC11999_02398
3_1	AF4	A0A0Q4FUJ5-F1	Sphingomonas sp	91.4	DUF2254 domain-containing protein	IPR018723	ASE75_07635
3_1	AF4	A0A7X0JNJ3-F1	Rhizobium soli	91.4	Putative membrane protein	IPR018723	F4695_003665
3_1	AF4	A0A718NJZ9-F1	strain SL1344	91.4	DUF2254 domain-containing protein	IPR018723	G1W59_20520
3_1	AF4	A0A521FVR5-F1	Paracoccus laeviglucosivorans	91.4	Uncharacterized membrane protein	IPR018723	SAMN06265221_1496
3_1	AF4	A0A1Y5GCE5-F1	Rhodobacterales bacterium	91.4	DUF2254 domain-containing protein	IPR018723	A9Q95_05525
3_1	AF4	A0A1H8IEP6-F1	Loktanella fryxellensis	91.4	Uncharacterized membrane protein	IPR018723	SAMN04488003_12526
3_1	AF4	A0A5X8TPC7-F1	Salmonella typhi	91.4	DUF2254 domain-containing protein	IPR018723	EU445_21100 G4I71_003376 G7129_004628
3_1	AF4	A0A3S9AZQ9-F1	Georhizobium profundi	91.4	DUF2254 domain-containing protein	IPR018723	D5400_01800
3_1	AF4	A0A653PBZ1-F1	Luteimonas sp	91.4	DUF2254 domain-containing protein	IPR018723	LUTEI9C_140118
3_1	AF4	A0A235F1V8-F1	Thauera propionica	91.4	DUF2254 domain-containing protein	IPR018723	CGK74_05590
3_1	AF4	A0A258JWU9-F1	Azorhizobium sp	91.4	DUF2254 domain-containing protein	IPR018723	B7Y84_14810
3_1	AF4	A0A6M1LYC8-F1	Methylobacterium sp	91.4	DUF2254 domain-containing protein	IPR018723	G4G93_05870
3_1	AF4	A0A2D8NYV1-F1	Salinicola sp	91.4	DUF2254 domain-containing protein	IPR018723	CMN25_13280
3_1	AF4	A0A1I6TL71-F1	Brevundimonas viscosa	91.4	Uncharacterized membrane protein	IPR018723	SAMN05192570_0147
3_1	AF4	A0A715SCP2-F1	Salmonella enterica subsp	91.4	DUF2254 domain-containing protein	IPR018723	G1S72_21060
3_1	AF4	B7LDT6-F1	Escherichia coli 	91.4	DUF2254 domain-containing protein	IPR018723	EC55989_4945
3_1	AF4	C9PS62-F1	Pasteurella dagmatis	91.4	DUF2254 domain-containing protein	IPR018723	HMPREF0621_1836
3_1	AF4	A0A2T5H7E4-F1	Celeribacter persicus	91.4	Putative membrane protein	IPR018723	C8N42_1187
3_1	AF4	A0A7G9A5Z9-F1	Klebsiella ornithinolytica	91.4	DUF2254 domain-containing protein	IPR018723	
3_1	AF4	A0A844BM25-F1	Rhodovulum strictum	91.4	DUF2254 domain-containing protein	IPR006429,IPR018723	GH815_17415
3_1	AF4	A0A238KTR2-F1	Ruegeria arenilitoris	91.4	DUF2254 domain-containing protein	IPR018723	RUA8715_02892
3_1	AF4	I5C839-F1	Nitratireductor aquibiodomus	91.4	DUF2254 domain-containing protein	IPR018723	A33O_01475
3_1	AF4	A0A4R1X090-F1	Rhizobium sp	91.4	Putative membrane protein	IPR018723	C8J36_10367
3_1	AF4	A0A220W9V2-F1	Sphingorhabdus sp	91.3	DUF2254 domain-containing protein	IPR018723	SPHFLASMR4Y_02856
3_1	AF4	A0A1G4A8V4-F1	Xanthomonadales bacterium	91.3	DUF2254 domain-containing protein	IPR018723	A2190_09745
3_1	AF4	D3GX04-F1	Escherichia coli O44:H18 	91.3	Putative membrane protein	IPR018723	EC042_4766
3_1	AF4	A0A4R2VJV9-F1	Rhizobium sp	91.3	Putative membrane protein	IPR018723	C8J33_1011605
3_1	AF4	A0A0M2VAV9-F1	Arsukibacterium sp	91.3	DUF2254 domain-containing protein	IPR018723	VT06_16250
3_1	AF4	A0A2M9AC59-F1	Glutamicibacter mysorens	91.3	Putative membrane protein	IPR018723	ATK23_0487
3_1	AF4	A0A2T7VVB8-F1	Sphingomonas sp	91.3	DUF2254 domain-containing protein	IPR018723	DC425_06820
3_1	AF4	A0A086D2G8-F1	Gammaproteobacteria bacterium	91.3	DUF2254 domain-containing protein	IPR018723	GY26_13030
3_1	AF4	A0A7W2V8U7-F1	Enterobacter sp	91.3	DUF2254 domain-containing protein	IPR018723	HV355_15355
3_1	AF4	A0A157SMI0-F1	Bordetella ansorpii	91.3	Predicted membrane protein (DUF2254)	IPR018723	SAMEA3906486_03632
3_1	AF4	A0A719LL81-F1	strain SL1344	91.3	DUF2254 domain-containing protein	IPR018723	G1W72_21300 G1W73_20480 G1X98_21595
3_1	AF4	A0A521A389-F1	Flavobacteriaceae bacterium	91.3	DUF2254 domain-containing protein	IPR018723	EX263_11110
3_1	AF4	A0A431JRR1-F1	Sphingomonadaceae bacterium	91.3	DUF2254 domain-containing protein	IPR018723	EKK50_02175
3_1	AF4	A0A850NJY3-F1	Endobacter medicaginis	91.3	DUF2254 domain-containing protein (Putative membrane protein)	IPR018723	FHR90_000600 HUK83_02565
3_1	AF4	A0A5C8NWD8-F1	Zeimonas arvi	91.3	DUF2254 domain-containing protein	IPR018723	FHP08_10275
3_1	AF4	A0A4S8P4Y3-F1	Rhizobium ipomoeae	91.3	DUF2254 domain-containing protein	IPR018723	FAA97_02975
3_1	AF4	A0A5C8W8Q2-F1	Methylobacterium sp	91.3	DUF2254 domain-containing protein	IPR018723	FV230_27175
3_1	AF4	A0A2D8IUV8-F1	Haliea sp	91.3	DUF2254 domain-containing protein	IPR018723	CME40_11580
3_1	AF4	A0A5C8VR95-F1	Methylobacterium sp	91.3	DUF2254 domain-containing protein	IPR018723	FV227_23440
3_1	AF4	A0A200L2U8-F1	Shigella sonnei	91.3	DUF2254 domain-containing protein	IPR018723	CBL27_24245
3_1	AF4	A0A1X6YSZ1-F1	Roseovarius gaetbuli	91.3	DUF2254 domain-containing protein	IPR018723	ROG8370_01097
3_1	AF4	A0A2E3C5D8-F1	Magnetococcales bacterium	91.3	DUF2254 domain-containing protein	IPR018723	CMF62_13065
3_1	AF4	A0A0X3UC44-F1	Ruegeria marisrubri	91.3	DUF2254 domain-containing protein	IPR018723	AVO45_00005
3_1	AF4	A0A4R2Z9Q9-F1	Pseudomonas sp	91.3	Putative membrane protein	IPR018723	EC839_102315
3_1	AF4	A0A7Y1XY92-F1	Flavobacteriales bacterium	91.3	DUF2254 domain-containing protein	IPR018723	HKN79_03565
3_1	AF4	A0A1I7JXQ3-F1	Methylobacterium sp	91.3	Uncharacterized membrane protein	IPR018723	SAMN02799631_03001
3_1	AF4	A0A1A3NUZ2-F1	Mycobacterium asiaticum	91.3	DUF2254 domain-containing protein	IPR018723	A5634_25755
3_1	AF4	A0A7W6F0C3-F1	Brevundimonas mediterranea	91.3	Putative membrane protein	IPR018723	GGR11_001875
3_1	AF4	A0A6M4NS99-F1	Klebsiella quasipneumoniae	91.3	DUF2254 domain-containing protein	IPR018723	FA956_29605
3_1	AF4	A0A2P8B1N1-F1	Micromonospora sp	91.3	DUF2254 domain-containing protein	IPR018723	B0E53_01429
3_1	AF4	A0A1Z4VSD4-F1	Thiohalobacter thiocyanaticus	91.3	Putative membrane protein	IPR018723	FOKN1_2005
3_1	AF4	F8G9J7-F1	Francisella salina	91.3	DUF2254 domain-containing protein	IPR018723	F7308_1680
3_1	AF4	A0A2S7TRF1-F1	Limnobacter sp	91.3	DUF2254 domain-containing protein	IPR018723	BSZ31_08305
3_1	AF4	A0A1G8HYJ6-F1	Pseudomonas abietaniphila	91.3	Uncharacterized membrane protein	IPR018723	SAMN05216605_110238
3_1	AF4	A0A251ZJJ0-F1	Enterobacter gergoviae	91.3	DUF2254 domain-containing protein	IPR018723	AZ034_004758
3_1	AF4	A0A1I2KC37-F1	Methylobacterium sp	91.3	Uncharacterized membrane protein	IPR018723	SAMN04487844_13253
3_1	AF4	A0A182AL96-F1	Cyanobium sp	91.3	DUF2254 domain-containing protein	IPR018723	CBM981_0895
3_1	AF4	A0A0Q6W3B5-F1	Rhizobium sp	91.3	DUF2254 domain-containing protein	IPR018723	ASC90_25430
3_1	AF4	A0A4Q0AS20-F1	Glutamicibacter sp	91.3	DUF2254 domain-containing protein	IPR018723	EKH49_04420
3_1	AF4	A0A7W6EHK6-F1	Pseudochelatococcus contaminans	91.2	Putative membrane protein	IPR018723	FHS81_002264
3_1	AF4	A0A506QHH5-F1	Pantoea deleyi	91.2	DUF2254 domain-containing protein	IPR018723	FJW01_04735
3_1	AF4	A0A846VH98-F1	Rhodobacteraceae bacterium	91.2	DUF2254 domain-containing protein	IPR018723	HGD90_00095
3_1	AF4	A0A291G2D8-F1	Phaeobacter piscinae	91.2	Putative membrane protein	IPR018723	PhaeoP13_02420
3_1	AF4	I1YJ79-F1	Methylophaga frappieri 	91.2	Membrane protein	IPR018723	Q7C_1831
3_1	AF4	A0A448VPZ0-F1	Neisseria weaveri	91.2	Predicted membrane protein (DUF2254)	IPR018723	NCTC12742_01636
3_1	AF4	A0A2D9CTG4-F1	Roseovarius sp	91.2	DUF2254 domain-containing protein	IPR018723	CMN15_12465 CMN19_01870
3_1	AF4	A0A0D0PBD9-F1	Wenxinia marina	91.2	Putative membrane protein	IPR018723	Wenmar_02451
3_1	AF4	A0A196NUI7-F1	Sulfitobacter sp	91.2	DUF2254 domain-containing protein	IPR018723,IPR036566	A8B82_03520
3_1	AF4	A0A1C2EFN5-F1	Pseudomonas graminis	91.2	DUF2254 domain-containing protein	IPR018723	BBI10_00740
3_1	AF4	A0A7Y5ACA1-F1	Pseudomonas sp	91.2	DUF2254 domain-containing protein	IPR018723	HP547_10000
3_1	AF4	A0A2D9VPN3-F1	Actibacterium sp	91.2	DUF2254 domain-containing protein	IPR018723	CL812_15355 CL813_07275
3_1	AF4	A0A7X6G4F5-F1	Rhodobacteraceae bacterium	91.2	DUF2254 domain-containing protein	IPR018723	HGE68_04015
3_1	AF4	Q28PV3-F1	strain CCS1	91.2	DUF2254 domain-containing protein	IPR018723,IPR036566	Jann_2342
3_1	AF4	A9W260-F1	strain PA1	91.2	DUF2254 domain-containing protein	IPR018723	Mext_1264
3_1	AF4	A0A2J4V8L2-F1	Klebsiella michiganensis	91.2	DUF2254 domain-containing protein	IPR018723	CWN68_23500
3_1	AF4	A0A239F838-F1	Antarctobacter heliothermus	91.2	Uncharacterized membrane protein	IPR018723	SAMN04488078_101887
3_1	AF4	A0A317EEU1-F1	Zavarzinia aquatilis	91.2	DUF2254 domain-containing protein	IPR018723	DKG74_08370
3_1	AF4	A0A511BPY4-F1	Swaminathania salitolerans	91.2	DUF2254 domain-containing protein	IPR018723	SSA02_15590
3_1	AF4	A0A376CRC4-F1	Escherichia coli	91.2	Predicted membrane protein (DUF2254)	IPR018723	NCTC10767_00269
3_1	AF4	A0A1V1UB61-F1	Roseovarius sp	91.2	DUF2254 domain-containing protein	IPR018723	RA2_00106
3_1	AF4	A0A1Z3U9D7-F1	Pseudomonas vesicularis	91.2	DUF2254 domain-containing protein	IPR018723	CEP68_10190
3_1	AF4	A0A418H2N5-F1	Escherichia coli	91.2	DUF2254 domain-containing protein	IPR018723	D1912_15530
3_1	AF4	E9TDM8-F1	Escherichia coli	91.2	DUF2254 domain-containing protein	IPR018723	HMPREF9542_01882
3_1	AF4	A0A6L5PJH6-F1	Brevundimonas sp	91.2	DUF2254 domain-containing protein	IPR018723	GGC30_12240
3_1	AF4	A0A5C4JQR0-F1	Martelella lutilitoris	91.2	DUF2254 domain-containing protein	IPR018723	FF124_12370
3_1	AF4	A0A2W5MUA1-F1	Thiobacillus novellus	91.2	DUF2254 domain-containing protein	IPR018723	DI565_07760
3_1	AF4	A0A0D6T8P8-F1	Paracoccus sp	91.2	DUF2254 domain-containing protein	IPR018723	SY26_17715
3_1	AF4	A0A135IFC2-F1	Phaeobacter inhibens	91.2	DUF2254 domain-containing protein	IPR018723	AT574_18440
3_1	AF4	A0A2E9I120-F1	Mameliella sp	91.2	DUF2254 domain-containing protein	IPR018723	CMF72_13545
3_1	AF4	H1KMV1-F1	Methylorubrum extorquens	91.2	DUF2254 domain-containing protein	IPR018723	MetexDRAFT_3964
3_1	AF4	A0A7W8HQR5-F1	Rhizobium rosettiformans	91.2	Putative membrane protein	IPR018723	HNR26_002391
3_1	AF4	A0A1U7D361-F1	Salipiger profundus	91.2	Putative membrane protein	IPR018723	Ga0080559_TMP1808
3_1	AF4	A0A2N2UDQ8-F1	Betaproteobacteria bacterium	91.2	DUF2254 domain-containing protein	IPR018723	CVU21_06010
3_1	AF4	A0A4S2Y269-F1	Escherichia coli	91.2	DUF2254 domain-containing protein (Predicted membrane protein (DUF2254))	IPR018723	E5P22_18680 SAMEA4363221_00037
3_1	AF4	A0A7K4FED5-F1	Nitrosopumilus sp	91.2	DUF2254 domain-containing protein	IPR018723	HKO48_04010
3_1	AF4	A0A4R2SLT6-F1	Rhizobium sp	91.2	Putative membrane protein	IPR018723	C8J31_11393
3_1	AF4	A0A7Y2CWQ7-F1	Sulfitobacter sp	91.2	DUF2254 domain-containing protein	IPR018723	HKN30_08830
3_1	AF4	A0A0Q6A8S6-F1	Sphingomonas sp	91.2	DUF2254 domain-containing protein	IPR018723	ASG37_15625
3_1	AF4	A0A0Q4IGB9-F1	Sphingomonas sp	91.2	DUF2254 domain-containing protein	IPR018723	ASE78_10795
3_1	AF4	A0A061QB40-F1	alpha proteobacterium	91.2	DUF2254 domain-containing protein	IPR018723	AQ1_00716
3_1	AF4	A0A7W6FVX0-F1	Aureimonas phyllosphaerae	91.2	Putative membrane protein	IPR018723	GGR05_003441
3_1	AF4	A0A6C9T260-F1	Escherichia coli	91.2	DUF2254 domain-containing protein	IPR018723	GKG31_24445
3_1	AF4	A0A437QAY6-F1	Neptunomonas marina	91.2	DUF2254 domain-containing protein	IPR018723	EOE65_07065
3_1	AF4	A0A837DZN6-F1	Phaeobacter piscinae	91.2	DUF2254 domain-containing protein	IPR018723	OL67_12240
3_1	AF4	A0A777GQV7-F1	Escherichia coli	91.1	DUF2254 domain-containing protein	IPR018723	GF699_25695
3_1	AF4	A0A1R1LLS2-F1	Motiliproteus sp	91.1	DUF2254 domain-containing protein	IPR018723	BGP75_21505
3_1	AF4	A0A7C7KAC1-F1	Methylophaga sp	91.1	DUF2254 domain-containing protein	IPR018723	EYO95_15575
3_1	AF4	A0A1G7A862-F1	Limimaricola pyoseonensis	91.1	Uncharacterized membrane protein	IPR018723	SAMN04488567_0855
3_1	AF4	A0A7Y1N3L3-F1	Pseudomonas oryzihabitans	91.1	DUF2254 domain-containing protein	IPR018723	HBN99_04395
3_1	AF4	A0A651ET80-F1	Rhodobacteraceae bacterium	91.1	DUF2254 domain-containing protein	IPR018723	EA355_12745
3_1	AF4	A0A0E0Y5Y2-F1	strain 2011C-3493	91.1	DUF2254 domain-containing protein	IPR018723	O3K_22100
3_1	AF4	A0A7R7JCQ7-F1	Thiohalobacter sp	91.1	DUF2254 domain-containing protein	IPR018723	TspCOW1_06490
3_1	AF4	A0A0K5US14-F1	Escherichia coli	91.1	DUF2254 domain-containing protein (Predicted membrane protein (DUF2254))	IPR018723	D4U49_26745 ERS085406_04933
3_1	AF4	A0A7W2LZQ0-F1	Pseudomonas juntendi	91.1	DUF2254 domain-containing protein	IPR018723	H4C15_21330
3_1	AF4	A0A0L6VXU5-F1	Massilia sp	91.1	DUF2254 domain-containing protein	IPR018723	AB595_24490
3_1	AF4	A6GQV5-F1	Limnobacter sp	91.1	Predicted membrane protein	IPR018723	LMED105_09437
3_1	AF4	A0A0Q4LLR5-F1	Sphingomonas sp	91.1	DUF2254 domain-containing protein	IPR018723	ASE97_14880
3_1	AF4	A0A0J5L6C2-F1	Enterobacter gergoviae	91.1	DUF2254 domain-containing protein	IPR018723	ABW06_04510
3_1	AF4	A0A2T7UN75-F1	Pararhodobacter aggregans	91.1	DUF2254 domain-containing protein	IPR018723	DDE23_18210
3_1	AF4	A0A5C8RX04-F1	Methylobacterium sp	91.1	DUF2254 domain-containing protein	IPR018723	FV229_17810
3_1	AF4	A0A7C6JJ36-F1	Alcaligenaceae bacterium	91.1	DUF2254 domain-containing protein	IPR018723	GXX62_10155
3_1	AF4	A0A2W4YTG0-F1	Sphingomonas taxi	91.1	DUF2254 domain-containing protein	IPR018723	DI640_11900
3_1	AF4	A0A7W2C4C3-F1	Hyphomicrobiales bacterium	91.1	DUF2254 domain-containing protein	IPR018723	H2043_10810
3_1	AF4	A0A2N3ELL0-F1	Alphaproteobacteria bacterium	91.1	DUF2254 domain-containing protein	IPR018723	CVT73_03940
3_1	AF4	A0A654DQ14-F1	Sphingomonas sp	91.1	Membrane protein	IPR018723	SPHINGOT1_80259
3_1	AF4	A0A2S1FUU1-F1	uncultured bacterium	91.1	DUF2254 domain-containing protein	IPR018723	
3_1	AF4	A0A654DEI5-F1	Pseudomonas sp	91.1	DUF2254 domain-containing protein	IPR018723	PSEUDO8Z_60897
3_1	AF4	A0A0Q4ET96-F1	Sphingomonas sp	91.1	DUF2254 domain-containing protein	IPR018723	ASE69_05595
3_1	AF4	A0A7Z0I553-F1	Pantoea sp	91.1	DUF2254 domain-containing protein	IPR018723	HZZ01_02730
3_1	AF4	A0A1I3ZDP8-F1	Desulfomicrobium apsheronum	91.1	Uncharacterized membrane protein	IPR018723	SAMN04488082_12342
3_1	AF4	A0A1I3EX97-F1	Methylobacterium brachiatum	91.1	Predicted membrane protein	IPR018723	SAMN02799642_00455
3_1	AF4	A0A0Q4GLH0-F1	Sphingomonas sp	91.1	DUF2254 domain-containing protein	IPR018723	ASE70_09505
3_1	AF4	A0A7C9IG66-F1	Kangsaoukella pontilimi	91.1	DUF2254 domain-containing protein	IPR018723	GQ651_09665
3_1	AF4	A0A2S1JJE7-F1	Klebsiella pneumoniae	91.1	DUF2254 domain-containing protein	IPR018723	
3_1	AF4	A0A7W9FVB1-F1	Pseudomonas vesicularis	91.1	Putative membrane protein	IPR018723	HNP47_002251
3_1	AF4	E0MP67-F1	Ahrensia sp	91.1	Membrane protein	IPR018723	R2A130_3228
3_1	AF4	A0A2X1BD66-F1	Pseudomonas vesicularis	91.1	Predicted membrane protein (DUF2254)	IPR018723	NCTC11166_02052
3_1	AF4	A0A7W6KJU0-F1	Martelella radicis	91.1	Putative membrane protein	IPR018723	GGR30_001152
3_1	AF4	A0A1M5WCC8-F1	Desulfofustis glycolicus	91.0	Uncharacterized membrane protein	IPR018723	SAMN02745124_02204
3_1	AF4	A0A0L6CTL7-F1	Roseovarius tolerans	91.0	DUF2254 domain-containing protein	IPR018723	ROTO_26060
3_1	AF4	A0A4R2UNT6-F1	strain PP-F2F-G36	91.0	Putative membrane protein	IPR018723	C8J34_101930
3_1	AF4	A0A0Q5PA21-F1	Sphingomonas sp	91.0	DUF2254 domain-containing protein	IPR018723	ASG07_10500
3_1	AF4	A0A5Q3S4K7-F1	Neisseria brasiliensis	91.0	DUF2254 domain-containing protein	IPR018723	GJU80_01625 GJV52_09665
3_1	AF4	A0A4Q8MBV7-F1	Shinella sp	91.0	DUF2254 domain-containing protein	IPR018723	EXZ48_31925
3_1	AF4	A0A379ES49-F1	Pasteurella canis	91.0	Membrane protein	IPR018723	NCTC11621_00230
3_1	AF4	A0A7G6K7K7-F1	Shigella boydii	91.0	DUF2254 domain-containing protein	IPR018723	G5S56_20115
3_1	AF4	A0A558RBU2-F1	Sphingomonas solaris	91.0	DUF2254 domain-containing protein	IPR018723	FOY91_02985
3_1	AF4	A0A658Z4A3-F1	Shigella flexneri	91.0	Predicted membrane protein (DUF2254)	IPR018723	SAMEA3710514_05104
3_1	AF4	A0A6N6MJX4-F1	Tamlana haliotis	91.0	DUF2254 domain-containing protein	IPR018723	F6U93_07130
3_1	AF4	A0A3A1WIN5-F1	Aureimonas flava	91.0	DUF2254 domain-containing protein	IPR018723	D3218_10525
3_1	AF4	A0A4Q8XNS0-F1	Rhizobium leguminosarum	91.0	DUF2254 domain-containing protein	IPR018723	ELI03_34840
3_1	AF4	A0A2D8K7G9-F1	Rhizobiaceae bacterium	91.0	DUF2254 domain-containing protein	IPR018723	CML23_18070
3_1	AF4	A0A0W8HDU9-F1	Pseudomonas savastanoi pv	91.0	DUF2254 domain-containing protein	IPR018723	ALP82_02115
3_1	AF4	A8LNA6-F1	Dinoroseobacter shibae 	91.0	DUF2254 domain-containing protein	IPR018723	Dshi_1877
3_1	AF4	A0A7X8TFX5-F1	Rhizobium sp	91.0	DUF2254 domain-containing protein	IPR018723	HGP14_32535
3_1	AF4	A0A2R8AWY1-F1	Pseudoprimorskyibacter insulae	91.0	DUF2254 domain-containing protein	IPR018723	PRI8871_02194
3_1	AF4	A0A7V9B8J1-F1	Gemmatimonadales bacterium	91.0	DUF2254 domain-containing protein	IPR018723	H0W15_01865
3_1	AF4	A0A0Q5LSB8-F1	Brevundimonas sp	91.0	DUF2254 domain-containing protein	IPR018723	ASF81_11755
3_1	AF4	A0A418SEM2-F1	Pseudooceanicola algae	91.0	DUF2254 domain-containing protein	IPR018723	PSAL_009140
3_1	AF4	A0A1I7D6P0-F1	Sedimentitalea nanhaiensis	91.0	Uncharacterized membrane protein	IPR018723	SAMN05216236_12360
3_1	AF4	A0A2S4HRT9-F1	Pseudomonas amygdali pv	91.0	DUF2254 domain-containing protein	IPR018723	ALQ94_01917
3_1	AF4	A0A0Q4I5T8-F1	Sphingomonas sp	91.0	DUF2254 domain-containing protein	IPR018723	ASE77_09750
3_1	AF4	A0A3D9EU49-F1	Pseudomonas oleovorans	91.0	Putative membrane protein	IPR018723	DFO60_1177
3_1	AF4	A0A0S9NHT9-F1	Brevundimonas sp	91.0	DUF2254 domain-containing protein	IPR018723	ASF31_10105
3_1	AF4	A0A160I1X1-F1	Brevundimonas sp	91.0	DUF2254 domain-containing protein	IPR018723	A4249_14915
3_1	AF4	A0A1X6Y6K5-F1	Roseovarius halotolerans	91.0	DUF2254 domain-containing protein	IPR018723	ROH8110_00144
3_1	AF4	A0A4Q7SK70-F1	Sphingomonas sp	91.0	Putative membrane protein	IPR018723	EV283_3315
3_1	AF4	A0A6F8UPL4-F1	Bosea sp	91.0	DUF2254 domain-containing protein	IPR018723	OCUBac02_01110
3_1	AF4	A0A4V2UN93-F1	Primorskyibacter sedentarius	91.0	Putative membrane protein	IPR018723	EDD52_112119
3_1	AF4	A0A0A8KPT1-F1	Escherichia coli	91.0	DUF2254 domain-containing protein (Predicted membrane protein (DUF2254))	IPR018723	BANRA_00281 BKL28_005301 BMT91_25770 BO068_004861 BON93_26455 C5N07_27800 CA593_04335 CO706_21530 D0X26_24370 DXT73_24970 E3N34_09530 EBP16_23760 EIZ93_25375 ELT41_23235 ELU99_23790 ELV15_18170 E...
3_1	AF4	K8PAB6-F1	Afipia clevelandensis	91.0	DUF2254 domain-containing protein	IPR018723	HMPREF9696_01659
3_1	AF4	A0A4Z0BMC3-F1	Ramlibacter rhizophilus	91.0	DUF2254 domain-containing protein	IPR018723	EZ242_12420
3_1	AF4	A0A1F8HYZ6-F1	Caulobacterales bacterium	91.0	DUF2254 domain-containing protein	IPR018723	A2623_05065
3_1	AF4	V9WFC3-F1	Phaeobacter gallaeciensis	91.0	DUF2254 domain-containing protein	IPR018723	Gal_00787
3_1	AF4	A0A4Y5W299-F1	Pseudomonas psychrotolerans	91.0	DUF2254 domain-containing protein	IPR018723	CCZ28_06035
3_1	AF4	K2MT89-F1	Nitratireductor pacificus	91.0	DUF2254 domain-containing protein	IPR018723	NA2_02244
3_1	AF4	A0A562PXR0-F1	Pseudomonas duriflava	90.9	Putative membrane protein	IPR018723	IQ22_04044
3_1	AF4	A0A2T1AFX7-F1	Tritonibacter scottomollicae	90.9	Putative membrane protein	IPR018723	CLV89_10631
3_1	AF4	A0A2S4LDN9-F1	Methylobacterium sp	90.9	DUF2254 domain-containing protein	IPR018723	CRT23_23525
3_1	AF4	A0A502FFM2-F1	Sphingomonas glacialis	90.9	DUF2254 domain-containing protein	IPR018723	EAH76_21685
3_1	AF4	A0A386UH37-F1	Paracoccus yeei	90.9	DUF2254 domain-containing protein	IPR018723	PY32053_00276
3_1	AF4	A0A1Q3SWF9-F1	Gammaproteobacteria bacterium	90.9	DUF2254 domain-containing protein	IPR018723	BGO43_08775
3_1	AF4	A0A2P8QYX8-F1	Campylobacter blaseri	90.9	DUF2254 domain-containing protein	IPR018723	CQ405_07730
3_1	AF4	A0A7M1HY77-F1	Klebsiella pneumoniae	90.9	DUF2254 domain-containing protein	IPR018723	NCNNKFFI_05276
3_1	AF4	A0A4R5ZY62-F1	Palleronia sediminis	90.9	DUF2254 domain-containing protein	IPR018723	E2L08_15675
3_1	AF4	A0A7W4YVR6-F1	Microvirga lupini	90.9	Putative membrane protein	IPR018723	FHR70_000519
3_1	AF4	A0A840VBE5-F1	Haloferula luteola	90.9	Putative membrane protein	IPR018723	HNR46_000435
3_1	AF4	A0A178L2H2-F1	Pseudomonas oryzihabitans	90.9	DUF2254 domain-containing protein	IPR018723	A4V15_10570
3_1	AF4	A0A1A3NUD4-F1	Mycobacterium asiaticum	90.9	DUF2254 domain-containing protein	IPR018723	A5635_16775
3_1	AF4	A0A0F2RP02-F1	Roseovarius sp	90.9	DUF2254 domain-containing protein	IPR018723	VR71_23605
3_1	AF4	A0A2W5A8M8-F1	Micavibrio aeruginosavorus	90.9	DUF2254 domain-containing protein	IPR018723	DI626_00765
3_1	AF4	A0A0Q7N137-F1	Rhizobium sp	90.9	DUF2254 domain-containing protein	IPR018723	ASD32_24590
3_1	AF4	A0A1B0ZZA1-F1	Tritonibacter mobilis	90.9	DUF2254 domain-containing protein	IPR018723	K529_002475
3_1	AF4	A0A7J9XR77-F1	Pseudonocardiaceae bacterium	90.9	DUF2254 domain-containing protein	IPR018723	GEV09_13765
3_1	AF4	A0A0Q6EVR8-F1	Aurantimonas sp	90.9	DUF2254 domain-containing protein	IPR018723	ASG48_14515
3_1	AF4	A0A5C4RA59-F1	Paracoccus haeundaensis	90.9	DUF2254 domain-containing protein	IPR018723	FHD67_04885
3_1	AF4	A0A1M6A1X8-F1	Wenxinia saemankumensis	90.9	Uncharacterized membrane protein	IPR018723	SAMN05444417_0164
3_1	AF4	A0A3G2VD89-F1	Methylobacterium brachiatum	90.9	DUF2254 domain-containing protein	IPR018723	EBB05_24310
3_1	AF4	A0A7X9ZBG8-F1	Achromobacter sp	90.9	DUF2254 domain-containing protein	IPR018723	HG262_08455
3_1	AF4	A0A1P8PYG2-F1	Sphingomonas sp	90.9	DUF2254 domain-containing protein	IPR018723	AV944_07280
3_1	AF4	A0A1I4F840-F1	Methylobacterium pseudosasicola	90.9	Predicted membrane protein	IPR018723	SAMN05192568_1001151
3_1	AF4	A0A5C7V3Y9-F1	Nitrosomonas sp	90.9	DUF2254 domain-containing protein	IPR018723	E6Q62_05715
3_1	AF4	A0A7V7KUS3-F1	Pseudomonas laoshanensis	90.9	DUF2254 domain-containing protein	IPR018723	DT594_11655
3_1	AF4	A0A2T7GBN4-F1	Pelagivirga sediminicola	90.9	DUF2254 domain-containing protein	IPR018723	DC366_02555
3_1	AF4	C7CIM3-F1	Methylobacterium extorquens	90.9	DUF2254 domain-containing protein	IPR018723	METD_I1850
3_1	AF4	A0A1V3BQ05-F1	Thioalkalivibrio versutus	90.9	DUF2254 domain-containing protein	IPR018723	B0684_09375
3_1	AF4	A0A4R2TWZ4-F1	Sphingomonas sp	90.9	Putative membrane protein	IPR018723	C8J40_104429
3_1	AF4	A0A2N6QCT2-F1	Oligella urethralis	90.9	DUF2254 domain-containing protein	IPR018723	CJ230_06260
3_1	AF4	A0A1G5FSW6-F1	Paracoccus tibetensis	90.9	Uncharacterized membrane protein	IPR018723	SAMN05660710_01548
3_1	AF4	A0A2D4UWD9-F1	Rhodobacteraceae bacterium	90.9	DUF2254 domain-containing protein	IPR018723	CML50_08225
3_1	AF4	A0A1G9I4L3-F1	Paracoccus chinensis	90.8	Uncharacterized membrane protein	IPR018723	SAMN04487971_107129
3_1	AF4	A0A143ZFJ2-F1	Rhizobium sp	90.8	Uncharacterized membrane protein	IPR018723	GA0004734_00015480
3_1	AF4	A0A7Y6EJ95-F1	Sphingomonas zeae	90.8	DUF2254 domain-containing protein	IPR018723	HP438_19340
3_1	AF4	A0A1G5M7V6-F1	Pseudomonas psychrotolerans	90.8	Uncharacterized membrane protein	IPR018723	SAMN05216279_101330
3_1	AF4	A0A7Y1TMW8-F1	Flavobacteriaceae bacterium	90.8	DUF2254 domain-containing protein	IPR018723	HKN90_06210
3_1	AF4	A0A2V2LPX9-F1	Meridianimarinicoccus roseus	90.8	DUF2254 domain-containing protein	IPR018723	DKT77_05695
3_1	AF4	A0A2K0XTP7-F1	Moraxella sp	90.8	DUF2254 domain-containing protein	IPR018723	AZ602_05240
3_1	AF4	A0A2U8X2Q8-F1	Methylobacterium sp	90.8	DUF2254 domain-containing protein	IPR018723	DK412_15425
3_1	AF4	A0A2I9E3Z5-F1	Arenibacter sp	90.8	DUF2254 domain-containing protein	IPR018723	C21_01317
3_1	AF4	A0A081D397-F1	Agrobacterium rubi	90.8	DUF2254 domain-containing protein	IPR018723	RRU01S_37_00260
3_1	AF4	A0A849G6M2-F1	Silicimonas sp	90.8	DUF2254 domain-containing protein	IPR018723	HKP35_10460
3_1	AF4	A0A4R1GK91-F1	Marinobacterium mangrovicola	90.8	Putative membrane protein	IPR018723	CLV83_2486
3_1	AF4	A0A2D5FF01-F1	Haliea sp	90.8	DUF2254 domain-containing protein	IPR018723	CME38_15590
3_1	AF4	A0A3E0P8Y0-F1	Acidobacteria bacterium	90.8	DUF2254 domain-containing protein	IPR018723	DWQ43_05750
3_1	AF4	A0A0F9V1Q4-F1	marine sediment	90.8	DUF2254 domain-containing protein	IPR018723	LCGC14_0139930
3_1	AF4	A0A2S3WCV5-F1	Arthrobacter siderocapsulatus	90.8	DUF2254 domain-containing protein	IPR018723	BGP80_12680
3_1	AF4	A0A3A6R1A2-F1	Pseudomonas sp	90.8	DUF2254 domain-containing protein	IPR018723	D3M70_26235
3_1	AF4	A0A1H8TGG5-F1	Pseudomonas sp	90.8	Uncharacterized membrane protein	IPR018723	SAMN02787149_102345
3_1	AF4	A0A7X6KCN8-F1	Rhodobacteraceae bacterium	90.8	DUF2254 domain-containing protein	IPR018723	HGG73_00995
3_1	AF4	A0A6B2IMF5-F1	Shewanella sp	90.8	DUF2254 domain-containing protein	IPR018723	GYH33_03510
3_1	AF4	A0A506P5K8-F1	Pantoea anthophila	90.8	DUF2254 domain-containing protein	IPR018723	FJW00_07355
3_1	AF4	A0A828BF28-F1	Escherichia coli	90.8	DUF2254 domain-containing protein	IPR018723	AT335_005039
3_1	AF4	A0A4Q6CLI4-F1	Proteobacteria bacterium	90.8	DUF2254 domain-containing protein	IPR018723	EOP05_00640
3_1	AF4	A0A7G3ETV7-F1	Enterobacter cloacae	90.8	DUF2254 domain-containing protein	IPR018723	CGS27_13735
3_1	AF4	A0A0Q4CDU6-F1	Sphingomonas sp	90.8	DUF2254 domain-containing protein	IPR018723	ASE58_16565
3_1	AF4	A0A5P1R3H6-F1	Arthrobacter siderocapsulatus	90.8	DUF2254 domain-containing protein	IPR018723	F1602_18585
3_1	AF4	A0A4V1T337-F1	Hyphomicrobiales bacterium	90.8	DUF2254 domain-containing protein	IPR018723	EOP23_17720
3_1	AF4	A0A1G6JFY5-F1	Ruegeria marina	90.8	Uncharacterized membrane protein	IPR018723	SAMN04488239_101349
3_1	AF4	A0A1Y0D2Q6-F1	Oceanisphaera profunda	90.8	DUF2254 domain-containing protein	IPR018723	CBP31_00945
3_1	AF4	A0A2D5S277-F1	Rheinheimera sp	90.8	DUF2254 domain-containing protein	IPR018723	CML20_22465
3_1	AF4	Q5LSY5-F1	Silicibacter pomeroyi	90.8	DUF2254 domain-containing protein	IPR018723	SPO1629
3_1	AF4	A0A7W2TZ00-F1	Sediminihaliea albiluteola	90.8	DUF2254 domain-containing protein	IPR018723	H2508_14680
3_1	AF4	A0A1K2I255-F1	Devosia enhydra	90.8	Uncharacterized membrane protein	IPR018723	SAMN02983003_3507
3_1	AF4	A0A2S0N8W6-F1	Phreatobacter cathodiphilus	90.8	DUF2254 domain-containing protein	IPR018723	C6569_04925
3_1	AF4	A0A3Q9TIZ2-F1	Paracoccus sp	90.8	DUF2254 domain-containing protein	IPR018723	EOJ32_18335
3_1	AF4	A0A0G3GC25-F1	Thioalkalivibrio versutus	90.8	Membrane protein	IPR018723	TVD_03290
3_1	AF4	A0A1H8F2Q8-F1	Pseudorhodobacter antarcticus	90.8	Uncharacterized membrane protein	IPR018723	SAMN05216227_101017
3_1	AF4	A0A0B6EH87-F1	Francisella philomiragia subsp	90.8	DUF2254 domain-containing protein	IPR018723	BZ13_1898
3_1	AF4	A0A5P2QPQ9-F1	Paracoccus yeei	90.7	DUF2254 domain-containing protein	IPR018723	FOB51_07415
3_1	AF4	A0A6B9FU48-F1	Methylobacterium mesophilicum SR1	90.7	DUF2254 domain-containing protein	IPR018723	MMSR116_28445
3_1	AF4	A0A286AGK4-F1	Nitrosomonas ureae	90.7	Uncharacterized membrane protein	IPR018723	SAMN06297164_3117
3_1	AF4	A0A0Q4LG10-F1	Sphingomonas sp	90.7	DUF2254 domain-containing protein	IPR015424,IPR018723	ASE88_01630
3_1	AF4	A0A1A3KD17-F1	Mycobacterium asiaticum	90.7	DUF2254 domain-containing protein	IPR018723	A5640_21625
3_1	AF4	A0A3N4U900-F1	Pacificibacter maritimus	90.7	Putative membrane protein	IPR018723	EDD53_1621
3_1	AF4	A0A1S2TK60-F1	Shewanella algae	90.7	DUF2254 domain-containing protein	IPR018723	BFS86_16260
3_1	AF4	A0A0Q8NA04-F1	Rhizobium sp	90.7	DUF2254 domain-containing protein	IPR018723	ASE04_28305
3_1	AF4	A0A5Q4ENM2-F1	Phycisphaeraceae bacterium	90.7	DUF2254 domain-containing protein	IPR018723	EA376_11865
3_1	AF4	A0A2K9EF24-F1	Paracoccus tegillarcae	90.7	DUF2254 domain-containing protein	IPR018723	CUV01_09315
3_1	AF4	A0A2T1KMV7-F1	Marinobacter shengliensis	90.7	DUF2254 domain-containing protein	IPR018723	C7H10_17100
3_1	AF4	N1WIM8-F1	Psychroflexus gondwanensis	90.7	DUF2254 domain-containing protein	IPR018723	pgond44_13716
3_1	AF4	A0A3M2E928-F1	Alphaproteobacteria bacterium	90.7	DUF2254 domain-containing protein	IPR018723	D6686_12860
3_1	AF4	A0A1H6GSL1-F1	Rhizobium sp	90.7	Uncharacterized membrane protein	IPR018723	SAMN03159407_2900
3_1	AF4	A0A2W7RWJ3-F1	Cereibacter changlensis	90.7	Putative membrane protein	IPR018723	LX76_01793
3_1	AF4	A0A399J8G0-F1	Pseudopuniceibacterium sediminis	90.7	DUF2254 domain-containing protein	IPR018723	DL237_00235
3_1	AF4	A0A1H2Y2V7-F1	Tritonibacter mobilis	90.7	Uncharacterized membrane protein	IPR018723	SAMN05444385_104188
3_1	AF4	A0A1R1YWA5-F1	Sphingomonas sp. Sph1	90.7	DUF2254 domain-containing protein	IPR018723	BSZ14_14910
3_1	AF4	A0A328FHD7-F1	Desulfobacter hydrogenophilus	90.7	DUF2254 domain-containing protein	IPR018723	DO021_02255
3_1	AF4	A0A0B6D5G8-F1	Francisella philomiragia	90.7	DUF2254 domain-containing protein	IPR018723	LA55_670
3_1	AF4	B7N322-F1	strain ED1a	90.7	DUF2254 domain-containing protein	IPR018723	ECED1_5136
3_1	AF4	A0A6A7RXN8-F1	Candidatus Accumulibacter	90.7	DUF2254 domain-containing protein	IPR018723	CRU78_17345
3_1	AF4	A0A1H5ZFH5-F1	Marinobacterium lutimaris	90.7	Uncharacterized membrane protein	IPR018723	SAMN05444390_1012148
3_1	AF4	A0A5B9FM01-F1	Rhizobium sp	90.7	DUF2254 domain-containing protein	IPR018723	FVA81_04340
3_1	AF4	A0A1H1FAK8-F1	Brevundimonas sp	90.7	Uncharacterized membrane protein	IPR018723	SAMN02787020_2334
3_1	AF4	A0A3U5WFP1-F1	Shigella boydii	90.7	DUF2254 domain-containing protein	IPR018723	DQF09_21875
3_1	AF4	A6U6T4-F1	strain WSM419	90.7	DUF2254 domain-containing protein	IPR018723	Smed_0508
3_1	AF4	A0A1I7KXL8-F1	Methylobacterium sp	90.7	Uncharacterized membrane protein	IPR018723	SAMN02799643_04073
3_1	AF4	A0A0W7WE72-F1	Ponticoccus marisrubri	90.7	DUF2254 domain-containing protein	IPR018723	AVJ23_20500
3_1	AF4	A0A3B8P2P1-F1	Pseudomonas sp	90.7	DUF2254 domain-containing protein	IPR018723	DCE25_07640
3_1	AF4	A0A3T0E782-F1	Glycocaulis alkaliphilus	90.7	DUF2254 domain-containing protein	IPR018723	X907_0731
3_1	AF4	A0A127CFV3-F1	Martelella sp	90.7	DUF2254 domain-containing protein	IPR018723	AZF01_03655
3_1	AF4	A0A2T5IIG3-F1	Nitrosomonas ureae	90.6	Putative membrane protein	IPR018723	C8R28_102314
3_1	AF4	A0A2A9CWX7-F1	Serinibacter salmoneus	90.6	Putative membrane protein	IPR006311,IPR018723	ATL40_0041
3_1	AF4	A0A4S8NB81-F1	Rhizobium rhizophilum	90.6	DUF2254 domain-containing protein	IPR018723	E9677_10970
3_1	AF4	A0A0D1LUW6-F1	Bradyrhizobium elkanii	90.6	DUF2254 domain-containing protein	IPR018723	QU41_08135
3_1	AF4	A0A0P1HXE2-F1	Leisingera aquaemixtae	90.6	DUF2254 domain-containing protein	IPR018723	PHA8399_02399
3_1	AF4	A0A3C1NXT5-F1	Halieaceae bacterium	90.6	DUF2254 domain-containing protein	IPR018723	DCQ70_15125
3_1	AF4	A0A1G9RWF7-F1	Maricaulis salignorans	90.6	Uncharacterized membrane protein	IPR018723	SAMN04488568_10817
3_1	AF4	A0A0B2AHA9-F1	Sinomonas humi	90.6	DUF2254 domain-containing protein	IPR018723,IPR036566	LK10_16905
3_1	AF4	A0A2K8YFS8-F1	Bradyrhizobium sp	90.6	DUF2254 domain-containing protein	IPR018723	CWS35_20985
3_1	AF4	A0A3D1GIM6-F1	Halieaceae bacterium	90.6	DUF2254 domain-containing protein	IPR018723	DEQ90_06970
3_1	AF4	A0A1T0A171-F1	Moraxella caviae	90.6	DUF2254 domain-containing protein	IPR018723	B0181_06875
3_1	AF4	A0A0V7YXA9-F1	Methylobacterium sp	90.6	DUF2254 domain-containing protein	IPR018723	AO398_26640
3_1	AF4	A0A380AB36-F1	Shewanella algae	90.6	Predicted membrane protein (DUF2254)	IPR018723	NCTC10738_02632
3_1	AF4	A0A0Q4L4A1-F1	Sphingomonas sp	90.6	DUF2254 domain-containing protein	IPR015424,IPR018723	ASF00_05825
3_1	AF4	A0A4Q9G3Q3-F1	Paracoccus subflavus	90.6	DUF2254 domain-containing protein	IPR018723	EYE42_04440
3_1	AF4	A0A857EEU8-F1	Serratia rhizosphaerae	90.6	DUF2254 domain-containing protein	IPR018723	FO014_18775
3_1	AF4	A0A1I5G689-F1	Algoriphagus ornithinivorans	90.6	Uncharacterized membrane protein	IPR018723,IPR036259	SAMN04488519_105220
3_1	AF4	A0A084UDU2-F1	Nitratireductor basaltis	90.6	DUF2254 domain-containing protein	IPR018723	EL18_02172
3_1	AF4	F9ZFU3-F1	Nitrosomonas sp	90.6	DUF2254 domain-containing protein	IPR018723	NAL212_2224
3_1	AF4	A0A158JED2-F1	Caballeronia humi	90.6	DUF2254 domain-containing protein	IPR018723	AWB65_06472
3_1	AF4	A0A5B7VRG8-F1	Pseudomonas sp	90.6	DUF2254 domain-containing protein	IPR018723	ELQ88_01070
3_1	AF4	A0A7W2QU78-F1	Pseudomonas juntendi	90.6	DUF2254 domain-containing protein	IPR018723	H4B97_11080
3_1	AF4	A0A3M6HY87-F1	Pseudomonas syringae pv. tabaci	90.6	DUF2254 domain-containing protein	IPR018723	ALP03_00059
3_1	AF4	A0A1T0CST2-F1	Moraxella porci	90.6	DUF2254 domain-containing protein	IPR018723	B0681_05100
3_1	AF4	A0A7W0X6F7-F1	Betaproteobacteria bacterium	90.6	DUF2254 domain-containing protein	IPR018723,IPR036566	H0T80_11660
3_1	AF4	A0A259E624-F1	Novosphingobium sp	90.6	DUF2254 domain-containing protein	IPR018723	B7X90_00565
3_1	AF4	A0A1H9CV15-F1	Nitrosomonas ureae	90.6	Uncharacterized membrane protein	IPR018723	SAMN05421510_101711
3_1	AF4	A0A7Y2F4F6-F1	Flavobacteriales bacterium	90.6	DUF2254 domain-containing protein	IPR018723	HKN45_12470
3_1	AF4	I7IB37-F1	Taylorella equigenitalis	90.6	Putative membrane protein	IPR018723	KUK_0809
3_1	AF4	A0A2Z4XZH3-F1	Francisella adeliensis	90.5	DUF2254 domain-containing protein	IPR018723	CDH04_07600
3_1	AF4	A0A0U5L9P2-F1	Erwinia gerundensis	90.5	DUF2254 domain-containing protein	IPR018723	EM595_p0167
3_1	AF4	A0A7W7ERI4-F1	Sphingomonas yabuuchiae	90.5	Putative membrane protein	IPR018723	GGQ89_001517
3_1	AF4	A0A850SRT0-F1	Desulfobacter latus	90.5	DUF2254 domain-containing protein	IPR018723	HXW94_03865
3_1	AF4	A0A2E2F0U3-F1	Nioella sp	90.5	DUF2254 domain-containing protein	IPR018723	CMH66_10030
3_1	AF4	A0A508X5A0-F1	Sinorhizobium medicae	90.5	DUF2254 domain-containing protein	IPR018723	EMEDMD4_70109
3_1	AF4	A0A840FCH8-F1	Sphingomonas jinjuensis	90.5	Putative membrane protein	IPR018723	GGQ80_002344
3_1	AF4	A0A7S8EE86-F1	Mesorhizobium sp	90.5	DUF2254 domain-containing protein	IPR018723	GA830_00180
3_1	AF4	D9QG14-F1	Caulobacter subvibrioides	90.5	DUF2254 domain-containing protein	IPR018723	Bresu_3250
3_1	AF4	A0A1G7ME76-F1	Sphingomonas carotinifaciens	90.5	DUF2254 domain-containing protein (Uncharacterized membrane protein)	IPR018723	GQR91_00080 SAMN05216557_104154
3_1	AF4	A0A4U1B6Z9-F1	Thalassotalea mangrovi	90.5	DUF2254 domain-containing protein	IPR018723	E8M12_07155
3_1	AF4	A0A089WR28-F1	Pseudomonas cremoricolorata	90.5	DUF2254 domain-containing protein	IPR018723	LK03_18000
3_1	AF4	A0A329I2Z1-F1	Pseudomonas sp	90.5	DUF2254 domain-containing protein	IPR018723	DBY63_000145
3_1	AF4	A0A117NF65-F1	Pseudomonas sp	90.5	DUF2254 domain-containing protein	IPR018723	AR540_23650
3_1	AF4	C5AXA4-F1	Methylobacterium extorquens	90.5	DUF2254 domain-containing protein	IPR018723	MexAM1_META1p1049
3_1	AF4	A0Q579-F1	strain U112	90.5	Hypothetical membrane protein	IPR018723	FTN_0498
3_1	AF4	A0A657LVP0-F1	Pararhizobium antarcticum	90.5	DUF2254 domain-containing protein	IPR018723	AX760_13145
3_1	AF4	A0A5C8HVJ3-F1	Microbacterium saccharophilum	90.5	DUF2254 domain-containing protein	IPR018723	FVP74_12640
3_1	AF4	A0A7W0MNK3-F1	Rhodobacteraceae bacterium	90.5	DUF2254 domain-containing protein	IPR018723	H0T41_02180
3_1	AF4	A0A1H3P6U5-F1	Citreimonas salinaria	90.5	Uncharacterized membrane protein	IPR018723	SAMN05444340_1561
3_1	AF4	A0A1T4QQZ5-F1	Lysobacter spongiicola	90.5	Uncharacterized membrane protein	IPR018723	SAMN02745674_01775
3_1	AF4	A0A068YRM1-F1	Polaromonas sp	90.5	DUF2254 domain-containing protein	IPR018723	
3_1	AF4	A0A7Y2EL65-F1	Flavobacteriaceae bacterium	90.5	DUF2254 domain-containing protein	IPR018723	HKN48_10325
3_1	AF4	A0A2W4V0V5-F1	Betaproteobacteria bacterium	90.5	DUF2254 domain-containing protein	IPR018723	DCE89_03370
3_1	AF4	A0A326GHG5-F1	Sphingomonas sp	90.5	DUF2254 domain-containing protein	IPR018723	DI625_17230
3_1	AF4	A0A1H3CHR2-F1	Roseicitreum antarcticum	90.5	Uncharacterized membrane protein	IPR018723	SAMN04488238_109169
3_1	AF4	A0A520TC77-F1	Limnobacter sp	90.5	DUF2254 domain-containing protein	IPR018723	EVA59_10420
3_1	AF4	A0A4Q3HDH3-F1	Rhizobiaceae bacterium	90.5	DUF2254 domain-containing protein	IPR018723	EOP18_01015
3_1	AF4	A0A437P589-F1	Methylobacterium oryzihabitans	90.5	DUF2254 domain-containing protein	IPR018723	EOE48_13760
3_1	AF4	A0A654KG94-F1	strain MCE9	90.4	DUF2254 domain-containing protein	IPR018723	TEQUI_0521
3_1	AF4	A0A1G5SBP8-F1	Nitrosomonas mobilis	90.4	Predicted membrane protein	IPR018723	NSMM_240009
3_1	AF4	A0A2S1LDT5-F1	Flavobacterium faecale	90.4	DUF2254 domain-containing protein	IPR018723	FFWV33_10230
3_1	AF4	A0A0C1G7Y6-F1	Leisingera sp	90.4	DUF2254 domain-containing protein	IPR018723	RA26_04890
3_1	AF4	A0A6I4RV72-F1	Francisella tularensis	90.4	DUF2254 domain-containing protein	IPR018723	FNC33_05000
3_1	AF4	A0A2D6RVP4-F1	Sutterellaceae bacterium	90.4	DUF2254 domain-containing protein	IPR018723	CMN88_11215
3_1	AF4	A0A2V2SAZ4-F1	Candidatus Rokubacteria	90.4	DUF2254 domain-containing protein	IPR018723	C5B48_12670
3_1	AF4	A0A1A0MBI0-F1	Mycobacterium sp	90.4	DUF2254 domain-containing protein	IPR018723,IPR036566	A9W99_10295
3_1	AF4	A0A1V9UP60-F1	Pseudomonas sp	90.4	DUF2254 domain-containing protein	IPR018723	BWR59_14290
3_1	AF4	A0A5B8KYJ7-F1	Nitratireductor sp	90.4	DUF2254 domain-containing protein	IPR018723	FQ775_10040
3_1	AF4	A0A0K8P1X3-F1	Ideonella sakaiensis 	90.4	DUF2254 domain-containing protein	IPR018723	ISF6_2481
3_1	AF4	A0A0V7Z7Y8-F1	Methylobacterium sp	90.4	DUF2254 domain-containing protein	IPR018723	AO398_15025
3_1	AF4	A0A7X3LTY4-F1	Stappia sp	90.4	DUF2254 domain-containing protein	IPR018723	GR183_09165
3_1	AF4	A0A2D8C182-F1	Algoriphagus sp	90.4	DUF2254 domain-containing protein	IPR018723,IPR036259	CL554_02060
3_1	AF4	A0A520H2V7-F1	Variovorax sp	90.4	DUF2254 domain-containing protein	IPR018723	EOP73_15255
3_1	AF4	A0A2E2QZ79-F1	Sutterellaceae bacterium	90.4	DUF2254 domain-containing protein	IPR018723	CMN90_00325
3_1	AF4	A0A7W2PUH2-F1	Pseudomonas juntendi	90.4	DUF2254 domain-containing protein	IPR018723	H4C44_18965
3_1	AF4	A0A557RSP6-F1	Denitromonas halophilus	90.4	DUF2254 domain-containing protein	IPR018723	FHP89_05550
3_1	AF4	A0A7X6JNS8-F1	Rhodobacteraceae bacterium	90.4	DUF2254 domain-containing protein	IPR018723	HGG70_00445
3_1	AF4	A0A379L3E7-F1	Arthrobacter siderocapsulatus	90.4	Predicted membrane protein (DUF2254)	IPR018723	NCTC912_03762
3_1	AF4	A0A7Y1UJK4-F1	Akkermansiaceae bacterium	90.4	DUF2254 domain-containing protein	IPR018723	HKN82_14780
3_1	AF4	A0A2N4Y5L2-F1	Rhizobium sp	90.4	DUF2254 domain-containing protein	IPR006311,IPR018723	C0V73_11310
3_1	AF4	A0A3P1XID4-F1	Comamonadaceae bacterium	90.4	DUF2254 domain-containing protein	IPR018723	EII20_03180
3_1	AF4	V9VRW6-F1	Leisingera methylohalidivorans	90.4	DUF2254 domain-containing protein	IPR018723	METH_01775
3_1	AF4	X7EH38-F1	Roseivivax halodurans	90.4	DUF2254 domain-containing protein	IPR018723	OCH239_18200
3_1	AF4	A0A2E3PGI2-F1	Rhodobacteraceae bacterium	90.4	DUF2254 domain-containing protein	IPR018723	CML68_14805
3_1	AF4	A0A0P1GCA4-F1	Tropicibacter naphthalenivorans	90.4	DUF2254 domain-containing protein	IPR018723	TRN7648_02335
3_1	AF4	A0A7X6HBS0-F1	Arthrobacter mobilis	90.4	DUF2254 domain-containing protein	IPR018723	HGG74_06435
3_1	AF4	A0A0S9MTQ3-F1	Pseudorhodoferax sp	90.4	DUF2254 domain-containing protein	IPR018723	ASF44_20575
3_1	AF4	A0A355SQ36-F1	Halieaceae bacterium	90.4	DUF2254 domain-containing protein	IPR018723	DD459_11850
3_1	AF4	A0A7Y8GWA5-F1	Hydrogenophaga aromaticivorans	90.4	DUF2254 domain-containing protein	IPR018723,IPR036566	F3K02_10085
3_1	AF4	S9QH25-F1	Litoreibacter arenae	90.3	DUF2254 domain-containing protein	IPR018723	thalar_01723
3_1	AF4	A0A4Q3TTP3-F1	Caulobacteraceae bacterium	90.3	DUF2254 domain-containing protein	IPR018723	EON96_08825
3_1	AF4	A0A1N6FP81-F1	Nitrosomonas cryotolerans	90.3	Uncharacterized membrane protein	IPR018723	SAMN02743940_0340
3_1	AF4	A0A2T6AS66-F1	Allosediminivita pacifica	90.3	Putative membrane protein	IPR018723	C8N44_11529
3_1	AF4	A0A095Z9Q9-F1	Oligella urethralis	90.3	Membrane protein	IPR018723	HMPREF2130_03165
3_1	AF4	A0A653N6H3-F1	Burkholderia sp	90.3	DUF2254 domain-containing protein	IPR018723	BURKHO8Y_100008
3_1	AF4	A0A1H0FDA5-F1	Aureimonas jatrophae	90.3	Uncharacterized membrane protein	IPR018723	SAMN05192530_102466
3_1	AF4	A0A7L9WIM5-F1	Pseudopuniceibacterium antarcticum	90.3	DUF2254 domain-containing protein	IPR018723	F3W81_04165
3_1	AF4	A0A7Y7ZEJ8-F1	Arthrobacter siderocapsulatus	90.3	DUF2254 domain-containing protein	IPR018723	HX798_21875
3_1	AF4	W9V5K5-F1	Imhoffiella purpurea	90.3	Putative membrane protein	IPR018723	D779_2343
3_1	AF4	A0A1E8CNN7-F1	Pseudohongiella acticola	90.3	DUF2254 domain-containing protein	IPR018723	PHACT_10335
3_1	AF4	A0A380A3D5-F1	Shewanella morhuae	90.3	Predicted membrane protein (DUF2254)	IPR018723	NCTC10736_01529
3_1	AF4	A0A1B8S1W5-F1	Leisingera sp	90.3	DUF2254 domain-containing protein	IPR018723	A9D60_17970
3_1	AF4	A0A2R4MDS7-F1	Maritalea myrionectae	90.3	DUF2254 domain-containing protein	IPR018723	MXMO3_01565
3_1	AF4	A0A3R9MNN5-F1	Rhodovulum robiginosum	90.3	DUF2254 domain-containing protein	IPR018723	EJA01_04305
3_1	AF4	A0A838G6G0-F1	Chloroflexia bacterium	90.3	DUF2254 domain-containing protein	IPR018723,IPR036566	H0V37_00125
3_1	AF4	A0A1W1Z431-F1	Novosphingobium sp	90.3	Uncharacterized membrane protein	IPR018723	SAMN06272759_102391
3_1	AF4	A0A2S0N3Q9-F1	Simplicispira suum	90.3	DUF2254 domain-containing protein	IPR018723	C6571_17070
3_1	AF4	A0A132BQE7-F1	Tritonibacter horizontis	90.3	DUF2254 domain-containing protein	IPR018723	TRIHO_45010
3_1	AF4	A0A3Q9KG13-F1	Achromobacter spanius	90.3	DUF2254 domain-containing protein	IPR018723	ELS24_06285
3_1	AF4	A0A147HAJ4-F1	Pseudomonas psychrotolerans	90.3	DUF2254 domain-containing protein	IPR018723	SB14R_01630
3_1	AF4	A0A6H3CME2-F1	Pseudomonas avellanae	90.3	DUF2254 domain-containing protein	IPR018723	BKM26_27260
3_1	AF4	A0A7Z7IFP2-F1	Caballeronia arationis	90.3	Uncharacterized membrane protein	IPR018723	SAMN05446927_7691
3_1	AF4	A0A849CGU7-F1	Pasteurella multocida	90.2	DUF2254 domain-containing protein	IPR018723	C2800_04800
3_1	AF4	A0A1H9HW55-F1	Pseudomonas lutea	90.2	Uncharacterized membrane protein	IPR018723	SAMN05216409_107229
3_1	AF4	A0A5P2SF19-F1	Pseudomonas luteola	90.2	DUF2254 domain-containing protein	IPR018723	FOB45_04530
3_1	AF4	A0A6I2K419-F1	Pseudomonas sp	90.2	DUF2254 domain-containing protein	IPR018723	FYM84_11340
3_1	AF4	A0A2U9UAG0-F1	Methylobacterium sp	90.2	DUF2254 domain-containing protein	IPR018723	A3862_20515
3_1	AF4	A0A1J0KU77-F1	Francisella frigiditurris	90.2	DUF2254 domain-containing protein	IPR018723	KX01_888
3_1	AF4	A0A855YGH1-F1	Pantoea sp	90.2	DUF2254 domain-containing protein	IPR018723	CKF42_17615
3_1	AF4	A0A7Y9IWS4-F1	Pigmentiphaga litoralis	90.2	Putative membrane protein	IPR018723	FHW18_003174
3_1	AF4	V4NCN4-F1	Pasteurella multocida subsp	90.2	Membrane protein	IPR018723	P1062_0212095
3_1	AF4	A0A369XS39-F1	Candidatus Accumulibacter	90.2	DUF2254 domain-containing protein	IPR018723	DVS81_04490
3_1	AF4	A0A379CVJ0-F1	Enterobacter gergoviae	90.2	Predicted membrane protein (DUF2254)	IPR018723	NCTC11434_01054
3_1	AF4	A0A430BHG9-F1	Sphingomonas sp	90.2	DUF2254 domain-containing protein	IPR018723	BRX43_10485
3_1	AF4	A0A7G9RB51-F1	Nocardioides mesophilus	90.2	DUF2254 domain-containing protein	IPR018723	H9L09_20770
3_1	AF4	A0A147GCS9-F1	Pseudomonas parafulva	90.2	DUF2254 domain-containing protein	IPR018723	NS212_14190
3_1	AF4	A0A4P9VS04-F1	Zooshikella ganghwensis	90.2	DUF2254 domain-containing protein	IPR018723	B9G39_24710
3_1	AF4	A0A7W7A6R8-F1	Sphingomonas yabuuchiae	90.2	Putative membrane protein	IPR018723	GGQ89_002944
3_1	AF4	A0A1A2DKS5-F1	Mycobacterium sp	90.2	DUF2254 domain-containing protein	IPR018723,IPR036566	A5791_13825
3_1	AF4	A0A430KSD7-F1	Amphritea opalescens	90.2	DUF2254 domain-containing protein	IPR018723	EH243_09005
3_1	AF4	A0A1I6DI67-F1	Poseidonocella sedimentorum	90.2	Uncharacterized membrane protein	IPR018723	SAMN04515673_103310
3_1	AF4	Q2CD08-F1	Oceanicola granulosus 	90.2	DUF2254 domain-containing protein	IPR018723	OG2516_04491
3_1	AF4	A0A345JSG7-F1	Francisella opportunistica	90.2	DUF2254 domain-containing protein	IPR018723	CGC43_06530
3_1	AF4	A0A5E8AIY7-F1	Sphingomonas aurantiaca	90.2	DUF2254 domain-containing protein	IPR018723	SPHINGO391_520159
3_1	AF4	I9LN16-F1	Methylobacterium sp	90.2	Membrane protein	IPR018723	WYO_1002
3_1	AF4	A0A519Q3A0-F1	Brevundimonas sp	90.2	DUF2254 domain-containing protein	IPR018723	EON88_16450
3_1	AF4	A0A1M6B071-F1	Arenibacter nanhaiticus	90.1	Uncharacterized membrane protein	IPR018723	SAMN04487911_10220
3_1	AF4	A0A844QC24-F1	Nitratireductor arenosus	90.1	DUF2254 domain-containing protein	IPR018723	GN330_00230
3_1	AF4	A0A1Y5RHA1-F1	Pseudooctadecabacter jejudonensis	90.1	DUF2254 domain-containing protein	IPR018723	PSJ8397_00433
3_1	AF4	A0A0U4WKT9-F1	Pseudomonas oryzihabitans	90.1	DUF2254 domain-containing protein	IPR018723	APT59_12855
3_1	AF4	A0A1A3C706-F1	Mycobacterium asiaticum	90.1	DUF2254 domain-containing protein	IPR018723	A9X01_21890
3_1	AF4	A0A1G6CQ80-F1	Flavobacteriaceae bacterium	90.1	Uncharacterized membrane protein	IPR018723	SAMN03097699_0842
3_1	AF4	A0A2T5TX58-F1	Sphingomonas faeni	90.1	Putative membrane protein	IPR018723	C8J25_11442
3_1	AF4	A0A2T4JYB2-F1	Cereibacter changlensis	90.1	DUF2254 domain-containing protein	IPR018723	C5F48_04940
3_1	AF4	A0A2W4XLG7-F1	Alphaproteobacteria bacterium	90.1	DUF2254 domain-containing protein	IPR018723	DCF16_03595
3_1	AF4	A0A0L6J6M7-F1	Methylobacterium sp	90.1	DUF2254 domain-containing protein	IPR018723	AKJ13_17365
3_1	AF4	A0A4V2V464-F1	Martelella mediterranea	90.1	Putative membrane protein	IPR018723	EDC90_101735
3_1	AF4	A0A1A3HMH7-F1	Mycobacterium sp	90.1	DUF2254 domain-containing protein	IPR018723	A9W95_03410
3_1	AF4	A0A7W8HZN2-F1	Brevundimonas basaltis	90.1	Putative membrane protein	IPR018723	HNQ67_002327
3_1	AF4	A0A0M7BD78-F1	Jannaschia seosinensis	90.1	DUF2254 domain-containing protein	IPR018723	JSE7799_02859
3_1	AF4	A0A017HSP4-F1	Rubellimicrobium mesophilum	90.1	DUF2254 domain-containing protein	IPR018723,IPR023090	Rumeso_00927
3_1	AF4	A0A6L7G0A1-F1	Pseudooceanicola sp	90.1	DUF2254 domain-containing protein	IPR018723	GR170_06645
3_1	AF4	A0A2W5PCC3-F1	Sphingomonas taxi	90.1	DUF2254 domain-containing protein	IPR018723	DI544_08085
3_1	AF4	A0A5C8ZP91-F1	Parahaliea maris	90.1	DUF2254 domain-containing protein	IPR018723	FV139_19895
3_1	AF4	A0A089NS55-F1	Methylobacterium oryzae	90.1	Protein of unassigned function	IPR018723	MOC_2482
3_1	AF4	A0A285V3N5-F1	Rhizobium subbaraonis	90.1	Uncharacterized membrane protein	IPR018723	SAMN05892877_1448
3_1	AF4	A0A0Q4JX20-F1	Sphingomonas sp	90.1	DUF2254 domain-containing protein	IPR018723	ASE79_00540
3_1	AF4	A0A1F4GX34-F1	Burkholderiales bacterium	90.1	DUF2254 domain-containing protein	IPR018723	A2X72_06980
3_1	AF4	A0A2I1NAW1-F1	Campylobacter ureolyticus	90.0	DUF2254 domain-containing protein	IPR018723	CYJ41_04025
3_1	AF4	A0A2S5KWZ4-F1	Proteobacteria bacterium	90.0	DUF2254 domain-containing protein	IPR018723	C4K68_00215
3_1	AF4	A0A7H0MKX7-F1	Kosakonia sp	90.0	DUF2254 domain-containing protein	IPR018723	HF650_24570
3_1	AF4	A0A1H2FZ07-F1	Nitrosomonas ureae	90.0	Uncharacterized membrane protein	IPR018723	SAMN05216406_12614
3_1	AF4	A0A3C1AGM6-F1	Pseudomonas sp	90.0	DUF2254 domain-containing protein	IPR018723	DCP84_05975
3_1	AF4	A0A6G6FED9-F1	Pseudohalocynthiibacter aestuariivivens	90.0	DUF2254 domain-containing protein	IPR018723	G5B38_03525
3_1	AF4	A0A547PXQ5-F1	Paenimaribius caenipelagi	90.0	DUF2254 domain-containing protein	IPR018723	FEV53_11305
3_1	AF4	A0A447KU94-F1	Serratia odorifera	90.0	Predicted membrane protein (DUF2254)	IPR018723	NCTC11214_03279
3_1	AF4	A0A495RCJ5-F1	Sphingosinicella microcystinivorans	90.0	Putative membrane protein	IPR018723	DFR51_3606
3_1	AF4	A0A7H0TG47-F1	Pseudomonas psychrotolerans	90.0	DUF2254 domain-containing protein	IPR018723	BGI51_20200
3_1	AF4	A0A1H0J1Q4-F1	Lutimaribacter pacificus	90.0	Uncharacterized membrane protein	IPR018723	SAMN05444142_103437
3_1	AF4	A0A4Q3Y9Q5-F1	Loktanella sp	90.0	DUF2254 domain-containing protein	IPR018723	EU803_06850
3_1	AF4	A0A1A3N153-F1	Mycobacterium asiaticum	90.0	DUF2254 domain-containing protein	IPR018723	A5636_06805
3_1	AF4	A0A2E2JQN9-F1	Rhodovulum sp	90.0	DUF2254 domain-containing protein	IPR018723	CMM86_00020
3_1	AF4	A0A2D8S1W1-F1	Parvibaculum sp	90.0	DUF2254 domain-containing protein	IPR018723	CMI61_16230
3_1	AF4	A0A4U3FBZ4-F1	Erwinia persicina	90.0	DUF2254 domain-containing protein	IPR018723	EpCFBP13511_10655
3_1	AF4	F4BJG6-F1	Francisella hispaniensis	90.0	DUF2254 domain-containing protein	IPR018723	FN3523_0453
3_1	AF4	A0A7X4VY26-F1	Halomonas icarae	90.0	DUF2254 domain-containing protein	IPR018723	GRB80_00135
3_1	AF4	A0A1W2FB73-F1	Rhizobium sp	90.0	Uncharacterized membrane protein	IPR018723	SAMN05880593_13934
3_1	AF4	A0A1I4CF59-F1	Loktanella salsilacus	90.0	Uncharacterized membrane protein	IPR018723	SAMN04488004_10288
3_1	AF4	A0A520FAQ8-F1	Sphingomonas sp	90.0	DUF2254 domain-containing protein	IPR018723	EOP66_07485
3_1	AF4	A0A1V0GTJ4-F1	Paracoccus yeei	90.0	DUF2254 domain-containing protein	IPR018723	A6J80_12940
3_1	AF4	A0A6M9DE28-F1	Pseudomonas sp	89.9	DUF2254 domain-containing protein	IPR018723	GEV39_18310
3_1	AF4	A0A2U2CZB6-F1	Pelagicola sp	89.9	DUF2254 domain-containing protein	IPR018723	DD563_04440
3_1	AF4	A0A2V4J4Z6-F1	Pseudomonas fulva	89.9	DUF2254 domain-containing protein	IPR018723	IZU98_11450
3_1	AF4	A0A265UXR3-F1	Winogradskyella aurantia	89.9	DUF2254 domain-containing protein	IPR018723	CA834_05565
3_1	AF4	Q9CLV4-F1	strain Pm70	89.9	DUF2254 domain-containing protein	IPR018723	PM1097
3_1	AF4	A0A7W3W9D4-F1	Rhizobium sp	89.9	DUF2254 domain-containing protein	IPR018723	H2O14_01975
3_1	AF4	A0A1I6H7D9-F1	Litoreibacter janthinus	89.9	Uncharacterized membrane protein	IPR018723	SAMN04488002_2611
3_1	AF4	A0A839X0M4-F1	Luteimonas sp	89.9	Putative membrane protein	IPR018723	FHW73_002388
3_1	AF4	A0A7Y1FST1-F1	Pseudomonas sp	89.9	DUF2254 domain-containing protein	IPR018723	HBO09_08785
3_1	AF4	A0A3T0VM16-F1	Hahella sp	89.9	DUF2254 domain-containing protein	IPR018723	ENC22_13950
3_1	AF4	A3UJ86-F1	Oceanicaulis sp	89.9	DUF2254 domain-containing protein	IPR018723	OA2633_00940
3_1	AF4	A0A2K8VIE6-F1	Polaribacter sejongensis	89.9	DUF2254 domain-containing protein	IPR018723	BTO15_01590
3_1	AF4	A0A0Q4WBE3-F1	Rhizobium sp	89.9	DUF2254 domain-containing protein	IPR018723	ASF29_08995
3_1	AF4	A0A0A1W8B8-F1	Sphingomonas parapaucimobilis	89.9	DUF2254 domain-containing protein	IPR018723	SP5_066_00080
3_1	AF4	A0A562PHW9-F1	Massilia flava	89.9	DUF2254 domain-containing protein (Putative membrane protein)	IPR018723	GO485_00175 IP92_04535
3_1	AF4	A0A2N1GA11-F1	Flavobacterium sp	89.9	DUF2254 domain-containing protein	IPR018723	CXF59_03790
3_1	AF4	A0A0A7JKK1-F1	Pseudomonas parafulva	89.9	DUF2254 domain-containing protein	IPR018723	NJ69_08185
3_1	AF4	D2BF93-F1	Streptosporangium roseum 	89.9	Membrane protein-like protein	IPR018723	Sros_5495
3_1	AF4	A0A557QYB3-F1	Denitromonas halophilus	89.9	DUF2254 domain-containing protein	IPR018723	FHP91_07880
3_1	AF4	A0A2W4VKG6-F1	Xanthomonadaceae bacterium	89.9	DUF2254 domain-containing protein	IPR018723	DCF27_03385
3_1	AF4	A0A437GEF4-F1	Ensifer meliloti	89.9	DUF2254 domain-containing protein	IPR018723	CN070_26750
3_1	AF4	A0A1Y5R969-F1	Pseudoruegeria aquimaris	89.8	DUF2254 domain-containing protein	IPR018723	PSA7680_00180
3_1	AF4	A0A2Z5AB92-F1	Pseudomonas oryzihabitans	89.8	DUF2254 domain-containing protein	IPR018723	CE139_16575
3_1	AF4	A0A3N2QZZ1-F1	Marinobacter sp	89.8	DUF2254 domain-containing protein	IPR018723	EB809_06260
3_1	AF4	A0A7D7NGB3-F1	Neisseria shayeganii	89.8	DUF2254 domain-containing protein	IPR018723	H3L94_01340
3_1	AF4	A0A2L0SY76-F1	Pseudomonas sp	89.8	DUF2254 domain-containing protein	IPR018723	PRJ_2580
3_1	AF4	A0A4V3AI63-F1	Arthrobacter siderocapsulatus	89.8	DUF2254 domain-containing protein	IPR018723	E2H86_07330
3_1	AF4	A0A378WG94-F1	Neisseria zoodegmatis	89.8	Predicted membrane protein (DUF2254)	IPR018723	NCTC12229_00151
3_1	AF4	A0A2U8W8S5-F1	Methylobacterium durans	89.8	DUF2254 domain-containing protein	IPR018723	DK389_21045
3_1	AF4	A0A7Y6YSJ2-F1	Rhodobacteraceae bacterium	89.8	DUF2254 domain-containing protein	IPR018723	HWE35_21785
3_1	AF4	A0A2E5AFC7-F1	Oceanicaulis sp	89.8	DUF2254 domain-containing protein	IPR018723	CMH92_11565
3_1	AF4	A0A520IUF3-F1	Sphingomonas sp	89.8	DUF2254 domain-containing protein	IPR018723	EOP67_42595
3_1	AF4	A0A1U9YZ66-F1	Martelella mediterranea	89.8	DUF2254 domain-containing protein	IPR018723	Mame_01373
3_1	AF4	A3W884-F1	Roseovarius sp	89.8	DUF2254 domain-containing protein	IPR018723	ROS217_16221
3_1	AF4	A0A2T5GKV5-F1	Sphingomonas aurantiaca	89.8	Putative membrane protein	IPR018723	C8J26_2801
3_1	AF4	A0A3S7MU03-F1	Pasteurellaceae bacterium	89.8	DUF2254 domain-containing protein	IPR018723	C4O88_00190
3_1	AF4	A0A1B3LXL4-F1	Hydrogenophaga sp	89.8	DUF2254 domain-containing protein	IPR018723	BSY239_3124
3_1	AF4	A0A7X3M9R7-F1	Pantoea sp	89.8	DUF2254 domain-containing protein	IPR018723	FD744_22775
3_1	AF4	A0A4U1L537-F1	Sphingomonas sp	89.8	DUF2254 domain-containing protein	IPR018723	FBR43_11490
3_1	AF4	A0A1X3CTN9-F1	Neisseria zoodegmatis	89.8	DUF2254 domain-containing protein	IPR018723	BWD10_03515
3_1	AF4	A0A4P6GKP5-F1	Pseudomonas arsenicoxydans	89.8	DUF2254 domain-containing protein	IPR018723	CUN61_20070
3_1	AF4	A0A1M6W4K1-F1	Roseovarius marisflavi	89.8	Uncharacterized membrane protein	IPR018723	SAMN05444414_10299
3_1	AF4	A0A3C1KPD9-F1	Haliea salexigens	89.8	DUF2254 domain-containing protein	IPR018723	DCP75_12715
3_1	AF4	A0A838LZM1-F1	Rhodocyclaceae bacterium	89.8	DUF2254 domain-containing protein	IPR018723	FP818_14020
3_1	AF4	A0A1X9LQS4-F1	Cnuibacter physcomitrellae	89.8	DUF2254 domain-containing protein	IPR018723	B5808_19215
3_1	AF4	A0A5C4LMA5-F1	Methylobacterium terricola	89.8	DUF2254 domain-containing protein	IPR018723	FF100_01130
3_1	AF4	A0A6M0IFQ1-F1	Spirosoma agri	89.8	DUF2254 domain-containing protein	IPR018723	GK091_09540
3_1	AF4	A0A560RFY4-F1	Pseudomonas sp	89.8	Putative membrane protein	IPR018723	FBY04_11038
3_1	AF4	A0A852V7F2-F1	Streptosporangium sandarakinum	89.8	Putative membrane protein	IPR018723	HDA43_006606
3_1	AF4	A0A7W2GTY3-F1	Hyphomicrobiales bacterium	89.7	DUF2254 domain-containing protein	IPR018723	H2046_09540
3_1	AF4	A0A2E1BF25-F1	Martelella sp	89.7	DUF2254 domain-containing protein	IPR018723	CMH13_23920
3_1	AF4	A0A1S2WW02-F1	Francisella sp	89.7	DUF2254 domain-containing protein	IPR018723	KX00_1682
3_1	AF4	A0A653ICW3-F1	Limnobacter sp	89.7	DUF2254 domain-containing protein	IPR018723	LIMNO130_60053
3_1	AF4	A0A2N8JXZ2-F1	Sinorhizobium sp	89.7	DUF2254 domain-containing protein	IPR018723	CN933_17960
3_1	AF4	A0A0P7W1Z3-F1	Oceanicaulis sp	89.7	DUF2254 domain-containing protein	IPR018723	HLUCCA04_12550
3_1	AF4	A0A259I410-F1	Sphingomonadales bacterium	89.7	DUF2254 domain-containing protein	IPR018723	B7X78_02965
3_1	AF4	A0A7R6Z595-F1	Mesorhizobium sp	89.7	DUF2254 domain-containing protein	IPR018723	MesoLjLa_65370
3_1	AF4	A0A5C4SM64-F1	Phaeobacter sp	89.7	DUF2254 domain-containing protein	IPR018723	FGE21_07140
3_1	AF4	A0A5J6PX81-F1	Neisseria zalophi	89.7	DUF2254 domain-containing protein	IPR018723	D0T92_06055
3_1	AF4	A0A427FWV0-F1	Pseudomonas sp	89.7	DUF2254 domain-containing protein	IPR018723	EGJ09_15530
3_1	AF4	A0A0S4IF08-F1	Pseudomonas sp	89.7	DUF2254 domain-containing protein	IPR018723	PYEL_41490
3_1	AF4	A0A0B4E482-F1	Leisingera sp	89.7	DUF2254 domain-containing protein	IPR018723	GC1_18105
3_1	AF4	A0A5C8VJN0-F1	Methylobacterium sp	89.7	DUF2254 domain-containing protein	IPR018723	FV233_13075
3_1	AF4	A0A4Z0DT08-F1	Serratia proteamaculans	89.7	DUF2254 domain-containing protein	IPR018723	E5C26_16165
3_1	AF4	A0A291FR16-F1	Phaeobacter piscinae	89.7	Putative membrane protein	IPR018723	PhaeoP36_02403
3_1	AF4	A0A7Z8RAX6-F1	Methylobacterium sp	89.7	DUF2254 domain-containing protein	IPR018723	FV241_19795
3_1	AF4	A0A2P8NCH8-F1	Nitratireductor sp	89.7	DUF2254 domain-containing protein	IPR018723	C7T96_15735
3_1	AF4	A0A1I4VTI6-F1	Dokdonella immobilis	89.7	Uncharacterized membrane protein	IPR018723	SAMN05216289_10342
3_1	AF4	A0A7X6XGQ0-F1	Bacteroidales bacterium	89.7	DUF2254 domain-containing protein	IPR018723	GX762_04475
3_1	AF4	A0A6C0U1M6-F1	Kineobactrum salinum	89.7	DUF2254 domain-containing protein	IPR018723	G3T16_08580
3_1	AF4	A0A849G304-F1	Flavobacteriales bacterium	89.7	DUF2254 domain-containing protein	IPR018723	HKO93_06800
3_1	AF4	A0A2E5C4M0-F1	Porticoccus sp	89.7	DUF2254 domain-containing protein	IPR018723	CMK46_02495
3_1	AF4	A0A2D8R741-F1	Hahellaceae bacterium	89.7	DUF2254 domain-containing protein	IPR018723	CME36_00460
3_1	AF4	A0A0Q4GC00-F1	Sphingomonas sp	89.7	DUF2254 domain-containing protein	IPR018723	ASE72_13220
3_1	AF4	A0A2E3BCX6-F1	Oleispira sp	89.7	DUF2254 domain-containing protein	IPR018723	CMI14_07285
3_1	AF4	A0A1N7QHG3-F1	Achromobacter sp	89.7	Uncharacterized membrane protein	IPR018723	SAMN05428937_2320
3_1	AF4	A0A379KF89-F1	Arthrobacter siderocapsulatus	89.7	Predicted membrane protein (DUF2254)	IPR018723	NCTC7914_00696
3_1	AF4	A0A1X3DKE9-F1	Neisseria dumasiana	89.7	DUF2254 domain-containing protein	IPR018723	BV912_02565
3_1	AF4	A0A497X3Z4-F1	Litoreibacter meonggei	89.6	Putative membrane protein	IPR018723	BCF46_0019
3_1	AF4	A0A4Y8HGV4-F1	Pseudomonas sp	89.6	Putative membrane protein	IPR018723	F473_03043
3_1	AF4	A0A7W2KEI9-F1	Pseudomonas juntendi	89.6	DUF2254 domain-containing protein	IPR018723	H4C80_07990
3_1	AF4	W0AEC7-F1	Sphingomonas sanxanigenens	89.6	DUF2254 domain-containing protein	IPR018723	NX02_18910
3_1	AF4	A0A345RH72-F1	Sulfitobacter sp	89.6	DUF2254 domain-containing protein	IPR018723	C1J05_09345
3_1	AF4	A0A0H5D0F3-F1	Phaeobacter italicus	89.6	DUF2254 domain-containing protein	IPR018723	NIT7321_01482
3_1	AF4	A0A1H1ZBR3-F1	Pseudomonas prosekii	89.6	Uncharacterized membrane protein	IPR018723	SAMN05216222_3837
3_1	AF4	B6B722-F1	Rhodobacterales bacterium	89.6	DUF2254 domain-containing protein	IPR018723	RBY4I_1681
3_1	AF4	A0A1H9MJL3-F1	Flavobacterium frigoris	89.6	Uncharacterized membrane protein	IPR018723	SAMN05444355_108121
3_1	AF4	A0A318C4X4-F1	Pokkaliibacter plantistimulans	89.6	DUF2254 domain-containing protein	IPR018723	WH50_25120
3_1	AF4	A0A179SG43-F1	Methylobacterium platani	89.6	DUF2254 domain-containing protein	IPR018723	A5481_03815
3_1	AF4	A0A506XGT4-F1	Schumannella sp	89.6	DUF2254 domain-containing protein	IPR018723	FJ658_09940
3_1	AF4	A0A2P7NWR2-F1	Nitrosomonas sp	89.6	DUF2254 domain-containing protein	IPR018723	C7H79_05845
3_1	AF4	A0A2V4AQA8-F1	Prauserella muralis	89.6	DUF2254 domain-containing protein	IPR018723	BAY60_23690
3_1	AF4	F1VZW2-F1	Oxalobacteraceae bacterium	89.6	Putative membrane protein	IPR018723	IMCC9480_3316
3_1	AF4	A0A2D2BZV5-F1	Paracoccus yeei	89.6	DUF2254 domain-containing protein	IPR018723	PYTT13_08105
3_1	AF4	A0A3B8YE52-F1	Pseudomonas sp	89.6	DUF2254 domain-containing protein	IPR018723	DCP19_06505
3_1	AF4	A0A2K9MKT7-F1	Paracoccus jeotgali	89.6	DUF2254 domain-containing protein	IPR018723	CYR75_13775
3_1	AF4	A0A219A359-F1	Pseudomonas lactis	89.6	DUF2254 domain-containing protein	IPR018723	CDH05_16790
3_1	AF4	A0A4R5EX42-F1	Antarcticimicrobium sediminis	89.6	DUF2254 domain-containing protein	IPR018723	E1B25_05625
3_1	AF4	A0A2J9QKQ8-F1	Pasteurella multocida	89.6	DUF2254 domain-containing protein	IPR018723	A6J89_003785
3_1	AF4	A0A2R8AFB1-F1	Pontivivens insulae	89.6	DUF2254 domain-containing protein	IPR018723	POI8812_03221
3_1	AF4	A0A7X1G2R4-F1	Pseudomonas baltica	89.6	DUF2254 domain-containing protein	IPR018723	H7993_03170
3_1	AF4	A0A6S6S6N8-F1	uncultured Sulfurovum	89.6	Membrane protein	IPR018723	HELGO_WM28866
3_1	AF4	Q88HM5-F1	Pseudomonas putida 	89.6	DUF2254 domain-containing protein	IPR018723	PP_3329
3_1	AF4	A0A0Q4G9E9-F1	Xylophilus sp	89.6	DUF2254 domain-containing protein	IPR018723	ASE76_11540
3_1	AF4	A0A2P7RCF8-F1	Zobellella endophytica	89.6	DUF2254 domain-containing protein	IPR018723	C7H85_03675
3_1	AF4	A0A1L4BTF9-F1	Francisella uliginis	89.5	DUF2254 domain-containing protein	IPR018723	F7310_07070
3_1	AF4	A0A089YTH4-F1	Pseudomonas rhizosphaerae	89.5	DUF2254 domain-containing protein	IPR018723	LT40_09980
3_1	AF4	A0A4R6VRK0-F1	Maritalea mobilis	89.5	Putative membrane protein	IPR018723	ATL17_0655
3_1	AF4	A0A1G3G2U9-F1	Rhodobacteraceae bacterium	89.5	DUF2254 domain-containing protein	IPR018723	A2X69_12925
3_1	AF4	A0A1H7W1K1-F1	Pasteurella skyensis	89.5	Uncharacterized membrane protein	IPR018723	SAMN05444853_10672
3_1	AF4	A0A1M6A034-F1	Wenxinia saemankumensis	89.5	Uncharacterized membrane protein	IPR018723	SAMN05444417_0121
3_1	AF4	A0A7G8ENF8-F1	Cyanobium sp	89.5	DUF2254 domain-containing protein	IPR018723	CyaNS01_01715
3_1	AF4	A0A7W0CNW7-F1	Nonomuraea soli	89.5	Putative membrane protein	IPR018723	HNR30_005884
3_1	AF4	A0A5C4LIM2-F1	Methylobacterium terricola	89.5	DUF2254 domain-containing protein	IPR018723	FF100_13960
3_1	AF4	A0A3D5USE7-F1	Rhodobiaceae bacterium	89.5	DUF2254 domain-containing protein	IPR018723	DHK64_00400
3_1	AF4	A0A2V2G6V5-F1	Desulfovibrionaceae bacterium	89.5	DUF2254 domain-containing protein	IPR018723	DBX67_03705
3_1	AF4	A0A1H3FHI8-F1	Modestobacter sp	89.5	Predicted membrane protein	IPR018723	SAMN05661080_01641
3_1	AF4	A0A5M8GEU6-F1	Pseudomonas lactis	89.5	DUF2254 domain-containing protein	IPR018723	F3K52_14855
3_1	AF4	A0A0P9K007-F1	Pseudomonas syringae pv	89.5	DUF2254 domain-containing protein	IPR018723	ALQ06_02781
3_1	AF4	A0A258N9P1-F1	Acidovorax sp	89.5	DUF2254 domain-containing protein	IPR018723	B7Y64_15805
3_1	AF4	A0A2U8WMS9-F1	Methylobacterium terrae	89.5	DUF2254 domain-containing protein	IPR018723	DK419_15695
3_1	AF4	A0A3N4MT59-F1	Neisseria sp	89.5	DUF2254 domain-containing protein	IPR018723	EGK74_08325
3_1	AF4	A0A3M6R969-F1	Franklinella schreckenbergeri	89.4	DUF2254 domain-containing protein	IPR018723	EBQ24_02275
3_1	AF4	A0A1H4DC83-F1	Flavobacterium gillisiae	89.4	Uncharacterized membrane protein	IPR018723	SAMN05443667_107158
3_1	AF4	A0A7Z7GG70-F1	Microbacterium saccharophilum	89.4	Uncharacterized membrane protein	IPR018723	SAMN04487751_2986
3_1	AF4	A0A1V5D7Y0-F1	Syntrophus sp	89.4	DUF2254 domain-containing protein	IPR018723	A4E70_02237
3_1	AF4	A0A0D9A7D8-F1	Pseudomonas sp	89.4	DUF2254 domain-containing protein	IPR018723	UB23_13055
3_1	AF4	A0A495G7C1-F1	Paraburkholderia sp	89.4	Putative membrane protein	IPR018723	B0G82_6783
3_1	AF4	A0A5C8TPI4-F1	Methylobacterium sp	89.4	DUF2254 domain-containing protein	IPR018723	FV242_07330
3_1	AF4	A0A4R7LP36-F1	Litoreibacter halocynthiae	89.4	Putative membrane protein	IPR018723	BDE40_1167
3_1	AF4	A0A2V4FPB4-F1	Pseudomonas sp	89.4	DUF2254 domain-containing protein	IPR018723	DM483_12415
3_1	AF4	A0A1W1V865-F1	Pasteurella testudinis	89.4	Uncharacterized membrane protein	IPR018723	SAMN05660772_01327
3_1	AF4	A0A429YX63-F1	Aquibium carbonis	89.4	DUF2254 domain-containing protein	IPR018723	EJC49_12250
3_1	AF4	A0A0S2EUJ6-F1	Aureimonas sp	89.4	DUF2254 domain-containing protein	IPR018723	M673_19685
3_1	AF4	A0A5P1RFK4-F1	Neptunomonas concharum	89.4	DUF2254 domain-containing protein	IPR018723	F0U83_12740
3_1	AF4	A0A6G8J6S0-F1	Pasteurellaceae bacterium	89.4	DUF2254 domain-containing protein	IPR018723	A1D29_05125
3_1	AF4	A5PAU1-F1	Erythrobacter sp	89.4	Predicted membrane protein	IPR018723	ED21_21739
3_1	AF4	A0A506UB38-F1	Martelella alba	89.4	DUF2254 domain-containing protein	IPR018723	FJU08_07705
3_1	AF4	A0A246G157-F1	Pseudomonas sp	89.4	DUF2254 domain-containing protein	IPR018723	CEC48_11145
3_1	AF4	A0A4Z1E0H8-F1	Serinibacter arcticus	89.4	DUF2254 domain-containing protein	IPR018723	SERN_1388
3_1	AF4	A0A2T0HW74-F1	Pseudomonas fluorescens	89.4	DUF2254 domain-containing protein	IPR018723	C7A10_23480
3_1	AF4	A0A432UNW3-F1	Thiomicrospira sp	89.4	DUF2254 domain-containing protein	IPR018723,IPR036259	DSZ27_04320
3_1	AF4	A0A286GEF5-F1	Caenispirillum bisanense	89.4	Uncharacterized membrane protein	IPR018723	SAMN05421508_10355
3_1	AF4	A0A7L5DYH0-F1	Spirosoma sp	89.4	DUF2254 domain-containing protein	IPR018723	HH216_25290
3_1	AF4	A0A395KZ85-F1	Ensifer sp	89.4	DUF2254 domain-containing protein	IPR018723	BLJAPNOD_06170
3_1	AF4	A0A6P1YPE6-F1	Ancylobacter pratisalsi	89.4	DUF2254 domain-containing protein	IPR018723	G3A50_17185
3_1	AF4	A0A1I5L916-F1	Cohaesibacter marisflavi	89.4	Uncharacterized membrane protein	IPR018723	SAMN04488056_11636
3_1	AF4	A0A225MWG7-F1	Candidimonas nitroreducens	89.4	DUF2254 domain-containing protein	IPR018723	CEY11_06365
3_1	AF4	A0A514KVD7-F1	Methylorubrum populi	89.3	DUF2254 domain-containing protein	IPR018723	E8E01_06420
3_1	AF4	A0A3N4WT01-F1	Frederiksenia canicola	89.3	Putative membrane protein	IPR018723	EDC49_0980
3_1	AF4	A0A0J6RJI4-F1	Methylobacterium indicum	89.3	DUF2254 domain-containing protein	IPR018723	QR78_14495
3_1	AF4	A0A2I7G5Z1-F1	Phaeobacter inhibens	89.3	Putative membrane protein	IPR018723	PhaeoP88_02681
3_1	AF4	A0A840R5Z7-F1	Zhongshania antarctica	89.3	Putative membrane protein	IPR018723	HNQ57_002536
3_1	AF4	A0A1E3YXT8-F1	Acidovorax sp	89.3	DUF2254 domain-containing protein	IPR018723	ABS37_07840
3_1	AF4	A0A1X1XDT8-F1	Mycobacterium kubicae	89.3	DUF2254 domain-containing protein	IPR018723,IPR036566	AWC13_17545 MKUB_09430
3_1	AF4	A0A7X1KTM5-F1	Pseudomonas baltica	89.3	DUF2254 domain-containing protein	IPR018723	H7993_10775
3_1	AF4	A0A523CS30-F1	Candidatus Scalindua sp	89.3	DUF2254 domain-containing protein	IPR018723	D8M57_05600
3_1	AF4	A0A1Q3RHV8-F1	Burkholderiales bacterium	89.3	DUF2254 domain-containing protein	IPR018723	BGO35_17860
3_1	AF4	A0A3A8EX78-F1	Acinetobacter guerrae	89.3	DUF2254 domain-containing protein	IPR018723	D7V21_03145
3_1	AF4	A0A1I2S6D7-F1	Neptunomonas qingdaonensis	89.2	Uncharacterized membrane protein	IPR018723	SAMN05216175_107137
3_1	AF4	A0A833J8B5-F1	Methylorubrum populi	89.2	DUF2254 domain-containing protein	IPR018723	F8B43_1042
3_1	AF4	A0A7C1WS96-F1	Pseudomonas graminis	89.2	DUF2254 domain-containing protein	IPR018723	ENP23_12175
3_1	AF4	A0A1M4SCS1-F1	Litoreibacter ascidiaceicola	89.2	Uncharacterized membrane protein	IPR018723	SAMN05444273_10121
3_1	AF4	A0A0D1K4R3-F1	Sphingomonas melonis	89.2	DUF2254 domain-containing protein	IPR018723	SR41_07395
3_1	AF4	A0A1V0PUY8-F1	Rhodovulum sp	89.2	DUF2254 domain-containing protein	IPR018723	RGUI_1808
3_1	AF4	A0A557PB06-F1	Vibrio algivorus	89.2	DUF2254 domain-containing protein	IPR018723	FOF44_06070
3_1	AF4	A0A2L1IM73-F1	Pseudomonas sp	89.2	DUF2254 domain-containing protein	IPR018723	C4Q27_27110
3_1	AF4	D4E3F7-F1	Serratia odorifera	89.2	DUF2254 domain-containing protein	IPR018723	HMPREF0758_2707
3_1	AF4	A0A1Q3JXZ8-F1	Nitrobacter sp	89.2	DUF2254 domain-containing protein	IPR018723	BGN91_01590
3_1	AF4	A0A1H6DVG9-F1	Marinobacterium lutimaris	89.2	Uncharacterized membrane protein	IPR018723	SAMN05444390_11015
3_1	AF4	A0A1V4Y207-F1	Syntrophus sp	89.2	DUF2254 domain-containing protein	IPR018723	A4E69_00563
3_1	AF4	A0A7Y0Z5J2-F1	Pseudomonas sp	89.2	DUF2254 domain-containing protein	IPR018723	HBO23_14795
3_1	AF4	A0A1A8XIN8-F1	Candidatus Accumulibacter	89.2	DUF2254 domain-containing protein	IPR018723	ACCAA_1150012
3_1	AF4	A0A263NRR5-F1	Pseudomonas sp	89.2	DUF2254 domain-containing protein	IPR018723	B7453_19800
3_1	AF4	B1ZC43-F1	Methylobacterium populi	89.2	DUF2254 domain-containing protein	IPR018723	Mpop_1214
3_1	AF4	A0A1X7PKK7-F1	Mesorhizobium australicum	89.2	Uncharacterized membrane protein	IPR018723	SAMN02982922_4382
3_1	AF4	A0A845TM76-F1	Oxalobacteraceae bacterium	89.2	DUF2254 domain-containing protein	IPR018723	GZ090_08190
3_1	AF4	A0A5C4PUD3-F1	Pasteurellaceae bacterium	89.2	DUF2254 domain-containing protein	IPR018723	FHQ20_03395
3_1	AF4	A0A097ECI5-F1	Sphingomonas taxi	89.1	DUF2254 domain-containing protein	IPR018723	MC45_01360
3_1	AF4	A0A2D8M073-F1	Micavibrio sp	89.1	DUF2254 domain-containing protein	IPR018723	CMH28_04305
3_1	AF4	A0A193LGB5-F1	Woeseia oceani	89.1	DUF2254 domain-containing protein	IPR018723	BA177_10050
3_1	AF4	A0A4R6R939-F1	Oharaeibacter diazotrophicus	89.1	Putative membrane protein	IPR018723	EDD54_3839
3_1	AF4	H0I2E8-F1	Mesorhizobium alhagi	89.1	DUF2254 domain-containing protein	IPR018723	MAXJ12_33249
3_1	AF4	A0A448UAB1-F1	Neisseria animaloris	89.1	Predicted membrane protein (DUF2254)	IPR018723	NCTC12227_00550
3_1	AF4	A0A3D1Z8D9-F1	Vibrio sp	89.1	DUF2254 domain-containing protein	IPR018723	DEV85_13045
3_1	AF4	A0A5C4L8Y7-F1	Methylobacterium terricola	89.1	DUF2254 domain-containing protein	IPR018723	FF100_32485
3_1	AF4	A0A656QBF0-F1	Caballeronia zhejiangensis	89.1	DUF2254 domain-containing protein	IPR018723	BG60_30470
3_1	AF4	A0A2W7NH48-F1	Hwanghaeicola aestuarii	89.1	Putative membrane protein	IPR018723	LX81_00195
3_1	AF4	A0A2V3Q9V4-F1	Pantoea sp	89.1	Putative membrane protein	IPR018723	C7433_102514
3_1	AF4	A0A1I0I954-F1	Pseudomonas graminis	89.1	Uncharacterized membrane protein	IPR018723	SAMN05216197_13415
3_1	AF4	A0A841R3L4-F1	Negativicoccus succinicivorans	89.1	Putative membrane protein	IPR018723	HNR45_000760
3_1	AF4	A0A2N7RCN3-F1	Pseudomonas sp	89.1	DUF2254 domain-containing protein	IPR018723	PseAD21_12190
3_1	AF4	A0A3D9MUQ2-F1	Paraburkholderia sp	89.1	Putative membrane protein	IPR018723	B0G71_4669
3_1	AF4	A0A7W0A128-F1	Chloroflexia bacterium	89.1	DUF2254 domain-containing protein	IPR018723	H0U40_03180
3_1	AF4	A0A1H8AAP0-F1	Nitrosomonas marina	89.1	Uncharacterized membrane protein	IPR018723	SAMN05216325_10146
3_1	AF4	A0A6H2KXH8-F1	Paracoccus sanguinis	89.1	DUF2254 domain-containing protein	IPR018723	HGN31_10745
3_1	AF4	A0A841DE38-F1	Planomonospora venezuelensis	89.1	Putative membrane protein	IPR018723	FHS22_005646
3_1	AF4	A0A1R4B526-F1	Vibrio palustris	89.1	DUF2254 domain-containing protein	IPR018723	VPAL9027_01990
3_1	AF4	L0NBQ5-F1	Pseudorhizobium banfieldiae	89.1	DUF2254 domain-containing protein	IPR018723	NT26_0819
3_1	AF4	A0A1Q6CIG1-F1	Thalassotalea sp	89.0	DUF2254 domain-containing protein	IPR018723	BI291_13050
3_1	AF4	A0A2S9DQT2-F1	Pseudomonas cedrina	89.0	DUF2254 domain-containing protein	IPR018723	CQ006_13055
3_1	AF4	A0A0C6FM82-F1	Methylobacterium aquaticum	89.0	Predicted membrane protein	IPR018723	Maq22A_c15635
3_1	AF4	A0A368VZ89-F1	Halopolyspora algeriensis	89.0	Putative membrane protein	IPR018723	DFQ14_102454
3_1	AF4	A0A6N6LB11-F1	Proteobacteria bacterium	89.0	DUF2254 domain-containing protein	IPR018723	DWQ11_17485
3_1	AF4	A0A1L3I774-F1	Phaeobacter porticola	89.0	Putative membrane protein	IPR018723	PhaeoP97_02586
3_1	AF4	A0A1G7SID2-F1	Sulfitobacter delicatus	89.0	Uncharacterized membrane protein	IPR018723	SAMN04489759_105204
3_1	AF4	A0A7V8F155-F1	Pseudomonas sp	89.0	DUF2254 domain-containing protein	IPR018723	PLD_04755
3_1	AF4	A0A1M4UPA3-F1	Lampropedia hyalina	89.0	Uncharacterized membrane protein	IPR018723	SAMN02745117_00534
3_1	AF4	A0A120G0I7-F1	Pseudomonas fluorescens	89.0	DUF2254 domain-containing protein	IPR018723	PFL603g_02641
3_1	AF4	A0A3C1M574-F1	Nitrospira sp	89.0	DUF2254 domain-containing protein	IPR018723	DCQ20_00270
3_1	AF4	A0A0P0Z3Q1-F1	Aureimonas frigidaquae	89.0	DUF2254 domain-containing protein	IPR018723	
3_1	AF4	A0A7Y7MJS7-F1	Arthrobacter siderocapsulatus	89.0	DUF2254 domain-containing protein	IPR018723	FGL99_14125
3_1	AF4	A0A7Y3UQ81-F1	Planctomycetes bacterium	89.0	DUF2254 domain-containing protein	IPR018723	HND49_19330
3_1	AF4	A0A7X8ZX86-F1	Bacteroidales bacterium	89.0	DUF2254 domain-containing protein	IPR018723	GX921_00620
3_1	AF4	A0A1A3EU79-F1	Mycobacterium sp	89.0	DUF2254 domain-containing protein	IPR018723	A5622_03420
3_1	AF4	A0A7W9YYY7-F1	Pseudorhizobium flavum	89.0	Putative membrane protein	IPR018723	HNQ75_002926
3_1	AF4	A0A3L7A0W4-F1	Xanthobacter tagetidis	89.0	DUF2254 domain-containing protein	IPR018723	D9R14_20740
3_1	AF4	A0A7Y1LKN2-F1	Pseudomonas lactis	89.0	DUF2254 domain-containing protein	IPR018723	HBO18_27455
3_1	AF4	R1HDM1-F1	Aeromonas molluscorum	89.0	DUF2254 domain-containing protein	IPR018723	G113_03564
3_1	AF4	K2NZR8-F1	Nitratireductor indicus	89.0	DUF2254 domain-containing protein	IPR018723	NA8A_20517
3_1	AF4	A0A378XCS5-F1	Oligella ureolytica	89.0	Predicted membrane protein (DUF2254)	IPR018723	NCTC11997_00656
3_1	AF4	A0A085VN99-F1	Pseudomonas syringae	89.0	DUF2254 domain-containing protein	IPR018723	IV01_06955
3_1	AF4	A0A0J7Y6N0-F1	Novosphingobium barchaimii	89.0	DUF2254 domain-containing protein	IPR018723	V474_08885
3_1	AF4	A0A1H8NCH2-F1	Salinihabitans flavidus	88.9	Uncharacterized membrane protein	IPR018723	SAMN04490248_103111
3_1	AF4	A0A3M3EH13-F1	Pseudomonas syringae pv	88.9	DUF2254 domain-containing protein	IPR018723	ALQ76_03357
3_1	AF4	A0A3S4Q8F4-F1	Achromobacter spanius	88.9	Predicted membrane protein (DUF2254)	IPR018723	NCTC13519_03514
3_1	AF4	A0A1A3K9U7-F1	Mycobacterium sp	88.9	DUF2254 domain-containing protein	IPR018723	A9W96_03070
3_1	AF4	A0A518RFY9-F1	Sphingomonas suaedae	88.9	DUF2254 domain-containing protein	IPR018723	FPZ54_10235
3_1	AF4	A0A6N6SHL6-F1	Defluviimonas sp	88.9	DUF2254 domain-containing protein	IPR006311,IPR018723	F9K34_03955
3_1	AF4	A0A7Y0YUH8-F1	Pseudomonas sp	88.9	DUF2254 domain-containing protein	IPR018723	HBO14_13845
3_1	AF4	F7NT04-F1	Rheinheimera sp	88.9	Putative membrane protein	IPR018723	Rhein_0893
3_1	AF4	A0A2U2N9R9-F1	Spiribacter sp	88.9	DUF2254 domain-containing protein	IPR018723	DEM34_00870
3_1	AF4	A0A3D3BEW3-F1	Rhizobium sp	88.9	DUF2254 domain-containing protein	IPR018723	DIC56_15915
3_1	AF4	A0A326GF12-F1	Sphingomonas sp	88.9	DUF2254 domain-containing protein	IPR018723	DI625_17565
3_1	AF4	A0A5C5GJE5-F1	Pelagovum pacificum	88.9	DUF2254 domain-containing protein	IPR018723	FHY64_02020
3_1	AF4	A0A2N7YQW1-F1	Pseudomonas sp	88.9	DUF2254 domain-containing protein	IPR018723	C1Y27_09860
3_1	AF4	A0A3M4RCS7-F1	Pseudomonas syringae pv. glycinea	88.9	DUF2254 domain-containing protein	IPR018723	ALP94_01046
3_1	AF4	A0A3D6A333-F1	Oceanicaulis sp	88.8	DUF2254 domain-containing protein	IPR018723	DF715_17295
3_1	AF4	A0A1I4MHX5-F1	Nitrosomonas nitrosa	88.8	Uncharacterized membrane protein	IPR018723	SAMN05421880_10494
3_1	AF4	A0A0F7M702-F1	Spongiibacter sp	88.8	Putative membrane protein	IPR018723	IMCC21906_02347
3_1	AF4	A0A1A3E2D7-F1	Mycobacterium sp	88.8	DUF2254 domain-containing protein	IPR018723	A5624_25895
3_1	AF4	A0A7V9N4H4-F1	Chloroflexia bacterium	88.8	DUF2254 domain-containing protein	IPR018723,IPR036566	H0V00_08635
3_1	AF4	A0A1H0BTE5-F1	Pseudomonas antarctica	88.8	Uncharacterized membrane protein	IPR018723	SAMN04490179_4469
3_1	AF4	A0A6P0C7K3-F1	Sulfitobacter sediminilitoris	88.8	DUF2254 domain-containing protein	IPR018723	GV827_07070
3_1	AF4	A0A7Z8NNT1-F1	Pseudomonas fluorescens	88.8	DUF2254 domain-containing protein	IPR018723	PflCFBP13510_01105
3_1	AF4	W1U6Y1-F1	Negativicoccus succinicivorans	88.8	DUF2254 domain-containing protein	IPR018723	Q612_NSC00224G0001
3_1	AF4	A0A0J9E744-F1	Candidatus Rhodobacter	88.8	DUF2254 domain-containing protein	IPR018723	AIOL_003492
3_1	AF4	A0A1I2DIB5-F1	Methylobacterium sp	88.8	Predicted membrane protein	IPR018723	SAMN04487844_10622
3_1	AF4	A0A1A8XW04-F1	Candidatus Propionivibrio	88.8	DUF2254 domain-containing protein	IPR018723	PROAA_310025
3_1	AF4	A0A7Y0WM05-F1	Pseudomonas sp	88.8	DUF2254 domain-containing protein	IPR018723	HBO10_30330
3_1	AF4	A0A2S8RYG1-F1	Defluviimonas denitrificans	88.8	Putative membrane protein	IPR018723	LX70_03926
3_1	AF4	A0A7Y7SZ76-F1	Pseudomonas sp	88.8	DUF2254 domain-containing protein	IPR018723	HX783_10680
3_1	AF4	A0A7W5MPK8-F1	Sphingomonas sp	88.8	Putative membrane protein	IPR018723	FHY03_003469
3_1	AF4	A0A2D9YT00-F1	Maritimibacter sp	88.7	DUF2254 domain-containing protein	IPR018723	CMH12_16080
3_1	AF4	G2E298-F1	Thiorhodococcus drewsii	88.7	DUF2254 domain-containing protein	IPR018723	ThidrDRAFT_2446
3_1	AF4	A0A1H9CGD1-F1	Pseudomonas sp	88.7	Uncharacterized membrane protein	IPR018723	SAMN03159444_00902
3_1	AF4	A0A2D7GSW7-F1	Alteromonas sp	88.7	DUF2254 domain-containing protein	IPR018723	CL600_05355
3_1	AF4	A0A161LXU3-F1	Planomonospora sphaerica	88.7	Membrane protein	IPR018723	PS9374_00102
3_1	AF4	A0A520JDP3-F1	Sphingomonas sp	88.7	DUF2254 domain-containing protein	IPR018723	EOP67_25150
3_1	AF4	A0A1H0BMU9-F1	Pseudomonas poae	88.7	Uncharacterized membrane protein	IPR018723	SAMN04490208_0415
3_1	AF4	A0A099EYP0-F1	Paracoccus halophilus	88.7	Uncharacterized membrane protein	IPR018723	IT41_15335 SAMN04487972_11087
3_1	AF4	A0A7X0CF75-F1	Massilia aurea	88.7	Putative membrane protein	IPR018723	HD842_003093
3_1	AF4	A0A838QFZ0-F1	Gemmatimonadaceae bacterium	88.7	DUF2254 domain-containing protein	IPR018723,IPR036566	H0U13_09760
3_1	AF4	S2F3T6-F1	Pseudomonas sp. G5	88.7	DUF2254 domain-containing protein	IPR018723	PG5_28700
3_1	AF4	A0A1H2ZWV4-F1	Flavobacterium degerlachei	88.7	Uncharacterized membrane protein	IPR018723	SAMN05444338_10831
3_1	AF4	A0A5B0F4X5-F1	Pseudomonas sp	88.7	DUF2254 domain-containing protein	IPR018723	FQ192_24050
3_1	AF4	A0A3R7PRS4-F1	Methylarcula marina	88.6	DUF2254 domain-containing protein	IPR018723	A7A09_003040
3_1	AF4	A0A162YQR9-F1	Hydrogenophaga crassostreae	88.6	DUF2254 domain-containing protein	IPR018723	LPB072_21795
3_1	AF4	A0A0Q6CB46-F1	Aureimonas sp	88.6	DUF2254 domain-containing protein	IPR018723	ASG43_04400
3_1	AF4	A0A154NAG7-F1	Sphingomonas melonis	88.6	DUF2254 domain-containing protein	IPR018723	AVM11_00005 BJP26_10860
3_1	AF4	V4NTH5-F1	Asticcacaulis sp	88.6	DUF2254 domain-containing protein	IPR018723	AEAC466_05220
3_1	AF4	A0A656YT51-F1	Pseudomonas fluorescens	88.6	DUF2254 domain-containing protein	IPR018723	AO262_24315
3_1	AF4	A0A2A4HSC1-F1	Sphingomonas ginsenosidimutans	88.6	DUF2254 domain-containing protein	IPR018723	COA17_16340
3_1	AF4	A0A552X398-F1	Aliidiomarina halalkaliphila	88.6	DUF2254 domain-containing protein	IPR018723	FM042_00800
3_1	AF4	A0A560RTL8-F1	Pseudomonas sp	88.6	Putative membrane protein	IPR018723	FBY10_1291
3_1	AF4	A3WYM7-F1	Nitrobacter sp	88.6	DUF2254 domain-containing protein	IPR018723	NB311A_05835
3_1	AF4	A0A366WA27-F1	Psychromonas sp	88.6	DUF2254 domain-containing protein	IPR018723	DS885_06730
3_1	AF4	A0A1T4WUC2-F1	Prosthecobacter debontii	88.6	Uncharacterized membrane protein	IPR018723	SAMN02745166_00599
3_1	AF4	A0A2G1VBP7-F1	Marinobacter guineae	88.6	DUF2254 domain-containing protein	IPR018723	CLH62_14690
3_1	AF4	A0A3M6Q8K6-F1	Franklinella schreckenbergeri	88.6	DUF2254 domain-containing protein	IPR018723	EBQ25_07795
3_1	AF4	A0A6A5B4G4-F1	Pantoea dispersa	88.6	DUF2254 domain-containing protein	IPR018723	Y788_18855
3_1	AF4	A0A1H1XJY3-F1	Pseudomonas umsongensis	88.6	Uncharacterized membrane protein	IPR018723	SAMN04490206_2086
3_1	AF4	A0A560QLL7-F1	Pseudomonas sp	88.6	Putative membrane protein	IPR018723	FBY04_1413
3_1	AF4	A0A2V3TY93-F1	Methylobacterium sp	88.6	Putative membrane protein	IPR018723	BY998_1217
3_1	AF4	A0A243RI41-F1	Streptosporangium minutum	88.5	DUF2254 domain-containing protein	IPR018723	CA984_22125
3_1	AF4	A0A125QIG2-F1	Pseudomonas fluorescens	88.5	DUF2254 domain-containing protein	IPR018723	C7A10_26185 PFLmoz3_02822
3_1	AF4	A0A5J6LGT8-F1	Nitrincola iocasae	88.5	DUF2254 domain-containing protein	IPR018723	F5I99_13995
3_1	AF4	A0A3S4RKH5-F1	Shewanella baltica	88.5	Predicted membrane protein (DUF2254)	IPR018723	NCTC10737_02442
3_1	AF4	A0A4U6R1M0-F1	Marinobacter sp	88.5	DUF2254 domain-containing protein	IPR018723	FDP08_03995
3_1	AF4	A0A520YKU5-F1	Pseudomonadales bacterium	88.5	DUF2254 domain-containing protein	IPR018723	EX270_08060 HKO60_05680
3_1	AF4	A0A6M0K8A6-F1	Thiorhodococcus minor	88.5	DUF2254 domain-containing protein	IPR018723	G3446_26005
3_1	AF4	A0A2V3ZK43-F1	Marinobacter vulgaris	88.5	DUF2254 domain-containing protein	IPR018723	DIT71_09645
3_1	AF4	A0A2U8WKD1-F1	Methylobacterium terrae	88.4	DUF2254 domain-containing protein	IPR018723	DK419_10595
3_1	AF4	A0A4R1G4F5-F1	Volucribacter psittacicida	88.4	Putative membrane protein	IPR018723	EV694_0228
3_1	AF4	A0A5Q0TBM0-F1	Vibrio algicola	88.4	DUF2254 domain-containing protein	IPR018723	GFB47_03535
3_1	AF4	A0A2S4J0X6-F1	Pseudomonas syringae pv	88.4	DUF2254 domain-containing protein	IPR018723	CXB42_25415
3_1	AF4	N6X4I6-F1	Marinobacter nanhaiticus	88.4	DUF2254 domain-containing protein	IPR018723	J057_11591
3_1	AF4	A0A368Z5C3-F1	Paracoccus lutimaris	88.4	Putative membrane protein	IPR018723	DFP89_103183
3_1	AF4	A0A3A6RCW6-F1	Pseudomonas sp	88.4	DUF2254 domain-containing protein	IPR018723	D3M70_16585
3_1	AF4	A0A432X158-F1	Aliidiomarina taiwanensis	88.4	DUF2254 domain-containing protein	IPR018723	CWE15_08435
3_1	AF4	A0A165KD17-F1	Shewanella baltica	88.4	DUF2254 domain-containing protein	IPR018723	A1L58_13900
3_1	AF4	A0A350AGZ0-F1	Rhodobacteraceae bacterium	88.4	DUF2254 domain-containing protein	IPR018723	DCX13_09300 DEF12_03760
3_1	AF4	A0A7X1AVR8-F1	Puniceicoccus vermicola	88.4	DUF2254 domain-containing protein	IPR018723	H5P30_03780
3_1	AF4	F3FN61-F1	Pseudomonas syringae pv	88.4	DUF2254 domain-containing protein	IPR018723	PSYJA_22803
3_1	AF4	A0A1D3JYP6-F1	Pseudomonas veronii	88.4	DUF2254 domain-containing protein	IPR018723	PVE_R1G3337
3_1	AF4	A0A7W5KC94-F1	Sphingomonas sp	88.4	Putative membrane protein	IPR018723	FHY02_003117
3_1	AF4	Q21GD2-F1	Saccharophagus degradans 	88.4	DUF2254 domain-containing protein	IPR018723	Sde_2990
3_1	AF4	A0A7Y0VEM2-F1	Pseudomonas sp	88.4	DUF2254 domain-containing protein	IPR018723	HBO14_07600
3_1	AF4	A0A561FKX4-F1	Prauserella muralis	88.3	Putative membrane protein DUF2254	IPR018723	FHX69_1195
3_1	AF4	A0A0Q5X4Q7-F1	Rhizobium sp	88.3	DUF2254 domain-containing protein	IPR018723	ASG58_10750
3_1	AF4	A0A2T6BJ26-F1	Litoreibacter ponti	88.3	Putative membrane protein	IPR018723	C8N43_0696
3_1	AF4	A0A560S457-F1	Pseudomonas sp	88.3	Putative membrane protein	IPR018723	FBY10_1142
3_1	AF4	A0A0U1PWV4-F1	Lampropedia cohaerens	88.3	DUF2254 domain-containing protein	IPR018723	AAV94_12950
3_1	AF4	A0A1X1AGD1-F1	Arthrobacter siderocapsulatus	88.3	DUF2254 domain-containing protein	IPR018723	B7H19_03835 BGP82_25820 E4L40_17080
3_1	AF4	K2KCN1-F1	Idiomarina xiamenensis	88.3	DUF2254 domain-containing protein	IPR018723	A10D4_05222
3_1	AF4	A0A511Q3H9-F1	Sphingomonas aquatilis	88.3	DUF2254 domain-containing protein	IPR018723	SAQ01S_16290
3_1	AF4	A0A8B4AN07-F1	Pseudomonas syringae	88.3	Uncharacterized membrane protein	IPR018723	SAMN05444507_104125
3_1	AF4	A0A154W468-F1	Oceanibaculum pacificum	88.3	DUF2254 domain-containing protein	IPR018723	AUP43_01740
3_1	AF4	A0A0Q7K3R3-F1	Angustibacter sp	88.3	DUF2254 domain-containing protein	IPR018723,IPR036566	ASD06_01610
3_1	AF4	A0A1H8XWS3-F1	Methylobacterium sp	88.3	Predicted membrane protein	IPR018723	SAMN04487843_12075
3_1	AF4	A0A3S0YXG5-F1	Halomonas andesensis	88.2	DUF2254 domain-containing protein	IPR018723	ELY33_06935
3_1	AF4	A0A7Y6Z2Q8-F1	Oceanospirillaceae bacterium	88.2	DUF2254 domain-containing protein	IPR018723	HWE39_07130
3_1	AF4	A0A519FEU7-F1	Pseudomonas sp	88.2	DUF2254 domain-containing protein	IPR018723	EOP13_09650
3_1	AF4	A0A379ZJI4-F1	Shewanella baltica	88.2	Predicted membrane protein (DUF2254)	IPR018723	NCTC10735_02237
3_1	AF4	A0A1N6YR92-F1	Rhizobium sp	88.2	Uncharacterized membrane protein	IPR018723	SAMN05880582_107108
3_1	AF4	A0A0K1QQK9-F1	Pseudomonas fluorescens	88.2	DUF2254 domain-containing protein	IPR018723	B723_17160
3_1	AF4	A0A7U3ZAQ2-F1	Shewanella baltica	88.2	DUF2254 domain-containing protein	IPR018723	Sbal117_2024
3_1	AF4	A0A1Q8ZP42-F1	Rhizobium oryziradicis	88.2	DUF2254 domain-containing protein	IPR018723	BJF95_22750
3_1	AF4	A0A502C071-F1	Sphingomonas oligophenolica	88.2	DUF2254 domain-containing protein	IPR018723	EAH84_14860
3_1	AF4	A0A1G7RJ84-F1	Pseudomonas abietaniphila	88.2	Uncharacterized membrane protein	IPR018723	SAMN05216605_101164
3_1	AF4	A0A098TG97-F1	Hoeflea sp	88.2	DUF2254 domain-containing protein	IPR018723,IPR036566	LL06_07755
3_1	AF4	A0A2U8WJY5-F1	Methylobacterium terrae	88.2	DUF2254 domain-containing protein	IPR018723	DK419_09040
3_1	AF4	A0A2N1IK17-F1	Pseudomonas monteilii	88.1	DUF2254 domain-containing protein	IPR018723	CXB65_27095
3_1	AF4	A0A5B7VZM6-F1	Pseudomonas sp	88.1	DUF2254 domain-containing protein	IPR018723	ELQ88_16285
3_1	AF4	G0B1H0-F1	Shewanella baltica	88.1	DUF2254 domain-containing protein	IPR018723	Sbal175_2448
3_1	AF4	A0A1E7Q5N4-F1	Rheinheimera salexigens	88.1	DUF2254 domain-containing protein	IPR018723	BI198_07465
3_1	AF4	A0A516IRW1-F1	Sphingomonas xanthus	88.1	DUF2254 domain-containing protein	IPR018723	FMM02_06320
3_1	AF4	A0A0Q5FUX5-F1	Pseudomonas sp	88.1	DUF2254 domain-containing protein	IPR018723	ASF84_02120
3_1	AF4	A0A2N7UP20-F1	Halomonas urumqiensis	88.1	DUF2254 domain-containing protein	IPR018723	C1H70_02935
3_1	AF4	S5AE66-F1	Alteromonas mediterranea	88.1	Membrane protein	IPR018723	I633_10920
3_1	AF4	A0A6H9H6U0-F1	Novosphingobium sp	88.1	DUF2254 domain-containing protein	IPR018723	NTCA1_43210
3_1	AF4	A0A538G758-F1	Actinomycetia bacterium	88.1	DUF2254 domain-containing protein	IPR018723	E6G20_04480
3_1	AF4	A0A4P7Y9J6-F1	Pseudomonas veronii	88.1	DUF2254 domain-containing protein	IPR018723	E4167_25610
3_1	AF4	A0A2S4J9I1-F1	Pseudomonas syringae pv	88.1	DUF2254 domain-containing protein	IPR018723	CXB42_08960
3_1	AF4	A0A514XFP2-F1	Bdellovibrio sp	88.1	DUF2254 domain-containing protein	IPR018723	DOM22_05230
3_1	AF4	A0A2K9A5P5-F1	Shewanella sp	88.1	DUF2254 domain-containing protein	IPR018723	AYJ58_12140
3_1	AF4	A0A7H8GHI7-F1	Pseudomonas sp	88.1	DUF2254 domain-containing protein	IPR018723	HUW52_10635
3_1	AF4	A0A6G8I883-F1	Pusillimonas sp	88.1	DUF2254 domain-containing protein	IPR018723	G9Q38_08805
3_1	AF4	A0A7Z7HU74-F1	Halomonas sp	88.1	Uncharacterized membrane protein	IPR018723	SAMN04488142_0398
3_1	AF4	A0A0B3Y608-F1	Alteromonas marina	88.1	Membrane protein	IPR018723	RJ41_10220
3_1	AF4	A0A6L9MPA3-F1	Alteromonas hispanica	88.1	DUF2254 domain-containing protein	IPR018723,IPR036259	GTW09_00680
3_1	AF4	A0A3M6Q720-F1	Franklinella schreckenbergeri	88.1	DUF2254 domain-containing protein	IPR018723	EBQ26_05970
3_1	AF4	A0A4Q0HND1-F1	Pseudomonas azotoformans	88.0	DUF2254 domain-containing protein	IPR018723	B4O85_22170
3_1	AF4	A0A0Q8Z909-F1	Pseudomonas sp	88.0	DUF2254 domain-containing protein	IPR018723	ASE33_23355
3_1	AF4	A0A2K8XZ40-F1	Alteromonas sp	88.0	DUF2254 domain-containing protein	IPR018723	CW735_08475
3_1	AF4	B8E7C4-F1	strain OS223	88.0	DUF2254 domain-containing protein	IPR018723	Sbal223_2388
3_1	AF4	A0A2H5F335-F1	Paracoccus zhejiangensis	88.0	DUF2254 domain-containing protein	IPR018723	CX676_18840
3_1	AF4	A0A1T1IJ70-F1	Pseudomonas sp	88.0	DUF2254 domain-containing protein	IPR018723	MF6394_13905
3_1	AF4	A0A2D7XBS1-F1	ex Stolz et al. 2005	88.0	DUF2254 domain-containing protein	IPR018723	CML17_02085
3_1	AF4	A0A369TC20-F1	Ferruginivarius sediminum	88.0	DUF2254 domain-containing protein	IPR018723	DRB17_10940
3_1	AF4	A9KZ21-F1	strain OS195	88.0	Membrane protein	IPR018723	Sbal195_1938
3_1	AF4	A0A7G7Z7T2-F1	Halomonas sp	88.0	DUF2254 domain-containing protein	IPR018723	HXW73_07565
3_1	AF4	A3D3U8-F1	Shewanella baltica 	88.0	Membrane protein	IPR018723	Sbal_1905
3_1	AF4	A0A3P1W7M2-F1	Comamonadaceae bacterium	88.0	DUF2254 domain-containing protein	IPR018723	EII18_06530
3_1	AF4	H7FTI5-F1	strain PS1	88.0	Membrane protein	IPR018723	HJ01_02111
3_1	AF4	A0A1N7LHE4-F1	Neptunomonas antarctica	87.9	Uncharacterized membrane protein	IPR018723	SAMN05421760_10433
3_1	AF4	I2JGY3-F1	gamma proteobacterium	87.9	Membrane protein	IPR018723	DOK_14809
3_1	AF4	A0A544YIR5-F1	Microbispora hainanensis	87.9	DUF2254 domain-containing protein	IPR018723	FLX08_30970
3_1	AF4	A0A538I7C0-F1	Actinomycetia bacterium	87.9	DUF2254 domain-containing protein	IPR018723	E6G11_03105
3_1	AF4	A0A1N7HF94-F1	Roseovarius nanhaiticus	87.9	Uncharacterized membrane protein	IPR018723	SAMN05421666_2903
3_1	AF4	A0A7U5BFE5-F1	Sphingomonas hengshuiensis	87.9	DUF2254 domain-containing protein	IPR018723	TS85_04710
3_1	AF4	A0A0P9U5R1-F1	Pseudomonas syringae pv	87.8	DUF2254 domain-containing protein	IPR018723	ALQ98_01498
3_1	AF4	F2G2A3-F1	Alteromonas mediterranea 	87.8	Membrane protein	IPR018723	MADE_1010225
3_1	AF4	A0A2D9XN42-F1	Alphaproteobacteria bacterium	87.8	DUF2254 domain-containing protein	IPR018723	CL565_03195
3_1	AF4	A0A4R5D0W9-F1	Flavobacterium hiemivividum	87.8	DUF2254 domain-containing protein	IPR018723	E0F98_04875
3_1	AF4	A0A1H3PT42-F1	Nitrosomonas halophila	87.8	Uncharacterized membrane protein	IPR018723	SAMN05421881_11105
3_1	AF4	A0A127M8M5-F1	Zhongshania aliphaticivorans	87.8	DUF2254 domain-containing protein	IPR018723	AZF00_15310
3_1	AF4	A0A3M0MI36-F1	Paracoccus alkanivorans	87.7	DUF2254 domain-containing protein	IPR018723	C9E81_01165
3_1	AF4	A0A2D8B6P8-F1	Alcaligenaceae bacterium	87.7	DUF2254 domain-containing protein	IPR018723	CL536_06845
3_1	AF4	A0A3A5M2K4-F1	Arthrobacter cheniae	87.7	DUF2254 domain-containing protein	IPR018723	D6T63_17495
3_1	AF4	K0D3W4-F1	strain Black Sea 11	87.7	Membrane protein	IPR018723	AMBLS11_09450
3_1	AF4	A0A542IUU8-F1	Arthrobacter sp	87.7	Putative membrane protein	IPR018723	FBY31_2133
3_1	AF4	A0A5C8ZQE8-F1	Parahaliea aestuarii	87.7	DUF2254 domain-containing protein	IPR018723	FVW59_15205
3_1	AF4	A0A1H7KTL3-F1	Sphingomonas palmae	87.7	Uncharacterized membrane protein	IPR018723	SAMN05216382_1074
3_1	AF4	A0A1I6GJ72-F1	Marinobacter daqiaonensis	87.7	Uncharacterized membrane protein	IPR018723	SAMN05216203_0164
3_1	AF4	A0A512HFQ4-F1	Ciceribacter naphthalenivorans	87.7	DUF2254 domain-containing protein	IPR018723	RNA01_12160
3_1	AF4	A0A1G9SWW7-F1	Pseudomonas sp	87.7	Uncharacterized membrane protein	IPR018723	SAMN05444502_101670
3_1	AF4	A0A2T1KGQ1-F1	Marinobacter halophilus	87.7	DUF2254 domain-containing protein	IPR018723	C7H08_04310
3_1	AF4	A0A3A1YV16-F1	Pusillimonas maritima	87.7	DUF2254 domain-containing protein	IPR018723	CJP73_12540
3_1	AF4	A0A238ZC44-F1	Puniceibacterium sediminis	87.7	Uncharacterized membrane protein	IPR018723	SAMN06265370_12816
3_1	AF4	A0A7Y1FCM7-F1	Pseudomonas veronii	87.7	DUF2254 domain-containing protein	IPR018723	HBO38_34270
3_1	AF4	K2J4W6-F1	Oceanibaculum indicum	87.6	DUF2254 domain-containing protein	IPR018723	P24_03585
3_1	AF4	A0A849GRS0-F1	Woeseia sp	87.6	DUF2254 domain-containing protein	IPR018723	HKN35_14040 HKP32_12110
3_1	AF4	A0A1N7F0F3-F1	Pseudomonas sp	87.6	Uncharacterized membrane protein	IPR018723	SAMN05216504_3098
3_1	AF4	S5BYM5-F1	Alteromonas mediterranea	87.6	DUF2254 domain-containing protein	IPR018723	I635_10810
3_1	AF4	A7HYA6-F1	Parvibaculum lavamentivorans 	87.6	DUF2254 domain-containing protein	IPR018723	Plav_3284
3_1	AF4	A0A838M7F7-F1	Rhizobiaceae bacterium	87.6	DUF2254 domain-containing protein	IPR018723	FP819_11575
3_1	AF4	A0A7X6GIV7-F1	Alteromonadaceae bacterium	87.6	DUF2254 domain-containing protein	IPR018723	HGG66_17305
3_1	AF4	A0A7R7GDZ4-F1	Alteromonas sp	87.6	DUF2254 domain-containing protein	IPR018723	KUC14_19410
3_1	AF4	A0A847FUK9-F1	Anaerolineaceae bacterium	87.6	DUF2254 domain-containing protein	IPR018723	GX597_18065
3_1	AF4	A0A087MKL7-F1	Arenimonas donghaensis	87.6	DUF2254 domain-containing protein	IPR018723	N788_09510
3_1	AF4	A0A563U5X1-F1	Mucilaginibacter achroorhodeus	87.6	DUF2254 domain-containing protein	IPR018723	FPZ42_06715
3_1	AF4	A0A0P7X1M8-F1	Marinobacter sp	87.6	Putative membrane protein	IPR018723	HLUCCO03_10725
3_1	AF4	A0A0P9V9K1-F1	Pseudomonas syringae pv	87.6	DUF2254 domain-containing protein	IPR018723	ALQ98_02813
3_1	AF4	A0A4V2SRF9-F1	Tamaricihabitans halophyticus	87.6	Putative membrane protein	IPR018723	EV191_12346
3_1	AF4	A0A2A2KG94-F1	Diploscapter pachys	87.6	DUF2254 domain-containing protein	IPR018723	WR25_24555
3_1	AF4	A0A2G8R983-F1	Puniceibacterium antarcticum	87.5	DUF2254 domain-containing protein	IPR018723	P775_21335
3_1	AF4	A0A6G5R162-F1	Campylobacter sp	87.5	DUF2254 domain-containing protein	IPR018723	CDOMC_0093
3_1	AF4	A0A7W0V449-F1	Chloroflexia bacterium	87.5	DUF2254 domain-containing protein	IPR018723	H0T18_00280
3_1	AF4	A0A2G4DR80-F1	Pseudomonas sp	87.5	DUF2254 domain-containing protein	IPR018723	AO263_24005
3_1	AF4	A0A2E4RAH2-F1	ex Stolz et al. 2005	87.5	DUF2254 domain-containing protein	IPR018723	CML18_09260
3_1	AF4	A0A7T0RBI9-F1	Halomonas sp	87.5	DUF2254 domain-containing protein	IPR018723	IT895_10210
3_1	AF4	A0A3B7DA90-F1	Aeromicrobium sp	87.5	DUF2254 domain-containing protein	IPR018723	C6I20_12390
3_1	AF4	A0A4S4A736-F1	Allorhizobium terrae	87.5	DUF2254 domain-containing protein	IPR018723	E6C51_03435
3_1	AF4	A0A1I5R020-F1	Sphingomonas rubra	87.4	Uncharacterized membrane protein	IPR018723	SAMN04488241_102404
3_1	AF4	A0A1H9XQY5-F1	Pedococcus cremeus	87.4	Predicted membrane protein	IPR018723	SAMN05216199_0042
3_1	AF4	A0A7Z2QYK1-F1	Pseudomonas asturiensis	87.4	DUF2254 domain-containing protein	IPR018723	N015_12980
3_1	AF4	A0A3D5EF02-F1	Pseudoalteromonas sp	87.4	DUF2254 domain-containing protein	IPR018723	DG048_07750
3_1	AF4	A0A3M5FA33-F1	Pseudomonas syringae pv	87.4	DUF2254 domain-containing protein	IPR018723	ALP62_101221 ALP63_101258
3_1	AF4	A0A6C5N4D3-F1	Pseudoalteromonas macleodii	87.3	Uncharacterized membrane protein	IPR018723	ALT831_02097
3_1	AF4	A0A0P9Y912-F1	Pseudomonas syringae pv	87.3	DUF2254 domain-containing protein	IPR018723	ALQ56_03684 ALQ60_00809
3_1	AF4	A0A5B8FIV1-F1	Paroceanicella profunda	87.3	DUF2254 domain-containing protein	IPR018723	FDP22_09915
3_1	AF4	A0A1H9WHI5-F1	Halomonas subterranea	87.3	Uncharacterized membrane protein	IPR018723	SAMN04487958_11513
3_1	AF4	A0A242M2S1-F1	Caballeronia sordidicola	87.3	DUF2254 domain-containing protein	IPR018723	PAMC26510_38165
3_1	AF4	A0A259FGF9-F1	Hydrogenophilales bacterium	87.3	DUF2254 domain-containing protein	IPR018723	B7X87_10155
3_1	AF4	A0A1M7KCW0-F1	Pseudomonas asturiensis	87.2	Uncharacterized membrane protein	IPR018723	SAMN05216593_10211
3_1	AF4	A0A7Y0RCT4-F1	Marinobacter orientalis	87.2	DUF2254 domain-containing protein	IPR018723	HIU99_09700
3_1	AF4	A0A0Q4CBV5-F1	Sphingomonas sp	87.2	DUF2254 domain-containing protein	IPR018723	ASE58_16835
3_1	AF4	A0A831R798-F1	Marinobacter antarcticus	87.2	DUF2254 domain-containing protein	IPR018723	ENI00_13720
3_1	AF4	A0A6H9HDR4-F1	Novosphingobium sp	87.2	DUF2254 domain-containing protein	IPR018723	NTCA1_45570
3_1	AF4	A0A1H6QTQ2-F1	Cribrihabitans marinus	87.2	Uncharacterized membrane protein	IPR018723	SAMN05444007_101201
3_1	AF4	A0A420WRQ1-F1	Oceanibaculum indicum	87.2	Putative membrane protein	IPR018723	BCL74_1315
3_1	AF4	A0A4V2BE25-F1	Proteobacteria bacterium	87.1	DUF2254 domain-containing protein	IPR018723	EOP02_28950
3_1	AF4	A0A3M5B8U4-F1	Pseudomonas syringae pv	87.1	DUF2254 domain-containing protein	IPR018723	ALP69_02079
3_1	AF4	A0A6J4SI94-F1	uncultured Sphingomonadaceae	87.1	DUF2254 domain-containing protein	IPR018723	AVDCRST_MAG39-859
3_1	AF4	A0A2W1VGL8-F1	Curtobacterium sp	87.1	DUF2254 domain-containing protein	IPR018723	DEJ13_06195
3_1	AF4	A0A2T1HPB2-F1	Alsobacter soli	87.0	DUF2254 domain-containing protein	IPR018723	SLNSH_18955
3_1	AF4	A0A2M6X340-F1	Bdellovibrionales bacterium	87.0	DUF2254 domain-containing protein	IPR018723	COT74_10745
3_1	AF4	A0A1A9F1Y4-F1	Marinobacterium aestuarii	87.0	DUF2254 domain-containing protein	IPR018723	A8C75_16995
3_1	AF4	A0A7Y1T7T5-F1	Sphingomonas sp	86.9	DUF2254 domain-containing protein	IPR018723	HKO13_08565
3_1	AF4	A0A1E3LYK9-F1	Sphingomonas turrisvirgatae	86.9	DUF2254 domain-containing protein	IPR018723	BFL28_12745
3_1	AF4	A0A0F9UBL5-F1	marine sediment	86.9	DUF2254 domain-containing protein	IPR018723	LCGC14_0627050
3_1	AF4	A0A560L7Y8-F1	Synechococcus sp	86.9	Putative membrane protein	IPR018723	FB106_10765
3_1	AF4	A0A4Q5T6S9-F1	Sphingomonadales bacterium	86.9	DUF2254 domain-containing protein	IPR018723	EOP59_06770
3_1	AF4	A0A4Q2XQT1-F1	Xanthomonadaceae bacterium	86.9	DUF2254 domain-containing protein	IPR018723	EOP89_06425
3_1	AF4	A0A3M3DY65-F1	Pseudomonas syringae pv	86.8	DUF2254 domain-containing protein	IPR018723	ALQ78_03990
3_1	AF4	A0A3M4V4S6-F1	Pseudomonas amygdali pv	86.8	DUF2254 domain-containing protein	IPR018723	ALP52_01463 ALQ05_200291
3_1	AF4	A0A839Z444-F1	Sphingomicrobium lutaoense	86.8	Putative membrane protein	IPR018723	FHS50_001919
3_1	AF4	A0A520Y7T0-F1	Sphingomonadaceae bacterium	86.8	DUF2254 domain-containing protein	IPR018723	EX258_07070
3_1	AF4	A0A225NPI7-F1	Marinibacterium profundimaris	86.8	DUF2254 domain-containing protein	IPR018723	ATO3_08855
3_1	AF4	A0A4Y9RKK8-F1	Oxalobacteraceae bacterium	86.8	DUF2254 domain-containing protein	IPR018723	E4K72_04010
3_1	AF4	A0A839AHZ2-F1	Stappia albiluteola	86.8	DUF2254 domain-containing protein	IPR018723	H2509_16075
3_1	AF4	A0A1E5E051-F1	Vibrio rumoiensis	86.8	DUF2254 domain-containing protein	IPR018723	A1QC_11200
3_1	AF4	A0A2N3DCB0-F1	Alphaproteobacteria bacterium	86.8	DUF2254 domain-containing protein	IPR018723	CVT77_05570
3_1	AF4	A0A1J0P9H7-F1	Synechococcus sp	86.8	DUF2254 domain-containing protein	IPR018723	BM449_06375
3_1	AF4	A0A840Z5C2-F1	Sphingomonas endophytica	86.7	Putative membrane protein	IPR018723	FHS97_001053
3_1	AF4	A0A258GVD4-F1	Sphingomonas sp	86.6	DUF2254 domain-containing protein	IPR018723	B7Y97_11370
3_1	AF4	A0A2W5NHA1-F1	Novosphingobium pentaromativorans	86.6	DUF2254 domain-containing protein	IPR018723	DI555_20735
3_1	AF4	A0A101VTU9-F1	Alphaproteobacteria bacterium	86.6	DUF2254 domain-containing protein	IPR018723	APF80_02655
3_1	AF4	A0A7W0TUH4-F1	Chloroflexia bacterium	86.6	DUF2254 domain-containing protein	IPR018723	H0U10_03260
3_1	AF4	A0A854CHX4-F1	Alteromonas sp	86.6	DUF2254 domain-containing protein	IPR018723	AWH61_07440
3_1	AF4	A0A0L0BA48-F1	Pseudomonas sp	86.6	DUF2254 domain-containing protein	IPR018723	AC788_05185
3_1	AF4	A0A842HI27-F1	Ruficoccus amylovorans	86.6	DUF2254 domain-containing protein	IPR018723	H5P28_13180
3_1	AF4	A0A2E5MJS4-F1	Alteromonadaceae bacterium	86.5	DUF2254 domain-containing protein	IPR018723	CL604_05580
3_1	AF4	A0A1H3H791-F1	Citreimonas salinaria	86.5	Uncharacterized membrane protein	IPR018723	SAMN05444340_103245
3_1	AF4	A0A0F9VNK1-F1	marine sediment	86.5	DUF2254 domain-containing protein	IPR018723	LCGC14_0065090
3_1	AF4	A0A2D9EUL2-F1	ex Stolz et al. 2005	86.5	DUF2254 domain-containing protein	IPR018723	CML16_18655
3_1	AF4	A0A7X6GAC0-F1	Alteromonadaceae bacterium	86.5	DUF2254 domain-containing protein	IPR018723	HGG63_12465
3_1	AF4	A0A839DZK1-F1	Halosaccharopolyspora lacisalsi	86.5	Putative membrane protein	IPR018723	FHX42_001497
3_1	AF4	A0A0U3AXA7-F1	Lacimicrobium alkaliphilum	86.5	DUF2254 domain-containing protein	IPR018723	AT746_11030
3_1	AF4	A0A3F2V2K8-F1	Ketobacter sp	86.4	DUF2254 domain-containing protein	IPR018723	D6160_15635
3_1	AF4	A0A2D5FND6-F1	Oceanicaulis sp	86.4	DUF2254 domain-containing protein	IPR018723	CMH93_00190 CMH94_04125
3_1	AF4	A0A1C1YZ92-F1	Hoeflea olei	86.4	DUF2254 domain-containing protein	IPR018723	AWJ14_20580
3_1	AF4	A0A4V1UE24-F1	Caulobacteraceae bacterium	86.4	DUF2254 domain-containing protein	IPR018723	EON95_06530
3_1	AF4	A0A1Y3LQE5-F1	Arthrobacter agilis	86.3	DUF2254 domain-containing protein	IPR018723	B8W73_17375
3_1	AF4	A0A2E2XR48-F1	Maricaulis sp	86.3	DUF2254 domain-containing protein	IPR018723	CMF76_03215
3_1	AF4	A0A7V1BLR5-F1	Halopseudomonas xinjiangensis	86.3	DUF2254 domain-containing protein	IPR018723	ENH64_03795
3_1	AF4	A0A7W7EVR2-F1	Novosphingobium taihuense	86.3	Putative membrane protein	IPR018723	GGR37_003624
3_1	AF4	A0A6N2EDA3-F1	Cyanobium sp	86.2	DUF2254 domain-containing protein	IPR018723	EA413_13305
3_1	AF4	A0A1E7DDY7-F1	Pseudoalteromonas macleodii	86.2	DUF2254 domain-containing protein	IPR018723	BFV94_2128
3_1	AF4	A0A6M2C642-F1	Flavobacterium sp	86.2	DUF2254 domain-containing protein	IPR018723	FQU23_006330
3_1	AF4	A0A2M9EE60-F1	Xanthomonadaceae bacterium	86.2	DUF2254 domain-containing protein	IPR018723	CO610_08045
3_1	AF4	A0A4P5ZZM8-F1	Alteromonas sp	86.2	DUF2254 domain-containing protein	IPR018723	KUL49_03885
3_1	AF4	A0A1H5HTP7-F1	Pseudomonas coleopterorum	86.1	Uncharacterized membrane protein	IPR018723	SAMN05216510_2154
3_1	AF4	A0A6S7BZT0-F1	Achromobacter pulmonis	86.1	DUF2254 domain-containing protein	IPR018723	LMG26788_00498
3_1	AF4	A0A2S0MCJ7-F1	Ottowia oryzae	86.0	DUF2254 domain-containing protein	IPR018723	C6570_04620
3_1	AF4	A0A2U2CBK8-F1	Pararhodobacter marinus	86.0	DUF2254 domain-containing protein	IPR018723	C4N9_10490
3_1	AF4	A0A7Z2V7H3-F1	Pseudomonas sp	86.0	DUF2254 domain-containing protein	IPR018723	HG264_12400
3_1	AF4	A0A7Z0LN35-F1	Halomonas salicampi	86.0	DUF2254 domain-containing protein	IPR018723	HZS81_14800
3_1	AF4	A0A538DVG2-F1	Actinomycetia bacterium	85.9	DUF2254 domain-containing protein	IPR018723	E6G28_11210
3_1	AF4	K0EAG6-F1	strain Balearic Sea AD45	85.9	Membrane protein	IPR018723	AMBAS45_10280
3_1	AF4	A0A2M9E705-F1	Xanthomonadaceae bacterium	85.8	DUF2254 domain-containing protein	IPR018723	CO611_03835
3_1	AF4	A0A2M9ES29-F1	Xanthomonadaceae bacterium	85.8	DUF2254 domain-containing protein	IPR018723	CO613_08450
3_1	AF4	A0A7X0JEJ9-F1	Sphingomonas endophytica	85.8	Putative membrane protein	IPR018723	F4693_003163
3_1	AF4	A0A7C8XUC5-F1	Arthrobacter siderocapsulatus	85.8	DUF2254 domain-containing protein	IPR018723	AO269_22670
3_1	AF4	A0A660NF46-F1	Lautropia sp	85.7	DUF2254 domain-containing protein	IPR018723	D8H96_18450
3_1	AF4	A0A7S6UH67-F1	Lysobacter ciconiae	85.7	DUF2254 domain-containing protein	IPR018723	INQ41_04150
3_1	AF4	A0A1L8MBT6-F1	Alteromonas sp	85.7	DUF2254 domain-containing protein	IPR018723	BK026_04915
3_1	AF4	A0A1H7FFP4-F1	Jannaschia helgolandensis	85.6	Uncharacterized membrane protein	IPR018723	SAMN04488526_0097
3_1	AF4	A0A2D8QA91-F1	Tistrella sp	85.6	DUF2254 domain-containing protein	IPR018723	CMO29_12615
3_1	AF4	A0A3A9UBC0-F1	Alteromonas sp	85.6	DUF2254 domain-containing protein	IPR018723	D7031_11245
3_1	AF4	A0A161LBB3-F1	Planomonospora sphaerica	85.5	Membrane protein	IPR018723	PS9374_00977
3_1	AF4	A0A2E3XRP9-F1	Halobacteriovoraceae bacterium	85.5	DUF2254 domain-containing protein	IPR018723	CME63_06470
3_1	AF4	A0A0Q8W884-F1	Agromyces sp	85.5	DUF2254 domain-containing protein	IPR018723	ASE14_01460
3_1	AF4	A0A6C5NFQ1-F1	Pseudoalteromonas macleodii	85.5	Uncharacterized membrane protein	IPR018723	MIT1002_02075
3_1	AF4	E7RU33-F1	Lautropia mirabilis	85.4	DUF2254 domain-containing protein	IPR018723	HMPREF0551_0452
3_1	AF4	A0A2E8AEC5-F1	Marinobacter sp	85.3	DUF2254 domain-containing protein	IPR018723	CMG88_10300 CMG89_18035
3_1	AF4	A0A0D0QGJ4-F1	Lysobacter sp	85.2	DUF2254 domain-containing protein	IPR018723	TI01_1144
3_1	AF4	A0A1Y0E9J7-F1	Yoonia vestfoldensis	85.2	Cellulose-binding protein	IPR018723	LOKVESSMR4R_00755
3_1	AF4	A0A4V2I4T9-F1	Alteromonas sp	85.2	DUF2254 domain-containing protein	IPR018723	EYR97_15090
3_1	AF4	A0A3M6R2R2-F1	Vandammella animalimorsus	85.1	DUF2254 domain-containing protein	IPR018723	EBQ34_13320
3_1	AF4	A0A0Q9J7Y4-F1	Agromyces sp	85.1	DUF2254 domain-containing protein	IPR018723	ASG80_07375
3_1	AF4	A0A358AZF8-F1	Gemmobacter sp	85.0	DUF2254 domain-containing protein	IPR018723	DEF16_08030
3_1	AF4	A0A840YAZ5-F1	Sphingomonas xinjiangensis	85.0	Putative membrane protein	IPR018723	FHT02_001252
3_1	AF4	F5Z7W2-F1	Alteromonas naphthalenivorans	84.9	DUF2254 domain-containing protein	IPR018723	ambt_08135
3_1	AF4	A0A2A9FQG0-F1	Marinobacter sp	84.9	Putative membrane protein	IPR018723	ATG98_1762
3_1	AF4	A0A386DU17-F1	Neorhizobium sp	84.8	DUF2254 domain-containing protein	IPR018723	NCHU2750_07420
3_1	AF4	A0A5C8IJN4-F1	Ottowia sp	84.8	DUF2254 domain-containing protein	IPR018723	FVQ98_19420
3_1	AF4	A0A848U8E4-F1	Granulosicoccus sp	84.8	DUF2254 domain-containing protein	IPR018723	HKN42_10130
3_1	AF4	A0A1H1XG85-F1	Halopseudomonas xinjiangensis	84.7	Uncharacterized membrane protein	IPR018723	SAMN05216421_2851
3_1	AF4	A0A086P7V2-F1	Sphingomonas herbicidovorans	84.7	Putative membrane protein	IPR018723	BV98_002734
3_1	AF4	A0A2A2T209-F1	Vandammella animalimorsus	84.6	DUF2254 domain-containing protein	IPR018723	CLI92_13015
3_1	AF4	A0A448XYY8-F1	Alteromonas sp	84.5	Uncharacterized membrane protein	IPR018723	ALT761_02037
3_1	AF4	A0A5C8J6H8-F1	Ottowia sp	84.4	DUF2254 domain-containing protein	IPR018723	FVQ98_03600
3_1	AF4	A0A3P1YD58-F1	Comamonadaceae bacterium	84.4	DUF2254 domain-containing protein	IPR018723	EII19_02315
3_1	AF4	A0A6C0TVC3-F1	Pseudomonas sp	84.4	DUF2254 domain-containing protein	IPR018723	G3M63_03715
3_1	AF4	A0A368LPE8-F1	Vibrio casei	84.4	DUF2254 domain-containing protein	IPR018723	CIK83_08435
3_1	AF4	Q2SG21-F1	strain KCTC 2396	84.4	Predicted membrane protein	IPR018723	HCH_03663
3_1	AF4	A0A7S6URV2-F1	Lysobacter sp	84.3	DUF2254 domain-containing protein	IPR018723	INQ43_04200
3_1	AF4	A0A348WIY3-F1	Roseovarius nubinhibens	84.3	DUF2254 domain-containing protein	IPR018723	DCS45_21860
3_1	AF4	A0A3A8AVC7-F1	Roseovarius spongiae	84.2	DUF2254 domain-containing protein	IPR018723	D6850_09385
3_1	AF4	A0A2Z2NMU9-F1	Granulosicoccus antarcticus	84.2	DUF2254 domain-containing protein	IPR018723	IMCC3135_13090
3_1	AF4	B4RE16-F1	strain HLK1	84.1	DUF2254 domain-containing protein	IPR018723	PHZ_c2038
3_1	AF4	A0A433EYT7-F1	Alteromonas sp	84.1	DUF2254 domain-containing protein	IPR018723	C7Y69_07355
3_1	AF4	A0A640QGZ2-F1	Alteromonas sp	84.1	DUF2254 domain-containing protein	IPR018723	KUL150_19910
3_1	AF4	A0A640P3L0-F1	Alteromonas sp	84.1	DUF2254 domain-containing protein	IPR018723	KUL106_16170
3_1	AF4	A0A162KC32-F1	Tistrella mobilis	84.0	DUF2254 domain-containing protein	IPR018723	AUP44_11290
3_1	AF4	A0A7X5LL05-F1	Alteromonas profundi	83.8	DUF2254 domain-containing protein	IPR018723	GTH32_08690
3_1	AF4	A0A258TBD9-F1	Sphingomonas sp	83.6	DUF2254 domain-containing protein	IPR018723	B7Y45_14165
3_1	AF4	A0A2T5P615-F1	Pseudomonas mangrovi	83.6	DUF2254 domain-containing protein	IPR018723	DBO85_16325
3_1	AF4	A0A1J5LG61-F1	Alphaproteobacteria bacterium	83.5	DUF2254 domain-containing protein	IPR018723	BM562_03690
3_1	AF4	A0A2W6TJ13-F1	Sphingobium sp	83.4	DUF2254 domain-containing protein	IPR018723	DI606_00405
3_1	AF4	A0A2W5SBN2-F1	Thiobacillus novellus	83.4	DUF2254 domain-containing protein	IPR018723	DI549_17915
3_1	AF4	A0A2A2AZT2-F1	Vandammella animalimorsus	83.1	DUF2254 domain-containing protein	IPR018723	CK621_05255
3_1	AF4	A0A2D9SZL7-F1	Sandaracinus sp	83.1	DUF2254 domain-containing protein	IPR018723	CMN30_03790
3_1	AF4	A0A1X4IW35-F1	Pseudoruegeria sp	83.0	DUF2254 domain-containing protein	IPR018723	BV911_12085
3_1	AF4	A0A2A2A8R0-F1	Vandammella animalimorsus	82.9	DUF2254 domain-containing protein	IPR018723	CK625_12420
3_1	AF4	A0A2A2AQY8-F1	Vandammella animalimorsus	82.7	DUF2254 domain-containing protein	IPR018723	CK623_06635
3_1	AF4	A0A2A2A7C4-F1	Vandammella animalimorsus	82.6	DUF2254 domain-containing protein	IPR018723	CK620_12490
3_1	AF4	A0A1J0SR67-F1	Alteromonas mediterranea	82.4	DUF2254 domain-containing protein	IPR018723	BM525_09505
3_1	AF4	A0A2E9PIC0-F1	Alteromonas sp	82.3	DUF2254 domain-containing protein	IPR018723	CL602_08720
3_1	AF4	A0A7W4A278-F1	Psychromonas sp	82.2	DUF2254 domain-containing protein	IPR018723	H5084_09525
3_1	AF4	A0A7T0RQA0-F1	Alteromonas sp	82.1	DUF2254 domain-containing protein	IPR018723	IUA53_09565
3_1	AF4	A0A075NWJ5-F1	Alteromonas australica	82.1	Membrane protein	IPR018723	EP13_10105
3_1	AF4	A0A353EIB3-F1	Gammaproteobacteria bacterium	82.1	DUF2254 domain-containing protein	IPR018723	DDW29_17220 DHW71_00200
3_1	AF4	A0A6T9Y1M6-F1	Pseudoalteromonas macleodii	81.9	DUF2254 domain-containing protein	IPR018723	ALFOR1_31001
3_1	AF4	A0A349TRM9-F1	Alteromonas australica	81.9	DUF2254 domain-containing protein	IPR018723	DEB45_17845
3_1	AF4	A0A3B9IPL1-F1	Tistrella mobilis	81.8	DUF2254 domain-containing protein	IPR018723	DCK97_20155
3_1	AF4	A0A653S6G2-F1	Alteromonas sp	81.7	DUF2254 domain-containing protein	IPR018723	ALTERO38_51159
3_1	AF4	A0A560WLA3-F1	Sphingobium sp	81.7	Putative membrane protein	IPR018723	FB596_12557
3_1	AF4	A0A7C1RSQ5-F1	Marinobacter sp	81.6	DUF2254 domain-containing protein	IPR018723	ENH62_14640
3_1	AF4	A0A4U0ZDB3-F1	Alteromonas portus	81.5	DUF2254 domain-containing protein	IPR018723	E5672_07210
3_1	AF4	I3TWN9-F1	strain KA081020-065	80.7	Membrane protein-like protein	IPR018723	TMO_c0567
3_1	AF4	A0A2E3EM64-F1	Tistrella sp	79.6	DUF2254 domain-containing protein	IPR018723	CMO30_08280
3_1	AF4	A0A0S1YJS1-F1	Alteromonas stellipolaris	78.4	DUF2254 domain-containing protein	IPR018723	AOR13_1526
3_1	AF4	A0A1Z9XM95-F1	Alteromonas sp	78.2	DUF2254 domain-containing protein	IPR018723,IPR036259	CBB95_03295
3_1	AF4	A0A6N9TLR7-F1	Alteromonas genovensis	78.1	DUF2254 domain-containing protein	IPR018723	GTQ48_08790
3_1	AF4	A0A853INI1-F1	Ottowia beijingensis	78.1	DUF2254 domain-containing protein	IPR018723	H0I39_08775
3_1	AF4	A0A6N8F7A8-F1	Psychrosphaera haliotis	76.3	DUF2254 domain-containing protein	IPR018723	GNP35_08140
