ID	Length	pLDDT	Domain architecture	Taxonomy	Dominating topology	Dom. top. frequency
A0A819VNJ7	895	81,05	PF14833;PF03446;PF08487;PF13768;	Rotaria sp. Silwood2	6_3	0,85
A0A817RFB0	910	80,01	PF14833;PF03446;PF08487;PF13768;	Rotaria sp. Silwood2	6_3	0,85
A0A817IDK0	910		PF14833;PF03446;PF08487;PF13768;	Rotaria sp. Silwood2	6_3	0,78
A0A1A3BUS5	931	79,19	PF14257;PF08487;PF13768;	Mycobacterium asiaticum	6_3	0,96
A0A3S0Z1Y3	950	79,88	PF14257;PF08487;PF13768;	Mycobacterium sp	6_3	0,88
A0A7I7MNH3	916	79,14	PF14257;PF08487;PF13768;	Mycobacterium shinjukuense	6_3	0,86
A0A1X2E0B5	976	77,94	PF14257;PF08487;PF13768;	Mycobacterium sp. IEC1808	6_3	0,86
A0A5B1BEP4	970	77,41	PF14257;PF08487;PF13768;	Mycobacterium simiae (Mycobacterium habana)	6_3	0,86
A0A7I7LIG8	983	76,38	PF14257;PF08487;PF13768;	Mycobacterium shottsii	6_3	0,86
X7ZI37	963		PF14257;PF08487;PF13768;	Mycobacterium kansasii 662	6_3	0,86
A0A1W9ZY13	952	79,28	PF14257;PF08487;PF13768;	Mycobacterium angelicum	6_3	0,85
A0A1A3KN96	931	79,82	PF14257;PF08487;PF13768;	Mycobacterium asiaticum	6_3	0,84
A0A0Q2LI62	958	78,07	PF14257;PF08487;PF13768;	Mycobacterium gordonae	6_3	0,84
A0A1A3B352	972	76,79	PF14257;PF08487;PF13768;	Mycobacterium sp. E796	6_3	0,84
A0A1A3QJY3	980	78,44	PF14257;PF08487;PF13768;	Mycobacterium sp. 1081908.1	6_3	0,83
A0A1X1TQC5	961	78,7	PF14257;PF08487;PF13768;	Mycobacterium conspicuum	6_3	0,81
A0A653EJ66	963	77,45	PF14257;PF08487;PF13768;	Mycobacterium kansasii	6_3	0,8
A0A7I9YSD7	982	76,81	PF14257;PF08487;PF13768;	Mycobacterium bourgelatii	6_3	0,8
A0A1X2EHY6	952	78,77	PF14257;PF08487;PF13768;	Mycobacterium szulgai	6_3	0,79
A0A1X2LRP4	938	78,46	PF14257;PF08487;PF13768;	Mycobacterium decipiens	6_3	0,79
A0A1A6BL08	956	77,77	PF14257;PF08487;PF13768;	Mycobacterium gordonae	6_3	0,79
A0A1A0LBL1	976	77,34	PF14257;PF08487;PF13768;	Mycobacterium sp. 1554424.7	6_3	0,79
A0A1E3SFE9	985	76,38	PF14257;PF08487;PF13768;	Mycobacterium intermedium	6_3	0,79
A0A1A2XB54	980	78,21	PF14257;PF08487;PF13768;	Mycobacterium sp. E2327	6_3	0,76
B2HK18	983	77,01	PF14257;PF08487;PF13768;	Mycobacterium marinum (strain ATCC BAA-535 / M)	6_3	0,76
A0A386U800	954	76,73	PF14257;PF08487;PF13768;	Mycobacterium paragordonae	6_3	0,76
U5WKY5	963	77,34	PF14257;PF08487;PF13768;	Mycobacterium kansasii ATCC 12478	6_3	0,75
A0A2Z5YI52	983	76,15	PF14257;PF08487;PF13768;	Mycobacterium marinum	6_3	0,75
A0A1A3NG14	931	79,52	PF14257;PF08487;PF13768;	Mycobacterium asiaticum	6_3	0,74
A0PRV7	981	77,19	PF14257;PF08487;PF13768;	Mycobacterium ulcerans (strain Agy99)	6_3	0,74
A0A1A1ZI31	953	77,85	PF14257;PF08487;PF13768;	Mycobacterium sp. 852002-50816_SCH5313054-b	6_3	0,73
A0A498PGP7	951	76,84	PF14257;PF08487;PF13768;	Mycobacterium persicum	6_3	0,72
A0A1X1V994	956	78,29	PF14257;PF08487;PF13768;	Mycobacterium gordonae	6_3	0,7
A0A3S4BJG6	964	77,86	PF14257;PF08487;PF13768;	Mycobacterium basiliense	6_3	0,7
A0A1X1W1N5	965	76,76	PF14257;PF08487;PF13768;	Mycobacterium gastri	6_3	0,69
A0A1A3A2L9	978	76,27	PF14257;PF08487;PF13768;	Mycobacterium sp. E787	6_3	0,69
A0A4R5WUV8	954	78,44	PF14257;PF08487;PF13768;	Mycobacterium paragordonae	6_3	0,68
A0A498QWP8	987	76,18	PF14257;PF08487;PF13768;	Mycobacterium pseudokansasii	6_3	0,68
A0A498Q3V9	972	75,82	PF14257;PF08487;PF13768;	Mycobacterium attenuatum	6_3	0,68
A0A1X1U3R0	1008	74,89	PF14257;PF08487;PF13768;	Mycobacterium florentinum	6_3	0,68
A0A1X2BKA7	989	76,29	PF14257;PF08487;PF13768;	Mycobacterium saskatchewanense	6_3	0,62
A0A1A2HEB3	984	75,98	PF14257;PF08487;PF13768;	Mycobacterium sp. E3198	6_3	0,61
A0A7V4GDF6	983	75,74	PF13180;PF08487;PF13768;	Deltaproteobacteria bacterium	6_3	0,78
A0A7X9IXT9	928	71,68	PF13180;PF08487;PF13768;	Myxococcales bacterium	6_3	0,7
A0A7V4LE65	931		PF13180;PF08487;PF13768;	Deltaproteobacteria bacterium	6_3	0,6
A0A3A4N884	805	79,67	PF12796;PF08487;PF13768;	Candidatus Abyssubacteria bacterium SURF_5	6_3	0,85
A0A419ENC1	815	79,54	PF12796;PF08487;PF13768;	Candidatus Abyssubacteria bacterium SURF_17	6_3	0,85
A0A7X7EN55	885	77,11	PF12796;PF08487;PF13768;	Clostridiaceae bacterium	6_3	0,77
A0A7W6VEL8	789	75,56	PF08487;PF13768;	Rhizobium etli	6_3	1
A0A7V8U0S0	795	77,63	PF08487;PF13768;	Rhizobium sp. WYCCWR 11146	6_3	0,99
A0A7W8X5I8	780	75,79	PF08487;PF13768;	Rhizobium giardinii	6_3	0,99
A0A839F884	752	82,25	PF08487;PF13768;	Phyllobacterium sp. P30BS-XVII	6_3	0,98
A0A2U8QJ36	753	81,17	PF08487;PF13768;	Bradyrhizobium symbiodeficiens	6_3	0,98
A0A366WIJ1	714	79,62	PF08487;PF13768;	Marinobacter sp. F3R11	6_3	0,98
A0A7W5XQ72	794	78,48	PF08487;PF13768;	Rhizobium sp. BK619	6_3	0,98
A0A1B1C9W7	795	75,62	PF08487;PF13768;	Rhizobium leguminosarum	6_3	0,98
A0A1C0SPK0	781	75,03	PF08487;PF13768;	Ensifer sp. LC54	6_3	0,98
A0A7K3V677	795	75,02	PF08487;PF13768;	Rhizobium leguminosarum	6_3	0,98
S3HGH9	778	74,88	PF08487;PF13768;	Rhizobium grahamii CCGE 502	6_3	0,98
A0A0Q7C0J6	686		PF08487;PF13768;	Variovorax sp. Root411	6_3	0,98
A0A2T3D197	781		PF08487;PF13768;	Ensifer sp. NM-2	6_3	0,98
A0A0S3F2M5	707	81,79	PF08487;PF13768;	Sphingobium baderi	6_3	0,97
A0A1M7TPH3	765	80,46	PF08487;PF13768;	Bradyrhizobium erythrophlei	6_3	0,97
A0A2D8XLS2	749	80,44	PF08487;PF13768;	Parvibaculum sp	6_3	0,97
A0A7C6VYW2	723	80,07	PF08487;PF13768;	Xanthomonadaceae bacterium	6_3	0,97
A0A370KPW8	778	79,56	PF08487;PF13768;	Rhizobium grahamii	6_3	0,97
A0A7Y0KUH5	750	77,83	PF08487;PF13768;	Thalassotalea sp. Y01	6_3	0,97
A0A4R0B2C9	794	77,34	PF08487;PF13768;	Rhizobium leguminosarum bv. viciae	6_3	0,97
A0A154IBA2	795	77,32	PF08487;PF13768;	Rhizobium leguminosarum	6_3	0,97
A0A2D8RWK5	760	77,14	PF08487;PF13768;	Parvibaculum sp	6_3	0,97
A0A1C0SM02	784	76,6	PF08487;PF13768;	Ensifer sp. LC14	6_3	0,97
A0A3B8XRF0	763	75,85	PF08487;PF13768;	Rhodobiaceae bacterium	6_3	0,97
A0A4Y6PTS5	757	75,64	PF08487;PF13768;	Persicimonas caeni	6_3	0,97
A0A3S4A9Z1	791	75,09	PF08487;PF13768;	Rhizobium leguminosarum	6_3	0,97
A0A1H8HBB6	778	73,76	PF08487;PF13768;	Rhizobium tibeticum	6_3	0,97
A0A137SIW3	712	83,56	PF08487;PF13768;	Marinobacter excellens LAMA 842	6_3	0,96
A0A6I4V4V0	713	83,34	PF08487;PF13768;	Pontixanthobacter luteolus	6_3	0,96
A0A389MSH6	723	82,82	PF08487;PF13768;	Methylobacterium sp	6_3	0,96
A0A1Y0FY29	712	82,63	PF08487;PF13768;	Cellvibrio sp. PSBB006	6_3	0,96
K0D5V8	712	82,58	PF08487;PF13768;	Alteromonas macleodii (strain Black Sea 11)	6_3	0,96
A0A839EPV9	755	81,53	PF08487;PF13768;	Phyllobacterium myrsinacearum	6_3	0,96
A0A211ZRK1	748	80,08	PF08487;PF13768;	Inquilinus limosus	6_3	0,96
A0A4S5J6X7	779	79,8	PF08487;PF13768;	Ensifer sp. MPMI2T	6_3	0,96
A0A7U9ND41	675	79,6	PF08487;PF13768;	Lachnospiraceae bacterium	6_3	0,96
A0A5J4DX67	779	79,16	PF08487;PF13768;	bacterium MnTg02	6_3	0,96
J0V3B7	795	79,14	PF08487;PF13768;	Rhizobium leguminosarum bv. viciae (strain WSM1455)	6_3	0,96
A0A7Y3WV95	748	78,59	PF08487;PF13768;	Brucella pseudogrignonensis	6_3	0,96
A0A1I2ZR07	682	78,41	PF08487;PF13768;	Lachnospiraceae bacterium NLAE-zl-G231	6_3	0,96
A0A4Q1TZX1	795	78,06	PF08487;PF13768;	Rhizobium leguminosarum	6_3	0,96
A0A6L9UBQ0	752	78,03	PF08487;PF13768;	Rhizobium lusitanum	6_3	0,96
A0A2E2XQR8	741	77,6	PF08487;PF13768;	Maricaulis sp	6_3	0,96
A0A179BQM4	795	77,46	PF08487;PF13768;	Rhizobium leguminosarum	6_3	0,96
A0A7Y3WJ36	795	76,82	PF08487;PF13768;	Rhizobium sophorae	6_3	0,96
A0A246TQ20	778	76,56	PF08487;PF13768;	Rhizobium sp. R72	6_3	0,96
A0A2S9QGA3	751	76,17	PF08487;PF13768;	Labrys okinawensis	6_3	0,96
A0A413VZH9	681	76,12	PF08487;PF13768;	Enterocloster aldenensis	6_3	0,96
A0A1G9XC24	784	76,11	PF08487;PF13768;	Ensifer sp. YR511	6_3	0,96
A0A2D0ABJ3	793	75,87	PF08487;PF13768;	Rhizobium esperanzae	6_3	0,96
A0A2D0B3H9	778	75,76	PF08487;PF13768;	Rhizobium sp. R693	6_3	0,96
A0A2E1EE99	763	75,71	PF08487;PF13768;	Parvibaculum sp	6_3	0,96
A0A5C8TEM6	730	75,66	PF08487;PF13768;	Methylobacterium sp. WL64	6_3	0,96
A0A4Q8Y1M1	795	75,41	PF08487;PF13768;	Rhizobium leguminosarum	6_3	0,96
A0A854XXC6	794	75,14	PF08487;PF13768;	Rhizobium phaseoli	6_3	0,96
J0CBG4	794	74,98	PF08487;PF13768;	Rhizobium leguminosarum bv. trifolii WSM2297	6_3	0,96
A0A7W6MDV8	793	74,43	PF08487;PF13768;	Rhizobium aethiopicum	6_3	0,96
A0A2A6JUM3	784	74,22	PF08487;PF13768;	Rhizobium sp. J15	6_3	0,96
A0A1S1PQC5	794	73,73	PF08487;PF13768;	Rhizobium sp. RSm-3	6_3	0,96
A0A444I129	795	73,55	PF08487;PF13768;	Rhizobium leguminosarum	6_3	0,96
A0A351CLA9	668	84,53	PF08487;PF13768;	Gammaproteobacteria bacterium	6_3	0,95
A0A4R3XZC2	722	83,75	PF08487;PF13768;	Sulfurirhabdus autotrophica	6_3	0,95
A0A212QHR9	703	83,68	PF08487;PF13768;	Marinobacter sp. es.042	6_3	0,95
A0A1Y5TDS4	734	82,55	PF08487;PF13768;	Oceanibacterium hippocampi	6_3	0,95
A0A4Y9USN8	754	80,93	PF08487;PF13768;	Bradyrhizobium sp. MOS001	6_3	0,95
A0A150ZI04	753	80,88	PF08487;PF13768;	Bradyrhizobium sp. DOA1	6_3	0,95
A0A0X8CNV0	753	80,83	PF08487;PF13768;	Bradyrhizobium sp. CCGE-LA001	6_3	0,95
A0A2W5K5I2	745	80,81	PF08487;PF13768;	Starkeya novella (Thiobacillus novellus)	6_3	0,95
A0A4E0Q2W1	754	80,75	PF08487;PF13768;	Bradyrhizobium yuanmingense	6_3	0,95
A0A1Y6KRY4	755	80,4	PF08487;PF13768;	Bradyrhizobium sp. ORS 285	6_3	0,95
A0A238KUU8	689	80,38	PF08487;PF13768;	Actibacterium lipolyticum	6_3	0,95
A0A5P6P562	754	80,13	PF08487;PF13768;	Bradyrhizobium betae	6_3	0,95
A0A6N7LHN1	778	80,07	PF08487;PF13768;	Sinorhizobium terangae	6_3	0,95
A0A286AJB1	687	79,28	PF08487;PF13768;	Variovorax sp. YR752	6_3	0,95
A0A2E3P3H9	796	79,26	PF08487;PF13768;	Magnetovibrio sp	6_3	0,95
A0A525CNS5	753	79,21	PF08487;PF13768;	Gammaproteobacteria bacterium	6_3	0,95
A0A0T7A4R1	784	79,17	PF08487;PF13768;	Sinorhizobium sp. GL28	6_3	0,95
A0A1I6GZV2	713	78,99	PF08487;PF13768;	Marinobacter gudaonensis	6_3	0,95
A0A2G6MXZ3	672	78,67	PF08487;PF13768;	Desulfobacterales bacterium	6_3	0,95
A0A669C1G0	828	78,56	PF08487;PF13768;	Oreochromis niloticus (Nile tilapia) (Tilapia nilotica)	6_3	0,95
A0A1M7A5S6	757	78,53	PF08487;PF13768;	Bradyrhizobium lablabi	6_3	0,95
A0A7Y4WRA6	743	77,98	PF08487;PF13768;	Alphaproteobacteria bacterium	6_3	0,95
W7WBQ2	711	77,9	PF08487;PF13768;	Methylibium sp. T29	6_3	0,95
A0A416HR66	683	77,88	PF08487;PF13768;	Eisenbergiella sp. OF01-20	6_3	0,95
A0A640JAG7	686	77,18	PF08487;PF13768;	Variovorax boronicumulans	6_3	0,95
A0A7M3DY15	795	76,47	PF08487;PF13768;	Rhizobium leguminosarum	6_3	0,95
A0A4S5BH87	744	76,16	PF08487;PF13768;	Lampropedia aestuarii	6_3	0,95
A0A4V2RT13	733	75,78	PF08487;PF13768;	Shewanella fodinae	6_3	0,95
A0A7U4IRX7	792	75,38	PF08487;PF13768;	Rhizobium etli bv. phaseoli str. IE4803	6_3	0,95
A0A5N1K771	748	73,63	PF08487;PF13768;	[Ochrobactrum] quorumnocens	6_3	0,95
A0A7Y0FUX9	783	73,25	PF08487;PF13768;	Rhizobium sp. S-51	6_3	0,95
A0A6N9ZPY3	795	72,94	PF08487;PF13768;	Rhizobium laguerreae	6_3	0,95
A0A4Q9A633	795	71,32	PF08487;PF13768;	Rhizobium leguminosarum	6_3	0,95
A0A849RTU5	697	85,19	PF08487;PF13768;	Nitrospira sp	6_3	0,94
A0A212TA16	704	84,02	PF08487;PF13768;	Marinobacter sp. es.048	6_3	0,94
A0A135I598	699	83,67	PF08487;PF13768;	Enterovibrio coralii	6_3	0,94
A0A679I316	710	82,78	PF08487;PF13768;	Nitrospira sp. KM1	6_3	0,94
A0A2V8KP63	665	82,56	PF08487;PF13768;	Acidobacteria bacterium	6_3	0,94
A0A1M5K1M5	703	82,47	PF08487;PF13768;	Marisediminitalea aggregata	6_3	0,94
A0A1X3FLW7	753	82,02	PF08487;PF13768;	Bradyrhizobium canariense	6_3	0,94
A0A524IDB4	725	81,71	PF08487;PF13768;	Nitrospirales bacterium	6_3	0,94
A0A2S9JPZ4	754	81,68	PF08487;PF13768;	Phyllobacterium myrsinacearum	6_3	0,94
A0A0M3ASX6	712	81,59	PF08487;PF13768;	Sphingobium chungbukense	6_3	0,94
A0A558DBT5	726	81,56	PF08487;PF13768;	Sedimenticola thiotaurini	6_3	0,94
A0A7S7UXU7	752	81,47	PF08487;PF13768;	Bradyrhizobium sp. CCBAU 53338	6_3	0,94
A0A2E3NJJ2	729	81,24	PF08487;PF13768;	Deltaproteobacteria bacterium	6_3	0,94
A0A4Q7FZK7	755	81,15	PF08487;PF13768;	Bradyrhizobium sp. Leo121	6_3	0,94
A0A176YB50	753	81,11	PF08487;PF13768;	Bradyrhizobium centrolobii	6_3	0,94
A0A4Y9LEI5	753	81,09	PF08487;PF13768;	Bradyrhizobium frederickii	6_3	0,94
A0A4R5PII7	787	81,05	PF08487;PF13768;	Pseudohoeflea suaedae	6_3	0,94
A0A5C8VHY2	729	81,05	PF08487;PF13768;	Methylobacterium sp. WL7	6_3	0,94
A0A257KGA3	756	80,98	PF08487;PF13768;	Bradyrhizobiaceae bacterium PARB1	6_3	0,94
A0A848XEI0	672	80,89	PF08487;PF13768;	Rhodobacteraceae bacterium	6_3	0,94
A0A560KDF3	754	80,72	PF08487;PF13768;	Bradyrhizobium sacchari	6_3	0,94
A0A4Y9L4N5	753	80,67	PF08487;PF13768;	Bradyrhizobium niftali	6_3	0,94
A0A0Q5ZGC3	753	80,58	PF08487;PF13768;	Bradyrhizobium sp. Leaf396	6_3	0,94
A0A5S4WUW8	757	80,44	PF08487;PF13768;	Bradyrhizobium cytisi	6_3	0,94
A0A5S4YKA6	753	80,37	PF08487;PF13768;	Bradyrhizobium hipponense	6_3	0,94
A0A516J2D3	754	80,31	PF08487;PF13768;	Bradyrhizobium cosmicum	6_3	0,94
A4Z2V2	755	80,24	PF08487;PF13768;	Bradyrhizobium sp. (strain ORS 278)	6_3	0,94
A0A176Z682	753	80,22	PF08487;PF13768;	Bradyrhizobium neotropicale	6_3	0,94
A0A6G6Z2Q6	757	80,17	PF08487;PF13768;	Bradyrhizobium sp. 6(2017)	6_3	0,94
A0A554UFG0	754	80,02	PF08487;PF13768;	Mycobacterium sp. KBS0706	6_3	0,94
A0A3A9ACK6	669	79,76	PF08487;PF13768;	bacterium 0.1xD8-71	6_3	0,94
A0A0T6W049	716	79,73	PF08487;PF13768;	Marinobacter sp. P4B1	6_3	0,94
A0A5C5CSP4	750	79,57	PF08487;PF13768;	Brucella pecoris	6_3	0,94
A0A1C5WPW7	677	79,49	PF08487;PF13768;	uncultured Clostridium sp	6_3	0,94
A0KXX0	751	79,42	PF08487;PF13768;	Shewanella sp. (strain ANA-3)	6_3	0,94
A0A1Q7MT82	665	79,37	PF08487;PF13768;	Acidobacteria bacterium 13_1_40CM_3_56_11	6_3	0,94
A0A7Y6Q5I1	781	79,34	PF08487;PF13768;	Ensifer sp. HO-A22	6_3	0,94
A0A3D8H1Y0	704	79,04	PF08487;PF13768;	Marinobacter flavimaris	6_3	0,94
A0A2S6S3X4	716	78,97	PF08487;PF13768;	Alphaproteobacteria bacterium MarineAlpha5_Bin12	6_3	0,94
A0A7Z0VQM7	720	78,78	PF08487;PF13768;	Candidatus Thiodiazotropha endolucinida	6_3	0,94
A0A1I4L9B3	727	78,39	PF08487;PF13768;	Marinobacter zhejiangensis	6_3	0,94
A0A4R3R1F2	795	78,39	PF08487;PF13768;	Rhizobium laguerreae	6_3	0,94
A0A496XIP7	743	78,34	PF08487;PF13768;	Gammaproteobacteria bacterium	6_3	0,94
A0A4R1YMS0	777	78,17	PF08487;PF13768;	Rhizobium sp. BK068	6_3	0,94
A0A2N3BYY1	758	78,09	PF08487;PF13768;	Alphaproteobacteria bacterium HGW-Alphaproteobacteria-3	6_3	0,94
A0A6M8WB60	746	78,05	PF08487;PF13768;	Proteobacteria bacterium	6_3	0,94
A0A0S9NXU0	693	77,9	PF08487;PF13768;	Pseudorhodoferax sp. Leaf274	6_3	0,94
A0A5B8QZD2	755	77,04	PF08487;PF13768;	Shewanella decolorationis	6_3	0,94
A0A6G8DIS9	775	76,97	PF08487;PF13768;	Microbulbifer sp. SH-1	6_3	0,94
A0A5F1RZN5	752	76,82	PF08487;PF13768;	Rhizobium sp. SEMIA 4088	6_3	0,94
A0A0M3GKS4	794	76,71	PF08487;PF13768;	Rhizobium phaseoli Ch24-10	6_3	0,94
A0A7X4ZJA1	686	76,46	PF08487;PF13768;	Lachnospiraceae bacterium	6_3	0,94
A0A815Q460	820	76	PF08487;PF13768;	Rotaria magnacalcarata	6_3	0,94
A0A519ENT2	695	75,9	PF08487;PF13768;	Variovorax sp	6_3	0,94
W6RWA3	778	75,78	PF08487;PF13768;	Rhizobium favelukesii	6_3	0,94
A0A2A6LKC0	793	75,65	PF08487;PF13768;	Rhizobium sp. M10	6_3	0,94
A0A3A9UHI0	811	75,55	PF08487;PF13768;	Alteromonas sp. BL110	6_3	0,94
A0A7W8UJR9	794	75,23	PF08487;PF13768;	Rhizobium lentis	6_3	0,94
A0A4Q8YI04	795	74,21	PF08487;PF13768;	Rhizobium leguminosarum	6_3	0,94
A0A4Q8YI04	795	74,21	PF08487;PF13768;	Rhizobium leguminosarum	6_3	0,94
A0A7W5LG75	800	74,02	PF08487;PF13768;	Rhizobium sp. BK313	6_3	0,94
A0A7W5PKX3	792	73,93	PF08487;PF13768;	Rhizobium sp. BK049	6_3	0,94
A0A2E2XAC5	787	73,7	PF08487;PF13768;	Hoeflea sp	6_3	0,94
A0A843RGN7	762	73,59	PF08487;PF13768;	Kiloniellaceae bacterium	6_3	0,94
A0A7T8EBX3	770	73,41	PF08487;PF13768;	Shewanella algae	6_3	0,94
W0IFV4	795		PF08487;PF13768;	Rhizobium leguminosarum bv. trifolii WSM1689	6_3	0,94
A0A444NUY6	791		PF08487;PF13768;	Rhizobium leguminosarum	6_3	0,94
A0A512IK59	716		PF08487;PF13768;	Methylobacterium haplocladii	6_3	0,94
A0A4R5B1I8	641	85,6	PF08487;PF13768;	Actinomadura darangshiensis	6_3	0,93
A0A6I2H1U4	667	85,38	PF08487;PF13768;	Aggregicoccus sp. 17bor-14	6_3	0,93
A0A1W9J8S5	697	85,37	PF08487;PF13768;	Nitrospira sp. ST-bin5	6_3	0,93
A0A1F3Z9K9	709	85,09	PF08487;PF13768;	Betaproteobacteria bacterium RIFCSPLOWO2_02_FULL_62_17	6_3	0,93
A0A370DQZ4	713	83,72	PF08487;PF13768;	endosymbiont of Escarpia spicata	6_3	0,93
A0A3N1QU09	704	83,54	PF08487;PF13768;	Marinobacter sp. 3-2	6_3	0,93
A0A7Y4KF91	834	83,21	PF08487;PF13768;	Corallococcus exercitus	6_3	0,93
A0A2D9KHR5	703	83,15	PF08487;PF13768;	Alteromonadaceae bacterium	6_3	0,93
A0A523KAU1	734	83,12	PF08487;PF13768;	Gammaproteobacteria bacterium	6_3	0,93
A0A2T1KH84	712	83,05	PF08487;PF13768;	Marinobacter halophilus	6_3	0,93
A0A833MXY9	724	82,8	PF08487;PF13768;	Methylorubrum populi	6_3	0,93
U7NJ01	712	82,13	PF08487;PF13768;	Marinobacter sp. C1S70	6_3	0,93
A0A7Z9QF79	727	82,13	PF08487;PF13768;	Candidatus Marinimicrobia bacterium	6_3	0,93
A0A1Q7KZG3	701	81,86	PF08487;PF13768;	Acidobacteria bacterium 13_1_40CM_4_58_4	6_3	0,93
A0A3A8Q812	834	81,54	PF08487;PF13768;	Corallococcus interemptor	6_3	0,93
A0A837C8Q0	754	81,28	PF08487;PF13768;	Bradyrhizobium diazoefficiens SEMIA 5080	6_3	0,93
Q0AMP5	740	81,28	PF08487;PF13768;	Maricaulis maris (strain MCS10)	6_3	0,93
A0A2E4NFU3	743	81,12	PF08487;PF13768;	Rhodospirillaceae bacterium	6_3	0,93
A0A2A6PNL4	753	80,99	PF08487;PF13768;	Bradyrhizobium sp. Y36	6_3	0,93
A0A023XT20	754	80,94	PF08487;PF13768;	Bradyrhizobium japonicum SEMIA 5079	6_3	0,93
A0A1D9GPS9	713	80,66	PF08487;PF13768;	Marinobacter salinus	6_3	0,93
A0A2G6L1F0	750	80,6	PF08487;PF13768;	Gammaproteobacteria bacterium	6_3	0,93
A0A6N6MV52	730	80,52	PF08487;PF13768;	Methylobacterium sp. YIM 132548	6_3	0,93
A0A1H9Y738	721	80,45	PF08487;PF13768;	Thalassotalea agarivorans (Thalassomonas agarivorans)	6_3	0,93
A0A4Q5XYW3	750	80,36	PF08487;PF13768;	Alphaproteobacteria bacterium	6_3	0,93
A0A1G8DUA5	753	80,32	PF08487;PF13768;	Bradyrhizobium sp. Rc2d	6_3	0,93
A0A2A2VJ16	757	80,21	PF08487;PF13768;	Bradyrhizobium sp. UFLA03-84	6_3	0,93
A0A2A5EVG6	746	80,16	PF08487;PF13768;	Rhodobiaceae bacterium	6_3	0,93
A0A7X2FTN0	743	80,13	PF08487;PF13768;	Alphaproteobacteria bacterium HT1-32	6_3	0,93
A0A5H2YH67	753	80,12	PF08487;PF13768;	Bradyrhizobium sp. SG09	6_3	0,93
A0A072N1T9	709	80,02	PF08487;PF13768;	Marinobacter nitratireducens	6_3	0,93
A0A5D0VMA2	704	80,01	PF08487;PF13768;	Marinobacter sp. BW6	6_3	0,93
A0A1B3Z6U3	710	79,99	PF08487;PF13768;	Sphingomonas panacis	6_3	0,93
A0A7X8PHZ8	752	79,96	PF08487;PF13768;	Rhizobium sp. P28RR-XV	6_3	0,93
A0A2A6NCZ8	757	79,76	PF08487;PF13768;	Bradyrhizobium sp. C9	6_3	0,93
A0A849GFC3	686	79,68	PF08487;PF13768;	Woeseiaceae bacterium	6_3	0,93
A0A246SAV4	784	79,55	PF08487;PF13768;	Rhizobium sp. R634	6_3	0,93
A8RYI2	683	79,41	PF08487;PF13768;	Enterocloster bolteae (strain ATCC BAA-613 / DSM 15670 / CCUG 46953 / JCM 12243 / WAL 16351) (Clostridium bolteae)	6_3	0,93
A0A495DDN3	747	79,25	PF08487;PF13768;	Maricaulis maris	6_3	0,93
A0A3C1SRR0	721	79,14	PF08487;PF13768;	Candidatus Competibacteraceae bacterium	6_3	0,93
A0A261GN16	734	79,07	PF08487;PF13768;	Hahella sp. CCB-MM4	6_3	0,93
A0A0F0C310	677	79,04	PF08487;PF13768;	Clostridium sp. FS41	6_3	0,93
A0A4Q5XYS7	750	78,98	PF08487;PF13768;	Alphaproteobacteria bacterium	6_3	0,93
A0A3S0VXD1	718	78,92	PF08487;PF13768;	Candidatus Competibacteraceae bacterium	6_3	0,93
A0A7W0X079	710	78,81	PF08487;PF13768;	Betaproteobacteria bacterium	6_3	0,93
A0A669DQC5	828	78,74	PF08487;PF13768;	Oreochromis niloticus (Nile tilapia) (Tilapia nilotica)	6_3	0,93
A0A1E1F2U0	707	78,71	PF08487;PF13768;	Sphingobium cloacae	6_3	0,93
A0A3P1UZV5	754	78,56	PF08487;PF13768;	Brucellaceae bacterium VT-16-1752	6_3	0,93
A0A1B1UQ39	757	78,48	PF08487;PF13768;	Bradyrhizobium icense	6_3	0,93
A0A1C3WXX6	750	78,09	PF08487;PF13768;	Rhizobium multihospitium	6_3	0,93
A0A3M2D657	760	77,85	PF08487;PF13768;	Nitrospirae bacterium	6_3	0,93
Q1MDP5	797	77,84	PF08487;PF13768;	Rhizobium leguminosarum bv. viciae (strain 3841)	6_3	0,93
A0A858X7N9	750	77,59	PF08487;PF13768;	Starkeya sp. ORNL1	6_3	0,93
A0A7W2B7P5	717	77,56	PF08487;PF13768;	Burkholderiales bacterium	6_3	0,93
A0A222F2T1	743	77,44	PF08487;PF13768;	Labrenzia sp. VG12	6_3	0,93
A0A1W6ZZR8	782	77,23	PF08487;PF13768;	Pseudorhodoplanes sinuspersici	6_3	0,93
A0A2N3E5Y8	756	77,19	PF08487;PF13768;	Alphaproteobacteria bacterium HGW-Alphaproteobacteria-11	6_3	0,93
A0A1H4AIX3	778	76,99	PF08487;PF13768;	Microbulbifer marinus	6_3	0,93
A0A653JMH0	698	76,81	PF08487;PF13768;	Burkholderiales bacterium 8X	6_3	0,93
A0A3E2VCM8	677	76,64	PF08487;PF13768;	Enterocloster citroniae	6_3	0,93
C7FPL0	836	76,47	PF08487;PF13768;	uncultured bacterium HF186_25m_27D22	6_3	0,93
A0A1W6GKE7	794	76,3	PF08487;PF13768;	Rhizobium phaseoli Brasil 5	6_3	0,93
A0A0P7E702	666	76,25	PF08487;PF13768;	Pseudoalteromonas lipolytica	6_3	0,93
A0A0Q6RS70	782	76,09	PF08487;PF13768;	Rhizobium sp. Root1204	6_3	0,93
A0A836TZI4	720	75,6	PF08487;PF13768;	Thiotrichaceae bacterium	6_3	0,93
Q2K5W9	780	75,46	PF08487;PF13768;	Rhizobium etli (strain CFN 42 / ATCC 51251)	6_3	0,93
A0A2N5D3H4	712	75,26	PF08487;PF13768;	Caulobacter zeae	6_3	0,93
A0A7Y3SGG9	795	75,15	PF08487;PF13768;	Rhizobium indigoferae	6_3	0,93
A0A7Z0RL92	795	74,84	PF08487;PF13768;	Rhizobium changzhiense	6_3	0,93
W0J067	732	74,75	PF08487;PF13768;	Opitutaceae bacterium TAV5	6_3	0,93
A0A7W6B585	784	73,07	PF08487;PF13768;	Rhizobium fabae	6_3	0,93
A0A7W4WG00	795	71,47	PF08487;PF13768;	Microbulbifer rhizosphaerae	6_3	0,93
A0A095VT49	688	84,99	PF08487;PF13768;	Pseudohaliea rubra DSM 19751	6_3	0,92
A0A7Y3FZ85	687	84,77	PF08487;PF13768;	Woeseiaceae bacterium	6_3	0,92
A0A1Q7T0P0	695	84,65	PF08487;PF13768;	Acidobacteria bacterium 13_1_20CM_58_21	6_3	0,92
A0A381V286	702	83,81	PF08487;PF13768;	marine metagenome	6_3	0,92
A0A3L8BWV6	699	83,42	PF08487;PF13768;	Ketobacter sp	6_3	0,92
A0A1I4CFH7	714	83,35	PF08487;PF13768;	Methylorubrum salsuginis	6_3	0,92
A0A2G1VEK5	705	83,22	PF08487;PF13768;	Marinobacter guineae	6_3	0,92
A0A4Z0M1X8	719	83,15	PF08487;PF13768;	Haliea sp. SAOS-164	6_3	0,92
A0A558DXN0	726	82,95	PF08487;PF13768;	Sedimenticola selenatireducens	6_3	0,92
A0A7W6BLV3	702	82,57	PF08487;PF13768;	Sphingobium jiangsuense	6_3	0,92
A0A3A4ZTE0	675	82,39	PF08487;PF13768;	Desulfobacteraceae bacterium	6_3	0,92
A0A3B1B1S5	718	82,37	PF08487;PF13768;	hydrothermal vent metagenome	6_3	0,92
C7CKT8	733	82,23	PF08487;PF13768;	Methylorubrum extorquens (strain DSM 6343 / CIP 106787 / DM4) (Methylobacterium extorquens)	6_3	0,92
A0A845TWW6	695	82,06	PF08487;PF13768;	Acidipila sp	6_3	0,92
A0A5C8ZMG8	722	81,7	PF08487;PF13768;	Parahaliea aestuarii	6_3	0,92
A0A2M8QZS6	753	81,67	PF08487;PF13768;	Bradyrhizobium forestalis	6_3	0,92
A0A1L3F2X0	754	81,51	PF08487;PF13768;	Bradyrhizobium japonicum	6_3	0,92
A0A7Z0TSR7	754	81,23	PF08487;PF13768;	Bradyrhizobium sp. 323S2	6_3	0,92
A0A089P067	730	81,16	PF08487;PF13768;	Methylobacterium oryzae CBMB20	6_3	0,92
A0A7Z8RC30	724	81,05	PF08487;PF13768;	Methylobacterium sp. WL2	6_3	0,92
A0A2M8QL10	712	81,01	PF08487;PF13768;	Sphingobium sp. LB126	6_3	0,92
A0A0A1PM51	727	80,95	PF08487;PF13768;	bacterium YEK0313	6_3	0,92
H5YC67	753	80,84	PF08487;PF13768;	Bradyrhizobium sp. WSM471	6_3	0,92
A0A1C3USZ2	754	80,77	PF08487;PF13768;	Bradyrhizobium yuanmingense	6_3	0,92
A0A0A3XSS9	754	80,77	PF08487;PF13768;	Bradyrhizobium japonicum	6_3	0,92
I9WTR3	720	80,71	PF08487;PF13768;	Methylobacterium sp. GXF4	6_3	0,92
A0A839NZM5	749	80,61	PF08487;PF13768;	Methylobacterium sp. R2-1	6_3	0,92
A0A7S9CSD9	757	80,61	PF08487;PF13768;	Bradyrhizobium genosp. L	6_3	0,92
A0A850JC59	754	80,59	PF08487;PF13768;	Bradyrhizobium sp. 323S2	6_3	0,92
A0A2U3QD53	754	80,53	PF08487;PF13768;	Bradyrhizobium vignae	6_3	0,92
A0A6J4YH73	711	80,5	PF08487;PF13768;	Olavius algarvensis Delta 1 endosymbiont	6_3	0,92
A0A4Y9PDK4	753	80,46	PF08487;PF13768;	Bradyrhizobium frederickii	6_3	0,92
A0A1I0FMU1	704	80,45	PF08487;PF13768;	Marinobacter segnicrescens	6_3	0,92
A0A256GF33	750	80,43	PF08487;PF13768;	Brucella lupini	6_3	0,92
A0A7Y3FIS1	657	80,43	PF08487;PF13768;	Myxococcales bacterium	6_3	0,92
J3I0Q5	753	80,36	PF08487;PF13768;	Bradyrhizobium sp. YR681	6_3	0,92
A0A3N6PDV8	753	80,27	PF08487;PF13768;	Bradyrhizobium sp. RP6	6_3	0,92
A0A7X6JLN7	712	80,23	PF08487;PF13768;	Alteromonadaceae bacterium A_SAG3	6_3	0,92
A0A2A4WQ37	726	80,14	PF08487;PF13768;	Thiotrichaceae bacterium	6_3	0,92
A0A0R3NDQ8	756	80,06	PF08487;PF13768;	Bradyrhizobium retamae	6_3	0,92
A0A850KV34	726	79,83	PF08487;PF13768;	Alphaproteobacteria bacterium	6_3	0,92
A0A839UM00	753	79,74	PF08487;PF13768;	Simiduia aestuariiviva	6_3	0,92
A0A0S8AL09	710	79,68	PF08487;PF13768;	Desulfobacterales bacterium SG8_35	6_3	0,92
A0A7Y4GYA2	757	79,67	PF08487;PF13768;	Bradyrhizobium australiense	6_3	0,92
A0A3B0YP82	742	79,62	PF08487;PF13768;	hydrothermal vent metagenome	6_3	0,92
A0A1N6RAF7	786	79,43	PF08487;PF13768;	Rhizobium sp. RU20A	6_3	0,92
A0A2G1UHC7	709	79,41	PF08487;PF13768;	Marinobacter profundi	6_3	0,92
A0A5B0V9T1	715	79,41	PF08487;PF13768;	Marinobacter salinexigens	6_3	0,92
A0A7S7QK27	759	79,27	PF08487;PF13768;	Bradyrhizobium sp. CCBAU 51753	6_3	0,92
A0A522WUF3	707	79,15	PF08487;PF13768;	Methylobacter sp	6_3	0,92
A0A142FSB5	712	79,06	PF08487;PF13768;	Marinobacter sp. LQ44	6_3	0,92
A6F3R5	718	78,6	PF08487;PF13768;	Marinobacter algicola DG893	6_3	0,92
A0A7W2TVT2	721	78,42	PF08487;PF13768;	Sediminihaliea albiluteola	6_3	0,92
A0A6N6R2J8	720	78,42	PF08487;PF13768;	Brucella intermedia	6_3	0,92
A0A011TGQ0	750	78,4	PF08487;PF13768;	Brucella anthropi (Ochrobactrum anthropi)	6_3	0,92
A0A7G2RYI8	718	78,34	PF08487;PF13768;	Marinobacter sp	6_3	0,92
A0A3B0XNN4	732	78,2	PF08487;PF13768;	hydrothermal vent metagenome	6_3	0,92
A0A349YE68	713	78,05	PF08487;PF13768;	Betaproteobacteria bacterium	6_3	0,92
A0A1L8MDZ2	766	77,98	PF08487;PF13768;	Alteromonas sp. V450	6_3	0,92
A0A6H9HJC9	720	77,93	PF08487;PF13768;	Novosphingobium sp. TCA1	6_3	0,92
A6X8G3	750	77,92	PF08487;PF13768;	Brucella anthropi (strain ATCC 49188 / DSM 6882 / CCUG 24695 / JCM 21032 / LMG 3331 / NBRC 15819 / NCTC 12168 / Alc 37) (Ochrobactrum anthropi)	6_3	0,92
A0A2E8AG52	718	77,9	PF08487;PF13768;	Marinobacter sp	6_3	0,92
A0A6N6T7H6	718	77,61	PF08487;PF13768;	Candidatus Contendobacter sp	6_3	0,92
A0A0S9KUF8	693	77,45	PF08487;PF13768;	Pseudorhodoferax sp. Leaf265	6_3	0,92
A0A256G458	748	77,4	PF08487;PF13768;	Brucella pseudogrignonensis	6_3	0,92
A0A0Q7CVV7	711	77,28	PF08487;PF13768;	Methylibium sp. Root1272	6_3	0,92
A0A7K3VEW1	795	77,22	PF08487;PF13768;	Rhizobium leguminosarum	6_3	0,92
A0A3D9HY52	701	77,2	PF08487;PF13768;	Aestuariispira insulae	6_3	0,92
A0A3D9HY52	701	77,2	PF08487;PF13768;	Aestuariispira insulae	6_3	0,92
A0A2N5CUU5	713	76,81	PF08487;PF13768;	Caulobacter flavus	6_3	0,92
A0A3R9CEK4	790	76,33	PF08487;PF13768;	Rhizobium sophoriradicis	6_3	0,92
A0A1G8VSP3	788	76,16	PF08487;PF13768;	Microbulbifer yueqingensis	6_3	0,92
A0A0T6YUE4	784	76	PF08487;PF13768;	Sinorhizobium sp. Sb3	6_3	0,92
A0A2D8RA10	707	75,91	PF08487;PF13768;	Hahellaceae bacterium	6_3	0,92
A0A1Q8AX25	717	75,56	PF08487;PF13768;	Acidobacteria bacterium 13_1_20CM_2_65_9	6_3	0,92
A0A2A6RC58	789	75,49	PF08487;PF13768;	Rhizobium sp. H4	6_3	0,92
A0A2K9Z603	795	75,48	PF08487;PF13768;	Rhizobium leguminosarum	6_3	0,92
F2AHK9	794	75,4	PF08487;PF13768;	Rhizobium etli CNPAF512	6_3	0,92
A0A366HRX8	710	75,27	PF08487;PF13768;	Roseimicrobium gellanilyticum	6_3	0,92
A0A7W6YIX8	793	75,22	PF08487;PF13768;	Rhizobium leguminosarum	6_3	0,92
A0A0R0MLF5	693	75,07	PF08487;PF13768;	Curvibacter sp. PAE-UM	6_3	0,92
A0A2N3E7F1	767	75	PF08487;PF13768;	Alphaproteobacteria bacterium HGW-Alphaproteobacteria-12	6_3	0,92
A0A1S9GRY8	795	74,76	PF08487;PF13768;	Rhizobium laguerreae	6_3	0,92
A0A0Q7N7D7	791	74,64	PF08487;PF13768;	Rhizobium sp. Root483D2	6_3	0,92
B5ZY26	794	74,39	PF08487;PF13768;	Rhizobium leguminosarum bv. trifolii (strain WSM2304)	6_3	0,92
J0HAQ0	794	74,29	PF08487;PF13768;	Rhizobium leguminosarum bv. trifolii WSM597	6_3	0,92
A0A0S3Q0F5	762	74,01	PF08487;PF13768;	Variibacter gotjawalensis	6_3	0,92
A0A5C7VQM3	693	73,81	PF08487;PF13768;	Ottowia sp	6_3	0,92
A0A192TBJ9	794		PF08487;PF13768;	Rhizobium phaseoli	6_3	0,92
A0A1F7LM12	680	86,32	PF08487;PF13768;	Candidatus Rokubacteria bacterium GWA2_73_35	6_3	0,91
A0A2N6GD76	722	83,96	PF08487;PF13768;	Sedimenticola sp	6_3	0,91
A0A519QPI3	701	83,74	PF08487;PF13768;	Novosphingobium sp	6_3	0,91
A0A2U0A563	721	83,65	PF08487;PF13768;	gamma proteobacterium symbiont of Ctena orbiculata	6_3	0,91
A0A1F7QAT1	681	83,34	PF08487;PF13768;	Candidatus Rokubacteria bacterium RIFCSPLOWO2_12_FULL_73_47	6_3	0,91
A0A506RB39	703	83,1	PF08487;PF13768;	Aestuariibacter sp. GS-14	6_3	0,91
A0A2G2HVQ4	704	82,89	PF08487;PF13768;	Methylophaga sp	6_3	0,91
A0A2E0HLT9	707	82,87	PF08487;PF13768;	Pseudomonadales bacterium	6_3	0,91
A5PEP4	697	82,72	PF08487;PF13768;	Erythrobacter sp. SD-21	6_3	0,91
A0A318AIZ8	693	82,68	PF08487;PF13768;	Nostoc sp. 3335mG	6_3	0,91
A0A0P7Z6N8	715	82,49	PF08487;PF13768;	Marinobacter sp. HL-58	6_3	0,91
A0A0J6SS39	716	82,48	PF08487;PF13768;	Methylobacterium aquaticum	6_3	0,91
A0A346S6Q2	716	82,35	PF08487;PF13768;	Marinobacter sp. Arc7-DN-1	6_3	0,91
A0A2E3D007	691	81,82	PF08487;PF13768;	Pseudomonadales bacterium	6_3	0,91
R8B387	711	81,61	PF08487;PF13768;	Marinobacter lipolyticus SM19	6_3	0,91
A0A7Y0HGR7	702	81,5	PF08487;PF13768;	Pacificispira spongiicola	6_3	0,91
A0A0F9WKZ9	715	81,48	PF08487;PF13768;	marine sediment metagenome	6_3	0,91
A0A5D3K286	753	81,44	PF08487;PF13768;	Bradyrhizobium rifense	6_3	0,91
A0A4V2VL56	754	81,42	PF08487;PF13768;	Bradyrhizobium sp. Y-H1	6_3	0,91
A0A2E2EB67	720	81,34	PF08487;PF13768;	Rhodospirillaceae bacterium	6_3	0,91
A0A7X8JHH6	672	81,3	PF08487;PF13768;	Clostridiaceae bacterium	6_3	0,91
A0A3B0XW99	728	81,26	PF08487;PF13768;	hydrothermal vent metagenome	6_3	0,91
A0A3B0ZAZ2	710	81,23	PF08487;PF13768;	hydrothermal vent metagenome	6_3	0,91
A0A3A8J187	851	81,15	PF08487;PF13768;	Corallococcus terminator	6_3	0,91
A0A109JC97	757	81,08	PF08487;PF13768;	Bradyrhizobium macuxiense	6_3	0,91
A0A6P1R349	754	81,05	PF08487;PF13768;	Bradyrhizobium sp. LCT2	6_3	0,91
A0A5A8A4I4	729	80,94	PF08487;PF13768;	Methylobacterium sp. P1-11	6_3	0,91
A0A369CDS4	708	80,93	PF08487;PF13768;	Thioalbus denitrificans	6_3	0,91
A0A553F9D8	731	80,86	PF08487;PF13768;	Thalassomonas sp. M1454	6_3	0,91
A0A7W6XK71	753	80,79	PF08487;PF13768;	Bradyrhizobium sp. CIR48	6_3	0,91
A0A2M6UKH7	753	80,75	PF08487;PF13768;	Bradyrhizobium nitroreducens	6_3	0,91
A0A2T1K4T7	713	80,59	PF08487;PF13768;	Marinobacter fuscus	6_3	0,91
A0A7S7Q124	754	80,58	PF08487;PF13768;	Bradyrhizobium sp. CCBAU 51765	6_3	0,91
A0A0D7NZP1	754	80,48	PF08487;PF13768;	Bradyrhizobium sp. LTSP849	6_3	0,91
A0A1Q5REG7	753	80,43	PF08487;PF13768;	Bradyrhizobium sp. AS23.2	6_3	0,91
A0A193LBL9	742	80,35	PF08487;PF13768;	Woeseia oceani	6_3	0,91
A0A7V7XMC6	779	80,29	PF08487;PF13768;	Rhodocyclaceae bacterium	6_3	0,91
A0A840H932	753	80,28	PF08487;PF13768;	Bradyrhizobium sp. ERR14	6_3	0,91
A0A1Q5RVU3	753	80,27	PF08487;PF13768;	Bradyrhizobium sp. NAS80.1	6_3	0,91
A0A410RJF8	838	80,24	PF08487;PF13768;	Corallococcus coralloides (Myxococcus coralloides)	6_3	0,91
A0A6C5N6M4	727	79,99	PF08487;PF13768;	Alteromonas macleodii (Pseudoalteromonas macleodii)	6_3	0,91
W8I3T2	781	79,98	PF08487;PF13768;	Ensifer adhaerens OV14	6_3	0,91
A0A2G2GZ72	657	79,88	PF08487;PF13768;	Alcanivorax sp	6_3	0,91
F7RP24	751	79,74	PF08487;PF13768;	Shewanella sp. HN-41	6_3	0,91
A0A1H0T0Y9	752	79,64	PF08487;PF13768;	Phyllobacterium sp. OV277	6_3	0,91
A0A501XUQ1	755	79,52	PF08487;PF13768;	Shewanella sp. LC6	6_3	0,91
A0A0D1MJ12	757	79,46	PF08487;PF13768;	Bradyrhizobium elkanii	6_3	0,91
A0A557RPY3	712	79,39	PF08487;PF13768;	Denitromonas halophilus	6_3	0,91
A0A0P8CZQ1	712	79,36	PF08487;PF13768;	Marinobacter excellens HL-55	6_3	0,91
A0A2D9U0V0	707	79,36	PF08487;PF13768;	Pseudomonadales bacterium	6_3	0,91
A0A2E0LZH1	753	79,32	PF08487;PF13768;	Alphaproteobacteria bacterium	6_3	0,91
A0A2T1KXB6	712	78,9	PF08487;PF13768;	Marinobacter shengliensis	6_3	0,91
A0A494TKF4	714	78,88	PF08487;PF13768;	Sphingomonas paeninsulae	6_3	0,91
A0A4R3GNJ9	715	78,83	PF08487;PF13768;	Caulobacter sp. BK020	6_3	0,91
A0A4R3GNJ9	715	78,83	PF08487;PF13768;	Caulobacter sp. BK020	6_3	0,91
A0A1C6LHN3	692	78,56	PF08487;PF13768;	Variovorax sp. HW608	6_3	0,91
A0A6M8X1H4	795	78,55	PF08487;PF13768;	Rhizobium indicum	6_3	0,91
A0A1V3QIP1	786	78,46	PF08487;PF13768;	Sinorhizobium sp. A49	6_3	0,91
A0A4P7JJD3	750	78,39	PF08487;PF13768;	Thalassotalea sp. HSM 43	6_3	0,91
Q8EF10	760	78,34	PF08487;PF13768;	Shewanella oneidensis (strain MR-1)	6_3	0,91
A0A2G6CU71	672	78,33	PF08487;PF13768;	Proteobacteria bacterium	6_3	0,91
A7HVH6	755	78,25	PF08487;PF13768;	Parvibaculum lavamentivorans (strain DS-1 / DSM 13023 / NCIMB 13966)	6_3	0,91
A0A1W7M602	722	78,24	PF08487;PF13768;	Novosphingobium sp. MD-1	6_3	0,91
A0A3M1QA31	665	78,16	PF08487;PF13768;	Acidobacteria bacterium	6_3	0,91
A0A3M1QA31	665	78,16	PF08487;PF13768;	Acidobacteria bacterium	6_3	0,91
A0A4S4AIH4	799	78,13	PF08487;PF13768;	Azoarcus rhizosphaerae	6_3	0,91
A0A6L3Z6A6	720	77,89	PF08487;PF13768;	Brucella anthropi (Ochrobactrum anthropi)	6_3	0,91
A0A2K8UFZ5	689	77,81	PF08487;PF13768;	Candidatus Thiodictyon syntrophicum	6_3	0,91
A0A0Q6FNC1	762	77,67	PF08487;PF13768;	Rhizobium sp. Leaf453	6_3	0,91
A0A520DKT8	697	77,65	PF08487;PF13768;	Variovorax sp	6_3	0,91
A3W9L9	740	77,54	PF08487;PF13768;	Erythrobacter sp. NAP1	6_3	0,91
A0A2D9TGN3	919	77,48	PF08487;PF13768;	Sandaracinus sp	6_3	0,91
A0A523MBZ4	727	77,33	PF08487;PF13768;	Gammaproteobacteria bacterium	6_3	0,91
A0A1Q2M7R4	804	77,28	PF08487;PF13768;	Microbulbifer agarilyticus	6_3	0,91
A0A433HS72	726	77,24	PF08487;PF13768;	Candidatus Competibacteraceae bacterium	6_3	0,91
A0A2D9I297	782	76,97	PF08487;PF13768;	Rhodospirillales bacterium	6_3	0,91
A0A524KR07	793	76,37	PF08487;PF13768;	Hyphomicrobiales bacterium	6_3	0,91
A0A7V8GB83	690	76,12	PF08487;PF13768;	Variovorax sp	6_3	0,91
A0A0Q6SA36	776	75,79	PF08487;PF13768;	Rhizobium sp. Root1212	6_3	0,91
A0A5P9ESY9	790	75,63	PF08487;PF13768;	Microbulbifer sp. THAF38	6_3	0,91
A0A448CF87	755	75,28	PF08487;PF13768;	Shewanella putrefaciens (Pseudomonas putrefaciens)	6_3	0,91
A0A7W5VC46	795	75,13	PF08487;PF13768;	Rhizobium sp. BK591	6_3	0,91
U4VBG1	727	74,28	PF08487;PF13768;	Brucella intermedia 229E	6_3	0,91
A0A0G1KGQ8	922	74,18	PF08487;PF13768;	Parcubacteria group bacterium GW2011_GWC2_44_17	6_3	0,91
A0A1C3V013	754	73,41	PF08487;PF13768;	Rhizobium miluonense	6_3	0,91
A0A7U3ZAK3	771	73,39	PF08487;PF13768;	Shewanella baltica OS117	6_3	0,91
A0A4U0ZIN0	836	73,34	PF08487;PF13768;	Alteromonas portus	6_3	0,91
A0A7K1ZEM5	750	72,57	PF08487;PF13768;	Bacteroidetes bacterium SB0668_bin_1	6_3	0,91
A0A2Z4YFE1	795	71,14	PF08487;PF13768;	Rhizobium leguminosarum	6_3	0,91
A0A814VWE0	847	70,3	PF08487;PF13768;	Rotaria sp. Silwood1	6_3	0,91
A0A1F7MNH1	680	86,83	PF08487;PF13768;	Candidatus Rokubacteria bacterium RBG_16_73_20	6_3	0,9
A0A2E5S9R0	702	85,19	PF08487;PF13768;	Oceanospirillales bacterium	6_3	0,9
A0A418NI05	702	83,84	PF08487;PF13768;	Pelagerythrobacter aerophilus	6_3	0,9
A0A2T4DM53	704	83,79	PF08487;PF13768;	Marinobacter sp. B9-2	6_3	0,9
A0A6I4TVF2	688	83,66	PF08487;PF13768;	Croceibacterium xixiisoli	6_3	0,9
A0A0C6FA80	705	83,49	PF08487;PF13768;	Methylobacterium aquaticum	6_3	0,9
A0A1V2DS95	702	83,18	PF08487;PF13768;	Marinobacter lutaoensis	6_3	0,9
A0A1M7XWS3	717	83,01	PF08487;PF13768;	Desulfopila aestuarii DSM 18488	6_3	0,9
A0A564G3K9	716	82,94	PF08487;PF13768;	Methylobacterium dankookense	6_3	0,9
V4J925	665	82,64	PF08487;PF13768;	Desulfofustis sp. PB-SRB1	6_3	0,9
A0A4R5LRV2	725	82,55	PF08487;PF13768;	Seongchinamella unica	6_3	0,9
A0A2V3ZPK2	720	82,43	PF08487;PF13768;	Marinobacter vulgaris	6_3	0,9
A0A7Z9IEA7	695	82,25	PF08487;PF13768;	Planctomycetaceae bacterium	6_3	0,9
B9M6X0	665	82,19	PF08487;PF13768;	Geotalea daltonii (strain DSM 22248 / JCM 15807 / FRC-32) (Geobacter daltonii)	6_3	0,9
A0A1G5UL37	729	82,04	PF08487;PF13768;	Methylobacterium sp. UNC378MF	6_3	0,9
A0A160UIZ5	753	82,03	PF08487;PF13768;	Bradyrhizobium sp	6_3	0,9
A0A2N2TJY7	748	81,85	PF08487;PF13768;	Betaproteobacteria bacterium HGW-Betaproteobacteria-14	6_3	0,9
A0A7V8B4K9	720	81,66	PF08487;PF13768;	Brucella tritici	6_3	0,9
A0A318EAQ6	701	81,62	PF08487;PF13768;	Sinimarinibacterium flocculans	6_3	0,9
A0A6G9A3L0	753	81,49	PF08487;PF13768;	Bradyrhizobium symbiodeficiens	6_3	0,9
A0A7X6JLH9	727	81,36	PF08487;PF13768;	Alteromonadaceae bacterium A_SAG1	6_3	0,9
A0A7W6T0M9	753	81,35	PF08487;PF13768;	Bradyrhizobium sp. SBR1B	6_3	0,9
A0A6G8ZSR5	753	81,28	PF08487;PF13768;	Bradyrhizobium symbiodeficiens	6_3	0,9
A0A1H2PYV2	716	81,08	PF08487;PF13768;	Marinobacter mobilis	6_3	0,9
A0A4Q1UQN4	754	81,02	PF08487;PF13768;	Bradyrhizobium betae	6_3	0,9
Q89VR8	754	80,92	PF08487;PF13768;	Bradyrhizobium diazoefficiens (strain JCM 10833 / BCRC 13528 / IAM 13628 / NBRC 14792 / USDA 110)	6_3	0,9
A0A3B0YU69	721	80,9	PF08487;PF13768;	hydrothermal vent metagenome	6_3	0,9
A0A151FNS3	754	80,8	PF08487;PF13768;	Bradyrhizobium liaoningense	6_3	0,9
A0A845IR44	754	80,79	PF08487;PF13768;	Bradyrhizobium japonicum	6_3	0,9
A0A7V8NNP7	706	80,69	PF08487;PF13768;	Candidatus Acidoferrum panamensis	6_3	0,9
A0A850ICD4	757	80,36	PF08487;PF13768;	Bradyrhizobium sp. 2S1	6_3	0,9
A0A7Z1DUP6	716	80,29	PF08487;PF13768;	Marinobacter vinifirmus	6_3	0,9
A0A4R7NTM8	679	80,27	PF08487;PF13768;	Panacagrimonas perspica	6_3	0,9
A0A1I5CG21	758	80,18	PF08487;PF13768;	Bradyrhizobium sp. Ghvi	6_3	0,9
A0A562L1M2	753	80,11	PF08487;PF13768;	Bradyrhizobium daqingense	6_3	0,9
A0A2G6MWR0	668	80,09	PF08487;PF13768;	Desulfobacterales bacterium	6_3	0,9
A0A1H8JDV3	754	80,04	PF08487;PF13768;	Bradyrhizobium sp. OK095	6_3	0,9
A0A0L8C3E5	786	80,03	PF08487;PF13768;	Ensifer adhaerens (Sinorhizobium morelense)	6_3	0,9
A0A7S7Q3X5	755	79,96	PF08487;PF13768;	Bradyrhizobium sp. CCBAU 21365	6_3	0,9
T0HQ92	708	79,89	PF08487;PF13768;	Novosphingobium lindaniclasticum LE124	6_3	0,9
A0A4P5Z0C2	767	79,81	PF08487;PF13768;	Verrucomicrobia bacterium	6_3	0,9
A0A0B4CSG2	676	79,56	PF08487;PF13768;	Leisingera sp. ANG-Vp	6_3	0,9
A0A5M3Q510	704	79,15	PF08487;PF13768;	Marinobacter salsuginis	6_3	0,9
F9ZXR2	668	79,13	PF08487;PF13768;	Methylomonas methanica (strain MC09)	6_3	0,9
A0A7X0JT59	754	79,07	PF08487;PF13768;	Pseudoteredinibacter isoporae	6_3	0,9
A0A2E9JY26	715	78,96	PF08487;PF13768;	Chromatiales bacterium	6_3	0,9
A0A3N2DPY0	795	78,93	PF08487;PF13768;	Sinobacterium caligoides	6_3	0,9
A0A2E9KA37	678	78,9	PF08487;PF13768;	Alteromonadaceae bacterium	6_3	0,9
A0A1I4PNV2	689	78,87	PF08487;PF13768;	Variovorax sp. OV329	6_3	0,9
A0A4R1ULP0	713	78,52	PF08487;PF13768;	Novosphingobium sp. PhB165	6_3	0,9
A0A7Y4M5M8	761	78,45	PF08487;PF13768;	Bradyrhizobium archetypum	6_3	0,9
A0A811SZF8	757	78,41	PF08487;PF13768;	Shewanella hafniensis	6_3	0,9
A0A848U4T2	715	78,27	PF08487;PF13768;	Granulosicoccus sp	6_3	0,9
A0A5Q0LZY8	686	78,23	PF08487;PF13768;	Variovorax paradoxus	6_3	0,9
A0A0Q8G4F8	718	78,14	PF08487;PF13768;	Caulobacter sp. Root655	6_3	0,9
A0A1Q7K356	665	78,09	PF08487;PF13768;	Acidobacteria bacterium 13_1_40CM_4_57_6	6_3	0,9
A0A414AVY3	683	78,02	PF08487;PF13768;	Enterocloster bolteae	6_3	0,9
A0A661G6Z3	777	77,89	PF08487;PF13768;	Gammaproteobacteria bacterium	6_3	0,9
A0A840ZFS9	709	77,87	PF08487;PF13768;	Methylorubrum rhodinum	6_3	0,9
A0A2G1ZC10	718	77,85	PF08487;PF13768;	Marinobacter sp	6_3	0,9
A0A849UYW5	712	77,77	PF08487;PF13768;	Methyloglobulus sp	6_3	0,9
A0A4P6GYU6	709	77,73	PF08487;PF13768;	Methylibium sp. Pch-M	6_3	0,9
A2SC13	711	77,68	PF08487;PF13768;	Methylibium petroleiphilum (strain ATCC BAA-1232 / LMG 22953 / PM1)	6_3	0,9
A0A5B0WB98	752	77,63	PF08487;PF13768;	Rhizobium tropici	6_3	0,9
A0A831R3M9	736	77,57	PF08487;PF13768;	Marinobacter antarcticus	6_3	0,9
A0A2K9AHH2	691	77,48	PF08487;PF13768;	Kangiella profundi	6_3	0,9
A0A2K9AHH2	691	77,48	PF08487;PF13768;	Kangiella profundi	6_3	0,9
W6M636	722	77,28	PF08487;PF13768;	Candidatus Competibacter denitrificans Run_A_D11	6_3	0,9
U2ZZ77	720	77,23	PF08487;PF13768;	Caenibius tardaugens NBRC 16725	6_3	0,9
A0A534Q7C0	716	77,19	PF08487;PF13768;	Deltaproteobacteria bacterium	6_3	0,9
A0A496W1S6	701	77,19	PF08487;PF13768;	Gammaproteobacteria bacterium	6_3	0,9
G5HIN1	677	77,15	PF08487;PF13768;	[Clostridium] citroniae WAL-17108	6_3	0,9
A0A451F5T6	730	76,67	PF08487;PF13768;	Hahella sp. KA22	6_3	0,9
A0A7Y2W6H1	794	76,54	PF08487;PF13768;	Rhizobium laguerreae	6_3	0,9
A0A4D7AYN7	730	76,39	PF08487;PF13768;	Phreatobacter stygius	6_3	0,9
A0A4P9IZ21	672	76,22	PF08487;PF13768;	Pseudoalteromonas distincta	6_3	0,9
V5BIP4	708	76,2	PF08487;PF13768;	Methyloglobulus morosus KoM1	6_3	0,9
A0A519FN28	691	75,5	PF08487;PF13768;	Variovorax sp	6_3	0,9
A0A256EZK7	721	75,39	PF08487;PF13768;	Brucella rhizosphaerae	6_3	0,9
A0A2L1D1J1	795	75,26	PF08487;PF13768;	Rhizobium leguminosarum bv. viciae	6_3	0,9
A0A7Z2NQC5	675	73,82	PF08487;PF13768;	Aequoribacter fuscus	6_3	0,9
A0A2A6KBD4	794	73,69	PF08487;PF13768;	Rhizobium hidalgonense	6_3	0,9
A0A6B2IKX8	775	72,59	PF08487;PF13768;	Shewanella sp. SE1	6_3	0,9
A0A5R9RD82	663		PF08487;PF13768;	Pseudomonas nicosulfuronedens	6_3	0,9
A0A859QIF3	779		PF08487;PF13768;	Ensifer mexicanus	6_3	0,9
A0A257H2U8	696		PF08487;PF13768;	Burkholderiales bacterium PBB4	6_3	0,9
A0A160UL95	754		PF08487;PF13768;	Bradyrhizobium sp. G22	6_3	0,9
A0A3A0GFP5	840		PF08487;PF13768;	bacterium	6_3	0,9
A0A6I4MIU9	819		PF08487;PF13768;	Actinomadura physcomitrii	6_3	0,9
A0A353VBC9	680	87,11	PF08487;PF13768;	Candidatus Rokubacteria bacterium	6_3	0,89
A0A2V7EYD5	658	86,95	PF08487;PF13768;	Candidatus Rokubacteria bacterium	6_3	0,89
A0A836S2S1	691	85,88	PF08487;PF13768;	Thiotrichales bacterium	6_3	0,89
A0A2V6TT91	690	85,21	PF08487;PF13768;	Candidatus Rokubacteria bacterium	6_3	0,89
A0A7Y1XKQ9	686	84,76	PF08487;PF13768;	Woeseiaceae bacterium	6_3	0,89
A0A2V6WFQ8	688	84,47	PF08487;PF13768;	Candidatus Rokubacteria bacterium	6_3	0,89
A0A7U6GIB8	689	84,31	PF08487;PF13768;	Thiolapillus brandeum	6_3	0,89
A0A7C7I5C0	707	84,31	PF08487;PF13768;	Candidatus Marinimicrobia bacterium	6_3	0,89
A0A1E7Z9U6	707	83,92	PF08487;PF13768;	Alteromonas confluentis	6_3	0,89
A0A1F7N5P7	681	83,88	PF08487;PF13768;	Candidatus Rokubacteria bacterium RIFCSPHIGHO2_02_FULL_73_26	6_3	0,89
A0A2D9L935	712	83,61	PF08487;PF13768;	Marinobacter sp	6_3	0,89
A0A0K1U8I7	704	83,6	PF08487;PF13768;	Marinobacter sp. CP1	6_3	0,89
A0A8B5WJC7	699	83,58	PF08487;PF13768;	Wenzhouxiangella sp	6_3	0,89
A0A833JUU9	712	83,57	PF08487;PF13768;	Marinobacter nauticus (Marinobacter hydrocarbonoclasticus) (Marinobacter aquaeolei)	6_3	0,89
A0A0J6S6B7	717	83,44	PF08487;PF13768;	Methylobacterium tarhaniae	6_3	0,89
A0A1Y5DP62	675	83,35	PF08487;PF13768;	Methylophaga sp. 41_12_T18	6_3	0,89
A0A359K7Q3	703	83,29	PF08487;PF13768;	Alteromonas sp	6_3	0,89
A0A2G2NJ61	704	83,26	PF08487;PF13768;	Marinobacter sp	6_3	0,89
A0A2G2QHZ4	710	83	PF08487;PF13768;	Methylophaga sp	6_3	0,89
A0A2N3DQH4	714	82,94	PF08487;PF13768;	Alphaproteobacteria bacterium HGW-Alphaproteobacteria-13	6_3	0,89
A0A1E8FJB0	709	82,86	PF08487;PF13768;	Alteromonas lipolytica	6_3	0,89
A0A2V3UKK9	723	82,84	PF08487;PF13768;	Methylobacterium sp. B4	6_3	0,89
A0A2T6N266	697	82,8	PF08487;PF13768;	gamma proteobacterium symbiont of Ctena orbiculata	6_3	0,89
A0A366G990	705	82,72	PF08487;PF13768;	Marinobacter pelagius	6_3	0,89
A0A059FSW5	741	82,71	PF08487;PF13768;	Hyphomonas johnsonii MHS-2	6_3	0,89
A0A0Q7DZL4	709	82,55	PF08487;PF13768;	Brevundimonas sp. Root1279	6_3	0,89
A0A1P8QIK8	732	82,46	PF08487;PF13768;	Methylorubrum extorquens (Methylobacterium dichloromethanicum) (Methylobacterium extorquens)	6_3	0,89
A0A2E2MLD5	736	82,44	PF08487;PF13768;	Rhodospirillaceae bacterium	6_3	0,89
A0A497TSE5	713	82,29	PF08487;PF13768;	bacterium endosymbiont of Escarpia laminata	6_3	0,89
A0A1Q8G7P6	718	82,19	PF08487;PF13768;	Marinobacter sp. C18	6_3	0,89
A0A1F3BNW8	670	82,02	PF08487;PF13768;	Anaeromyxobacter sp. RBG_16_69_14	6_3	0,89
A0A1I3HWB9	720	81,87	PF08487;PF13768;	Methylobacterium brachiatum	6_3	0,89
A0A3M2RCS1	709	81,85	PF08487;PF13768;	Marinobacter litoralis	6_3	0,89
A0A7W6AMQ7	717	81,84	PF08487;PF13768;	Methylobacterium brachythecii	6_3	0,89
A0A7Y8F636	711	81,82	PF08487;PF13768;	Brevundimonas sp. P7753	6_3	0,89
A0A661BU59	743	81,8	PF08487;PF13768;	Gammaproteobacteria bacterium	6_3	0,89
B1ZE77	723	81,79	PF08487;PF13768;	Methylorubrum populi (strain ATCC BAA-705 / NCIMB 13946 / BJ001) (Methylobacterium populi)	6_3	0,89
A0A679J387	718	81,25	PF08487;PF13768;	Methylobacterium bullatum	6_3	0,89
A0A2V9GKU7	738	81,24	PF08487;PF13768;	Acidobacteria bacterium	6_3	0,89
A0A2E7R8F9	743	81,11	PF08487;PF13768;	Rhodospirillaceae bacterium	6_3	0,89
A0A6G8TWW9	753	81,08	PF08487;PF13768;	Bradyrhizobium sp. 1(2017)	6_3	0,89
A0A7K0BXL5	793	81,05	PF08487;PF13768;	Actinomadura macrotermitis	6_3	0,89
A0A4Q0QNW5	753	81,03	PF08487;PF13768;	Bradyrhizobium zhanjiangense	6_3	0,89
A0A7L8VIC4	754	80,91	PF08487;PF13768;	Bradyrhizobium sp. SEMIA	6_3	0,89
A0A562S3C3	754	80,87	PF08487;PF13768;	Bradyrhizobium huanghuaihaiense	6_3	0,89
A0A7D9D296	727	80,85	PF08487;PF13768;	uncultured Woeseiaceae bacterium	6_3	0,89
A0A5E8VIF0	753	80,83	PF08487;PF13768;	Bradyrhizobium sp. LVM 105	6_3	0,89
A0A2A5BG09	705	80,78	PF08487;PF13768;	Gammaproteobacteria bacterium	6_3	0,89
A0A840GUX5	753	80,78	PF08487;PF13768;	Bradyrhizobium sp. CIR18	6_3	0,89
A0A431QTL1	755	80,73	PF08487;PF13768;	Bradyrhizobiaceae bacterium	6_3	0,89
Q1YZ74	714	80,73	PF08487;PF13768;	Photobacterium profundum 3TCK	6_3	0,89
A0A1I4QGR8	753	80,73	PF08487;PF13768;	Bradyrhizobium sp. Rc3b	6_3	0,89
Q2SQR4	733	80,72	PF08487;PF13768;	Hahella chejuensis (strain KCTC 2396)	6_3	0,89
A0A1I3IRK3	754	80,65	PF08487;PF13768;	Bradyrhizobium sp. cf659	6_3	0,89
A0A7C9RVC5	777	80,57	PF08487;PF13768;	Lentzea alba	6_3	0,89
A0A3N9RQB7	725	80,47	PF08487;PF13768;	Novosphingobium sp. LASN5T	6_3	0,89
A0A385MR14	678	80,39	PF08487;PF13768;	Alteromonas sp. RKMC-009	6_3	0,89
A0A357V2U8	785	80,29	PF08487;PF13768;	Rhodospirillaceae bacterium	6_3	0,89
A0A7W9G9F3	785	80,27	PF08487;PF13768;	Nonomuraea jabiensis	6_3	0,89
U7GBP3	716	80,25	PF08487;PF13768;	Marinobacter sp. ES-1	6_3	0,89
A0A560LDU6	757	80,21	PF08487;PF13768;	Bradyrhizobium macuxiense	6_3	0,89
A0A1G6L146	757	80,12	PF08487;PF13768;	Bradyrhizobium brasilense	6_3	0,89
A0A2N2GQS7	670	80,11	PF08487;PF13768;	Deltaproteobacteria bacterium HGW-Deltaproteobacteria-21	6_3	0,89
A0A2T4IGX6	782	79,96	PF08487;PF13768;	Thauera lacus	6_3	0,89
A0A4Q4KBE9	755	79,87	PF08487;PF13768;	Bradyrhizobium elkanii	6_3	0,89
A0A523ED87	744	79,83	PF08487;PF13768;	Acidobacteria bacterium	6_3	0,89
A0A5P9EQ65	712	79,65	PF08487;PF13768;	Marinobacter sp. THAF39	6_3	0,89
A0A1Q5R8H8	757	79,49	PF08487;PF13768;	Bradyrhizobium sp. NAS96.2	6_3	0,89
H0SQQ2	755	79,46	PF08487;PF13768;	Bradyrhizobium sp. (strain ORS 375)	6_3	0,89
A0A847EAD5	668	79,42	PF08487;PF13768;	Smithella sp	6_3	0,89
A0A2M6ZA17	669	79,27	PF08487;PF13768;	Desulfobacterales bacterium CG07_land_8_20_14_0_80_52_14	6_3	0,89
A0A4P6WD70	711	79,21	PF08487;PF13768;	Marinobacter sp. JH2	6_3	0,89
A0A2Z4UKC3	757	79,15	PF08487;PF13768;	Rhodobiaceae bacterium	6_3	0,89
A0A3D4QKT4	796	79,01	PF08487;PF13768;	Rhodospirillaceae bacterium	6_3	0,89
A0A2E5MJ08	712	79,01	PF08487;PF13768;	Alteromonadaceae bacterium	6_3	0,89
A0A7C7MD86	722	78,95	PF08487;PF13768;	Gammaproteobacteria bacterium	6_3	0,89
A0A2E0R4A6	664	78,91	PF08487;PF13768;	Verrucomicrobiales bacterium	6_3	0,89
A0A1I0UHV4	669	78,83	PF08487;PF13768;	Pseudomonas otitidis	6_3	0,89
A0A196Q9W6	704	78,82	PF08487;PF13768;	Marinobacter sp. EhN04	6_3	0,89
A0A537PPI5	759	78,81	PF08487;PF13768;	Alphaproteobacteria bacterium	6_3	0,89
A0A1E4MFQ4	721	78,7	PF08487;PF13768;	Novosphingobium sp. SCN 66-18	6_3	0,89
A0A2T5J401	678	78,7	PF08487;PF13768;	Agitococcus lubricus	6_3	0,89
A0A5N7NUV3	720	78,59	PF08487;PF13768;	Brucella intermedia	6_3	0,89
A0A1G0NEY4	667	78,56	PF08487;PF13768;	Hydrogenophilales bacterium RIFOXYD1_FULL_62_11	6_3	0,89
A0A6N2XUN7	683	78,48	PF08487;PF13768;	Enterocloster bolteae	6_3	0,89
A0A2W5NLG1	720	78,45	PF08487;PF13768;	Novosphingobium pentaromativorans	6_3	0,89
A0A6P2E0H3	692	78,41	PF08487;PF13768;	Variovorax sp. PBL-E5	6_3	0,89
A0A849KG66	754	78,24	PF08487;PF13768;	[Ochrobactrum] soli	6_3	0,89
A0A1I4X9H2	675	78,13	PF08487;PF13768;	Dokdonella immobilis	6_3	0,89
A0A2E5Q5L9	813	78,08	PF08487;PF13768;	Proteobacteria bacterium	6_3	0,89
A0A4U0GM67	720	78,02	PF08487;PF13768;	Sinimarinibacterium sp. CAU 1509	6_3	0,89
A0A2V8STI4	673	78,01	PF08487;PF13768;	Acidobacteria bacterium	6_3	0,89
A0A844S4S3	754	77,98	PF08487;PF13768;	Bradyrhizobium yuanmingense	6_3	0,89
A0A6N9NYT9	707	77,93	PF08487;PF13768;	Clostridiaceae bacterium	6_3	0,89
A0A0K1QD77	744	77,82	PF08487;PF13768;	Labilithrix luteola	6_3	0,89
A0A7K0CAK7	839	77,79	PF08487;PF13768;	Streptomyces smaragdinus	6_3	0,89
A0A5S3XFH7	666	77,77	PF08487;PF13768;	Pseudoalteromonas sp. S1688	6_3	0,89
A0A3N1DA60	793	77,74	PF08487;PF13768;	Actinocorallia herbida	6_3	0,89
A0A368XX44	694	77,62	PF08487;PF13768;	Pseudorhodoferax soli	6_3	0,89
A0A817S3U9	824	77,6	PF08487;PF13768;	Rotaria socialis	6_3	0,89
A0A6C5NJG4	727	77,49	PF08487;PF13768;	Alteromonas macleodii (Pseudoalteromonas macleodii)	6_3	0,89
A0A7Y3F6J6	706	77,43	PF08487;PF13768;	Xanthomonadales bacterium	6_3	0,89
A0A1E3AHG5	682	77,39	PF08487;PF13768;	Eisenbergiella tayi	6_3	0,89
A0A7Y2D5Q5	663	77,31	PF08487;PF13768;	Pyrinomonadaceae bacterium	6_3	0,89
A0A2M7HNM6	750	77,15	PF08487;PF13768;	Shewanella sp. CG12_big_fil_rev_8_21_14_0_65_47_15	6_3	0,89
A0A363SLC2	781	77,03	PF08487;PF13768;	Rhodocyclales bacterium	6_3	0,89
A0A522DQW3	709	76,74	PF08487;PF13768;	Methylovulum sp	6_3	0,89
A0A7C4II03	858	76,57	PF08487;PF13768;	Phycisphaerae bacterium	6_3	0,89
A0A3N7BYX4	693	76,43	PF08487;PF13768;	Variovorax sp. KBW07	6_3	0,89
A0A816YUE4	700	76,16	PF08487;PF13768;	Rotaria magnacalcarata	6_3	0,89
A0A1W2AKQ6	786	76,11	PF08487;PF13768;	Rhizobium sp. RU36D	6_3	0,89
A0A818HWF3	824	76,11	PF08487;PF13768;	Rotaria socialis	6_3	0,89
A0A1I1KD97	771	75,72	PF08487;PF13768;	Microbulbifer thermotolerans	6_3	0,89
A0A2P8KCS4	690	75,71	PF08487;PF13768;	Variovorax sp. WS11	6_3	0,89
A0A246TEC5	788	75,62	PF08487;PF13768;	Rhizobium sp. R635	6_3	0,89
A0A1E3V076	751	75,49	PF08487;PF13768;	Shewanella xiamenensis	6_3	0,89
A0A248UCK3	748	75,2	PF08487;PF13768;	[Ochrobactrum] quorumnocens	6_3	0,89
A0A6T9Y1E3	805	75,06	PF08487;PF13768;	Alteromonas macleodii (Pseudoalteromonas macleodii)	6_3	0,89
A0A510INS1	782	75,01	PF08487;PF13768;	Microbulbifer sp. GL-2	6_3	0,89
A0A2U2DH81	779	74,96	PF08487;PF13768;	Rhizobium album	6_3	0,89
A0A073KPW9	755	74,43	PF08487;PF13768;	Shewanella xiamenensis	6_3	0,89
A0A2N6B036	839	74,26	PF08487;PF13768;	Hyphomicrobiales bacterium	6_3	0,89
A0A3D0PK87	922	73,92	PF08487;PF13768;	Candidatus Jacksonbacteria bacterium	6_3	0,89
A0A815HWK2	853	73,06	PF08487;PF13768;	Rotaria sordida	6_3	0,89
A0A2V6VIW8	678	86,65	PF08487;PF13768;	Candidatus Rokubacteria bacterium	6_3	0,88
H8W855	712	84,32	PF08487;PF13768;	Marinobacter nauticus (strain ATCC 49840 / DSM 8798 / CIP 103578 / SP17) (Marinobacter hydrocarbonoclasticus)	6_3	0,88
A0A2A5LSR1	702	84,31	PF08487;PF13768;	Marinobacter sp. ANT_B65	6_3	0,88
A0A844I2G1	704	84,06	PF08487;PF13768;	Marinobacter adhaerens	6_3	0,88
A0A1H8QQ55	709	83,9	PF08487;PF13768;	Methylobacterium sp. ap11	6_3	0,88
A0A0K0XVC9	680	83,63	PF08487;PF13768;	Wenzhouxiangella marina	6_3	0,88
A0A511ESB4	728	83,21	PF08487;PF13768;	Methylorubrum extorquens (Methylobacterium dichloromethanicum) (Methylobacterium extorquens)	6_3	0,88
A0A3L8BFS5	712	83,07	PF08487;PF13768;	Ketobacter sp	6_3	0,88
A0A7C7GYV7	689	83,07	PF08487;PF13768;	Candidatus Marinimicrobia bacterium	6_3	0,88
A0A1I2F7L7	704	82,9	PF08487;PF13768;	Marinobacter sp. DSM 26671	6_3	0,88
A0A3L7E362	722	82,9	PF08487;PF13768;	Seongchinamella sediminis	6_3	0,88
A0A5B0X2Q2	720	82,69	PF08487;PF13768;	Pseudohalioglobus sp. NY5	6_3	0,88
A0A0S6UMS9	722	82,59	PF08487;PF13768;	Bradyrhizobium sp. DOA9	6_3	0,88
A0A1W1I566	708	82,51	PF08487;PF13768;	Nitrospira japonica	6_3	0,88
A0A2E5SPL8	704	82,44	PF08487;PF13768;	Marinobacter sp	6_3	0,88
A0A2T9ZUW6	720	82,27	PF08487;PF13768;	gamma proteobacterium symbiont of Ctena orbiculata	6_3	0,88
A0A1W6RK34	738	82,2	PF08487;PF13768;	Methylorubrum zatmanii	6_3	0,88
N6WV87	676	82,2	PF08487;PF13768;	Marinobacter nanhaiticus D15-8W	6_3	0,88
A0A7Y0NJM8	720	82	PF08487;PF13768;	Marinobacter orientalis	6_3	0,88
A0A7G6SKB7	754	81,9	PF08487;PF13768;	Phyllobacterium sp. 628	6_3	0,88
A0A2H6BAT2	753	81,89	PF08487;PF13768;	Methylopila sp. Yamaguchi	6_3	0,88
A0A2E2QQ82	734	81,89	PF08487;PF13768;	Halomonas sp	6_3	0,88
A0A5C8U5N4	722	81,84	PF08487;PF13768;	Methylobacterium sp. WL9	6_3	0,88
A0A4Q7FBC4	753	81,51	PF08487;PF13768;	Bradyrhizobium genosp. SA-3	6_3	0,88
A0A5P9NII4	728	81,38	PF08487;PF13768;	Halioglobus maricola	6_3	0,88
A0A653SH15	707	81,33	PF08487;PF13768;	Brevundimonas sp. G8	6_3	0,88
A0A2M8D4L7	785	81,13	PF08487;PF13768;	Acidobacteria bacterium CG_4_9_14_3_um_filter_49_7	6_3	0,88
A0A2M8D4L7	785	81,13	PF08487;PF13768;	Acidobacteria bacterium CG_4_9_14_3_um_filter_49_7	6_3	0,88
A0A4V1L4R6	753	81,05	PF08487;PF13768;	Bradyrhizobium zhanjiangense	6_3	0,88
A0A5C9A993	731	81	PF08487;PF13768;	Parahaliea maris	6_3	0,88
A0A4Z0NXH5	742	80,96	PF08487;PF13768;	Methylobacterium nonmethylotrophicum	6_3	0,88
A0A7Y9RDG8	753	80,83	PF08487;PF13768;	Bradyrhizobium sp. IAR9	6_3	0,88
A0A2E0YTB5	759	80,81	PF08487;PF13768;	Halioglobus sp	6_3	0,88
A0A2S6MNZ0	753	80,71	PF08487;PF13768;	Bradyrhizobium sp. AC87j1	6_3	0,88
A0A2N5YGK9	730	80,66	PF08487;PF13768;	Halioglobus japonicus	6_3	0,88
A0A1E3CDP9	704	80,65	PF08487;PF13768;	Marinobacter adhaerens	6_3	0,88
A0A6A7KVQ8	737	80,64	PF08487;PF13768;	Alphaproteobacteria bacterium	6_3	0,88
A0A0R3KPM0	757	80,59	PF08487;PF13768;	Bradyrhizobium jicamae	6_3	0,88
A0A7C1Q8L4	662	80,59	PF08487;PF13768;	Halopseudomonas sabulinigri	6_3	0,88
A0A0R3MJV5	756	80,5	PF08487;PF13768;	Bradyrhizobium lablabi	6_3	0,88
A0A2U8Q1Z7	750	80,42	PF08487;PF13768;	Bradyrhizobium amphicarpaeae	6_3	0,88
A0A4Q0RT73	753	80,41	PF08487;PF13768;	Bradyrhizobium nanningense	6_3	0,88
H0TS61	754	80,29	PF08487;PF13768;	Bradyrhizobium sp. STM 3843	6_3	0,88
A0A841CV92	792	80,26	PF08487;PF13768;	Planomonospora venezuelensis	6_3	0,88
A0A127EUP2	756	80,24	PF08487;PF13768;	Rhodoplanes sp. Z2-YC6860	6_3	0,88
A0A554G7J7	836	80,17	PF08487;PF13768;	Corallococcus sp. Z5C101001	6_3	0,88
A0A1B9YMT4	760	80,16	PF08487;PF13768;	Bradyrhizobium sp. LMTR 3	6_3	0,88
A0A560EBX0	754	80,05	PF08487;PF13768;	Bradyrhizobium stylosanthis	6_3	0,88
A0A829YQ95	698	79,96	PF08487;PF13768;	Steroidobacter agaridevorans	6_3	0,88
A0A0R3CYZ6	754	79,95	PF08487;PF13768;	Bradyrhizobium yuanmingense	6_3	0,88
A0A508TBJ9	759	79,88	PF08487;PF13768;	Bradyrhizobium ivorense	6_3	0,88
A0A0D7Q4A5	756	79,8	PF08487;PF13768;	Bradyrhizobium sp. LTSPM299	6_3	0,88
H0STJ7	755	79,77	PF08487;PF13768;	Bradyrhizobium sp. STM 3809	6_3	0,88
A0A2N2JXB0	670	79,75	PF08487;PF13768;	Deltaproteobacteria bacterium HGW-Deltaproteobacteria-15	6_3	0,88
A0A2Z5EJ65	722	79,64	PF08487;PF13768;	Novosphingobium sp. P6W	6_3	0,88
A0A0R3L0S1	760	79,61	PF08487;PF13768;	Bradyrhizobium valentinum	6_3	0,88
A0A1H7CX37	688	79,31	PF08487;PF13768;	Variovorax sp. OK202	6_3	0,88
A0A2A3MKB3	659	79,05	PF08487;PF13768;	Pseudomonas abyssi	6_3	0,88
A0A0P6VUU0	696	79,05	PF08487;PF13768;	Prosthecomicrobium hirschii	6_3	0,88
A0A3E3IY08	675	79,03	PF08487;PF13768;	Eisenbergiella massiliensis	6_3	0,88
J2J8B1	777	78,93	PF08487;PF13768;	Rhizobium sp. CF122	6_3	0,88
A0A653R5Q9	674	78,78	PF08487;PF13768;	Pseudomonas sp. 8BK	6_3	0,88
A0A502DV89	695	78,75	PF08487;PF13768;	Variovorax guangxiensis	6_3	0,88
A0A4Z0BRE2	681	78,66	PF08487;PF13768;	Ramlibacter humi	6_3	0,88
A0A6P1ZF22	713	78,62	PF08487;PF13768;	Oceanidesulfovibrio marinus	6_3	0,88
A0A259SE66	671	78,54	PF08487;PF13768;	Halothiobacillus sp. 13-55-253	6_3	0,88
A0A2N6AWW8	761	78,51	PF08487;PF13768;	Hyphomicrobiales bacterium	6_3	0,88
A0A1H5YUZ1	828	78,48	PF08487;PF13768;	Thermomonospora echinospora	6_3	0,88
M4Z0N1	755	78,47	PF08487;PF13768;	Bradyrhizobium oligotrophicum S58	6_3	0,88
A0A3C1JBU5	806	78,46	PF08487;PF13768;	Elusimicrobia bacterium	6_3	0,88
A0A558BBG8	716	78,42	PF08487;PF13768;	Marinobacter vinifirmus	6_3	0,88
A0A1Q3JQ17	726	78,34	PF08487;PF13768;	Alphaproteobacteria bacterium 64-6	6_3	0,88
A0A1V9UQJ6	658	78,27	PF08487;PF13768;	Pseudomonas sp. T	6_3	0,88
A0A643F066	748	78,26	PF08487;PF13768;	Brucella pituitosa	6_3	0,88
A0A259RL56	671	78,24	PF08487;PF13768;	Halothiobacillus sp. 14-55-98	6_3	0,88
A0A844TB30	751	78,16	PF08487;PF13768;	Bradyrhizobium cajani	6_3	0,88
A0A669DNU5	828	78,11	PF08487;PF13768;	Oreochromis niloticus (Nile tilapia) (Tilapia nilotica)	6_3	0,88
W7WUT5	711	77,94	PF08487;PF13768;	Methylibium sp. T29-B	6_3	0,88
A0A2E2IRM5	739	77,9	PF08487;PF13768;	Erythrobacteraceae bacterium	6_3	0,88
A0A522UYY0	792	77,85	PF08487;PF13768;	Nitrospirae bacterium	6_3	0,88
A0A7U9RIC1	686	77,38	PF08487;PF13768;	Lachnospiraceae bacterium	6_3	0,88
A0A2V8VM30	791	77,31	PF08487;PF13768;	Acidobacteria bacterium	6_3	0,88
A0A7V2M7S9	698	77,17	PF08487;PF13768;	Betaproteobacteria bacterium	6_3	0,88
A0A7X1AVF5	671	77,06	PF08487;PF13768;	Puniceicoccus vermicola	6_3	0,88
A0A7Y2N3P4	666	76,57	PF08487;PF13768;	Desulfofustis sp	6_3	0,88
A0A2E6Q9I1	763	76,55	PF08487;PF13768;	Rhodospirillaceae bacterium	6_3	0,88
A0A382AVM5	715	76,49	PF08487;PF13768;	marine metagenome	6_3	0,88
A0A5R8K851	695	76,45	PF08487;PF13768;	Phragmitibacter flavus	6_3	0,88
A0A315CB50	854	76,3	PF08487;PF13768;	Limnohabitans sp. Jir72	6_3	0,88
A0A3A6IBI1	678	76,28	PF08487;PF13768;	Clostridiales bacterium TF09-2AC	6_3	0,88
A0A074MA34	745	76,07	PF08487;PF13768;	Erythrobacter longus	6_3	0,88
A0A2V8DVK3	713	75,91	PF08487;PF13768;	Acidobacteria bacterium	6_3	0,88
A0A0Q6MRH7	693	75,71	PF08487;PF13768;	Variovorax sp. Root318D1	6_3	0,88
A0A3A8UDE8	707	75,65	PF08487;PF13768;	bacterium 1XD21-70	6_3	0,88
A0A143HP41	783	75,2	PF08487;PF13768;	Microbulbifer thermotolerans	6_3	0,88
A0A6M4GY04	709	75,05	PF08487;PF13768;	Usitatibacter rugosus	6_3	0,88
Q0HUE0	755	74,43	PF08487;PF13768;	Shewanella sp. (strain MR-7)	6_3	0,88
A0A366IS62	768	74,36	PF08487;PF13768;	Shewanella putrefaciens (Pseudomonas putrefaciens)	6_3	0,88
A0A523G0A6	807	73,88	PF08487;PF13768;	Alphaproteobacteria bacterium	6_3	0,88
A0A1F4S1K3	1000	73,6	PF08487;PF13768;	candidate division WOR-1 bacterium RIFOXYB2_FULL_36_35	6_3	0,88
A0A0M6Y0Z2	780	73,26	PF08487;PF13768;	Roseibium aggregatum	6_3	0,88
A0A7Z0IYB2	794	72,86	PF08487;PF13768;	Rhizobium leguminosarum	6_3	0,88
A0A849Z1G3	789	72,68	PF08487;PF13768;	Polyangiaceae bacterium	6_3	0,88
A0A3D1A6D0	826	72,03	PF08487;PF13768;	Elusimicrobia bacterium	6_3	0,88
A0A411PD79	825	71,07	PF08487;PF13768;	Shewanella maritima	6_3	0,88
A0A2E3I974	792	70,13	PF08487;PF13768;	Rickettsiales bacterium	6_3	0,88
A0A352GJ67	751		PF08487;PF13768;	Rhodospirillaceae bacterium	6_3	0,88
W6K9Y3	732		PF08487;PF13768;	Magnetospira sp. (strain QH-2) (Marine magnetic spirillum (strain QH-2))	6_3	0,88
A0A258GS46	757		PF08487;PF13768;	Alphaproteobacteria bacterium 32-64-14	6_3	0,88
A0A7X7XHS8	662		PF08487;PF13768;	Acidobacteria bacterium	6_3	0,88
A0A1M2UUG7	712	83,63	PF08487;PF13768;	Marinobacter nauticus (Marinobacter hydrocarbonoclasticus) (Marinobacter aquaeolei)	6_3	0,87
E4PFD9	704	83,55	PF08487;PF13768;	Marinobacter adhaerens (strain DSM 23420 / HP15)	6_3	0,87
A0A4R2JMQ0	746	83,55	PF08487;PF13768;	Actinocrispum wychmicini	6_3	0,87
C5AYN5	735	82,88	PF08487;PF13768;	Methylorubrum extorquens (strain ATCC 14718 / DSM 1338 / JCM 2805 / NCIMB 9133 / AM1) (Methylobacterium extorquens)	6_3	0,87
U7NGK2	712	82,55	PF08487;PF13768;	Marinobacter sp. EVN1	6_3	0,87
A0A1Z7WW69	703	82,43	PF08487;PF13768;	Methylophaga sp. 42_25_T18	6_3	0,87
A0A837WPP8	718	82,33	PF08487;PF13768;	Marinobacter sp. Hex_13	6_3	0,87
R9N180	675	82	PF08487;PF13768;	Lachnospiraceae bacterium 10-1	6_3	0,87
A0A0Q4XRH6	717	81,87	PF08487;PF13768;	Methylobacterium sp. Leaf93	6_3	0,87
B8IP45	725	81,8	PF08487;PF13768;	Methylobacterium nodulans (strain LMG 21967 / CNCM I-2342 / ORS 2060)	6_3	0,87
A0A0Q5H359	768	81,77	PF08487;PF13768;	Massilia sp. Leaf139	6_3	0,87
A0A6A0IIA0	805	81,76	PF08487;PF13768;	Acidobacteria bacterium	6_3	0,87
A0A2D7S4K9	738	81,73	PF08487;PF13768;	Legionellales bacterium	6_3	0,87
A0A2N6BWE9	726	81,45	PF08487;PF13768;	Desulfobulbaceae bacterium	6_3	0,87
A0A2E8GEN4	656	81,39	PF08487;PF13768;	Nitrospiraceae bacterium	6_3	0,87
A0A165JGN8	654	81,36	PF08487;PF13768;	Alcanivorax sp. HI0044	6_3	0,87
A0A3A8I706	834	81,19	PF08487;PF13768;	Corallococcus exercitus	6_3	0,87
A0A4Q0R8Z2	754	81,08	PF08487;PF13768;	Bradyrhizobium vignae	6_3	0,87
A0A3N5X704	650	80,97	PF08487;PF13768;	Chloroflexi bacterium	6_3	0,87
A0A2V6PWF7	663	80,94	PF08487;PF13768;	Candidatus Rokubacteria bacterium	6_3	0,87
A0A2A5CJT8	769	80,69	PF08487;PF13768;	Moraxellaceae bacterium	6_3	0,87
A0A3G2VI43	720	80,65	PF08487;PF13768;	Methylobacterium brachiatum	6_3	0,87
B2IZC3	818	80,61	PF08487;PF13768;	Nostoc punctiforme (strain ATCC 29133 / PCC 73102)	6_3	0,87
A0A285Q837	757	80,6	PF08487;PF13768;	Marinobacter sp. LV10R510-11A	6_3	0,87
A0A525CYS0	672	80,48	PF08487;PF13768;	Desulfobulbaceae bacterium	6_3	0,87
A0A0G2ZDR8	848	80,3	PF08487;PF13768;	Archangium gephyra	6_3	0,87
A0A352JJM0	835	80,2	PF08487;PF13768;	Pseudanabaena sp	6_3	0,87
B8CPU4	710	80,16	PF08487;PF13768;	Shewanella piezotolerans (strain WP3 / JCM 13877)	6_3	0,87
A0A4R7D0H2	715	80,15	PF08487;PF13768;	Maribacter caenipelagi	6_3	0,87
S4XSB9	867	80,1	PF08487;PF13768;	Sorangium cellulosum So0157-2	6_3	0,87
I9WE49	710	80,06	PF08487;PF13768;	Novosphingobium sp. Rr 2-17	6_3	0,87
A0A844SRL2	757	80,04	PF08487;PF13768;	Bradyrhizobium pachyrhizi	6_3	0,87
A0A370DA53	713	80	PF08487;PF13768;	endosymbiont of Lamellibrachia luymesi	6_3	0,87
A0A1Z8KY82	753	79,88	PF08487;PF13768;	Micavibrio sp. TMED2	6_3	0,87
A0A1M6W3R0	757	79,72	PF08487;PF13768;	Bradyrhizobium lablabi	6_3	0,87
A0A2E0TEY3	863	79,64	PF08487;PF13768;	Sandaracinus sp	6_3	0,87
A0A6N6JFV2	671	79,2	PF08487;PF13768;	Litoreibacter roseus	6_3	0,87
A0A810L6A2	826	79,01	PF08487;PF13768;	Actinocatenispora sera	6_3	0,87
A0A1H1YF92	759	79	PF08487;PF13768;	Bradyrhizobium canariense	6_3	0,87
A6EQD3	733	79	PF08487;PF13768;	unidentified eubacterium SCB49	6_3	0,87
A0A563EMZ6	788	78,99	PF08487;PF13768;	Lentzea tibetensis	6_3	0,87
A0A352PVB2	669	78,87	PF08487;PF13768;	Syntrophobacteraceae bacterium	6_3	0,87
A0A1F7WTF0	810	78,76	PF08487;PF13768;	Candidatus Wallbacteria bacterium GWC2_49_35	6_3	0,87
A0A0Q4Y0R7	692	78,59	PF08487;PF13768;	Pseudorhodoferax sp. Leaf267	6_3	0,87
A0A0G1HM86	906	78,56	PF08487;PF13768;	Parcubacteria group bacterium GW2011_GWF2_44_17	6_3	0,87
A0A7W7P023	663	78,4	PF08487;PF13768;	Pseudomonas nitritireducens	6_3	0,87
A0A2P5KX38	790	78,27	PF08487;PF13768;	Hyphomicrobium sp	6_3	0,87
A0A6N7ERD6	659	78,25	PF08487;PF13768;	Ostreibacterium oceani	6_3	0,87
Y0KKR0	686	78,17	PF08487;PF13768;	Methylophilaceae bacterium 11	6_3	0,87
A0A4Q6XWV2	702	78,01	PF08487;PF13768;	Sphingomonas populi	6_3	0,87
A0A3M1WE09	997	77,69	PF08487;PF13768;	Acidobacteria bacterium	6_3	0,87
A0A2K8ZR98	771	77,6	PF08487;PF13768;	Shewanella sp. Pdp11	6_3	0,87
A0A1W9MH61	666	77,54	PF08487;PF13768;	Desulfobulbaceae bacterium A2	6_3	0,87
A0A258S5G6	667	77,28	PF08487;PF13768;	Gammaproteobacteria bacterium 28-57-27	6_3	0,87
A0A816AAF7	820	76,81	PF08487;PF13768;	Rotaria magnacalcarata	6_3	0,87
A0A256FNR0	721	76,73	PF08487;PF13768;	Brucella grignonensis	6_3	0,87
A0A5S3RPF7	670	76,7	PF08487;PF13768;	Pseudoalteromonas sp. S1727	6_3	0,87
A0A168DR11	730	76,29	PF08487;PF13768;	Pseudovibrio sp. W74	6_3	0,87
A0A1M5CUY0	785	76,18	PF08487;PF13768;	Microbulbifer donghaiensis	6_3	0,87
A0A2G6D1Q0	740	76,11	PF08487;PF13768;	Proteobacteria bacterium	6_3	0,87
A0A2V9G4D0	738	76,03	PF08487;PF13768;	Acidobacteria bacterium	6_3	0,87
A0A2S1JNK0	781	76,02	PF08487;PF13768;	Microbulbifer sp. A4B17	6_3	0,87
A0A1C7NXD3	766	75,67	PF08487;PF13768;	Pararhizobium polonicum	6_3	0,87
A0A0Q7GW59	690	75,65	PF08487;PF13768;	Variovorax sp. Root434	6_3	0,87
A0A448EMM2	771	75,49	PF08487;PF13768;	Shewanella baltica	6_3	0,87
A0A821UQ60	816	75,14	PF08487;PF13768;	Rotaria sp. Silwood1	6_3	0,87
A0A2K4ZJ33	684	75,05	PF08487;PF13768;	Acetatifactor muris	6_3	0,87
A0A0M7AV02	755	74,91	PF08487;PF13768;	Roseibium album	6_3	0,87
A0A3L7T432	741	74,84	PF08487;PF13768;	Planctomycetes bacterium	6_3	0,87
E2CGI9	746	74,81	PF08487;PF13768;	Roseibium sp. TrichSKD4	6_3	0,87
A0A395L983	786	74,6	PF08487;PF13768;	Ensifer sp. M14	6_3	0,87
A0A640QMI7	812	74,55	PF08487;PF13768;	Alteromonas sp. KUL150	6_3	0,87
A0A0X3U5V6	771	74,25	PF08487;PF13768;	Microbulbifer sp. ZGT114	6_3	0,87
A0A1S2TWE3	775	72,58	PF08487;PF13768;	Shewanella algae	6_3	0,87
A0A7K1ZRC7	836	71,37	PF08487;PF13768;	Rhodothermaceae bacterium	6_3	0,87
A0A2I0DRE3	771	70,37	PF08487;PF13768;	Shewanella sp. GutDb-MelDb	6_3	0,87
A0A4R4N3E1	671	84,35	PF08487;PF13768;	Actinomadura bangladeshensis	6_3	0,86
A0A495IP64	712	84,02	PF08487;PF13768;	Marinobacter nauticus (Marinobacter hydrocarbonoclasticus) (Marinobacter aquaeolei)	6_3	0,86
A0A1M6S1H7	715	83,73	PF08487;PF13768;	Maribacter aquivivus	6_3	0,86
K4KPG8	714	83,12	PF08487;PF13768;	Simiduia agarivorans (strain DSM 21679 / JCM 13881 / BCRC 17597 / SA1)	6_3	0,86
A0A841A8U4	734	83,06	PF08487;PF13768;	Methylorubrum rhodesianum	6_3	0,86
A0A160PCB2	730	83	PF08487;PF13768;	Methylorubrum populi	6_3	0,86
A0A7V9L7M9	691	82,54	PF08487;PF13768;	Deltaproteobacteria bacterium	6_3	0,86
A0A6B9FMH5	729	82,05	PF08487;PF13768;	Methylobacterium mesophilicum SR1.6/6	6_3	0,86
A0A679KG02	719	81,8	PF08487;PF13768;	Methylobacterium bullatum	6_3	0,86
A0A6J4BY73	708	81,67	PF08487;PF13768;	Sphingomonas sp. HMP9	6_3	0,86
A0A1E4IP58	777	81,56	PF08487;PF13768;	Variovorax sp. SCN 67-85	6_3	0,86
I2QJI6	753	81,52	PF08487;PF13768;	Bradyrhizobium sp. WSM1253	6_3	0,86
A0A3A8GYR3	839	81,49	PF08487;PF13768;	Corallococcus sp. CA054B	6_3	0,86
A0A0Q4UGN1	718	81,48	PF08487;PF13768;	Methylobacterium sp. Leaf85	6_3	0,86
A0A2N5WWQ6	737	81,47	PF08487;PF13768;	Pseudohalioglobus lutimaris	6_3	0,86
A0A4P2PX90	879	81,46	PF08487;PF13768;	Sorangium cellulosum (Polyangium cellulosum)	6_3	0,86
A0A1I6SWW6	729	81,37	PF08487;PF13768;	Methylobacterium sp. yr668	6_3	0,86
A0A3N7HUH9	664	81,32	PF08487;PF13768;	Albitalea terrae	6_3	0,86
A0A1Y2JG22	754	81,07	PF08487;PF13768;	Bradyrhizobium japonicum	6_3	0,86
A5E9T8	755	80,94	PF08487;PF13768;	Bradyrhizobium sp. (strain BTAi1 / ATCC BAA-1182)	6_3	0,86
A0A2T2Q6R0	753	80,79	PF08487;PF13768;	Bradyrhizobium sp. MOS003	6_3	0,86
A0A1R1Q7P2	755	80,76	PF08487;PF13768;	Bradyrhizobium sp. UFLA 03-321	6_3	0,86
A0A1I4S345	705	80,72	PF08487;PF13768;	Marinobacter pelagius	6_3	0,86
A0A1M5CM98	673	80,52	PF08487;PF13768;	Litoreibacter ascidiaceicola	6_3	0,86
A0A6P0VTY8	828	80,51	PF08487;PF13768;	Symploca sp. SIO1A3	6_3	0,86
A0A2W4NXG8	786	80,35	PF08487;PF13768;	Actinomycetia bacterium	6_3	0,86
A0A4Q8QJP5	755	80,29	PF08487;PF13768;	Bradyrhizobium sp. Leo170	6_3	0,86
A0A315CSR8	784	80,19	PF08487;PF13768;	Limnohabitans sp. Jir72	6_3	0,86
A0A7Y4J177	838	80,18	PF08487;PF13768;	Corallococcus coralloides (Myxococcus coralloides)	6_3	0,86
A0A6P7JDK9	691	80,17	PF08487;PF13768;	Parambassis ranga (Indian glassy fish)	6_3	0,86
A0A1I3PU96	773	80,08	PF08487;PF13768;	Streptosporangium canum	6_3	0,86
A0A6P1BJ86	757	80,03	PF08487;PF13768;	Bradyrhizobium uaiense	6_3	0,86
A0A7S7W7Z2	753	79,86	PF08487;PF13768;	Bradyrhizobium sp. CCBAU 53351	6_3	0,86
A0A4R5E7R3	790	79,85	PF08487;PF13768;	Nonomuraea mesophila	6_3	0,86
A0A2V7Z2T8	665	79,72	PF08487;PF13768;	Acidobacteria bacterium	6_3	0,86
A0A4R7LHZ8	673	79,67	PF08487;PF13768;	Litoreibacter halocynthiae	6_3	0,86
A0A4D7DU84	721	79,54	PF08487;PF13768;	Novosphingobium sp. EMRT-2	6_3	0,86
A0A0J7XHE2	718	79,53	PF08487;PF13768;	Novosphingobium barchaimii LL02	6_3	0,86
A0A815NG69	694	78,96	PF08487;PF13768;	Rotaria sp. Silwood1	6_3	0,86
A0A5R9ACZ4	658	78,5	PF08487;PF13768;	Pseudomonas nitroreducens	6_3	0,86
A0A5C6A6T3	765	78,49	PF08487;PF13768;	Rhodopirellula pilleata	6_3	0,86
A0A661GFW3	777	78,41	PF08487;PF13768;	Gammaproteobacteria bacterium	6_3	0,86
A0A7Y4TNA3	664	78,33	PF08487;PF13768;	Acidobacteria bacterium	6_3	0,86
B5JSY7	670	78,29	PF08487;PF13768;	gamma proteobacterium HTCC5015	6_3	0,86
A0A7S7TQX2	757	78,27	PF08487;PF13768;	Bradyrhizobium sp. CCBAU 53421	6_3	0,86
A0A821I1U7	696	78,15	PF08487;PF13768;	Rotaria sp. Silwood1	6_3	0,86
A0A128EZS8	707	78,1	PF08487;PF13768;	Grimontia marina	6_3	0,86
A0A3C1KKT1	774	78,08	PF08487;PF13768;	Haliea salexigens	6_3	0,86
A0A368NM10	795	77,92	PF08487;PF13768;	Corallincola holothuriorum	6_3	0,86
A0A2M8BN32	883	77,75	PF08487;PF13768;	Deltaproteobacteria bacterium CG_4_9_14_3_um_filter_63_12	6_3	0,86
A0A5M8FID1	804	77,75	PF08487;PF13768;	Thiohalocapsa marina	6_3	0,86
A0A496V6S0	703	77,64	PF08487;PF13768;	Gammaproteobacteria bacterium	6_3	0,86
A0A7U9XP52	686	77,53	PF08487;PF13768;	Lachnospiraceae bacterium	6_3	0,86
A0A6P1WKI5	795	77,52	PF08487;PF13768;	Rhizobium leguminosarum bv. viciae 248	6_3	0,86
A0A0J9E033	677	77,29	PF08487;PF13768;	[Clostridium] citroniae WAL-19142	6_3	0,86
A0A2W5G3G7	755	77,27	PF08487;PF13768;	Shewanella oneidensis	6_3	0,86
A0A7W8AG83	748	77,26	PF08487;PF13768;	Pseudochrobactrum saccharolyticum	6_3	0,86
A0A6B0RFI1	823	77,24	PF08487;PF13768;	Bos mutus (wild yak)	6_3	0,86
A0A7Y2C0R7	733	77,24	PF08487;PF13768;	Saprospiraceae bacterium	6_3	0,86
A0A1E4Y3N9	752	77,12	PF08487;PF13768;	Rhizobium sp. YK2	6_3	0,86
A0A5S3U140	666	76,85	PF08487;PF13768;	Pseudoalteromonas sp. S4488	6_3	0,86
A0A7W8Z867	823	76,69	PF08487;PF13768;	Sphaerisporangium krabiense	6_3	0,86
A0A817NSQ1	824	76,36	PF08487;PF13768;	Rotaria socialis	6_3	0,86
C6ASY5	791	76,33	PF08487;PF13768;	Rhizobium leguminosarum bv. trifolii (strain WSM1325)	6_3	0,86
A0A6N9REU8	840	76,02	PF08487;PF13768;	Polaromonas sp	6_3	0,86
A0A7W5DCD1	688	75,97	PF08487;PF13768;	Variovorax sp. Sphag1AA	6_3	0,86
A0A1G6TEM3	690	75,86	PF08487;PF13768;	Variovorax sp. CF079	6_3	0,86
A0A1I6LDL6	677	75,78	PF08487;PF13768;	Enterocloster citroniae	6_3	0,86
A0A5Q3LFE4	798	75,69	PF08487;PF13768;	Planctomycetales bacterium 10988	6_3	0,86
A0A3D1MHB5	922	75,12	PF08487;PF13768;	Candidatus Jacksonbacteria bacterium	6_3	0,86
A0A3D1QX60	961	74,94	PF08487;PF13768;	Myxococcales bacterium	6_3	0,86
A0A258NV47	693	74,67	PF08487;PF13768;	Polaromonas sp. 35-63-35	6_3	0,86
A0A7Z1HLD5	666	74,44	PF08487;PF13768;	Pseudoalteromonas sp. 3D05	6_3	0,86
A0A220ULV1	755	74,32	PF08487;PF13768;	Shewanella bicestrii	6_3	0,86
A0A6P9C3T8	861	74,24	PF08487;PF13768;	Pantherophis guttatus (Corn snake) (Elaphe guttata)	6_3	0,86
A0A081BCU9	769	74,11	PF08487;PF13768;	Tepidicaulis marinus	6_3	0,86
A0A1D8TQ14	937	73,35	PF08487;PF13768;	Moorena producens PAL-8-15-08-1	6_3	0,86
A0A2E7I351	757	72,63	PF08487;PF13768;	Alphaproteobacteria bacterium	6_3	0,86
A0A356KKH4	864	72,17	PF08487;PF13768;	Planctomycetes bacterium	6_3	0,86
A0A1J5E7K0	986	71,87	PF08487;PF13768;	Deltaproteobacteria bacterium CG2_30_63_29	6_3	0,86
A0A380C0C6	775	71,87	PF08487;PF13768;	Shewanella algae	6_3	0,86
A0A1Y6CM93	810	70,83	PF08487;PF13768;	Tistlia consotensis USBA 355	6_3	0,86
A0A366DZT9	748		PF08487;PF13768;	Pseudochrobactrum asaccharolyticum	6_3	0,86
A0A1I7IHQ1	700		PF08487;PF13768;	Polaromonas sp. YR568	6_3	0,86
A0A1B2EE02	711		PF08487;PF13768;	Microvirga ossetica	6_3	0,86
R1IT29	707		PF08487;PF13768;	Grimontia indica	6_3	0,86
A0A0P7IWJ3	703		PF08487;PF13768;	Aliiroseovarius crassostreae	6_3	0,86
A0A2V9A703	706		PF08487;PF13768;	Acidobacteria bacterium	6_3	0,86
A0A150SB52	643	88,12	PF08487;PF13768;	Sorangium cellulosum (Polyangium cellulosum)	6_3	0,85
A0A6N0HXT8	687	85,13	PF08487;PF13768;	Candidatus Reidiella endopervernicosa	6_3	0,85
A0A235IAK9	771	84,7	PF08487;PF13768;	Nostoc sp. 'Peltigera membranacea cyanobiont' 213	6_3	0,85
A0A498PSK9	741	84,62	PF08487;PF13768;	Mycobacterium attenuatum	6_3	0,85
M7D2R5	703	84,3	PF08487;PF13768;	Marinobacter santoriniensis NKSG1	6_3	0,85
A0A7W1L3S3	690	84,23	PF08487;PF13768;	Betaproteobacteria bacterium	6_3	0,85
A0A7C1V9W0	704	83,5	PF08487;PF13768;	Methylophaga sp	6_3	0,85
A0A7X7VC45	792	83,49	PF08487;PF13768;	Acidobacteria bacterium	6_3	0,85
X7YA81	741	83,44	PF08487;PF13768;	Mycobacterium kansasii 824	6_3	0,85
A0A368VB52	712	83,34	PF08487;PF13768;	Marinobacter nauticus (Marinobacter hydrocarbonoclasticus) (Marinobacter aquaeolei)	6_3	0,85
A0A838SHH2	677	83	PF08487;PF13768;	Nitrospirales bacterium	6_3	0,85
A0A1I1XXK2	705	82,98	PF08487;PF13768;	Methylobacterium sp. yr596	6_3	0,85
A0A330L2R0	697	82,31	PF08487;PF13768;	Nitrospira lenta	6_3	0,85
A0A1G1F6S8	666	82,1	PF08487;PF13768;	Nitrospirae bacterium GWC2_42_7	6_3	0,85
B1LW55	729	81,91	PF08487;PF13768;	Methylobacterium radiotolerans (strain ATCC 27329 / DSM 1819 / JCM 2831 / NBRC 15690 / NCIMB 10815 / 0-1)	6_3	0,85
A0A3L8AUQ2	712	81,72	PF08487;PF13768;	Ketobacter sp. GenoA1	6_3	0,85
A0A6G6WY95	713	81,71	PF08487;PF13768;	Nordella sp. HKS 07	6_3	0,85
A0A803J966	848	81,46	PF08487;PF13768;	Xenopus tropicalis (Western clawed frog) (Silurana tropicalis)	6_3	0,85
A0A1Q7HYL4	648	81,37	PF08487;PF13768;	Acidobacteria bacterium 13_1_40CM_4_69_4	6_3	0,85
A0A7C9MXJ1	777	81,36	PF08487;PF13768;	Malikia spinosa	6_3	0,85
A0A3A8TF50	839	81,28	PF08487;PF13768;	Corallococcus sp. AB038B	6_3	0,85
B0CG18	708	81,27	PF08487;PF13768;	Acaryochloris marina (strain MBIC 11017)	6_3	0,85
A0A0Q4ZM82	720	81,19	PF08487;PF13768;	Methylobacterium sp. Leaf104	6_3	0,85
A0A2W6E0R5	770	81,04	PF08487;PF13768;	Pseudonocardiales bacterium	6_3	0,85
A0A1J4SSQ9	819	80,97	PF08487;PF13768;	Elusimicrobia bacterium CG1_02_56_21	6_3	0,85
A0A2V7VZ15	664	80,94	PF08487;PF13768;	Acidobacteria bacterium	6_3	0,85
A0A059G9L7	742	80,93	PF08487;PF13768;	Hyphomonas oceanitis SCH89	6_3	0,85
A0A2V8TP27	677	80,88	PF08487;PF13768;	Acidobacteria bacterium	6_3	0,85
A0A7V2MHR4	781	80,86	PF08487;PF13768;	Bryobacteraceae bacterium	6_3	0,85
A0A1I7LSQ1	730	80,84	PF08487;PF13768;	Methylobacterium sp. UNCCL125	6_3	0,85
A0A1I7FHM7	754	80,82	PF08487;PF13768;	Bradyrhizobium arachidis	6_3	0,85
B7KTL1	738	80,72	PF08487;PF13768;	Methylorubrum extorquens (strain CM4 / NCIMB 13688) (Methylobacterium extorquens)	6_3	0,85
A0A2V2SGN8	766	80,68	PF08487;PF13768;	Verrucomicrobia bacterium	6_3	0,85
A0A2V9FNP8	694	80,57	PF08487;PF13768;	Acidobacteria bacterium	6_3	0,85
A0A4Z1BW19	687	80,42	PF08487;PF13768;	Marinobacter confluentis	6_3	0,85
A0A1C3XJG7	753	80,06	PF08487;PF13768;	Bradyrhizobium shewense	6_3	0,85
A0A661H8H8	744	80,03	PF08487;PF13768;	Gammaproteobacteria bacterium	6_3	0,85
A0A062UNS2	742	79,94	PF08487;PF13768;	Hyphomonas chukchiensis	6_3	0,85
A0A3C0N7Z0	846	79,85	PF08487;PF13768;	Cyanobacteria bacterium UBA8543	6_3	0,85
A0A5D0PXF6	823	79,85	PF08487;PF13768;	Nonomuraea sp. PA05	6_3	0,85
A0A0F2QZZ6	661	79,78	PF08487;PF13768;	Desulfatitalea sp. BRH_c12	6_3	0,85
A0A2N2GH10	776	79,51	PF08487;PF13768;	Deltaproteobacteria bacterium HGW-Deltaproteobacteria-6	6_3	0,85
A0A1H9A9I2	791	79,36	PF08487;PF13768;	Lentzea flaviverrucosa	6_3	0,85
A0A518AX00	746	79,28	PF08487;PF13768;	Planctomycetes bacterium Pan216	6_3	0,85
A0A838SGV7	769	79,01	PF08487;PF13768;	Nitrospirales bacterium	6_3	0,85
A0A2V5NDK5	668	78,81	PF08487;PF13768;	Verrucomicrobia bacterium	6_3	0,85
A0A3P1XLY1	676	78,49	PF08487;PF13768;	Comamonadaceae bacterium OH2545_COT-014	6_3	0,85
A0A6P2DUY1	690	78,43	PF08487;PF13768;	Variovorax sp. RA8	6_3	0,85
A0A0H4X2C9	872	78,4	PF08487;PF13768;	Myxococcus hansupus	6_3	0,85
A0A4R3TB32	738	78	PF08487;PF13768;	Novosphingobium sp. PhB57	6_3	0,85
A0A6M8F1S9	670	77,7	PF08487;PF13768;	Pseudomonas campi	6_3	0,85
A0A1W6K590	718	77,69	PF08487;PF13768;	Marinobacter salarius	6_3	0,85
A0A640NYA4	787	77,64	PF08487;PF13768;	Alteromonas sp. KUL106	6_3	0,85
A0A2E2A3L2	717	77,28	PF08487;PF13768;	Candidatus Marinimicrobia bacterium	6_3	0,85
A0A2S5ZBY9	745	76,78	PF08487;PF13768;	Marinobacter maroccanus	6_3	0,85
B8E7I3	772	76,59	PF08487;PF13768;	Shewanella baltica (strain OS223)	6_3	0,85
A0A819Y4L3	832	76,42	PF08487;PF13768;	Rotaria magnacalcarata	6_3	0,85
A0A1Q6CN60	696	76,07	PF08487;PF13768;	Thalassotalea sp. PP2-459	6_3	0,85
A0A1Y0EIE3	712	76	PF08487;PF13768;	Comamonas serinivorans	6_3	0,85
A0A178IFZ5	732	75,58	PF08487;PF13768;	Opitutaceae bacterium TSB47	6_3	0,85
A0A815G813	842	75,47	PF08487;PF13768;	Adineta ricciae (Rotifer)	6_3	0,85
H8YWK3	787	75,31	PF08487;PF13768;	Thiorhodovibrio sp. 970	6_3	0,85
A0A1C3V112	752	75,2	PF08487;PF13768;	Rhizobium lusitanum	6_3	0,85
A0A235AYT5	794	74,85	PF08487;PF13768;	Rhizobium sp. N4311	6_3	0,85
A0A2T3J9C5	739	74,67	PF08487;PF13768;	Photobacterium frigidiphilum	6_3	0,85
A0A538PG64	754	74,05	PF08487;PF13768;	Deltaproteobacteria bacterium	6_3	0,85
A0A813SPK0	852	73,62	PF08487;PF13768;	Adineta steineri	6_3	0,85
A0A816VJA6	896	73,27	PF08487;PF13768;	Rotaria magnacalcarata	6_3	0,85
I6ASY1	732	72,73	PF08487;PF13768;	Opitutaceae bacterium TAV1	6_3	0,85
A0A819P233	847	72,46	PF08487;PF13768;	Rotaria sp. Silwood1	6_3	0,85
A0A3D8M2I2	694	72,1	PF08487;PF13768;	Alteromonas aestuariivivens	6_3	0,85
A0A817JLC8	733	71,64	PF08487;PF13768;	Rotaria sp. Silwood2	6_3	0,85
K6Y7S1	777	71,29	PF08487;PF13768;	Paraglaciecola agarilytica NO2	6_3	0,85
A0A813ZMX1	903	71,28	PF08487;PF13768;	Rotaria sordida	6_3	0,85
A0A2M8BAP4	1025	70,01	PF08487;PF13768;	Deltaproteobacteria bacterium CG_4_9_14_3_um_filter_63_12	6_3	0,85
A0A2V7B931	678	87,1	PF08487;PF13768;	Candidatus Rokubacteria bacterium	6_3	0,84
A0A321LS07	696	84,99	PF08487;PF13768;	Acidobacteriia bacterium AA117	6_3	0,84
A0A532UU56	807	84,03	PF08487;PF13768;	candidate division TA06 bacterium B3_TA06	6_3	0,84
A0A7X7UBI5	799	84	PF08487;PF13768;	Myxococcales bacterium	6_3	0,84
A1U6Y4	712	83,66	PF08487;PF13768;	Marinobacter nauticus (strain ATCC 700491 / DSM 11845 / VT8) (Marinobacter aquaeolei)	6_3	0,84
A0A668U6X3	723	83,3	PF08487;PF13768;	Oreochromis aureus (Israeli tilapia) (Chromis aureus)	6_3	0,84
A0A496UFH2	807	82,74	PF08487;PF13768;	Candidatus Fermentibacteria bacterium	6_3	0,84
A0A3N2QX93	678	82,54	PF08487;PF13768;	Marinobacter sp. R17	6_3	0,84
A0A2N9AV54	733	82,43	PF08487;PF13768;	Methylorubrum extorquens (Methylobacterium dichloromethanicum) (Methylobacterium extorquens)	6_3	0,84
A0A6I0DKM3	720	82,12	PF08487;PF13768;	Brucella anthropi (Ochrobactrum anthropi)	6_3	0,84
A0A381XMW1	704	81,97	PF08487;PF13768;	marine metagenome	6_3	0,84
A0A3N1H3U1	798	81,83	PF08487;PF13768;	Saccharothrix texasensis	6_3	0,84
A9W2J5	732	81,69	PF08487;PF13768;	Methylorubrum extorquens (strain PA1) (Methylobacterium extorquens)	6_3	0,84
A0A7V1Y5X6	813	81,55	PF08487;PF13768;	Nitrospirae bacterium	6_3	0,84
A0A1D8AET2	715	81,47	PF08487;PF13768;	Novosphingobium resinovorum	6_3	0,84
A0A7D7VLQ8	706	81,36	PF08487;PF13768;	Gammaproteobacteria bacterium	6_3	0,84
A0A0F6A3C6	707	81,27	PF08487;PF13768;	Grimontia sp. AD028	6_3	0,84
A0A7X9AH48	817	81,23	PF08487;PF13768;	Burkholderiales bacterium	6_3	0,84
A0A5C8S1D6	725	81,17	PF08487;PF13768;	Methylobacterium sp. WL120	6_3	0,84
A0A7S9D5S9	752	81,13	PF08487;PF13768;	Bradyrhizobium genosp. B	6_3	0,84
A0A2N9NU66	766	81,03	PF08487;PF13768;	Verrucomicrobia bacterium	6_3	0,84
A0A2P5LLB5	666	80,91	PF08487;PF13768;	Methylobacter sp	6_3	0,84
A0A5Q4G911	753	80,84	PF08487;PF13768;	Wenzhouxiangellaceae bacterium	6_3	0,84
A0A315CHH3	783	80,77	PF08487;PF13768;	Limnohabitans sp. Hippo4	6_3	0,84
A0A7N4PMY3	816	80,66	PF08487;PF13768;	Sarcophilus harrisii (Tasmanian devil) (Sarcophilus laniarius)	6_3	0,84
A0A2W6Z4B6	841	80,59	PF08487;PF13768;	Pseudanabaena sp	6_3	0,84
A0A2W6Z4B6	841	80,59	PF08487;PF13768;	Pseudanabaena sp	6_3	0,84
A0A525W8Z9	706	80,5	PF08487;PF13768;	Nitrospira sp. CG24D	6_3	0,84
A0A2T2QUI8	753	80,48	PF08487;PF13768;	Bradyrhizobium sp. MOS002	6_3	0,84
A0A7Y6SRF5	757	80,45	PF08487;PF13768;	Bradyrhizobium sp. 41S5	6_3	0,84
A0A395R751	659	80,44	PF08487;PF13768;	Halopseudomonas gallaeciensis	6_3	0,84
A0A4U6RTR7	757	80,37	PF08487;PF13768;	Bradyrhizobium elkanii	6_3	0,84
A0A7V6PCU5	720	80,17	PF08487;PF13768;	Brucella intermedia	6_3	0,84
A0A2D4XUX0	658	80,08	PF08487;PF13768;	Pseudomonadales bacterium	6_3	0,84
A0A6P6MEK7	808	79,84	PF08487;PF13768;	Carassius auratus (Goldfish)	6_3	0,84
A0A669D850	829	79,66	PF08487;PF13768;	Oreochromis niloticus (Nile tilapia) (Tilapia nilotica)	6_3	0,84
A0A381VYY8	771	79,53	PF08487;PF13768;	marine metagenome	6_3	0,84
A0A1D8A9J4	715	79,49	PF08487;PF13768;	Novosphingobium resinovorum	6_3	0,84
A0A1J5CZW5	883	79,32	PF08487;PF13768;	Deltaproteobacteria bacterium CG2_30_63_29	6_3	0,84
A0A2N2LVB3	669	79,19	PF08487;PF13768;	Deltaproteobacteria bacterium HGW-Deltaproteobacteria-1	6_3	0,84
A0A1G1F8G9	771	79,15	PF08487;PF13768;	Nitrospirae bacterium GWC2_57_13	6_3	0,84
A0A2V9JTW3	764	78,73	PF08487;PF13768;	Acidobacteria bacterium	6_3	0,84
A0A1G2A783	906	78,52	PF08487;PF13768;	Candidatus Jacksonbacteria bacterium RIFCSPLOWO2_02_FULL_44_20	6_3	0,84
L7C6V4	764	78,52	PF08487;PF13768;	Rhodopirellula baltica SWK14	6_3	0,84
A0A239A8L3	844	78,49	PF08487;PF13768;	Actinoplanes regularis	6_3	0,84
A0A815PMK2	694	78,45	PF08487;PF13768;	Rotaria sp. Silwood1	6_3	0,84
K5CD59	764	78,19	PF08487;PF13768;	Rhodopirellula baltica SH28	6_3	0,84
A0A803JTL1	815	78,06	PF08487;PF13768;	Xenopus tropicalis (Western clawed frog) (Silurana tropicalis)	6_3	0,84
A0A2K8YPC6	757	77,82	PF08487;PF13768;	Bradyrhizobium sp. SK17	6_3	0,84
A0A3A4S796	668	77,61	PF08487;PF13768;	Desulfobacteraceae bacterium	6_3	0,84
A0A2T0K2X4	860	77,33	PF08487;PF13768;	Actinoplanes italicus	6_3	0,84
M5RF74	783	77,08	PF08487;PF13768;	Rhodopirellula maiorica SM1	6_3	0,84
A0A6P7R7D0	834	77,01	PF08487;PF13768;	Mus caroli (Ryukyu mouse) (Ricefield mouse)	6_3	0,84
A6G2V8	877	76,41	PF08487;PF13768;	Plesiocystis pacifica SIR-1	6_3	0,84
A0A2T3LA07	720	76,13	PF08487;PF13768;	Photobacterium indicum	6_3	0,84
A0A5C1PWU8	770	76,11	PF08487;PF13768;	Sphaerotilus natans subsp. sulfidivorans	6_3	0,84
A0A813SF77	837	75,97	PF08487;PF13768;	Adineta ricciae (Rotifer)	6_3	0,84
A0A815KLA2	846	75,84	PF08487;PF13768;	Rotaria sp. Silwood1	6_3	0,84
A0A816PJS8	827	75,71	PF08487;PF13768;	Rotaria magnacalcarata	6_3	0,84
A0A3L7HS23	838	75,38	PF08487;PF13768;	Cricetulus griseus (Chinese hamster) (Cricetulus barabensis griseus)	6_3	0,84
A0A821MRR4	842	75,15	PF08487;PF13768;	Rotaria sp. Silwood1	6_3	0,84
A0A7X3S7A6	746	74,5	PF08487;PF13768;	Stappia sp. GBMRC 2046	6_3	0,84
A0A1C3VLT6	794	74,25	PF08487;PF13768;	Rhizobium hainanense	6_3	0,84
A0A2E6VQE9	817	74,08	PF08487;PF13768;	Myxococcales bacterium	6_3	0,84
A0A553PIH2	859	73,47	PF08487;PF13768;	Tigriopus californicus (Marine copepod)	6_3	0,84
A0A379ZK70	772	73,43	PF08487;PF13768;	Shewanella baltica	6_3	0,84
A0A4R0BL11	795	73,4	PF08487;PF13768;	Rhizobium leguminosarum bv. viciae	6_3	0,84
A0A379ZPJ9	766	72,2	PF08487;PF13768;	Shewanella morhuae	6_3	0,84
A0A6P0L5A6	967	71,85	PF08487;PF13768;	Moorena sp. SIO3H5	6_3	0,84
A0A6P0J3J5	975	71,34	PF08487;PF13768;	Moorena sp. SIO4A5	6_3	0,84
A0A818E6F7	850	70,96	PF08487;PF13768;	Rotaria sp. Silwood1	6_3	0,84
A0A7Y6ILI6	812		PF08487;PF13768;	Nonomuraea rhodomycinica	6_3	0,84
A0A7K0Y203	742		PF08487;PF13768;	Actinomycetia bacterium	6_3	0,84
A0A1X2EEN4	724	84,77	PF08487;PF13768;	Mycobacterium szulgai	6_3	0,83
A0A1A8RDH6	776	84,57	PF08487;PF13768;	Nothobranchius rachovii (bluefin notho)	6_3	0,83
A0A7X8GRG4	810	84,52	PF08487;PF13768;	bacterium	6_3	0,83
A0A2P6M5M9	724	84,39	PF08487;PF13768;	Arenimonas caeni	6_3	0,83
A0A3B8WGS4	712	84,03	PF08487;PF13768;	Marinobacter nauticus (Marinobacter hydrocarbonoclasticus) (Marinobacter aquaeolei)	6_3	0,83
A0A1B2YSL1	682	83,14	PF08487;PF13768;	uncultured bacterium	6_3	0,83
A0A2G2M5Y2	704	82,84	PF08487;PF13768;	Methylophaga sp	6_3	0,83
A0A496U6U0	765	82,7	PF08487;PF13768;	Candidatus Fermentibacteria bacterium	6_3	0,83
A0A661GMN7	639	82,57	PF08487;PF13768;	Gammaproteobacteria bacterium	6_3	0,83
A0A4V6QDC5	717	82,53	PF08487;PF13768;	Algibacter lectus	6_3	0,83
A0A1U7IU10	816	82,42	PF08487;PF13768;	Phormidium ambiguum IAM M-71	6_3	0,83
A0A3A8KQX5	851	82,3	PF08487;PF13768;	Corallococcus sp. CA047B	6_3	0,83
A0A356VDJ8	732	82,25	PF08487;PF13768;	Halieaceae bacterium	6_3	0,83
A0A352AK34	812	82,23	PF08487;PF13768;	Cyanobacteria bacterium UBA9273	6_3	0,83
A0A3E1EC05	743	82,12	PF08487;PF13768;	Verrucomicrobia bacterium	6_3	0,83
A0A353XZT2	740	81,51	PF08487;PF13768;	Gammaproteobacteria bacterium	6_3	0,83
A0A0D7NQM9	756	81,46	PF08487;PF13768;	Bradyrhizobium sp. LTSP885	6_3	0,83
A0A7T4IER7	720	81,35	PF08487;PF13768;	Brucella anthropi (Ochrobactrum anthropi)	6_3	0,83
A0A845FRV3	737	81,27	PF08487;PF13768;	Pseudomaricurvus sp. HS19	6_3	0,83
A0A6C2UQM9	647	81,26	PF08487;PF13768;	Pontiella sulfatireligans	6_3	0,83
A0A128EXT2	706	81,24	PF08487;PF13768;	Grimontia celer	6_3	0,83
A0A2U9TVC8	730	80,91	PF08487;PF13768;	Methylobacterium sp. XJLW	6_3	0,83
A0A2Z2NMA9	672	80,89	PF08487;PF13768;	Granulosicoccus antarcticus IMCC3135	6_3	0,83
A0A668U2W0	805	80,87	PF08487;PF13768;	Oreochromis aureus (Israeli tilapia) (Chromis aureus)	6_3	0,83
A0A2U8P3U2	753	80,71	PF08487;PF13768;	Bradyrhizobium ottawaense	6_3	0,83
A0A2E8S298	847	80,64	PF08487;PF13768;	Myxococcales bacterium	6_3	0,83
A0A2T4VRK3	848	80,18	PF08487;PF13768;	Vitiosangium sp. (strain GDMCC 1.1324)	6_3	0,83
A0A6N6PBV2	852	80,13	PF08487;PF13768;	Verrucomicrobia bacterium	6_3	0,83
A0A6C2E2D9	849	79,95	PF08487;PF13768;	Pseudanabaena sp. UWO310	6_3	0,83
A0A452REE7	804	79,8	PF08487;PF13768;	Ursus americanus (American black bear) (Euarctos americanus)	6_3	0,83
A0A316I146	763	79,68	PF08487;PF13768;	Lentzea atacamensis	6_3	0,83
M5JSB1	720	79,44	PF08487;PF13768;	Brucella intermedia M86	6_3	0,83
A0A2T6DK54	681	79,41	PF08487;PF13768;	Opitutaceae bacterium EW11	6_3	0,83
A0A2V8MZJ2	879	78,69	PF08487;PF13768;	Acidobacteria bacterium	6_3	0,83
A0A4Y6C341	861	78,61	PF08487;PF13768;	Myxococcus xanthus	6_3	0,83
A0A1H7ZYP1	863	78,55	PF08487;PF13768;	Stigmatella aurantiaca	6_3	0,83
A0A2M8UTY1	658	78,46	PF08487;PF13768;	Pseudomonas sp	6_3	0,83
A0A2P9HFE9	754	78,24	PF08487;PF13768;	[Ochrobactrum] soli	6_3	0,83
A0A6P7JDM6	854	78,13	PF08487;PF13768;	Parambassis ranga (Indian glassy fish)	6_3	0,83
A0A1E7I0A4	791	78,12	PF08487;PF13768;	Desulfobacterales bacterium S5133MH16	6_3	0,83
A0A3D5Z186	752	78,09	PF08487;PF13768;	Prolixibacteraceae bacterium	6_3	0,83
A0A2G2F7B1	664	78,08	PF08487;PF13768;	Colwellia sp	6_3	0,83
A0A1V2PH79	871	78,07	PF08487;PF13768;	Actinosynnema sp. ALI-1.44	6_3	0,83
A0A1H5DFJ5	759	77,76	PF08487;PF13768;	Bradyrhizobium erythrophlei	6_3	0,83
A0A1P8KF74	682	77,72	PF08487;PF13768;	Rhodoferax saidenbachensis	6_3	0,83
A0A1I7KEA1	819	77,36	PF08487;PF13768;	Acidovorax caeni	6_3	0,83
A0A1D2NF12	857	77,33	PF08487;PF13768;	Orchesella cincta (Springtail) (Podura cincta)	6_3	0,83
A0A2N2JDW1	790	77,19	PF08487;PF13768;	Deltaproteobacteria bacterium HGW-Deltaproteobacteria-14	6_3	0,83
A0A161M7J3	845	77,03	PF08487;PF13768;	Planomonospora sphaerica	6_3	0,83
A0A6G9QLU8	720	76,98	PF08487;PF13768;	Shewanella aestuarii	6_3	0,83
A0A3A8JZT1	903	76,84	PF08487;PF13768;	Corallococcus carmarthensis	6_3	0,83
A0A814QW75	831	76,76	PF08487;PF13768;	Rotaria sordida	6_3	0,83
A0A7Y4NT81	902	76,72	PF08487;PF13768;	Corallococcus exercitus	6_3	0,83
A0A522LWW0	828	76,64	PF08487;PF13768;	Acidobacteria bacterium	6_3	0,83
A0A7Y4NHQ4	908	76,56	PF08487;PF13768;	Corallococcus exercitus	6_3	0,83
A0A7X4Y5X9	907	76,35	PF08487;PF13768;	Corallococcus exiguus	6_3	0,83
A0A6G0IWH5	797	76,07	PF08487;PF13768;	Larimichthys crocea (Large yellow croaker) (Pseudosciaena crocea)	6_3	0,83
A0A1I2NB41	875	75,93	PF08487;PF13768;	Actinoplanes philippinensis	6_3	0,83
A0A814WUA0	716	75,73	PF08487;PF13768;	Rotaria sordida	6_3	0,83
A0A840FL23	686	75,67	PF08487;PF13768;	Variovorax guangxiensis	6_3	0,83
A0A841FJ65	899	75,53	PF08487;PF13768;	Phytomonospora endophytica	6_3	0,83
A0A3C1HDM4	810	75,43	PF08487;PF13768;	Verrucomicrobiales bacterium	6_3	0,83
A0A819PPG0	853	74,89	PF08487;PF13768;	Rotaria sordida	6_3	0,83
A0A815HMC0	848	74,53	PF08487;PF13768;	Rotaria sordida	6_3	0,83
A0A815GGZ5	882	74,32	PF08487;PF13768;	Adineta ricciae (Rotifer)	6_3	0,83
A0A852UN89	866	73,19	PF08487;PF13768;	Streptosporangium sandarakinum	6_3	0,83
A0A5R9NZ00	731	73,16	PF08487;PF13768;	Rhizobium sp. MHM7A	6_3	0,83
A0A3B9YC88	841	72,98	PF08487;PF13768;	Elusimicrobia bacterium	6_3	0,83
A0P2E4	772	72,31	PF08487;PF13768;	Roseibium aggregatum (strain ATCC 25650 / DSM 13394 / JCM 20685 / NBRC 16684 / NCIMB 2208 / IAM 12614 / B1) (Stappia aggregata)	6_3	0,83
A0A818I4C3	907	71,88	PF08487;PF13768;	Adineta steineri	6_3	0,83
A0A820ZT06	850	71,07	PF08487;PF13768;	Rotaria sp. Silwood1	6_3	0,83
A0A815DL39	935	70,25	PF08487;PF13768;	Didymodactylos carnosus	6_3	0,83
A0A3S7UVV7	641	88,52	PF08487;PF13768;	Sorangium cellulosum (Polyangium cellulosum)	6_3	0,82
A0A2V7CTV6	684	86,35	PF08487;PF13768;	Candidatus Rokubacteria bacterium	6_3	0,82
A0A673BK86	723	85,74	PF08487;PF13768;	Sphaeramia orbicularis (orbiculate cardinalfish)	6_3	0,82
A0A850GVJ8	702	85,37	PF08487;PF13768;	Marinobacter lutaoensis	6_3	0,82
A0A540WI11	652	85,22	PF08487;PF13768;	Myxococcus llanfairpwllgwyngyllgogerychwyrndrobwllllantysiliogogogochensis	6_3	0,82
A0A1B8XYC5	665	84,74	PF08487;PF13768;	Xenopus tropicalis (Western clawed frog) (Silurana tropicalis)	6_3	0,82
A0A6P7WSV6	778	84,46	PF08487;PF13768;	Microcaecilia unicolor	6_3	0,82
A0A6J2QUP8	775	83,49	PF08487;PF13768;	Cottoperca gobio (Frogmouth) (Aphritis gobio)	6_3	0,82
A0A1V3XXI7	741	83,47	PF08487;PF13768;	Mycobacterium kansasii	6_3	0,82
A0A090WNI5	717	83,34	PF08487;PF13768;	Algibacter lectus	6_3	0,82
A0A3A8P979	812	83,12	PF08487;PF13768;	Corallococcus llansteffanensis	6_3	0,82
A0A534UCJ8	783	82,86	PF08487;PF13768;	Deltaproteobacteria bacterium	6_3	0,82
A0A4Z0EF23	738	82,55	PF08487;PF13768;	Methylorubrum sp. Q1	6_3	0,82
A0A2K9LIP1	693	82,49	PF08487;PF13768;	Ketobacter alkanivorans	6_3	0,82
A0A3A8NHV4	853	82,14	PF08487;PF13768;	Corallococcus sicarius	6_3	0,82
A0A514KKQ8	723	81,87	PF08487;PF13768;	Methylorubrum populi	6_3	0,82
A0A1A3K5W8	770	81,52	PF08487;PF13768;	Mycobacterium gordonae	6_3	0,82
A0A2P1PSF2	728	81,46	PF08487;PF13768;	Ahniella affigens	6_3	0,82
A0A7N8WRD9	808	81,4	PF08487;PF13768;	Mastacembelus armatus (zig-zag eel)	6_3	0,82
A0A668U6V8	805	81,34	PF08487;PF13768;	Oreochromis aureus (Israeli tilapia) (Chromis aureus)	6_3	0,82
A0A2H0HTB8	758	81,12	PF08487;PF13768;	Xanthomonadales bacterium CG17_big_fil_post_rev_8_21_14_2_50_64_11	6_3	0,82
A0A509MRD8	678	81,09	PF08487;PF13768;	Marinobacter halodurans	6_3	0,82
A0A3A8QG25	838	80,81	PF08487;PF13768;	Corallococcus aberystwythensis	6_3	0,82
A0A3A8QG25	838	80,81	PF08487;PF13768;	Corallococcus aberystwythensis	6_3	0,82
A0A5J4FY37	729	80,74	PF08487;PF13768;	Patiriisocius marinistellae	6_3	0,82
A0A1G3CS58	775	80,59	PF08487;PF13768;	Polynucleobacter sp. GWA2_45_21	6_3	0,82
A0A4R7JT53	715	80,45	PF08487;PF13768;	Maribacter spongiicola	6_3	0,82
A0A2D9W1C9	658	80,4	PF08487;PF13768;	Pseudomonas sp	6_3	0,82
A0A4R4V121	784	80,29	PF08487;PF13768;	Nonomuraea deserti	6_3	0,82
A0A0K1EIP1	802	80,21	PF08487;PF13768;	Chondromyces crocatus	6_3	0,82
A0A2W4W047	847	79,59	PF08487;PF13768;	Pseudanabaena frigida	6_3	0,82
A0A0Q4C2A7	712	79,55	PF08487;PF13768;	Novosphingobium sp. Leaf2	6_3	0,82
A0A7C5HP81	711	79,3	PF08487;PF13768;	Candidatus Cloacimonetes bacterium	6_3	0,82
A0A6L8EU67	969	79,14	PF08487;PF13768;	Candidatus Poribacteria bacterium	6_3	0,82
A0A2P5MDB3	659	79,01	PF08487;PF13768;	Methylobacter sp	6_3	0,82
A0A6M1RKQ8	707	79	PF08487;PF13768;	Grimontia sedimenti	6_3	0,82
A0A6P7JGC4	853	78,93	PF08487;PF13768;	Parambassis ranga (Indian glassy fish)	6_3	0,82
A0A1H9RBD3	781	78,81	PF08487;PF13768;	Lentzea albida	6_3	0,82
A0A7Y6WB71	757	78,75	PF08487;PF13768;	Bradyrhizobium septentrionale	6_3	0,82
M5RVN5	764	78,65	PF08487;PF13768;	Rhodopirellula europaea SH398	6_3	0,82
A0A665V1C8	797	78,63	PF08487;PF13768;	Echeneis naucrates (Live sharksucker)	6_3	0,82
A0A847LLV2	820	78,47	PF08487;PF13768;	Candidatus Riflebacteria bacterium	6_3	0,82
D8G7Y8	849	78,44	PF08487;PF13768;	Kamptonema sp. PCC 6506	6_3	0,82
A0A0J7JG77	714	78,34	PF08487;PF13768;	Marinobacter subterrani	6_3	0,82
A0A4Q7ZTM4	826	78,27	PF08487;PF13768;	Krasilnikovia cinnamomea	6_3	0,82
A0A822DVM1	753	78,2	PF08487;PF13768;	Rotaria sp. Silwood1	6_3	0,82
A0A6B1EWW7	970	78,17	PF08487;PF13768;	Candidatus Poribacteria bacterium	6_3	0,82
A0A0C3HX63	840	77,67	PF08487;PF13768;	Thauera sp. SWB20	6_3	0,82
A0A3E3I8T3	675	77,45	PF08487;PF13768;	Eisenbergiella massiliensis	6_3	0,82
A0A381SP42	783	77,42	PF08487;PF13768;	marine metagenome	6_3	0,82
A0A2Z4JYE9	740	77,26	PF08487;PF13768;	Erythrobacter sp. KY5	6_3	0,82
F6VIM6	813	76,67	PF08487;PF13768;	Macaca mulatta (Rhesus macaque)	6_3	0,82
A0A1B8V0K9	663	76,65	PF08487;PF13768;	Pseudomonas sp. AU11447	6_3	0,82
A0A2S5PFH3	790	76,61	PF08487;PF13768;	Hyphomicrobium sp	6_3	0,82
A0A0D9S455	700	76,56	PF08487;PF13768;	Chlorocebus sabaeus (Green monkey) (Cercopithecus sabaeus)	6_3	0,82
A0A518EMS1	803	76,23	PF08487;PF13768;	Planctomycetes bacterium Poly30	6_3	0,82
A0A1S1RNJ4	893	75,96	PF08487;PF13768;	Frankia sp. BMG5.36	6_3	0,82
A0A1F9Q9C1	806	75,35	PF08487;PF13768;	Elusimicrobia bacterium GWA2_64_40	6_3	0,82
A0A820H6B3	689	75,1	PF08487;PF13768;	Rotaria sp. Silwood2	6_3	0,82
A0A062XTJ4	835	74,32	PF08487;PF13768;	Thermoanaerobaculum aquaticum	6_3	0,82
A0A813UXR2	837	74,27	PF08487;PF13768;	Adineta ricciae (Rotifer)	6_3	0,82
A0A290QIV1	730	74,14	PF08487;PF13768;	Nibricoccus aquaticus	6_3	0,82
A0A4R5H121	746	73,77	PF08487;PF13768;	Alteromonadaceae bacterium M269	6_3	0,82
A0A285M7P4	838	73,3	PF08487;PF13768;	Cohaesibacter sp. ES.047	6_3	0,82
A0A818R8I4	903	73,22	PF08487;PF13768;	Rotaria sordida	6_3	0,82
A0A1B2HR96	816	72,35	PF08487;PF13768;	Lentzea guizhouensis	6_3	0,82
A0A2E6EJX3	865	72,25	PF08487;PF13768;	Rickettsiales bacterium	6_3	0,82
R9J127	750	72,21	PF08487;PF13768;	Lachnospiraceae bacterium A4	6_3	0,82
A0A538UD27	794	71,81	PF08487;PF13768;	Candidatus Eisenbacteria bacterium	6_3	0,82
A0A845W366	974	71,2	PF08487;PF13768;	Moorena sp. SIO3I8	6_3	0,82
A0A6P2E2Q5	690		PF08487;PF13768;	Variovorax sp. PBS-H4	6_3	0,82
A0A7Y2BY18	725		PF08487;PF13768;	Saprospiraceae bacterium	6_3	0,82
A0A6L8CB86	718		PF08487;PF13768;	Rhodothermaceae bacterium	6_3	0,82
A0A2S0MC34	780		PF08487;PF13768;	Ottowia oryzae	6_3	0,82
A0A4R4N3D9	802		PF08487;PF13768;	Nonomuraea longispora	6_3	0,82
A0A0F0GMV3	762		PF08487;PF13768;	Lentzea aerocolonigenes (Lechevalieria aerocolonigenes) (Saccharothrix aerocolonigenes)	6_3	0,82
A0A2D4TD91	774		PF08487;PF13768;	Haliea sp	6_3	0,82
A0A523JMG6	729		PF08487;PF13768;	Gammaproteobacteria bacterium	6_3	0,82
A0A7Y3EAL7	666		PF08487;PF13768;	Desulfofustis sp	6_3	0,82
A0A0R3BSD6	757		PF08487;PF13768;	Bradyrhizobium pachyrhizi	6_3	0,82
A0A1V5M998	831		PF08487;PF13768;	bacterium ADurb.Bin425	6_3	0,82
A0A150Q162	632	89,07	PF08487;PF13768;	Sorangium cellulosum (Polyangium cellulosum)	6_3	0,81
A0A5M3PN50	665	86,54	PF08487;PF13768;	Marinobacter salsuginis	6_3	0,81
H3B1P7	781	85,82	PF08487;PF13768;	Latimeria chalumnae (Coelacanth)	6_3	0,81
A0A3M1RJJ6	678	84,91	PF08487;PF13768;	Nitrospinae bacterium	6_3	0,81
A0A523JK75	792	84,65	PF08487;PF13768;	Deltaproteobacteria bacterium	6_3	0,81
B7RYC9	686	84,05	PF08487;PF13768;	marine gamma proteobacterium HTCC2148	6_3	0,81
A0A3B3WV08	782	83,93	PF08487;PF13768;	Poecilia mexicana	6_3	0,81
A0A1A8RXC9	776	83,85	PF08487;PF13768;	Nothobranchius rachovii (bluefin notho)	6_3	0,81
A0A7C1LSL9	818	83,4	PF08487;PF13768;	Phycisphaerae bacterium	6_3	0,81
A0A3A8JI24	812	83,11	PF08487;PF13768;	Corallococcus sp. CA053C	6_3	0,81
A0A523STL0	822	83,11	PF08487;PF13768;	Candidatus Stahlbacteria bacterium	6_3	0,81
A0A7C1PEC6	775	82,87	PF08487;PF13768;	bacterium	6_3	0,81
A0A1F7FZQ6	774	82,56	PF08487;PF13768;	Candidatus Riflebacteria bacterium GWC2_50_8	6_3	0,81
A0A1Q7YCZ1	823	82,55	PF08487;PF13768;	Acidobacteria bacterium 13_1_20CM_3_53_8	6_3	0,81
A0A4W6CS13	707	82,26	PF08487;PF13768;	Lates calcarifer (Barramundi) (Holocentrus calcarifer)	6_3	0,81
A0A2H6LEG2	794	82,11	PF08487;PF13768;	Nostoc cycadae WK-1	6_3	0,81
A0A2E0NKD0	658	82,06	PF08487;PF13768;	Pseudomonadales bacterium	6_3	0,81
A0A455WI22	679	81,9	PF08487;PF13768;	Marinobacter nauticus (Marinobacter hydrocarbonoclasticus) (Marinobacter aquaeolei)	6_3	0,81
U5QN72	789	81,69	PF08487;PF13768;	Gloeobacter kilaueensis JS1	6_3	0,81
A0A354WDV5	820	81,58	PF08487;PF13768;	Planktothrix sp. UBA10369	6_3	0,81
H8MZV5	839	81,39	PF08487;PF13768;	Corallococcus coralloides (strain ATCC 25202 / DSM 2259 / NBRC 100086 / M2) (Myxococcus coralloides)	6_3	0,81
A0A3S5GYC6	880	80,8	PF08487;PF13768;	Sorangium cellulosum (Polyangium cellulosum)	6_3	0,81
A0A3B1JN02	711	80,71	PF08487;PF13768;	Astyanax mexicanus (Blind cave fish) (Astyanax fasciatus mexicanus)	6_3	0,81
A0A6B2U3N1	796	80,61	PF08487;PF13768;	Streptomyces sp. SID13031	6_3	0,81
A0A250IWD2	845	80,38	PF08487;PF13768;	Cystobacter fuscus	6_3	0,81
A0A7Z9BIB5	830	80,37	PF08487;PF13768;	Planktothrix serta PCC 8927	6_3	0,81
A0A543IZW4	786	80,31	PF08487;PF13768;	Thermopolyspora flexuosa	6_3	0,81
A0A671W9F6	789	80,15	PF08487;PF13768;	Sparus aurata (Gilthead sea bream)	6_3	0,81
A0A3A8G8G2	838	80,11	PF08487;PF13768;	Corallococcus sp. AB011P	6_3	0,81
A0A3A8J4P6	838	80,08	PF08487;PF13768;	Corallococcus sp. CA049B	6_3	0,81
A0A349JF06	816	80	PF08487;PF13768;	Microcoleaceae bacterium UBA11344	6_3	0,81
A0A250DBQ6	686	79,8	PF08487;PF13768;	Variovorax boronicumulans	6_3	0,81
A0A2D9Q182	658	79,72	PF08487;PF13768;	Pseudomonadales bacterium	6_3	0,81
A0A2T7UCH0	804	79,69	PF08487;PF13768;	Limnohabitans planktonicus II-D5	6_3	0,81
L7N2K9	876	79,66	PF08487;PF13768;	Xenopus tropicalis (Western clawed frog) (Silurana tropicalis)	6_3	0,81
A0A537ML29	739	79,64	PF08487;PF13768;	Alphaproteobacteria bacterium	6_3	0,81
A0A351UQB9	840	79,46	PF08487;PF13768;	Elusimicrobia bacterium	6_3	0,81
A0A1I6F6Y5	772	79,44	PF08487;PF13768;	Lentzea waywayandensis	6_3	0,81
A0A5C8CAL9	827	79,2	PF08487;PF13768;	Alicycliphilus sp	6_3	0,81
A0A3A4BJI3	812	79,13	PF08487;PF13768;	Bailinhaonella thermotolerans	6_3	0,81
A0A850B2R6	858	79,1	PF08487;PF13768;	Chthonomonadales bacterium	6_3	0,81
A0A1J1C6S9	821	79,09	PF08487;PF13768;	Caldithrix abyssi DSM 13497	6_3	0,81
A0A1W9WZQ1	703	79,07	PF08487;PF13768;	Beggiatoa sp. 4572_84	6_3	0,81
A0A672HYG6	774	78,98	PF08487;PF13768;	Salarias fasciatus (Jewelled blenny) (Blennius fasciatus)	6_3	0,81
A0A0J9EVF0	843	78,76	PF08487;PF13768;	Limnoraphis robusta CS-951	6_3	0,81
A0A1G3CS74	772	78,74	PF08487;PF13768;	Polynucleobacter sp. GWA2_45_21	6_3	0,81
A0A1I0GML1	873	78,71	PF08487;PF13768;	Stigmatella erecta	6_3	0,81
A0A7Y4IIM3	861	78,69	PF08487;PF13768;	Myxococcus xanthus	6_3	0,81
A0A7T0JPN8	801	78,54	PF08487;PF13768;	Methylomonas sp. LL1	6_3	0,81
A0A095TJP3	653	78,21	PF08487;PF13768;	Alcanivorax nanhaiticus	6_3	0,81
A0A321M294	860	78,12	PF08487;PF13768;	Acidobacteriia bacterium AA117	6_3	0,81
A0A661MFN1	784	78,12	PF08487;PF13768;	Deltaproteobacteria bacterium	6_3	0,81
A0A321M294	860	78,12	PF08487;PF13768;	Acidobacteriia bacterium AA117	6_3	0,81
A0A821Z4X5	686	78,09	PF08487;PF13768;	Rotaria sp. Silwood1	6_3	0,81
A0A4U6R575	717	77,88	PF08487;PF13768;	Marinobacter sp. PJ-16	6_3	0,81
A0A522UUZ1	767	77,75	PF08487;PF13768;	Nitrospirae bacterium	6_3	0,81
A0A847LQW1	810	77,67	PF08487;PF13768;	Candidatus Riflebacteria bacterium	6_3	0,81
A0A315ECK6	798	77,59	PF08487;PF13768;	Limnohabitans parvus II-B4	6_3	0,81
A0A7V9L7J6	740	77,45	PF08487;PF13768;	Deltaproteobacteria bacterium	6_3	0,81
A0A815AC30	679	77,42	PF08487;PF13768;	Rotaria sordida	6_3	0,81
A0A099LEV7	791	77,14	PF08487;PF13768;	Thalassotalea sp. ND16A	6_3	0,81
K9VDV0	831	77,12	PF08487;PF13768;	Oscillatoria nigro-viridis PCC 7112	6_3	0,81
A0A0C2D3P5	863	76,74	PF08487;PF13768;	Enhygromyxa salina	6_3	0,81
A0A1F9TIE7	820	76,43	PF08487;PF13768;	Elusimicrobia bacterium GWC2_64_44	6_3	0,81
A0A5S3Y734	666	76,38	PF08487;PF13768;	Pseudoalteromonas sp. S1649	6_3	0,81
A0A1M6QCD3	772	75,83	PF08487;PF13768;	Marinobacter antarcticus	6_3	0,81
A0A813WJ00	834	75,54	PF08487;PF13768;	Rotaria sp. Silwood1	6_3	0,81
A0A3L7TPJ4	766	75,03	PF08487;PF13768;	Planctomycetes bacterium	6_3	0,81
A0A816XN00	832	75	PF08487;PF13768;	Rotaria magnacalcarata	6_3	0,81
A0A381UTS5	856	75	PF08487;PF13768;	marine metagenome	6_3	0,81
A0A3B1KLG6	842	74,52	PF08487;PF13768;	Astyanax mexicanus (Blind cave fish) (Astyanax fasciatus mexicanus)	6_3	0,81
A0A815HSM7	848	74,18	PF08487;PF13768;	Adineta steineri	6_3	0,81
A0A3E0NVC3	822	73,95	PF08487;PF13768;	Acidobacteria bacterium	6_3	0,81
A0A814GWM2	903	73,92	PF08487;PF13768;	Rotaria sordida	6_3	0,81
A0A818XMY5	795	73,79	PF08487;PF13768;	Adineta steineri	6_3	0,81
A0A815KWJ2	846	73,23	PF08487;PF13768;	Rotaria sp. Silwood1	6_3	0,81
A0A7X5YXL7	775	72,76	PF08487;PF13768;	Shewanella sp. Iso12	6_3	0,81
A0A821CXG6	898	72,29	PF08487;PF13768;	Rotaria socialis	6_3	0,81
A0A815DX94	907	71,67	PF08487;PF13768;	Adineta steineri	6_3	0,81
L9JBJ5	880	71,63	PF08487;PF13768;	Tupaia chinensis (Chinese tree shrew)	6_3	0,81
A0A1J4V747	877	71,6	PF08487;PF13768;	Candidatus Hydrogenedentes bacterium CG1_02_42_14	6_3	0,81
A0A2V7DIG7	646	86,89	PF08487;PF13768;	Candidatus Rokubacteria bacterium	6_3	0,8
A0A1Q6WMM6	678	86,55	PF08487;PF13768;	Candidatus Rokubacteria bacterium 13_2_20CM_69_10	6_3	0,8
A0A3Q8I152	664	86,2	PF08487;PF13768;	Sorangium cellulosum (Polyangium cellulosum)	6_3	0,8
A0A520XCP5	689	85,05	PF08487;PF13768;	Chromatiales bacterium	6_3	0,8
A0A2E7C1K1	713	83,68	PF08487;PF13768;	Haliea sp	6_3	0,8
A0A498PU12	747	83,61	PF08487;PF13768;	Mycobacterium innocens	6_3	0,8
A0A7Z9BVV1	787	83,31	PF08487;PF13768;	Planktothrix serta PCC 8927	6_3	0,8
A0A5C8UGA5	669	82,85	PF08487;PF13768;	Methylobacterium sp. WL19	6_3	0,8
A0A091DZV0	780	82,41	PF08487;PF13768;	Fukomys damarensis (Damaraland mole rat) (Cryptomys damarensis)	6_3	0,8
A0A3P8R1C9	781	81,94	PF08487;PF13768;	Astatotilapia calliptera (Eastern happy) (Chromis callipterus)	6_3	0,8
A0A7C9J2X0	793	81,87	PF08487;PF13768;	Herbidospora solisilvae	6_3	0,8
A0A512JPL1	717	81,62	PF08487;PF13768;	Methylobacterium gnaphalii	6_3	0,8
A0A6N6T696	765	81,57	PF08487;PF13768;	Candidatus Contendobacter sp	6_3	0,8
A0A031JAN4	715	81,54	PF08487;PF13768;	Novosphingobium resinovorum	6_3	0,8
A0A1L9QP03	815	81,5	PF08487;PF13768;	Roseofilum reptotaenium AO1-A	6_3	0,8
A0A6N4DSK2	747	81,47	PF08487;PF13768;	Candidatus Sedimenticola endophacoides	6_3	0,8
Q66JE2	838	81,38	PF08487;PF13768;	Xenopus tropicalis (Western clawed frog) (Silurana tropicalis)	6_3	0,8
A0A2A9H0A7	756	81,28	PF08487;PF13768;	Propionibacteriaceae bacterium ES.041	6_3	0,8
A0A1V2Q359	798	81,23	PF08487;PF13768;	Saccharothrix sp. ALI-22-I	6_3	0,8
A0A6M0BTA4	807	81,14	PF08487;PF13768;	Okeania sp. SIO2H7	6_3	0,8
A0A846B9U4	828	80,78	PF08487;PF13768;	Symploca sp. SIO1B1	6_3	0,8
A0A1J1LQK7	830	80,75	PF08487;PF13768;	Planktothrix tepida PCC 9214	6_3	0,8
F6TSA1	781	80,62	PF08487;PF13768;	Equus caballus (Horse)	6_3	0,8
A0A0E4BPD0	724	80,55	PF08487;PF13768;	Bradyrhizobium diazoefficiens	6_3	0,8
A0A3D5SSK8	786	80,46	PF08487;PF13768;	Rhodocyclaceae bacterium	6_3	0,8
A0A6P6EXU6	776	80,45	PF08487;PF13768;	Octodon degus (Degu) (Sciurus degus)	6_3	0,8
A0A6P7JD94	809	80,14	PF08487;PF13768;	Parambassis ranga (Indian glassy fish)	6_3	0,8
A0A3D5Y1J1	757	80,13	PF08487;PF13768;	Gammaproteobacteria bacterium	6_3	0,8
A0A7L4ZGH2	718	80,1	PF08487;PF13768;	Kordia antarctica	6_3	0,8
A0A1V4WVZ0	779	79,99	PF08487;PF13768;	Syntrophorhabdus sp. PtaB.Bin184	6_3	0,8
A0A3A8KHL1	837	79,89	PF08487;PF13768;	Corallococcus carmarthensis	6_3	0,8
A0A2W7ART0	841	79,85	PF08487;PF13768;	Pseudanabaena sp	6_3	0,8
A0A4R4WC52	788	79,84	PF08487;PF13768;	Nonomuraea diastatica	6_3	0,8
A0A2K5ECF0	786	79,76	PF08487;PF13768;	Aotus nancymaae (Ma's night monkey)	6_3	0,8
A0A7X3T6I3	968	79,68	PF08487;PF13768;	Candidatus Poribacteria bacterium	6_3	0,8
A0A2E5PCB6	745	79,37	PF08487;PF13768;	Rhodospirillaceae bacterium	6_3	0,8
Q1DE81	860	79,37	PF08487;PF13768;	Myxococcus xanthus (strain DK1622)	6_3	0,8
A0A7X7ZX61	767	79,3	PF08487;PF13768;	Candidatus Fermentibacter daniensis	6_3	0,8
L8MVY6	859	79,26	PF08487;PF13768;	Pseudanabaena biceps PCC 7429	6_3	0,8
A0A1V4XKP5	764	79,23	PF08487;PF13768;	Syntrophaceae bacterium PtaB.Bin038	6_3	0,8
A0A365H8Q2	848	79,19	PF08487;PF13768;	Actinomadura craniellae	6_3	0,8
A0A673BP30	859	78,89	PF08487;PF13768;	Sphaeramia orbicularis (orbiculate cardinalfish)	6_3	0,8
A0A6J4N8M7	659	78,72	PF08487;PF13768;	uncultured Phycisphaerae bacterium	6_3	0,8
Q7UL83	764	78,64	PF08487;PF13768;	Rhodopirellula baltica (strain DSM 10527 / NCIMB 13988 / SH1)	6_3	0,8
A0A7Z2PPZ6	757	78,58	PF08487;PF13768;	Bradyrhizobium sp. CCBAU 051011	6_3	0,8
A0A0J1BEK4	764	78,53	PF08487;PF13768;	Rhodopirellula islandica	6_3	0,8
A0A1J5D5P3	882	78,32	PF08487;PF13768;	Deltaproteobacteria bacterium CG2_30_63_29	6_3	0,8
A0A2U9B658	830	77,87	PF08487;PF13768;	Scophthalmus maximus (Turbot) (Psetta maxima)	6_3	0,8
A0A7J8H8H2	790	77,78	PF08487;PF13768;	Rousettus aegyptiacus (Egyptian rousette) (Egyptian fruit bat)	6_3	0,8
A0A814SCS6	791	77,54	PF08487;PF13768;	Rotaria sordida	6_3	0,8
A0A5C6DRG6	780	77,49	PF08487;PF13768;	Novipirellula artificiosorum	6_3	0,8
A0A358N7L4	781	77,35	PF08487;PF13768;	Rhodopirellula sp	6_3	0,8
A0A3A8V4G3	904	77,03	PF08487;PF13768;	Corallococcus sp. AB030	6_3	0,8
A0A410RKE7	906	77,01	PF08487;PF13768;	Corallococcus coralloides (Myxococcus coralloides)	6_3	0,8
A0A180EHK3	1058	76,37	PF08487;PF13768;	Lewinella sp. 4G2	6_3	0,8
A0A815JGT4	827	76,15	PF08487;PF13768;	Rotaria magnacalcarata	6_3	0,8
A0A7C5J7A9	796	76	PF08487;PF13768;	Polyangiaceae bacterium	6_3	0,8
A0A814WK14	834	75,93	PF08487;PF13768;	Adineta ricciae (Rotifer)	6_3	0,8
A0A819J474	850	75,63	PF08487;PF13768;	Rotaria sp. Silwood1	6_3	0,8
A0A814K0R3	833	75,53	PF08487;PF13768;	Rotaria sordida	6_3	0,8
A0A2A4XP51	784	75,45	PF08487;PF13768;	Oceanospirillales bacterium	6_3	0,8
A0A7C5QT40	846	74,56	PF08487;PF13768;	Deltaproteobacteria bacterium	6_3	0,8
A0A2G6HV58	768	74,47	PF08487;PF13768;	Acidobacteria bacterium	6_3	0,8
A0A2U8E4A7	721	74,44	PF08487;PF13768;	Ereboglobus luteus	6_3	0,8
A0A7W4A9S5	673	74,27	PF08487;PF13768;	Pseudoalteromonas sp. SR41-4	6_3	0,8
A0A7Y5GUE7	974	74,18	PF08487;PF13768;	Myxococcales bacterium	6_3	0,8
A0A349QDG9	739	74,05	PF08487;PF13768;	Hyphomicrobiales bacterium	6_3	0,8
L5KH41	920	74,04	PF08487;PF13768;	Pteropus alecto (Black flying fox)	6_3	0,8
A0A815N0N3	853	73,41	PF08487;PF13768;	Rotaria sordida	6_3	0,8
A0A7H8PV85	795	73,04	PF08487;PF13768;	Microbulbifer sp. YPW1	6_3	0,8
A3D3N6	771	72,84	PF08487;PF13768;	Shewanella baltica (strain OS155 / ATCC BAA-1091)	6_3	0,8
A0A816RT42	932	72,64	PF08487;PF13768;	Rotaria magnacalcarata	6_3	0,8
A0A0V0QA31	809	72,23	PF08487;PF13768;	Pseudocohnilembus persalinus (Ciliate)	6_3	0,8
A0A6M0AZ74	975	71,57	PF08487;PF13768;	Moorena sp. SIO3I6	6_3	0,8
A0A227KP94	807	70,68	PF08487;PF13768;	Turicimonas muris	6_3	0,8
A0A813WT45	906	70,51	PF08487;PF13768;	Adineta steineri	6_3	0,8
A0A819UJ28	893		PF08487;PF13768;	Rotaria sp. Silwood2	6_3	0,8
A0A7C3ZKB9	837		PF08487;PF13768;	Planktothricoides sp. SpSt-374	6_3	0,8
A0A6H1TX25	811		PF08487;PF13768;	Oxynema aestuarii AP17	6_3	0,8
A0A2N1TQM4	774		PF08487;PF13768;	Candidatus Riflebacteria bacterium HGW-Riflebacteria-1	6_3	0,8
A0A4R4S875	769		PF08487;PF13768;	Actinomadura sp. GC306	6_3	0,8
A0A2V9QAG9	698		PF08487;PF13768;	Acidobacteria bacterium	6_3	0,8
A0A2H2Y8M2	769	85,92	PF08487;PF13768;	Calothrix sp. NIES-4071	6_3	0,79
A0A672HYL5	758	83,84	PF08487;PF13768;	Salarias fasciatus (Jewelled blenny) (Blennius fasciatus)	6_3	0,79
A0A6P1AIQ1	781	83,41	PF08487;PF13768;	Kamptonema sp. SIO1D9	6_3	0,79
A0A3Q1KEB8	757	82,74	PF08487;PF13768;	Anabas testudineus (Climbing perch) (Anthias testudineus)	6_3	0,79
A0A667G647	738	82,56	PF08487;PF13768;	Lynx canadensis (Canada lynx)	6_3	0,79
W5L8K1	808	82,44	PF08487;PF13768;	Astyanax mexicanus (Blind cave fish) (Astyanax fasciatus mexicanus)	6_3	0,79
A0A672HYC8	738	82,31	PF08487;PF13768;	Salarias fasciatus (Jewelled blenny) (Blennius fasciatus)	6_3	0,79
A0A3B8QD85	753	82,2	PF08487;PF13768;	Verrucomicrobiales bacterium	6_3	0,79
A0A1Z4K5L7	814	82,11	PF08487;PF13768;	Calothrix brevissima NIES-22	6_3	0,79
A0A6P7P1T4	654	82,05	PF08487;PF13768;	Betta splendens (Siamese fighting fish)	6_3	0,79
A0A671T414	771	81,98	PF08487;PF13768;	Sinocyclocheilus anshuiensis	6_3	0,79
Q66HV5	804	81,79	PF08487;PF13768;	Danio rerio (Zebrafish) (Brachydanio rerio)	6_3	0,79
A0A6P0X029	819	81,66	PF08487;PF13768;	Caldora sp. SIO3E6	6_3	0,79
A0A7C5QPJ5	817	81,42	PF08487;PF13768;	Verrucomicrobia bacterium	6_3	0,79
A0A7Y5LFE7	787	81,34	PF08487;PF13768;	Bryobacteraceae bacterium	6_3	0,79
A0A3C1P8C8	820	81,32	PF08487;PF13768;	Planktothrix sp. UBA8402	6_3	0,79
A0A2N1Y554	773	81,21	PF08487;PF13768;	Gammaproteobacteria bacterium HGW-Gammaproteobacteria-2	6_3	0,79
A0A2M6VE15	784	81,15	PF08487;PF13768;	Limnohabitans sp. JirII-31	6_3	0,79
A0A7X7XJ80	776	81,03	PF08487;PF13768;	Acidobacteria bacterium	6_3	0,79
A0A1G9M4I8	779	80,96	PF08487;PF13768;	Nonomuraea maritima	6_3	0,79
A0A521TK22	829	80,96	PF08487;PF13768;	Myxococcaceae bacterium	6_3	0,79
K9ET49	831	80,92	PF08487;PF13768;	Leptolyngbya sp. PCC 7375	6_3	0,79
A0A653LTP9	715	80,91	PF08487;PF13768;	Maribacter litoralis	6_3	0,79
A0A2T0T7U8	789	80,91	PF08487;PF13768;	Umezawaea tangerina	6_3	0,79
A0A3A8UIB4	837	80,85	PF08487;PF13768;	Corallococcus sp. AB030	6_3	0,79
A0A7W0CEG6	774	80,68	PF08487;PF13768;	Nonomuraea soli	6_3	0,79
A0A2L2N5D5	814	80,52	PF08487;PF13768;	Nostoc sp. 'Peltigera membranacea cyanobiont' N6	6_3	0,79
A0A6N7HLS1	829	80,01	PF08487;PF13768;	Actinophytocola sp	6_3	0,79
A0A7C4DJZ4	670	79,99	PF08487;PF13768;	Deltaproteobacteria bacterium	6_3	0,79
A0A672HXJ7	737	79,84	PF08487;PF13768;	Salarias fasciatus (Jewelled blenny) (Blennius fasciatus)	6_3	0,79
A0A1H9JW44	781	79,82	PF08487;PF13768;	Lentzea xinjiangensis	6_3	0,79
A0A7J6BIE0	840	79,6	PF08487;PF13768;	Onychostoma macrolepis	6_3	0,79
A0A4Q0RR74	757	79,5	PF08487;PF13768;	Bradyrhizobium guangzhouense	6_3	0,79
A0A2V8LP46	843	79,43	PF08487;PF13768;	Acidobacteria bacterium	6_3	0,79
A0A6P0VGB4	829	79,43	PF08487;PF13768;	Symploca sp. SIO1A3	6_3	0,79
A0A5C4WC42	805	79,37	PF08487;PF13768;	Nonomuraea phyllanthi	6_3	0,79
A0A317I258	667	79,34	PF08487;PF13768;	Blastocatellia bacterium	6_3	0,79
A0A1L8I343	861	79,22	PF08487;PF13768;	Xenopus laevis (African clawed frog)	6_3	0,79
A0A670YSM5	731	79,11	PF08487;PF13768;	Pseudonaja textilis (Eastern brown snake)	6_3	0,79
A0A2V8QK52	753	79,1	PF08487;PF13768;	Acidobacteria bacterium	6_3	0,79
A0A7C9PWT0	853	79,07	PF08487;PF13768;	Oscillatoria sp. SIO1A7	6_3	0,79
A0A669BEZ1	828	78,92	PF08487;PF13768;	Oreochromis niloticus (Nile tilapia) (Tilapia nilotica)	6_3	0,79
A0A6N2JTG6	843	78,73	PF08487;PF13768;	Pseudanabaena sp. UWO311	6_3	0,79
A0A523QZF9	761	78,69	PF08487;PF13768;	Candidatus Cloacimonetes bacterium	6_3	0,79
A0A511SWE8	856	78,55	PF08487;PF13768;	Myxococcus fulvus	6_3	0,79
A0A814UTK5	672	78,38	PF08487;PF13768;	Rotaria sordida	6_3	0,79
A0A2T0MUP5	842	77,95	PF08487;PF13768;	Nonomuraea fuscirosea	6_3	0,79
A0A524A8K5	722	77,79	PF08487;PF13768;	Anaerolineales bacterium	6_3	0,79
F2AYQ5	764	77,75	PF08487;PF13768;	Rhodopirellula baltica WH47	6_3	0,79
A0A1S3NTR2	783	77,37	PF08487;PF13768;	Salmo salar (Atlantic salmon)	6_3	0,79
A0A3A8KPF5	903	77,28	PF08487;PF13768;	Corallococcus sp. CA047B	6_3	0,79
A0A4Q5ZKS5	904	77,15	PF08487;PF13768;	Myxococcaceae bacterium	6_3	0,79
A0A819DNL9	816	76,6	PF08487;PF13768;	Adineta steineri	6_3	0,79
A0A1S3NU91	707	76,51	PF08487;PF13768;	Salmo salar (Atlantic salmon)	6_3	0,79
C7FPD9	836	76,5	PF08487;PF13768;	uncultured bacterium HF186_25m_18N5	6_3	0,79
H8MG34	900	76,42	PF08487;PF13768;	Corallococcus coralloides (strain ATCC 25202 / DSM 2259 / NBRC 100086 / M2) (Myxococcus coralloides)	6_3	0,79
A0A6P1TAY3	796	76,28	PF08487;PF13768;	Microbulbifer hydrolyticus	6_3	0,79
K6XY99	688	76,01	PF08487;PF13768;	Aliiglaciecola lipolytica E3	6_3	0,79
A0A6L8EIQ4	793	76	PF08487;PF13768;	Gammaproteobacteria bacterium	6_3	0,79
A0A7W1A1G0	833	75,66	PF08487;PF13768;	Deltaproteobacteria bacterium	6_3	0,79
A0A0F3GIE1	821	74,72	PF08487;PF13768;	Candidatus Magnetobacterium bavaricum	6_3	0,79
A0A7Y1VTM4	751	72,79	PF08487;PF13768;	Saprospiraceae bacterium	6_3	0,79
A0A846GJW8	972	71,75	PF08487;PF13768;	Moorena sp. SIO1G6	6_3	0,79
A0A7K2EHX5	697	71,69	PF08487;PF13768;	Rhodothermaceae bacterium	6_3	0,79
A0A819K735	761	71,54	PF08487;PF13768;	Adineta steineri	6_3	0,79
A0A6L9YST7	973	71,1	PF08487;PF13768;	Moorena sp. SIO4A3	6_3	0,79
A0A6P0ZQS5	974	70,62	PF08487;PF13768;	Moorena sp. SIO1F2	6_3	0,79
A0A3B4DD42	719	84,99	PF08487;PF13768;	Pygocentrus nattereri (Red-bellied piranha)	6_3	0,78
A0A1X1UTD6	746	84,6	PF08487;PF13768;	Mycobacterium gastri	6_3	0,78
A0A3Q1BKJ2	736	84,54	PF08487;PF13768;	Amphiprion ocellaris (Clown anemonefish)	6_3	0,78
A0A235J9D0	772	84,53	PF08487;PF13768;	Nostoc sp. 'Peltigera membranacea cyanobiont' 232	6_3	0,78
A0A0S7FJ19	776	84,26	PF08487;PF13768;	Poeciliopsis prolifica (blackstripe livebearer)	6_3	0,78
A0A2V8UTA4	808	84,18	PF08487;PF13768;	Acidobacteria bacterium	6_3	0,78
A0A6P8UXS8	785	83,89	PF08487;PF13768;	Gymnodraco acuticeps (Antarctic dragonfish)	6_3	0,78
A0A6J2QT24	789	83,58	PF08487;PF13768;	Cottoperca gobio (Frogmouth) (Aphritis gobio)	6_3	0,78
A0A6P8FXN7	789	83,31	PF08487;PF13768;	Clupea harengus (Atlantic herring)	6_3	0,78
A0A6P8PF86	793	83,18	PF08487;PF13768;	Geotrypetes seraphini (Gaboon caecilian) (Caecilia seraphini)	6_3	0,78
A0A352AB22	789	83,09	PF08487;PF13768;	Cyanobacteria bacterium UBA9273	6_3	0,78
A0A352AB22	789	83,09	PF08487;PF13768;	Cyanobacteria bacterium UBA9273	6_3	0,78
A0A2M7CVZ8	740	83,02	PF08487;PF13768;	Xanthomonadales bacterium CG02_land_8_20_14_3_00_62_12	6_3	0,78
A0A3B3XYI0	761	82,98	PF08487;PF13768;	Poecilia mexicana	6_3	0,78
A0A673JME6	723	82,92	PF08487;PF13768;	Sinocyclocheilus rhinocerous	6_3	0,78
A0A1Q3HTY8	847	82,68	PF08487;PF13768;	Archangium sp. Cb G35	6_3	0,78
A0A1B4Y099	772	82,64	PF08487;PF13768;	Mycobacterium ulcerans subsp. shinshuense	6_3	0,78
A0A3D1ALR5	750	82,48	PF08487;PF13768;	Desulfobulbaceae bacterium	6_3	0,78
A0A4R1A059	717	82,37	PF08487;PF13768;	Tenacibaculum sp. M341	6_3	0,78
A0A3B5QVW7	791	82,26	PF08487;PF13768;	Xiphophorus maculatus (Southern platyfish) (Platypoecilus maculatus)	6_3	0,78
A0A2Z5TT89	772	82,22	PF08487;PF13768;	Mycobacterium pseudoshottsii JCM 15466	6_3	0,78
A0A671W2J3	634	81,75	PF08487;PF13768;	Sparus aurata (Gilthead sea bream)	6_3	0,78
A0A651E092	818	81,64	PF08487;PF13768;	Leptolyngbya sp. DLM2.Bin15	6_3	0,78
A0A7W7WCJ8	765	81,63	PF08487;PF13768;	Streptosporangium album	6_3	0,78
A0A7X5BPJ3	837	81,35	PF08487;PF13768;	Corallococcus exiguus	6_3	0,78
A0A2P4ETV0	658	81,32	PF08487;PF13768;	Halopseudomonas oceani	6_3	0,78
I4C134	820	81,12	PF08487;PF13768;	Desulfomonile tiedjei (strain ATCC 49306 / DSM 6799 / DCB-1)	6_3	0,78
A0A1V6K198	804	80,45	PF08487;PF13768;	candidate division Hyd24-12 bacterium ADurb.Bin004	6_3	0,78
A0A496B449	970	80,44	PF08487;PF13768;	Candidatus Poribacteria bacterium	6_3	0,78
A0A668U2W5	805	80,33	PF08487;PF13768;	Oreochromis aureus (Israeli tilapia) (Chromis aureus)	6_3	0,78
A0A2V8RRQ1	862	80,19	PF08487;PF13768;	Acidobacteria bacterium	6_3	0,78
A0A2V8PVJ6	847	80,09	PF08487;PF13768;	Acidobacteria bacterium	6_3	0,78
A0A7V8E896	825	79,97	PF08487;PF13768;	Planctomycetes bacterium	6_3	0,78
A0A2H0J5W6	816	79,89	PF08487;PF13768;	Comamonadaceae bacterium CG12_big_fil_rev_8_21_14_0_65_59_15	6_3	0,78
A0A2T4VID3	848	79,86	PF08487;PF13768;	Vitiosangium sp. (strain GDMCC 1.1324)	6_3	0,78
A0A1V1X120	794	79,74	PF08487;PF13768;	Desulfobacterales bacterium PC51MH44	6_3	0,78
A0A1W9LAA7	761	79,71	PF08487;PF13768;	Beggiatoa sp. IS2	6_3	0,78
A0A5P9YR94	805	79,71	PF08487;PF13768;	Nonomuraea nitratireducens	6_3	0,78
A0A559NN27	715	79,62	PF08487;PF13768;	Maribacter sp. MAR_2009_72	6_3	0,78
A0A1F8P2Y4	787	79,52	PF08487;PF13768;	Chloroflexi bacterium RBG_16_48_8	6_3	0,78
A0A2Z5WVK7	837	79,28	PF08487;PF13768;	Pseudanabaena sp. ABRG5-3	6_3	0,78
A0A348VW12	771	79,24	PF08487;PF13768;	Nitrospiraceae bacterium	6_3	0,78
A0A428YU55	778	79,13	PF08487;PF13768;	Actinoplanes sp. ATCC 53533	6_3	0,78
A0A7C3WIY1	769	79,09	PF08487;PF13768;	Desulfobacca acetoxidans	6_3	0,78
G6YX45	747	79,09	PF08487;PF13768;	Marinobacter manganoxydans MnI7-9	6_3	0,78
A0A6P6MCK8	813	78,8	PF08487;PF13768;	Carassius auratus (Goldfish)	6_3	0,78
A0A1M4E6P3	814	78,52	PF08487;PF13768;	Nonomuraea gerenzanensis	6_3	0,78
A0A6P7JD99	825	78,47	PF08487;PF13768;	Parambassis ranga (Indian glassy fish)	6_3	0,78
A0A6P0T8X2	851	78,46	PF08487;PF13768;	Cyanothece sp. SIO2G6	6_3	0,78
A0A6P6ME51	811	78,42	PF08487;PF13768;	Carassius auratus (Goldfish)	6_3	0,78
A0A1W9KPB4	849	78,14	PF08487;PF13768;	Rhodoferax ferrireducens	6_3	0,78
A0A2D7HHI7	778	78,07	PF08487;PF13768;	Rhodopirellula sp	6_3	0,78
A0A5S3TBZ6	666	78,06	PF08487;PF13768;	Pseudoalteromonas sp. S4492	6_3	0,78
A0A433UFJ3	859	77,92	PF08487;PF13768;	Trichormus variabilis SAG 1403-4b	6_3	0,78
A0A7C4I687	776	77,69	PF08487;PF13768;	Betaproteobacteria bacterium	6_3	0,78
A0A1U7TAH4	810	77,47	PF08487;PF13768;	Carlito syrichta (Philippine tarsier) (Tarsius syrichta)	6_3	0,78
A0A1S3NTQ9	832	77,42	PF08487;PF13768;	Salmo salar (Atlantic salmon)	6_3	0,78
A0A831XTX5	802	77,3	PF08487;PF13768;	Armatimonadetes bacterium	6_3	0,78
A0A7Y5U875	819	75,98	PF08487;PF13768;	Polyangiaceae bacterium	6_3	0,78
A0A285PGL5	814	75,64	PF08487;PF13768;	Cohaesibacter gelatinilyticus	6_3	0,78
A0A5C4RX71	747	75,09	PF08487;PF13768;	Arenimonas terrae	6_3	0,78
A0A7C3EJW6	799	74,73	PF08487;PF13768;	Ignavibacteria bacterium	6_3	0,78
A0A815EGZ9	867	74,62	PF08487;PF13768;	Rotaria sordida	6_3	0,78
A0A815ZN63	896	74,09	PF08487;PF13768;	Rotaria magnacalcarata	6_3	0,78
A0A816D2L3	838	73,44	PF08487;PF13768;	Adineta steineri	6_3	0,78
A0A814XIC3	906	73,32	PF08487;PF13768;	Didymodactylos carnosus	6_3	0,78
A0A5C8J3J3	768	73,3	PF08487;PF13768;	Ottowia sp. GY511	6_3	0,78
A0A818WZ57	848	73,29	PF08487;PF13768;	Adineta steineri	6_3	0,78
A0A3B4UEK1	759	72,82	PF08487;PF13768;	Seriola dumerili (Greater amberjack) (Caranx dumerili)	6_3	0,78
A0A819V5Z1	853	72,6	PF08487;PF13768;	Rotaria sordida	6_3	0,78
A0A813VE54	903	72,44	PF08487;PF13768;	Adineta ricciae (Rotifer)	6_3	0,78
A0A1P8WL47	843	71,49	PF08487;PF13768;	Fuerstiella marisgermanici	6_3	0,78
A0A3D1R6C6	926	71,44	PF08487;PF13768;	Myxococcales bacterium	6_3	0,78
A0A259E3P7	768		PF08487;PF13768;	Thiotrichales bacterium 17-46-47	6_3	0,78
D4ZK86	765		PF08487;PF13768;	Shewanella violacea (strain JCM 10179 / CIP 106290 / LMG 19151 / DSS12)	6_3	0,78
A0A838PE04	865		PF08487;PF13768;	Pyrinomonadaceae bacterium	6_3	0,78
A0A4R5WIC5	769		PF08487;PF13768;	Mycobacterium paragordonae	6_3	0,78
A0A6B3MNG4	975		PF08487;PF13768;	Moorena sp. SIO4A1	6_3	0,78
G3NSF9	823		PF08487;PF13768;	Gasterosteus aculeatus (Three-spined stickleback)	6_3	0,78
A0A6J2UMQ5	751		PF08487;PF13768;	Chanos chanos (Milkfish) (Mugil chanos)	6_3	0,78
A0A2K5NI52	781		PF08487;PF13768;	Cercocebus atys (Sooty mangabey) (Cercocebus torquatus atys)	6_3	0,78
A0A6P6PFB3	787		PF08487;PF13768;	Carassius auratus (Goldfish)	6_3	0,78
A0A081BNS9	790		PF08487;PF13768;	Candidatus Moduliflexus flocculans	6_3	0,78
A0A4R7VNQ8	873		PF08487;PF13768;	Actinophytocola oryzae	6_3	0,78
H1KUU7	676	85,44	PF08487;PF13768;	Methylorubrum extorquens DSM 13060	6_3	0,77
A0A4R4LPB5	647	85,35	PF08487;PF13768;	Actinomadura sp. 7K534	6_3	0,77
A0A367QVP8	768	85,08	PF08487;PF13768;	Nostoc sp. ATCC 43529	6_3	0,77
U7H0H6	712	84,39	PF08487;PF13768;	Marinobacter sp. EN3	6_3	0,77
A0A3A8JMA8	660	84,2	PF08487;PF13768;	Corallococcus sp. CA053C	6_3	0,77
A0A367Q476	772	83,47	PF08487;PF13768;	Nostoc minutum NIES-26	6_3	0,77
A0A669EDG5	724	83,32	PF08487;PF13768;	Oreochromis niloticus (Nile tilapia) (Tilapia nilotica)	6_3	0,77
A0A3E0PIL8	888	83,15	PF08487;PF13768;	Acidobacteria bacterium	6_3	0,77
A0A6L9ZK11	775	83,11	PF08487;PF13768;	Okeania sp. SIO3B5	6_3	0,77
A0A3A8N6Q0	662	82,95	PF08487;PF13768;	Corallococcus llansteffanensis	6_3	0,77
B4VWG4	801	82,74	PF08487;PF13768;	Coleofasciculus chthonoplastes PCC 7420	6_3	0,77
A0A2K6LXJ2	786	82,28	PF08487;PF13768;	Rhinopithecus bieti (Black snub-nosed monkey) (Pygathrix bieti)	6_3	0,77
A9FVL6	865	82,26	PF08487;PF13768;	Sorangium cellulosum (strain So ce56) (Polyangium cellulosum (strain So ce56))	6_3	0,77
A0A1V5WYW8	834	81,91	PF08487;PF13768;	Deltaproteobacteria bacterium ADurb.Bin207	6_3	0,77
A0A3B3V7H6	723	81,83	PF08487;PF13768;	Poecilia latipinna (sailfin molly)	6_3	0,77
A0A239H6Z2	803	81,67	PF08487;PF13768;	Actinomadura mexicana	6_3	0,77
A0A1Q3XCW8	748	81,56	PF08487;PF13768;	Thiobacillus sp. 65-1402	6_3	0,77
A0A1A3ND21	753	81,4	PF08487;PF13768;	Mycobacterium asiaticum	6_3	0,77
L7N2L0	838	81,26	PF08487;PF13768;	Xenopus tropicalis (Western clawed frog) (Silurana tropicalis)	6_3	0,77
A0A496UH65	815	81,11	PF08487;PF13768;	Candidatus Fermentibacteria bacterium	6_3	0,77
A0A1J5IL11	756	80,84	PF08487;PF13768;	Syntrophobacteraceae bacterium CG2_30_61_12	6_3	0,77
A0A7Z9BIL5	838	80,71	PF08487;PF13768;	Planktothrix paucivesiculata PCC 9631	6_3	0,77
A0A163WZG4	751	80,56	PF08487;PF13768;	Candidatus Fermentibacter daniensis	6_3	0,77
A0A6G1PRX8	811	80,54	PF08487;PF13768;	Channa argus (northern snakehead)	6_3	0,77
A0A6P1KVC5	827	80,44	PF08487;PF13768;	Nostoc sp. ATCC 53789	6_3	0,77
A0A6G4U5S5	783	80,43	PF08487;PF13768;	Streptomyces coryli	6_3	0,77
A0A2Z6CH46	835	80,32	PF08487;PF13768;	Planktothrix agardhii NIES-204	6_3	0,77
A0A6J7ZSK6	835	80,25	PF08487;PF13768;	Planktothrix rubescens NIVA-CYA 18	6_3	0,77
A0A6P6MCE7	783	80,21	PF08487;PF13768;	Carassius auratus (Goldfish)	6_3	0,77
A0A6M0RF55	829	80,09	PF08487;PF13768;	Leptolyngbyaceae cyanobacterium CCMR0081	6_3	0,77
S9P6V7	850	79,9	PF08487;PF13768;	Cystobacter fuscus DSM 2262	6_3	0,77
A0A850B9B7	754	79,67	PF08487;PF13768;	Polyangiaceae bacterium	6_3	0,77
A0A258XEL9	772	79,63	PF08487;PF13768;	Polynucleobacter sp. 16-46-70	6_3	0,77
A0A7Y6WYT8	857	79,54	PF08487;PF13768;	Myxococcus sp. AM010	6_3	0,77
M5SUU1	764	79,38	PF08487;PF13768;	Rhodopirellula sp. SWK7	6_3	0,77
A0A7V3ABJ2	777	79,18	PF08487;PF13768;	Planctomycetes bacterium	6_3	0,77
A0A2W2EZ04	797	79,06	PF08487;PF13768;	Nonomuraea aridisoli	6_3	0,77
A0A2W2EZ04	797	79,06	PF08487;PF13768;	Nonomuraea aridisoli	6_3	0,77
A0A068NT08	760	78,98	PF08487;PF13768;	Fimbriimonas ginsengisoli Gsoil 348	6_3	0,77
A0A672HYK9	754	78,98	PF08487;PF13768;	Salarias fasciatus (Jewelled blenny) (Blennius fasciatus)	6_3	0,77
A0A7N4NVE4	849	78,97	PF08487;PF13768;	Sarcophilus harrisii (Tasmanian devil) (Sarcophilus laniarius)	6_3	0,77
A0A3L7HUM4	815	78,96	PF08487;PF13768;	Cricetulus griseus (Chinese hamster) (Cricetulus barabensis griseus)	6_3	0,77
A0A2S9YXH7	805	78,8	PF08487;PF13768;	Enhygromyxa salina	6_3	0,77
A0A674PEL1	812	78,8	PF08487;PF13768;	Takifugu rubripes (Japanese pufferfish) (Fugu rubripes)	6_3	0,77
A0A7Y4JFD6	860	78,77	PF08487;PF13768;	Myxococcus xanthus	6_3	0,77
A0A521HWW9	828	78,75	PF08487;PF13768;	Betaproteobacteria bacterium	6_3	0,77
A0A6M0G380	829	78,69	PF08487;PF13768;	Symploca sp. SIO2E6	6_3	0,77
A0A673BK82	859	78,57	PF08487;PF13768;	Sphaeramia orbicularis (orbiculate cardinalfish)	6_3	0,77
A0A2T7T0I8	817	78,51	PF08487;PF13768;	Limnohabitans sp. Rim28	6_3	0,77
A0A7Y6XJT9	871	78,43	PF08487;PF13768;	Myxococcus sp. AM011	6_3	0,77
A0A250JMX5	849	78,16	PF08487;PF13768;	Corallococcus macrosporus DSM 14697	6_3	0,77
A0A4V1ZJR4	834	77,85	PF08487;PF13768;	bacterium	6_3	0,77
N6Y5D3	841	77,81	PF08487;PF13768;	Thauera aminoaromatica S2	6_3	0,77
A0A2P4UL58	893	77	PF08487;PF13768;	Actinomadura rubteroloni	6_3	0,77
A0A4P5VW89	772	76,99	PF08487;PF13768;	Deltaproteobacteria bacterium	6_3	0,77
A0A1F3EPT6	752	76,41	PF08487;PF13768;	Bacteroidetes bacterium GWB2_41_8	6_3	0,77
K9SFC0	902	76,29	PF08487;PF13768;	Pseudanabaena sp. PCC 7367	6_3	0,77
A0A7Y4J0R3	906	76,28	PF08487;PF13768;	Corallococcus coralloides (Myxococcus coralloides)	6_3	0,77
A0A2E8FJK0	799	76,26	PF08487;PF13768;	Planctomycetaceae bacterium	6_3	0,77
A0A3A8H7T3	904	76,11	PF08487;PF13768;	Corallococcus sp. CA054B	6_3	0,77
A0A815JM91	845	75,98	PF08487;PF13768;	Adineta ricciae (Rotifer)	6_3	0,77
A0A6M9PPT1	772	75,93	PF08487;PF13768;	Polynucleobacter asymbioticus	6_3	0,77
A0A814K870	830	75,89	PF08487;PF13768;	Didymodactylos carnosus	6_3	0,77
A0A287B588	822	75,83	PF08487;PF13768;	Sus scrofa (Pig)	6_3	0,77
A0A660ZTM3	873	75,69	PF08487;PF13768;	bacterium	6_3	0,77
A0A816AT46	847	74,91	PF08487;PF13768;	Rotaria sp. Silwood1	6_3	0,77
A0A7Y2YK41	709	74,58	PF08487;PF13768;	Xanthomonadales bacterium	6_3	0,77
A0A2T6DPU1	864	73,83	PF08487;PF13768;	Verrucomicrobia bacterium LW23	6_3	0,77
A0A3L7TEC1	763	73,77	PF08487;PF13768;	Planctomycetes bacterium	6_3	0,77
A0A1U7MZS7	937	73,21	PF08487;PF13768;	Moorena bouillonii PNG	6_3	0,77
A0A818SXG6	903	73,15	PF08487;PF13768;	Rotaria sordida	6_3	0,77
A0A819Y5T6	890	73,03	PF08487;PF13768;	Rotaria sp. Silwood2	6_3	0,77
A0A848KF89	1029	70,9	PF08487;PF13768;	Antrihabitans stalactiti	6_3	0,77
A0A2E7GIV6	777	70,66	PF08487;PF13768;	Alteromonadaceae bacterium	6_3	0,77
A0A2D0HEA6	657	85,28	PF08487;PF13768;	Nostoc sp. 'Peltigera malacea cyanobiont' DB3992	6_3	0,76
A0A847UYY8	718	85,23	PF08487;PF13768;	Desulfovibrionales bacterium	6_3	0,76
A0A523IF13	792	84,23	PF08487;PF13768;	Deltaproteobacteria bacterium	6_3	0,76
A0A523IF13	792	84,23	PF08487;PF13768;	Deltaproteobacteria bacterium	6_3	0,76
A0A670JN45	795	83,83	PF08487;PF13768;	Podarcis muralis (Wall lizard) (Lacerta muralis)	6_3	0,76
A0A672HXL1	765	83,74	PF08487;PF13768;	Salarias fasciatus (Jewelled blenny) (Blennius fasciatus)	6_3	0,76
A0A653ECE7	744	83,44	PF08487;PF13768;	Mycobacterium riyadhense	6_3	0,76
A0A6P7PA22	657	83,4	PF08487;PF13768;	Betta splendens (Siamese fighting fish)	6_3	0,76
A0A848Z3K6	657	83,26	PF08487;PF13768;	Inquilinus sp	6_3	0,76
A0A803JHN2	820	83,09	PF08487;PF13768;	Xenopus tropicalis (Western clawed frog) (Silurana tropicalis)	6_3	0,76
A0A1A8G431	797	82,74	PF08487;PF13768;	Nothobranchius korthausae	6_3	0,76
A0A523U2N5	831	82,69	PF08487;PF13768;	Planctomycetes bacterium	6_3	0,76
A0A1X1Y279	745	82,59	PF08487;PF13768;	Mycobacterium kubicae	6_3	0,76
A0A7V3WF34	787	82,58	PF08487;PF13768;	Armatimonadetes bacterium	6_3	0,76
A0A6P6PE01	787	82,4	PF08487;PF13768;	Carassius auratus (Goldfish)	6_3	0,76
A0A3P8UU28	790	82,36	PF08487;PF13768;	Cynoglossus semilaevis (Tongue sole)	6_3	0,76
Q0AV90	776	82,17	PF08487;PF13768;	Syntrophomonas wolfei subsp. wolfei (strain DSM 2245B / Goettingen)	6_3	0,76
A0A6P7PAL4	782	81,96	PF08487;PF13768;	Betta splendens (Siamese fighting fish)	6_3	0,76
A0A672LY89	772	81,68	PF08487;PF13768;	Sinocyclocheilus grahami (Dianchi golden-line fish) (Barbus grahami)	6_3	0,76
D6Y9B6	796	81,56	PF08487;PF13768;	Thermobispora bispora (strain ATCC 19993 / DSM 43833 / CBS 139.67 / JCM 10125 / KCTC 9307 / NBRC 14880 / R51)	6_3	0,76
A0A7Y5SJE2	810	81,43	PF08487;PF13768;	Pirellulales bacterium	6_3	0,76
A0A4W6CS31	769	81,33	PF08487;PF13768;	Lates calcarifer (Barramundi) (Holocentrus calcarifer)	6_3	0,76
Q8YNZ7	820	81,23	PF08487;PF13768;	Nostoc sp. (strain PCC 7120 / SAG 25.82 / UTEX 2576)	6_3	0,76
A0A4P5ZHP1	717	81,21	PF08487;PF13768;	Planktothrix agardhii CCAP 1459/11A	6_3	0,76
A0A2I8A2Z2	818	81,15	PF08487;PF13768;	Nostoc sp. CENA543	6_3	0,76
A0A2L0EPB9	881	81,12	PF08487;PF13768;	Sorangium cellulosum (Polyangium cellulosum)	6_3	0,76
A0A3S7UWD3	868	81,09	PF08487;PF13768;	Sorangium cellulosum (Polyangium cellulosum)	6_3	0,76
A0A668U5F2	805	80,92	PF08487;PF13768;	Oreochromis aureus (Israeli tilapia) (Chromis aureus)	6_3	0,76
A0A1T4ZMR5	835	80,9	PF08487;PF13768;	Planktothrix sp. PCC 11201	6_3	0,76
A0A7W8AAG2	783	80,86	PF08487;PF13768;	Nonomuraea endophytica	6_3	0,76
A0A846G4X5	807	80,78	PF08487;PF13768;	Okeania sp. SIO2B3	6_3	0,76
A0A1C0V744	823	80,52	PF08487;PF13768;	Limnothrix sp. P13C2	6_3	0,76
A0A6P5K6G6	685	80,43	PF08487;PF13768;	Phascolarctos cinereus (Koala)	6_3	0,76
A0A6P6ME60	808	80,3	PF08487;PF13768;	Carassius auratus (Goldfish)	6_3	0,76
G3IMX9	721	80,3	PF08487;PF13768;	Cricetulus griseus (Chinese hamster) (Cricetulus barabensis griseus)	6_3	0,76
G7PPE4	786	80,23	PF08487;PF13768;	Macaca fascicularis (Crab-eating macaque) (Cynomolgus monkey)	6_3	0,76
A0A1H7FYG9	718	80,22	PF08487;PF13768;	Maribacter orientalis	6_3	0,76
A0A671EVW5	783	80,16	PF08487;PF13768;	Rhinolophus ferrumequinum (Greater horseshoe bat)	6_3	0,76
A0A2T0SJ73	773	79,96	PF08487;PF13768;	Pseudosporangium ferrugineum	6_3	0,76
A0A437CR77	668	79,92	PF08487;PF13768;	Oryzias javanicus (Javanese ricefish) (Aplocheilus javanicus)	6_3	0,76
A0A239MX14	838	79,9	PF08487;PF13768;	Actinomadura meyerae	6_3	0,76
A0A3Q0CQR5	715	79,84	PF08487;PF13768;	Mesocricetus auratus (Golden hamster)	6_3	0,76
A0A315EHW3	809	79,79	PF08487;PF13768;	Limnohabitans sp. Bal53	6_3	0,76
A0A315EHW3	809	79,79	PF08487;PF13768;	Limnohabitans sp. Bal53	6_3	0,76
A0A3B3I0N2	726	79,4	PF08487;PF13768;	Oryzias latipes (Japanese rice fish) (Japanese killifish)	6_3	0,76
A0A0F9W7D9	662	79,35	PF08487;PF13768;	marine sediment metagenome	6_3	0,76
A0A2V8PZI0	846	79,32	PF08487;PF13768;	Acidobacteria bacterium	6_3	0,76
M2A5S7	752	79,04	PF08487;PF13768;	Rhodopirellula europaea 6C	6_3	0,76
A0A1Q3HSB5	871	79,02	PF08487;PF13768;	Archangium sp. Cb G35	6_3	0,76
A0A4W5LMV8	727	78,98	PF08487;PF13768;	Hucho hucho (huchen)	6_3	0,76
A0A7Y5V047	792	78,87	PF08487;PF13768;	Anaerolineae bacterium	6_3	0,76
A0A2G1WC14	764	78,82	PF08487;PF13768;	Rhodopirellula bahusiensis	6_3	0,76
A0A5B9MG68	775	78,63	PF08487;PF13768;	Stieleria maiorica	6_3	0,76
A0A2M8BZH3	792	78,57	PF08487;PF13768;	Deltaproteobacteria bacterium CG_4_9_14_3_um_filter_63_12	6_3	0,76
A0A822A6Q1	696	78,47	PF08487;PF13768;	Rotaria sp. Silwood1	6_3	0,76
H1XQU0	822	78,42	PF08487;PF13768;	Caldithrix abyssi DSM 13497	6_3	0,76
R5ZZJ7	742	77,93	PF08487;PF13768;	Proteobacteria bacterium CAG:139	6_3	0,76
A0A2M7G9Y2	840	77,83	PF08487;PF13768;	bacterium (Candidatus Blackallbacteria) CG17_big_fil_post_rev_8_21_14_2_50_48_46	6_3	0,76
A0A7W7HP53	851	77,71	PF08487;PF13768;	Actinoplanes lobatus	6_3	0,76
A0A2M6VML3	809	77,57	PF08487;PF13768;	Limnohabitans sp. 15K	6_3	0,76
A0A6P9CGJ5	813	77,36	PF08487;PF13768;	Pantherophis guttatus (Corn snake) (Elaphe guttata)	6_3	0,76
A0A355CHE3	849	77,18	PF08487;PF13768;	Microcoleaceae bacterium UBA10368	6_3	0,76
A0A2S6IB09	1054	77,07	PF08487;PF13768;	Lewinella xylanilytica	6_3	0,76
A0A7W0WTK0	723	77,04	PF08487;PF13768;	Deltaproteobacteria bacterium	6_3	0,76
A0A3F3G980	832	76,73	PF08487;PF13768;	Thauera sp. 28	6_3	0,76
A0A2H3L9N2	820	76,69	PF08487;PF13768;	Candidatus Chloroploca asiatica	6_3	0,76
A0A819JMW6	797	76,37	PF08487;PF13768;	Adineta steineri	6_3	0,76
A0A1G0XNZ8	740	75,94	PF08487;PF13768;	Lentisphaerae bacterium GWF2_45_14	6_3	0,76
A0A0K1EIP5	930	75,49	PF08487;PF13768;	Chondromyces crocatus	6_3	0,76
A0A7W0QCN5	764	75,45	PF08487;PF13768;	Deltaproteobacteria bacterium	6_3	0,76
A0A287B470	821	74,99	PF08487;PF13768;	Sus scrofa (Pig)	6_3	0,76
A0A814GJJ3	834	74,88	PF08487;PF13768;	Rotaria sordida	6_3	0,76
A0A426TVK4	845	74,53	PF08487;PF13768;	Candidatus Viridilinea halotolerans	6_3	0,76
A0A1G3CRN5	772	74,04	PF08487;PF13768;	Polynucleobacter sp. GWA2_45_21	6_3	0,76
A0A816L1U7	852	73,98	PF08487;PF13768;	Rotaria magnacalcarata	6_3	0,76
A0A820W017	898	73,92	PF08487;PF13768;	Rotaria socialis	6_3	0,76
A0A814LTS1	828	73,46	PF08487;PF13768;	Rotaria sordida	6_3	0,76
A0A1G1XTB7	931	73,34	PF08487;PF13768;	Candidatus Buchananbacteria bacterium RBG_13_39_9	6_3	0,76
A0A814N5X1	895	73,18	PF08487;PF13768;	Didymodactylos carnosus	6_3	0,76
A0A818MCP3	766	73,03	PF08487;PF13768;	Rotaria socialis	6_3	0,76
A0A815CRD5	853	73,01	PF08487;PF13768;	Rotaria sordida	6_3	0,76
A0A1E4F2D7	925	71,95	PF08487;PF13768;	bacterium SCN 62-11	6_3	0,76
A0A857JL20	774	70,44	PF08487;PF13768;	Paraglaciecola mesophila	6_3	0,76
F4XN22	972	70,15	PF08487;PF13768;	Moorena producens 3L	6_3	0,76
A0A668U6V3	784		PF08487;PF13768;	Oreochromis aureus (Israeli tilapia) (Chromis aureus)	6_3	0,76
A0A3Q3L115	809		PF08487;PF13768;	Mastacembelus armatus (zig-zag eel)	6_3	0,76
A0A3Q9NMQ8	685		PF08487;PF13768;	Marinobacter sp. NP-4(2019)	6_3	0,76
A0A3A8Q4E8	898		PF08487;PF13768;	Corallococcus aberystwythensis	6_3	0,76
A0A6P6PE07	772		PF08487;PF13768;	Carassius auratus (Goldfish)	6_3	0,76
A0A2V8SGA9	839		PF08487;PF13768;	Acidobacteria bacterium	6_3	0,76
A0A357A331	656	85,18	PF08487;PF13768;	Cyanobacteria bacterium UBA11691	6_3	0,75
A0A7W7XZS6	734	85,16	PF08487;PF13768;	Rehaibacterium terrae	6_3	0,75
A0A4R4TP40	648	84,91	PF08487;PF13768;	Actinomadura sp. 7K507	6_3	0,75
A0A673UP96	738	84,88	PF08487;PF13768;	Suricata suricatta (Meerkat)	6_3	0,75
A0A1S3NU64	760	84,85	PF08487;PF13768;	Salmo salar (Atlantic salmon)	6_3	0,75
I3JCB3	698	84,85	PF08487;PF13768;	Oreochromis niloticus (Nile tilapia) (Tilapia nilotica)	6_3	0,75
A0A1A8U6S6	777	84,74	PF08487;PF13768;	Nothobranchius furzeri (Turquoise killifish)	6_3	0,75
A0A672HY99	770	83,99	PF08487;PF13768;	Salarias fasciatus (Jewelled blenny) (Blennius fasciatus)	6_3	0,75
A0A3B3WVF9	759	83,93	PF08487;PF13768;	Poecilia mexicana	6_3	0,75
A0A6P0HYU7	782	83,75	PF08487;PF13768;	Okeania sp. SIO3H1	6_3	0,75
K9VS22	786	83,49	PF08487;PF13768;	Oscillatoria nigro-viridis PCC 7112	6_3	0,75
A0A4R5DMU3	665	83,47	PF08487;PF13768;	Actinomadura sp. 6K520	6_3	0,75
A0A3B4DD87	750	83,45	PF08487;PF13768;	Pygocentrus nattereri (Red-bellied piranha)	6_3	0,75
A0A6P7WYV4	783	83,42	PF08487;PF13768;	Microcaecilia unicolor	6_3	0,75
A0A672HY84	776	83,1	PF08487;PF13768;	Salarias fasciatus (Jewelled blenny) (Blennius fasciatus)	6_3	0,75
A0A670YMF9	736	83,08	PF08487;PF13768;	Pseudonaja textilis (Eastern brown snake)	6_3	0,75
F6PQ00	805	82,96	PF08487;PF13768;	Ornithorhynchus anatinus (Duckbill platypus)	6_3	0,75
A0A1S3NTR4	643	82,87	PF08487;PF13768;	Salmo salar (Atlantic salmon)	6_3	0,75
A0A6P0ZJ20	694	82,77	PF08487;PF13768;	Sphaerospermopsis sp. SIO1G2	6_3	0,75
A0A6J1VBA3	797	82,46	PF08487;PF13768;	Notechis scutatus (mainland tiger snake)	6_3	0,75
A0A2D0SCY1	792	82,28	PF08487;PF13768;	Ictalurus punctatus (Channel catfish) (Silurus punctatus)	6_3	0,75
A0A1F9MK61	748	82,17	PF08487;PF13768;	Deltaproteobacteria bacterium RIFOXYD12_FULL_53_23	6_3	0,75
A0A7C3N165	758	82,05	PF08487;PF13768;	Deltaproteobacteria bacterium	6_3	0,75
U9VUG0	799	82,02	PF08487;PF13768;	Leptolyngbya sp. Heron Island J	6_3	0,75
A0A6P6N3K0	773	81,92	PF08487;PF13768;	Carassius auratus (Goldfish)	6_3	0,75
A0A4X1VK76	780	81,73	PF08487;PF13768;	Sus scrofa (Pig)	6_3	0,75
A0A2J8N1T0	785	81,66	PF08487;PF13768;	Pan troglodytes (Chimpanzee)	6_3	0,75
A0A0N0AME9	798	81,41	PF08487;PF13768;	Saccharothrix sp. NRRL B-16348	6_3	0,75
A0A6J2QVE3	807	81,38	PF08487;PF13768;	Cottoperca gobio (Frogmouth) (Aphritis gobio)	6_3	0,75
A0A1B8XY76	848	81,36	PF08487;PF13768;	Xenopus tropicalis (Western clawed frog) (Silurana tropicalis)	6_3	0,75
A0A1T4ZA10	777	81,35	PF08487;PF13768;	Planktothrix sp. PCC 11201	6_3	0,75
A0A665UZQ8	804	81,34	PF08487;PF13768;	Echeneis naucrates (Live sharksucker)	6_3	0,75
A0A7N8XX05	808	81,21	PF08487;PF13768;	Mastacembelus armatus (zig-zag eel)	6_3	0,75
A0A6J2N3K0	783	81,16	PF08487;PF13768;	Phyllostomus discolor (pale spear-nosed bat)	6_3	0,75
A0A3B5QJ71	730	81,14	PF08487;PF13768;	Xiphophorus maculatus (Southern platyfish) (Platypoecilus maculatus)	6_3	0,75
A0A833YVI3	779	81,1	PF08487;PF13768;	Phyllostomus discolor (pale spear-nosed bat)	6_3	0,75
A0A1A3UJK9	751	80,89	PF08487;PF13768;	Mycobacterium asiaticum	6_3	0,75
A0A235HTZ7	814	80,79	PF08487;PF13768;	Nostoc sp. 'Peltigera membranacea cyanobiont' 213	6_3	0,75
A0A6P0VB62	828	80,69	PF08487;PF13768;	Symploca sp. SIO1C2	6_3	0,75
A0A1G0YSQ7	736	80,6	PF08487;PF13768;	Lentisphaerae bacterium GWF2_44_16	6_3	0,75
A0A090VEG4	717	80,59	PF08487;PF13768;	Algibacter lectus	6_3	0,75
A0A1H0IYB6	756	80,52	PF08487;PF13768;	Afipia sp. GAS231	6_3	0,75
H2Q509	785	80,24	PF08487;PF13768;	Pan troglodytes (Chimpanzee)	6_3	0,75
A0A480T2B5	783	80,19	PF08487;PF13768;	Sus scrofa (Pig)	6_3	0,75
A0A6P7JDE4	822	80,1	PF08487;PF13768;	Parambassis ranga (Indian glassy fish)	6_3	0,75
A0A7D7QLA1	830	80,09	PF08487;PF13768;	Nostoc edaphicum CCNP1411	6_3	0,75
A0A2K5HXW1	786	79,79	PF08487;PF13768;	Colobus angolensis palliatus (Peters' Angolan colobus)	6_3	0,75
K9PMF8	815	79,75	PF08487;PF13768;	Calothrix sp. PCC 7507	6_3	0,75
A0A6P6N3U5	781	79,63	PF08487;PF13768;	Carassius auratus (Goldfish)	6_3	0,75
H9FUD4	786	79,57	PF08487;PF13768;	Macaca mulatta (Rhesus macaque)	6_3	0,75
A0A4Y6CRD7	837	79,54	PF08487;PF13768;	Myxococcus xanthus	6_3	0,75
A0A1G8RGB0	773	79,49	PF08487;PF13768;	Lentzea albidocapillata subsp. violacea	6_3	0,75
A0A6P7JGB9	810	79,45	PF08487;PF13768;	Parambassis ranga (Indian glassy fish)	6_3	0,75
A0A4W6CS61	772	79,08	PF08487;PF13768;	Lates calcarifer (Barramundi) (Holocentrus calcarifer)	6_3	0,75
A0A3S4FKY4	764	79,01	PF08487;PF13768;	Mycobacterium basiliense	6_3	0,75
Q75WE7	822	78,83	PF08487;PF13768;	Rattus norvegicus (Rat)	6_3	0,75
A0A085WTY9	874	78,79	PF08487;PF13768;	Hyalangium minutum	6_3	0,75
A0A4V1ZKZ8	806	78,72	PF08487;PF13768;	bacterium	6_3	0,75
A0A3B3D6Y9	762	78,67	PF08487;PF13768;	Oryzias melastigma (Marine medaka)	6_3	0,75
K9ZM71	843	78,67	PF08487;PF13768;	Anabaena cylindrica (strain ATCC 27899 / PCC 7122)	6_3	0,75
A0A5K1VKX9	814	77,94	PF08487;PF13768;	Sus scrofa (Pig)	6_3	0,75
A0A5A9PR37	830	77,83	PF08487;PF13768;	Triplophysa tibetana	6_3	0,75
A0A3Q0CNX2	814	77,77	PF08487;PF13768;	Mesocricetus auratus (Golden hamster)	6_3	0,75
H2NFN9	811	77,56	PF08487;PF13768;	Pongo abelii (Sumatran orangutan) (Pongo pygmaeus abelii)	6_3	0,75
A0A3A8NKX7	896	77,49	PF08487;PF13768;	Corallococcus sicarius	6_3	0,75
A0A2T1ESN7	846	77,11	PF08487;PF13768;	filamentous cyanobacterium Phorm 46	6_3	0,75
S9ZSB1	826	77,07	PF08487;PF13768;	Thauera terpenica 58Eu	6_3	0,75
C4ZKE8	840	76,53	PF08487;PF13768;	Thauera sp. (strain MZ1T)	6_3	0,75
A0A3A8TE61	909	76,27	PF08487;PF13768;	Corallococcus sp. AB038B	6_3	0,75
A0A819A7M2	833	76,21	PF08487;PF13768;	Rotaria sordida	6_3	0,75
A0A815IEB6	822	76	PF08487;PF13768;	Adineta ricciae (Rotifer)	6_3	0,75
A0A1U7SSG4	821	75,91	PF08487;PF13768;	Carlito syrichta (Philippine tarsier) (Tarsius syrichta)	6_3	0,75
A0A2W4HW48	894	75,76	PF08487;PF13768;	Candidatus Melainabacteria bacterium	6_3	0,75
A0A3Q2CJK3	688	75,05	PF08487;PF13768;	Cyprinodon variegatus (Sheepshead minnow)	6_3	0,75
A0A813R588	822	74,69	PF08487;PF13768;	Adineta ricciae (Rotifer)	6_3	0,75
A0A3P9JJ41	742	74,64	PF08487;PF13768;	Oryzias latipes (Japanese rice fish) (Japanese killifish)	6_3	0,75
B9XLE8	723	74,34	PF08487;PF13768;	Pedosphaera parvula (strain Ellin514)	6_3	0,75
A0A819H3Q3	891	74,03	PF08487;PF13768;	Rotaria sp. Silwood2	6_3	0,75
A0A813VIW4	903	73,76	PF08487;PF13768;	Rotaria sordida	6_3	0,75
A0A819UZ18	683	73,15	PF08487;PF13768;	Rotaria magnacalcarata	6_3	0,75
A0A820E128	826	72,97	PF08487;PF13768;	Rotaria sp. Silwood2	6_3	0,75
A0A818HID1	850	72,26	PF08487;PF13768;	Rotaria sp. Silwood1	6_3	0,75
A0A846DD59	972	71,31	PF08487;PF13768;	Moorena sp. SIO2B7	6_3	0,75
A0A5Q4DHL1	1008	71,03	PF08487;PF13768;	Gemmatimonadales bacterium	6_3	0,75
A0A2P9IMU0	974	70,56	PF08487;PF13768;	Actinomadura parvosata subsp. kistnae	6_3	0,75
A0A661FN00	639	89,42	PF08487;PF13768;	Gammaproteobacteria bacterium	6_3	0,74
A0A2V6ZKV7	629	85,89	PF08487;PF13768;	Candidatus Rokubacteria bacterium	6_3	0,74
A0A4R4ZM85	644	85,1	PF08487;PF13768;	Actinomadura rubrisoli	6_3	0,74
A0A6P8PX89	766	84,91	PF08487;PF13768;	Geotrypetes seraphini (Gaboon caecilian) (Caecilia seraphini)	6_3	0,74
A0A3P8UBS2	736	84,88	PF08487;PF13768;	Amphiprion percula (Orange clownfish) (Lutjanus percula)	6_3	0,74
A0A6P6PDD7	779	84,49	PF08487;PF13768;	Carassius auratus (Goldfish)	6_3	0,74
A0A6P6N255	750	83,95	PF08487;PF13768;	Carassius auratus (Goldfish)	6_3	0,74
A0A6M0FQC2	782	83,49	PF08487;PF13768;	Okeania sp. SIO1I7	6_3	0,74
A0A6P8GC19	794	83,09	PF08487;PF13768;	Clupea harengus (Atlantic herring)	6_3	0,74
A0A668U8B6	784	83,03	PF08487;PF13768;	Oreochromis aureus (Israeli tilapia) (Chromis aureus)	6_3	0,74
G3SLD4	622	82,99	PF08487;PF13768;	Loxodonta africana (African elephant)	6_3	0,74
A0A6P7JGE1	743	82,98	PF08487;PF13768;	Parambassis ranga (Indian glassy fish)	6_3	0,74
A0A672F7A7	753	82,87	PF08487;PF13768;	Salarias fasciatus (Jewelled blenny) (Blennius fasciatus)	6_3	0,74
A0A3P8R0R1	781	82,47	PF08487;PF13768;	Astatotilapia calliptera (Eastern happy) (Chromis callipterus)	6_3	0,74
A0A352X340	789	82,47	PF08487;PF13768;	Cyanobacteria bacterium UBA11367	6_3	0,74
A0A7Y4K0P5	814	82,2	PF08487;PF13768;	Corallococcus exercitus	6_3	0,74
A0A3M2GA16	811	82,12	PF08487;PF13768;	Cyanobacteria bacterium J007	6_3	0,74
A0A2G6JIJ5	786	81,81	PF08487;PF13768;	Planctomycetes bacterium	6_3	0,74
A0A6P7JK47	796	81,22	PF08487;PF13768;	Parambassis ranga (Indian glassy fish)	6_3	0,74
A0A3P9I8K6	789	81,22	PF08487;PF13768;	Oryzias latipes (Japanese rice fish) (Japanese killifish)	6_3	0,74
A0A386U2H3	769	81,05	PF08487;PF13768;	Mycobacterium paragordonae	6_3	0,74
A0A6P6MDR7	805	81,05	PF08487;PF13768;	Carassius auratus (Goldfish)	6_3	0,74
A0A6P6MCY3	811	80,99	PF08487;PF13768;	Carassius auratus (Goldfish)	6_3	0,74
A0A6J2UN99	787	80,19	PF08487;PF13768;	Chanos chanos (Milkfish) (Mugil chanos)	6_3	0,74
A0A6J0ZD07	781	80,16	PF08487;PF13768;	Odocoileus virginianus texanus	6_3	0,74
A0A5S3PPL1	717	80,01	PF08487;PF13768;	Maribacter algarum	6_3	0,74
A0A4P5W125	795	79,98	PF08487;PF13768;	Deltaproteobacteria bacterium	6_3	0,74
A0A2W5T7H1	832	79,83	PF08487;PF13768;	Archangium gephyra	6_3	0,74
A0A3Q1JFB8	765	79,82	PF08487;PF13768;	Anabas testudineus (Climbing perch) (Anthias testudineus)	6_3	0,74
A0A665UZL7	837	79,8	PF08487;PF13768;	Echeneis naucrates (Live sharksucker)	6_3	0,74
A0A3C1NDS0	771	79,78	PF08487;PF13768;	Hyphomicrobiales bacterium	6_3	0,74
A0A848LIY4	875	79,74	PF08487;PF13768;	Pyxidicoccus fallax	6_3	0,74
A0A6P7JDK4	822	79,54	PF08487;PF13768;	Parambassis ranga (Indian glassy fish)	6_3	0,74
A0A6J0CEN7	777	79,39	PF08487;PF13768;	Peromyscus maniculatus bairdii (Prairie deer mouse)	6_3	0,74
A0A6N2DVN6	743	79,25	PF08487;PF13768;	Rhodospirillales bacterium	6_3	0,74
A0A259ITM6	775	79,24	PF08487;PF13768;	Polynucleobacter sp. 39-46-10	6_3	0,74
A0A2K6PU31	790	78,98	PF08487;PF13768;	Rhinopithecus roxellana (Golden snub-nosed monkey) (Pygathrix roxellana)	6_3	0,74
A0A672HXG0	741	78,81	PF08487;PF13768;	Salarias fasciatus (Jewelled blenny) (Blennius fasciatus)	6_3	0,74
A0A6P6MBZ8	809	78,71	PF08487;PF13768;	Carassius auratus (Goldfish)	6_3	0,74
A0A511HHJ1	861	78,59	PF08487;PF13768;	Myxococcus virescens	6_3	0,74
A0A257FWF1	809	78,53	PF08487;PF13768;	Comamonadaceae bacterium PBBC2	6_3	0,74
A0A285IMD4	823	78,41	PF08487;PF13768;	Actinoplanes atraurantiacus	6_3	0,74
A0A6P0MLN3	844	78,36	PF08487;PF13768;	Symploca sp. SIO2C1	6_3	0,74
A0A0C3N0Q8	832	78,09	PF08487;PF13768;	Thauera sp. SWB20	6_3	0,74
A0A3P9BJ67	804	78,02	PF08487;PF13768;	Maylandia zebra (zebra mbuna)	6_3	0,74
A0A5N3XSN0	811	77,76	PF08487;PF13768;	Muntiacus reevesi (Reeves' muntjac) (Cervus reevesi)	6_3	0,74
A0A554WUW4	813	77,74	PF08487;PF13768;	Tepidimonas sediminis	6_3	0,74
A0A5C1WNV4	780	77,5	PF08487;PF13768;	Labrys sp. KNU-23	6_3	0,74
A0A6J2UPQ3	870	77,46	PF08487;PF13768;	Chanos chanos (Milkfish) (Mugil chanos)	6_3	0,74
A0A3B4X7E0	754	77,26	PF08487;PF13768;	Seriola lalandi dorsalis	6_3	0,74
A0A672HY89	734	77,17	PF08487;PF13768;	Salarias fasciatus (Jewelled blenny) (Blennius fasciatus)	6_3	0,74
A0A2R3QEY7	777	77	PF08487;PF13768;	Melaminivora sp. SC2-9	6_3	0,74
A0A7V9RDB9	728	76,88	PF08487;PF13768;	Deltaproteobacteria bacterium	6_3	0,74
H3AU12	851	76,86	PF08487;PF13768;	Latimeria chalumnae (Coelacanth)	6_3	0,74
A0A3A8H6T2	910	76,82	PF08487;PF13768;	Corallococcus sp. AB011P	6_3	0,74
A0A821RJJ8	700	76,75	PF08487;PF13768;	Rotaria sp. Silwood1	6_3	0,74
A0A2G4F0G8	863	76,68	PF08487;PF13768;	Tychonema bourrellyi FEM_GT703	6_3	0,74
A0A821XC37	834	76,44	PF08487;PF13768;	Rotaria sp. Silwood1	6_3	0,74
A0A3Q3KPW2	746	76,03	PF08487;PF13768;	Mastacembelus armatus (zig-zag eel)	6_3	0,74
A0A4Q6JCX8	661	75,83	PF08487;PF13768;	Pseudoalteromonas sp. MEBiC 03485	6_3	0,74
A0A814JVS2	696	75,68	PF08487;PF13768;	Rotaria sordida	6_3	0,74
A0A821VAL4	847	75,05	PF08487;PF13768;	Rotaria sp. Silwood1	6_3	0,74
A0A1V5IL87	800	74,39	PF08487;PF13768;	Euryarchaeota archaeon ADurb.BinA087	6_3	0,74
A0A7W0VNV1	783	74,21	PF08487;PF13768;	Deltaproteobacteria bacterium	6_3	0,74
A0A848V2P9	712	73,8	PF08487;PF13768;	Hellea sp	6_3	0,74
A0A7Z9G7Y8	825	72,92	PF08487;PF13768;	Myxococcales bacterium	6_3	0,74
A0A6L9Y8E1	937	72,18	PF08487;PF13768;	Moorena sp. SIO3E8	6_3	0,74
A0A815CHW0	907	71,29	PF08487;PF13768;	Adineta steineri	6_3	0,74
X8FGN6	770	71,01	PF08487;PF13768;	Mycobacterium ulcerans str. Harvey	6_3	0,74
A0A673ZBD4	735		PF08487;PF13768;	Salmo trutta (Brown trout)	6_3	0,74
A0A1C0VTT9	874		PF08487;PF13768;	Oscillatoriales cyanobacterium USR001	6_3	0,74
A0A661CWD1	889		PF08487;PF13768;	Gammaproteobacteria bacterium	6_3	0,74
A0A0K2SJB2	806	87,54	PF08487;PF13768;	Limnochorda pilosa	6_3	0,73
A0A2E2NS84	743	84,61	PF08487;PF13768;	Deltaproteobacteria bacterium	6_3	0,73
A0A164A5B2	744	84,41	PF08487;PF13768;	Mycobacterium ostraviense	6_3	0,73
A0A1J1LQ15	777	84,28	PF08487;PF13768;	Planktothrix tepida PCC 9214	6_3	0,73
A0A4W6CSJ7	755	84,04	PF08487;PF13768;	Lates calcarifer (Barramundi) (Holocentrus calcarifer)	6_3	0,73
A0A7Z7N8F4	735	83,83	PF08487;PF13768;	Mycobacterium simulans	6_3	0,73
A0A6P6JFD7	788	83,51	PF08487;PF13768;	Carassius auratus (Goldfish)	6_3	0,73
A0A1F4A2S3	754	83,41	PF08487;PF13768;	Betaproteobacteria bacterium RIFCSPLOWO2_02_64_14	6_3	0,73
A0A5A9PSR9	792	83,4	PF08487;PF13768;	Triplophysa tibetana	6_3	0,73
A0A372DLQ7	793	83,37	PF08487;PF13768;	Limnothrix sp. CACIAM 69d	6_3	0,73
A0A355DNJ0	802	83,11	PF08487;PF13768;	Cyanobacteria bacterium UBA11162	6_3	0,73
A0A1Q7MD82	783	82,85	PF08487;PF13768;	Deltaproteobacteria bacterium 13_1_40CM_3_69_14	6_3	0,73
A0A3M1W6K3	772	82,76	PF08487;PF13768;	Acidobacteria bacterium	6_3	0,73
A0A239C2W2	770	82,67	PF08487;PF13768;	Streptosporangium subroseum	6_3	0,73
A0A4W2ICP0	753	82,58	PF08487;PF13768;	Bos indicus x Bos taurus (Hybrid cattle)	6_3	0,73
A0A4U3M9D6	788	82,39	PF08487;PF13768;	Herbidospora galbida	6_3	0,73
A0A7W9MFE6	777	82,15	PF08487;PF13768;	Streptosporangium becharense	6_3	0,73
A0A7V7WYZ7	754	82,12	PF08487;PF13768;	Burkholderiaceae bacterium	6_3	0,73
A0A6G9SC06	816	81,99	PF08487;PF13768;	Tolypothrix sp. PCC 7910	6_3	0,73
A0A521NDC7	773	81,93	PF08487;PF13768;	Variovorax sp	6_3	0,73
A0A4X1VDH8	783	81,88	PF08487;PF13768;	Sus scrofa (Pig)	6_3	0,73
A0A7Y9GJH6	806	81,72	PF08487;PF13768;	Actinomadura citrea	6_3	0,73
A0A2K5WGB0	786	81,6	PF08487;PF13768;	Macaca fascicularis (Crab-eating macaque) (Cynomolgus monkey)	6_3	0,73
A0A671W736	758	81,14	PF08487;PF13768;	Sparus aurata (Gilthead sea bream)	6_3	0,73
A0A665V2C5	775	80,85	PF08487;PF13768;	Echeneis naucrates (Live sharksucker)	6_3	0,73
A0A2V8P1S2	852	80,67	PF08487;PF13768;	Acidobacteria bacterium	6_3	0,73
N6VBY7	695	80,55	PF08487;PF13768;	Rhizobium freirei PRF 81	6_3	0,73
A0A673BQZ6	827	80,55	PF08487;PF13768;	Sphaeramia orbicularis (orbiculate cardinalfish)	6_3	0,73
A0A1U7Q528	808	80,54	PF08487;PF13768;	Mesocricetus auratus (Golden hamster)	6_3	0,73
A0A2J8X032	786	80,34	PF08487;PF13768;	Pongo abelii (Sumatran orangutan) (Pongo pygmaeus abelii)	6_3	0,73
A0YYN3	843	80,15	PF08487;PF13768;	Lyngbya sp. (strain PCC 8106) (Lyngbya aestuarii (strain CCY9616))	6_3	0,73
A0A6J1XJC9	738	80,06	PF08487;PF13768;	Acinonyx jubatus (Cheetah)	6_3	0,73
A0A428YXC9	831	80,04	PF08487;PF13768;	Kibdelosporangium aridum	6_3	0,73
A0A4X1VK71	783	79,95	PF08487;PF13768;	Sus scrofa (Pig)	6_3	0,73
A0A4S3K537	779	79,55	PF08487;PF13768;	Panacagrimonas perspica	6_3	0,73
A0A2K5YI15	786	79,54	PF08487;PF13768;	Mandrillus leucophaeus (Drill) (Papio leucophaeus)	6_3	0,73
A0A1V6K0H8	767	79,51	PF08487;PF13768;	candidate division Hyd24-12 bacterium ADurb.Bin004	6_3	0,73
A0A6P0T9G5	858	79,39	PF08487;PF13768;	Cyanothece sp. SIO2G6	6_3	0,73
A0A1H0WBE5	778	79,19	PF08487;PF13768;	Lentzea jiangxiensis	6_3	0,73
A0A7W5DUM0	764	79,09	PF08487;PF13768;	Rhodopirellula rubra	6_3	0,73
A0A6P6MCY7	797	79,03	PF08487;PF13768;	Carassius auratus (Goldfish)	6_3	0,73
A0A290ZNK3	825	78,96	PF08487;PF13768;	Thauera sp. K11	6_3	0,73
A0A4Y3HYY5	682	78,83	PF08487;PF13768;	Vibrio inusitatus NBRC 102082	6_3	0,73
E3FFX7	881	78,5	PF08487;PF13768;	Stigmatella aurantiaca (strain DW4/3-1)	6_3	0,73
A0A1D1W5R8	811	78,07	PF08487;PF13768;	Ramazzottius varieornatus (Water bear) (Tardigrade)	6_3	0,73
F7IDW8	789	78,06	PF08487;PF13768;	Callithrix jacchus (White-tufted-ear marmoset)	6_3	0,73
A0A386U164	866	77,83	PF08487;PF13768;	Mycobacterium paragordonae	6_3	0,73
F1S8Z3	765	77,37	PF08487;PF13768;	Sus scrofa (Pig)	6_3	0,73
A0A0C3N3N3	826	77,24	PF08487;PF13768;	Thauera sp. SWB20	6_3	0,73
A0A0G2ZER9	895	77,21	PF08487;PF13768;	Archangium gephyra	6_3	0,73
A0A561WLU3	809	77,04	PF08487;PF13768;	Actinoplanes teichomyceticus	6_3	0,73
A0A3A8I508	900	77	PF08487;PF13768;	Corallococcus terminator	6_3	0,73
A0A7V1W985	887	76,74	PF08487;PF13768;	Chthonomonadales bacterium	6_3	0,73
A0A6J1V9S6	799	76,21	PF08487;PF13768;	Notechis scutatus (mainland tiger snake)	6_3	0,73
A0A3D4GF40	742	75,52	PF08487;PF13768;	Sutterellaceae bacterium	6_3	0,73
A0A818VKB5	847	75,49	PF08487;PF13768;	Rotaria sp. Silwood1	6_3	0,73
A0A820R358	833	75,22	PF08487;PF13768;	Rotaria sp. Silwood2	6_3	0,73
A0A6M8WAS4	822	74,86	PF08487;PF13768;	Planctomycetes bacterium	6_3	0,73
A0A7V7DUY0	1234	74,67	PF08487;PF13768;	Planctomycetes bacterium	6_3	0,73
A0A7S7NTV4	798	74,65	PF08487;PF13768;	Paludibaculum fermentans	6_3	0,73
A0A3B3BNL6	750	74,58	PF08487;PF13768;	Oryzias melastigma (Marine medaka)	6_3	0,73
A0A818U811	844	74,49	PF08487;PF13768;	Rotaria sp. Silwood1	6_3	0,73
A0A3B4UDX2	755	74,22	PF08487;PF13768;	Seriola dumerili (Greater amberjack) (Caranx dumerili)	6_3	0,73
A0A817E9D3	834	74,03	PF08487;PF13768;	Rotaria sp. Silwood2	6_3	0,73
A0A2H5VUN9	835	73,08	PF08487;PF13768;	bacterium HR09	6_3	0,73
A0A813VXM2	903	73,06	PF08487;PF13768;	Rotaria sordida	6_3	0,73
A0A0F3GMA9	824	72,13	PF08487;PF13768;	Candidatus Magnetobacterium bavaricum	6_3	0,73
A0A821SY24	898	71,97	PF08487;PF13768;	Rotaria socialis	6_3	0,73
A0A3E0P9I4	978	71,81	PF08487;PF13768;	Acidobacteria bacterium	6_3	0,73
A0A818ND25	903	71,61	PF08487;PF13768;	Rotaria sordida	6_3	0,73
A0A1C7HKG1	807	71,38	PF08487;PF13768;	Burkholderiales bacterium YL45	6_3	0,73
A0A3P9JJP2	709	70,15	PF08487;PF13768;	Oryzias latipes (Japanese rice fish) (Japanese killifish)	6_3	0,73
H2MGI0	742	84,99	PF08487;PF13768;	Oryzias latipes (Japanese rice fish) (Japanese killifish)	6_3	0,72
A0A2L2NFL5	771	84,54	PF08487;PF13768;	Nostoc sp. 'Peltigera membranacea cyanobiont' N6	6_3	0,72
A0A4R4L5Z5	650	84,44	PF08487;PF13768;	Actinomadura sp. KC216	6_3	0,72
A0A6P6PER6	788	84,26	PF08487;PF13768;	Carassius auratus (Goldfish)	6_3	0,72
A0A1A8AZV8	777	84,14	PF08487;PF13768;	Nothobranchius furzeri (Turquoise killifish)	6_3	0,72
O00534	786	83,78	PF08487;PF13768;	Homo sapiens (Human)	6_3	0,72
A0A0S7FL11	790	83,63	PF08487;PF13768;	Poeciliopsis prolifica (blackstripe livebearer)	6_3	0,72
A0A6P7JGS7	774	83,61	PF08487;PF13768;	Parambassis ranga (Indian glassy fish)	6_3	0,72
A0A670JN23	795	83,32	PF08487;PF13768;	Podarcis muralis (Wall lizard) (Lacerta muralis)	6_3	0,72
A0A3P9JJ55	774	83,19	PF08487;PF13768;	Oryzias latipes (Japanese rice fish) (Japanese killifish)	6_3	0,72
A0A7J6AEN1	776	83,1	PF08487;PF13768;	Ameiurus melas (Black bullhead) (Silurus melas)	6_3	0,72
A0A6P4URU2	738	83,06	PF08487;PF13768;	Panthera pardus (Leopard) (Felis pardus)	6_3	0,72
A0A350Y297	804	83,05	PF08487;PF13768;	Cyanobacteria bacterium UBA11370	6_3	0,72
A0A2U8FWF5	718	82,51	PF08487;PF13768;	Aquabacterium olei	6_3	0,72
A0A1V4RG91	765	82,17	PF08487;PF13768;	Gemmatimonadaceae bacterium 4484_173	6_3	0,72
A0A6P7JGD4	790	81,88	PF08487;PF13768;	Parambassis ranga (Indian glassy fish)	6_3	0,72
D2B6D8	774	81,65	PF08487;PF13768;	Streptosporangium roseum (strain ATCC 12428 / DSM 43021 / JCM 3005 / NI 9100)	6_3	0,72
A0A3B0YK35	769	81,59	PF08487;PF13768;	hydrothermal vent metagenome	6_3	0,72
A0A2W2HV51	798	81,38	PF08487;PF13768;	Spongiactinospora gelatinilytica	6_3	0,72
A0A2G6E0H7	671	81,23	PF08487;PF13768;	candidate division KSB3 bacterium	6_3	0,72
A0A7J7UHK1	731	81,1	PF08487;PF13768;	Pipistrellus kuhlii (Kuhl's pipistrelle)	6_3	0,72
A0A1V6FAY0	734	80,96	PF08487;PF13768;	Candidatus Cloacimonetes bacterium ADurb.Bin088	6_3	0,72
A0A452RE94	777	80,82	PF08487;PF13768;	Ursus americanus (American black bear) (Euarctos americanus)	6_3	0,72
A0A840PKY2	815	80,78	PF08487;PF13768;	Thermocatellispora tengchongensis	6_3	0,72
A0A1M3MXH6	839	80,71	PF08487;PF13768;	Myxococcales bacterium 68-20	6_3	0,72
U5W3V6	778	80,67	PF08487;PF13768;	Actinoplanes friuliensis DSM 7358	6_3	0,72
A0A6P0P3F3	807	80,65	PF08487;PF13768;	Okeania sp. SIO2F5	6_3	0,72
A0A154R472	733	80,64	PF08487;PF13768;	Rhodanobacter sp. FW510-R10	6_3	0,72
A0A252DQ48	828	80,53	PF08487;PF13768;	Nostoc sp. 106C	6_3	0,72
A0A073CJE1	835	80,46	PF08487;PF13768;	Planktothrix agardhii NIVA-CYA 126/8	6_3	0,72
A0A6J0UST0	780	80,31	PF08487;PF13768;	Pogona vitticeps (central bearded dragon)	6_3	0,72
A0A6M0SEI3	834	80,21	PF08487;PF13768;	Leptolyngbyaceae cyanobacterium CCMR0082	6_3	0,72
A0A0H2UH90	802	80,08	PF08487;PF13768;	Rattus norvegicus (Rat)	6_3	0,72
A0A4R1WS60	798	80,02	PF08487;PF13768;	Kribbella sp. VKM Ac-2568	6_3	0,72
A0A1B8XYE3	876	79,96	PF08487;PF13768;	Xenopus tropicalis (Western clawed frog) (Silurana tropicalis)	6_3	0,72
A0A1E5A280	717	79,95	PF08487;PF13768;	Chromatiales bacterium (ex Bugula neritina AB1)	6_3	0,72
A0A832HJ35	722	79,93	PF08487;PF13768;	Phycisphaerae bacterium	6_3	0,72
A0A3P9C8P9	765	79,91	PF08487;PF13768;	Maylandia zebra (zebra mbuna)	6_3	0,72
A0A7W7HYL4	778	79,7	PF08487;PF13768;	Actinoplanes digitatis	6_3	0,72
U7Q969	843	79,63	PF08487;PF13768;	Lyngbya aestuarii BL J	6_3	0,72
A0A674NQH8	812	79,35	PF08487;PF13768;	Takifugu rubripes (Japanese pufferfish) (Fugu rubripes)	6_3	0,72
A0A7Y6UKE1	721	79,33	PF08487;PF13768;	Kofleriaceae bacterium	6_3	0,72
A0A1G8H4X3	814	79,32	PF08487;PF13768;	Nonomuraea jiangxiensis	6_3	0,72
A0A286C833	815	79,15	PF08487;PF13768;	Nitrosovibrio sp. Nv4	6_3	0,72
A0A849DG94	780	79,12	PF08487;PF13768;	Dactylosporangium sp	6_3	0,72
A0A847JPR1	862	79,06	PF08487;PF13768;	Chthonomonadales bacterium	6_3	0,72
A0A3Q7T455	782	79,03	PF08487;PF13768;	Vulpes vulpes (Red fox)	6_3	0,72
A0A803KEC9	876	79,01	PF08487;PF13768;	Xenopus tropicalis (Western clawed frog) (Silurana tropicalis)	6_3	0,72
A0A087XS08	801	78,29	PF08487;PF13768;	Poecilia formosa (Amazon molly) (Limia formosa)	6_3	0,72
A0A6I8NMD2	814	78,17	PF08487;PF13768;	Ornithorhynchus anatinus (Duckbill platypus)	6_3	0,72
A0A543AQF7	873	77,86	PF08487;PF13768;	Stackebrandtia endophytica	6_3	0,72
A0A7Y2H9H8	727	77,54	PF08487;PF13768;	Saprospiraceae bacterium	6_3	0,72
A0A6P7JDL5	822	77,42	PF08487;PF13768;	Parambassis ranga (Indian glassy fish)	6_3	0,72
A0A257ED82	839	77,34	PF08487;PF13768;	Comamonadaceae bacterium PBBC1	6_3	0,72
A0A669AVG4	829	77,18	PF08487;PF13768;	Oreochromis niloticus (Nile tilapia) (Tilapia nilotica)	6_3	0,72
A0A817S6C8	828	77,02	PF08487;PF13768;	Rotaria socialis	6_3	0,72
W2EZ49	854	76,95	PF08487;PF13768;	Microbispora sp. ATCC PTA-5024	6_3	0,72
A0A817TV11	819	76,86	PF08487;PF13768;	Rotaria socialis	6_3	0,72
A0A431LK60	901	76,73	PF08487;PF13768;	Candidatus Melainabacteria bacterium	6_3	0,72
A0A4W6EHY6	744	76,69	PF08487;PF13768;	Lates calcarifer (Barramundi) (Holocentrus calcarifer)	6_3	0,72
A0A3A8RX03	904	76,52	PF08487;PF13768;	Corallococcus sp. AB032C	6_3	0,72
A6G415	877	76,31	PF08487;PF13768;	Plesiocystis pacifica SIR-1	6_3	0,72
A0A819PQZ7	817	76,06	PF08487;PF13768;	Rotaria sordida	6_3	0,72
A0A7N8YAR1	711	75,35	PF08487;PF13768;	Mastacembelus armatus (zig-zag eel)	6_3	0,72
A0A287A9W6	824	75,26	PF08487;PF13768;	Sus scrofa (Pig)	6_3	0,72
A0A815ET57	806	75,22	PF08487;PF13768;	Rotaria magnacalcarata	6_3	0,72
A0A2V8IUI6	713	74,9	PF08487;PF13768;	Acidobacteria bacterium	6_3	0,72
A0A814WDI6	834	74,68	PF08487;PF13768;	Rotaria sordida	6_3	0,72
A0A845Y413	879	74,54	PF08487;PF13768;	Symploca sp. SIO2G7	6_3	0,72
A0A7K4A0N6	804	73,8	PF08487;PF13768;	Methanomicrobiales archaeon	6_3	0,72
A0A845WGV5	937	73,16	PF08487;PF13768;	Moorena sp. SIO4G3	6_3	0,72
A0A815N065	877	72,96	PF08487;PF13768;	Adineta ricciae (Rotifer)	6_3	0,72
A0A6N8X9F5	786	72,09	PF08487;PF13768;	Gammaproteobacteria bacterium	6_3	0,72
A0A819P9Y5	831	71,64	PF08487;PF13768;	Rotaria sordida	6_3	0,72
A0A3L7HSQ8	776	70,8	PF08487;PF13768;	Cricetulus griseus (Chinese hamster) (Cricetulus barabensis griseus)	6_3	0,72
A0A6P0WT83	882	70,78	PF08487;PF13768;	Caldora sp. SIO3E6	6_3	0,72
A0A8B5XMN7	850	70,64	PF08487;PF13768;	Sphaerobacteraceae bacterium	6_3	0,72
A0A2W5SY08	900	70,35	PF08487;PF13768;	Archangium gephyra	6_3	0,72
A0A817IVS4	833	70,09	PF08487;PF13768;	Rotaria sp. Silwood2	6_3	0,72
A0A846ELP3	798		PF08487;PF13768;	Sphaerospermopsis sp. SIO1G1	6_3	0,72
A0A850GEH8	869		PF08487;PF13768;	Pseudenhygromyxa sp. WMMC2535	6_3	0,72
A0A369W9B4	778		PF08487;PF13768;	Motiliproteus coralliicola	6_3	0,72
A0A520X879	735		PF08487;PF13768;	Chromatiales bacterium	6_3	0,72
A0A6P7P882	783		PF08487;PF13768;	Betta splendens (Siamese fighting fish)	6_3	0,72
A0A6P6PFW4	770	85,28	PF08487;PF13768;	Carassius auratus (Goldfish)	6_3	0,71
A0A1X0LC44	744	84,6	PF08487;PF13768;	Mycobacterium persicum	6_3	0,71
A0A671W717	739	84,13	PF08487;PF13768;	Sparus aurata (Gilthead sea bream)	6_3	0,71
Q6PF43	793	84,07	PF08487;PF13768;	Xenopus laevis (African clawed frog)	6_3	0,71
A0A3Q1BFV6	770	83,69	PF08487;PF13768;	Amphiprion ocellaris (Clown anemonefish)	6_3	0,71
A0A0S7FDB1	776	83,65	PF08487;PF13768;	Poeciliopsis prolifica (blackstripe livebearer)	6_3	0,71
A0A6I8Q402	783	83,56	PF08487;PF13768;	Xenopus tropicalis (Western clawed frog) (Silurana tropicalis)	6_3	0,71
A0A4W6CSJ2	743	83,54	PF08487;PF13768;	Lates calcarifer (Barramundi) (Holocentrus calcarifer)	6_3	0,71
A0A3P8P763	765	83,5	PF08487;PF13768;	Astatotilapia calliptera (Eastern happy) (Chromis callipterus)	6_3	0,71
A0A6J0UQQ6	803	83,2	PF08487;PF13768;	Pogona vitticeps (central bearded dragon)	6_3	0,71
A0A1A3P5P2	738	83,18	PF08487;PF13768;	Mycobacterium asiaticum	6_3	0,71
A0A7I7LD24	772	82,83	PF08487;PF13768;	Mycobacterium shottsii	6_3	0,71
A0A402CSE5	778	82,75	PF08487;PF13768;	Capsulimonas corticalis	6_3	0,71
U7QDN7	790	82,7	PF08487;PF13768;	Lyngbya aestuarii BL J	6_3	0,71
A0A6B2FE13	788	82,44	PF08487;PF13768;	Bothriechis nubestris	6_3	0,71
A0A1X2CJJ0	744	82,21	PF08487;PF13768;	Mycobacterium riyadhense	6_3	0,71
B0TSG0	761	81,97	PF08487;PF13768;	Shewanella halifaxensis (strain HAW-EB4)	6_3	0,71
A0A3Q1CRR7	766	81,95	PF08487;PF13768;	Amphiprion ocellaris (Clown anemonefish)	6_3	0,71
A0A534WIA6	786	81,79	PF08487;PF13768;	Deltaproteobacteria bacterium	6_3	0,71
A0A1A7YY31	796	81,7	PF08487;PF13768;	Iconisemion striatum	6_3	0,71
A0A7N9CHL8	781	81,41	PF08487;PF13768;	Macaca fascicularis (Crab-eating macaque) (Cynomolgus monkey)	6_3	0,71
A0A352AQH0	813	81,4	PF08487;PF13768;	Cyanobacteria bacterium UBA9273	6_3	0,71
A0A2M7Y2H2	786	81,36	PF08487;PF13768;	Rhodocyclales bacterium CG_4_9_14_3_um_filter_68_10	6_3	0,71
A0A0M4TK81	813	81,26	PF08487;PF13768;	Nostoc piscinale CENA21	6_3	0,71
A0A7J6BKP6	810	80,97	PF08487;PF13768;	Onychostoma macrolepis	6_3	0,71
A0A7C1QA50	715	80,78	PF08487;PF13768;	Maribacter sp	6_3	0,71
A0A256BE77	821	80,74	PF08487;PF13768;	Pseudanabaena sp. SR411	6_3	0,71
A0A1Z4FZQ7	826	80,71	PF08487;PF13768;	Calothrix sp. NIES-2098	6_3	0,71
A0A6P9CIH6	807	80,64	PF08487;PF13768;	Pantherophis guttatus (Corn snake) (Elaphe guttata)	6_3	0,71
A0A243QXJ3	773	80,51	PF08487;PF13768;	Streptosporangium minutum	6_3	0,71
A0A1F4NGN9	789	80,21	PF08487;PF13768;	Burkholderiales bacterium RIFOXYC12_FULL_65_23	6_3	0,71
A0A1Q3MKB1	772	79,95	PF08487;PF13768;	Armatimonadetes bacterium 55-13	6_3	0,71
A0A1F5TBI6	758	79,93	PF08487;PF13768;	Candidatus Falkowbacteria bacterium RIFOXYC2_FULL_48_21	6_3	0,71
A0A3Q1JKJ7	720	79,83	PF08487;PF13768;	Anabas testudineus (Climbing perch) (Anthias testudineus)	6_3	0,71
A0A3Q7SEY9	785	79,8	PF08487;PF13768;	Vulpes vulpes (Red fox)	6_3	0,71
D1A557	795	79,8	PF08487;PF13768;	Thermomonospora curvata (strain ATCC 19995 / DSM 43183 / JCM 3096 / KCTC 9072 / NBRC 15933 / NCIMB 10081 / Henssen B9)	6_3	0,71
A0A6N0ZEZ1	784	79,76	PF08487;PF13768;	Candidatus Accumulibacter sp	6_3	0,71
A0A7X7JPZ3	796	79,69	PF08487;PF13768;	Dehalococcoidia bacterium	6_3	0,71
A0A4X1VHG0	757	79,6	PF08487;PF13768;	Sus scrofa (Pig)	6_3	0,71
A0A2M8BZ70	883	79,3	PF08487;PF13768;	Deltaproteobacteria bacterium CG_4_9_14_3_um_filter_63_12	6_3	0,71
A0A0K3B049	846	79,15	PF08487;PF13768;	Kibdelosporangium sp. MJ126-NF4	6_3	0,71
A0A7W7FZS7	827	78,99	PF08487;PF13768;	Actinoplanes abujensis	6_3	0,71
A0A1J0AAI8	775	78,86	PF08487;PF13768;	Gloeomargarita lithophora Alchichica-D10	6_3	0,71
D0QYP1	791	78,81	PF08487;PF13768;	Salmo salar (Atlantic salmon)	6_3	0,71
A0A4R6KKS2	821	78,76	PF08487;PF13768;	Kribbella sp. VKM Ac-2527	6_3	0,71
A6G7V2	820	78,75	PF08487;PF13768;	Plesiocystis pacifica SIR-1	6_3	0,71
A0A674NS60	812	78,74	PF08487;PF13768;	Takifugu rubripes (Japanese pufferfish) (Fugu rubripes)	6_3	0,71
A0A1I5ERM8	820	78,61	PF08487;PF13768;	Actinomadura madurae	6_3	0,71
A0A6P9C8L1	814	78,6	PF08487;PF13768;	Pantherophis guttatus (Corn snake) (Elaphe guttata)	6_3	0,71
A0A6P6MBZ1	810	78,18	PF08487;PF13768;	Carassius auratus (Goldfish)	6_3	0,71
A0A671W6X4	695	78,11	PF08487;PF13768;	Sparus aurata (Gilthead sea bream)	6_3	0,71
A0A814HP33	696	77,72	PF08487;PF13768;	Rotaria sordida	6_3	0,71
A0A534NYJ9	812	77,66	PF08487;PF13768;	Deltaproteobacteria bacterium	6_3	0,71
A0A3L7RTI6	736	77,52	PF08487;PF13768;	Planctomycetes bacterium	6_3	0,71
A0A819A374	672	77,5	PF08487;PF13768;	Rotaria sordida	6_3	0,71
A0A817SPB4	826	77,28	PF08487;PF13768;	Rotaria sp. Silwood2	6_3	0,71
A0A1I1WBA7	884	77,2	PF08487;PF13768;	Nannocystis exedens	6_3	0,71
A0A5S4GW00	845	77,19	PF08487;PF13768;	Nonomuraea zeae	6_3	0,71
A0A485P667	790	77,1	PF08487;PF13768;	Lynx pardinus (Iberian lynx) (Felis pardina)	6_3	0,71
A0A7V1XYF1	897	77,09	PF08487;PF13768;	Acidobacteriales bacterium	6_3	0,71
A0A4D9DPF7	782	77,03	PF08487;PF13768;	Platysternon megacephalum (big-headed turtle)	6_3	0,71
A0A7W7M8H1	834	76,81	PF08487;PF13768;	Actinoplanes octamycinicus	6_3	0,71
A0A7W0T3J2	757	76,7	PF08487;PF13768;	Deltaproteobacteria bacterium	6_3	0,71
A0A2W4IHE3	905	76,51	PF08487;PF13768;	Candidatus Melainabacteria bacterium	6_3	0,71
A0A2U9B5Z2	770	76,49	PF08487;PF13768;	Scophthalmus maximus (Turbot) (Psetta maxima)	6_3	0,71
A0A7X7S176	782	76,44	PF08487;PF13768;	Fibrobacter sp	6_3	0,71
A0A315CIC2	845	76,14	PF08487;PF13768;	Limnohabitans sp. Jir72	6_3	0,71
A0A3B4XP11	703	76,13	PF08487;PF13768;	Seriola lalandi dorsalis	6_3	0,71
A0A818A7W7	833	76,08	PF08487;PF13768;	Rotaria sp. Silwood1	6_3	0,71
A0A1H1ZLP8	913	75,1	PF08487;PF13768;	Actinoplanes derwentensis	6_3	0,71
A0A814FCG9	833	74,58	PF08487;PF13768;	Rotaria sordida	6_3	0,71
A0A7Y5NTL0	799	73,91	PF08487;PF13768;	Polyangiaceae bacterium	6_3	0,71
A0A6M5YZA6	873	73,31	PF08487;PF13768;	Frigoriglobus tundricola	6_3	0,71
A0A821FH49	868	72,75	PF08487;PF13768;	Rotaria sp. Silwood1	6_3	0,71
A0A818AGR5	898	72,46	PF08487;PF13768;	Rotaria socialis	6_3	0,71
A0A6L8EM91	738	72,31	PF08487;PF13768;	Gammaproteobacteria bacterium	6_3	0,71
A0A819CEK7	830	71,73	PF08487;PF13768;	Rotaria sordida	6_3	0,71
A0A6P0W1K9	967	71,29	PF08487;PF13768;	Moorena sp. SIO3A2	6_3	0,71
I3JSD1	728	85,27	PF08487;PF13768;	Oreochromis niloticus (Nile tilapia) (Tilapia nilotica)	6_3	0,7
A0A2D0SCY6	765	85	PF08487;PF13768;	Ictalurus punctatus (Channel catfish) (Silurus punctatus)	6_3	0,7
A0A6P6N3V2	772	84,94	PF08487;PF13768;	Carassius auratus (Goldfish)	6_3	0,7
A0A0F5YIF3	773	84,84	PF08487;PF13768;	Limnoraphis robusta CS-951	6_3	0,7
A0A498QLV7	740	84,76	PF08487;PF13768;	Mycobacterium pseudokansasii	6_3	0,7
A0A367RNL7	765	84,28	PF08487;PF13768;	Nostoc punctiforme NIES-2108	6_3	0,7
A0A1A8D835	777	84,24	PF08487;PF13768;	Nothobranchius kadleci	6_3	0,7
F6T0E2	732	83,84	PF08487;PF13768;	Monodelphis domestica (Gray short-tailed opossum)	6_3	0,7
A0A5J4IX95	719	83,18	PF08487;PF13768;	Patiriisocius marinus	6_3	0,7
A0A4W6CRK5	793	82,85	PF08487;PF13768;	Lates calcarifer (Barramundi) (Holocentrus calcarifer)	6_3	0,7
A0A846C6X0	793	82,76	PF08487;PF13768;	Okeania sp. SIO2F4	6_3	0,7
A0A3Q2EFD3	720	82,69	PF08487;PF13768;	Cyprinodon variegatus (Sheepshead minnow)	6_3	0,7
A0A0F9WG23	818	82,17	PF08487;PF13768;	marine sediment metagenome	6_3	0,7
A0A359LZ70	769	82,15	PF08487;PF13768;	Bryobacterales bacterium	6_3	0,7
A0A359LZ70	769	82,15	PF08487;PF13768;	Bryobacterales bacterium	6_3	0,7
A0A0F6SHR4	777	82,14	PF08487;PF13768;	Sandaracinus amylolyticus	6_3	0,7
A0A1A3K4K8	686	82,14	PF08487;PF13768;	Mycobacterium gordonae	6_3	0,7
Q8BGF0	804	82,14	PF08487;PF13768;	Mus musculus (Mouse)	6_3	0,7
A0A2N2KEG2	791	82,13	PF08487;PF13768;	Deltaproteobacteria bacterium HGW-Deltaproteobacteria-15	6_3	0,7
A0A3P9NI16	758	82,04	PF08487;PF13768;	Poecilia reticulata (Guppy) (Acanthophacelus reticulatus)	6_3	0,7
A0A6P7JGY2	791	82,01	PF08487;PF13768;	Parambassis ranga (Indian glassy fish)	6_3	0,7
A0A6P7P216	779	81,89	PF08487;PF13768;	Betta splendens (Siamese fighting fish)	6_3	0,7
A0A3D3US37	654	81,83	PF08487;PF13768;	Phycisphaerales bacterium	6_3	0,7
A0A2K5PZ11	786	81,8	PF08487;PF13768;	Cebus imitator (Panamanian white-faced capuchin) (Cebus capucinus imitator)	6_3	0,7
E0U712	796	81,8	PF08487;PF13768;	Gloeothece verrucosa (strain PCC 7822) (Cyanothece sp. (strain PCC 7822))	6_3	0,7
A0A0D6KDS7	815	81,37	PF08487;PF13768;	Tolypothrix sp. PCC 7601	6_3	0,7
A0A1A3KHF1	751	81,37	PF08487;PF13768;	Mycobacterium asiaticum	6_3	0,7
A0A669BBN0	747	81,27	PF08487;PF13768;	Oreochromis niloticus (Nile tilapia) (Tilapia nilotica)	6_3	0,7
A0A1V4MU15	810	81,24	PF08487;PF13768;	Candidatus Aegiribacteria sp. MLS_C	6_3	0,7
A0A3Q1JRT4	728	81,19	PF08487;PF13768;	Anabas testudineus (Climbing perch) (Anthias testudineus)	6_3	0,7
A0A6P9C6A6	651	81	PF08487;PF13768;	Pantherophis guttatus (Corn snake) (Elaphe guttata)	6_3	0,7
A0A6P5QDV2	791	80,91	PF08487;PF13768;	Mus caroli (Ryukyu mouse) (Ricefield mouse)	6_3	0,7
A0A7J5VA10	788	80,83	PF08487;PF13768;	Syntrophaceae bacterium	6_3	0,7
A0A538RVG8	695	80,66	PF08487;PF13768;	Planctomycetes bacterium	6_3	0,7
G3S1Y9	786	80,44	PF08487;PF13768;	Gorilla gorilla gorilla (Western lowland gorilla)	6_3	0,7
A0A1F9NAE7	801	80,32	PF08487;PF13768;	Desulfobacula sp. GWF2_41_7	6_3	0,7
A0A803KE49	787	79,79	PF08487;PF13768;	Xenopus tropicalis (Western clawed frog) (Silurana tropicalis)	6_3	0,7
A0A3B5LTA8	773	79,65	PF08487;PF13768;	Xiphophorus couchianus (Monterrey platyfish)	6_3	0,7
A0A1L9B1J8	849	79,58	PF08487;PF13768;	Cystobacter ferrugineus	6_3	0,7
A0A2V9TV18	859	79,55	PF08487;PF13768;	Acidobacteria bacterium	6_3	0,7
A0A3P8PBD5	770	79,5	PF08487;PF13768;	Astatotilapia calliptera (Eastern happy) (Chromis callipterus)	6_3	0,7
A0A1J5H2R2	839	79,38	PF08487;PF13768;	Oscillatoriales cyanobacterium CG2_30_44_21	6_3	0,7
A0A5B8XRD9	809	79,28	PF08487;PF13768;	Bradymonadales bacterium V1718	6_3	0,7
A0A562VEC3	820	79,23	PF08487;PF13768;	Stackebrandtia albiflava	6_3	0,7
A0A3C1M794	729	78,84	PF08487;PF13768;	Nitrospira sp	6_3	0,7
W5PK78	799	78,67	PF08487;PF13768;	Ovis aries (Sheep)	6_3	0,7
F8CNI9	856	78,57	PF08487;PF13768;	Myxococcus fulvus (strain ATCC BAA-855 / HW-1)	6_3	0,7
A0A318J5U3	832	78,38	PF08487;PF13768;	Undibacterium pigrum	6_3	0,7
A0A318J5U3	832	78,38	PF08487;PF13768;	Undibacterium pigrum	6_3	0,7
A0A318J5U3	832	78,38	PF08487;PF13768;	Undibacterium pigrum	6_3	0,7
A0A1S3NTP3	630	78,34	PF08487;PF13768;	Salmo salar (Atlantic salmon)	6_3	0,7
A0A667Z4K7	738	78,3	PF08487;PF13768;	Myripristis murdjan (pinecone soldierfish)	6_3	0,7
A0A4U1H4P8	841	78,24	PF08487;PF13768;	Polyangium aurulentum	6_3	0,7
K9TNT5	863	77,87	PF08487;PF13768;	Oscillatoria acuminata PCC 6304	6_3	0,7
A0A287BGY6	844	77,29	PF08487;PF13768;	Sus scrofa (Pig)	6_3	0,7
A0A6J1XJE6	790	77,18	PF08487;PF13768;	Acinonyx jubatus (Cheetah)	6_3	0,7
A0A7V3T8M6	805	76,96	PF08487;PF13768;	Verrucomicrobia subdivision 3 bacterium	6_3	0,7
A0A845XAE2	868	76,75	PF08487;PF13768;	Spirulina sp. SIO3F2	6_3	0,7
A0A671WDE8	633	76,66	PF08487;PF13768;	Sparus aurata (Gilthead sea bream)	6_3	0,7
A0A815J481	801	76,12	PF08487;PF13768;	Didymodactylos carnosus	6_3	0,7
A0A818EBU3	834	75,86	PF08487;PF13768;	Rotaria sp. Silwood1	6_3	0,7
A0A7W7GDW7	845	75,67	PF08487;PF13768;	Sphaerisporangium siamense	6_3	0,7
A0A2S9KDU6	781	75,59	PF08487;PF13768;	Malikia spinosa	6_3	0,7
A0A315DZ63	840	75,42	PF08487;PF13768;	Limnohabitans sp. 2KL-1	6_3	0,7
A0A819LJN6	862	75,3	PF08487;PF13768;	Rotaria sordida	6_3	0,7
A0A821T8C9	834	75,11	PF08487;PF13768;	Rotaria sp. Silwood1	6_3	0,7
W5MMN6	796	74,12	PF08487;PF13768;	Lepisosteus oculatus (Spotted gar)	6_3	0,7
A0A226EKV4	867	73,36	PF08487;PF13768;	Folsomia candida (Springtail)	6_3	0,7
A0A819MNM9	852	73,04	PF08487;PF13768;	Rotaria magnacalcarata	6_3	0,7
A0A671EW14	780		PF08487;PF13768;	Rhinolophus ferrumequinum (Greater horseshoe bat)	6_3	0,7
X7ZRT9	741		PF08487;PF13768;	Mycobacterium kansasii 662	6_3	0,7
A0A2S7JW33	787		PF08487;PF13768;	Limnohabitans sp. TS-CS-82	6_3	0,7
A0A665V0F0	772		PF08487;PF13768;	Echeneis naucrates (Live sharksucker)	6_3	0,7
A0A4R4RUV8	648		PF08487;PF13768;	Actinomadura sp. KC345	6_3	0,7
A0A0J6TCN3	659	87,72	PF08487;PF13768;	Methylobacterium indicum	6_3	0,69
A0A1Z4L3I0	760	85,8	PF08487;PF13768;	Nostoc linckia NIES-25	6_3	0,69
A0A6P6PFC3	754	85,45	PF08487;PF13768;	Carassius auratus (Goldfish)	6_3	0,69
A0A846E007	759	84,5	PF08487;PF13768;	Desertifilum sp. SIO1I2	6_3	0,69
A0A1A8GC22	775	84,07	PF08487;PF13768;	Nothobranchius korthausae	6_3	0,69
A0A670YQ03	750	83,61	PF08487;PF13768;	Pseudonaja textilis (Eastern brown snake)	6_3	0,69
B2HDT6	772	83,32	PF08487;PF13768;	Mycobacterium marinum (strain ATCC BAA-535 / M)	6_3	0,69
A0A6P8G8I3	797	82,99	PF08487;PF13768;	Clupea harengus (Atlantic herring)	6_3	0,69
A0A1A3KIE2	667	82,93	PF08487;PF13768;	Mycobacterium gordonae	6_3	0,69
A0A668U2U1	784	82,83	PF08487;PF13768;	Oreochromis aureus (Israeli tilapia) (Chromis aureus)	6_3	0,69
A0A1U7IUI4	788	82,75	PF08487;PF13768;	Nostoc calcicola FACHB-389	6_3	0,69
A0A1C0UV23	796	82,66	PF08487;PF13768;	Nostoc sp. MBR 210	6_3	0,69
A0A356TJE9	732	82,65	PF08487;PF13768;	Myxococcales bacterium	6_3	0,69
A0A6P6MCU7	780	82,56	PF08487;PF13768;	Carassius auratus (Goldfish)	6_3	0,69
A0A495QG74	787	82,52	PF08487;PF13768;	Actinomadura pelletieri DSM 43383	6_3	0,69
A0A3S7UZT6	864	82,22	PF08487;PF13768;	Sorangium cellulosum (Polyangium cellulosum)	6_3	0,69
A0A3Q2DBH7	751	81,79	PF08487;PF13768;	Cyprinodon variegatus (Sheepshead minnow)	6_3	0,69
A0A7C3ZK88	789	81,66	PF08487;PF13768;	Planktothricoides sp. SpSt-374	6_3	0,69
A0A672HYI2	767	81,54	PF08487;PF13768;	Salarias fasciatus (Jewelled blenny) (Blennius fasciatus)	6_3	0,69
A0A667Z3T6	730	81,3	PF08487;PF13768;	Myripristis murdjan (pinecone soldierfish)	6_3	0,69
A0A6L9QT32	822	81,24	PF08487;PF13768;	Actinomadura bangladeshensis	6_3	0,69
A0A6P6N243	782	81,2	PF08487;PF13768;	Carassius auratus (Goldfish)	6_3	0,69
A0A5C8B739	809	80,63	PF08487;PF13768;	Aquabacterium sp	6_3	0,69
A0A6P7R8V6	803	80,57	PF08487;PF13768;	Mus caroli (Ryukyu mouse) (Ricefield mouse)	6_3	0,69
H3B1P8	864	79,99	PF08487;PF13768;	Latimeria chalumnae (Coelacanth)	6_3	0,69
A0A669BPQ2	727	79,9	PF08487;PF13768;	Oreochromis niloticus (Nile tilapia) (Tilapia nilotica)	6_3	0,69
A0A1W2CBF1	777	79,88	PF08487;PF13768;	Lentzea albidocapillata	6_3	0,69
M7C169	653	79,84	PF08487;PF13768;	Chelonia mydas (Green sea-turtle) (Chelonia agassizi)	6_3	0,69
A0A839EV93	730	79,82	PF08487;PF13768;	Dokdonella fugitiva	6_3	0,69
A0A803JCT3	777	79,75	PF08487;PF13768;	Xenopus tropicalis (Western clawed frog) (Silurana tropicalis)	6_3	0,69
A0A671W195	840	79,36	PF08487;PF13768;	Sparus aurata (Gilthead sea bream)	6_3	0,69
A0A3B3U3J3	801	79,31	PF08487;PF13768;	Poecilia latipinna (sailfin molly)	6_3	0,69
A0A3B3U3J3	801	79,31	PF08487;PF13768;	Poecilia latipinna (sailfin molly)	6_3	0,69
A0A352FQT3	869	78,89	PF08487;PF13768;	Blastocatellia bacterium	6_3	0,69
A0A419J444	771	78,87	PF08487;PF13768;	Nitrospiraceae bacterium	6_3	0,69
A0A0B8QG88	680	78,78	PF08487;PF13768;	Vibrio ishigakensis	6_3	0,69
A0A2T0Q4G6	856	78,52	PF08487;PF13768;	Allonocardiopsis opalescens	6_3	0,69
A0A6J0CGC4	794	78,52	PF08487;PF13768;	Peromyscus maniculatus bairdii (Prairie deer mouse)	6_3	0,69
A0A1S3EM01	846	78,09	PF08487;PF13768;	Dipodomys ordii (Ord's kangaroo rat)	6_3	0,69
A0A438M0R7	836	77,79	PF08487;PF13768;	Nonomuraea polychroma	6_3	0,69
C4ZPM3	833	77,47	PF08487;PF13768;	Thauera sp. (strain MZ1T)	6_3	0,69
A0A7J7S3E5	819	77,32	PF08487;PF13768;	Myotis myotis (Greater mouse-eared bat)	6_3	0,69
A0A2D6L5A5	799	76,96	PF08487;PF13768;	Parcubacteria group bacterium	6_3	0,69
A0A3A6T6V3	743	76,86	PF08487;PF13768;	Parashewanella spongiae	6_3	0,69
A0A816BU94	817	76,75	PF08487;PF13768;	Rotaria sordida	6_3	0,69
A0A7W5FD98	862	76,63	PF08487;PF13768;	Actinoplanes campanulatus	6_3	0,69
A0A3A8I7V3	906	76,36	PF08487;PF13768;	Corallococcus sp. CA049B	6_3	0,69
A0A817I634	824	76,09	PF08487;PF13768;	Rotaria sp. Silwood2	6_3	0,69
G4WW08	767	76	PF08487;PF13768;	uncultured bacterium CSLF43	6_3	0,69
A0A1D1UMP0	834	75,92	PF08487;PF13768;	Ramazzottius varieornatus (Water bear) (Tardigrade)	6_3	0,69
A0A6P7JDD9	823	75,34	PF08487;PF13768;	Parambassis ranga (Indian glassy fish)	6_3	0,69
A0A1F9G0M8	879	75,14	PF08487;PF13768;	Deltaproteobacteria bacterium RBG_16_71_12	6_3	0,69
A0A822I2F7	822	74,85	PF08487;PF13768;	Ranitomeya imitator (mimic poison frog)	6_3	0,69
A0A819DF56	834	74,73	PF08487;PF13768;	Rotaria sordida	6_3	0,69
A0A820LLC3	868	72,6	PF08487;PF13768;	Rotaria sp. Silwood2	6_3	0,69
A0A821GA60	846	72,44	PF08487;PF13768;	Rotaria sp. Silwood1	6_3	0,69
A0A821ZVE1	858	71,96	PF08487;PF13768;	Rotaria sp. Silwood1	6_3	0,69
A0A815DWA3	912	71,76	PF08487;PF13768;	Adineta steineri	6_3	0,69
A0A2C6WKH9	760	86,04	PF08487;PF13768;	Nostoc linckia z16	6_3	0,68
A0A2V9HWN9	635	85,71	PF08487;PF13768;	Acidobacteria bacterium	6_3	0,68
A0A1W9ZA49	724	85,68	PF08487;PF13768;	Mycobacterium angelicum	6_3	0,68
A0A841WUH0	760	85,64	PF08487;PF13768;	Nostoc sp. 2RC	6_3	0,68
A0A1E5QFN9	759	84,26	PF08487;PF13768;	Desertifilum sp. IPPAS B-1220	6_3	0,68
A0A6P7WQR5	777	84,1	PF08487;PF13768;	Microcaecilia unicolor	6_3	0,68
A0A6G1PSQ3	778	83,98	PF08487;PF13768;	Channa argus (northern snakehead)	6_3	0,68
A0A3Q1JF65	729	83,11	PF08487;PF13768;	Anabas testudineus (Climbing perch) (Anthias testudineus)	6_3	0,68
A0A3B5LK55	770	82,37	PF08487;PF13768;	Xiphophorus couchianus (Monterrey platyfish)	6_3	0,68
A0A1H9RHI6	810	82,27	PF08487;PF13768;	Giesbergeria anulus	6_3	0,68
A0A3B3BML4	727	82,27	PF08487;PF13768;	Oryzias melastigma (Marine medaka)	6_3	0,68
A0A6J3IEM7	786	82,08	PF08487;PF13768;	Sapajus apella (Brown-capped capuchin) (Cebus apella)	6_3	0,68
A0A3B3Y9B5	785	82,06	PF08487;PF13768;	Poecilia mexicana	6_3	0,68
A0A1D2SLA6	732	81,88	PF08487;PF13768;	Lautropia sp. SCN 69-89	6_3	0,68
A0A5C7QF51	764	81,84	PF08487;PF13768;	Burkholderiaceae bacterium	6_3	0,68
A0A6P8USK7	800	81,79	PF08487;PF13768;	Gymnodraco acuticeps (Antarctic dragonfish)	6_3	0,68
A0A2K6SA82	785	81,69	PF08487;PF13768;	Saimiri boliviensis boliviensis (Bolivian squirrel monkey)	6_3	0,68
A0A1Z4N185	820	81,61	PF08487;PF13768;	Tolypothrix tenuis PCC 7101	6_3	0,68
I3N2M5	780	81,45	PF08487;PF13768;	Ictidomys tridecemlineatus (Thirteen-lined ground squirrel) (Spermophilus tridecemlineatus)	6_3	0,68
A0A1G3QK91	778	81,36	PF08487;PF13768;	Spirochaetes bacterium RBG_13_68_11	6_3	0,68
A0A1I5HB85	765	81,32	PF08487;PF13768;	Variovorax sp. PDC80	6_3	0,68
A0A2K6PU34	781	81	PF08487;PF13768;	Rhinopithecus roxellana (Golden snub-nosed monkey) (Pygathrix roxellana)	6_3	0,68
A0A6P7P3W0	677	80,92	PF08487;PF13768;	Betta splendens (Siamese fighting fish)	6_3	0,68
D8F3W4	768	80,82	PF08487;PF13768;	delta proteobacterium NaphS2	6_3	0,68
A0A7V2Y592	817	80,65	PF08487;PF13768;	Candidatus Hydrogenedentes bacterium	6_3	0,68
A0A3L7HS43	809	80,59	PF08487;PF13768;	Cricetulus griseus (Chinese hamster) (Cricetulus barabensis griseus)	6_3	0,68
A0A2N1ZDQ1	763	80,53	PF08487;PF13768;	Gammaproteobacteria bacterium HGW-Gammaproteobacteria-11	6_3	0,68
A0A4R6LR62	757	80,33	PF08487;PF13768;	Enemella evansiae	6_3	0,68
A0A1F6LC66	828	80,22	PF08487;PF13768;	Candidatus Lindowbacteria bacterium RIFCSPLOWO2_12_FULL_62_27	6_3	0,68
G7NCN9	786	80,12	PF08487;PF13768;	Macaca mulatta (Rhesus macaque)	6_3	0,68
A0A4W6CSI6	734	80,06	PF08487;PF13768;	Lates calcarifer (Barramundi) (Holocentrus calcarifer)	6_3	0,68
A0A2V9KX70	765	80,03	PF08487;PF13768;	Acidobacteria bacterium	6_3	0,68
A0A3B4UE96	737	79,84	PF08487;PF13768;	Seriola dumerili (Greater amberjack) (Caranx dumerili)	6_3	0,68
A0A6P0UYY5	829	79,81	PF08487;PF13768;	Symploca sp. SIO1C2	6_3	0,68
A0A3B1DHH5	733	79,62	PF08487;PF13768;	hydrothermal vent metagenome	6_3	0,68
A0A3B1DHH5	733	79,62	PF08487;PF13768;	hydrothermal vent metagenome	6_3	0,68
A0A838MYM1	849	79,51	PF08487;PF13768;	Pyrinomonadaceae bacterium	6_3	0,68
A0A3Q1JET5	742	79,46	PF08487;PF13768;	Anabas testudineus (Climbing perch) (Anthias testudineus)	6_3	0,68
A0A7C9TZV1	840	79,35	PF08487;PF13768;	Oscillatoria sp. SIO1A7	6_3	0,68
A0A452FAR3	783	78,96	PF08487;PF13768;	Capra hircus (Goat)	6_3	0,68
A0A674JDA5	739	78,86	PF08487;PF13768;	Terrapene carolina triunguis (Three-toed box turtle)	6_3	0,68
A0A7X0U2R7	820	78,65	PF08487;PF13768;	Nonomuraea rubra	6_3	0,68
A0A7J7UHP2	790	78,59	PF08487;PF13768;	Pipistrellus kuhlii (Kuhl's pipistrelle)	6_3	0,68
M1SWA8	775	77,8	PF08487;PF13768;	beta proteobacterium CB	6_3	0,68
A0A512AQ67	683	77,73	PF08487;PF13768;	Novosphingobium sediminis	6_3	0,68
A0A2V9QJB8	867	77,56	PF08487;PF13768;	Acidobacteria bacterium	6_3	0,68
A0A554G8H0	903	77,37	PF08487;PF13768;	Corallococcus sp. Z5C101001	6_3	0,68
A0A6J0AQK5	802	77,1	PF08487;PF13768;	Vicugna pacos (Alpaca) (Lama pacos)	6_3	0,68
A0A669DFF7	733	77,03	PF08487;PF13768;	Oreochromis niloticus (Nile tilapia) (Tilapia nilotica)	6_3	0,68
G1M055	804	76,91	PF08487;PF13768;	Ailuropoda melanoleuca (Giant panda)	6_3	0,68
A0A1V2I208	889	76,68	PF08487;PF13768;	Frankia asymbiotica	6_3	0,68
A0A816E8L9	650	76,02	PF08487;PF13768;	Rotaria magnacalcarata	6_3	0,68
A0A495ZNX4	968	75,7	PF08487;PF13768;	Candidatus Poribacteria bacterium	6_3	0,68
A0A7G1IIG8	870	75,56	PF08487;PF13768;	Mycobacterium kansasii	6_3	0,68
A0A817LDI5	833	75,17	PF08487;PF13768;	Rotaria sp. Silwood2	6_3	0,68
A0A815DAB3	857	74,9	PF08487;PF13768;	Rotaria sp. Silwood1	6_3	0,68
A0A818LKG9	846	73,29	PF08487;PF13768;	Rotaria sp. Silwood1	6_3	0,68
A0A6M0G0A0	819		PF08487;PF13768;	Symploca sp. SIO2E6	6_3	0,68
A0A671W9R4	692		PF08487;PF13768;	Sparus aurata (Gilthead sea bream)	6_3	0,68
A0A6M0J4V3	827		PF08487;PF13768;	Nostoc sp. UIC 10630	6_3	0,68
A0A084SU76	862		PF08487;PF13768;	Archangium violaceum Cb vi76	6_3	0,68
A0A7R7JDA4	729	86,43	PF08487;PF13768;	Thiohalobacter sp. COW1	6_3	0,67
A0A2N9NYX3	642	84,44	PF08487;PF13768;	Verrucomicrobia bacterium	6_3	0,67
A0A670JIS9	795	83,68	PF08487;PF13768;	Podarcis muralis (Wall lizard) (Lacerta muralis)	6_3	0,67
A0A4W6CRP6	775	83,59	PF08487;PF13768;	Lates calcarifer (Barramundi) (Holocentrus calcarifer)	6_3	0,67
A0A7X7W2W8	804	83,4	PF08487;PF13768;	Candidatus Fermentibacter daniensis	6_3	0,67
A0A3A4YXB1	734	83,07	PF08487;PF13768;	Desulfobacteraceae bacterium	6_3	0,67
A0A3P8PBD2	781	82,98	PF08487;PF13768;	Astatotilapia calliptera (Eastern happy) (Chromis callipterus)	6_3	0,67
A0A667ZH97	737	82,61	PF08487;PF13768;	Myripristis murdjan (pinecone soldierfish)	6_3	0,67
A0A534X6J7	783	82,37	PF08487;PF13768;	Deltaproteobacteria bacterium	6_3	0,67
A0A671W357	734	82,31	PF08487;PF13768;	Sparus aurata (Gilthead sea bream)	6_3	0,67
A0A3P8UVF7	769	81,73	PF08487;PF13768;	Cynoglossus semilaevis (Tongue sole)	6_3	0,67
A0A2D0SC69	787	81,72	PF08487;PF13768;	Ictalurus punctatus (Channel catfish) (Silurus punctatus)	6_3	0,67
K9TH58	812	81,7	PF08487;PF13768;	Oscillatoria acuminata PCC 6304	6_3	0,67
A0A3Q2Y579	796	81,69	PF08487;PF13768;	Hippocampus comes (Tiger tail seahorse)	6_3	0,67
A0A3B9HYF4	711	81,67	PF08487;PF13768;	Candidatus Riflebacteria bacterium	6_3	0,67
A0A5B7ZPZ5	725	81,56	PF08487;PF13768;	Thermomonas aquatica	6_3	0,67
A0A7N6AXN6	715	81,3	PF08487;PF13768;	Anabas testudineus (Climbing perch) (Anthias testudineus)	6_3	0,67
T1DK57	785	81,11	PF08487;PF13768;	Crotalus horridus (Timber rattlesnake)	6_3	0,67
A0A3P9BI21	736	80,94	PF08487;PF13768;	Maylandia zebra (zebra mbuna)	6_3	0,67
A0A3B4X6Z8	772	80,62	PF08487;PF13768;	Seriola lalandi dorsalis	6_3	0,67
A0A6P3EPU2	783	80,62	PF08487;PF13768;	Ovis aries (Sheep)	6_3	0,67
A0A803KI64	824	80,52	PF08487;PF13768;	Xenopus tropicalis (Western clawed frog) (Silurana tropicalis)	6_3	0,67
A0A7Y5MCP1	832	80,48	PF08487;PF13768;	Pseudanabaena biceps	6_3	0,67
M3Y3J8	802	80,36	PF08487;PF13768;	Mustela putorius furo (European domestic ferret) (Mustela furo)	6_3	0,67
A0A258MTD7	775	79,99	PF08487;PF13768;	Polynucleobacter sp. 35-46-11	6_3	0,67
A0A4W6CS66	750	79,68	PF08487;PF13768;	Lates calcarifer (Barramundi) (Holocentrus calcarifer)	6_3	0,67
A0A6P7JDE7	823	79,65	PF08487;PF13768;	Parambassis ranga (Indian glassy fish)	6_3	0,67
Q6IND5	861	79,63	PF08487;PF13768;	Xenopus laevis (African clawed frog)	6_3	0,67
A0A1J5DTP2	792	79,44	PF08487;PF13768;	Deltaproteobacteria bacterium CG2_30_63_29	6_3	0,67
A0A7X0BWY2	805	79,16	PF08487;PF13768;	Nonomuraea muscovyensis	6_3	0,67
A0A3P9JJ17	720	79,14	PF08487;PF13768;	Oryzias latipes (Japanese rice fish) (Japanese killifish)	6_3	0,67
A0A6P6NN77	819	79,04	PF08487;PF13768;	Carassius auratus (Goldfish)	6_3	0,67
A0A1G7NP09	796	79	PF08487;PF13768;	Lentzea fradiae	6_3	0,67
A0A3Q2LQ33	719	78,79	PF08487;PF13768;	Equus caballus (Horse)	6_3	0,67
A0A6P0MZU2	740	78,66	PF08487;PF13768;	Moorena sp. SIO3C2	6_3	0,67
A0A818F856	691	78,6	PF08487;PF13768;	Rotaria sp. Silwood1	6_3	0,67
A0A6P6EXB9	813	78,6	PF08487;PF13768;	Octodon degus (Degu) (Sciurus degus)	6_3	0,67
F7CD82	782	78,19	PF08487;PF13768;	Ornithorhynchus anatinus (Duckbill platypus)	6_3	0,67
M3ZC12	772	78,1	PF08487;PF13768;	Nomascus leucogenys (Northern white-cheeked gibbon) (Hylobates leucogenys)	6_3	0,67
A0A7Y0PAU3	830	77,72	PF08487;PF13768;	Actinoplanes sp. TBRC 11911	6_3	0,67
A0A3N1GVW6	835	77,16	PF08487;PF13768;	Couchioplanes caeruleus	6_3	0,67
A0A816E4C2	686	77,08	PF08487;PF13768;	Rotaria sp. Silwood1	6_3	0,67
A0A3A8ID87	902	76,52	PF08487;PF13768;	Corallococcus exercitus	6_3	0,67
A0A815RR13	649	75,91	PF08487;PF13768;	Rotaria magnacalcarata	6_3	0,67
A0A816MG29	687	75,13	PF08487;PF13768;	Rotaria magnacalcarata	6_3	0,67
A0A6P6EXD1	850	75,09	PF08487;PF13768;	Octodon degus (Degu) (Sciurus degus)	6_3	0,67
A0A820FVL5	833	74,54	PF08487;PF13768;	Rotaria sp. Silwood2	6_3	0,67
A0A815ZT46	842	74,39	PF08487;PF13768;	Rotaria sp. Silwood1	6_3	0,67
A0A7N4P5U8	761	73,27	PF08487;PF13768;	Sarcophilus harrisii (Tasmanian devil) (Sarcophilus laniarius)	6_3	0,67
A0A817S3B3	856	72,5	PF08487;PF13768;	Rotaria socialis	6_3	0,67
A0A484DI43	722	88,65	PF08487;PF13768;	Perca flavescens (American yellow perch) (Morone flavescens)	6_3	0,66
A0A4W6CS65	753	86,34	PF08487;PF13768;	Lates calcarifer (Barramundi) (Holocentrus calcarifer)	6_3	0,66
A0A7N6FD51	725	86,18	PF08487;PF13768;	Anabas testudineus (Climbing perch) (Anthias testudineus)	6_3	0,66
A0A665V047	744	85,31	PF08487;PF13768;	Echeneis naucrates (Live sharksucker)	6_3	0,66
A0YYV2	757	85,3	PF08487;PF13768;	Lyngbya sp. (strain PCC 8106) (Lyngbya aestuarii (strain CCY9616))	6_3	0,66
A0A0S7FDB2	767	84,78	PF08487;PF13768;	Poeciliopsis prolifica (blackstripe livebearer)	6_3	0,66
A0A6P6N3V6	780	82,65	PF08487;PF13768;	Carassius auratus (Goldfish)	6_3	0,66
A0A6P7WYV8	763	82,46	PF08487;PF13768;	Microcaecilia unicolor	6_3	0,66
A0A847PWC7	812	82,12	PF08487;PF13768;	Candidatus Fermentibacteria bacterium	6_3	0,66
A0A7V0T9R6	753	82,09	PF08487;PF13768;	Candidatus Marinimicrobia bacterium	6_3	0,66
A0A433AUT5	756	81,77	PF08487;PF13768;	Mycobacterium sp	6_3	0,66
A0A2Z3ULL7	768	81,71	PF08487;PF13768;	Streptosporangium sp. 'caverna'	6_3	0,66
A0A1A3BGU8	751	81,54	PF08487;PF13768;	Mycobacterium asiaticum	6_3	0,66
A0A6P8P7X8	817	81,38	PF08487;PF13768;	Geotrypetes seraphini (Gaboon caecilian) (Caecilia seraphini)	6_3	0,66
A0A1F9P581	801	81,29	PF08487;PF13768;	Desulfobacterales bacterium RIFOXYA12_FULL_46_15	6_3	0,66
A0A7D6INU1	755	81,28	PF08487;PF13768;	Mycobacterium vicinigordonae	6_3	0,66
A0A668U727	712	81,21	PF08487;PF13768;	Oreochromis aureus (Israeli tilapia) (Chromis aureus)	6_3	0,66
A0A3Q1KE35	747	81,13	PF08487;PF13768;	Anabas testudineus (Climbing perch) (Anthias testudineus)	6_3	0,66
A0A672HX90	756	81,09	PF08487;PF13768;	Salarias fasciatus (Jewelled blenny) (Blennius fasciatus)	6_3	0,66
A0A543IMU2	790	80,99	PF08487;PF13768;	Actinomadura hallensis	6_3	0,66
A0A672HX85	738	80,49	PF08487;PF13768;	Salarias fasciatus (Jewelled blenny) (Blennius fasciatus)	6_3	0,66
A0A668U4D2	763	80,32	PF08487;PF13768;	Oreochromis aureus (Israeli tilapia) (Chromis aureus)	6_3	0,66
A0A1U7IJS3	824	80,31	PF08487;PF13768;	Phormidium ambiguum IAM M-71	6_3	0,66
W6UX20	753	80,01	PF08487;PF13768;	Echinococcus granulosus (Hydatid tapeworm)	6_3	0,66
H0V3L3	798	79,77	PF08487;PF13768;	Cavia porcellus (Guinea pig)	6_3	0,66
A0A1H1G6Q3	848	79,71	PF08487;PF13768;	Thermostaphylospora chromogena	6_3	0,66
A0A4R4YYA1	801	79,36	PF08487;PF13768;	Nonomuraea terrae	6_3	0,66
A0A6L3W704	828	79,05	PF08487;PF13768;	Actinomadura montaniterrae	6_3	0,66
A0A511QKL3	678	78,79	PF08487;PF13768;	Vibrio superstes NBRC 103154	6_3	0,66
G1R775	786	78,73	PF08487;PF13768;	Nomascus leucogenys (Northern white-cheeked gibbon) (Hylobates leucogenys)	6_3	0,66
A0A330M3D1	763	78,55	PF08487;PF13768;	Shewanella benthica	6_3	0,66
A0A2A6RF54	830	78,4	PF08487;PF13768;	Candidatus Viridilinea mediisalina	6_3	0,66
A0A6P7JD89	823	78,22	PF08487;PF13768;	Parambassis ranga (Indian glassy fish)	6_3	0,66
A0A3D9SY54	833	78,12	PF08487;PF13768;	Thermomonospora umbrina	6_3	0,66
A0A1N6KPP0	819	77,81	PF08487;PF13768;	Singulisphaera sp. GP187	6_3	0,66
A0A315ADE6	816	77,79	PF08487;PF13768;	Limnohabitans sp. T6-20	6_3	0,66
A0A315ADE6	816	77,79	PF08487;PF13768;	Limnohabitans sp. T6-20	6_3	0,66
A0A5C2HIV4	723	77,04	PF08487;PF13768;	Ectothiorhodospiraceae bacterium BW-2	6_3	0,66
A0A316F951	864	77,02	PF08487;PF13768;	Actinoplanes xinjiangensis	6_3	0,66
A0A818FLR3	828	76,74	PF08487;PF13768;	Rotaria socialis	6_3	0,66
D9Y7F1	742	76,59	PF08487;PF13768;	Burkholderiales bacterium 1_1_47	6_3	0,66
A0A4R3I6I3	719	76,4	PF08487;PF13768;	Reinekea marinisedimentorum	6_3	0,66
A0A814N158	844	75,94	PF08487;PF13768;	Adineta steineri	6_3	0,66
A0A5C5VQZ4	831	75,59	PF08487;PF13768;	Phycisphaerae bacterium RAS1	6_3	0,66
A0A814DMX3	829	75,57	PF08487;PF13768;	Adineta ricciae (Rotifer)	6_3	0,66
A0A673X727	748	75,5	PF08487;PF13768;	Salmo trutta (Brown trout)	6_3	0,66
A0A814LLB8	833	75,07	PF08487;PF13768;	Rotaria sordida	6_3	0,66
A0A816CJV4	833	74,88	PF08487;PF13768;	Rotaria sordida	6_3	0,66
A0A3B0XLU4	799	74,85	PF08487;PF13768;	hydrothermal vent metagenome	6_3	0,66
A0A820U7D2	833	74,84	PF08487;PF13768;	Rotaria sp. Silwood2	6_3	0,66
A0A817CPP4	813	74,84	PF08487;PF13768;	Rotaria sp. Silwood2	6_3	0,66
A0A818UGQ5	844	74,84	PF08487;PF13768;	Rotaria sp. Silwood1	6_3	0,66
A0A847DEH7	757	74,63	PF08487;PF13768;	Desulfatiglans sp	6_3	0,66
R5EAN7	742	74,48	PF08487;PF13768;	Parasutterella excrementihominis CAG:233	6_3	0,66
A0A819IBM0	858	72,57	PF08487;PF13768;	Rotaria sp. Silwood1	6_3	0,66
A0A0X3U5Y0	789	71,67	PF08487;PF13768;	Microbulbifer sp. ZGT114	6_3	0,66
A0A379Z9C7	761		PF08487;PF13768;	Shewanella baltica	6_3	0,66
A0A484DL05	723	86,62	PF08487;PF13768;	Perca flavescens (American yellow perch) (Morone flavescens)	6_3	0,65
A0A1Z4T0F5	769	85,69	PF08487;PF13768;	Calothrix sp. NIES-4105	6_3	0,65
A0A3Q1CK87	749	84,04	PF08487;PF13768;	Amphiprion ocellaris (Clown anemonefish)	6_3	0,65
A0A5B1BPV6	751	83,9	PF08487;PF13768;	Mycobacterium simiae (Mycobacterium habana)	6_3	0,65
M3ZYM3	756	82,93	PF08487;PF13768;	Xiphophorus maculatus (Southern platyfish) (Platypoecilus maculatus)	6_3	0,65
A0A497TUI0	732	82,47	PF08487;PF13768;	bacterium endosymbiont of Escarpia laminata	6_3	0,65
A0A3P8U6H7	770	82,33	PF08487;PF13768;	Amphiprion percula (Orange clownfish) (Lutjanus percula)	6_3	0,65
A0A6P6PES5	762	82,1	PF08487;PF13768;	Carassius auratus (Goldfish)	6_3	0,65
A0A6P8VYB0	801	81,98	PF08487;PF13768;	Gymnodraco acuticeps (Antarctic dragonfish)	6_3	0,65
A0A3Q1JR57	713	81,63	PF08487;PF13768;	Anabas testudineus (Climbing perch) (Anthias testudineus)	6_3	0,65
A0A679J968	777	81,46	PF08487;PF13768;	Variovorax paradoxus	6_3	0,65
A0A6P6N1Z3	782	81,41	PF08487;PF13768;	Carassius auratus (Goldfish)	6_3	0,65
A0A1V6FVW4	786	81,31	PF08487;PF13768;	Alphaproteobacteria bacterium ADurb.Bin100	6_3	0,65
A0A1H4U2B6	715	81,28	PF08487;PF13768;	Maribacter dokdonensis	6_3	0,65
A0A6P6N3J6	781	81,22	PF08487;PF13768;	Carassius auratus (Goldfish)	6_3	0,65
A0A096NDY1	786	81,2	PF08487;PF13768;	Papio anubis (Olive baboon)	6_3	0,65
A0A1G7XKB9	805	81,1	PF08487;PF13768;	Sinosporangium album	6_3	0,65
A0A2K6LXI6	781	80,56	PF08487;PF13768;	Rhinopithecus bieti (Black snub-nosed monkey) (Pygathrix bieti)	6_3	0,65
A0A1J1JHH9	835	80,44	PF08487;PF13768;	Planktothrix agardhii (Oscillatoria agardhii)	6_3	0,65
A0A7J9Y6T8	764	80,31	PF08487;PF13768;	Micromonosporaceae bacterium	6_3	0,65
A0A3E1R5S7	795	80,06	PF08487;PF13768;	Rhodoferax lacus	6_3	0,65
A0A1W2CF32	766	79,13	PF08487;PF13768;	Polynucleobacter sp. VK13	6_3	0,65
A0A3B3Y936	734	78,85	PF08487;PF13768;	Poecilia mexicana	6_3	0,65
A0A667Z4Q6	805	78,73	PF08487;PF13768;	Myripristis murdjan (pinecone soldierfish)	6_3	0,65
A0A1Q4EHS2	776	78,5	PF08487;PF13768;	Thiobacillus sp. 0-1251	6_3	0,65
H2MGE0	668	78,03	PF08487;PF13768;	Oryzias latipes (Japanese rice fish) (Japanese killifish)	6_3	0,65
A0A1I1SY39	814	77,44	PF08487;PF13768;	Nannocystis exedens	6_3	0,65
A0A7R9A6N5	865	76,95	PF08487;PF13768;	Darwinula stevensoni	6_3	0,65
A0A817PQU2	833	75,85	PF08487;PF13768;	Rotaria sp. Silwood2	6_3	0,65
A0A136HNH2	798	75,31	PF08487;PF13768;	Colwellia sp. Phe_37	6_3	0,65
A0A5R8YKL8	875	74,85	PF08487;PF13768;	Microbispora fusca	6_3	0,65
A0A4X1VK57	822	74,82	PF08487;PF13768;	Sus scrofa (Pig)	6_3	0,65
A0A819QHH6	834	74,42	PF08487;PF13768;	Rotaria sp. Silwood2	6_3	0,65
A0A818DIZ0	856	73,15	PF08487;PF13768;	Rotaria socialis	6_3	0,65
A0A814GAB0	1260	72,76	PF08487;PF13768;	Rotaria sp. Silwood1	6_3	0,65
A0A820KW24	836	72,73	PF08487;PF13768;	Rotaria socialis	6_3	0,65
A0A820F1X3	893	72,16	PF08487;PF13768;	Rotaria sp. Silwood2	6_3	0,65
A0A819X9U2	812	71,06	PF08487;PF13768;	Rotaria sp. Silwood2	6_3	0,65
A0A835W7D0	1004	70,78	PF08487;PF13768;	Chlamydomonas schloesseri	6_3	0,65
A0A820RGX8	833	70,5	PF08487;PF13768;	Rotaria sp. Silwood2	6_3	0,65
A0A815G8B8	871	70,24	PF08487;PF13768;	Adineta steineri	6_3	0,65
A0A2G6LZI3	757	85,41	PF08487;PF13768;	Candidatus Fermentibacteria bacterium	6_3	0,64
A0A668S0B6	714	85,39	PF08487;PF13768;	Oreochromis aureus (Israeli tilapia) (Chromis aureus)	6_3	0,64
A0A7N6C5V4	732	85,08	PF08487;PF13768;	Anabas testudineus (Climbing perch) (Anthias testudineus)	6_3	0,64
I3K286	748	84,17	PF08487;PF13768;	Oreochromis niloticus (Nile tilapia) (Tilapia nilotica)	6_3	0,64
A0A1A0M030	752	83,39	PF08487;PF13768;	Mycobacterium sp. 1164966.3	6_3	0,64
A0A372G8T7	790	81,87	PF08487;PF13768;	Actinomadura sp. LHW52907	6_3	0,64
A0A372G8T7	790	81,87	PF08487;PF13768;	Actinomadura sp. LHW52907	6_3	0,64
A0A2Z6CX82	794	81,64	PF08487;PF13768;	Nostoc sp. HK-01	6_3	0,64
A0A1E3SCJ4	772	81,62	PF08487;PF13768;	Mycobacterium intermedium	6_3	0,64
A0A7Y4VEE2	677	81,46	PF08487;PF13768;	Verrucomicrobia bacterium	6_3	0,64
A0A1Z4H0G5	810	81,45	PF08487;PF13768;	Calothrix sp. NIES-2100	6_3	0,64
A8K6N3	786	81,33	PF08487;PF13768;	Homo sapiens (Human)	6_3	0,64
A0A4R2CL60	794	80,79	PF08487;PF13768;	Kribbella sp. VKM Ac-2500	6_3	0,64
A0A673JMT7	782	80,79	PF08487;PF13768;	Sinocyclocheilus rhinocerous	6_3	0,64
H0Q1E0	746	80,49	PF08487;PF13768;	Azoarcus sp. KH32C	6_3	0,64
A0A2Y9KI18	671	80,29	PF08487;PF13768;	Enhydra lutris kenyoni	6_3	0,64
A0A7W4C1G9	766	79,15	PF08487;PF13768;	Shewanella sp. SG41-4	6_3	0,64
A0A1A7WB63	796	78,78	PF08487;PF13768;	Iconisemion striatum	6_3	0,64
A0A5Q0H5X8	843	78,71	PF08487;PF13768;	Saccharothrix syringae (Nocardiopsis syringae)	6_3	0,64
A0A059KGD4	707	78,43	PF08487;PF13768;	Sphaerotilus natans subsp. natans DSM 6575	6_3	0,64
A0A7W0VJI9	845	78,22	PF08487;PF13768;	Deltaproteobacteria bacterium	6_3	0,64
A0A667Z957	697	77,07	PF08487;PF13768;	Myripristis murdjan (pinecone soldierfish)	6_3	0,64
A0A817PTI5	824	76,25	PF08487;PF13768;	Rotaria sp. Silwood2	6_3	0,64
G8S9Y2	887	74,92	PF08487;PF13768;	Actinoplanes sp. (strain ATCC 31044 / CBS 674.73 / SE50/110)	6_3	0,64
A0A818SFR2	848	74,29	PF08487;PF13768;	Adineta steineri	6_3	0,64
A0A817QMF9	913	72,05	PF08487;PF13768;	Rotaria sp. Silwood2	6_3	0,64
A0A3P9JJ46	716		PF08487;PF13768;	Oryzias latipes (Japanese rice fish) (Japanese killifish)	6_3	0,64
G3NSG6	790		PF08487;PF13768;	Gasterosteus aculeatus (Three-spined stickleback)	6_3	0,64
A0A665V198	755		PF08487;PF13768;	Echeneis naucrates (Live sharksucker)	6_3	0,64
A0A6P7P7Z9	814		PF08487;PF13768;	Betta splendens (Siamese fighting fish)	6_3	0,64
B4VIU3	615	89,98	PF08487;PF13768;	Coleofasciculus chthonoplastes PCC 7420	6_3	0,63
A0A3S1B1F4	753	85,78	PF08487;PF13768;	Calothrix desertica PCC 7102	6_3	0,63
A0A7N6A6E8	754	85,42	PF08487;PF13768;	Anabas testudineus (Climbing perch) (Anthias testudineus)	6_3	0,63
A0A3N7K0F1	736	83,82	PF08487;PF13768;	Albitalea terrae	6_3	0,63
A0A665V0G0	770	83,6	PF08487;PF13768;	Echeneis naucrates (Live sharksucker)	6_3	0,63
A0A3B4XPX3	762	83,47	PF08487;PF13768;	Seriola lalandi dorsalis	6_3	0,63
A0A7I9YJH9	775	81,67	PF08487;PF13768;	Mycobacterium bourgelatii	6_3	0,63
A0A6H1UGI3	748	81,67	PF08487;PF13768;	Ferrimonas lipolytica	6_3	0,63
A0A7J7RRE6	780	81,49	PF08487;PF13768;	Rhinolophus ferrumequinum (Greater horseshoe bat)	6_3	0,63
W5PK79	783	81,11	PF08487;PF13768;	Ovis aries (Sheep)	6_3	0,63
A0A7W5VHD3	784	80,66	PF08487;PF13768;	Nonomuraea dietziae	6_3	0,63
A0A4R4XRX1	794	80,49	PF08487;PF13768;	Actinomadura sp. KC06	6_3	0,63
A0A255GPZ5	757	80,39	PF08487;PF13768;	Enemella evansiae	6_3	0,63
K9QE13	821	80,34	PF08487;PF13768;	Nostoc sp. PCC 7107	6_3	0,63
A0A252DSJ1	831	80,22	PF08487;PF13768;	Nostoc sp. T09	6_3	0,63
A0A2K6CIS8	786	79,93	PF08487;PF13768;	Macaca nemestrina (Pig-tailed macaque)	6_3	0,63
A0A7W3MTC9	837	79,54	PF08487;PF13768;	Thermomonospora cellulosilytica	6_3	0,63
R4LRN0	793	79,46	PF08487;PF13768;	Actinoplanes sp. N902-109	6_3	0,63
A0A384BHX2	784	79,29	PF08487;PF13768;	Ursus maritimus (Polar bear) (Thalarctos maritimus)	6_3	0,63
A0A367FF56	813	79,23	PF08487;PF13768;	Sphaerisporangium album	6_3	0,63
A0A2Y9K6H9	802	79,18	PF08487;PF13768;	Enhydra lutris kenyoni	6_3	0,63
A0A2Y9K6H9	802	79,18	PF08487;PF13768;	Enhydra lutris kenyoni	6_3	0,63
A0A669DTF3	721	79,18	PF08487;PF13768;	Oreochromis niloticus (Nile tilapia) (Tilapia nilotica)	6_3	0,63
D3Q4N8	831	79,06	PF08487;PF13768;	Stackebrandtia nassauensis (strain DSM 44728 / CIP 108903 / NRRL B-16338 / NBRC 102104 / LLR-40K-21)	6_3	0,63
H2V9X7	812	79,04	PF08487;PF13768;	Takifugu rubripes (Japanese pufferfish) (Fugu rubripes)	6_3	0,63
A0A7J9ZBY6	799	79,03	PF08487;PF13768;	Streptosporangiales bacterium	6_3	0,63
A0A3B5JZ70	812	78,93	PF08487;PF13768;	Takifugu rubripes (Japanese pufferfish) (Fugu rubripes)	6_3	0,63
A0A429BTM0	818	78,64	PF08487;PF13768;	Nonomuraea sp. WAC 01424	6_3	0,63
A0A7H8MBY1	820	78,37	PF08487;PF13768;	Actinomadura sp. NAK00032	6_3	0,63
A0A817F0F2	826	78,04	PF08487;PF13768;	Rotaria sp. Silwood2	6_3	0,63
L0DE59	819	77,85	PF08487;PF13768;	Singulisphaera acidiphila (strain ATCC BAA-1392 / DSM 18658 / VKM B-2454 / MOB10)	6_3	0,63
G3IC89	706	77,73	PF08487;PF13768;	Cricetulus griseus (Chinese hamster) (Cricetulus barabensis griseus)	6_3	0,63
A0A3M2M8L4	878	77,06	PF08487;PF13768;	Actinomadura harenae	6_3	0,63
A0A815WLC1	819	76,77	PF08487;PF13768;	Adineta ricciae (Rotifer)	6_3	0,63
A0A4V2L0F9	669	75,85	PF08487;PF13768;	Bowmanella sp. JS7-9	6_3	0,63
A0A817N4K8	824	75,16	PF08487;PF13768;	Rotaria sp. Silwood2	6_3	0,63
A0A821IE18	844	74,95	PF08487;PF13768;	Rotaria sp. Silwood1	6_3	0,63
A0A814VWX9	838	74,76	PF08487;PF13768;	Rotaria sordida	6_3	0,63
A0A816AKU1	858	73,88	PF08487;PF13768;	Rotaria sp. Silwood1	6_3	0,63
A0A819T0B6	838	73,81	PF08487;PF13768;	Rotaria sordida	6_3	0,63
A0A820STN8	739	73,78	PF08487;PF13768;	Rotaria sp. Silwood2	6_3	0,63
A0A0C2A4J4	870	73,63	PF08487;PF13768;	Enhygromyxa salina	6_3	0,63
A0A818Q8L3	846	71,94	PF08487;PF13768;	Rotaria sp. Silwood1	6_3	0,63
A0A3S5GY36	617	90,25	PF08487;PF13768;	Sorangium cellulosum (Polyangium cellulosum)	6_3	0,62
A0A671W9Z6	748	83,01	PF08487;PF13768;	Sparus aurata (Gilthead sea bream)	6_3	0,62
A0A431KRT9	845	81,69	PF08487;PF13768;	Candidatus Melainabacteria bacterium	6_3	0,62
L8I5I3	785	81,51	PF08487;PF13768;	Bos mutus (wild yak)	6_3	0,62
A0A850JGK1	780	81,23	PF08487;PF13768;	Actinomadura sp. BRA 177	6_3	0,62
A0A3B3TXK1	713	80,78	PF08487;PF13768;	Poecilia latipinna (sailfin molly)	6_3	0,62
A0A0R6A962	825	80,49	PF08487;PF13768;	Saccharothrix algeriensis	6_3	0,62
A0A6I3GC88	742	80,28	PF08487;PF13768;	Actinomycetia bacterium	6_3	0,62
A0A7N5KGH7	783	79,98	PF08487;PF13768;	Ailuropoda melanoleuca (Giant panda)	6_3	0,62
A0A2K6LXG9	790	79,86	PF08487;PF13768;	Rhinopithecus bieti (Black snub-nosed monkey) (Pygathrix bieti)	6_3	0,62
A0A3B4EM19	691	79,66	PF08487;PF13768;	Pygocentrus nattereri (Red-bellied piranha)	6_3	0,62
A0A2R9BIJ4	786	79,45	PF08487;PF13768;	Pan paniscus (Pygmy chimpanzee) (Bonobo)	6_3	0,62
A0A846B8D3	829	79,24	PF08487;PF13768;	Symploca sp. SIO1B1	6_3	0,62
A0A6P6N238	803	79,22	PF08487;PF13768;	Carassius auratus (Goldfish)	6_3	0,62
A0A384BGX6	785	79,19	PF08487;PF13768;	Ursus maritimus (Polar bear) (Thalarctos maritimus)	6_3	0,62
A0A3Q2G2G2	738	78,56	PF08487;PF13768;	Cyprinodon variegatus (Sheepshead minnow)	6_3	0,62
A0A5F7ZN63	781	78,02	PF08487;PF13768;	Macaca mulatta (Rhesus macaque)	6_3	0,62
A0A6P6EX90	813	77,72	PF08487;PF13768;	Octodon degus (Degu) (Sciurus degus)	6_3	0,62
A0A3P9JJV2	740	77,17	PF08487;PF13768;	Oryzias latipes (Japanese rice fish) (Japanese killifish)	6_3	0,62
A0A7Z1AXE0	867	76,71	PF08487;PF13768;	Actinophytocola xinjiangensis	6_3	0,62
A0A3B3D6Q4	714	76,19	PF08487;PF13768;	Oryzias melastigma (Marine medaka)	6_3	0,62
A0A816C5R4	700	75,99	PF08487;PF13768;	Rotaria magnacalcarata	6_3	0,62
A0A814BXJ6	835	75,7	PF08487;PF13768;	Rotaria sordida	6_3	0,62
A0A814W610	831	75,56	PF08487;PF13768;	Rotaria sordida	6_3	0,62
A0A817CHQ6	833	75,44	PF08487;PF13768;	Rotaria sp. Silwood2	6_3	0,62
A0A815QL72	837	74,94	PF08487;PF13768;	Rotaria sordida	6_3	0,62
A0A819EHI0	824	74,19	PF08487;PF13768;	Adineta steineri	6_3	0,62
A0A819ZZ19	893	74,18	PF08487;PF13768;	Rotaria sp. Silwood2	6_3	0,62
A0A813VLL7	829	74,17	PF08487;PF13768;	Adineta steineri	6_3	0,62
A0A818MNG0	828	73,3	PF08487;PF13768;	Rotaria sp. Silwood1	6_3	0,62
A0A819GC69	833	73,15	PF08487;PF13768;	Rotaria sp. Silwood2	6_3	0,62
A0A817GUF3	893	72,51	PF08487;PF13768;	Rotaria sp. Silwood2	6_3	0,62
G3IC91	832	71,11	PF08487;PF13768;	Cricetulus griseus (Chinese hamster) (Cricetulus barabensis griseus)	6_3	0,62
A0A674NHX2	812		PF08487;PF13768;	Takifugu rubripes (Japanese pufferfish) (Fugu rubripes)	6_3	0,62
A0A817GZJ4	913		PF08487;PF13768;	Rotaria sp. Silwood2	6_3	0,62
A0A5J6U6L8	795		PF08487;PF13768;	Actinomadura sp. WMMB 499	6_3	0,62
A0A6G0IVJ4	735	85,43	PF08487;PF13768;	Larimichthys crocea (Large yellow croaker) (Pseudosciaena crocea)	6_3	0,61
A0A2D5EEM0	672	85,41	PF08487;PF13768;	Marinobacter sp	6_3	0,61
G3VBZ7	766	84,96	PF08487;PF13768;	Sarcophilus harrisii (Tasmanian devil) (Sarcophilus laniarius)	6_3	0,61
A0A3B5LNL6	717	84,76	PF08487;PF13768;	Xiphophorus couchianus (Monterrey platyfish)	6_3	0,61
Q99KC8	793	82,9	PF08487;PF13768;	Mus musculus (Mouse)	6_3	0,61
A0A7W7VN99	761	82,54	PF08487;PF13768;	Streptosporangium saharense	6_3	0,61
A0A6N0LX33	814	81,34	PF08487;PF13768;	Nostoc sp. TCL240-02	6_3	0,61
A0A5Q0GNX5	819	81,26	PF08487;PF13768;	Anabaena sp. YBS01	6_3	0,61
A0A1A3IBG6	744	81	PF08487;PF13768;	Mycobacterium sp. 1423905.2	6_3	0,61
A0A7K1KUD3	795	80,67	PF08487;PF13768;	Actinomadura litoris	6_3	0,61
A0A1S3NTR5	629	80,52	PF08487;PF13768;	Salmo salar (Atlantic salmon)	6_3	0,61
A0A5D0NVX5	802	80,39	PF08487;PF13768;	Actinomadura chibensis	6_3	0,61
A0A3B1K696	835	80,24	PF08487;PF13768;	Astyanax mexicanus (Blind cave fish) (Astyanax fasciatus mexicanus)	6_3	0,61
A0A7V8GBE8	765	80,24	PF08487;PF13768;	Variovorax sp	6_3	0,61
A0A5M3WP99	823	80,14	PF08487;PF13768;	Acrocarpospora macrocephala	6_3	0,61
A0A7Y9EJE1	819	79,18	PF08487;PF13768;	Actinomadura luteofluorescens	6_3	0,61
A0A3B4UDD5	742	79,11	PF08487;PF13768;	Seriola dumerili (Greater amberjack) (Caranx dumerili)	6_3	0,61
A0A484DJG2	675	77,7	PF08487;PF13768;	Perca flavescens (American yellow perch) (Morone flavescens)	6_3	0,61
A0A1E2WM00	758	76,79	PF08487;PF13768;	Nostoc sp. KVJ20	6_3	0,61
A0A814RZB1	828	76,34	PF08487;PF13768;	Rotaria sp. Silwood1	6_3	0,61
A0A818M9M7	752	76,12	PF08487;PF13768;	Adineta steineri	6_3	0,61
A0A817MBZ6	834	75,91	PF08487;PF13768;	Rotaria socialis	6_3	0,61
A0A815KBC9	817	75,84	PF08487;PF13768;	Rotaria sordida	6_3	0,61
A0A817IY92	826	75,49	PF08487;PF13768;	Rotaria sp. Silwood2	6_3	0,61
A0A818TDV9	842	74,98	PF08487;PF13768;	Rotaria sp. Silwood1	6_3	0,61
A0A813YD75	829	74,62	PF08487;PF13768;	Adineta ricciae (Rotifer)	6_3	0,61
A0A818H8Y6	856	73,74	PF08487;PF13768;	Rotaria socialis	6_3	0,61
A0A821SBM6	877	73,26	PF08487;PF13768;	Rotaria sp. Silwood1	6_3	0,61
A0A817FBZ6	972	70,09	PF08487;PF13768;	Rotaria sp. Silwood2	6_3	0,61
A0A665V0D9	755	83,81	PF08487;PF13768;	Echeneis naucrates (Live sharksucker)	6_3	0,6
A0A672SE94	724	82,66	PF08487;PF13768;	Sinocyclocheilus grahami (Dianchi golden-line fish) (Barbus grahami)	6_3	0,6
A0A7Y6PQ14	643	81,88	PF08487;PF13768;	Kofleriaceae bacterium	6_3	0,6
A0A7Y3U678	674	81,75	PF08487;PF13768;	Planctomycetes bacterium	6_3	0,6
A0A534TAX4	785	81,43	PF08487;PF13768;	Deltaproteobacteria bacterium	6_3	0,6
A0A6P0MCG8	837	81,08	PF08487;PF13768;	Symploca sp. SIO2C1	6_3	0,6
Q3MDG0	819	80,94	PF08487;PF13768;	Trichormus variabilis (strain ATCC 29413 / PCC 7937) (Anabaena variabilis)	6_3	0,6
A0A846YW73	794	80,86	PF08487;PF13768;	Actinomadura latina	6_3	0,6
A0A2D5ZF78	699	80,53	PF08487;PF13768;	Phycisphaeraceae bacterium	6_3	0,6
A0A819CV70	727	80,51	PF08487;PF13768;	Adineta steineri	6_3	0,6
A0A7W7IKN5	789	80,04	PF08487;PF13768;	Actinomadura catellatispora	6_3	0,6
A0A5F4W412	744	79,26	PF08487;PF13768;	Callithrix jacchus (White-tufted-ear marmoset)	6_3	0,6
K9WVM2	841	78,62	PF08487;PF13768;	Cylindrospermum stagnale PCC 7417	6_3	0,6
A0A7J9XE33	740	78,1	PF08487;PF13768;	Streptosporangiales bacterium	6_3	0,6
A0A814L4F1	835	76,95	PF08487;PF13768;	Rotaria sordida	6_3	0,6
A0A820AL04	835	76,41	PF08487;PF13768;	Rotaria sordida	6_3	0,6
A0A815NSJ3	643	76,31	PF08487;PF13768;	Rotaria magnacalcarata	6_3	0,6
A0A3A0AXG3	863	75,05	PF08487;PF13768;	Chloroflexi bacterium	6_3	0,6
A0A817MNE9	893	74,62	PF08487;PF13768;	Rotaria sp. Silwood2	6_3	0,6
A0A817S4N4	828	74,59	PF08487;PF13768;	Rotaria socialis	6_3	0,6
A0A1N6R5N6	891	73,87	PF08487;PF13768;	Microbispora rosea	6_3	0,6
A0A821HWK9	846	73,68	PF08487;PF13768;	Rotaria sp. Silwood1	6_3	0,6
A0A817P0P8	913	72,88	PF08487;PF13768;	Rotaria sp. Silwood2	6_3	0,6
A0A842TPX1	798	71,82	PF08487;PF13768;	Candidatus Lokiarchaeota archaeon	6_3	0,6
A0A818GUE2	868		PF08487;PF13768;	Rotaria sp. Silwood1	6_3	0,6
A0A819D4D0	848		PF08487;PF13768;	Rotaria sordida	6_3	0,6
A0A542LK26	758		PF08487;PF13768;	Herbaspirillum sp. SJZ107	6_3	0,6
A0A7W0T8X7	653		PF08487;PF13768;	Deltaproteobacteria bacterium	6_3	0,6
A0A017TGS4	936		PF08487;PF13768;	Chondromyces apiculatus DSM 436	6_3	0,6
A0A150TN33	686	84,94	PF08487;PF13768;	Sorangium cellulosum (Polyangium cellulosum)	6_3	0,59
U5WT84	741	84,78	PF08487;PF13768;	Mycobacterium kansasii ATCC 12478	6_3	0,59
A0A7J5YFJ4	742	84,39	PF08487;PF13768;	Dissostichus mawsoni (Antarctic cod)	6_3	0,59
A0A6A5FPC9	775	84,15	PF08487;PF13768;	Perca fluviatilis (European perch)	6_3	0,59
A0A3P9BIF4	745	83,45	PF08487;PF13768;	Maylandia zebra (zebra mbuna)	6_3	0,59
A0A1A2DMD2	769	82,4	PF08487;PF13768;	Mycobacterium sp. 852002-51163_SCH5372311	6_3	0,59
A0A821PTK4	657	80,76	PF08487;PF13768;	Rotaria sp. Silwood1	6_3	0,59
A0A672HYI9	736	80,55	PF08487;PF13768;	Salarias fasciatus (Jewelled blenny) (Blennius fasciatus)	6_3	0,59
A0A1W2A285	820	80,35	PF08487;PF13768;	Kibdelosporangium aridum	6_3	0,59
I3M243	799	80,32	PF08487;PF13768;	Ictidomys tridecemlineatus (Thirteen-lined ground squirrel) (Spermophilus tridecemlineatus)	6_3	0,59
A0A841CCQ6	811	80,17	PF08487;PF13768;	Saccharothrix tamanrassetensis	6_3	0,59
A0A671W9G8	732	80,16	PF08487;PF13768;	Sparus aurata (Gilthead sea bream)	6_3	0,59
A0A841V8Y1	827	80,01	PF08487;PF13768;	Nostoc sp. UCD120	6_3	0,59
A0A5M3VQ32	816	79,79	PF08487;PF13768;	Acrocarpospora corrugata	6_3	0,59
A0A3Q7THZ0	784	79,73	PF08487;PF13768;	Vulpes vulpes (Red fox)	6_3	0,59
A0A7V9CNH5	778	78,94	PF08487;PF13768;	Acidobacteria bacterium	6_3	0,59
A0A4R5WVB4	851	78,73	PF08487;PF13768;	Mycobacterium paragordonae	6_3	0,59
W5L8G2	716	77,97	PF08487;PF13768;	Astyanax mexicanus (Blind cave fish) (Astyanax fasciatus mexicanus)	6_3	0,59
A0A815PD27	821	77,72	PF08487;PF13768;	Adineta ricciae (Rotifer)	6_3	0,59
A0A4W6CSQ1	759	77,18	PF08487;PF13768;	Lates calcarifer (Barramundi) (Holocentrus calcarifer)	6_3	0,59
A0A1S3NTN8	826	76,43	PF08487;PF13768;	Salmo salar (Atlantic salmon)	6_3	0,59
A0A815JVP8	835	76,16	PF08487;PF13768;	Rotaria sordida	6_3	0,59
A0A814G9D1	822	76,14	PF08487;PF13768;	Adineta steineri	6_3	0,59
A0A821T1F8	708	76,07	PF08487;PF13768;	Rotaria sp. Silwood1	6_3	0,59
A0A815BQS2	825	75,96	PF08487;PF13768;	Adineta steineri	6_3	0,59
A0A819JAQ8	862	74,74	PF08487;PF13768;	Rotaria sp. Silwood1	6_3	0,59
A0A818RU89	834	73,98	PF08487;PF13768;	Rotaria sordida	6_3	0,59
A0A818Z6U0	798	73,84	PF08487;PF13768;	Rotaria sp. Silwood1	6_3	0,59
A0A816CJ68	859	72,99	PF08487;PF13768;	Rotaria magnacalcarata	6_3	0,59
A0A6B0YGL8	726	72,18	PF08487;PF13768;	Gammaproteobacteria bacterium	6_3	0,59
W5MJ88	837	70,83	PF08487;PF13768;	Lepisosteus oculatus (Spotted gar)	6_3	0,59
A0A7N6B3Y6	737	84,06	PF08487;PF13768;	Anabas testudineus (Climbing perch) (Anthias testudineus)	6_3	0,58
A0A366M250	802	81,34	PF08487;PF13768;	Spongiactinospora rosea	6_3	0,58
A0A5C4JEC8	801	80,91	PF08487;PF13768;	Actinomadura soli	6_3	0,58
A0A252DBX1	828	80,14	PF08487;PF13768;	Nostoc sp. RF31YmG	6_3	0,58
A0A7W2EQ52	757	79,81	PF08487;PF13768;	Duganella sp. LX20W	6_3	0,58
A0A818IVD5	678	79,46	PF08487;PF13768;	Rotaria sp. Silwood1	6_3	0,58
A0A672HX44	784	79,42	PF08487;PF13768;	Salarias fasciatus (Jewelled blenny) (Blennius fasciatus)	6_3	0,58
Q8C1D4	804	79,29	PF08487;PF13768;	Mus musculus (Mouse)	6_3	0,58
A0A6V8LJS5	807	79,2	PF08487;PF13768;	Phytohabitans rumicis	6_3	0,58
A0A3Q2NNB8	745	78,77	PF08487;PF13768;	Fundulus heteroclitus (Killifish) (Mummichog)	6_3	0,58
K0K233	841	78,75	PF08487;PF13768;	Saccharothrix espanaensis (strain ATCC 51144 / DSM 44229 / JCM 9112 / NBRC 15066 / NRRL 15764)	6_3	0,58
A0A1V0A3Y0	836	78,41	PF08487;PF13768;	Nonomuraea sp. ATCC 55076	6_3	0,58
A0A818MHN5	819	78,34	PF08487;PF13768;	Rotaria socialis	6_3	0,58
A0A817CPS4	834	75,68	PF08487;PF13768;	Rotaria sp. Silwood2	6_3	0,58
A0A1V4EMJ2	886	75,36	PF08487;PF13768;	Microbispora sp. GKU 823	6_3	0,58
A0A818Z3T6	819	75,34	PF08487;PF13768;	Rotaria socialis	6_3	0,58
A0A814URZ7	833	75,01	PF08487;PF13768;	Rotaria sordida	6_3	0,58
A0A813MVA0	846	74,99	PF08487;PF13768;	Adineta steineri	6_3	0,58
A0A821I5V9	844	74,21	PF08487;PF13768;	Rotaria sp. Silwood1	6_3	0,58
A0A815HRD9	828	74,1	PF08487;PF13768;	Rotaria sp. Silwood1	6_3	0,58
A0A818V0W5	847	72,09	PF08487;PF13768;	Rotaria sp. Silwood1	6_3	0,58
A0A7X4EWR5	752	71,56	PF08487;PF13768;	Proteobacteria bacterium	6_3	0,58
A0A818LMV8	830	71,52	PF08487;PF13768;	Rotaria sp. Silwood1	6_3	0,58
A0A818WP30	847		PF08487;PF13768;	Rotaria sp. Silwood1	6_3	0,58
A0A2M6VXA8	820		PF08487;PF13768;	Limnohabitans sp. 15K	6_3	0,58
A0A2U3LKJ7	759	85,67	PF08487;PF13768;	Candidatus Sulfopaludibacter sp. SbA4	6_3	0,57
A0A7X7FLU6	643	84,84	PF08487;PF13768;	Planctomycetes bacterium	6_3	0,57
A0A7X0LKB9	678	81,18	PF08487;PF13768;	Algisphaera agarilytica	6_3	0,57
A0A3Q7S7B1	784	80,59	PF08487;PF13768;	Callorhinus ursinus (Northern fur seal)	6_3	0,57
A0A1Q8C7X6	822	79,83	PF08487;PF13768;	Actinophytocola xanthii	6_3	0,57
A0A670JKU2	665	79,51	PF08487;PF13768;	Podarcis muralis (Wall lizard) (Lacerta muralis)	6_3	0,57
A0A809R8B9	838	77,06	PF08487;PF13768;	Undibacterium sp. YM2	6_3	0,57
I0HAX0	873	76,76	PF08487;PF13768;	Actinoplanes missouriensis (strain ATCC 14538 / DSM 43046 / CBS 188.64 / JCM 3121 / NBRC 102363 / NCIMB 12654 / NRRL B-3342 / UNCC 431)	6_3	0,57
A0A818DP65	828	76,59	PF08487;PF13768;	Rotaria socialis	6_3	0,57
A0A821VXW6	704	75,91	PF08487;PF13768;	Rotaria sp. Silwood1	6_3	0,57
A0A814G001	828	75,8	PF08487;PF13768;	Adineta steineri	6_3	0,57
A0A821WZN5	834	74,76	PF08487;PF13768;	Rotaria sp. Silwood1	6_3	0,57
A0A820C2M2	776	72,82	PF08487;PF13768;	Rotaria sp. Silwood2	6_3	0,57
A0A818G977	868	72,1	PF08487;PF13768;	Rotaria sp. Silwood1	6_3	0,57
A0A820VNM7	830	70,91	PF08487;PF13768;	Rotaria sp. Silwood1	6_3	0,57
A0A6P6N3W2	751	83,23	PF08487;PF13768;	Carassius auratus (Goldfish)	6_3	0,56
A0A5C8JYR1	772	82,3	PF08487;PF13768;	Nonomuraea sp. C10	6_3	0,56
A0A5D0U8I0	800	80,87	PF08487;PF13768;	Actinomadura syzygii	6_3	0,56
A0A7W7Q4G8	830	80,66	PF08487;PF13768;	Actinophytocola algeriensis	6_3	0,56
A0A6P6N1Z8	781	80,54	PF08487;PF13768;	Carassius auratus (Goldfish)	6_3	0,56
A0A814AKW2	729	79,88	PF08487;PF13768;	Adineta steineri	6_3	0,56
A0A4R6K2H4	808	79,34	PF08487;PF13768;	Actinoplanes brasiliensis	6_3	0,56
A0A315AYI3	847	78,09	PF08487;PF13768;	Limnohabitans sp. MMS-10A-178	6_3	0,56
A0A813UT60	820	77,17	PF08487;PF13768;	Adineta ricciae (Rotifer)	6_3	0,56
A0A818E9W9	833	76,44	PF08487;PF13768;	Rotaria sp. Silwood1	6_3	0,56
A0A814ZYI2	831	76,14	PF08487;PF13768;	Rotaria sordida	6_3	0,56
A0A817NBC1	834	75,36	PF08487;PF13768;	Rotaria sp. Silwood2	6_3	0,56
A0A815IJJ6	835	74,34	PF08487;PF13768;	Rotaria sordida	6_3	0,56
A0A818TKY2	847	74,12	PF08487;PF13768;	Rotaria sp. Silwood1	6_3	0,56
A0A816XDR8	686	72,47	PF08487;PF13768;	Rotaria magnacalcarata	6_3	0,56
A0A818NI36	849	72,15	PF08487;PF13768;	Rotaria sordida	6_3	0,56
A0A821GF96	799	71,99	PF08487;PF13768;	Rotaria sp. Silwood1	6_3	0,56
A0A818FRN2	840	70,44	PF08487;PF13768;	Rotaria sp. Silwood1	6_3	0,56
A0A373FE31	758		PF08487;PF13768;	Comamonas testosteroni (Pseudomonas testosteroni)	6_3	0,56
A0A5N5NGX9	622	87,28	PF08487;PF13768;	Pangasianodon hypophthalmus (Striped catfish) (Helicophagus hypophthalmus)	6_3	0,55
A0A5M3XLW9	827	79,91	PF08487;PF13768;	Acrocarpospora pleiomorpha	6_3	0,55
A0A7W3LTV1	823	79,36	PF08487;PF13768;	Actinomadura namibiensis	6_3	0,55
A0A259EA25	776	79,01	PF08487;PF13768;	Hydrogenophilales bacterium 17-64-11	6_3	0,55
A0A1H9ZQD3	818	78,69	PF08487;PF13768;	Nonomuraea wenchangensis	6_3	0,55
A0A813VAP7	815	78,53	PF08487;PF13768;	Adineta ricciae (Rotifer)	6_3	0,55
A0A3S0VAU1	794	77,98	PF08487;PF13768;	Candidatus Competibacteraceae bacterium	6_3	0,55
A0A814X962	805	77,9	PF08487;PF13768;	Rotaria sordida	6_3	0,55
A0A819IEK4	831	77,73	PF08487;PF13768;	Rotaria sordida	6_3	0,55
A0A6N4T8U9	836	77,54	PF08487;PF13768;	Undibacterium sp. KW1	6_3	0,55
A0A6J2QWU4	821	77,4	PF08487;PF13768;	Cottoperca gobio (Frogmouth) (Aphritis gobio)	6_3	0,55
A0A3P8Y936	806	76,92	PF08487;PF13768;	Esox lucius (Northern pike)	6_3	0,55
A0A0N7F4H2	897	76,68	PF08487;PF13768;	Kibdelosporangium phytohabitans	6_3	0,55
A0A814QU52	827	76,47	PF08487;PF13768;	Rotaria magnacalcarata	6_3	0,55
A0A821Q519	847	73,16	PF08487;PF13768;	Rotaria sp. Silwood1	6_3	0,55
A0A3M1CRG7	736	82,2	PF08487;PF13768;	Deltaproteobacteria bacterium	6_3	0,54
A0A7C6V0F9	840	81,99	PF08487;PF13768;	Syntrophomonadaceae bacterium	6_3	0,54
A0A672HX95	756	81,36	PF08487;PF13768;	Salarias fasciatus (Jewelled blenny) (Blennius fasciatus)	6_3	0,54
A0A0Q2LSQ3	767	81,08	PF08487;PF13768;	Mycobacterium gordonae	6_3	0,54
A0A6I4W7M3	818	80,01	PF08487;PF13768;	Actinomadura rayongensis	6_3	0,54
A0A2U3YER2	784	80	PF08487;PF13768;	Leptonychotes weddellii (Weddell seal) (Otaria weddellii)	6_3	0,54
A0A7X9P618	762	79,94	PF08487;PF13768;	Myxococcales bacterium	6_3	0,54
A0A4V0I9R7	1017	78,38	PF08487;PF13768;	Gemmataceae bacterium	6_3	0,54
A0A818UBI2	672	78,37	PF08487;PF13768;	Rotaria sordida	6_3	0,54
A0A1H7NDA1	832	77,98	PF08487;PF13768;	Nonomuraea pusilla	6_3	0,54
A0A816UC61	827	76,99	PF08487;PF13768;	Rotaria magnacalcarata	6_3	0,54
A0A820H1T0	826	76,29	PF08487;PF13768;	Rotaria sp. Silwood2	6_3	0,54
A0A815QB29	817	76,06	PF08487;PF13768;	Rotaria sordida	6_3	0,54
A0A5N6BNQ8	879	75,64	PF08487;PF13768;	Microbispora catharanthi	6_3	0,54
A0A5D0PRG7	875	75,02	PF08487;PF13768;	Microbispora tritici	6_3	0,54
A0A814L3A6	848	73,89	PF08487;PF13768;	Adineta steineri	6_3	0,54
A0A813M8T4	844	73,82	PF08487;PF13768;	Adineta steineri	6_3	0,54
A0A819BNF7	940	70,91	PF08487;PF13768;	Adineta steineri	6_3	0,54
A0A7D3ZN38	833		PF08487;PF13768;	Actinomadura verrucosospora	6_3	0,54
A0A6J2C1Q8	784	80,86	PF08487;PF13768;	Zalophus californianus (California sealion)	6_3	0,53
A0A7C3ZZR6	824	78,16	PF08487;PF13768;	Planktothricoides sp. SpSt-374	6_3	0,53
A0A816SFR3	664	77,85	PF08487;PF13768;	Rotaria magnacalcarata	6_3	0,53
A0A819XL22	835	77,16	PF08487;PF13768;	Rotaria sordida	6_3	0,53
A0A816GUQ0	834	77,13	PF08487;PF13768;	Rotaria sp. Silwood1	6_3	0,53
A0A814FVW2	805	76,85	PF08487;PF13768;	Rotaria sordida	6_3	0,53
A0A101JE85	851	76,51	PF08487;PF13768;	Actinoplanes awajinensis subsp. mycoplanecinus	6_3	0,53
A0A814J1P2	855	74,99	PF08487;PF13768;	Adineta steineri	6_3	0,53
A0A815ZRM4	842	73,94	PF08487;PF13768;	Rotaria sp. Silwood1	6_3	0,53
A0A821L236	799	72,19	PF08487;PF13768;	Rotaria sp. Silwood1	6_3	0,53
A0A815H2M3	804	71,95	PF08487;PF13768;	Rotaria sordida	6_3	0,53
A0A814VFL8	868	71,62	PF08487;PF13768;	Rotaria sp. Silwood1	6_3	0,53
A0A818U4V0	810	71,61	PF08487;PF13768;	Rotaria socialis	6_3	0,53
A0A2D0SC29	616	84,81	PF08487;PF13768;	Ictalurus punctatus (Channel catfish) (Silurus punctatus)	6_3	0,52
A0A815B9J9	594	83,32	PF08487;PF13768;	Rotaria sordida	6_3	0,52
A0A5S4F1T7	803	79,97	PF08487;PF13768;	Nonomuraea turkmeniaca	6_3	0,52
A0A7X0L1E8	808	79,81	PF08487;PF13768;	Actinomadura coerulea	6_3	0,52
A0A7Y6I5Y9	831	79,54	PF08487;PF13768;	Nonomuraea montanisoli	6_3	0,52
A0A6P7JFX4	857	77,75	PF08487;PF13768;	Parambassis ranga (Indian glassy fish)	6_3	0,52
A0A820G252	833	75,94	PF08487;PF13768;	Rotaria sp. Silwood2	6_3	0,52
A0A815SGD2	862	75,13	PF08487;PF13768;	Rotaria sordida	6_3	0,52
A0A819D1G9	843	74,88	PF08487;PF13768;	Rotaria sordida	6_3	0,52
A0A817TJZ4	858	74,66	PF08487;PF13768;	Rotaria socialis	6_3	0,52
A0A814P2D0	828	74,64	PF08487;PF13768;	Adineta steineri	6_3	0,52
A0A818YZZ4	844	73,91	PF08487;PF13768;	Adineta steineri	6_3	0,52
A0A815Q548	875	73,6	PF08487;PF13768;	Adineta steineri	6_3	0,52
A0A813ZDR4	940	71,44	PF08487;PF13768;	Adineta steineri	6_3	0,52
A0A816SK59	873	71,42	PF08487;PF13768;	Rotaria magnacalcarata	6_3	0,52
A0A814U4Y7	830		PF08487;PF13768;	Rotaria sordida	6_3	0,52
A0A0G2ZKK2	596	89,43	PF08487;PF13768;	Archangium gephyra	6_3	0,51
A0A5D3FQP9	800	80,72	PF08487;PF13768;	Actinomadura decatromicini	6_3	0,51
A0A553PIW3	715	79,37	PF08487;PF13768;	Danionella translucida	6_3	0,51
A0A372JS37	859	78,32	PF08487;PF13768;	Actinomadura logoneensis	6_3	0,51
A0A815P3C0	817	77,52	PF08487;PF13768;	Rotaria sordida	6_3	0,51
A0A818W0B0	820	76,54	PF08487;PF13768;	Rotaria socialis	6_3	0,51
A0A3T1B680	834	76,28	PF08487;PF13768;	Actinoplanes sp. OR16	6_3	0,51
A0A838RCT7	902	76,09	PF08487;PF13768;	Ardenticatenales bacterium	6_3	0,51
A0A820MDW3	834	74,69	PF08487;PF13768;	Rotaria socialis	6_3	0,51
A0A814P4H4	829	73,81	PF08487;PF13768;	Adineta steineri	6_3	0,51
A0A3P9BHM5	727	86,29	PF08487;PF13768;	Maylandia zebra (zebra mbuna)	6_3	0,5
A0A6L5Z5H8	719	81,97	PF08487;PF13768;	Halovulum marinum	6_3	0,5
A0A7X9K538	712	81,08	PF08487;PF13768;	Candidatus Cloacimonetes bacterium	6_3	0,5
A0A1H6DJ35	807	79,61	PF08487;PF13768;	Nonomuraea solani	6_3	0,5
D2HZC5	759	79,42	PF08487;PF13768;	Ailuropoda melanoleuca (Giant panda)	6_3	0,5
A0A814UKM9	672	79,28	PF08487;PF13768;	Rotaria sordida	6_3	0,5
A0A819J8H4	836	75,19	PF08487;PF13768;	Rotaria sordida	6_3	0,5
A0A814IZN3	672	74,62	PF08487;PF13768;	Rotaria sordida	6_3	0,5
A0A327Z8M4	907	74,35	PF08487;PF13768;	Actinoplanes lutulentus	6_3	0,5
A0A819IMH4	873	73,18	PF08487;PF13768;	Rotaria magnacalcarata	6_3	0,5
A0A3E0H7H0	776		PF08487;PF13768;	Kutzneria buriramensis	6_3	0,5
A0A0S7FEM3	618	88,03	PF08487;PF13768;	Poeciliopsis prolifica (blackstripe livebearer)	6_3	0,49
A0A3Q1JRB2	734	79,29	PF08487;PF13768;	Anabas testudineus (Climbing perch) (Anthias testudineus)	6_3	0,49
A0A6N7GNJ4	810	77,98	PF08487;PF13768;	Micromonosporaceae bacterium	6_3	0,49
A0A433DGN3	888	73,94	PF08487;PF13768;	Jimgerdemannia flammicorona	6_3	0,49
A0A817F3A2	791	73,29	PF08487;PF13768;	Rotaria sp. Silwood2	6_3	0,49
A0A817GLB3	913	71,75	PF08487;PF13768;	Rotaria sp. Silwood2	6_3	0,49
A0A819AN15	729	81,02	PF08487;PF13768;	Adineta steineri	6_3	0,48
A0A819P6E4	817	76,5	PF08487;PF13768;	Rotaria sordida	6_3	0,48
A0A818QNE1	677	76,38	PF08487;PF13768;	Rotaria sp. Silwood1	6_3	0,48
A0A821ID03	708	75,6	PF08487;PF13768;	Rotaria sp. Silwood1	6_3	0,48
A0A815RIF8	831	74,56	PF08487;PF13768;	Rotaria sordida	6_3	0,48
A0A814HEA4	873	72,73	PF08487;PF13768;	Rotaria magnacalcarata	6_3	0,48
A0A820LJV6	812	72,35	PF08487;PF13768;	Rotaria sp. Silwood2	6_3	0,48
A0A819WKU3	799	72,3	PF08487;PF13768;	Rotaria sordida	6_3	0,48
A0A3P9JJH5	741	84,81	PF08487;PF13768;	Oryzias latipes (Japanese rice fish) (Japanese killifish)	6_3	0,47
A0A7Y5F9N1	829	81,8	PF08487;PF13768;	Candidatus Hydrogenedentes bacterium	6_3	0,47
A0A1K0GGF3	835	78,08	PF08487;PF13768;	Couchioplanes caeruleus subsp. caeruleus	6_3	0,47
A0A847V8E4	836	76,66	PF08487;PF13768;	Methanospirillum sp	6_3	0,47
A0A819FB14	873	72,78	PF08487;PF13768;	Rotaria magnacalcarata	6_3	0,47
A0A6H9Z226	862	77,91	PF08487;PF13768;	Actinomadura rudentiformis	6_3	0,46
A0A818W6G5	826	75,92	PF08487;PF13768;	Rotaria sp. Silwood1	6_3	0,46
A0A814EVF9	822	75,63	PF08487;PF13768;	Adineta steineri	6_3	0,46
A0A815JFI5	708	74,55	PF08487;PF13768;	Rotaria sp. Silwood1	6_3	0,46
A0A6A5EX73	791	79,67	PF08487;PF13768;	Perca fluviatilis (European perch)	6_3	0,45
A0A822EFG3	658	78,4	PF08487;PF13768;	Rotaria sp. Silwood1	6_3	0,45
A0A819JNM1	742	76,86	PF08487;PF13768;	Rotaria sp. Silwood1	6_3	0,45
A0A821S299	847	74,06	PF08487;PF13768;	Rotaria sp. Silwood1	6_3	0,45
A0A817IV80	811	72,71	PF08487;PF13768;	Rotaria sp. Silwood2	6_3	0,45
A0A538PXY1	653	80,49	PF08487;PF13768;	Deltaproteobacteria bacterium	6_3	0,44
A0A1I2I784	822	78,61	PF08487;PF13768;	Nannocystis exedens	6_3	0,44
A0A0C3MZK3	786	77,18	PF08487;PF13768;	Thauera sp. SWB20	6_3	0,44
A0A3Q2ZPD3	638	71,87	PF08487;PF13768;	Kryptolebias marmoratus (Mangrove killifish) (Rivulus marmoratus)	6_3	0,44
K0W7T6	688	82,14	PF08487;PF13768;	Rhizobium sp. Pop5	6_3	0,43
A0A7X7RZA1	782	75,84	PF08487;PF13768;	Fibrobacter sp	6_3	0,43
A0A814H0R3	708	74,51	PF08487;PF13768;	Rotaria sp. Silwood1	6_3	0,43
A0A1A6BB44	718	85,77	PF08487;PF13768;	Mycobacterium gordonae	6_3	0,42
B4W0X3	744	84,72	PF08487;PF13768;	Coleofasciculus chthonoplastes PCC 7420	6_3	0,41
A0A814V522	583	83,21	PF08487;PF13768;	Rotaria sordida	6_3	0,41
A0A1Q7NKF5	783	82,48	PF08487;PF13768;	Acidobacteria bacterium 13_1_40CM_3_55_6	6_3	0,41
A0A821Z213	828	74,09	PF08487;PF13768;	Rotaria sp. Silwood1	6_3	0,41
A0A3Q0KV65	786	84,36	PF08487;PF13768;	Schistosoma mansoni (Blood fluke)	6_3	0,4
A0A657BDU3	607	84,16	PF08487;PF13768;	Oleiphilus sp. HI0079	6_3	0,4
Q09DT2	843	80,38	PF08487;PF13768;	Stigmatella aurantiaca (strain DW4/3-1)	6_3	0,4
G3IC90	729	75,81	PF08487;PF13768;	Cricetulus griseus (Chinese hamster) (Cricetulus barabensis griseus)	6_3	0,4
X1WBG8	611	90,15	PF08487;PF13768;	Danio rerio (Zebrafish) (Brachydanio rerio)	6_3	0,39
A0PNR0	733	84,91	PF08487;PF13768;	Mycobacterium ulcerans (strain Agy99)	6_3	0,39
A0A2Z5YB31	731	84,21	PF08487;PF13768;	Mycobacterium marinum	6_3	0,39
A0A7Y2C6W0	740	84,16	PF08487;PF13768;	Rhodothermales bacterium	6_3	0,39
A0A671WDX2	781	75,07	PF08487;PF13768;	Sparus aurata (Gilthead sea bream)	6_3	0,39
A0A0Q1BU28	795	74,42	PF08487;PF13768;	Methanoculleus sp. SDB	6_3	0,39
A0A1X1XBZ6	718	85,81	PF08487;PF13768;	Mycobacterium gordonae	6_3	0,38
A0A821E2Y6	708	74,29	PF08487;PF13768;	Rotaria sp. Silwood1	6_3	0,38
A0A854CDN0	640	85,97	PF08487;PF13768;	Alteromonas sp. W12	6_3	0,37
A0A822EVE7	756	76,09	PF08487;PF13768;	Rotaria sp. Silwood1	6_3	0,37
A0A452H9A4	679	74,2	PF08487;PF13768;	Gopherus agassizii (Agassiz's desert tortoise)	6_3	0,37
A0A1W0WV98	785	72,68	PF08487;PF13768;	Hypsibius dujardini (Water bear) (Macrobiotus dujardini)	6_3	0,37
A0A7C5SR04	631	82,39	PF08487;PF13768;	Thiotrichales bacterium	6_3	0,35
A0A673HYM1	608	72,75	PF08487;PF13768;	Sinocyclocheilus rhinocerous	6_3	0,35
K0ELF9	640	87,08	PF08487;PF13768;	Alteromonas macleodii (strain Balearic Sea AD45)	6_3	0,33
U9UE74	671		PF08487;PF13768;	Rhizophagus irregularis (strain DAOM 181602 / DAOM 197198 / MUCL 43194) (Arbuscular mycorrhizal fungus) (Glomus intraradices)	6_3	0,3
A0A7Y7P790	808	76,11	PF03544;PF08487;PF13768;	Bacteroidetes bacterium	6_3	0,92
A0A3M1Z4U2	780	80,66	PF03544;PF08487;PF13768;	Bacteroidetes bacterium	6_3	0,88
A0A0S7BT88	777	79,65	PF03544;PF08487;PF13768;	Lentimicrobium saccharophilum	6_3	0,87
A0A2N3A556	777	79,16	PF03544;PF08487;PF13768;	Bacteroidetes bacterium HGW-Bacteroidetes-11	6_3	0,86
A0A1Q3GSP3	795	78,7	PF03544;PF08487;PF13768;	marine bacterium AO1-C	6_3	0,86
A0A7Y4WY58	897	73,94	PF03544;PF08487;PF13768;	Acidobacteria bacterium	6_3	0,85
A0A7J5W598	779	79,51	PF03544;PF08487;PF13768;	Bacteroidetes bacterium	6_3	0,83
A0A6L4YU74	771	78,33	PF03544;PF08487;PF13768;	Bacteroidetes bacterium	6_3	0,83
A0A349DP69	794	77,94	PF03544;PF08487;PF13768;	Microscillaceae bacterium	6_3	0,83
A0A644UAT6	775	77,28	PF03544;PF08487;PF13768;	bioreactor metagenome	6_3	0,82
A0A2V4A130	784	77,57	PF03544;PF08487;PF13768;	Marinifilum breve	6_3	0,81
A0A7W1VBC6	919	78,38	PF03544;PF08487;PF13768;	Acidobacteria bacterium	6_3	0,8
A0A1W9MMS9	810	77,59	PF03544;PF08487;PF13768;	Desulfobacteraceae bacterium IS3	6_3	0,79
A0A7Y2GHF4	961	74,81	PF03544;PF08487;PF13768;	Pyrinomonadaceae bacterium	6_3	0,79
A0A7C7BN13	804	77,58	PF03544;PF08487;PF13768;	Flavobacteriales bacterium	6_3	0,77
A0A1V5CTX7	777	80,18	PF03544;PF08487;PF13768;	Syntrophorhabdus sp. PtaU1.Bin050	6_3	0,73
A0A661YK43	793	78,15	PF03544;PF08487;PF13768;	Bacteroidetes bacterium	6_3	0,73
A0A850G8M1	858	75,56	PF03544;PF08487;PF13768;	Pseudenhygromyxa sp. WMMC2535	6_3	0,69
A0A1F9D953	782	79,77	PF03544;PF08487;PF13768;	Deltaproteobacteria bacterium RBG_19FT_COMBO_43_11	6_3	0,64
A0A819SA25	946	80,89	PF01436;PF08487;PF13768;	Rotaria sp. Silwood2	6_3	0,72
A0A819M7J1	939	81,47	PF01436;PF08487;PF13768;	Rotaria sp. Silwood2	6_3	0,65
A0A817Z6Z0	939	81,36	PF01436;PF08487;PF13768;	Rotaria sp. Silwood2	6_3	0,61
A0A819U856	936	80,94	PF01436;PF08487;PF13768;	Rotaria sp. Silwood2	6_3	0,6
A0A818V019	1205	72,11	PF01436;PF08487;PF13768;	Rotaria sp. Silwood1	6_3	0,56
A0A817DQR9	936	80,24	PF01436;PF08487;PF13768;	Rotaria sp. Silwood2	6_3	0,5
A0A820DFK0	821	73,95	PF01129;PF08487;PF13768;	Rotaria magnacalcarata	6_3	0,74
A0A820CBR3	821	73,51	PF01129;PF08487;PF13768;	Rotaria magnacalcarata	6_3	0,69
A0A816SGG4	831	72,39	PF01129;PF08487;PF13768;	Rotaria magnacalcarata	6_3	0,66
A0A814HQT0	834	75,3	PF00957;PF08487;PF13768;	Adineta steineri	6_3	0,73
A0A817U700	859	74,84	PF00957;PF08487;PF13768;	Rotaria socialis	6_3	0,69
A0A817UGP9	859	74,59	PF00957;PF08487;PF13768;	Rotaria socialis	6_3	0,69
A0A820BF20	837	72,97	PF00957;PF08487;PF13768;	Rotaria socialis	6_3	0,68
A0A819BHW2	837	72,28	PF00957;PF08487;PF13768;	Rotaria magnacalcarata	6_3	0,68
A0A816KL18	859	73,28	PF00957;PF08487;PF13768;	Rotaria magnacalcarata	6_3	0,67
A0A814FAE3	834	75,8	PF00957;PF08487;PF13768;	Adineta steineri	6_3	0,66
A0A816LSF0	859	73,73	PF00957;PF08487;PF13768;	Rotaria magnacalcarata	6_3	0,65
A0A821AL37	837	71,87	PF00957;PF08487;PF13768;	Rotaria socialis	6_3	0,65
A0A813YAK3	834	75,71	PF00957;PF08487;PF13768;	Adineta steineri	6_3	0,64
A0A814ZRD5	859	72,36	PF00957;PF08487;PF13768;	Rotaria magnacalcarata	6_3	0,64
A0A813ZEK9	834	75,83	PF00957;PF08487;PF13768;	Adineta steineri	6_3	0,63
A0A814F997	834	76,09	PF00957;PF08487;PF13768;	Adineta steineri	6_3	0,61
A0A815GWE9	822	75,37	PF00957;PF08487;PF13768;	Adineta ricciae (Rotifer)	6_3	0,6
A0A821DDF7	837	74,03	PF00957;PF08487;PF13768;	Rotaria socialis	6_3	0,55
A0A817QBA9	859	75,75	PF00957;PF08487;PF13768;	Rotaria socialis	6_3	0,43
A0A410VF95	757	81,18	PF00746;PF08487;PF13768;	Bradyrhizobium guangdongense	6_3	0,92
A0A7S7UHM5	761	80,33	PF00746;PF08487;PF13768;	Bradyrhizobium sp. CCBAU 53340	6_3	0,89
A0A6P0XAU5	909		PF00707;PF08487;PF13768;	Okeania sp. SIO2D1	6_3	0,88
A0A846ES63	883	81,45	PF00707;PF08487;PF13768;	Okeania sp. SIO1H5	6_3	0,86
A0A6B3P487	883	81,36	PF00707;PF08487;PF13768;	Okeania sp. SIO1F9	6_3	0,84
A0A3N6RLM2	883	81,32	PF00707;PF08487;PF13768;	Okeania hirsuta	6_3	0,84
A0A846AJX6	883	80,77	PF00707;PF08487;PF13768;	Okeania sp. SIO2C9	6_3	0,83
A0A6P0NZ43	897	80,95	PF00707;PF08487;PF13768;	Okeania sp. SIO2C2	6_3	0,77
A0A496VSH8	861		PF00691;PF08487;PF13768;	Gammaproteobacteria bacterium	6_3	0,84
A0A090ALM5	855	81,56	PF00691;PF08487;PF13768;	Thioploca ingrica	6_3	0,83
A0A496VMW1	838	81,33	PF00691;PF08487;PF13768;	Gammaproteobacteria bacterium	6_3	0,72
A0A661CEW8	836	82,64	PF00691;PF08487;PF13768;	Gammaproteobacteria bacterium	6_3	0,71
A0A836S8Z6	840	79,24	PF00691;PF08487;PF13768;	Thiotrichaceae bacterium	6_3	0,58
A0A6P0MVE6	959	79,31	PF00498;PF08487;PF13768;	Symploca sp. SIO2C1	6_3	0,8
B4VXM6	928	81,59	PF00498;PF08487;PF13768;	Coleofasciculus chthonoplastes PCC 7420	6_3	0,79
A0A846BM93	932	80,69	PF00498;PF08487;PF13768;	Symploca sp. SIO1B1	6_3	0,74
A0A4U1IVL0	965	76,82	PF00498;PF08487;PF13768;	Polyangium fumosum	6_3	0,74
A0A6P0VD07	932	80,96	PF00498;PF08487;PF13768;	Symploca sp. SIO1C2	6_3	0,66
A0A6P0VR16	933	80,72	PF00498;PF08487;PF13768;	Symploca sp. SIO1A3	6_3	0,65
A0A3D1P8K4	1013	80,19	PF00069;PF08487;PF13768;	Cyanobacteria bacterium UBA11049	6_3	0,91
K9WBA9	1016	80,81	PF00069;PF08487;PF13768;	Allocoleopsis franciscana PCC 7113	6_3	0,87
B4VT64	1037	72,64	PF00069;PF08487;PF13768;	Coleofasciculus chthonoplastes PCC 7420	6_3	0,87
A0A6P0K910	1002	75,69	PF00069;PF08487;PF13768;	Symploca sp. SIO3C6	6_3	0,86
A0A6L9ZKF1	1014	75,28	PF00069;PF08487;PF13768;	Okeania sp. SIO3B5	6_3	0,84
A0A7C9TS28	1023	78,03	PF00069;PF08487;PF13768;	Oscillatoria sp. SIO1A7	6_3	0,83
A0A352AS14	993	76,65	PF00069;PF08487;PF13768;	Cyanobacteria bacterium UBA9273	6_3	0,82
A0A7C3VFZ4	1003	78,17	PF00069;PF08487;PF13768;	Planktothricoides sp. SpSt-374	6_3	0,81
A0A6M0EKX3	1002	75,18	PF00069;PF08487;PF13768;	Symploca sp. SIO2B6	6_3	0,81
K9PVD5	1034	74,68	PF00069;PF08487;PF13768;	Leptolyngbya sp. PCC 7376	6_3	0,78
A0A1Q4R1J8	1032	72,82	PF00069;PF08487;PF13768;	Limnothrix rosea IAM M-220	6_3	0,78
A0A846AIP6	1015	74,89	PF00069;PF08487;PF13768;	Okeania sp. SIO2C9	6_3	0,69
A0A6M0FEG4	1014	74,06	PF00069;PF08487;PF13768;	Okeania sp. SIO1I7	6_3	0,68
A0A815DXX1	1017	73,51	PF00069;PF08487;PF13768;	Rotaria sordida	6_3	0,65